time_ms,time_s,xF,cleanHeart,existingHeartTemplateEnhanced,detailPreservingHeart
1783943674274,0.000000,-517.926800,-12.054839,0.113992,7.424160
1783943674294,0.020000,-522.428400,-13.009557,0.133519,-7.430044
1783943674314,0.040000,-530.162660,-14.304787,0.140360,-20.392056
1783943674334,0.060000,-542.785340,-16.615030,0.134420,-27.263439
1783943674354,0.080000,-523.201540,-20.211357,0.125574,-25.207214
1783943674374,0.100000,-502.118070,-24.934950,0.115489,-16.609588
1783943674394,0.120000,-502.595400,-30.181475,0.115260,-7.209711
1783943674414,0.140000,-480.749630,-34.969807,0.120269,-1.908107
1783943674434,0.160000,-469.159550,-38.206080,0.136163,-2.257412
1783943674454,0.180000,-472.657380,-39.064070,0.160175,-5.261601
1783943674474,0.200000,-468.416630,-37.282494,0.181196,-5.442762
1783943674494,0.220000,-451.983400,-33.244186,0.993543,-0.779959
1783943674514,0.240000,-435.003780,-27.806776,0.994706,4.682699
1783943674534,0.260000,-427.977570,-21.947184,0.953257,6.137424
1783943674554,0.280000,-429.623540,-16.423557,0.864553,3.887481
1783943674574,0.300000,-419.335240,-11.673298,0.747961,1.514008
1783943674594,0.320000,-414.832340,-7.926979,0.611650,-0.087032
1783943674614,0.340000,-401.154800,-5.323588,0.474589,-3.777920
1783943674634,0.360000,-418.765350,-3.916813,0.340967,-11.731936
1783943674654,0.380000,-404.913540,-3.660421,0.220025,-22.324169
1783943674674,0.400000,-417.415220,-4.452501,0.107332,-31.453250
1783943674694,0.420000,-406.742920,-6.184049,-0.427138,-35.458495
1783943674714,0.440000,-400.297600,-8.710827,-0.498255,-32.900058
1783943674734,0.460000,-377.848080,-11.755089,-0.554761,-24.630470
1783943674754,0.480000,-366.063960,-14.821899,-0.593418,-12.968541
1783943674774,0.500000,-341.269650,-17.214233,-0.610135,-1.282031
1783943674794,0.520000,-327.612640,-18.177797,-0.605252,6.637589
1783943674814,0.540000,-309.916380,-17.129288,-0.587073,9.109705
1783943674834,0.560000,-311.584140,-13.870940,-0.562385,9.186267
1783943674854,0.580000,-292.008540,-8.707194,-0.535883,12.929885
1783943674874,0.600000,-282.437620,-2.401546,-0.508412,23.439988
1783943674894,0.620000,-248.304020,4.055535,-0.475245,37.027359
1783943674914,0.640000,-236.247070,9.795776,-0.434440,46.460587
1783943674934,0.660000,-226.614840,14.341361,-0.382305,47.746849
1783943674954,0.680000,-224.199400,17.607344,-0.310415,42.672152
1783943674974,0.700000,-221.902800,19.662600,-0.226606,35.252645
1783943674994,0.720000,-219.036040,20.473375,-0.137386,27.666720
1783943675014,0.740000,-214.725500,19.839250,-0.048856,20.234227
1783943675034,0.760000,-221.218250,17.530647,0.027993,13.624924
1783943675054,0.780000,-204.591300,13.478894,0.088958,9.323804
1783943675074,0.800000,-205.430950,7.898293,0.133324,8.134819
1783943675094,0.820000,-187.483960,1.310565,0.161050,9.107364
1783943675114,0.840000,-180.421230,-5.518545,0.178345,9.996434
1783943675134,0.860000,-165.419480,-11.717216,0.194343,8.729322
1783943675154,0.880000,-165.840820,-16.496908,0.215739,4.503740
1783943675174,0.900000,-155.526060,-19.342730,0.251024,-2.463279
1783943675194,0.920000,-151.430970,-20.136900,0.294721,-11.516309
1783943675214,0.940000,-152.125840,-19.160913,0.349077,-21.440753
1783943675234,0.960000,-149.529740,-16.980707,0.409274,-30.762176
1783943675254,0.980000,-136.969760,-14.269795,0.458698,-38.667498
1783943675274,1.000000,-133.434370,-11.621040,0.998405,-44.677931
1783943675294,1.020000,-121.263810,-9.391244,0.991120,-47.496779
1783943675314,1.040000,-103.531310,-7.629103,0.935221,-45.509849
1783943675334,1.060000,-77.618970,-6.101458,0.826537,-38.624790
1783943675354,1.080000,-59.579082,-4.378892,0.690051,-29.037111
1783943675374,1.100000,-21.279552,-1.944876,0.531363,-20.006757
1783943675394,1.120000,-7.897538,1.671758,0.371766,-13.653639
1783943675414,1.140000,17.715416,6.740260,0.218618,-10.008014
1783943675434,1.160000,34.414620,13.185787,0.077999,-8.334591
1783943675454,1.180000,61.588814,20.534819,-0.431192,-8.180411
1783943675474,1.200000,73.553640,28.001778,-0.479876,-8.258134
1783943675494,1.220000,96.253685,34.688540,-0.511176,-6.212034
1783943675514,1.240000,114.538410,39.797047,-0.522765,-1.624138
1783943675534,1.260000,151.822560,42.788807,-0.511968,2.219687
1783943675554,1.280000,165.622340,43.488667,-0.481151,2.364761
1783943675574,1.300000,178.987460,42.096104,-0.442222,0.951469
1783943675594,1.320000,200.270770,39.047840,-0.405722,2.746435
1783943675614,1.340000,236.214540,34.807476,-0.376564,8.562264
1783943675634,1.360000,252.132230,29.759924,-0.363369,14.291503
1783943675654,1.380000,280.781500,24.255950,-0.356166,16.345352
1783943675674,1.400000,291.263120,18.660295,-0.351921,15.525501
1783943675694,1.420000,313.300780,13.283359,-0.343030,15.026080
1783943675714,1.440000,331.224670,8.266507,-0.318092,16.440969
1783943675734,1.460000,363.237820,3.566923,-0.277879,19.269955
1783943675754,1.480000,364.999450,-0.934223,-0.228153,23.138279
1783943675774,1.500000,400.359200,-5.310759,-0.172617,27.627317
1783943675794,1.520000,411.886020,-9.548358,-0.118110,30.051032
1783943675814,1.540000,433.537540,-13.567912,-0.068413,26.614060
1783943675834,1.560000,427.961000,-17.277208,-0.023951,16.736276
1783943675854,1.580000,432.643100,-20.657960,0.016470,4.157616
1783943675874,1.600000,435.362340,-23.867426,0.058126,-6.983248
1783943675894,1.620000,441.119700,-27.242126,0.109155,-15.642372
1783943675914,1.640000,442.291630,-31.138098,0.171326,-22.995906
1783943675934,1.660000,446.189000,-35.710087,0.249305,-29.365643
1783943675954,1.680000,457.954070,-40.786453,0.333866,-32.298597
1783943675974,1.700000,471.239350,-45.884170,0.423793,-27.201503
1783943675994,1.720000,481.224800,-50.307056,0.510712,-11.360633
1783943676014,1.740000,530.753700,-53.264790,0.576102,11.193376
1783943676034,1.760000,548.470000,-53.970303,0.996854,30.707721
1783943676054,1.780000,561.454160,-51.739690,0.991217,39.308802
1783943676074,1.800000,558.831670,-46.189167,0.932069,36.508944
1783943676094,1.820000,567.520500,-37.527554,0.813488,27.647137
1783943676114,1.840000,545.099300,-26.744009,0.663236,19.082351
1783943676134,1.860000,553.607700,-15.474650,0.491239,14.023628
1783943676154,1.880000,544.391700,-5.556140,0.321892,10.745417
1783943676174,1.900000,548.272500,1.519924,0.161510,5.244626
1783943676194,1.920000,533.647460,5.010042,0.018075,-3.284168
1783943676214,1.940000,524.337650,5.018009,-0.106434,-10.602903
1783943676234,1.960000,520.151200,2.285876,-0.210573,-12.262414
1783943676254,1.980000,526.635500,-2.136622,-0.297717,-9.303680
1783943676274,2.000000,523.762200,-7.131280,-0.542674,-7.372097
1783943676294,2.020000,517.517150,-11.629483,-0.608360,-10.421932
1783943676314,2.040000,503.813000,-14.730629,-0.643686,-16.903101
1783943676334,2.060000,496.909300,-15.880975,-0.650752,-22.245044
1783943676354,2.080000,491.257570,-15.004207,-0.614537,-23.482622
1783943676374,2.100000,491.744720,-12.443416,-0.558252,-20.759359
1783943676394,2.120000,482.525880,-8.729584,-0.489301,-15.791027
1783943676414,2.140000,493.075320,-4.333069,-0.425829,-10.276645
1783943676434,2.160000,484.982500,0.469612,-0.376252,-5.109087
1783943676454,2.180000,487.763800,5.589256,-0.343161,-0.146177
1783943676474,2.200000,479.401300,11.022541,-0.320397,4.873256
1783943676494,2.220000,490.280700,16.728468,-0.301689,9.164277
1783943676514,2.240000,471.653750,22.555145,-0.277282,11.223980
1783943676534,2.260000,470.075560,28.234985,-0.236824,9.880280
1783943676554,2.280000,457.735000,33.410114,-0.187717,5.063228
1783943676574,2.300000,450.989720,37.670357,-0.131325,-0.912693
1783943676594,2.320000,427.482420,40.618748,-0.074194,-3.292440
1783943676614,2.340000,433.204530,41.958290,-0.021985,1.105298
1783943676634,2.360000,435.041630,41.586967,0.024093,9.745678
1783943676654,2.380000,441.109130,39.701183,0.063204,16.763532
1783943676674,2.400000,422.934000,36.842136,0.101638,19.044899
1783943676694,2.420000,422.456180,33.760315,0.146688,17.119866
1783943676714,2.440000,402.655700,31.104784,0.204962,10.778129
1783943676734,2.460000,397.951300,29.142736,0.280286,-1.776774
1783943676754,2.480000,364.220520,27.694769,0.366902,-18.630882
1783943676774,2.500000,343.414000,26.260134,0.461664,-31.696018
1783943676794,2.520000,331.815670,24.208307,0.556814,-33.605474
1783943676814,2.540000,344.341800,21.014126,0.631544,-25.886963
1783943676834,2.560000,346.696350,16.554052,0.997753,-16.457372
1783943676854,2.580000,345.978800,11.330489,0.990037,-9.545995
1783943676874,2.600000,332.226000,6.385143,-0.542674,-2.556530
1783943676894,2.620000,359.034500,2.869906,-0.608360,6.533178
1783943676914,2.640000,345.127200,1.575719,-0.643686,13.720962
1783943676934,2.660000,354.849200,2.718604,-0.650752,13.811231
1783943676954,2.680000,328.501250,5.976259,-0.614537,7.843467
1783943676974,2.700000,326.289120,10.593249,-0.558252,2.385499
1783943676994,2.720000,312.747500,15.497386,-0.489301,1.825307
1783943677014,2.740000,327.829100,19.525114,-0.425829,4.162246
1783943677034,2.760000,311.754460,21.767600,-0.376252,5.566790
1783943677054,2.780000,312.114800,21.855050,-0.343161,6.255410
1783943677074,2.800000,300.850460,19.983030,-0.320397,8.899085
1783943677094,2.820000,322.482100,16.702694,-0.301689,13.146372
1783943677114,2.840000,301.909300,12.682122,-0.277282,15.414282
1783943677134,2.860000,308.862900,8.558908,-0.236824,13.562105
1783943677154,2.880000,290.591740,4.829575,-0.187717,9.034925
1783943677174,2.900000,290.918270,1.733280,-0.131325,4.523552
1783943677194,2.920000,280.403780,-0.794520,-0.074194,1.483134
1783943677214,2.940000,283.604950,-3.024518,-0.021985,0.199160
1783943677234,2.960000,266.017760,-5.250016,0.024093,0.337708
1783943677254,2.980000,277.419280,-7.640282,0.063204,-0.012822
1783943677274,3.000000,261.586550,-10.189418,0.101638,-4.293319
1783943677294,3.020000,259.214000,-12.751023,0.146688,-14.046756
1783943677314,3.040000,229.718580,-15.137539,0.204962,-25.761961
1783943677334,3.060000,237.036160,-17.249376,0.280286,-32.839242
1783943677354,3.080000,217.469180,-19.143015,0.366902,-31.282636
1783943677374,3.100000,241.015840,-20.946804,0.461664,-23.194356
1783943677394,3.120000,237.974300,-22.656141,0.556814,-14.416436
1783943677414,3.140000,242.268550,-23.979017,0.631544,-8.874596
1783943677434,3.160000,242.288060,-24.393875,0.997753,-5.533316
1783943677454,3.180000,251.430200,-23.399065,0.990037,-0.309061
1783943677474,3.200000,244.359770,-20.772848,0.923342,9.475223
1783943677494,3.220000,269.752140,-16.671625,0.797362,21.706725
1783943677514,3.240000,267.197020,-11.531016,0.639276,30.397601
1783943677534,3.260000,267.715760,-5.885166,0.463883,30.721593
1783943677554,3.280000,254.279300,-0.260143,0.293954,23.132587
1783943677574,3.300000,246.543850,4.800996,0.135414,12.573430
1783943677594,3.320000,222.090940,8.669923,-0.008393,4.075575
1783943677614,3.340000,230.655900,10.670615,-0.137846,-0.834507
1783943677634,3.360000,213.464450,10.275672,-0.254929,-3.312235
1783943677654,3.380000,219.065280,7.355452,-0.359562,-3.644243
1783943677674,3.400000,197.734760,2.305722,-0.542674,-0.761521
1783943677694,3.420000,227.672590,-4.035048,-0.608360,4.594205
1783943677714,3.440000,205.060530,-10.603389,-0.643686,9.002180
1783943677734,3.460000,216.283680,-16.343843,-0.650752,9.430708
1783943677754,3.480000,191.358100,-20.429245,-0.614537,5.368554
1783943677774,3.500000,201.830020,-22.458963,-0.558252,-1.841915
1783943677794,3.520000,164.797100,-22.553154,-0.489301,-10.071055
1783943677814,3.540000,169.795820,-21.275232,-0.425829,-17.240031
1783943677834,3.560000,150.442840,-19.417625,-0.376252,-22.043003
1783943677854,3.580000,153.149260,-17.732935,-0.343161,-23.517240
1783943677874,3.600000,133.699130,-16.695276,-0.320397,-20.630307
1783943677894,3.620000,154.052860,-16.375175,-0.301689,-13.683146
1783943677914,3.640000,139.734680,-16.459711,-0.277282,-5.466636
1783943677934,3.660000,152.493410,-16.382400,-0.236824,0.366712
1783943677954,3.680000,136.061340,-15.519099,-0.187717,2.412739
1783943677974,3.700000,148.077640,-13.411720,-0.131325,3.057040
1783943677994,3.720000,115.083620,-9.949265,-0.074194,6.272736
1783943678014,3.740000,143.831180,-5.421650,-0.021985,13.010688
1783943678034,3.760000,130.735470,-0.398424,0.024093,20.008559
1783943678054,3.780000,133.322750,4.516726,0.063204,23.911560
1783943678074,3.800000,107.677800,8.885777,0.101638,23.999240
1783943678094,3.820000,125.952440,12.454797,0.146688,20.414614
1783943678114,3.840000,89.716370,15.051488,0.204962,13.666786
1783943678134,3.860000,89.202545,16.515350,0.280286,6.616770
1783943678154,3.880000,57.692055,16.699150,0.366902,2.843037
1783943678174,3.900000,73.530975,15.500144,0.461664,1.977517
1783943678194,3.920000,51.182705,12.939060,0.556814,0.023947
1783943678214,3.940000,43.389763,9.273398,0.631544,-4.832825
1783943678234,3.960000,20.831955,5.007292,0.997753,-9.561383
1783943678254,3.980000,30.731895,0.735246,0.990037,-9.986985
1783943678274,4.000000,11.525336,-3.036669,0.923342,-4.943426
1783943678294,4.020000,26.464685,-5.938219,0.797362,3.240748
1783943678314,4.040000,13.504924,-7.677741,0.639276,10.465134
1783943678334,4.060000,25.045227,-8.009946,0.463883,13.167506
1783943678354,4.080000,-0.436137,-6.790798,0.293954,10.449765
1783943678374,4.100000,2.262280,-4.088733,0.135414,4.283233
1783943678394,4.120000,-29.416431,-0.281460,-0.542674,-2.760046
1783943678414,4.140000,-19.991207,3.949875,-0.608360,-9.489308
1783943678434,4.160000,-47.836360,7.781085,-0.643686,-15.179644
1783943678454,4.180000,-46.949234,10.498706,-0.650752,-18.030981
1783943678474,4.200000,-64.534256,11.706871,-0.614537,-16.757565
1783943678494,4.220000,-42.875560,11.408788,-0.558252,-13.138082
1783943678514,4.240000,-69.910126,9.983323,-0.489301,-10.613196
1783943678534,4.260000,-50.385290,8.078458,-0.425829,-10.239086
1783943678554,4.280000,-76.889830,6.416121,-0.376252,-9.589736
1783943678574,4.300000,-60.894962,5.554269,-0.343161,-5.996718
1783943678594,4.320000,-66.013520,5.734438,-0.320397,0.093090
1783943678614,4.340000,-59.916588,6.902773,-0.301689,5.539252
1783943678634,4.360000,-68.627080,8.837541,-0.277282,7.609319
1783943678654,4.380000,-59.420620,11.254903,-0.236824,6.133820
1783943678674,4.400000,-86.467320,13.834201,-0.187717,2.810313
1783943678694,4.420000,-76.257805,16.193848,-0.131325,-1.658967
1783943678714,4.440000,-99.695750,17.893316,-0.074194,-9.055457
1783943678734,4.460000,-97.510910,18.500257,-0.021985,-20.702766
1783943678754,4.480000,-136.275680,17.688509,0.024093,-33.456185
1783943678774,4.500000,-126.856735,15.298614,0.063204,-40.894119
1783943678794,4.520000,-147.749240,11.353524,0.101638,-39.156972
1783943678814,4.540000,-121.739290,6.102123,0.146688,-30.377374
1783943678834,4.560000,-132.887480,0.107645,0.204962,-19.823344
1783943678854,4.580000,-114.113080,-5.735937,0.280286,-10.583398
1783943678874,4.600000,-125.419945,-10.379172,0.366902,-1.734367
1783943678894,4.620000,-101.100860,-12.936127,0.461664,9.107966
1783943678914,4.640000,-109.853806,-12.959651,0.556814,22.375409
1783943678934,4.660000,-92.868600,-10.530293,0.631544,34.904748
1783943678954,4.680000,-99.308700,-6.169087,0.997753,41.059569
1783943678974,4.700000,-97.873460,-0.677662,0.990037,37.018281
1783943678994,4.720000,-136.279860,4.994062,-0.595071,25.288427
1783943679014,4.740000,-130.497500,9.819760,-0.638325,14.064673
1783943679034,4.760000,-175.282670,12.769465,-0.651225,10.576149
1783943679054,4.780000,-145.199260,12.980401,-0.635710,14.672866
1783943679074,4.800000,-171.671600,10.045136,-0.584641,19.785076
1783943679094,4.820000,-168.874190,4.259080,-0.517752,20.275832
1783943679114,4.840000,-195.665500,-3.405388,-0.445557,16.473652
1783943679134,4.860000,-195.342440,-11.644858,-0.385446,12.566021
1783943679154,4.880000,-226.628590,-19.283766,-0.343000,11.438106
1783943679174,4.900000,-214.555180,-25.568354,-0.322420,12.290760
1783943679194,4.920000,-248.995510,-30.187560,-0.316000,12.590078
1783943679214,4.940000,-242.317110,-33.129944,-0.313428,11.356144
1783943679234,4.960000,-279.163540,-34.535343,-0.303877,9.814269
1783943679254,4.980000,-270.654570,-34.617780,-0.271871,9.169494
1783943679274,5.000000,-304.775050,-33.635044,-0.225430,8.813566
1783943679294,5.020000,-300.765750,-31.851334,-0.164907,6.999802
1783943679314,5.040000,-339.464000,-29.496780,-0.097349,2.547287
1783943679334,5.060000,-341.914900,-26.762903,-0.030846,-4.548420
1783943679354,5.080000,-383.948030,-23.837265,0.032816,-13.386377
1783943679374,5.100000,-381.047800,-20.930668,0.090111,-21.847937
1783943679394,5.120000,-429.682430,-18.254263,0.145253,-26.441150
1783943679414,5.140000,-416.956900,-15.955434,0.206221,-24.444350
1783943679434,5.160000,-440.461670,-14.037908,0.278342,-16.723905
1783943679454,5.180000,-423.585750,-12.282974,0.365285,-7.099410
1783943679474,5.200000,-456.844120,-10.227090,0.459220,1.027081
1783943679494,5.220000,-432.098630,-7.273507,0.560692,6.410369
1783943679514,5.240000,-471.867860,-2.927680,0.658088,9.215822
1783943679534,5.260000,-456.918670,2.969045,0.735317,9.924482
1783943679554,5.280000,-488.152770,10.138114,0.998338,8.953542
1783943679574,5.300000,-485.701350,17.927130,0.990109,6.697003
1783943679594,5.320000,-517.514100,25.481659,0.918864,3.443322
1783943679614,5.340000,-501.276180,31.957214,0.785673,-0.432490
1783943679634,5.360000,-547.455260,36.711422,0.613753,-3.930855
1783943679654,5.380000,-531.210270,39.416462,0.420671,-6.265958
1783943679674,5.400000,-555.226500,40.073780,0.233097,-8.364310
1783943679694,5.420000,-548.479500,38.966553,0.054914,-11.689944
1783943679714,5.440000,-581.476600,36.579235,-0.100274,-15.780627
1783943679734,5.460000,-563.379000,33.478104,-0.236676,-18.789588
1783943679754,5.480000,-591.541930,30.172485,-0.351384,-19.900436
1783943679774,5.500000,-569.118300,27.035013,-0.448548,-19.591821
1783943679794,5.520000,-594.422100,24.318075,-0.529646,-18.136608
1783943679814,5.540000,-573.455440,22.198471,-0.595071,-15.621471
1783943679834,5.560000,-591.099240,20.784185,-0.638325,-13.454695
1783943679854,5.580000,-562.356800,20.101683,-0.651225,-13.858865
1783943679874,5.600000,-600.480000,20.092255,-0.635710,-17.046455
1783943679894,5.620000,-569.681200,20.597694,-0.584641,-20.436811
1783943679914,5.640000,-593.830570,21.338057,-0.518856,-21.381354
1783943679934,5.660000,-570.566160,21.939692,-0.527025,-19.725268
1783943679954,5.680000,-579.235400,22.045784,-0.521996,-17.422005
1783943679974,5.700000,-557.988160,21.452333,-0.504420,-16.036265
1783943679994,5.720000,-576.256100,20.165482,-0.469463,-14.897370
1783943680014,5.740000,-538.417850,18.348166,-0.424377,-11.739689
1783943680034,5.760000,-558.959840,16.220953,-0.373878,-4.821100
1783943680054,5.780000,-514.522340,13.991782,-0.331569,5.403392
1783943680074,5.800000,-523.409100,11.844882,-0.302031,16.254125
1783943680094,5.820000,-484.390720,9.956792,-0.291046,24.957245
1783943680114,5.840000,-497.942800,8.483032,-0.295612,31.233945
1783943680134,5.860000,-462.031430,7.495903,-0.305445,37.297653
1783943680154,5.880000,-474.339940,6.907687,-0.311312,44.930917
1783943680174,5.900000,-433.733460,6.453499,-0.298225,52.892707
1783943680194,5.920000,-447.659120,5.773916,-0.273143,57.665029
1783943680214,5.940000,-420.362300,4.538537,-0.233660,56.565614
1783943680234,5.960000,-447.982670,2.507357,-0.184658,49.534075
1783943680254,5.980000,-425.017330,-0.504607,-0.131029,38.128265
1783943680274,6.000000,-464.220920,-4.691620,-0.073577,23.781176
1783943680294,6.020000,-446.604340,-10.263510,-0.015753,7.391152
1783943680314,6.040000,-485.097930,-17.372620,0.047630,-9.623999
1783943680334,6.060000,-466.464100,-26.002367,0.122156,-24.250832
1783943680354,6.080000,-506.346370,-35.874350,0.217598,-33.055136
1783943680374,6.100000,-469.248900,-46.412273,0.333404,-35.387151
1783943680394,6.120000,-489.870120,-56.761340,0.457971,-34.162572
1783943680414,6.140000,-459.081730,-65.853390,0.589521,-32.116908
1783943680434,6.160000,-481.425230,-72.549965,0.710291,-28.726867
1783943680454,6.180000,-445.037080,-75.884010,0.804801,-22.366071
1783943680474,6.200000,-450.375600,-75.307090,0.998626,-13.817428
1783943680494,6.220000,-419.322880,-70.791405,0.990710,-5.673938
1783943680514,6.240000,-436.801030,-62.765620,0.921409,0.302273
1783943680534,6.260000,-402.071840,-51.999740,0.788184,3.177378
1783943680554,6.280000,-425.860200,-39.510440,0.609138,1.513266
1783943680574,6.300000,-403.530120,-26.460464,0.401978,-5.422193
1783943680594,6.320000,-432.428770,-14.028350,0.197937,-14.945689
1783943680614,6.340000,-416.302430,-3.275341,0.003391,-21.434788
1783943680634,6.360000,-441.090270,4.970801,-0.158198,-21.083179
1783943680654,6.380000,-385.756040,10.248079,-0.291348,-15.155173
1783943680674,6.400000,-420.387270,12.615399,-0.386745,-7.001127
1783943680694,6.420000,-373.772200,12.715054,-0.520109,2.193910
1783943680714,6.440000,-385.273500,11.616783,-0.514874,12.426798
1783943680734,6.460000,-346.822700,10.486834,-0.496783,21.679545
1783943680754,6.480000,-361.452600,10.261204,-0.467850,26.491930
1783943680774,6.500000,-331.191160,11.449196,-0.423087,25.669679
1783943680794,6.520000,-358.930600,14.056806,-0.371324,22.196354
1783943680814,6.540000,-329.040220,17.605532,-0.317600,20.664866
1783943680834,6.560000,-343.745500,21.279488,-0.277584,22.948013
1783943680854,6.580000,-308.601800,24.202484,-0.256276,27.100386
1783943680874,6.600000,-324.044370,25.750448,-0.258772,30.109529
1783943680894,6.620000,-296.197700,25.740232,-0.280926,30.272353
1783943680914,6.640000,-314.362500,24.392874,-0.310097,26.867563
1783943680934,6.660000,-281.286160,22.132349,-0.333712,19.505174
1783943680954,6.680000,-325.270940,19.367094,-0.333821,8.706201
1783943680974,6.700000,-288.924700,16.341557,-0.313568,-4.130622
1783943680994,6.720000,-324.771480,13.088085,-0.270571,-17.497084
1783943681014,6.740000,-296.779420,9.492449,-0.209759,-29.574293
1783943681034,6.760000,-331.208860,5.437703,-0.138622,-38.274067
1783943681054,6.780000,-283.202850,0.945318,-0.059708,-42.525143
1783943681074,6.800000,-304.818180,-3.738138,0.019304,-42.317329
1783943681094,6.820000,-261.125600,-8.115087,0.101224,-37.306985
1783943681114,6.840000,-263.100800,-11.492986,0.192043,-27.350593
1783943681134,6.860000,-210.674360,-13.130849,0.302702,-14.588640
1783943681154,6.880000,-202.272770,-12.413281,0.429346,-2.904862
1783943681174,6.900000,-164.049200,-8.986115,0.566442,5.184731
1783943681194,6.920000,-164.227140,-2.866538,0.714661,9.579866
1783943681214,6.940000,-118.681570,5.466954,0.851996,10.629578
1783943681234,6.960000,-130.932330,15.080986,0.966268,8.294206
1783943681254,6.980000,-87.460570,24.743706,0.863371,3.836604
1783943681274,7.000000,-107.565704,33.175438,0.853209,0.449498
1783943681294,7.020000,-48.255806,39.293835,0.784473,0.837553
1783943681314,7.040000,-64.754940,42.411373,0.657019,4.489476
1783943681334,7.060000,-1.271408,42.368970,0.487273,7.831751
1783943681354,7.080000,-17.811888,39.552310,0.292729,7.293795
1783943681374,7.100000,34.687557,34.745270,0.103097,2.695118
1783943681394,7.120000,17.078493,28.856323,-0.076627,-2.264420
1783943681414,7.140000,69.597290,22.642470,-0.224030,-3.766936
1783943681434,7.160000,55.540268,16.558699,-0.344324,-3.096668
1783943681454,7.180000,111.612946,10.778501,-0.426908,-6.827670
1783943681474,7.200000,109.875970,5.333819,-0.481074,-18.711850
1783943681494,7.220000,108.550095,0.238913,-0.509707,-32.312915
1783943681514,7.240000,119.308334,-4.530323,-0.520109,-36.900810
1783943681534,7.260000,182.083470,-9.115928,-0.514874,-30.267401
1783943681554,7.280000,182.327910,-13.680148,-0.496783,-20.086296
1783943681574,7.300000,231.478590,-18.131641,-0.495867,-13.585030
1783943681594,7.320000,230.240450,-21.994558,-0.503650,-11.288486
1783943681614,7.340000,285.455200,-24.629457,-0.509472,-9.767244
1783943681634,7.360000,277.911160,-25.600515,-0.515712,-5.756368
1783943681654,7.380000,334.305630,-24.873503,-0.518002,2.183714
1783943681674,7.400000,332.528700,-22.779710,-0.515162,12.643012
1783943681694,7.420000,396.943360,-19.847227,-0.498645,21.368931
1783943681714,7.440000,378.843000,-16.608488,-0.477915,24.101754
1783943681734,7.460000,428.262300,-13.490734,-0.451909,20.331143
1783943681754,7.480000,405.786400,-10.843791,-0.428394,14.218599
1783943681774,7.500000,445.289200,-9.035412,-0.410162,11.655626
1783943681794,7.520000,437.944700,-8.473418,-0.395454,15.804111
1783943681814,7.540000,489.630370,-9.476886,-0.381259,24.893520
1783943681834,7.560000,478.257700,-12.068315,-0.356458,33.954388
1783943681854,7.580000,526.973000,-15.854477,-0.321334,38.297590
1783943681874,7.600000,501.105220,-20.119299,-0.270825,35.830483
1783943681894,7.620000,532.497700,-24.108315,-0.204768,27.586668
1783943681914,7.640000,505.968870,-27.342056,-0.128409,17.316722
1783943681934,7.660000,527.675100,-29.776545,-0.045293,10.104857
1783943681954,7.680000,502.689580,-31.739386,0.037302,9.092875
1783943681974,7.700000,546.946170,-33.687366,0.122046,12.320991
1783943681994,7.720000,520.591800,-35.902966,0.211537,14.147897
1783943682014,7.740000,547.290340,-38.290916,0.316209,10.628461
1783943682034,7.760000,512.062200,-40.411236,0.431518,2.711285
1783943682054,7.780000,536.855470,-41.736027,0.553986,-5.417696
1783943682074,7.800000,503.514220,-41.934120,0.683829,-9.814628
1783943682094,7.820000,527.162200,-40.978283,0.801349,-9.357303
1783943682114,7.840000,506.022060,-39.047127,0.897760,-6.538218
1783943682134,7.860000,534.074300,-36.336500,0.998393,-5.278545
1783943682154,7.880000,501.303600,-32.915604,0.994372,-6.907904
1783943682174,7.900000,515.128540,-28.723910,0.935852,-9.169120
1783943682194,7.920000,495.527920,-23.703577,0.813177,-9.640813
1783943682214,7.940000,517.927100,-17.931503,0.644461,-8.278038
1783943682234,7.960000,481.955400,-11.623343,0.438757,-6.119488
1783943682254,7.980000,515.458500,-5.039432,0.233327,-3.954567
1783943682274,8.000000,472.853760,1.591702,0.032054,-3.372630
1783943682294,8.020000,503.383800,8.082100,-0.401432,-7.183144
1783943682314,8.040000,455.384340,14.259155,-0.432287,-16.738950
1783943682334,8.060000,464.611270,19.928038,-0.465443,-28.941570
1783943682354,8.080000,422.950260,24.825983,-0.498646,-37.509169
1783943682374,8.100000,445.350370,28.628347,-0.524240,-38.032868
1783943682394,8.120000,419.255070,31.072378,-0.540227,-31.409419
1783943682414,8.140000,449.828600,32.164207,-0.537264,-22.285943
1783943682434,8.160000,425.410460,32.318493,-0.524280,-14.444509
1783943682454,8.180000,456.552550,32.291195,-0.500979,-7.559645
1783943682474,8.200000,422.881840,32.915745,-0.474507,1.495957
1783943682494,8.220000,469.519960,34.792340,-0.449012,14.057555
1783943682514,8.240000,443.891600,38.110058,-0.424731,27.157860
1783943682534,8.260000,478.872200,42.670216,-0.399621,35.984975
1783943682554,8.280000,442.684230,48.015625,-0.365279,37.765694
1783943682574,8.300000,466.314330,53.523884,-0.325770,32.849546
1783943682594,8.320000,421.072140,58.431440,-0.277372,23.339084
1783943682614,8.340000,433.398650,61.870210,-0.221109,11.585239
1783943682634,8.360000,390.547500,62.984802,-0.160429,-0.448205
1783943682654,8.380000,403.933780,61.117847,-0.097109,-11.162651
1783943682674,8.400000,357.259200,55.996403,-0.032332,-19.441848
1783943682694,8.420000,386.420040,47.843887,0.040326,-25.032853
1783943682714,8.440000,343.688100,37.379300,0.125403,-28.211288
1783943682734,8.460000,366.202880,25.700735,0.235768,-29.009636
1783943682754,8.480000,343.789580,14.079520,0.362743,-27.211250
1783943682774,8.500000,365.504100,3.727574,0.501928,-22.697039
1783943682794,8.520000,342.177670,-4.394768,0.647157,-15.699928
1783943682814,8.540000,378.009400,-9.691401,0.775978,-7.304699
1783943682834,8.560000,350.301940,-11.963094,0.876783,0.677681
1783943682854,8.580000,386.378270,-11.379729,0.999658,6.941728
1783943682874,8.600000,349.290470,-8.417612,-0.401432,11.467964
1783943682894,8.620000,390.763000,-3.789099,-0.432287,14.966774
1783943682914,8.640000,346.814100,1.642346,-0.465443,18.031781
1783943682934,8.660000,387.700000,6.980985,-0.498646,20.815827
1783943682954,8.680000,346.068940,11.434384,-0.524240,23.047083
1783943682974,8.700000,380.266480,14.424526,-0.540227,24.148326
1783943682994,8.720000,340.025940,15.642201,-0.537264,23.293314
1783943683014,8.740000,363.466500,15.035232,-0.524280,19.391217
1783943683034,8.760000,320.063170,12.738513,-0.500979,11.635379
1783943683054,8.780000,341.229130,8.981046,-0.474507,1.086161
1783943683074,8.800000,287.099150,4.013224,-0.449012,-8.490015
1783943683094,8.820000,308.982240,-1.927795,-0.424731,-13.116176
1783943683114,8.840000,282.308900,-8.598045,-0.399621,-12.401520
1783943683134,8.860000,302.242250,-15.660333,-0.365279,-9.399851
1783943683154,8.880000,274.905270,-22.589582,-0.325770,-6.607851
1783943683174,8.900000,297.783750,-28.683264,-0.277372,-3.552949
1783943683194,8.920000,269.031130,-33.221670,-0.221109,1.466639
1783943683214,8.940000,300.849980,-35.679123,-0.160429,8.353981
1783943683234,8.960000,271.550380,-35.846104,-0.097109,14.652608
1783943683254,8.980000,298.760960,-33.829334,-0.032332,17.876161
1783943683274,9.000000,262.783300,-29.992250,0.040326,17.925859
1783943683294,9.020000,287.630200,-24.893692,0.125403,16.913238
1783943683314,9.040000,243.961760,-19.229208,0.235768,16.435534
1783943683334,9.060000,278.068730,-13.742999,0.362743,15.383074
1783943683354,9.080000,232.793880,-9.095760,0.501928,11.570229
1783943683374,9.100000,253.835050,-5.734230,0.647157,5.663493
1783943683394,9.120000,211.513080,-3.837212,0.775978,1.615480
1783943683414,9.140000,231.875800,-3.357567,0.876783,1.715002
1783943683434,9.160000,208.279140,-4.091741,0.999658,2.406823
1783943683454,9.180000,224.774630,-5.699883,0.992776,-2.574310
1783943683474,9.200000,173.457490,-7.719279,-0.362831,-14.830640
1783943683494,9.220000,185.780980,-9.680690,-0.398396,-28.934478
1783943683514,9.240000,145.754180,-11.302483,-0.430252,-37.417634
1783943683534,9.260000,171.131770,-12.580157,-0.452622,-36.809853
1783943683554,9.280000,137.810240,-13.650224,-0.458479,-29.538929
1783943683574,9.300000,187.010040,-14.528743,-0.440503,-21.231521
1783943683594,9.320000,144.013800,-14.937369,-0.408734,-15.504407
1783943683614,9.340000,185.902950,-14.351747,-0.365755,-10.844993
1783943683634,9.360000,149.681240,-12.244731,-0.322821,-3.366557
1783943683654,9.380000,193.988740,-8.362310,-0.285715,7.313397
1783943683674,9.400000,169.263180,-2.848809,-0.260878,16.088865
1783943683694,9.420000,199.407150,3.830540,-0.244384,16.918593
1783943683714,9.440000,149.428920,11.034493,-0.231615,8.628393
1783943683734,9.460000,170.550260,18.006640,-0.224242,-4.319514
1783943683754,9.480000,128.157780,23.875025,-0.214666,-15.529903
1783943683774,9.500000,140.863100,27.732191,-0.200048,-20.603049
1783943683794,9.520000,116.952670,28.857233,-0.179050,-19.322123
1783943683814,9.540000,147.095830,26.989225,-0.152779,-14.989579
1783943683834,9.560000,118.164050,22.497910,-0.111869,-10.712381
1783943683854,9.580000,145.224980,16.336823,-0.057916,-6.605454
1783943683874,9.600000,115.816090,9.764053,0.015274,-1.607093
1783943683894,9.620000,150.879550,3.953948,0.103951,3.264036
1783943683914,9.640000,120.567535,-0.296906,0.202026,5.804548
1783943683934,9.660000,142.719130,-2.666820,0.304766,6.262407
1783943683954,9.680000,98.993070,-3.276461,0.391646,7.054685
1783943683974,9.700000,140.903430,-2.607335,0.458570,8.444015
1783943683994,9.720000,98.069670,-1.351942,0.994269,7.671237
1783943684014,9.740000,110.805786,-0.198285,0.997234,3.185890
1783943684034,9.760000,72.659424,0.333259,0.944988,-3.071380
1783943684054,9.780000,87.882490,-0.083598,-0.390536,-8.201632
1783943684074,9.800000,45.132750,-1.621523,-0.438951,-11.051837
1783943684094,9.820000,68.906340,-4.295912,-0.483074,-11.874721
1783943684114,9.840000,26.235907,-7.919954,-0.516140,-10.459055
1783943684134,9.860000,52.669067,-12.096672,-0.529084,-5.629885
1783943684154,9.880000,12.948365,-16.278551,-0.511242,3.081607
1783943684174,9.900000,56.855220,-19.864206,-0.469685,14.357983
1783943684194,9.920000,15.277750,-22.285470,-0.406505,26.780000
1783943684214,9.940000,45.314945,-23.080870,-0.333260,40.114584
1783943684234,9.960000,16.362340,-21.986696,-0.257483,53.082436
1783943684254,9.980000,45.316776,-19.022858,-0.190665,61.387798
1783943684274,10.000000,-11.020367,-14.517447,-0.134172,60.447052
1783943684294,10.020000,6.303891,-9.077034,-0.089377,50.121951
1783943684314,10.040000,-67.181465,-3.550441,-0.058039,35.917667
1783943684334,10.060000,-55.085820,1.031867,-0.034795,24.887643
1783943684354,10.080000,-116.893814,3.626702,-0.018948,19.443379
1783943684374,10.100000,-98.369280,3.469048,-0.011047,15.225544
1783943684394,10.120000,-153.179750,0.367291,-0.010301,6.270636
1783943684414,10.140000,-164.532100,-5.178720,-0.009713,-7.935315
1783943684434,10.160000,-224.724730,-12.159808,-0.009627,-22.275761
1783943684454,10.180000,-214.974910,-19.444813,0.000650,-32.251643
1783943684474,10.200000,-272.852540,-26.098465,0.020466,-37.664302
1783943684494,10.220000,-259.448100,-31.454208,0.052854,-40.248537
1783943684514,10.240000,-313.836600,-35.021946,0.094507,-40.617563
1783943684534,10.260000,-289.492340,-36.414207,0.136174,-38.438319
1783943684554,10.280000,-339.099460,-35.351925,0.174455,-33.982665
1783943684574,10.300000,-316.001400,-31.702322,0.996477,-28.517911
1783943684594,10.320000,-355.848200,-25.515703,0.997028,-23.366295
1783943684614,10.340000,-339.151860,-17.052011,0.947318,-18.736518
1783943684634,10.360000,-379.287800,-6.787776,0.845977,-13.641969
1783943684654,10.380000,-350.620670,4.615217,0.698470,-7.138650
1783943684674,10.400000,-398.274050,16.391655,0.519873,0.218326
1783943684694,10.420000,-365.304870,27.784440,0.340625,5.778245
1783943684714,10.440000,-412.562070,38.144608,0.165071,6.092717
1783943684734,10.460000,-396.307370,46.975600,0.014344,-0.004695
1783943684754,10.480000,-454.445070,53.903670,-0.111596,-9.538175
1783943684774,10.500000,-432.450650,58.610874,-0.210362,-17.214644
1783943684794,10.520000,-484.513500,60.814518,-0.281444,-19.229908
1783943684814,10.540000,-451.967300,60.358673,-0.341187,-15.630769
1783943684834,10.560000,-486.901430,57.381714,-0.390536,-9.421748
1783943684854,10.580000,-456.922900,52.431255,-0.438951,-3.278210
1783943684874,10.600000,-488.989440,46.413640,-0.483074,2.743991
1783943684894,10.620000,-459.842130,40.372135,-0.516140,9.764509
1783943684914,10.640000,-487.797300,35.197530,-0.529084,16.709792
1783943684934,10.660000,-454.029300,31.416565,-0.511242,19.841163
1783943684954,10.680000,-496.668200,29.132193,-0.469685,16.557735
1783943684974,10.700000,-479.462740,28.064323,-0.406505,8.840626
1783943684994,10.720000,-514.130600,27.619822,-0.333260,2.072437
1783943685014,10.740000,-490.788020,27.009855,-0.257483,0.804210
1783943685034,10.760000,-521.905300,25.462374,-0.303753,5.357278
1783943685054,10.780000,-478.395260,22.489502,-0.347313,11.601807
1783943685074,10.800000,-510.445470,18.081163,-0.387914,14.465004
1783943685094,10.820000,-484.922400,12.702450,-0.420117,12.151338
1783943685114,10.840000,-522.191900,7.067404,-0.429506,6.464449
1783943685134,10.860000,-491.580140,1.802046,-0.406744,-0.010765
1783943685154,10.880000,-527.591700,-2.796769,-0.356476,-5.118135
1783943685174,10.900000,-501.511800,-6.774123,-0.283210,-6.563349
1783943685194,10.920000,-527.803000,-10.357299,-0.205284,-3.009775
1783943685214,10.940000,-474.974500,-13.751934,-0.134910,4.173346
1783943685234,10.960000,-511.831050,-16.972570,-0.088597,11.898451
1783943685254,10.980000,-462.303560,-19.779142,-0.072289,17.619409
1783943685274,11.000000,-490.392600,-21.775248,-0.079291,19.938311
1783943685294,11.020000,-456.656740,-22.621323,-0.105757,18.424590
1783943685314,11.040000,-491.757930,-22.234222,-0.136014,13.854381
1783943685334,11.060000,-453.021000,-20.870527,-0.166104,8.237700
1783943685354,11.080000,-495.121700,-19.071173,-0.189319,4.015378
1783943685374,11.100000,-455.760440,-17.498642,-0.202059,2.293919
1783943685394,11.120000,-480.041140,-16.725199,-0.199402,1.747724
1783943685414,11.140000,-444.363530,-17.047176,-0.175502,0.451845
1783943685434,11.160000,-478.211430,-18.400862,-0.129994,-1.503060
1783943685454,11.180000,-439.106260,-20.427770,-0.065463,-2.814562
1783943685474,11.200000,-462.329930,-22.650118,0.011339,-3.675088
1783943685494,11.220000,-427.009340,-24.632883,0.094238,-5.722531
1783943685514,11.240000,-461.724430,-26.059555,0.167800,-9.878730
1783943685534,11.260000,-423.038000,-26.763483,0.228556,-16.058802
1783943685554,11.280000,-464.719400,-26.757300,1.000000,-24.431420
1783943685574,11.300000,-419.121770,-26.227486,0.991066,-34.805744
1783943685594,11.320000,-476.528380,-25.464148,0.925777,-44.635583
1783943685614,11.340000,-425.253600,-24.767350,0.805932,-49.661058
1783943685634,11.360000,-456.710940,-24.360632,0.645947,-47.282084
1783943685654,11.380000,-402.438480,-24.288954,0.464762,-38.290023
1783943685674,11.400000,-419.144530,-24.316507,0.294597,-25.435512
1783943685694,11.420000,-364.788000,-23.911003,0.137074,-11.374540
1783943685714,11.440000,-372.286350,-22.380697,0.009558,2.379423
1783943685734,11.460000,-323.679500,-19.113840,-0.092150,15.436472
1783943685754,11.480000,-342.937440,-13.812169,-0.168197,27.177094
1783943685774,11.500000,-280.572720,-6.634464,-0.220172,35.478048
1783943685794,11.520000,-316.462650,1.804464,-0.264819,38.109774
1783943685814,11.540000,-276.612000,10.559348,-0.075597,35.265752
1783943685834,11.560000,-310.639530,18.522554,-0.133590,29.440173
1783943685854,11.580000,-270.778870,24.590935,-0.204796,23.530218
1783943685874,11.600000,-311.744840,27.851173,-0.276948,19.895134
1783943685894,11.620000,-266.858030,27.777878,-0.335889,19.625864
1783943685914,11.640000,-296.612120,24.370596,-0.364820,21.387285
1783943685934,11.660000,-254.664460,18.169252,-0.364015,21.953846
1783943685954,11.680000,-287.443820,10.141362,-0.334635,18.964765
1783943685974,11.700000,-256.693970,1.453407,-0.290351,12.815620
1783943685994,11.720000,-298.538850,-6.827954,-0.243533,5.288272
1783943686014,11.740000,-258.448240,-13.988129,-0.208431,-2.777473
1783943686034,11.760000,-304.430900,-19.746286,-0.192733,-10.853452
1783943686054,11.780000,-268.312840,-24.154367,-0.192154,-16.340603
1783943686074,11.800000,-305.000670,-27.412603,-0.203575,-15.456492
1783943686094,11.820000,-256.723570,-29.701080,-0.217427,-7.665302
1783943686114,11.840000,-274.642240,-31.053495,-0.232679,2.412807
1783943686134,11.860000,-229.801760,-31.279894,-0.245724,9.079120
1783943686154,11.880000,-272.362060,-30.011007,-0.255967,10.417789
1783943686174,11.900000,-227.047060,-26.917826,-0.260820,7.708653
1783943686194,11.920000,-268.825200,-21.994630,-0.253685,1.992302
1783943686214,11.940000,-234.548340,-15.697459,-0.232843,-6.231153
1783943686234,11.960000,-287.810420,-8.851441,-0.198114,-15.299079
1783943686254,11.980000,-248.157680,-2.423846,-0.152126,-23.033668
1783943686274,12.000000,-289.342300,2.719199,-0.099927,-28.474379
1783943686294,12.020000,-252.209490,6.030501,-0.049846,-31.224461
1783943686314,12.040000,-287.376280,7.427697,-0.006096,-29.917875
1783943686334,12.060000,-239.915370,7.299994,0.997756,-23.189376
1783943686354,12.080000,-262.630500,6.379191,0.993039,-12.042457
1783943686374,12.100000,-207.676970,5.556698,-0.120385,0.302365
1783943686394,12.120000,-227.882050,5.708096,-0.191636,11.654089
1783943686414,12.140000,-180.400000,7.522748,-0.261576,22.748833
1783943686434,12.160000,-204.112490,11.335269,-0.321822,34.033317
1783943686454,12.180000,-149.891300,17.013340,-0.365288,41.191671
1783943686474,12.200000,-182.027280,23.975561,-0.380973,37.630824
1783943686494,12.220000,-148.574160,31.332369,-0.374300,23.420863
1783943686514,12.240000,-219.000850,38.036587,-0.344668,8.233659
1783943686534,12.260000,-162.776720,42.970410,-0.306692,1.555968
1783943686554,12.280000,-188.455810,45.091070,-0.267798,2.579894
1783943686574,12.300000,-146.973240,43.765316,-0.240483,3.633809
1783943686594,12.320000,-182.487060,39.119380,-0.231069,0.631315
1783943686614,12.340000,-142.722020,32.060955,-0.233864,-4.230879
1783943686634,12.360000,-160.680850,23.905764,-0.242291,-7.805301
1783943686654,12.380000,-131.642990,15.912398,-0.249495,-9.727667
1783943686674,12.400000,-144.770080,9.006829,-0.255124,-11.271566
1783943686694,12.420000,-105.922195,3.716505,-0.252460,-12.872122
1783943686714,12.440000,-130.096180,0.214916,-0.247849,-13.450329
1783943686734,12.460000,-79.650110,-1.592171,-0.237691,-11.907254
1783943686754,12.480000,-92.883995,-1.960344,-0.222453,-8.470860
1783943686774,12.500000,-43.104675,-1.193419,-0.205106,-4.161871
1783943686794,12.520000,-67.483230,0.440252,-0.185897,-0.454234
1783943686814,12.540000,-3.070568,2.719473,-0.165270,0.013262
1783943686834,12.560000,-31.817587,5.424349,-0.144065,-4.912594
1783943686854,12.580000,8.188157,8.287446,-0.122490,-13.337459
1783943686874,12.600000,-18.800890,10.956721,-0.100442,-20.065196
1783943686894,12.620000,34.941452,12.983935,0.995964,-22.180020
1783943686914,12.640000,20.919620,13.908008,0.995789,-21.709292
1783943686934,12.660000,69.691864,13.450669,0.950299,-21.749072
1783943686954,12.680000,52.393696,11.681369,0.861409,-22.063821
1783943686974,12.700000,106.056770,8.995010,0.743091,-20.138674
1783943686994,12.720000,97.832680,5.934144,0.611110,-15.434901
1783943687014,12.740000,153.867160,3.013737,0.484996,-10.807949
1783943687034,12.760000,140.549410,0.633798,0.364612,-9.552361
1783943687054,12.780000,187.562680,-0.963399,0.259680,-11.805920
1783943687074,12.800000,173.901760,-1.744792,0.166999,-13.930176
1783943687094,12.820000,226.228900,-1.913884,0.085096,-11.149458
1783943687114,12.840000,216.131070,-1.845944,0.016143,-1.521559
1783943687134,12.860000,288.940800,-1.922374,-0.053003,11.724646
1783943687154,12.880000,275.194150,-2.340135,-0.120385,22.151590
1783943687174,12.900000,336.263800,-3.020971,-0.051627,25.290326
1783943687194,12.920000,307.920400,-3.706726,-0.108044,21.969270
1783943687214,12.940000,352.823180,-4.205292,-0.171610,16.392006
1783943687234,12.960000,331.700350,-4.620652,-0.236467,11.703724
1783943687254,12.980000,380.323700,-5.380408,-0.296012,8.690776
1783943687274,13.000000,353.469300,-7.030853,-0.338218,8.239638
1783943687294,13.020000,404.900020,-9.952886,-0.363488,12.425856
1783943687314,13.040000,396.483220,-14.171002,-0.367289,22.094961
1783943687334,13.060000,454.320600,-19.304993,-0.355810,34.896320
1783943687354,13.080000,439.750920,-24.634283,-0.331250,46.471404
1783943687374,13.100000,493.829470,-29.268915,-0.302575,52.787061
1783943687394,13.120000,463.209720,-32.419533,-0.276416,51.603848
1783943687414,13.140000,505.047730,-33.681750,-0.252996,43.383777
1783943687434,13.160000,459.251220,-33.205950,-0.231957,31.665026
1783943687454,13.180000,498.754820,-31.673070,-0.213487,21.513913
1783943687474,13.200000,451.524630,-30.078268,-0.199985,15.734462
1783943687494,13.220000,502.484800,-29.391264,-0.189574,12.192769
1783943687514,13.240000,463.775540,-30.209010,-0.186271,6.609760
1783943687534,13.260000,497.657600,-32.543050,-0.186283,-1.437921
1783943687554,13.280000,446.514650,-35.860730,-0.191299,-8.275723
1783943687574,13.300000,486.673220,-39.364550,-0.202247,-13.704483
1783943687594,13.320000,448.545100,-42.316620,-0.217472,-24.217105
1783943687614,13.340000,489.011600,-44.194630,-0.236604,-43.059977
1783943687634,13.360000,383.813420,-44.696674,-0.258771,-60.877561
1783943687654,13.380000,451.238650,-43.783344,-0.278262,-64.742719
1783943687674,13.400000,434.512400,-41.707730,-0.291669,-54.389706
1783943687694,13.420000,472.149720,-38.786537,0.995327,-41.299933
1783943687714,13.440000,443.244140,-35.000446,0.996279,-34.034040
1783943687734,13.460000,482.063350,-29.869514,0.953531,-31.638363
1783943687754,13.480000,451.639770,-22.802313,0.867506,-29.470113
1783943687774,13.500000,491.111270,-13.574658,0.748220,-25.389377
1783943687794,13.520000,459.611150,-2.528024,0.614303,-19.771129
1783943687814,13.540000,503.664000,9.548754,0.483505,-12.882321
1783943687834,13.560000,466.839000,21.677902,0.360479,-4.458171
1783943687854,13.580000,522.099200,32.945160,0.255546,4.693752
1783943687874,13.600000,486.706480,42.677790,-0.045312,12.594084
1783943687894,13.620000,525.411000,50.518005,-0.117609,18.135107
1783943687914,13.640000,495.298900,56.378450,-0.185431,22.099405
1783943687934,13.660000,529.584530,60.318623,-0.239727,25.619005
1783943687954,13.680000,489.684630,62.423534,-0.276047,27.986806
1783943687974,13.700000,531.131400,62.749622,-0.295093,26.783694
1783943687994,13.720000,484.399900,61.342743,-0.296469,21.352062
1783943688014,13.740000,503.318050,58.273846,-0.292226,15.428160
1783943688034,13.760000,466.805570,53.644302,-0.287417,13.773695
1783943688054,13.780000,500.208800,47.584515,-0.286608,16.280382
1783943688074,13.800000,468.963560,40.313038,-0.289297,18.307546
1783943688094,13.820000,496.728580,32.244240,-0.293514,17.323665
1783943688114,13.840000,443.375600,24.002878,-0.296088,15.786800
1783943688134,13.860000,480.242370,16.252690,-0.297440,15.518391
1783943688154,13.880000,448.495300,9.472519,-0.296449,12.938411
1783943688174,13.900000,456.748780,3.875665,-0.296876,3.880891
1783943688194,13.920000,404.113500,-0.541447,-0.296176,-9.135300
1783943688214,13.940000,425.168270,-3.966777,-0.296262,-18.395956
1783943688234,13.960000,380.509430,-6.764071,-0.298493,-18.957517
1783943688254,13.980000,424.063170,-9.349145,-0.307400,-12.714601
1783943688274,14.000000,381.912480,-11.929912,-0.317016,-5.088338
1783943688294,14.020000,416.950130,-14.314172,-0.328755,-0.020451
1783943688314,14.040000,374.270360,-15.974533,-0.337649,1.211178
1783943688334,14.060000,406.653780,-16.332361,1.000000,-1.452201
1783943688354,14.080000,348.640080,-15.068738,0.991174,-7.464376
1783943688374,14.100000,373.120030,-12.301753,0.931399,-15.347697
1783943688394,14.120000,328.776600,-8.576523,0.831857,-22.423989
1783943688414,14.140000,344.524900,-4.686331,0.707174,-25.108356
1783943688434,14.160000,305.360020,-1.401629,0.576899,-21.087754
1783943688454,14.180000,351.380520,0.786527,0.456470,-11.857095
1783943688474,14.200000,316.233900,1.833634,0.353190,-1.135949
1783943688494,14.220000,351.086600,2.168063,0.268742,9.265018
1783943688514,14.240000,312.523800,2.526147,0.197969,19.340527
1783943688534,14.260000,362.483430,3.633304,0.141632,27.340166
1783943688554,14.280000,318.022130,5.913446,0.083913,30.353026
1783943688574,14.300000,341.328550,9.371929,0.023645,28.651299
1783943688594,14.320000,291.112100,13.609204,-0.045312,25.513685
1783943688614,14.340000,326.942080,17.891340,-0.117609,22.081240
1783943688634,14.360000,276.959660,21.315939,-0.185431,15.950540
1783943688654,14.380000,289.738130,23.078783,-0.239727,5.854166
1783943688674,14.400000,243.567470,22.695333,-0.276047,-4.933985
1783943688694,14.420000,264.215820,20.057444,-0.295093,-11.051788
1783943688714,14.440000,222.313570,15.384976,-0.296469,-10.133723
1783943688734,14.460000,260.964000,9.189771,-0.292226,-5.282413
1783943688754,14.480000,225.603910,2.262377,-0.287417,-2.221018
1783943688774,14.500000,252.793530,-4.404451,-0.286608,-3.478435
1783943688794,14.520000,207.683750,-9.818362,-0.289297,-6.129140
1783943688814,14.540000,243.381740,-13.267772,-0.293514,-6.077062
1783943688834,14.560000,202.041800,-14.523303,-0.296088,-3.666935
1783943688854,14.580000,246.046220,-13.822502,-0.297440,-3.679774
1783943688874,14.600000,188.866670,-11.673806,-0.296449,-9.864820
1783943688894,14.620000,217.800550,-8.664714,-0.296876,-20.678037
1783943688914,14.640000,168.522750,-5.393787,-0.045312,-30.540653
1783943688934,14.660000,201.703580,-2.460291,-0.117609,-34.209168
1783943688954,14.680000,161.599230,-0.385487,-0.185431,-30.186096
1783943688974,14.700000,215.723630,0.554900,-0.239727,-21.329668
1783943688994,14.720000,179.978940,0.483167,-0.276047,-12.340245
1783943689014,14.740000,226.150360,-0.072081,-0.295093,-5.991938
1783943689034,14.760000,194.991070,-0.359789,-0.296469,-1.698727
1783943689054,14.780000,224.524260,0.285399,-0.292226,2.245848
1783943689074,14.800000,209.946040,2.167554,-0.287417,5.774051
1783943689094,14.820000,235.347640,5.139074,-0.286608,7.357904
1783943689114,14.840000,200.999900,8.703816,-0.289297,6.569223
1783943689134,14.860000,238.755830,12.196429,-0.293514,4.837308
1783943689154,14.880000,201.957120,14.946652,-0.296088,4.016850
1783943689174,14.900000,235.680510,16.412148,-0.297440,4.983636
1783943689194,14.920000,206.856320,16.285282,-0.296449,6.976264
1783943689214,14.940000,242.809940,14.550430,-0.296876,8.166876
1783943689234,14.960000,207.215790,11.464767,-0.296176,7.644925
1783943689254,14.980000,242.597640,7.468186,-0.296262,6.720883
1783943689274,15.000000,204.286800,3.047632,-0.298493,7.513477
1783943689294,15.020000,246.235840,-1.389825,-0.307400,10.246068
1783943689314,15.040000,214.047410,-5.566257,-0.317016,12.764746
1783943689334,15.060000,246.853300,-9.299680,-0.328755,12.942399
1783943689354,15.080000,207.582210,-12.464017,-0.337649,10.375061
1783943689374,15.100000,231.586000,-15.009498,1.000000,5.157039
1783943689394,15.120000,198.011140,-17.020155,0.991174,-2.714532
1783943689414,15.140000,229.161060,-18.712840,0.931399,-10.422314
1783943689434,15.160000,157.388120,-20.352740,0.831857,-11.784687
1783943689454,15.180000,230.197540,-22.160660,0.707174,-4.172277
1783943689474,15.200000,193.597400,-24.217003,0.576899,6.420036
1783943689494,15.220000,233.095280,-26.331482,0.456470,11.801023
1783943689514,15.240000,184.408950,-27.997162,0.353190,10.611382
1783943689534,15.260000,215.820250,-28.596792,0.268742,7.150933
1783943689554,15.280000,176.240690,-27.778605,0.197969,4.067029
1783943689574,15.300000,209.119700,-25.672010,0.141632,0.628658
1783943689594,15.320000,151.910280,-22.784195,0.083913,-2.932527
1783943689614,15.340000,188.600420,-19.748423,0.023645,-3.597806
1783943689634,15.360000,157.383180,-17.109484,-0.045312,1.245671
1783943689654,15.380000,187.133850,-15.169889,-0.117609,10.631522
1783943689674,15.400000,157.805970,-13.894067,-0.185431,19.779039
1783943689694,15.420000,197.026700,-12.926167,-0.239727,22.936529
1783943689714,15.440000,149.724120,-11.750964,-0.276047,18.670556
1783943689734,15.460000,163.024700,-9.943821,-0.295093,12.330695
1783943689754,15.480000,126.007040,-7.406193,-0.296469,10.724863
1783943689774,15.500000,162.015850,-4.448575,0.039453,14.621782
1783943689794,15.520000,123.187515,-1.617090,-0.002180,18.642883
1783943689814,15.540000,147.886930,0.636322,-0.056133,17.711167
1783943689834,15.560000,104.423370,2.167477,-0.115909,11.475438
1783943689854,15.580000,119.401985,3.085282,-0.170473,2.839098
1783943689874,15.600000,73.852990,3.543671,-0.206329,-5.950669
1783943689894,15.620000,94.547240,3.590791,-0.224166,-14.775335
1783943689914,15.640000,44.949250,3.169770,-0.221964,-23.636303
1783943689934,15.660000,63.732277,2.218058,-0.210526,-30.710120
1783943689954,15.680000,22.425333,0.765838,-0.194112,-33.560775
1783943689974,15.700000,58.164734,-1.010961,-0.183586,-31.658099
1783943689994,15.720000,16.758663,-2.768951,-0.186588,-26.909701
1783943690014,15.740000,54.381336,-4.014722,-0.200808,-22.323654
1783943690034,15.760000,19.331093,-4.198225,-0.221566,-20.322550
1783943690054,15.780000,46.057620,-2.874615,-0.244501,-21.281534
1783943690074,15.800000,3.346375,0.128227,-0.266571,-23.470667
1783943690094,15.820000,37.442620,4.611472,-0.281908,-25.068814
1783943690114,15.840000,-10.076767,10.029028,-0.295662,-26.061498
1783943690134,15.860000,31.778645,15.639325,-0.305675,-27.548076
1783943690154,15.880000,-22.309816,20.721521,-0.312248,-29.251166
1783943690174,15.900000,21.009644,24.746431,-0.321765,-28.389783
1783943690194,15.920000,-18.042469,27.449158,-0.330170,-21.614260
1783943690214,15.940000,28.186330,28.836359,-0.342602,-8.440325
1783943690234,15.960000,5.835842,29.170311,-0.357853,6.998123
1783943690254,15.980000,49.175640,28.927315,-0.373442,18.158209
1783943690274,16.000000,13.718658,28.683914,-0.387332,20.985265
1783943690294,16.020000,32.172962,28.902311,1.000000,16.800338
1783943690314,16.040000,-0.892489,29.679770,0.988257,10.663548
1783943690334,16.060000,18.520853,30.622553,0.928781,7.771344
1783943690354,16.080000,-19.760023,30.969330,0.822215,10.774165
1783943690374,16.100000,26.759045,29.922838,0.683452,18.784322
1783943690394,16.120000,-11.798096,27.018763,0.536042,28.708272
1783943690414,16.140000,30.804010,22.344920,0.398805,38.050513
1783943690434,16.160000,-2.292829,16.510536,0.283912,46.372560
1783943690454,16.180000,33.438923,10.397422,0.199447,54.240858
1783943690474,16.200000,-4.046800,4.832201,0.119166,61.075820
1783943690494,16.220000,33.872500,0.339921,0.069375,64.376158
1783943690514,16.240000,-12.867115,-2.946375,0.001022,61.735350
1783943690534,16.260000,-0.214736,-5.252667,-0.075945,53.222902
1783943690554,16.280000,-47.731255,-7.081104,-0.148715,40.634466
1783943690574,16.300000,-42.671986,-9.107556,-0.202368,24.980090
1783943690594,16.320000,-100.202805,-12.038661,-0.236741,6.423967
1783943690614,16.340000,-87.139740,-16.425674,-0.248920,-13.084657
1783943690634,16.360000,-165.970400,-22.500786,-0.248881,-29.134764
1783943690654,16.380000,-134.469790,-30.111193,-0.240530,-38.668797
1783943690674,16.400000,-180.584000,-38.726185,-0.233371,-43.011766
1783943690694,16.420000,-164.130700,-47.459484,-0.234877,-45.044832
1783943690714,16.440000,-208.603090,-55.149160,-0.243262,-45.490365
1783943690734,16.460000,-180.706040,-60.571780,-0.254059,-44.407561
1783943690754,16.480000,-223.438500,-62.745640,-0.265058,-44.043190
1783943690774,16.500000,-196.072450,-61.159718,-0.274990,-46.973635
1783943690794,16.520000,-255.848480,-55.844837,-0.281399,-51.984377
1783943690814,16.540000,-224.407680,-47.344574,-0.289920,-54.324799
1783943690834,16.560000,-273.739700,-36.614243,-0.299565,-50.667496
1783943690854,16.580000,-227.730590,-24.806494,-0.312147,-42.312248
1783943690874,16.600000,-271.136200,-12.964294,-0.330815,-32.720228
1783943690894,16.620000,-232.412500,-1.765299,-0.350239,-23.328579
1783943690914,16.640000,-271.522640,8.530984,-0.374069,-13.677647
1783943690934,16.660000,-241.283980,17.929575,-0.398268,-5.178032
1783943690954,16.680000,-268.346250,26.479803,-0.420710,-1.128588
1783943690974,16.700000,-236.274050,34.143220,-0.438135,-0.232428
1783943690994,16.720000,-312.294400,40.766140,1.000000,6.030207
1783943691014,16.740000,-238.045530,46.076324,0.988100,23.599680
1783943691034,16.760000,-260.483830,49.750980,0.926417,46.144134
1783943691054,16.780000,-226.786440,51.641140,0.815881,61.212584
1783943691074,16.800000,-274.658140,51.980587,0.674339,63.449779
1783943691094,16.820000,-251.967770,51.272410,0.527477,57.136691
1783943691114,16.840000,-301.784270,49.870785,0.394414,48.921342
1783943691134,16.860000,-285.903720,47.664677,0.290438,42.359997
1783943691154,16.880000,-339.227480,44.144215,0.220574,37.544755
1783943691174,16.900000,-316.847350,38.728634,0.183226,32.390896
1783943691194,16.920000,-365.737100,31.105400,0.167341,24.553033
1783943691214,16.940000,-359.786620,21.422447,0.159647,13.758712
1783943691234,16.960000,-415.611600,10.265325,0.146510,1.964914
1783943691254,16.980000,-396.164300,-1.541374,0.119166,-8.809753
1783943691274,17.000000,-454.401730,-13.159598,0.069375,-17.306566
1783943691294,17.020000,-433.071470,-23.859987,0.178361,-21.773454
1783943691314,17.040000,-474.699620,-33.034534,0.123244,-19.949920
1783943691334,17.060000,-445.340400,-40.166200,0.049267,-11.641046
1783943691354,17.080000,-479.587950,-44.803013,-0.039260,-1.110073
1783943691374,17.100000,-439.363400,-46.559254,-0.128981,4.782760
1783943691394,17.120000,-491.683100,-45.175335,-0.207636,2.844910
1783943691414,17.140000,-471.739070,-40.658085,-0.270659,-2.538045
1783943691434,17.160000,-518.646000,-33.448800,-0.316776,-3.924940
1783943691454,17.180000,-482.132230,-24.471361,-0.341874,0.778925
1783943691474,17.200000,-518.576350,-14.929238,-0.362507,6.293726
1783943691494,17.220000,-488.944060,-5.918577,-0.380559,6.366339
1783943691514,17.240000,-545.414400,1.871781,-0.399397,0.011171
1783943691534,17.260000,-521.611400,8.164913,-0.421884,-9.500617
1783943691554,17.280000,-566.176330,12.884053,-0.443789,-19.343267
1783943691574,17.300000,-551.110960,15.973414,-0.453498,-28.407282
1783943691594,17.320000,-594.260250,17.384138,-0.450409,-35.510799
1783943691614,17.340000,-572.226700,17.161049,-0.431182,-39.379737
1783943691634,17.360000,-604.557100,15.520246,-0.397562,-40.233500
1783943691654,17.380000,-569.750700,12.885940,-0.360074,-38.981835
1783943691674,17.400000,-606.257800,9.882907,-0.318878,-34.377091
1783943691694,17.420000,-561.654540,7.251393,-0.278075,-23.044762
1783943691714,17.440000,-572.693500,5.701204,-0.245870,-3.500786
1783943691734,17.460000,-514.682600,5.799081,-0.215823,20.719971
1783943691754,17.480000,-531.205900,7.936523,-0.193255,42.069917
1783943691774,17.500000,-480.466740,12.302503,-0.177569,52.705158
1783943691794,17.520000,-513.651200,18.771736,-0.166062,48.896712
1783943691814,17.540000,-497.934720,26.737060,-0.159140,33.635318
1783943691834,17.560000,-551.856600,35.005840,1.000000,13.924261
1783943691854,17.580000,-527.089600,41.887135,0.987965,-5.528053
1783943691874,17.600000,-573.153800,45.545100,0.930882,-24.658896
1783943691894,17.620000,-568.003400,44.536167,0.826590,-44.108553
1783943691914,17.640000,-600.199700,38.269470,0.697353,-61.141206
1783943691934,17.660000,-579.182430,27.169878,0.563403,-69.978009
1783943691954,17.680000,-601.793400,12.549072,0.445610,-65.434667
1783943691974,17.700000,-545.907000,-3.664592,0.352627,-47.124917
1783943691994,17.720000,-542.914500,-19.220130,0.290497,-20.843956
1783943692014,17.740000,-483.775570,-31.844543,0.256402,4.904360
1783943692034,17.760000,-488.786870,-39.585140,0.238318,24.309998
1783943692054,17.780000,-441.678920,-41.206530,0.227731,36.773294
1783943692074,17.800000,-456.965330,-36.546947,0.210074,45.417752
1783943692094,17.820000,-410.642880,-26.641594,0.178361,53.848626
1783943692114,17.840000,-432.687870,-13.493080,0.123244,63.157673
1783943692134,17.860000,-385.201540,0.438487,0.092001,70.369493
1783943692154,17.880000,-410.752600,12.820381,0.033855,70.147706
1783943692174,17.900000,-382.879500,21.892632,-0.037569,59.809143
1783943692194,17.920000,-431.871460,26.639807,-0.118713,42.707655
1783943692214,17.940000,-415.495060,26.693567,-0.200586,25.083619
1783943692234,17.960000,-448.357850,22.124954,-0.273280,9.735561
1783943692254,17.980000,-429.800230,13.333961,-0.331325,-5.564786
1783943692274,18.000000,-486.891240,1.074977,-0.375580,-23.929769
1783943692294,18.020000,-457.406800,-13.540412,-0.399654,-44.604760
1783943692314,18.040000,-491.532530,-29.164263,-0.416848,-60.510651
1783943692334,18.060000,-494.501430,-44.393402,-0.425007,-61.258214
1783943692354,18.080000,-471.726500,-57.914074,-0.422521,-43.300381
1783943692374,18.100000,-407.755550,-68.528180,-0.411126,-16.434698
1783943692394,18.120000,-430.958070,-75.069550,-0.394294,4.012398
1783943692414,18.140000,-379.507930,-76.418460,-0.367074,9.979922
1783943692434,18.160000,-416.213560,-71.833160,-0.335420,4.266069
1783943692454,18.180000,-379.792270,-61.474120,-0.299493,-4.175749
1783943692474,18.200000,-420.057500,-46.676132,-0.262979,-6.618050
1783943692494,18.220000,-373.602300,-29.691933,-0.237423,-0.280979
1783943692514,18.240000,-383.907170,-13.034671,-0.218586,9.983895
1783943692534,18.260000,-334.987800,1.271728,-0.213293,17.575721
1783943692554,18.280000,-367.243100,12.198636,-0.221518,21.840331
1783943692574,18.300000,-323.870600,19.735815,-0.233577,27.178342
1783943692594,18.320000,-327.447140,24.503103,-0.249959,35.102596
1783943692614,18.340000,-288.375200,27.299461,-0.265897,41.199856
1783943692634,18.360000,-313.194340,28.846313,-0.277927,40.388577
1783943692654,18.380000,-278.141900,29.678091,-0.287604,32.222677
1783943692674,18.400000,-310.759400,30.047098,0.993668,20.655591
1783943692694,18.420000,-282.941700,29.864336,0.998086,10.298459
1783943692714,18.440000,-303.711900,28.779282,0.964886,3.102841
1783943692734,18.460000,-267.252800,26.404837,0.888696,-2.092967
1783943692754,18.480000,-294.407930,22.574590,0.782352,-7.487338
1783943692774,18.500000,-247.766450,17.494303,0.661651,-14.241758
1783943692794,18.520000,-281.399900,11.713128,0.540109,-21.999357
1783943692814,18.540000,-234.049090,5.946146,0.429787,-29.728992
1783943692834,18.560000,-261.863130,0.860475,0.338207,-36.812496
1783943692854,18.580000,-212.528020,-3.071325,0.269594,-43.244396
1783943692874,18.600000,-240.387300,-5.615183,0.214942,-49.131391
1783943692894,18.620000,-189.949220,-6.744092,0.174740,-54.436857
1783943692914,18.640000,-201.858920,-6.575298,0.051718,-58.617718
1783943692934,18.660000,-163.463530,-5.299598,0.029935,-60.043977
1783943692954,18.680000,-157.933440,-3.120031,-0.009341,-56.748877
1783943692974,18.700000,-107.221360,-0.206977,-0.064000,-48.391212
1783943692994,18.720000,-97.585915,3.337251,-0.126999,-36.825063
1783943693014,18.740000,-32.586926,7.502477,-0.191993,-24.300043
1783943693034,18.760000,-31.431168,12.353086,-0.253007,-11.636008
1783943693054,18.780000,33.842777,17.935904,-0.310780,1.043330
1783943693074,18.800000,42.837387,24.152824,-0.355146,12.377393
1783943693094,18.820000,106.086210,30.687963,-0.397013,20.304891
1783943693114,18.840000,91.918564,37.024296,-0.431037,24.249452
1783943693134,18.860000,154.625500,42.502712,-0.454167,24.968444
1783943693154,18.880000,145.603330,46.388607,-0.463670,22.967530
1783943693174,18.900000,192.257660,47.975210,-0.462801,19.015287
1783943693194,18.920000,177.181440,46.725720,-0.445365,15.289360
1783943693214,18.940000,232.113650,42.390713,-0.413530,14.334596
1783943693234,18.960000,230.455020,35.070328,-0.367708,17.658839
1783943693254,18.980000,280.494320,25.247133,-0.308281,25.618221
1783943693274,19.000000,283.033570,13.770417,-0.251180,36.523980
1783943693294,19.020000,345.559400,1.738908,-0.195893,45.445820
1783943693314,19.040000,333.377800,-9.704370,-0.152666,46.894818
1783943693334,19.060000,379.580050,-19.606527,-0.124368,40.429667
1783943693354,19.080000,341.181920,-27.432371,-0.106974,31.730983
1783943693374,19.100000,397.924530,-33.226254,-0.102000,26.574791
1783943693394,19.120000,375.783080,-37.570316,-0.101144,25.393001
1783943693414,19.140000,424.385530,-41.273754,-0.103611,24.977070
1783943693434,19.160000,391.594600,-44.967090,-0.108175,23.022649
1783943693454,19.180000,443.771600,-48.872906,0.998705,19.047888
1783943693474,19.200000,412.780520,-52.841656,0.994366,13.206301
1783943693494,19.220000,447.271000,-56.526814,0.948002,6.489941
1783943693514,19.240000,417.383060,-59.562330,0.853937,0.637103
1783943693534,19.260000,454.127320,-61.688350,0.725089,-3.965603
1783943693554,19.280000,422.501530,-62.796660,0.581802,-9.528204
1783943693574,19.300000,457.328200,-62.888380,0.438945,-18.568450
1783943693594,19.320000,411.177370,-62.005062,0.310631,-30.401457
1783943693614,19.340000,439.558350,-60.215805,0.208121,-40.990979
1783943693634,19.360000,407.505980,-57.649326,0.138791,-46.507340
1783943693654,19.380000,441.017730,-54.478527,0.093624,-46.029467
1783943693674,19.400000,422.741730,-50.812070,0.073372,-40.600356
1783943693694,19.420000,455.498100,-46.564575,0.062538,-31.214297
1783943693714,19.440000,444.389340,-41.427986,0.051718,-18.986821
1783943693734,19.460000,487.765500,-34.978497,0.029935,-6.301038
1783943693754,19.480000,466.489440,-26.849184,-0.009341,4.189153
1783943693774,19.500000,509.808470,-16.893414,0.051718,11.899481
1783943693794,19.520000,470.167800,-5.305024,0.029935,18.178301
1783943693814,19.540000,519.992740,7.328931,-0.009341,23.526488
1783943693834,19.560000,489.549380,20.099247,-0.064000,26.770519
1783943693854,19.580000,511.197000,31.977640,-0.126999,27.317970
1783943693874,19.600000,476.878800,42.037266,-0.191993,25.602481
1783943693894,19.620000,510.385250,49.582195,-0.253007,20.925687
1783943693914,19.640000,460.908870,54.196120,-0.310780,11.926956
1783943693934,19.660000,478.353820,55.759064,-0.355146,-0.274568
1783943693954,19.680000,431.422330,54.420013,-0.397013,-11.923601
1783943693974,19.700000,451.859440,50.517376,-0.431037,-20.170807
1783943693994,19.720000,416.223500,44.523575,-0.454167,-25.091766
1783943694014,19.740000,440.849000,37.069065,-0.463670,-27.544809
1783943694034,19.760000,406.172520,28.975111,-0.462801,-26.529192
1783943694054,19.780000,436.858980,21.196245,-0.445365,-20.489515
1783943694074,19.800000,419.468930,14.675980,-0.413530,-10.837956
1783943694094,19.820000,455.077900,10.203223,-0.367708,-1.998641
1783943694114,19.840000,422.407100,8.316709,-0.308281,2.792047
1783943694134,19.860000,458.111300,9.221269,-0.251180,4.506949
1783943694154,19.880000,417.923030,12.699000,-0.195893,6.452582
1783943694174,19.900000,454.698600,18.084470,-0.152666,10.029227
1783943694194,19.920000,431.868650,24.392328,-0.124368,13.443633
1783943694214,19.940000,450.362820,30.578238,-0.106974,14.446534
1783943694234,19.960000,415.287930,35.781662,-0.102000,12.303118
1783943694254,19.980000,448.283140,39.424442,-0.101144,6.798060
1783943694274,20.000000,399.643000,41.185420,-0.103611,-1.873265
1783943694294,20.020000,418.407230,40.941400,-0.108175,-11.317980
1783943694314,20.040000,384.888280,38.721935,0.998705,-17.127406
1783943694334,20.060000,410.479460,34.690520,0.994366,-16.013611
1783943694354,20.080000,382.622700,29.172730,0.948002,-8.867086
1783943694374,20.100000,430.366800,22.719223,0.853937,-0.489056
1783943694394,20.120000,397.227050,16.121920,0.725089,4.707410
1783943694414,20.140000,424.760600,10.293862,0.581802,6.589429
1783943694434,20.160000,397.516970,6.012266,0.438945,7.744615
1783943694454,20.180000,428.439940,3.651080,0.310631,8.988279
1783943694474,20.200000,394.868040,3.075507,0.208121,8.325916
1783943694494,20.220000,421.632140,3.753125,0.138791,4.041542
1783943694514,20.240000,377.808600,4.964431,0.093624,-2.681113
1783943694534,20.260000,407.244320,5.978237,0.052070,-8.534491
1783943694554,20.280000,366.990750,6.174960,0.026923,-10.997835
1783943694574,20.300000,399.043880,5.154577,-0.013593,-10.469797
1783943694594,20.320000,369.206480,2.827362,-0.067684,-9.691171
1783943694614,20.340000,393.719880,-0.557302,-0.127047,-10.700982
1783943694634,20.360000,365.578950,-4.487724,-0.186900,-12.178363
1783943694654,20.380000,383.197200,-8.360803,-0.239286,-10.389735
1783943694674,20.400000,373.340100,-11.665997,-0.286050,-3.085294
1783943694694,20.420000,401.299200,-14.072678,-0.319726,8.042385
1783943694714,20.440000,384.402040,-15.390858,-0.350202,18.730724
1783943694734,20.460000,417.273320,-15.498843,-0.374125,25.331727
1783943694754,20.480000,387.616760,-14.344777,-0.389482,26.943881
1783943694774,20.500000,406.429320,-12.037580,-0.395263,25.045012
1783943694794,20.520000,376.142550,-8.945594,-0.393642,21.196955
1783943694814,20.540000,396.055050,-5.699713,-0.380322,15.644328
1783943694834,20.560000,351.167050,-3.064936,-0.356026,8.257941
1783943694854,20.580000,372.853360,-1.740715,-0.322769,-0.286060
1783943694874,20.600000,327.499570,-2.191131,-0.280955,-8.787104
1783943694894,20.620000,345.400820,-4.559402,-0.242803,-16.223059
1783943694914,20.640000,310.776760,-8.655022,-0.210582,-21.575747
1783943694934,20.660000,327.021580,-13.989736,-0.191539,-23.248834
1783943694954,20.680000,300.702100,-19.856344,-0.188384,-19.711324
1783943694974,20.700000,329.435240,-25.434006,-0.196171,-11.469880
1783943694994,20.720000,308.252320,-29.895050,-0.213288,-1.834582
1783943695014,20.740000,338.798370,-32.505157,-0.233097,5.256926
1783943695034,20.760000,305.030640,-32.733444,-0.251460,8.137948
1783943695054,20.780000,322.877500,-30.390892,-0.267693,7.561343
1783943695074,20.800000,295.909270,-25.749046,0.995661,4.751942
1783943695094,20.820000,307.489170,-19.533777,0.996474,0.993661
1783943695114,20.840000,270.187680,-12.755206,0.956229,-1.382996
1783943695134,20.860000,295.763500,-6.447938,0.868755,0.018125
1783943695154,20.880000,262.978880,-1.423353,0.745917,4.909979
1783943695174,20.900000,288.981350,1.904184,0.607312,9.615032
1783943695194,20.920000,262.671570,3.580420,0.467191,10.360882
1783943695214,20.940000,274.072940,4.029185,0.339068,7.524469
1783943695234,20.960000,227.502690,3.826768,0.234497,5.028352
1783943695254,20.980000,266.312300,3.433896,0.161141,4.944556
1783943695274,21.000000,220.932400,3.055696,0.054783,5.192985
1783943695294,21.020000,243.894010,2.701848,0.030740,3.488164
1783943695314,21.040000,201.075350,2.331902,-0.005951,0.712827
1783943695334,21.060000,222.579880,1.925480,-0.049623,-1.038668
1783943695354,21.080000,188.156710,1.466579,-0.094394,-1.760067
1783943695374,21.100000,207.134980,0.943542,-0.137841,-3.217614
1783943695394,21.120000,167.500440,0.384891,-0.174173,-6.055778
1783943695414,21.140000,186.604890,-0.133832,-0.205660,-8.640409
1783943695434,21.160000,148.401690,-0.531220,-0.239703,-8.984914
1783943695454,21.180000,178.189400,-0.756899,-0.275827,-7.025867
1783943695474,21.200000,136.377140,-0.777033,-0.314258,-4.710858
1783943695494,21.220000,166.816800,-0.534727,-0.350158,-4.431099
1783943695514,21.240000,119.035545,0.051266,-0.379717,-7.525806
1783943695534,21.260000,143.656540,1.027381,-0.394228,-13.301843
1783943695554,21.280000,100.819260,2.331871,-0.392533,-18.558786
1783943695574,21.300000,115.419920,3.772407,-0.372502,-18.855297
1783943695594,21.320000,95.496140,5.082479,-0.334697,-11.888974
1783943695614,21.340000,127.847390,6.055244,-0.295843,0.227884
1783943695634,21.360000,102.976150,6.702158,-0.261672,12.524313
1783943695654,21.380000,132.860000,7.318167,-0.243124,20.397506
1783943695674,21.400000,102.041330,8.361617,-0.242417,21.643690
1783943695694,21.420000,119.732820,10.191387,-0.259542,17.257980
1783943695714,21.440000,75.164474,12.819717,-0.287516,10.703240
1783943695734,21.460000,89.928444,15.816391,-0.320316,5.065106
1783943695754,21.480000,62.692608,18.414816,-0.350474,0.918776
1783943695774,21.500000,71.887850,19.792894,-0.376436,-2.197018
1783943695794,21.520000,36.471855,19.392103,0.996888,-3.710393
1783943695814,21.540000,60.446380,17.098760,0.995642,-3.166552
1783943695834,21.560000,33.595620,13.234118,0.949569,-1.800082
1783943695854,21.580000,50.019848,8.431949,0.857963,-1.054687
1783943695874,21.600000,14.850353,3.469284,0.730781,-0.937398
1783943695894,21.620000,40.934467,-0.936931,0.590303,-1.055245
1783943695914,21.640000,10.577566,-4.305004,0.450360,-1.555892
1783943695934,21.660000,20.855839,-6.449146,0.325301,-2.238427
1783943695954,21.680000,-5.683792,-7.437995,0.224818,-2.614476
1783943695974,21.700000,13.613167,-7.519121,0.154199,-3.218357
1783943695994,21.720000,-17.146057,-7.028507,0.110592,-4.997982
1783943696014,21.740000,-8.093203,-6.290183,0.085000,-7.471497
1783943696034,21.760000,-36.148610,-5.555587,-0.019624,-9.220627
1783943696054,21.780000,-16.579836,-5.002721,-0.037437,-9.853789
1783943696074,21.800000,-50.815517,-4.739490,-0.066553,-9.854282
1783943696094,21.820000,-28.370886,-4.779943,-0.102182,-8.755387
1783943696114,21.840000,-59.606796,-5.032572,-0.139059,-4.926288
1783943696134,21.860000,-31.625662,-5.328976,-0.174272,2.417825
1783943696154,21.880000,-53.302467,-5.462032,-0.201406,11.541205
1783943696174,21.900000,-29.430943,-5.206764,-0.221485,18.868381
1783943696194,21.920000,-59.515434,-4.355214,-0.239279,21.307760
1783943696214,21.940000,-42.416756,-2.800506,-0.255741,18.489133
1783943696234,21.960000,-74.244800,-0.639849,-0.271887,13.653405
1783943696254,21.980000,-75.260810,1.777054,-0.285353,11.327073
1783943696274,22.000000,-97.122210,3.900006,-0.295421,12.284249
1783943696294,22.020000,-65.507080,5.145143,-0.297398,12.269682
1783943696314,22.040000,-128.965800,5.129100,-0.291687,7.640246
1783943696334,22.060000,-104.685590,3.809079,-0.277402,0.029930
1783943696354,22.080000,-142.305370,1.415238,-0.253181,-6.038740
1783943696374,22.100000,-138.083020,-1.728762,-0.229399,-8.035186
1783943696394,22.120000,-163.925640,-5.314176,-0.209298,-7.557630
1783943696414,22.140000,-144.628280,-9.029210,-0.199562,-8.766407
1783943696434,22.160000,-194.471340,-12.517188,-0.201790,-14.344612
1783943696454,22.180000,-180.536290,-15.412112,-0.218483,-23.046998
1783943696474,22.200000,-223.306090,-17.451532,-0.244495,-31.493839
1783943696494,22.220000,-222.318970,-18.587720,-0.276929,-37.454303
1783943696514,22.240000,-247.544000,-18.992157,-0.309315,-40.334801
1783943696534,22.260000,-227.492780,-18.915817,-0.337160,-38.098987
1783943696554,22.280000,-266.493650,-18.493254,0.995405,-26.352033
1783943696574,22.300000,-238.758270,-17.631674,0.995887,-4.972769
1783943696594,22.320000,-207.737060,-16.020464,0.946606,16.550223
1783943696614,22.340000,-223.429490,-13.185294,0.846304,27.271966
1783943696634,22.360000,-247.785060,-8.619763,0.704028,26.975219
1783943696654,22.380000,-234.950030,-2.100563,0.547058,24.597870
1783943696674,22.400000,-270.868350,5.953808,0.391927,26.689966
1783943696694,22.420000,-244.499440,14.441272,0.254135,31.971511
1783943696714,22.440000,-281.731500,21.979935,0.145074,35.569861
1783943696734,22.460000,-273.973720,27.435762,0.070033,34.521205
1783943696754,22.480000,-309.600700,30.204622,-0.060888,28.777493
1783943696774,22.500000,-299.829220,30.198294,-0.085502,20.217967
1783943696794,22.520000,-354.022340,27.682592,-0.112992,12.432681
1783943696814,22.540000,-341.279300,23.104652,-0.145958,8.967190
1783943696834,22.560000,-367.140800,16.985865,-0.181980,9.997515
1783943696854,22.580000,-360.999540,9.913126,-0.219537,11.895634
1783943696874,22.600000,-397.288020,2.578797,-0.260503,10.382914
1783943696894,22.620000,-379.667420,-4.250718,-0.297326,4.103835
1783943696914,22.640000,-428.627560,-9.885715,-0.332255,-3.435015
1783943696934,22.660000,-421.676270,-13.896710,-0.359717,-6.137594
1783943696954,22.680000,-447.242900,-16.206797,-0.373225,-2.110507
1783943696974,22.700000,-423.538240,-17.023010,-0.366493,2.716775
1783943696994,22.720000,-454.323000,-16.629710,-0.343477,0.559413
1783943697014,22.740000,-464.477840,-15.204826,-0.303031,-9.800926
1783943697034,22.760000,-502.875180,-12.855682,-0.253793,-23.363985
1783943697054,22.780000,-495.392730,-9.832191,-0.202409,-35.554583
1783943697074,22.800000,-527.832300,-6.633667,-0.158608,-44.066492
1783943697094,22.820000,-527.449300,-3.849405,-0.128636,-45.798835
1783943697114,22.840000,-545.308900,-1.881321,-0.118731,-38.483227
1783943697134,22.860000,-513.796260,-0.762054,-0.128492,-26.624030
1783943697154,22.880000,-532.391900,-0.115999,-0.159959,-19.732329
1783943697174,22.900000,-494.950530,0.765572,-0.202206,-20.305730
1783943697194,22.920000,-567.385700,2.691851,-0.248860,-17.916500
1783943697214,22.940000,-499.636470,6.183580,-0.290657,-1.840747
1783943697234,22.960000,-494.523070,11.202975,-0.320907,23.202396
1783943697254,22.980000,-467.564540,17.298850,0.996076,41.094261
1783943697274,23.000000,-483.709100,24.000763,0.996849,42.268913
1783943697294,23.020000,-485.863100,30.977560,0.946171,31.610191
1783943697314,23.040000,-508.044130,37.781723,0.849206,19.657711
1783943697334,23.060000,-500.303770,43.556885,0.711400,11.057755
1783943697354,23.080000,-525.713870,47.125240,0.557490,2.987271
1783943697374,23.100000,-511.498570,47.414570,0.406659,-7.614301
1783943697394,23.120000,-552.068240,43.889190,0.268559,-18.336318
1783943697414,23.140000,-531.878600,36.716976,0.157420,-24.040687
1783943697434,23.160000,-545.045650,26.667809,0.073606,-23.777123
1783943697454,23.180000,-526.900100,14.915245,0.019096,-22.571783
1783943697474,23.200000,-546.488800,2.841191,-0.016227,-26.168244
1783943697494,23.220000,-530.660600,-8.190891,-0.040694,-34.875356
1783943697514,23.240000,-559.225460,-17.117441,-0.060888,-42.369286
1783943697534,23.260000,-537.152340,-23.407568,-0.085502,-40.725334
1783943697554,23.280000,-535.165900,-27.089828,-0.112992,-27.725642
1783943697574,23.300000,-502.177550,-28.528633,-0.145958,-9.514974
1783943697594,23.320000,-495.203060,-28.087784,-0.181980,4.591764
1783943697614,23.340000,-472.587770,-25.917871,-0.183571,10.658094
1783943697634,23.360000,-488.390620,-22.027784,-0.178342,13.492763
1783943697654,23.380000,-461.515620,-16.568783,-0.170191,20.737852
1783943697674,23.400000,-460.152280,-10.062225,-0.160201,33.947980
1783943697694,23.420000,-423.471070,-3.345183,-0.153239,47.021430
1783943697714,23.440000,-440.139280,2.727250,-0.156580,53.245897
1783943697734,23.460000,-414.511440,7.552301,-0.166555,51.768553
1783943697754,23.480000,-450.306150,10.804974,-0.185699,46.234454
1783943697774,23.500000,-422.126920,12.272120,-0.214439,39.043941
1783943697794,23.520000,-450.671800,11.726829,-0.245436,29.884699
1783943697814,23.540000,-443.717530,8.974842,-0.274184,19.836725
1783943697834,23.560000,-469.771150,3.988914,-0.293505,13.244018
1783943697854,23.580000,-446.727720,-3.000337,-0.300075,13.627638
1783943697874,23.600000,-446.846200,-11.466820,-0.290741,20.101810
1783943697894,23.620000,-430.873570,-20.559542,-0.266107,29.035295
1783943697914,23.640000,-436.165130,-29.144964,-0.229866,36.704595
1783943697934,23.660000,-403.930200,-36.016266,-0.182753,39.607745
1783943697954,23.680000,-429.865840,-40.210255,-0.140207,35.321371
1783943697974,23.700000,-417.704040,-41.281580,-0.105885,24.360484
1783943697994,23.720000,-448.941100,-39.443270,-0.091849,9.500243
1783943698014,23.740000,-436.068100,-35.537724,-0.098846,-6.825219
1783943698034,23.760000,-468.814300,-30.808935,-0.131563,-23.134418
1783943698054,23.780000,-459.500600,-26.524794,-0.178131,-37.643998
1783943698074,23.800000,-480.833000,-23.611734,-0.233404,-48.204431
1783943698094,23.820000,-458.520020,-22.436132,-0.288385,-53.593965
1783943698114,23.840000,-468.872070,-22.751990,-0.332092,-54.151673
1783943698134,23.860000,-444.540300,-23.791727,0.996404,-51.472191
1783943698154,23.880000,-436.045530,-24.479025,0.996400,-47.732741
1783943698174,23.900000,-416.393370,-23.712122,0.950358,-44.459766
1783943698194,23.920000,-411.027770,-20.642725,0.859929,-41.503077
1783943698214,23.940000,-376.346770,-14.879519,0.729545,-37.450941
1783943698234,23.960000,-378.972930,-6.561966,-0.242185,-31.117344
1783943698254,23.980000,-330.441740,3.713642,-0.230392,-22.926254
1783943698274,24.000000,-329.596920,15.083394,-0.213669,-15.019937
1783943698294,24.020000,-286.398680,26.631400,-0.197445,-9.439081
1783943698314,24.040000,-278.976870,37.545380,-0.180955,-5.641267
1783943698334,24.060000,-241.249590,47.183620,-0.165887,-0.366451
1783943698354,24.080000,-238.606900,55.068775,-0.156453,8.406240
1783943698374,24.100000,-173.991520,60.867706,-0.149607,17.463155
1783943698394,24.120000,-173.333570,64.418816,-0.145254,21.073225
1783943698414,24.140000,-139.982070,65.771706,-0.141753,17.986870
1783943698434,24.160000,-145.844020,65.124960,-0.137329,12.401009
1783943698454,24.180000,-98.080185,62.650913,-0.125897,7.737393
1783943698474,24.200000,-101.497530,58.380047,-0.112605,3.129336
1783943698494,24.220000,-70.705580,52.277630,-0.095269,-3.180727
1783943698514,24.240000,-61.613130,44.412212,-0.077138,-9.776415
1783943698534,24.260000,-35.958057,35.045605,-0.060137,-12.791875
1783943698554,24.280000,-17.020023,24.617960,-0.050809,-10.095255
1783943698574,24.300000,28.240036,13.711495,-0.055467,-3.981194
1783943698594,24.320000,36.924706,3.027436,-0.079072,0.934794
1783943698614,24.340000,90.054955,-6.672366,-0.124947,2.542318
1783943698634,24.360000,79.856125,-14.702006,-0.194689,3.082761
1783943698654,24.380000,131.522860,-20.645832,-0.276412,5.418355
1783943698674,24.400000,142.501310,-24.493866,-0.361981,8.724305
1783943698694,24.420000,183.866330,-26.598677,-0.442522,10.049380
1783943698714,24.440000,177.598630,-27.493195,-0.504740,9.158601
1783943698734,24.460000,225.047900,-27.724548,0.996721,9.039112
1783943698754,24.480000,223.234040,-27.783743,0.996614,11.910833
1783943698774,24.500000,272.007400,-28.065878,0.944946,16.954490
1783943698794,24.520000,276.652800,-28.792435,0.845311,22.107186
1783943698814,24.540000,308.595730,-29.952072,0.700760,26.160520
1783943698834,24.560000,315.072480,-31.348831,0.531478,28.028328
1783943698854,24.580000,347.435240,-32.736652,0.355280,25.792745
1783943698874,24.600000,338.124570,-33.946754,0.180494,18.810911
1783943698894,24.620000,352.694950,-34.959490,0.028274,9.756120
1783943698914,24.640000,343.182430,-35.930866,-0.095608,2.349528
1783943698934,24.660000,377.107240,-37.154690,-0.179037,-2.012746
1783943698954,24.680000,357.502930,-38.913580,-0.226538,-3.741795
1783943698974,24.700000,387.680970,-41.279842,-0.113620,-2.946101
1783943698994,24.720000,384.856260,-44.012860,-0.103025,0.212752
1783943699014,24.740000,414.034520,-46.607220,-0.098392,4.488024
1783943699034,24.760000,403.147860,-48.428600,-0.102866,8.375082
1783943699054,24.780000,436.822270,-48.873974,-0.114770,11.260701
1783943699074,24.800000,416.120900,-47.531635,-0.134343,13.060830
1783943699094,24.820000,444.902100,-44.302013,-0.163224,13.125072
1783943699114,24.840000,430.537260,-39.422590,-0.191663,10.385806
1783943699134,24.860000,434.530270,-33.394550,-0.217423,4.901621
1783943699154,24.880000,425.061200,-26.866526,-0.236884,-1.551060
1783943699174,24.900000,428.351560,-20.513860,-0.247520,-6.866899
1783943699194,24.920000,414.900670,-14.919137,-0.243996,-10.305002
1783943699214,24.940000,425.601200,-10.456717,-0.230409,-12.944568
1783943699234,24.960000,408.574920,-7.212163,-0.205221,-16.530439
1783943699254,24.980000,418.020200,-4.984670,-0.172032,-21.528212
1783943699274,25.000000,392.426820,-3.381910,-0.134049,-26.362228
1783943699294,25.020000,410.797730,-1.966549,-0.100108,-28.556154
1783943699314,25.040000,393.505500,-0.374536,-0.080018,-26.157237
1783943699334,25.060000,412.366030,1.657935,-0.081163,-18.445788
1783943699354,25.080000,410.934400,4.341486,-0.110464,-6.561329
1783943699374,25.100000,433.547060,7.887635,-0.171603,6.394331
1783943699394,25.120000,431.457280,12.513446,-0.252954,16.976890
1783943699414,25.140000,448.051730,18.377090,-0.346704,23.658436
1783943699434,25.160000,431.135130,25.455185,-0.441417,27.083657
1783943699454,25.180000,453.031800,33.419680,-0.517118,28.053531
1783943699474,25.200000,426.705380,41.611805,1.000000,25.854510
1783943699494,25.220000,433.922060,49.149937,0.992334,18.619202
1783943699514,25.240000,407.420470,55.111470,0.933145,5.315551
1783943699534,25.260000,402.769100,58.704815,0.826991,-11.677749
1783943699554,25.280000,370.282470,59.388973,0.677977,-26.160781
1783943699574,25.300000,372.486540,56.946606,0.509419,-32.562429
1783943699594,25.320000,363.390380,51.539190,0.340838,-31.657170
1783943699614,25.340000,384.783230,43.770140,0.181686,-29.668977
1783943699634,25.360000,359.334870,34.707535,0.052806,-30.554106
1783943699654,25.380000,372.946350,25.732199,-0.043669,-31.426133
1783943699674,25.400000,364.213620,18.181208,-0.098366,-27.102871
1783943699694,25.420000,388.871550,12.984158,-0.122367,-17.271396
1783943699714,25.440000,383.411870,10.525788,-0.123438,-7.456189
1783943699734,25.460000,401.601070,10.743651,-0.113620,-3.382710
1783943699754,25.480000,392.461880,13.275777,-0.103025,-4.900292
1783943699774,25.500000,389.801180,17.523363,-0.098392,-5.816450
1783943699794,25.520000,392.015200,22.659414,-0.080440,-0.379241
1783943699814,25.540000,421.718080,27.717860,-0.085365,10.992144
1783943699834,25.560000,413.483640,31.836401,-0.091045,23.415422
1783943699854,25.580000,436.754270,34.527500,-0.101882,32.681220
1783943699874,25.600000,428.605300,35.759342,-0.116258,36.501501
1783943699894,25.620000,436.117800,35.778576,-0.134835,32.881376
1783943699914,25.640000,416.614530,34.824024,-0.158735,21.001504
1783943699934,25.660000,413.812440,32.920406,-0.178692,4.483478
1783943699954,25.680000,371.882080,29.819534,-0.193450,-8.979711
1783943699974,25.700000,393.880680,25.086227,-0.199140,-13.917530
1783943699994,25.720000,381.148500,18.338951,-0.192770,-11.963785
1783943700014,25.740000,392.951050,9.584160,-0.174299,-8.851730
1783943700034,25.760000,374.647830,-0.564100,-0.149784,-8.312282
1783943700054,25.780000,395.144780,-10.979611,-0.119779,-9.951511
1783943700074,25.800000,370.561460,-20.396070,-0.093389,-10.580603
1783943700094,25.820000,391.320130,-27.804770,-0.074874,-6.289450
1783943700114,25.840000,384.432300,-32.664715,-0.072510,4.835629
1783943700134,25.860000,407.747200,-34.887010,-0.092428,20.320902
1783943700154,25.880000,413.608220,-34.671375,-0.138635,34.133715
1783943700174,25.900000,427.546700,-32.320885,-0.216010,41.323787
1783943700194,25.920000,407.287100,-28.171920,-0.323291,41.892768
1783943700214,25.940000,416.197020,-22.683237,-0.448871,39.059038
1783943700234,25.960000,397.326350,-16.564173,-0.583270,34.425332
1783943700254,25.980000,398.014340,-10.766655,-0.712775,26.589580
1783943700274,26.000000,364.981200,-6.296250,-0.814861,14.086203
1783943700294,26.020000,360.115940,-3.973010,0.999846,-1.778080
1783943700314,26.040000,329.705440,-4.279232,0.995603,-16.732405
1783943700334,26.060000,325.386230,-7.301327,0.944786,-25.740595
1783943700354,26.080000,301.671020,-12.715352,0.852663,-26.897632
1783943700374,26.100000,321.925540,-19.798560,0.725565,-23.818307
1783943700394,26.120000,307.762400,-27.475454,-0.131949,-22.224771
1783943700414,26.140000,301.307800,-34.443172,-0.108107,-23.841212
1783943700434,26.160000,283.876680,-39.440090,-0.081519,-26.149807
1783943700454,26.180000,295.849240,-41.599873,-0.059315,-27.604598
1783943700474,26.200000,278.223420,-40.675110,-0.046166,-29.188411
1783943700494,26.220000,269.446300,-36.992447,-0.040967,-30.855706
1783943700514,26.240000,265.185820,-31.241920,-0.043728,-30.133171
1783943700534,26.260000,272.004520,-24.258240,-0.051296,-24.766761
1783943700554,26.280000,263.961850,-16.824080,-0.059183,-15.022046
1783943700574,26.300000,278.834000,-9.495877,-0.062339,-3.908462
1783943700594,26.320000,273.037900,-2.522425,-0.058964,4.301542
1783943700614,26.340000,287.411070,4.096028,-0.050766,7.410579
1783943700634,26.360000,252.504210,10.446124,-0.041376,7.540914
1783943700654,26.380000,275.293330,16.506216,-0.034073,8.491110
1783943700674,26.400000,251.672640,22.021010,-0.037009,11.246809
1783943700694,26.420000,266.001070,26.549470,-0.054171,13.866712
1783943700714,26.440000,245.651520,29.660309,-0.090720,15.164141
1783943700734,26.460000,249.904140,31.115433,-0.155272,16.482587
1783943700754,26.480000,241.072020,30.919810,-0.250022,19.573154
1783943700774,26.500000,242.621120,29.272993,-0.369648,24.045052
1783943700794,26.520000,242.899430,26.511019,-0.508721,27.791591
1783943700814,26.540000,231.416530,23.057938,-0.654477,29.214438
1783943700834,26.560000,223.278260,19.347270,-0.792863,27.810263
1783943700854,26.580000,222.052890,15.708535,-0.902479,23.311886
1783943700874,26.600000,198.858200,12.285214,1.000000,16.188900
1783943700894,26.620000,188.566790,9.030104,0.993717,8.530381
1783943700914,26.640000,172.971500,5.761226,0.933671,2.436131
1783943700934,26.660000,167.480480,2.253566,0.827188,-2.377208
1783943700954,26.680000,148.108410,-1.641791,0.683783,-8.084283
1783943700974,26.700000,145.173200,-5.890833,0.516931,-15.854712
1783943700994,26.720000,112.430670,-10.261302,-0.170962,-24.201166
1783943701014,26.740000,120.571080,-14.417797,-0.128723,-30.248444
1783943701034,26.760000,95.135560,-18.037964,-0.077191,-31.834776
1783943701054,26.780000,106.660520,-20.857069,-0.021282,-28.211152
1783943701074,26.800000,99.488010,-22.633432,0.026525,-19.956688
1783943701094,26.820000,106.302410,-23.099508,0.064759,-9.531626
1783943701114,26.840000,104.958466,-21.973562,0.088747,-1.485020
1783943701134,26.860000,115.732860,-19.043056,0.098083,0.419971
1783943701154,26.880000,90.654510,-14.283769,0.096808,-2.142844
1783943701174,26.900000,89.782684,-7.980451,0.089474,-2.527694
1783943701194,26.920000,89.525270,-0.782284,0.077785,3.461720
1783943701214,26.940000,97.652600,6.409378,0.063179,12.113186
1783943701234,26.960000,89.934010,12.730807,0.042468,15.812280
1783943701254,26.980000,94.727970,17.645370,0.016717,11.927126
1783943701274,27.000000,58.828050,21.005968,-0.021347,5.713634
1783943701294,27.020000,67.419914,22.864908,-0.071073,3.405635
1783943701314,27.040000,64.455460,23.259180,-0.134151,4.706925
1783943701334,27.060000,63.600555,22.198110,-0.219174,5.020703
1783943701354,27.080000,42.172585,19.813538,-0.326198,2.805742
1783943701374,27.100000,44.813828,16.438410,-0.452290,0.353209
1783943701394,27.120000,37.325990,12.505586,-0.591518,-1.406345
1783943701414,27.140000,35.004387,8.406711,-0.733859,-4.443640
1783943701434,27.160000,15.109559,4.446141,-0.866885,-9.915821
1783943701454,27.180000,14.083725,0.839885,-0.971222,-15.919281
1783943701474,27.200000,-3.325909,-2.311503,0.952210,-19.465255
1783943701494,27.220000,7.336835,-5.026770,0.946963,-18.851913
1783943701514,27.240000,-5.167859,-7.360992,0.888183,-13.665986
1783943701534,27.260000,8.538853,-9.283000,0.783756,-4.241073
1783943701554,27.280000,12.194788,-10.609557,0.642849,7.631123
1783943701574,27.300000,22.857876,-11.032512,-0.170962,18.314119
1783943701594,27.320000,19.670835,-10.223496,-0.128723,24.042633
1783943701614,27.340000,26.551975,-7.985808,-0.077191,23.670167
1783943701634,27.360000,1.256430,-4.411657,-0.021282,19.579628
1783943701654,27.380000,9.033317,0.021442,0.026525,15.331277
1783943701674,27.400000,-6.410724,4.499566,0.064759,12.677656
1783943701694,27.420000,-5.060027,8.091232,0.088747,11.464957
1783943701714,27.440000,-13.954501,10.046513,0.098083,11.469727
1783943701734,27.460000,-12.694160,10.025228,0.096808,12.689307
1783943701754,27.480000,-23.456257,8.150143,0.089474,13.659182
1783943701774,27.500000,-16.534935,4.901268,0.077785,11.097110
1783943701794,27.520000,-36.520930,0.934333,0.063179,2.967236
1783943701814,27.540000,-52.945610,-3.122913,0.042468,-8.652343
1783943701834,27.560000,-69.231514,-6.862154,0.016717,-19.555241
1783943701854,27.580000,-72.809250,-10.195050,-0.021347,-27.666874
1783943701874,27.600000,-92.475494,-13.278922,-0.071073,-33.539166
1783943701894,27.620000,-91.480950,-16.300970,-0.134151,-37.318013
1783943701914,27.640000,-107.489334,-19.278070,-0.219174,-37.203379
1783943701934,27.660000,-92.519940,-21.990677,-0.326198,-31.206167
1783943701954,27.680000,-98.437130,-24.026382,-0.452290,-19.748982
1783943701974,27.700000,-83.635670,-24.865976,-0.591518,-6.463933
1783943701994,27.720000,-75.232290,-23.993628,-0.733859,3.885525
1783943702014,27.740000,-81.754650,-21.034643,-0.866885,9.051884
1783943702034,27.760000,-84.226830,-15.916137,-0.971222,10.518656
1783943702054,27.780000,-91.493370,-9.002503,0.952210,10.455891
1783943702074,27.800000,-96.056640,-1.112607,0.946963,8.587544
1783943702094,27.820000,-107.144330,6.642900,0.888183,3.225414
1783943702114,27.840000,-130.569090,13.140606,0.783756,-5.646245
1783943702134,27.860000,-140.110460,17.483637,0.642849,-15.733642
1783943702154,27.880000,-160.882800,19.123009,0.479902,-24.160112
1783943702174,27.900000,-169.271060,17.903807,0.315549,-28.509898
1783943702194,27.920000,-178.769350,14.087054,0.154682,-26.797396
1783943702214,27.940000,-180.449070,8.338312,0.017356,-18.142997
1783943702234,27.960000,-173.008450,1.652248,-0.188264,-3.876512
1783943702254,27.980000,-159.172320,-4.778682,-0.146664,13.042841
1783943702274,28.000000,-168.843750,-9.740145,-0.091564,29.691629
1783943702294,28.020000,-151.817230,-12.228429,-0.031063,43.316061
1783943702314,28.040000,-157.868680,-11.697296,0.029302,51.230531
1783943702334,28.060000,-165.964970,-8.216335,0.080429,53.111813
1783943702354,28.080000,-181.655760,-2.475658,0.114834,52.507861
1783943702374,28.100000,-192.465580,4.349775,0.137937,53.389236
1783943702394,28.120000,-199.555340,10.847184,0.149093,55.222711
1783943702414,28.140000,-209.646600,15.706906,0.147806,53.391415
1783943702434,28.160000,-237.709950,18.052970,0.135998,44.686683
1783943702454,28.180000,-261.434750,17.580954,0.110397,30.768703
1783943702474,28.200000,-286.576020,14.445195,0.076217,15.921344
1783943702494,28.220000,-315.837400,9.039920,0.029205,2.790872
1783943702514,28.240000,-333.851260,1.859203,-0.029952,-9.324150
1783943702534,28.260000,-368.391330,-6.518209,-0.103268,-22.964708
1783943702554,28.280000,-389.239750,-15.413213,-0.199900,-39.320552
1783943702574,28.300000,-415.039500,-24.082357,-0.315846,-55.144444
1783943702594,28.320000,-436.819850,-31.796896,-0.450414,-63.195846
1783943702614,28.340000,-466.422000,-37.924680,-0.597001,-59.103576
1783943702634,28.360000,-430.247680,-41.964108,-0.741196,-47.562526
1783943702654,28.380000,-423.830600,-43.460754,-0.872023,-36.030220
1783943702674,28.400000,-470.919920,-41.886272,-0.972745,-23.684101
1783943702694,28.420000,-428.497560,-36.730840,0.886366,-5.865156
1783943702714,28.440000,-417.317140,-27.820587,0.875725,12.300886
1783943702734,28.460000,-421.919860,-15.527720,0.817961,18.018893
1783943702754,28.480000,-447.276600,-0.704599,0.722295,6.832276
1783943702774,28.500000,-478.108030,15.414533,0.597595,-11.581368
1783943702794,28.520000,-483.107300,31.179972,0.453292,-24.071055
1783943702814,28.540000,-502.570200,44.639496,0.302386,-25.459785
1783943702834,28.560000,-488.858100,54.030148,0.153259,-19.182832
1783943702854,28.580000,-496.484130,58.408966,0.017067,-10.730930
1783943702874,28.600000,-487.310550,57.994884,-0.095259,-3.055631
1783943702894,28.620000,-492.196400,54.019154,-0.188264,2.571382
1783943702914,28.640000,-482.057430,48.212276,-0.146664,4.441046
1783943702934,28.660000,-492.904240,42.216870,-0.091564,1.619556
1783943702954,28.680000,-503.752000,37.155290,-0.031063,-3.746255
1783943702974,28.700000,-506.370900,33.435207,0.029302,-7.668270
1783943702994,28.720000,-503.481200,30.804167,0.080429,-7.522978
1783943703014,28.740000,-501.752870,28.631800,0.114834,-2.755714
1783943703034,28.760000,-494.178900,26.299845,0.137937,5.909316
1783943703054,28.780000,-488.929440,23.497660,0.149093,15.439054
1783943703074,28.800000,-472.628480,20.295555,0.147806,19.931074
1783943703094,28.820000,-484.441350,17.024885,0.135998,14.936890
1783943703114,28.840000,-484.393680,14.052678,0.110397,3.562802
1783943703134,28.860000,-512.063660,11.529202,0.076217,-4.536479
1783943703154,28.880000,-491.220900,9.227225,0.029205,-2.497064
1783943703174,28.900000,-479.299930,6.633688,-0.029952,7.145649
1783943703194,28.920000,-470.059080,3.310863,-0.103268,16.794441
1783943703214,28.940000,-468.125000,-0.740621,-0.199900,21.920571
1783943703234,28.960000,-461.317440,-5.038942,-0.315846,22.442035
1783943703254,28.980000,-459.064880,-8.923739,-0.450414,19.031876
1783943703274,29.000000,-466.009460,-11.930084,-0.597001,11.963724
1783943703294,29.020000,-472.475600,-13.988584,-0.741196,3.161901
1783943703314,29.040000,-471.822330,-15.416265,-0.872023,-3.203352
1783943703334,29.060000,-479.265320,-16.757936,-0.972745,-3.477002
1783943703354,29.080000,-456.952360,-18.536486,0.886366,2.100975
1783943703374,29.100000,-456.642940,-20.991035,0.875725,9.208214
1783943703394,29.120000,-444.847300,-23.927925,0.817961,12.802977
1783943703414,29.140000,-445.913820,-26.787710,0.722295,10.739648
1783943703434,29.160000,-444.100460,-28.909770,0.597595,4.911408
1783943703454,29.180000,-454.437560,-29.851156,0.453292,-0.554943
1783943703474,29.200000,-443.374150,-29.578796,0.302386,-2.812940
1783943703494,29.220000,-446.598570,-28.435760,0.153259,-2.502408
1783943703514,29.240000,-436.146850,-26.923569,0.017067,-2.456413
1783943703534,29.260000,-437.755460,-25.446577,-0.095259,-4.513092
1783943703554,29.280000,-435.562650,-24.173529,-0.167319,-8.098441
1783943703574,29.300000,-440.794700,-23.072357,-0.204989,-12.010620
1783943703594,29.320000,-429.851600,-22.039324,-0.210552,-16.372648
1783943703614,29.340000,-432.577640,-20.995556,-0.188264,-21.085461
1783943703634,29.360000,-434.588680,-19.900908,-0.146664,-23.068640
1783943703654,29.380000,-419.379330,-18.726820,-0.091564,-17.808687
1783943703674,29.400000,-399.283450,-17.417732,-0.031063,-4.463081
1783943703694,29.420000,-380.683380,-15.825503,0.029302,11.854658
1783943703714,29.440000,-353.327200,-13.645046,-0.188264,23.624381
1783943703734,29.460000,-350.592470,-10.453801,-0.146664,27.027930
1783943703754,29.480000,-339.846000,-5.916976,-0.091564,24.728545
1783943703774,29.500000,-343.214000,-0.064172,-0.031063,22.378471
1783943703794,29.520000,-320.287450,6.561621,0.029302,22.695107
1783943703814,29.540000,-320.622380,13.024826,0.080429,23.580182
1783943703834,29.560000,-309.294860,18.333727,0.114834,21.354545
1783943703854,29.580000,-301.346920,21.772760,0.137937,14.785538
1783943703874,29.600000,-307.228150,23.047155,0.149093,5.936301
1783943703894,29.620000,-305.527600,22.219995,0.147806,-2.725295
1783943703914,29.640000,-287.281100,19.562578,0.135998,-11.115177
1783943703934,29.660000,-298.308960,15.454364,0.110397,-20.064195
1783943703954,29.680000,-287.230350,10.355121,0.076217,-28.313185
1783943703974,29.700000,-282.023350,4.782960,0.029205,-33.244333
1783943703994,29.720000,-262.027800,-0.733331,-0.029952,-33.809268
1783943704014,29.740000,-249.983930,-5.682358,-0.103268,-31.076560
1783943704034,29.760000,-225.831540,-9.559756,-0.199900,-26.718709
1783943704054,29.780000,-212.511300,-11.887357,-0.315846,-22.441894
1783943704074,29.800000,-186.878700,-12.303807,-0.450414,-20.358546
1783943704094,29.820000,-175.152270,-10.678001,-0.597001,-21.820852
1783943704114,29.840000,-154.100340,-7.179362,-0.741196,-24.885120
1783943704134,29.860000,-152.401700,-2.280640,-0.872023,-24.591679
1783943704154,29.880000,-111.900820,3.311661,-0.972745,-17.642408
1783943704174,29.900000,-88.358430,8.823620,0.886366,-5.957458
1783943704194,29.920000,-54.788063,13.658238,0.875725,5.708933
1783943704214,29.940000,-32.863174,17.582987,0.817961,14.412699
1783943704234,29.960000,-4.624740,20.710575,0.722295,19.923149
1783943704254,29.980000,11.911811,23.280296,0.597595,22.333229
1783943704274,30.000000,38.542110,25.411749,0.453292,21.104794
1783943704294,30.020000,46.689728,26.987020,0.302386,17.013948
1783943704314,30.040000,61.272200,27.676580,0.153259,13.137538
1783943704334,30.060000,78.093300,27.048170,0.017067,11.986370
1783943704354,30.080000,101.268360,24.720375,-0.095259,12.424959
1783943704374,30.100000,117.182434,20.535894,-0.167319,11.416951
1783943704394,30.120000,135.386950,14.683995,-0.204989,8.472011
1783943704414,30.140000,133.590790,7.671824,-0.210552,5.953648
1783943704434,30.160000,172.267610,0.141336,-0.188264,4.728814
1783943704454,30.180000,173.260030,-7.320199,-0.146664,2.592537
1783943704474,30.200000,193.235960,-14.254543,-0.091564,-1.619173
1783943704494,30.220000,195.481140,-20.332418,-0.031063,-5.055789
1783943704514,30.240000,220.164180,-25.366251,0.029302,-3.960987
1783943704534,30.260000,235.870620,-29.316230,0.080429,1.525123
1783943704554,30.280000,258.896940,-32.216858,0.114834,7.132276
1783943704574,30.300000,275.013100,-34.061930,-0.152045,8.799604
1783943704594,30.320000,279.735530,-34.773815,-0.150030,6.335966
1783943704614,30.340000,290.344000,-34.308273,-0.135325,2.472291
1783943704634,30.360000,302.389740,-32.801228,-0.104637,-0.638440
1783943704654,30.380000,306.091600,-30.612900,-0.064221,-2.686431
1783943704674,30.400000,323.695980,-28.221275,-0.016528,-3.640637
1783943704694,30.420000,317.349760,-26.049255,0.033779,-2.806685
1783943704714,30.440000,352.585400,-24.339354,0.077346,0.190485
1783943704734,30.460000,343.655030,-23.106207,0.111355,4.577684
1783943704754,30.480000,367.744080,-22.154772,0.132782,8.725791
1783943704774,30.500000,373.511400,-21.163490,0.138364,10.976584
1783943704794,30.520000,383.903780,-19.807707,0.127198,10.989167
1783943704814,30.540000,378.957100,-17.880707,0.098825,10.206164
1783943704834,30.560000,392.338600,-15.374669,0.056153,9.892039
1783943704854,30.580000,397.209600,-12.487564,-0.002290,9.460043
1783943704874,30.600000,395.200200,-9.537747,-0.075397,7.899172
1783943704894,30.620000,398.871460,-6.833094,-0.159527,5.658984
1783943704914,30.640000,400.811040,-4.585074,-0.262685,3.823965
1783943704934,30.660000,398.344570,-2.894925,-0.382282,2.159977
1783943704954,30.680000,404.341220,-1.765658,-0.512064,-0.716221
1783943704974,30.700000,402.694340,-1.107204,-0.643121,-4.841058
1783943704994,30.720000,392.639340,-0.756332,-0.771505,-7.921341
1783943705014,30.740000,393.412140,-0.535336,-0.886691,-8.477678
1783943705034,30.760000,415.679000,-0.304849,-0.976427,-8.279228
1783943705054,30.780000,390.979060,0.054755,0.834451,-9.083535
1783943705074,30.800000,406.544200,0.693872,0.826425,-9.105734
1783943705094,30.820000,398.933840,1.777087,0.784428,-5.744149
1783943705114,30.840000,422.522700,3.410826,0.715730,0.102183
1783943705134,30.860000,413.323800,5.627053,0.626059,4.981471
1783943705154,30.880000,423.691470,8.433720,0.520782,6.680750
1783943705174,30.900000,415.344970,11.813797,0.404097,5.240055
1783943705194,30.920000,422.870030,15.643093,0.279740,1.514220
1783943705214,30.940000,409.732670,19.629889,0.156253,-3.522943
1783943705234,30.960000,405.514000,23.343613,0.044746,-8.798827
1783943705254,30.980000,407.691700,26.308685,-0.042618,-13.591490
1783943705274,31.000000,398.362850,28.125677,-0.104168,-17.446096
1783943705294,31.020000,399.362370,28.587393,-0.138113,-19.560425
1783943705314,31.040000,400.330930,27.744986,-0.152045,-19.375589
1783943705334,31.060000,396.260200,25.891810,-0.150030,-17.915782
1783943705354,31.080000,414.243400,23.484476,-0.135325,-17.201730
1783943705374,31.100000,394.905700,21.045500,-0.104637,-17.676734
1783943705394,31.120000,409.249850,19.049166,-0.064221,-17.535011
1783943705414,31.140000,399.924500,17.798475,-0.016528,-15.494144
1783943705434,31.160000,422.885830,17.362318,0.033779,-12.698070
1783943705454,31.180000,401.530400,17.621979,0.077346,-10.901097
1783943705474,31.200000,422.634300,18.371843,0.111355,-10.121910
1783943705494,31.220000,411.906680,19.381819,0.132782,-8.543552
1783943705514,31.240000,428.634460,20.417230,0.138364,-3.694760
1783943705534,31.260000,423.816160,21.270336,0.127198,5.670384
1783943705554,31.280000,448.258760,21.813242,-0.152045,17.459687
1783943705574,31.300000,453.643550,22.041077,-0.150030,26.880615
1783943705594,31.320000,460.878360,22.075490,-0.135325,30.753468
1783943705614,31.340000,450.533450,22.088264,-0.104637,30.607131
1783943705634,31.360000,463.388670,22.143957,-0.064221,30.596490
1783943705654,31.380000,455.691600,22.074135,-0.016528,33.090442
1783943705674,31.400000,462.568400,21.509848,0.033779,36.518736
1783943705694,31.420000,458.987980,20.055937,0.077346,36.840024
1783943705714,31.440000,466.707400,17.472383,0.111355,31.775159
1783943705734,31.460000,435.785950,13.745605,0.132782,23.920174
1783943705754,31.480000,442.535700,9.021374,0.138364,17.828736
1783943705774,31.500000,430.875820,3.479276,0.127198,13.905069
1783943705794,31.520000,433.963440,-2.714907,0.098825,8.128292
1783943705814,31.540000,413.498600,-9.339765,0.056153,-1.445288
1783943705834,31.560000,402.207460,-16.058350,-0.002290,-10.962042
1783943705854,31.580000,394.311220,-22.484010,-0.075397,-15.315382
1783943705874,31.600000,402.132780,-28.287718,-0.159527,-14.376198
1783943705894,31.620000,393.000550,-33.196040,-0.262685,-12.672313
1783943705914,31.640000,394.105350,-36.905674,-0.382282,-14.062923
1783943705934,31.660000,382.590820,-39.072080,-0.512064,-18.566294
1783943705954,31.680000,377.248900,-39.437230,-0.643121,-23.965512
1783943705974,31.700000,366.016720,-37.990730,-0.771505,-28.934717
1783943705994,31.720000,365.276370,-35.022846,-0.886691,-33.677839
1783943706014,31.740000,352.020700,-31.033365,-0.976427,-37.775754
1783943706034,31.760000,349.380580,-26.568186,0.834451,-39.054803
1783943706054,31.780000,341.814670,-22.078588,0.826425,-36.065980
1783943706074,31.800000,358.249080,-17.838577,0.784428,-30.754511
1783943706094,31.820000,343.099370,-13.902706,0.715730,-26.678047
1783943706114,31.840000,354.267400,-10.118924,0.626059,-24.677388
1783943706134,31.860000,338.490570,-6.236768,0.520782,-21.891408
1783943706154,31.880000,350.088440,-2.078880,0.404097,-15.437239
1783943706174,31.900000,349.559270,2.345513,0.279740,-5.952445
1783943706194,31.920000,360.333370,6.872697,-0.039346,3.459074
1783943706214,31.940000,353.163640,11.304509,-0.047768,11.233510
1783943706234,31.960000,363.392460,15.487468,-0.043486,18.955197
1783943706254,31.980000,356.005680,19.297640,-0.022356,28.731314
1783943706274,32.000000,374.926000,22.593353,0.011740,39.847447
1783943706294,32.020000,358.687930,25.216227,0.049709,48.640567
1783943706314,32.040000,376.895630,27.031942,0.083021,51.728703
1783943706334,32.060000,342.810670,27.943369,0.104063,49.150525
1783943706354,32.080000,345.865300,27.839203,0.106248,43.739579
1783943706374,32.100000,318.414250,26.523882,0.086849,37.340424
1783943706394,32.120000,313.355530,23.722168,0.043345,28.810292
1783943706414,32.140000,280.032840,19.188631,-0.026633,16.531236
1783943706434,32.160000,268.068570,12.848366,-0.122234,2.167788
1783943706454,32.180000,231.903630,4.867533,-0.236777,-9.358638
1783943706474,32.200000,225.492160,-4.365231,-0.367862,-14.453233
1783943706494,32.220000,210.440640,-14.275285,-0.507488,-14.837296
1783943706514,32.240000,206.164430,-24.105390,-0.646876,-15.411077
1783943706534,32.260000,183.848420,-32.935112,-0.777656,-18.017041
1783943706554,32.280000,175.853650,-39.809505,-0.892019,-19.164703
1783943706574,32.300000,158.032320,-43.975933,-0.977984,-14.938436
1783943706594,32.320000,172.544630,-45.080430,0.801991,-6.444911
1783943706614,32.340000,156.620650,-43.172527,0.788211,1.694496
1783943706634,32.360000,158.019260,-38.556126,0.730043,7.010663
1783943706654,32.380000,129.903990,-31.672165,0.640462,10.218090
1783943706674,32.400000,146.515050,-23.105371,0.533119,11.269387
1783943706694,32.420000,112.056970,-13.611009,0.421598,8.648290
1783943706714,32.440000,110.790016,-4.047080,0.311476,3.519472
1783943706734,32.460000,75.731260,4.749308,0.214531,0.688068
1783943706754,32.480000,85.148445,12.060070,0.132968,3.056138
1783943706774,32.500000,66.677320,17.381409,0.073256,7.229480
1783943706794,32.520000,70.862030,20.555033,0.030947,7.069388
1783943706814,32.540000,34.892740,21.837570,0.001286,0.698252
1783943706834,32.560000,26.662592,21.769560,-0.022291,-8.152761
1783943706854,32.580000,6.563269,20.890823,-0.039346,-15.009860
1783943706874,32.600000,0.495630,19.528467,-0.047768,-18.489413
1783943706894,32.620000,-25.559252,17.803846,-0.043486,-19.755266
1783943706914,32.640000,-14.121140,15.783264,-0.022356,-20.309431
1783943706934,32.660000,-40.018852,13.614865,0.011740,-20.348746
1783943706954,32.680000,-37.220306,11.566216,0.049709,-18.704640
1783943706974,32.700000,-47.269524,9.967762,0.083021,-14.793001
1783943706994,32.720000,-39.939037,9.118573,0.104063,-10.079636
1783943707014,32.740000,-56.489790,9.215271,0.106248,-6.660649
1783943707034,32.760000,-44.551130,10.322771,0.086849,-4.857463
1783943707054,32.780000,-68.819046,12.356626,0.043345,-3.234347
1783943707074,32.800000,-57.714670,15.063229,-0.026633,-1.328492
1783943707094,32.820000,-72.785520,18.038070,-0.122234,-1.353096
1783943707114,32.840000,-68.995580,20.808718,-0.236777,-5.492700
1783943707134,32.860000,-96.688260,22.938745,-0.367862,-11.864969
1783943707154,32.880000,-96.691500,24.081282,-0.507488,-15.635704
1783943707174,32.900000,-107.378660,23.977930,-0.646876,-14.723731
1783943707194,32.920000,-95.503960,22.489252,-0.777656,-12.037485
1783943707214,32.940000,-113.194690,19.695200,-0.892019,-10.917146
1783943707234,32.960000,-108.842210,15.955802,-0.977984,-10.628090
1783943707254,32.980000,-126.034870,11.812631,0.801991,-8.285697
1783943707274,33.000000,-102.588590,7.787682,0.788211,-3.393131
1783943707294,33.020000,-122.319660,4.253482,0.730043,2.164264
1783943707314,33.040000,-107.977050,1.434274,0.640462,7.450941
1783943707334,33.060000,-125.322450,-0.560160,0.533119,12.728603
1783943707354,33.080000,-108.841034,-1.744967,0.421598,16.589619
1783943707374,33.100000,-132.311040,-2.278474,0.311476,16.231918
1783943707394,33.120000,-110.471420,-2.429400,0.214531,12.402602
1783943707414,33.140000,-171.536930,-2.522027,-0.025283,11.216838
1783943707434,33.160000,-125.404680,-2.917523,-0.041305,17.451596
1783943707454,33.180000,-142.422120,-3.963656,-0.046198,28.108446
1783943707474,33.200000,-131.990780,-5.828523,-0.036998,36.163500
1783943707494,33.220000,-156.878100,-8.343395,-0.015492,38.144159
1783943707514,33.240000,-145.439830,-11.068069,0.009708,35.199589
1783943707534,33.260000,-178.037630,-13.572174,0.033107,29.766265
1783943707554,33.280000,-179.302030,-15.686282,0.047252,23.801474
1783943707574,33.300000,-207.498720,-17.549059,0.044872,18.449107
1783943707594,33.320000,-210.120640,-19.490496,0.024083,13.498029
1783943707614,33.340000,-237.985890,-21.848944,-0.018674,7.470340
1783943707634,33.360000,-244.688480,-24.802114,-0.085393,-0.905173
1783943707654,33.380000,-278.834700,-28.290857,-0.175288,-11.028885
1783943707674,33.400000,-286.298340,-32.062965,-0.282016,-20.391544
1783943707694,33.420000,-319.828740,-35.781223,-0.404116,-26.313176
1783943707714,33.440000,-310.488370,-39.105366,-0.532717,-27.504664
1783943707734,33.460000,-343.427370,-41.697144,-0.661838,-24.026677
1783943707754,33.480000,-325.562680,-43.182194,-0.783910,-16.647325
1783943707774,33.500000,-345.274260,-43.139324,-0.892210,-6.741470
1783943707794,33.520000,-330.766330,-41.151974,-0.976652,3.606629
1783943707814,33.540000,-354.171940,-36.914340,0.871945,11.614918
1783943707834,33.560000,-339.690500,-30.360054,0.850719,14.470459
1783943707854,33.580000,-373.092680,-21.765701,0.785668,11.323837
1783943707874,33.600000,-379.689030,-11.785472,0.693043,4.467736
1783943707894,33.620000,-412.940730,-1.400810,0.582853,-3.043236
1783943707914,33.640000,-412.324900,8.224009,0.471814,-10.537920
1783943707934,33.660000,-446.523320,15.986575,0.361345,-18.481865
1783943707954,33.680000,-446.665160,21.128590,0.263635,-24.603626
1783943707974,33.700000,-483.431340,23.417300,0.179284,-24.674439
1783943707994,33.720000,-464.809940,23.144035,0.115251,-18.632793
1783943708014,33.740000,-473.948600,21.013084,0.001200,-12.665976
1783943708034,33.760000,-476.137270,18.017458,0.014828,-12.225878
1783943708054,33.780000,-511.574800,15.253882,0.037690,-15.522361
1783943708074,33.800000,-492.921260,13.614970,0.066841,-16.904535
1783943708094,33.820000,-521.329470,13.500130,0.092459,-14.273053
1783943708114,33.840000,-503.206270,14.775043,0.113810,-10.320281
1783943708134,33.860000,-529.858300,16.995360,0.123950,-7.933994
1783943708154,33.880000,-514.811160,19.672945,0.118823,-6.475727
1783943708174,33.900000,-536.226700,22.410105,0.095508,-2.339686
1783943708194,33.920000,-512.337100,24.925196,0.049517,7.375257
1783943708214,33.940000,-529.937200,27.057276,-0.021374,21.080201
1783943708234,33.960000,-493.406160,28.781357,-0.118076,32.347152
1783943708254,33.980000,-519.728900,30.207443,-0.231965,34.716438
1783943708274,34.000000,-512.787200,31.501001,-0.366571,27.469969
1783943708294,34.020000,-555.355960,32.695070,-0.507072,15.672189
1783943708314,34.040000,-531.475600,33.496580,-0.647917,5.206511
1783943708334,34.060000,-576.577760,33.282860,-0.777232,-0.429310
1783943708354,34.080000,-549.714300,31.359915,-0.890035,-0.073190
1783943708374,34.100000,-574.160500,27.325928,-0.975998,4.842739
1783943708394,34.120000,-544.223270,21.316366,0.735773,9.870811
1783943708414,34.140000,-569.474000,14.020592,0.721671,9.814557
1783943708434,34.160000,-555.551200,6.475140,0.669198,2.706187
1783943708454,34.180000,-592.808960,-0.300989,0.589891,-8.580900
1783943708474,34.200000,-576.183000,-5.675781,0.491221,-18.667211
1783943708494,34.220000,-608.564200,-9.577491,0.388539,-23.486912
1783943708514,34.240000,-581.911400,-12.378464,0.283418,-22.522925
1783943708534,34.260000,-599.324700,-14.576255,0.188587,-18.328849
1783943708554,34.280000,-574.840640,-16.471670,0.109728,-14.128910
1783943708574,34.300000,-591.201300,-18.022593,0.056226,-11.408574
1783943708594,34.320000,-562.621100,-18.920668,0.020924,-9.046887
1783943708614,34.340000,-586.991300,-18.804407,0.004391,-4.535774
1783943708634,34.360000,-545.018430,-17.465280,-0.000984,3.290625
1783943708654,34.380000,-563.393000,-14.933787,0.001200,12.376990
1783943708674,34.400000,-526.302800,-11.433579,0.014828,18.571794
1783943708694,34.420000,-550.331240,-7.285689,0.037690,18.861984
1783943708714,34.440000,-522.904700,-2.859512,0.066841,13.927371
1783943708734,34.460000,-554.849730,1.406411,0.092459,7.730027
1783943708754,34.480000,-532.773300,4.980021,0.113810,4.030394
1783943708774,34.500000,-540.857200,7.294067,0.123950,3.438510
1783943708794,34.520000,-519.641240,7.916220,0.118823,4.673718
1783943708814,34.540000,-536.280500,6.743591,0.095508,7.449183
1783943708834,34.560000,-498.105740,4.077059,0.049517,11.996079
1783943708854,34.580000,-515.015000,0.525988,0.001200,16.561453
1783943708874,34.600000,-477.700680,-3.178096,0.014828,17.799024
1783943708894,34.620000,-501.328430,-6.365428,0.037690,14.282658
1783943708914,34.640000,-474.695200,-8.587183,0.066841,8.512978
1783943708934,34.660000,-500.956020,-9.735806,0.092459,4.302915
1783943708954,34.680000,-458.958130,-10.057797,0.113810,2.623238
1783943708974,34.700000,-479.124700,-10.006844,0.123950,1.437200
1783943708994,34.720000,-452.006040,-10.004033,0.118823,-0.899135
1783943709014,34.740000,-463.797030,-10.264962,0.095508,-3.974519
1783943709034,34.760000,-431.858200,-10.783928,0.049517,-6.720936
1783943709054,34.780000,-449.563480,-11.419910,-0.021374,-8.785960
1783943709074,34.800000,-411.069340,-11.985965,-0.118076,-10.290889
1783943709094,34.820000,-418.371200,-12.300076,-0.231965,-10.812456
1783943709114,34.840000,-394.509950,-12.209239,-0.366571,-9.485581
1783943709134,34.860000,-386.502870,-11.606360,-0.507072,-6.930011
1783943709154,34.880000,-349.765000,-10.435636,-0.647917,-5.786455
1783943709174,34.900000,-363.113650,-8.682010,-0.777232,-7.746959
1783943709194,34.920000,-325.472560,-6.375530,-0.890035,-11.227937
1783943709214,34.940000,-332.998470,-3.635100,-0.975998,-13.151163
1783943709234,34.960000,-289.672550,-0.703035,0.735773,-11.932633
1783943709254,34.980000,-292.227300,2.111177,0.721671,-8.175152
1783943709274,35.000000,-244.847990,4.562089,0.669198,-3.474916
1783943709294,35.020000,-243.079940,6.568037,0.589891,0.991567
1783943709314,35.040000,-192.563050,8.218005,0.491221,5.217478
1783943709334,35.060000,-200.033450,9.697545,0.388539,9.579586
1783943709354,35.080000,-143.092650,11.174153,0.283418,13.027554
1783943709374,35.100000,-142.900000,12.705308,0.188587,13.457868
1783943709394,35.120000,-101.749560,14.216535,0.109728,10.862356
1783943709414,35.140000,-113.816800,15.523074,0.056226,7.896587
1783943709434,35.160000,-60.971200,16.345612,0.020924,5.735424
1783943709454,35.180000,-58.388786,16.350740,0.004391,2.122047
1783943709474,35.200000,-27.579882,15.267194,-0.000984,-4.455956
1783943709494,35.220000,-34.447950,13.001961,0.001200,-11.760665
1783943709514,35.240000,9.734192,9.638301,0.014828,-17.592597
1783943709534,35.260000,4.963468,5.351210,0.037690,-24.025003
1783943709554,35.280000,44.006004,0.367215,0.066841,-34.590390
1783943709574,35.300000,28.995544,-5.022235,0.092459,-47.720125
1783943709594,35.320000,66.687065,-10.491128,0.113810,-55.616984
1783943709614,35.340000,68.619736,-15.757544,0.123950,-51.325790
1783943709634,35.360000,134.796250,-20.590252,0.118823,-36.258681
1783943709654,35.380000,157.915370,-24.676844,0.095508,-18.797703
1783943709674,35.400000,206.719560,-27.474585,0.049517,-5.451272
1783943709694,35.420000,216.811980,-28.265081,-0.021374,4.183944
1783943709714,35.440000,268.683960,-26.471878,-0.118076,13.207135
1783943709734,35.460000,280.750200,-22.021362,-0.231965,21.500744
1783943709754,35.480000,326.026860,-15.467090,-0.366571,26.468007
1783943709774,35.500000,321.530180,-7.828096,-0.507072,27.776090
1783943709794,35.520000,357.409300,-0.319116,-0.647917,28.274092
1783943709814,35.540000,366.257870,5.882872,-0.777232,30.340688
1783943709834,35.560000,396.644380,9.839188,-0.890035,33.508961
1783943709854,35.580000,396.977140,11.025647,-0.975998,35.860679
1783943709874,35.600000,436.010680,9.418038,0.735773,36.309019
1783943709894,35.620000,414.744960,5.428321,0.000000,35.034318
1783943709914,35.640000,455.884900,-0.280515,0.000000,32.258019
1783943709934,35.660000,439.650420,-6.996513,0.001200,27.776192
1783943709954,35.680000,457.345980,-14.095946,0.014828,22.126145
1783943709974,35.700000,443.908080,-21.108036,0.037690,16.888675
1783943709994,35.720000,473.261230,-27.720179,0.066841,13.280656
1783943710014,35.740000,443.230600,-33.731564,0.092459,11.065155
1783943710034,35.760000,479.131400,-38.978320,0.113810,8.486084
1783943710054,35.780000,449.552430,-43.277830,0.123950,3.384689
1783943710074,35.800000,473.650020,-46.431904,0.118823,-4.447236
1783943710094,35.820000,431.669370,-48.284008,0.095508,-12.438086
1783943710114,35.840000,463.942080,-48.795177,0.049517,-17.780602
1783943710134,35.860000,431.261720,-48.074750,-0.021374,-19.875279
1783943710154,35.880000,458.118160,-46.309280,-0.118076,-19.296874
1783943710174,35.900000,436.067260,-43.631016,-0.231965,-15.512599
1783943710194,35.920000,462.349760,-40.033676,-0.366571,-7.165286
1783943710214,35.940000,453.246370,-35.384518,-0.507072,5.277411
1783943710234,35.960000,484.110600,-29.489447,-0.647917,17.981527
1783943710254,35.980000,463.974430,-22.172628,-0.777232,25.469440
1783943710274,36.000000,484.496460,-13.384598,-0.890035,24.183367
1783943710294,36.020000,444.918030,-3.342429,-0.975998,14.880578
1783943710314,36.040000,450.984680,7.352084,0.735773,1.838140
1783943710334,36.060000,407.637450,17.711775,0.721671,-10.605576
1783943710354,36.080000,421.991150,26.546717,0.669198,-20.766327
1783943710374,36.100000,381.202120,32.798176,0.589891,-28.768790
1783943710394,36.120000,394.139250,35.883373,0.491221,-33.874051
1783943710414,36.140000,368.706800,35.884296,0.388539,-33.897995
1783943710434,36.160000,387.286440,33.514520,0.283418,-27.603999
1783943710454,36.180000,373.357480,29.922470,0.188587,-17.259683
1783943710474,36.200000,404.863200,26.433289,0.109728,-7.995661
1783943710494,36.220000,372.907350,24.284819,0.056226,-3.955309
1783943710514,36.240000,396.629880,24.362680,0.020924,-5.277383
1783943710534,36.260000,361.906740,26.970991,0.004391,-8.804935
1783943710554,36.280000,382.185500,31.735937,-0.000984,-10.950326
1783943710574,36.300000,354.466670,37.729527,0.001200,-10.101997
1783943710594,36.320000,374.819180,43.786182,0.014828,-7.563494
1783943710614,36.340000,354.078920,48.864853,0.037690,-6.360580
1783943710634,36.360000,376.334300,52.308304,0.066841,-7.963847
1783943710654,36.380000,335.558650,53.916553,-0.069643,-10.161248
1783943710674,36.400000,368.249700,53.833843,-0.031790,-9.423623
1783943710694,36.420000,345.743700,52.363026,0.020192,-4.813245
1783943710714,36.440000,376.200500,49.855316,0.082754,1.898175
1783943710734,36.460000,352.206900,46.704700,0.139703,8.689723
1783943710754,36.480000,384.594800,43.344288,0.189452,13.886247
1783943710774,36.500000,361.875240,40.167633,0.219273,15.507295
1783943710794,36.520000,382.108760,37.418230,0.225463,12.523603
1783943710814,36.540000,355.001800,35.115720,0.205182,6.904051
1783943710834,36.560000,365.528870,33.036310,0.155252,2.476508
1783943710854,36.580000,345.682130,30.756819,0.076783,0.799787
1783943710874,36.600000,375.847300,27.793947,-0.031040,-0.125896
1783943710894,36.620000,344.217620,23.819270,-0.158629,-1.702857
1783943710914,36.640000,362.590700,18.819040,-0.309424,-1.633159
1783943710934,36.660000,354.393100,13.082538,-0.466445,2.776673
1783943710954,36.680000,380.562650,7.070626,-0.623749,10.146633
1783943710974,36.700000,366.287350,1.302508,-0.764766,16.167656
1783943710994,36.720000,393.946100,-3.707524,-0.887327,18.440191
1783943711014,36.740000,366.315500,-7.542491,-0.976349,18.777395
1783943711034,36.760000,396.668520,-10.020905,0.755109,20.588057
1783943711054,36.780000,376.273930,-11.275922,0.741825,24.572649
1783943711074,36.800000,404.791080,-11.691684,0.680155,27.515430
1783943711094,36.820000,380.541320,-11.736974,0.581834,25.193186
1783943711114,36.840000,393.197100,-11.819570,0.455254,16.012101
1783943711134,36.860000,355.114260,-12.259740,0.323057,1.817891
1783943711154,36.880000,366.686340,-13.358051,0.190662,-13.895609
1783943711174,36.900000,330.262200,-15.437027,0.076921,-27.463229
1783943711194,36.920000,343.220370,-18.771217,-0.011666,-35.427181
1783943711214,36.940000,318.118530,-23.432785,-0.064890,-35.602539
1783943711234,36.960000,357.225920,-29.142965,-0.093367,-28.510803
1783943711254,36.980000,336.486570,-35.202827,-0.099454,-17.005754
1783943711274,37.000000,375.802550,-40.558260,-0.090043,-4.733197
1783943711294,37.020000,359.415040,-44.028660,-0.069643,4.606630
1783943711314,37.040000,389.490720,-44.645750,-0.031790,8.040306
1783943711334,37.060000,359.625240,-41.969234,0.020192,5.226758
1783943711354,37.080000,376.656560,-36.258420,0.082754,-0.563982
1783943711374,37.100000,348.424200,-28.447240,0.139703,-4.534339
1783943711394,37.120000,369.256740,-19.914911,0.189452,-4.048614
1783943711414,37.140000,352.491900,-12.096767,0.219273,-0.439041
1783943711434,37.160000,372.431200,-6.069998,0.225463,2.527295
1783943711454,37.180000,346.534520,-2.298923,0.205182,1.697601
1783943711474,37.200000,368.852870,-0.648044,0.155252,-3.409235
1783943711494,37.220000,323.125730,-0.616555,0.076783,-10.736403
1783943711514,37.240000,346.568940,-1.644751,-0.031040,-17.744807
1783943711534,37.260000,312.689700,-3.327544,-0.158629,-23.136165
1783943711554,37.280000,325.425870,-5.450249,-0.069643,-26.324398
1783943711574,37.300000,300.356400,-7.889286,-0.031790,-26.133916
1783943711594,37.320000,329.544650,-10.479949,0.020192,-20.845422
1783943711614,37.340000,299.110000,-12.931184,0.082754,-9.690543
1783943711634,37.360000,345.194270,-14.813924,0.139703,5.364943
1783943711654,37.380000,327.686370,-15.610928,0.189452,19.996189
1783943711674,37.400000,353.163300,-14.819745,0.219273,30.655047
1783943711694,37.420000,326.883970,-12.110724,0.225463,36.634493
1783943711714,37.440000,354.837980,-7.507387,0.205182,38.890379
1783943711734,37.460000,312.496830,-1.494770,0.155252,38.395377
1783943711754,37.480000,335.978730,5.036242,0.076783,35.954861
1783943711774,37.500000,294.647900,10.999318,-0.031040,32.328986
1783943711794,37.520000,305.426640,15.375191,-0.158629,27.633807
1783943711814,37.540000,267.220200,17.429330,-0.309424,20.785081
1783943711834,37.560000,277.421500,16.838766,-0.466445,10.731785
1783943711854,37.580000,223.490300,13.708198,-0.623749,-1.127268
1783943711874,37.600000,232.038730,8.479179,-0.764766,-10.971567
1783943711894,37.620000,194.745150,1.785496,-0.887327,-15.765653
1783943711914,37.640000,207.620010,-5.654766,-0.976349,-15.661490
1783943711934,37.660000,175.814940,-13.064977,0.755109,-13.177838
1783943711954,37.680000,193.308960,-19.613256,0.741825,-10.808477
1783943711974,37.700000,158.246250,-24.485620,0.680155,-9.192707
1783943711994,37.720000,181.576500,-27.033356,0.581834,-6.937893
1783943712014,37.740000,132.381640,-26.921667,0.455254,-2.579043
1783943712034,37.760000,180.259520,-24.204895,0.323057,3.063880
1783943712054,37.780000,125.528060,-19.278578,0.190662,7.192655
1783943712074,37.800000,149.473140,-12.745814,0.076921,7.375990
1783943712094,37.820000,112.003650,-5.300188,-0.011666,3.088194
1783943712114,37.840000,120.945330,2.333181,-0.064890,-3.596151
1783943712134,37.860000,71.944010,9.433599,-0.093367,-8.564726
1783943712154,37.880000,95.793780,15.345874,-0.099454,-9.102027
1783943712174,37.900000,59.885567,19.583105,-0.090043,-7.045856
1783943712194,37.920000,79.139170,21.953379,-0.069643,-7.002645
1783943712214,37.940000,34.766430,22.637224,-0.031790,-11.535701
1783943712234,37.960000,49.857403,22.110016,0.020192,-18.895382
1783943712254,37.980000,2.279201,20.917479,-0.092311,-24.921830
1783943712274,38.000000,28.341713,19.462858,-0.056664,-26.300106
1783943712294,38.020000,-11.359045,17.951265,-0.004235,-22.253375
1783943712314,38.040000,22.037868,16.490402,0.060328,-14.254122
1783943712334,38.060000,-4.922296,15.236466,0.129863,-4.822312
1783943712354,38.080000,21.750187,14.467339,0.186920,3.564141
1783943712374,38.100000,-6.388742,14.525688,0.221564,8.829901
1783943712394,38.120000,15.471966,15.662955,0.222045,9.468136
1783943712414,38.140000,-20.647530,17.875048,0.186243,5.499135
1783943712434,38.160000,-11.631203,20.817274,0.120254,-0.801015
1783943712454,38.180000,-46.582474,23.837317,0.028821,-6.192028
1783943712474,38.200000,-29.445774,26.123892,-0.080946,-8.620650
1783943712494,38.220000,-56.948210,26.945414,-0.204826,-7.676062
1783943712514,38.240000,-42.069134,25.898737,-0.333288,-3.996051
1783943712534,38.260000,-66.542984,23.042380,-0.465959,0.393579
1783943712554,38.280000,-36.695770,18.852150,-0.592890,2.619707
1783943712574,38.300000,-75.240850,14.050713,-0.712561,2.287842
1783943712594,38.320000,-58.596622,9.384324,-0.816557,3.085109
1783943712614,38.340000,-82.953964,5.402593,-0.905618,8.406598
1783943712634,38.360000,-50.449673,2.335778,-0.970552,16.396751
1783943712654,38.380000,-81.039950,0.152310,1.000000,21.872328
1783943712674,38.400000,-58.966180,-1.273802,0.984140,22.451891
1783943712694,38.420000,-102.069305,-2.072256,0.901417,20.321404
1783943712714,38.440000,-76.862620,-2.432395,0.767373,17.852178
1783943712734,38.460000,-119.345024,-2.677428,0.595881,13.767166
1783943712754,38.480000,-103.847460,-3.227022,0.416097,5.113033
1783943712774,38.500000,-157.836610,-4.478635,0.242055,-7.797151
1783943712794,38.520000,-145.635930,-6.718967,0.097367,-19.900875
1783943712814,38.540000,-196.160370,-10.100485,-0.011904,-25.438061
1783943712834,38.560000,-164.885130,-14.615254,-0.078528,-23.217057
1783943712854,38.580000,-202.100050,-20.009506,-0.113136,-17.248554
1783943712874,38.600000,-174.125980,-25.697230,-0.121643,-12.147792
1783943712894,38.620000,-214.361330,-30.803293,-0.115096,-8.778317
1783943712914,38.640000,-189.286830,-34.391130,-0.092311,-4.922511
1783943712934,38.660000,-229.221100,-35.772423,-0.056664,0.605450
1783943712954,38.680000,-192.644260,-34.712940,-0.004235,6.181919
1783943712974,38.700000,-239.061630,-31.430616,0.060328,10.214063
1783943712994,38.720000,-219.836550,-26.453718,0.129863,13.727041
1783943713014,38.740000,-251.024720,-20.470976,0.186920,18.237293
1783943713034,38.760000,-232.483890,-14.214612,0.221564,22.352266
1783943713054,38.780000,-275.138920,-8.347333,0.222045,22.518118
1783943713074,38.800000,-259.343870,-3.366443,0.186243,17.269193
1783943713094,38.820000,-310.983700,0.417411,0.120254,9.986817
1783943713114,38.840000,-308.259920,2.820374,0.028821,6.171698
1783943713134,38.860000,-338.588170,3.726204,-0.080946,7.161823
1783943713154,38.880000,-322.319240,3.119639,-0.204826,8.176864
1783943713174,38.900000,-374.015870,1.197104,-0.333288,4.044568
1783943713194,38.920000,-365.263520,-1.587593,-0.092311,-4.601811
1783943713214,38.940000,-416.272220,-4.654472,-0.056664,-12.008674
1783943713234,38.960000,-401.353180,-7.520570,-0.004235,-13.156514
1783943713254,38.980000,-442.994020,-9.912921,0.060328,-8.282218
1783943713274,39.000000,-408.190920,-11.688263,0.129863,-1.836009
1783943713294,39.020000,-461.416930,-12.671361,0.186920,2.731966
1783943713314,39.040000,-430.693900,-12.586843,0.221564,6.299527
1783943713334,39.060000,-474.583920,-11.152847,0.222045,11.782548
1783943713354,39.080000,-444.789400,-8.244279,0.186243,19.388978
1783943713374,39.100000,-485.787720,-3.981293,0.120254,24.975291
1783943713394,39.120000,-457.385380,1.305361,0.028821,23.524879
1783943713414,39.140000,-522.034200,7.152079,-0.080946,14.350909
1783943713434,39.160000,-505.108580,12.990260,-0.204826,2.083963
1783943713454,39.180000,-562.313350,18.138456,-0.333288,-7.844665
1783943713474,39.200000,-539.297000,21.863642,-0.465959,-13.711276
1783943713494,39.220000,-586.545700,23.576454,-0.592890,-17.181558
1783943713514,39.240000,-564.163000,23.074850,-0.712561,-19.943660
1783943713534,39.260000,-609.600500,20.660242,-0.816557,-22.187513
1783943713554,39.280000,-582.021360,17.042680,-0.905618,-24.245789
1783943713574,39.300000,-627.346200,13.107137,-0.970552,-28.034157
1783943713594,39.320000,-603.380070,9.666200,1.000000,-35.241906
1783943713614,39.340000,-647.995240,7.280735,0.984140,-43.825781
1783943713634,39.360000,-630.546200,6.172128,0.901417,-47.825637
1783943713654,39.380000,-660.401400,6.232649,0.767373,-42.642102
1783943713674,39.400000,-608.023250,7.157629,0.595881,-30.031793
1783943713694,39.420000,-633.527900,8.685380,0.416097,-15.796803
1783943713714,39.440000,-590.415500,10.808263,0.242055,-3.142295
1783943713734,39.460000,-611.228000,13.774067,0.097367,9.219669
1783943713754,39.480000,-563.418500,17.859715,-0.149541,22.685769
1783943713774,39.500000,-582.072900,23.109747,-0.133318,35.057681
1783943713794,39.520000,-538.060400,29.230013,-0.096577,42.358653
1783943713814,39.540000,-569.550300,35.638540,-0.043063,43.407559
1783943713834,39.560000,-537.172240,41.562664,0.021653,41.044116
1783943713854,39.580000,-572.882500,46.125576,0.083510,38.293818
1783943713874,39.600000,-527.574500,48.459910,0.130842,34.801848
1783943713894,39.620000,-569.332760,47.890827,0.152883,28.582888
1783943713914,39.640000,-541.303830,44.123165,0.144174,19.778507
1783943713934,39.660000,-578.563500,37.302470,0.107028,10.067367
1783943713954,39.680000,-548.846300,27.920350,0.042773,-0.690456
1783943713974,39.700000,-582.307860,16.670572,-0.042802,-13.782646
1783943713994,39.720000,-561.862400,4.350678,-0.147607,-27.076781
1783943714014,39.740000,-599.228150,-8.214714,-0.263739,-34.484569
1783943714034,39.760000,-551.842000,-20.261229,-0.388220,-32.451756
1783943714054,39.780000,-570.095340,-31.117700,-0.509715,-25.280363
1783943714074,39.800000,-521.619500,-40.143032,-0.626807,-21.196418
1783943714094,39.820000,-550.968930,-46.675120,-0.729891,-23.218006
1783943714114,39.840000,-518.561040,-50.148087,-0.818951,-26.042942
1783943714134,39.860000,-536.802100,-50.355022,-0.883705,-22.582417
1783943714154,39.880000,-475.350620,-47.613544,1.000000,-11.494402
1783943714174,39.900000,-493.387630,-42.637352,0.981492,2.801896
1783943714194,39.920000,-443.436650,-36.212563,0.899241,14.818258
1783943714214,39.940000,-452.660130,-28.958618,0.769468,20.863506
1783943714234,39.960000,-414.212280,-21.319330,0.603612,20.118784
1783943714254,39.980000,-447.247860,-13.703973,0.430686,15.300760
1783943714274,40.000000,-409.300300,-6.631403,0.262093,10.778437
1783943714294,40.020000,-432.504640,-0.771241,0.120949,8.929393
1783943714314,40.040000,-389.205750,3.180474,0.009677,9.291740
1783943714334,40.060000,-419.387050,4.750569,-0.063606,10.772672
1783943714354,40.080000,-369.910770,3.893302,-0.111510,12.730484
1783943714374,40.100000,-397.976440,1.011719,-0.137386,13.939050
1783943714394,40.120000,-354.146670,-3.186410,-0.151411,12.396825
1783943714414,40.140000,-386.868700,-7.899895,-0.149541,7.108305
1783943714434,40.160000,-353.584560,-12.440734,-0.133318,-0.579797
1783943714454,40.180000,-389.502870,-16.390902,-0.096577,-8.288311
1783943714474,40.200000,-351.710330,-19.655200,-0.043063,-15.153416
1783943714494,40.220000,-388.518250,-22.381098,0.021653,-21.990721
1783943714514,40.240000,-344.776980,-24.787485,0.083510,-28.248886
1783943714534,40.260000,-387.006560,-26.997961,0.130842,-29.938635
1783943714554,40.280000,-330.801270,-28.959920,0.152883,-22.771749
1783943714574,40.300000,-347.889100,-30.440912,0.144174,-7.754657
1783943714594,40.320000,-281.568100,-31.037971,0.107028,8.328087
1783943714614,40.340000,-306.602540,-30.202047,0.042773,19.209504
1783943714634,40.360000,-255.976750,-27.366465,-0.042802,24.818233
1783943714654,40.380000,-284.348420,-22.211891,-0.147607,29.681539
1783943714674,40.400000,-231.306300,-14.923672,-0.263739,36.622370
1783943714694,40.420000,-250.170840,-6.231490,-0.388220,43.623834
1783943714714,40.440000,-207.083620,2.817316,-0.509715,46.819467
1783943714734,40.460000,-241.007300,11.178528,-0.626807,44.691553
1783943714754,40.480000,-199.667300,18.017305,-0.729891,38.593536
1783943714774,40.500000,-232.387760,22.756353,-0.818951,30.839101
1783943714794,40.520000,-205.732070,25.060648,-0.883705,23.045723
1783943714814,40.540000,-234.945590,24.831003,1.000000,14.784791
1783943714834,40.560000,-201.353550,22.207193,-0.149541,3.660956
1783943714854,40.580000,-241.264250,17.561308,-0.133318,-11.426850
1783943714874,40.600000,-214.018430,11.457886,-0.096577,-27.295617
1783943714894,40.620000,-261.169770,4.553301,-0.043063,-39.119784
1783943714914,40.640000,-205.034360,-2.530111,0.021653,-45.866502
1783943714934,40.660000,-234.871700,-9.237542,0.083510,-50.034455
1783943714954,40.680000,-203.389400,-15.002479,0.130842,-52.167859
1783943714974,40.700000,-212.037410,-19.204412,0.152883,-49.682119
1783943714994,40.720000,-162.979870,-21.258095,0.144174,-41.850401
1783943715014,40.740000,-167.400150,-20.744236,0.107028,-32.488069
1783943715034,40.760000,-117.094160,-17.466171,0.042773,-26.066593
1783943715054,40.780000,-127.002780,-11.461801,-0.042802,-22.620839
1783943715074,40.800000,-87.729320,-3.057038,-0.147607,-18.276186
1783943715094,40.820000,-84.872250,7.074457,-0.263739,-10.762628
1783943715114,40.840000,-24.920296,17.971140,-0.388220,-2.040911
1783943715134,40.860000,-38.823902,28.602354,-0.509715,5.555017
1783943715154,40.880000,16.019587,38.113070,-0.626807,12.771437
1783943715174,40.900000,13.815791,45.931180,-0.729891,20.892127
1783943715194,40.920000,75.074870,51.736980,-0.818951,28.118455
1783943715214,40.940000,55.988930,55.409260,-0.883705,30.800804
1783943715234,40.960000,115.886490,56.982784,1.000000,27.337245
1783943715254,40.980000,79.727690,56.564790,0.981492,19.450520
1783943715274,41.000000,133.289670,54.216053,0.899241,9.770344
1783943715294,41.020000,106.024340,49.892360,0.769468,-0.588091
1783943715314,41.040000,150.714610,43.511920,0.603612,-11.065508
1783943715334,41.060000,127.029910,35.103500,0.430686,-19.259310
1783943715354,41.080000,176.650500,24.935226,0.262093,-21.695319
1783943715374,41.100000,164.003420,13.558929,0.120949,-17.877693
1783943715394,41.120000,231.198290,1.782464,0.009677,-12.208287
1783943715414,41.140000,213.272830,-9.401473,-0.063606,-10.065725
1783943715434,41.160000,263.805360,-18.963425,-0.111510,-12.105342
1783943715454,41.180000,245.286440,-26.085321,-0.137386,-13.746575
1783943715474,41.200000,303.561430,-30.410065,-0.155970,-10.213378
1783943715494,41.220000,296.383480,-32.115540,-0.122415,-1.392148
1783943715514,41.240000,347.771580,-31.747484,-0.072993,7.536658
1783943715534,41.260000,344.095580,-29.949392,-0.008946,10.067645
1783943715554,41.280000,391.428040,-27.276146,0.053320,5.041319
1783943715574,41.300000,348.970150,-24.173930,0.109049,-0.447658
1783943715594,41.320000,407.331300,-21.087137,0.146206,2.136133
1783943715614,41.340000,406.431580,-18.528610,0.159990,13.203327
1783943715634,41.360000,462.535060,-16.946388,0.145698,25.746534
1783943715654,41.380000,443.518800,-16.455389,0.101743,34.402241
1783943715674,41.400000,492.196260,-16.729216,0.030631,39.339922
1783943715694,41.420000,477.834350,-17.211832,-0.071484,41.844768
1783943715714,41.440000,517.308900,-17.456398,-0.197232,40.823563
1783943715734,41.460000,487.526980,-17.323080,-0.342995,35.116341
1783943715754,41.480000,517.587600,-16.991201,-0.490315,26.644665
1783943715774,41.500000,485.649050,-16.874968,-0.634177,19.256920
1783943715794,41.520000,518.706600,-17.482075,-0.758149,14.644010
1783943715814,41.540000,486.591220,-19.220402,-0.864637,10.268983
1783943715834,41.560000,522.717400,-22.212206,-0.940955,2.174129
1783943715854,41.580000,475.367300,-26.215643,1.000000,-9.990817
1783943715874,41.600000,494.746400,-30.717321,0.988713,-21.917501
1783943715894,41.620000,465.988040,-35.144215,0.910812,-28.954985
1783943715914,41.640000,502.205500,-39.026170,0.779327,-29.610138
1783943715934,41.660000,464.434360,-41.989094,0.606383,-24.614031
1783943715954,41.680000,517.483900,-43.647034,0.422791,-15.448090
1783943715974,41.700000,491.363220,-43.546223,0.240365,-4.842812
1783943715994,41.720000,532.141800,-41.225925,0.087486,3.158738
1783943716014,41.740000,502.110570,-36.361290,-0.032720,4.927369
1783943716034,41.760000,530.732850,-28.936043,-0.107494,-0.568973
1783943716054,41.780000,477.474850,-19.389633,-0.151730,-10.861629
1783943716074,41.800000,512.904360,-8.651229,-0.169932,-21.076506
1783943716094,41.820000,461.597700,2.013549,-0.170168,-26.181760
1783943716114,41.840000,499.090400,11.323697,-0.155970,-23.610435
1783943716134,41.860000,471.217040,18.358118,-0.122415,-15.341772
1783943716154,41.880000,516.510250,22.835657,-0.072993,-6.708128
1783943716174,41.900000,480.680900,25.177622,-0.008946,-1.552889
1783943716194,41.920000,514.871200,26.305975,0.053320,1.094097
1783943716214,41.940000,483.190500,27.245642,-0.162548,4.739847
1783943716234,41.960000,518.867900,28.729324,-0.092322,10.541268
1783943716254,41.980000,490.839170,31.013083,-0.017334,15.715908
1783943716274,42.000000,525.280300,33.944126,0.056200,16.761977
1783943716294,42.020000,476.047970,37.140522,0.113380,13.059744
1783943716314,42.040000,506.667720,40.120743,0.149744,6.369799
1783943716334,42.060000,463.701840,42.355990,0.157693,-1.981618
1783943716354,42.080000,481.604550,43.325733,0.139029,-11.629282
1783943716374,42.100000,436.701420,42.618904,0.096743,-21.631173
1783943716394,42.120000,459.723080,40.037296,0.035904,-30.225726
1783943716414,42.140000,411.163640,35.646545,-0.037718,-36.210364
1783943716434,42.160000,452.482240,29.778894,-0.125013,-39.260182
1783943716454,42.180000,406.203060,23.015198,-0.224959,-38.233561
1783943716474,42.200000,445.240570,16.128986,-0.339677,-30.622601
1783943716494,42.220000,427.684140,9.976575,-0.459906,-15.352437
1783943716514,42.240000,479.501700,5.376968,-0.585039,4.626742
1783943716534,42.260000,456.941960,3.024607,-0.697956,23.566941
1783943716554,42.280000,502.995180,3.404785,-0.797976,36.254776
1783943716574,42.300000,473.176400,6.655701,-0.870052,40.817634
1783943716594,42.320000,501.431400,12.411285,1.000000,40.103143
1783943716614,42.340000,462.036000,19.742186,0.995456,39.849977
1783943716634,42.360000,494.425000,27.277628,0.925406,43.255663
1783943716654,42.380000,468.498660,33.510296,0.798532,46.959501
1783943716674,42.400000,491.288400,37.198593,0.623891,43.757818
1783943716694,42.420000,435.539670,37.671967,0.431541,29.845591
1783943716714,42.440000,464.055480,34.862076,0.234258,9.378383
1783943716734,42.460000,376.656620,29.083506,0.061516,-8.307382
1783943716754,42.480000,424.210750,20.769022,-0.081568,-16.901901
1783943716774,42.500000,380.369750,10.386776,-0.175182,-17.979748
1783943716794,42.520000,410.410520,-1.413077,-0.227615,-16.546654
1783943716814,42.540000,370.356080,-13.626622,-0.238350,-14.165578
1783943716834,42.560000,412.503600,-24.942590,-0.213471,-9.052973
1783943716854,42.580000,376.194100,-34.031970,-0.162548,-1.145481
1783943716874,42.600000,419.661250,-39.875440,-0.092322,5.593584
1783943716894,42.620000,379.390380,-41.953575,-0.017334,6.208278
1783943716914,42.640000,405.081300,-40.310272,0.056200,-0.605008
1783943716934,42.660000,350.302600,-35.552547,0.113380,-11.573560
1783943716954,42.680000,371.549870,-28.785393,0.149744,-22.514135
1783943716974,42.700000,332.950260,-21.426409,0.157693,-31.364504
1783943716994,42.720000,350.125180,-14.875762,0.139029,-36.812343
1783943717014,42.740000,312.069340,-10.147040,0.096743,-36.470159
1783943717034,42.760000,349.660980,-7.631556,0.035904,-29.114655
1783943717054,42.780000,328.420400,-7.066360,-0.037718,-17.436601
1783943717074,42.800000,370.744500,-7.652392,-0.125013,-6.021696
1783943717094,42.820000,331.625200,-8.281289,-0.224959,2.606606
1783943717114,42.840000,374.357060,-7.875534,-0.339677,7.999111
1783943717134,42.860000,337.873400,-5.755886,-0.459906,9.324500
1783943717154,42.880000,365.827300,-1.857694,-0.162548,5.660081
1783943717174,42.900000,308.978700,3.284279,-0.092322,-1.747090
1783943717194,42.920000,349.825380,8.714237,-0.017334,-9.267118
1783943717214,42.940000,290.843870,13.317220,0.056200,-13.009660
1783943717234,42.960000,326.011080,16.119772,0.113380,-11.634086
1783943717254,42.980000,297.137200,16.563470,0.149744,-7.791637
1783943717274,43.000000,324.967500,14.665236,0.157693,-5.518404
1783943717294,43.020000,283.398560,10.994717,0.139029,-5.482333
1783943717314,43.040000,316.760620,6.458220,0.096743,-4.150273
1783943717334,43.060000,278.503270,1.976967,0.035904,1.985674
1783943717354,43.080000,321.884280,-1.766848,-0.037718,12.549259
1783943717374,43.100000,296.639950,-4.385368,-0.125013,24.281924
1783943717394,43.120000,327.671500,-5.692646,-0.224959,35.021583
1783943717414,43.140000,301.055240,-5.623433,-0.339677,44.929967
1783943717434,43.160000,334.072750,-4.243245,-0.459906,53.494704
1783943717454,43.180000,301.230300,-1.800462,-0.585039,57.440738
1783943717474,43.200000,326.969180,1.265538,-0.697956,53.460263
1783943717494,43.220000,265.170440,4.367655,-0.797976,42.270254
1783943717514,43.240000,283.786600,6.808765,-0.870052,28.172593
1783943717534,43.260000,227.841660,7.826090,1.000000,14.797391
1783943717554,43.280000,245.048900,6.722231,0.995456,2.787263
1783943717574,43.300000,186.328310,3.085159,0.925406,-8.684438
1783943717594,43.320000,207.187290,-3.024424,0.798532,-19.752046
1783943717614,43.340000,151.912920,-11.040772,0.623891,-29.342077
1783943717634,43.360000,173.610840,-20.019524,0.431541,-35.934086
1783943717654,43.380000,126.386030,-28.841095,0.234258,-38.567949
1783943717674,43.400000,159.950150,-36.408840,0.061516,-36.994363
1783943717694,43.420000,122.760254,-41.788216,-0.081568,-30.992298
1783943717714,43.440000,149.939130,-44.283615,-0.175182,-21.091244
1783943717734,43.460000,126.820450,-43.491726,-0.227615,-10.781755
1783943717754,43.480000,166.603840,-39.338974,-0.238350,-5.286840
1783943717774,43.500000,112.165215,-32.085770,-0.213471,-5.843510
1783943717794,43.520000,140.067540,-22.328302,-0.162548,-7.765271
1783943717814,43.540000,97.186220,-11.013246,-0.092322,-6.672854
1783943717834,43.560000,140.041780,0.633570,-0.017334,-4.216800
1783943717854,43.580000,86.884636,11.360916,0.056200,-5.291856
1783943717874,43.600000,109.134090,20.208143,0.113380,-11.852280
1783943717894,43.620000,57.496002,26.643105,0.149744,-21.523339
1783943717914,43.640000,88.014946,30.482126,0.157693,-29.785740
1783943717934,43.660000,36.368040,31.772497,0.139029,-31.416088
1783943717954,43.680000,70.156425,30.766298,0.096743,-22.976662
1783943717974,43.700000,50.565820,27.954208,-0.162548,-7.169315
1783943717994,43.720000,100.271385,24.094942,-0.092322,7.720903
1783943718014,43.740000,66.796616,20.190197,-0.017334,15.978878
1783943718034,43.760000,85.004740,17.309101,0.056200,19.964086
1783943718054,43.780000,62.186560,16.229305,0.113380,24.728002
1783943718074,43.800000,95.583660,17.101374,0.149744,30.199854
1783943718094,43.820000,64.390970,19.421206,0.157693,32.875842
1783943718114,43.840000,85.324300,22.319147,0.139029,32.716531
1783943718134,43.860000,30.849453,24.885107,0.096743,32.344600
1783943718154,43.880000,83.735610,26.329275,0.035904,29.739984
1783943718174,43.900000,20.131516,26.059563,-0.037718,18.707274
1783943718194,43.920000,37.136400,23.769648,-0.125013,-0.916790
1783943718214,43.940000,-45.448368,19.441566,-0.224959,-19.457404
1783943718234,43.960000,-4.772844,13.200541,-0.339677,-27.567162
1783943718254,43.980000,-43.991512,5.216429,-0.459906,-25.924136
1783943718274,44.000000,-14.607129,-4.143717,-0.585039,-21.402721
1783943718294,44.020000,-56.598576,-14.075379,-0.697956,-17.770892
1783943718314,44.040000,-28.138744,-23.359945,-0.797976,-14.560734
1783943718334,44.060000,-59.080196,-30.717047,-0.870052,-12.033069
1783943718354,44.080000,-29.112482,-35.207020,1.000000,-11.397142
1783943718374,44.100000,-78.333340,-36.436924,0.995456,-10.153723
1783943718394,44.120000,-46.705240,-34.576740,0.925406,-2.446404
1783943718414,44.140000,-65.082140,-30.256334,0.798532,13.668554
1783943718434,44.160000,-21.736448,-24.331299,0.623891,32.042859
1783943718454,44.180000,-58.624897,-17.567919,0.431541,43.179632
1783943718474,44.200000,-28.931322,-10.454060,0.234258,41.926999
1783943718494,44.220000,-88.923930,-3.298398,0.061516,30.492183
1783943718514,44.240000,-78.707400,3.480723,-0.081568,15.484543
1783943718534,44.260000,-134.141270,9.153527,-0.175182,2.592848
1783943718554,44.280000,-116.964660,12.761096,-0.227615,-6.547503
1783943718574,44.300000,-178.422850,13.448749,-0.238350,-13.693744
1783943718594,44.320000,-149.337890,10.840652,-0.213471,-21.159173
1783943718614,44.340000,-209.415280,5.239367,-0.162548,-28.822642
1783943718634,44.360000,-194.699040,-2.440302,-0.278262,-33.496752
1783943718654,44.380000,-233.957380,-10.939865,-0.211805,-32.171660
1783943718674,44.400000,-204.010570,-18.964912,-0.134361,-25.715164
1783943718694,44.420000,-250.246770,-25.393509,-0.058865,-18.601200
1783943718714,44.440000,-217.702790,-29.374863,0.003764,-15.244611
1783943718734,44.460000,-266.049960,-30.400818,0.044774,-16.134977
1783943718754,44.480000,-248.608340,-28.392090,0.060787,-16.828708
1783943718774,44.500000,-293.442570,-23.744143,0.053391,-12.055969
1783943718794,44.520000,-258.233670,-17.251057,0.027291,-1.872658
1783943718814,44.540000,-292.803860,-9.877213,-0.010357,7.996833
1783943718834,44.560000,-265.179700,-2.453640,-0.054054,13.303558
1783943718854,44.580000,-320.657750,4.513586,-0.100270,16.651108
1783943718874,44.600000,-289.132140,10.790263,-0.149134,23.451515
1783943718894,44.620000,-315.424900,16.229770,-0.202582,34.489646
1783943718914,44.640000,-291.563660,20.694710,-0.260068,45.473528
1783943718934,44.660000,-335.055300,24.127350,-0.319761,52.253791
1783943718954,44.680000,-308.511960,26.594060,-0.381231,53.625290
1783943718974,44.700000,-353.435330,28.198463,-0.435198,50.650426
1783943718994,44.720000,-348.009220,28.953750,-0.485995,45.469620
1783943719014,44.740000,-395.938260,28.727127,-0.523673,39.174789
1783943719034,44.760000,-381.915650,27.273834,1.000000,29.663530
1783943719054,44.780000,-443.464170,24.339990,0.996806,13.573399
1783943719074,44.800000,-444.117860,19.787905,0.930525,-8.512421
1783943719094,44.820000,-513.099700,13.656850,0.808946,-30.156140
1783943719114,44.840000,-501.566900,6.133166,0.636760,-43.380891
1783943719134,44.860000,-543.799200,-2.463954,0.440177,-44.587398
1783943719154,44.880000,-514.220640,-11.584598,0.234270,-36.449970
1783943719174,44.900000,-545.441160,-20.316751,0.046230,-25.372076
1783943719194,44.920000,-509.352050,-27.403662,-0.113766,-17.553995
1783943719214,44.940000,-553.938000,-31.505533,-0.228823,-16.081350
1783943719234,44.960000,-526.403200,-31.625320,-0.302695,-20.074333
1783943719254,44.980000,-574.607670,-27.495272,-0.331708,-25.928510
1783943719274,45.000000,-548.880500,-19.727137,-0.322002,-29.940578
1783943719294,45.020000,-596.341900,-9.648562,-0.278262,-31.095604
1783943719314,45.040000,-550.120500,1.101569,-0.211805,-31.595464
1783943719334,45.060000,-606.470460,11.043328,-0.134361,-33.878491
1783943719354,45.080000,-572.193100,19.187027,-0.058865,-37.507188
1783943719374,45.100000,-608.876500,25.110512,0.003764,-39.446923
1783943719394,45.120000,-574.364200,28.841720,0.044774,-36.229656
1783943719414,45.140000,-600.277340,30.701757,0.060787,-25.802330
1783943719434,45.160000,-548.735400,31.206247,0.053391,-9.258044
1783943719454,45.180000,-566.758500,31.006668,0.027291,8.652119
1783943719474,45.200000,-508.804570,30.816553,-0.010357,22.358954
1783943719494,45.220000,-546.100600,31.285406,-0.054054,29.806018
1783943719514,45.240000,-501.537000,32.800255,-0.100270,33.155229
1783943719534,45.260000,-532.431000,35.283188,-0.149134,35.073636
1783943719554,45.280000,-491.912020,38.137540,-0.202582,35.962505
1783943719574,45.300000,-526.215400,40.423737,-0.260068,35.461545
1783943719594,45.320000,-485.087700,41.177258,-0.319761,34.825909
1783943719614,45.340000,-526.746700,39.691696,-0.381231,35.586882
1783943719634,45.360000,-479.492250,35.659985,-0.435198,35.955199
1783943719654,45.380000,-505.784850,29.196024,-0.485995,31.446557
1783943719674,45.400000,-492.643280,20.779370,-0.523673,20.519208
1783943719694,45.420000,-536.232400,11.097426,1.000000,6.628188
1783943719714,45.440000,-505.310270,0.798566,0.000000,-6.810911
1783943719734,45.460000,-544.260900,-9.689429,0.000000,-19.637338
1783943719754,45.480000,-522.278800,-20.128965,0.000000,-31.045450
1783943719774,45.500000,-561.221860,-30.299738,0.000000,-36.361383
1783943719794,45.520000,-511.509460,-39.869570,0.000000,-31.126433
1783943719814,45.540000,-532.314450,-48.351970,0.000000,-16.969939
1783943719834,45.560000,-465.542970,-55.080425,-0.278262,-1.021865
1783943719854,45.580000,-500.546800,-59.230270,-0.211805,10.064666
1783943719874,45.600000,-448.536500,-60.008663,-0.134361,13.932384
1783943719894,45.620000,-485.229250,-57.003754,-0.058865,11.392164
1783943719914,45.640000,-448.365780,-50.490726,0.003764,4.464631
1783943719934,45.660000,-491.802370,-41.489372,0.044774,-3.853348
1783943719954,45.680000,-461.106630,-31.538490,0.060787,-10.284460
1783943719974,45.700000,-488.492680,-22.300165,0.053391,-13.314807
1783943719994,45.720000,-457.025150,-15.132335,0.027291,-13.932552
1783943720014,45.740000,-482.274400,-10.759562,-0.010357,-13.747990
1783943720034,45.760000,-445.677980,-9.157339,-0.054054,-12.623863
1783943720054,45.780000,-470.396600,-9.679604,-0.100270,-8.427634
1783943720074,45.800000,-427.406000,-11.340649,-0.149134,0.517722
1783943720094,45.820000,-440.508120,-13.106210,-0.202582,12.597879
1783943720114,45.840000,-392.243320,-14.092830,-0.260068,23.198570
1783943720134,45.860000,-419.350900,-13.671741,-0.319761,28.317102
1783943720154,45.880000,-380.688140,-11.542661,-0.381231,27.626428
1783943720174,45.900000,-412.602940,-7.812284,-0.435198,24.192373
1783943720194,45.920000,-378.235400,-3.018163,-0.485995,21.803348
1783943720214,45.940000,-406.072330,1.985718,-0.523673,22.219610
1783943720234,45.960000,-362.736100,6.281837,1.000000,24.077918
1783943720254,45.980000,-396.210300,9.175766,0.996806,24.099760
1783943720274,46.000000,-355.606630,10.377892,0.930525,19.836531
1783943720294,46.020000,-388.232730,10.004834,0.808946,12.229741
1783943720314,46.040000,-365.576480,8.427726,0.636760,5.450546
1783943720334,46.060000,-386.437260,6.069881,0.440177,2.922070
1783943720354,46.080000,-341.953670,3.283655,0.234270,3.578862
1783943720374,46.100000,-373.260770,0.369542,0.046230,3.102194
1783943720394,46.120000,-333.272950,-2.341179,-0.113766,-1.983366
1783943720414,46.140000,-368.774780,-4.484966,-0.228823,-12.324751
1783943720434,46.160000,-337.867740,-5.790793,-0.302695,-26.247120
1783943720454,46.180000,-375.374660,-6.222656,-0.331708,-40.387271
1783943720474,46.200000,-334.480830,-6.007599,-0.322002,-50.078027
1783943720494,46.220000,-369.646800,-5.518517,-0.278262,-51.232217
1783943720514,46.240000,-305.970670,-5.069574,-0.211805,-43.711401
1783943720534,46.260000,-312.349000,-4.706100,-0.134361,-31.964003
1783943720554,46.280000,-254.928250,-4.080459,-0.058865,-20.661924
1783943720574,46.300000,-271.429050,-2.517017,0.003764,-10.967156
1783943720594,46.320000,-206.008000,0.703515,0.044774,-2.562151
1783943720614,46.340000,-218.037540,5.982010,0.060787,3.149054
1783943720634,46.360000,-163.262000,13.186645,0.053391,4.817018
1783943720654,46.380000,-185.068620,21.672052,0.027291,4.761112
1783943720674,46.400000,-128.394530,30.439990,-0.010357,7.559121
1783943720694,46.420000,-135.924410,38.356594,-0.054054,14.287189
1783943720714,46.440000,-78.156296,44.414730,-0.100270,19.748767
1783943720734,46.460000,-89.374760,47.983692,-0.149134,16.833075
1783943720754,46.480000,-53.325260,48.909103,-0.202582,3.686358
1783943720774,46.500000,-88.262470,47.375430,-0.260068,-14.445609
1783943720794,46.520000,-47.630512,43.623478,-0.319761,-30.704266
1783943720814,46.540000,-65.250595,37.760708,-0.381231,-41.926545
1783943720834,46.560000,-17.863182,29.834938,-0.435198,-47.288426
1783943720854,46.580000,-35.735590,20.093510,-0.485995,-44.543943
1783943720874,46.600000,42.131943,9.189327,-0.523673,-31.015374
1783943720894,46.620000,49.986680,-1.799788,1.000000,-7.665953
1783943720914,46.640000,130.981300,-11.500961,0.000000,20.005536
1783943720934,46.660000,151.960140,-18.469973,0.000000,45.308949
1783943720954,46.680000,216.347560,-21.503098,0.000000,63.828898
1783943720974,46.700000,210.681560,-20.005840,0.000000,73.432346
1783943720994,46.720000,276.343170,-14.290084,0.000000,72.612963
1783943721014,46.740000,249.415590,-5.633970,-0.278262,61.821718
1783943721034,46.760000,276.998170,3.948074,-0.211805,45.765602
1783943721054,46.780000,251.964600,12.125954,-0.134361,30.404714
1783943721074,46.800000,301.559880,16.743357,-0.058865,17.335760
1783943721094,46.820000,259.236050,16.305542,0.003764,3.734596
1783943721114,46.840000,304.404660,10.344623,0.044774,-12.655253
1783943721134,46.860000,266.108580,-0.515043,0.060787,-30.274280
1783943721154,46.880000,300.766000,-14.832214,0.053391,-44.771339
1783943721174,46.900000,280.655600,-30.783820,0.027291,-51.966543
1783943721194,46.920000,332.480300,-46.526470,-0.010357,-49.824990
1783943721214,46.940000,317.760440,-60.391434,-0.054054,-38.817198
1783943721234,46.960000,391.390000,-70.958380,-0.100270,-21.826696
1783943721254,46.980000,384.823550,-77.097880,-0.149134,-3.276218
1783943721274,47.000000,453.448900,-78.049600,-0.202582,13.138967
1783943721294,47.020000,436.515620,-73.547970,-0.260068,25.787252
1783943721314,47.040000,494.152560,-63.960415,-0.319761,33.607703
1783943721334,47.060000,473.608200,-50.353252,-0.381231,34.586253
1783943721354,47.080000,511.497650,-34.391730,-0.435198,27.581869
1783943721374,47.100000,471.134700,-18.080080,-0.485995,15.064425
1783943721394,47.120000,498.093660,-3.443957,-0.523673,1.650711
1783943721414,47.140000,463.271800,7.767555,1.000000,-10.537726
1783943721434,47.160000,496.054470,14.356511,0.996806,-23.018193
1783943721454,47.180000,447.034420,15.899231,0.930525,-36.491302
1783943721474,47.200000,484.192320,12.811454,0.808946,-46.887375
1783943721494,47.220000,444.365230,6.196857,0.636760,-47.654696
1783943721514,47.240000,500.563600,-2.428851,0.440177,-36.271912
1783943721534,47.260000,486.990170,-11.379865,0.234270,-17.770648
1783943721554,47.280000,544.896500,-18.954903,0.046230,-1.015491
1783943721574,47.300000,512.201100,-23.604868,-0.113766,8.403110
1783943721594,47.320000,559.253800,-24.215597,-0.228823,11.448851
1783943721614,47.340000,525.046300,-20.437126,-0.302695,13.071857
1783943721634,47.360000,556.404400,-12.849915,-0.331708,17.019011
1783943721654,47.380000,532.850100,-2.819585,-0.322002,22.216712
1783943721674,47.400000,573.039900,7.919853,-0.278262,24.367835
1783943721694,47.420000,523.704160,17.758139,-0.211805,21.611728
1783943721714,47.440000,550.845500,25.541742,-0.134361,16.972177
1783943721734,47.460000,517.638500,30.643270,-0.058865,14.564526
1783943721754,47.480000,545.639470,32.874850,0.003764,15.609950
1783943721774,47.500000,509.010500,32.415615,0.044774,18.734173
1783943721794,47.520000,543.987060,29.780000,0.060787,21.945209
1783943721814,47.540000,501.735100,25.736960,0.053391,23.539050
1783943721834,47.560000,537.231600,21.148088,0.027291,22.642187
1783943721854,47.580000,487.050480,16.783760,-0.010357,19.950727
1783943721874,47.600000,513.490360,13.172624,-0.054054,17.394002
1783943721894,47.620000,477.127440,10.525750,-0.100270,16.538720
1783943721914,47.640000,501.103500,8.776640,-0.149134,17.533933
1783943721934,47.660000,460.160100,7.717310,-0.202582,19.095863
1783943721954,47.680000,493.883420,7.145190,-0.260068,18.729462
1783943721974,47.700000,441.451480,6.941118,-0.319761,13.524197
1783943721994,47.720000,457.949130,7.048910,-0.381231,1.473760
1783943722014,47.740000,400.132500,7.380765,-0.278262,-17.691387
1783943722034,47.760000,398.620600,7.708386,-0.211805,-41.881722
1783943722054,47.780000,343.443940,7.622584,-0.134361,-65.813910
1783943722074,47.800000,343.875500,6.624662,-0.058865,-81.791611
1783943722094,47.820000,302.932250,4.330948,0.003764,-83.796627
1783943722114,47.840000,352.718020,0.725919,0.044774,-71.899127
1783943722134,47.860000,321.437960,-3.616943,0.060787,-51.872814
1783943722154,47.880000,377.118040,-7.485863,0.053391,-30.532011
1783943722174,47.900000,354.095830,-9.276178,0.027291,-11.767044
1783943722194,47.920000,403.144400,-7.491758,-0.010357,4.305349
1783943722214,47.940000,369.394400,-1.284203,-0.054054,19.313877
1783943722234,47.960000,422.620180,9.219375,-0.100270,33.122544
1783943722254,47.980000,389.004460,22.922411,-0.149134,42.352681
1783943722274,48.000000,419.556270,38.055534,-0.202582,43.023721
1783943722294,48.020000,375.234860,52.593890,-0.260068,34.470333
1783943722314,48.040000,387.557860,64.611916,-0.319761,20.477912
1783943722334,48.060000,339.346500,72.511406,-0.381231,6.861743
1783943722354,48.080000,359.276120,75.186220,-0.435198,-2.116353
1783943722374,48.100000,321.532470,72.186966,-0.485995,-5.543433
1783943722394,48.120000,349.133480,63.854633,-0.523673,-5.062429
1783943722414,48.140000,316.744140,51.326496,1.000000,-2.925941
1783943722434,48.160000,353.220280,36.345314,0.996806,-0.398737
1783943722454,48.180000,310.837950,20.900260,0.930525,2.553342
1783943722474,48.200000,355.030460,6.810854,0.808946,6.111308
1783943722494,48.220000,317.943050,-4.605815,0.636760,9.577028
1783943722514,48.240000,351.454160,-12.689541,0.440177,11.795936
1783943722534,48.260000,314.286200,-17.415243,0.234270,11.927183
1783943722554,48.280000,346.535740,-19.261639,0.046230,9.738782
1783943722574,48.300000,305.803250,-19.032194,-0.113766,6.086790
1783943722594,48.320000,329.910370,-17.661428,-0.278262,2.877528
1783943722614,48.340000,295.121770,-16.038328,-0.211805,1.371674
1783943722634,48.360000,324.588500,-14.867719,-0.134361,0.721229
1783943722654,48.380000,291.147640,-14.567474,-0.058865,-0.751690
1783943722674,48.400000,310.456450,-15.223103,0.003764,-3.347527
1783943722694,48.420000,273.425260,-16.646864,0.044774,-6.423630
1783943722714,48.440000,305.983520,-18.523280,0.060787,-10.280016
1783943722734,48.460000,255.576390,-20.543997,0.053391,-15.650093
1783943722754,48.480000,285.912930,-22.473482,0.027291,-21.582373
1783943722774,48.500000,235.455960,-24.169024,-0.010357,-25.511408
1783943722794,48.520000,277.201140,-25.578306,-0.054054,-25.504947
1783943722814,48.540000,230.932420,-26.690620,-0.100270,-21.610032
1783943722834,48.560000,274.223660,-27.446200,-0.149134,-15.117107
1783943722854,48.580000,245.482650,-27.669302,-0.202582,-6.906635
1783943722874,48.600000,275.571800,-27.078157,-0.260068,3.125842
1783943722894,48.620000,250.827640,-25.377172,-0.319761,14.302521
1783943722914,48.640000,294.885500,-22.381601,-0.381231,23.656314
1783943722934,48.660000,254.364380,-18.103838,-0.435198,28.392866
1783943722954,48.680000,283.896000,-12.782588,-0.485995,29.677297
1783943722974,48.700000,247.598050,-6.882761,-0.523673,31.744619
1783943722994,48.720000,274.308400,-1.063694,1.000000,36.460089
1783943723014,48.740000,242.070860,3.934995,0.996806,39.788974
1783943723034,48.760000,267.776300,7.488337,0.930525,35.480603
1783943723054,48.780000,215.756560,9.247659,0.808946,23.224248
1783943723074,48.800000,217.513730,9.145202,0.636760,10.953954
1783943723094,48.820000,177.224330,7.251976,0.440177,6.151715
1783943723114,48.840000,209.212160,3.663644,0.234270,6.533242
1783943723134,48.860000,169.883330,-1.420116,0.046230,3.427090
1783943723154,48.880000,175.273510,-7.512310,-0.113766,-6.516084
1783943723174,48.900000,116.480774,-13.838448,-0.228823,-17.805877
1783943723194,48.920000,152.194150,-19.610384,-0.302695,-24.254651
1783943723214,48.940000,104.532930,-24.302282,-0.331708,-25.537458
1783943723234,48.960000,126.150570,-27.667116,-0.322002,-24.860054
1783943723254,48.980000,84.847140,-29.576746,-0.278262,-24.657188
1783943723274,49.000000,117.681110,-29.919989,-0.211805,-25.663851
1783943723294,49.020000,69.823350,-28.622320,-0.134361,-27.130568
1783943723314,49.040000,84.684880,-25.710274,-0.058865,-27.496082
1783943723334,49.060000,65.678100,-21.366980,0.003764,-26.026159
1783943723354,49.080000,80.346590,-15.932804,0.044774,-22.676759
1783943723374,49.100000,46.232018,-9.822498,0.060787,-16.512606
1783943723394,49.120000,82.542920,-3.415343,0.053391,-6.940736
1783943723414,49.140000,52.488470,3.007729,0.027291,3.507948
1783943723434,49.160000,83.325516,9.276006,-0.010357,10.204311
1783943723454,49.180000,46.261246,15.308235,-0.054054,10.985692
1783943723474,49.200000,62.043760,21.031015,-0.100270,8.448849
1783943723494,49.220000,17.777338,26.243681,-0.149134,6.558608
1783943723514,49.240000,47.452248,30.543390,-0.202582,5.559918
1783943723534,49.260000,1.406197,33.413250,-0.278262,2.033125
1783943723554,49.280000,12.963898,34.426075,-0.211805,-6.198840
1783943723574,49.300000,-42.565430,33.395226,-0.134361,-17.377228
1783943723594,49.320000,-23.493060,30.369581,-0.058865,-27.882342
1783943723614,49.340000,-75.441090,25.552221,0.003764,-34.536788
1783943723634,49.360000,-53.607410,19.275330,0.044774,-34.771154
1783943723654,49.380000,-93.692760,12.041100,0.060787,-27.283612
1783943723674,49.400000,-51.124930,4.552336,0.053391,-13.692688
1783943723694,49.420000,-83.086930,-2.310039,0.027291,2.084628
1783943723714,49.440000,-45.803960,-7.579029,-0.010357,17.069786
1783943723734,49.460000,-80.341965,-10.388020,-0.054054,30.981748
1783943723754,49.480000,-42.754250,-10.220472,-0.100270,44.481545
1783943723774,49.500000,-77.201170,-7.098721,-0.149134,56.659913
1783943723794,49.520000,-51.527120,-1.601152,-0.202582,64.727134
1783943723814,49.540000,-92.745440,5.279041,-0.260068,65.774276
1783943723834,49.560000,-85.119070,12.333847,-0.319761,58.819325
1783943723854,49.580000,-143.333920,18.316603,-0.381231,45.556775
1783943723874,49.600000,-142.799740,22.078592,-0.435198,29.485039
1783943723894,49.620000,-199.451700,22.700989,-0.485995,14.494544
1783943723914,49.640000,-203.644940,19.648466,-0.523673,3.499372
1783943723934,49.660000,-248.441420,12.916249,1.000000,-3.022469
1783943723954,49.680000,-238.613190,3.107989,0.996806,-7.196557
1783943723974,49.700000,-290.035200,-8.609467,0.930525,-11.535010
1783943723994,49.720000,-280.460360,-20.702614,0.808946,-16.735564
1783943724014,49.740000,-332.336550,-31.594711,0.636760,-22.074129
1783943724034,49.760000,-319.519350,-40.010315,0.440177,-26.996516
1783943724054,49.780000,-371.228730,-45.198090,0.234270,-31.216635
1783943724074,49.800000,-356.221300,-46.965298,0.046230,-33.543757
1783943724094,49.820000,-403.138120,-45.567760,-0.113766,-31.809318
1783943724114,49.840000,-376.776300,-41.531210,-0.228823,-24.762270
1783943724134,49.860000,-413.800000,-35.458244,-0.302695,-13.971231
1783943724154,49.880000,-381.903380,-27.867239,-0.331708,-3.273266
1783943724174,49.900000,-420.028140,-19.116545,-0.322002,4.108714
1783943724194,49.920000,-402.300960,-9.452683,-0.278262,7.854557
1783943724214,49.940000,-436.013600,0.843884,-0.211805,10.007621
1783943724234,49.960000,-420.352970,11.323200,-0.134361,12.689105
1783943724254,49.980000,-454.071960,21.348711,-0.058865,16.267406
1783943724274,50.000000,-434.532780,30.215134,0.003764,18.812826
1783943724294,50.020000,-474.917300,37.319010,0.044774,17.141810
1783943724314,50.040000,-456.405270,42.278130,-0.384333,9.441604
1783943724334,50.060000,-515.855100,44.947453,-0.324137,-2.478026
1783943724354,50.080000,-497.085300,45.342144,-0.237923,-14.039632
1783943724374,50.100000,-546.140140,43.547380,-0.139107,-21.320026
1783943724394,50.120000,-518.390600,39.714860,-0.039540,-23.353769
1783943724414,50.140000,-555.896850,34.162647,0.049291,-21.557380
1783943724434,50.160000,-526.412600,27.480082,0.111922,-18.075133
1783943724454,50.180000,-553.195800,20.515697,0.143877,-14.858644
1783943724474,50.200000,-529.887700,14.221001,0.141934,-13.344243
1783943724494,50.220000,-558.258540,9.417217,0.107940,-14.104226
1783943724514,50.240000,-531.727200,6.584259,0.050522,-16.392183
1783943724534,50.260000,-567.079200,5.755364,-0.022311,-18.273528
1783943724554,50.280000,-539.882300,6.546942,-0.097114,-18.176379
1783943724574,50.300000,-557.992740,8.306904,-0.169113,-16.310799
1783943724594,50.320000,-529.629300,10.335811,-0.232669,-13.446647
1783943724614,50.340000,-554.287100,12.097497,-0.285579,-9.166561
1783943724634,50.360000,-522.041750,13.319298,-0.320802,-3.647630
1783943724654,50.380000,-535.297700,13.954166,-0.340196,-0.221423
1783943724674,50.400000,-505.947200,14.084661,-0.350899,-2.496083
1783943724694,50.420000,-545.463260,13.833447,-0.348154,-8.554192
1783943724714,50.440000,-513.634640,13.258736,-0.344395,-11.502205
1783943724734,50.460000,-537.766300,12.257260,-0.340763,-7.093902
1783943724754,50.480000,-482.836900,10.599572,1.000000,1.910008
1783943724774,50.500000,-509.466550,8.142999,0.996192,10.386097
1783943724794,50.520000,-470.059270,5.041434,0.934077,16.942601
1783943724814,50.540000,-490.466250,1.728038,0.818558,22.829659
1783943724834,50.560000,-447.041870,-1.313021,0.654647,27.218307
1783943724854,50.580000,-468.022700,-3.769890,0.461727,27.565796
1783943724874,50.600000,-448.802200,-5.584565,0.254992,24.157429
1783943724894,50.620000,-472.890780,-6.945386,0.061754,20.661033
1783943724914,50.640000,-437.816600,-8.249593,-0.107448,19.666871
1783943724934,50.660000,-461.881040,-9.987140,-0.246416,20.398553
1783943724954,50.680000,-427.495730,-12.532790,-0.343082,21.343989
1783943724974,50.700000,-454.386000,-15.967929,-0.398734,22.596574
1783943724994,50.720000,-419.188660,-20.061981,-0.412109,24.343243
1783943725014,50.740000,-436.421570,-24.392685,-0.384333,25.040583
1783943725034,50.760000,-407.255550,-28.486635,-0.324137,23.355174
1783943725054,50.780000,-436.792720,-31.926142,-0.237923,20.973949
1783943725074,50.800000,-402.665900,-34.439274,-0.139107,20.800397
1783943725094,50.820000,-425.413200,-35.957960,-0.039540,22.216375
1783943725114,50.840000,-383.876830,-36.585464,0.049291,20.632268
1783943725134,50.860000,-425.401760,-36.481550,0.111922,12.878899
1783943725154,50.880000,-395.689900,-35.785496,0.143877,1.436408
1783943725174,50.900000,-433.263120,-34.654750,0.141934,-7.984785
1783943725194,50.920000,-395.164860,-33.331024,0.107940,-12.136995
1783943725214,50.940000,-417.776430,-32.091180,0.050522,-12.532972
1783943725234,50.960000,-385.655300,-31.080256,-0.022311,-12.896450
1783943725254,50.980000,-400.448900,-30.179030,-0.097114,-15.380062
1783943725274,51.000000,-372.510440,-29.029976,-0.169113,-18.834451
1783943725294,51.020000,-388.274900,-27.202187,-0.232669,-19.985658
1783943725314,51.040000,-345.699900,-24.374609,-0.285579,-16.535274
1783943725334,51.060000,-356.959600,-20.422960,-0.320802,-9.724306
1783943725354,51.080000,-307.929400,-15.387807,-0.340196,-4.014464
1783943725374,51.100000,-320.228760,-9.391065,-0.384333,-3.717372
1783943725394,51.120000,-287.501160,-2.601325,-0.324137,-9.284886
1783943725414,51.140000,-304.580660,4.708174,-0.237923,-16.983902
1783943725434,51.160000,-268.662230,12.076823,-0.139107,-22.424724
1783943725454,51.180000,-277.172400,18.868979,-0.039540,-24.058623
1783943725474,51.200000,-228.907460,24.439505,0.049291,-23.140598
1783943725494,51.220000,-240.729680,28.372566,0.111922,-21.323162
1783943725514,51.240000,-189.501590,30.630041,0.143877,-19.449759
1783943725534,51.260000,-189.201030,31.523623,0.141934,-18.103335
1783943725554,51.280000,-149.601090,31.558294,0.107940,-17.842039
1783943725574,51.300000,-146.861080,31.241013,0.050522,-18.695094
1783943725594,51.320000,-100.368650,30.928589,-0.022311,-19.800211
1783943725614,51.340000,-105.487490,30.756042,-0.097114,-19.737833
1783943725634,51.360000,-53.943905,30.653822,-0.169113,-18.003764
1783943725654,51.380000,-49.994560,30.431763,-0.232669,-16.138393
1783943725674,51.400000,3.854637,29.889868,-0.285579,-16.034607
1783943725694,51.420000,-8.675896,28.905914,-0.320802,-17.337132
1783943725714,51.440000,47.101475,27.443695,-0.340196,-18.229371
1783943725734,51.460000,49.433002,25.491450,-0.350899,-18.063524
1783943725754,51.480000,101.437850,23.026215,-0.348154,-16.861314
1783943725774,51.500000,98.291750,20.051420,-0.344395,-12.935469
1783943725794,51.520000,164.951160,16.647572,-0.340763,-3.843354
1783943725814,51.540000,169.850040,12.983993,1.000000,9.773246
1783943725834,51.560000,239.597930,9.312869,0.996192,23.026885
1783943725854,51.580000,247.025470,5.958951,0.934077,30.827486
1783943725874,51.600000,288.952270,3.250802,0.818558,32.755995
1783943725894,51.620000,287.243500,1.355935,0.654647,32.516644
1783943725914,51.640000,337.532230,0.109381,0.461727,32.890773
1783943725934,51.660000,333.523000,-1.003682,0.254992,33.507928
1783943725954,51.680000,378.918600,-2.655284,0.061754,33.666260
1783943725974,51.700000,363.458440,-5.403014,-0.107448,34.319885
1783943725994,51.720000,416.442700,-9.521403,-0.246416,35.864647
1783943726014,51.740000,409.771000,-14.970222,-0.343082,36.324609
1783943726034,51.760000,439.908630,-21.430954,-0.398734,33.479548
1783943726054,51.780000,424.183560,-28.401367,-0.412109,27.110731
1783943726074,51.800000,455.344120,-35.360380,-0.384333,18.062919
1783943726094,51.820000,427.337280,-41.934536,-0.324137,6.968156
1783943726114,51.840000,455.283900,-47.963276,-0.237923,-4.639480
1783943726134,51.860000,428.624080,-53.441376,-0.139107,-12.837011
1783943726154,51.880000,458.305940,-58.400852,-0.039540,-12.820682
1783943726174,51.900000,454.225950,-62.780903,0.049291,-3.307673
1783943726194,51.920000,493.181000,-66.306940,0.111922,10.574887
1783943726214,51.940000,490.984000,-68.434135,0.143877,19.940352
1783943726234,51.960000,509.045470,-68.440650,0.141934,18.671648
1783943726254,51.980000,479.719000,-65.712350,0.107940,7.717803
1783943726274,52.000000,488.651180,-60.119442,0.050522,-6.561873
1783943726294,52.020000,456.146900,-52.249280,-0.022311,-17.522615
1783943726314,52.040000,475.376600,-43.300007,-0.097114,-22.027127
1783943726334,52.060000,447.314640,-34.653988,-0.169113,-21.039507
1783943726354,52.080000,476.370060,-27.362375,-0.232669,-17.882602
1783943726374,52.100000,452.489100,-21.805323,-0.285579,-15.317478
1783943726394,52.120000,472.355100,-17.661700,-0.320802,-13.377307
1783943726414,52.140000,445.170600,-14.160563,-0.340196,-10.448192
1783943726434,52.160000,472.046570,-10.459341,-0.350899,-6.510012
1783943726454,52.180000,449.914430,-5.948843,-0.348154,-3.814218
1783943726474,52.200000,460.386540,-0.373712,-0.384333,-4.035712
1783943726494,52.220000,430.502440,6.183323,-0.324137,-6.639768
1783943726514,52.240000,445.194400,13.355252,-0.237923,-10.494596
1783943726534,52.260000,415.052120,20.572641,-0.139107,-14.805799
1783943726554,52.280000,425.982120,27.207901,-0.039540,-17.582528
1783943726574,52.300000,395.226560,32.746160,0.049291,-15.679217
1783943726594,52.320000,421.125550,36.905396,0.111922,-8.369586
1783943726614,52.340000,406.495030,39.694336,0.143877,0.559505
1783943726634,52.360000,423.726400,41.428090,0.141934,6.296689
1783943726654,52.380000,396.523470,42.655544,0.107940,7.882243
1783943726674,52.400000,413.029850,43.951540,0.050522,8.191308
1783943726694,52.420000,386.887480,45.658580,-0.022311,9.847446
1783943726714,52.440000,410.744140,47.755810,-0.097114,12.643935
1783943726734,52.460000,377.235400,49.935955,-0.169113,14.638997
1783943726754,52.480000,402.251040,51.792194,-0.232669,14.339679
1783943726774,52.500000,364.194340,52.970490,-0.285579,11.614027
1783943726794,52.520000,386.389680,53.228780,-0.320802,7.647352
1783943726814,52.540000,353.061280,52.435430,-0.340196,4.653784
1783943726834,52.560000,368.251830,50.557556,-0.350899,4.670807
1783943726854,52.580000,351.332670,47.661877,-0.348154,7.412711
1783943726874,52.600000,368.712500,43.933636,-0.344395,9.660486
1783943726894,52.620000,346.933960,39.689865,-0.340763,7.818314
1783943726914,52.640000,353.165280,35.333140,1.000000,1.031868
1783943726934,52.660000,323.052430,31.217972,0.996192,-8.480234
1783943726954,52.680000,339.598180,27.496420,0.934077,-17.459123
1783943726974,52.700000,296.987060,24.065474,0.818558,-23.768958
1783943726994,52.720000,327.374500,20.659319,0.654647,-27.596222
1783943727014,52.740000,296.132700,17.027779,0.461727,-30.667021
1783943727034,52.760000,315.578830,13.100125,0.254992,-33.706710
1783943727054,52.780000,287.980770,9.042594,0.061754,-35.398338
1783943727074,52.800000,315.703580,5.186708,-0.107448,-34.252214
1783943727094,52.820000,297.380500,1.898714,-0.246416,-30.103674
1783943727114,52.840000,327.776100,-0.507369,-0.343082,-23.262240
1783943727134,52.860000,308.461500,-1.795049,-0.398734,-14.031456
1783943727154,52.880000,347.215800,-1.826093,-0.412109,-4.341062
1783943727174,52.900000,328.922850,-0.594356,-0.384333,1.818631
1783943727194,52.920000,358.501650,1.751620,-0.324137,1.899090
1783943727214,52.940000,318.608920,4.890968,-0.237923,-1.521446
1783943727234,52.960000,355.493560,8.303355,-0.139107,-2.109961
1783943727254,52.980000,331.449000,11.296229,-0.039540,4.811362
1783943727274,53.000000,362.694520,13.167748,0.049291,18.064637
1783943727294,53.020000,371.086360,13.467509,0.111922,31.382673
1783943727314,53.040000,383.072720,12.199406,0.143877,38.725919
1783943727334,53.060000,362.387940,9.796931,0.141934,38.700211
1783943727354,53.080000,385.238560,6.847175,0.107940,33.852175
1783943727374,53.100000,352.154900,3.743948,0.050522,27.969748
1783943727394,53.120000,367.439970,0.503755,-0.022311,24.857187
1783943727414,53.140000,348.049320,-3.157824,-0.097114,26.932222
1783943727434,53.160000,370.204100,-7.579570,-0.169113,33.012182
1783943727454,53.180000,354.540000,-12.892039,-0.232669,38.161226
1783943727474,53.200000,369.215580,-18.865095,-0.285579,37.098561
1783943727494,53.220000,340.804630,-24.958199,-0.320802,28.711978
1783943727514,53.240000,339.022580,-30.563330,-0.340196,17.145245
1783943727534,53.260000,306.096440,-35.296967,-0.350899,7.528458
1783943727554,53.280000,320.475070,-39.150913,-0.348154,0.650975
1783943727574,53.300000,282.849700,-42.399487,-0.344395,-7.046252
1783943727594,53.320000,292.534670,-45.347427,-0.340763,-18.074276
1783943727614,53.340000,252.130580,-48.120250,1.000000,-29.670419
1783943727634,53.360000,254.726470,-50.629303,0.000000,-35.890682
1783943727654,53.380000,242.752600,-52.658447,0.000000,-33.439847
1783943727674,53.400000,265.751100,-53.912434,0.000000,-24.115172
1783943727694,53.420000,242.894500,-53.976420,0.000000,-12.248378
1783943727714,53.440000,274.504150,-52.305897,0.000000,-2.210441
1783943727734,53.460000,253.456200,-48.359158,0.000000,2.327938
1783943727754,53.480000,266.822170,-41.833885,0.000000,0.160695
1783943727774,53.500000,231.053390,-32.877544,0.000000,-5.763718
1783943727794,53.520000,244.250300,-22.175821,0.000000,-10.437644
1783943727814,53.540000,216.096130,-10.865735,0.000000,-11.349571
1783943727834,53.560000,235.912840,-0.251744,0.000000,-10.313959
1783943727854,53.580000,208.954100,8.581948,0.000000,-10.749397
1783943727874,53.600000,218.577820,15.059719,0.000000,-13.986181
1783943727894,53.620000,191.802860,19.155548,0.000000,-18.605577
1783943727914,53.640000,200.974180,21.219337,0.000000,-22.415132
1783943727934,53.660000,181.051910,21.748276,-0.384333,-23.858079
1783943727954,53.680000,193.401600,21.241549,-0.324137,-21.906853
1783943727974,53.700000,174.051060,20.158960,-0.237923,-16.440097
1783943727994,53.720000,198.579090,18.924566,-0.139107,-9.276488
1783943728014,53.740000,189.884800,17.934317,-0.039540,-2.811208
1783943728034,53.760000,201.224330,17.550520,0.049291,3.381359
1783943728054,53.780000,185.852370,18.049322,0.111922,12.196723
1783943728074,53.800000,221.162960,19.526020,0.143877,23.963856
1783943728094,53.820000,209.954470,21.853540,0.141934,34.155746
1783943728114,53.840000,218.372680,24.750443,0.107940,37.191881
1783943728134,53.860000,198.067230,27.858908,0.050522,30.786616
1783943728154,53.880000,198.871220,30.723206,-0.022311,16.985916
1783943728174,53.900000,157.726960,32.722885,-0.097114,1.186844
1783943728194,53.920000,163.791840,33.100950,-0.169113,-10.354579
1783943728214,53.940000,133.564070,31.142174,-0.232669,-14.236061
1783943728234,53.960000,160.057890,26.448336,-0.285579,-11.813852
1783943728254,53.980000,130.349520,19.197325,-0.320802,-7.301205
1783943728274,54.000000,159.562870,10.229798,-0.340196,-4.273264
1783943728294,54.020000,127.704250,0.862278,-0.350899,-3.897541
1783943728314,54.040000,142.973040,-7.511028,-0.348154,-5.716298
1783943728334,54.060000,118.722460,-13.837760,-0.344395,-9.010366
1783943728354,54.080000,129.271710,-17.657257,-0.340763,-12.424106
1783943728374,54.100000,103.398285,-19.105833,1.000000,-13.042074
1783943728394,54.120000,115.967680,-18.734056,0.996192,-8.465163
1783943728414,54.140000,106.603620,-17.246780,0.934077,-0.811561
1783943728434,54.160000,121.367170,-15.254150,0.818558,3.516005
1783943728454,54.180000,97.070560,-13.108859,0.654647,0.049317
1783943728474,54.200000,90.791794,-10.917720,0.461727,-8.558937
1783943728494,54.220000,64.715530,-8.732549,0.254992,-14.961443
1783943728514,54.240000,76.201240,-6.751597,0.061754,-13.987643
1783943728534,54.260000,61.047173,-5.317634,-0.107448,-5.833426
1783943728554,54.280000,82.790150,-4.690633,-0.246416,6.350708
1783943728574,54.300000,61.894300,-4.802384,-0.343082,19.352249
1783943728594,54.320000,92.850960,-5.211679,-0.398734,30.298247
1783943728614,54.340000,72.718260,-5.280192,-0.412109,37.170477
1783943728634,54.360000,76.890490,-4.441618,-0.384333,40.309015
1783943728654,54.380000,55.944016,-2.447345,-0.324137,41.633280
1783943728674,54.400000,67.460556,0.500972,-0.237923,42.025860
1783943728694,54.420000,40.446312,3.806874,-0.139107,41.344609
1783943728714,54.440000,44.213400,6.706915,-0.039540,40.459145
1783943728734,54.460000,15.166820,8.530014,0.049291,40.558582
1783943728754,54.480000,32.167892,8.859151,0.111922,40.371543
1783943728774,54.500000,-3.307087,7.594383,0.143877,36.464484
1783943728794,54.520000,-4.210847,4.942038,0.141934,26.756728
1783943728814,54.540000,-45.313910,1.303769,0.107940,12.109765
1783943728834,54.560000,-56.778420,-2.917676,0.050522,-5.677664
1783943728854,54.580000,-95.724500,-7.481407,-0.022311,-25.489812
1783943728874,54.600000,-108.598820,-12.327243,-0.097114,-45.371717
1783943728894,54.620000,-153.376560,-17.463090,-0.169113,-61.051809
1783943728914,54.640000,-153.560240,-22.822699,-0.232669,-68.541233
1783943728934,54.660000,-165.835450,-28.150637,-0.285579,-67.899994
1783943728954,54.680000,-158.559600,-32.912990,-0.320802,-62.384926
1783943728974,54.700000,-174.378020,-36.278454,-0.340196,-54.643310
1783943728994,54.720000,-157.660130,-37.262398,-0.350899,-45.900980
1783943729014,54.740000,-163.158550,-35.022430,-0.348154,-37.635217
1783943729034,54.760000,-154.072240,-29.146484,-0.344395,-31.285480
1783943729054,54.780000,-170.518570,-19.799100,-0.340763,-26.729199
1783943729074,54.800000,-153.424870,-7.718484,1.000000,-22.980598
1783943729094,54.820000,-176.390470,5.905940,0.000000,-20.347914
1783943729114,54.840000,-162.876830,19.657389,0.000000,-20.747860
1783943729134,54.860000,-187.707140,32.159900,0.000000,-25.139908
1783943729154,54.880000,-183.585460,42.295742,0.000000,-30.378538
1783943729174,54.900000,-202.270980,49.320953,0.000000,-29.601037
1783943729194,54.920000,-189.553560,52.908020,0.000000,-17.784121
1783943729214,54.940000,-175.584010,53.175716,0.000000,2.403412
1783943729234,54.960000,-156.227570,50.728590,0.000000,21.707339
1783943729254,54.980000,-162.034640,46.620210,0.000000,32.407076
1783943729274,55.000000,-149.928680,42.111233,0.000000,35.293692
1783943729294,55.020000,-174.723330,38.241344,0.000000,38.474655
1783943729314,55.040000,-149.956000,35.442640,0.000000,49.041599
1783943729334,55.060000,-160.120030,33.462920,0.000000,65.476648
1783943729354,55.080000,-133.911350,31.651182,0.000000,78.392607
1783943729374,55.100000,-156.209500,29.380396,0.000000,79.072667
1783943729394,55.120000,-171.457470,26.290090,0.000000,66.953100
1783943729414,55.140000,-206.652950,22.198568,0.000000,48.657299
1783943729434,55.160000,-219.976210,16.852072,0.000000,31.347112
1783943729454,55.180000,-253.539030,9.825433,-0.384333,18.234228
1783943729474,55.200000,-274.133900,0.705139,-0.324137,8.436231
1783943729494,55.220000,-289.900270,-10.596554,-0.237923,-1.131282
1783943729514,55.240000,-312.605600,-23.630224,-0.139107,-12.357066
1783943729534,55.260000,-337.680800,-37.420124,-0.039540,-22.722962
1783943729554,55.280000,-357.806030,-50.683613,0.049291,-27.065276
1783943729574,55.300000,-368.477700,-62.147907,0.111922,-23.919023
1783943729594,55.320000,-360.591370,-70.787300,0.143877,-18.029867
1783943729614,55.340000,-387.462160,-75.878660,0.141934,-14.759842
1783943729634,55.360000,-393.484440,-76.982340,0.107940,-14.237914
1783943729654,55.380000,-415.141660,-74.007090,0.050522,-13.267811
1783943729674,55.400000,-410.939200,-67.321390,-0.022311,-10.720225
1783943729694,55.420000,-436.314330,-57.735320,-0.097114,-8.158635
1783943729714,55.440000,-440.229680,-46.305256,-0.169113,-6.483600
1783943729734,55.460000,-461.454900,-34.102090,-0.232669,-4.734342
1783943729754,55.480000,-463.707400,-22.062332,-0.285579,-2.143528
1783943729774,55.500000,-482.925960,-10.910771,-0.320802,0.437058
1783943729794,55.520000,-484.943080,-1.113153,-0.340196,1.748346
1783943729814,55.540000,-512.102200,7.127688,-0.350899,1.775061
1783943729834,55.560000,-513.044560,13.808331,-0.348154,1.301961
1783943729854,55.580000,-537.752870,19.025710,-0.344395,0.470980
1783943729874,55.600000,-536.389300,22.906494,-0.340763,-0.790572
1783943729894,55.620000,-561.997440,25.594370,1.000000,-1.097825
1783943729914,55.640000,-565.827940,27.262032,0.996192,1.442634
1783943729934,55.660000,-575.554700,28.107810,0.934077,5.632279
1783943729954,55.680000,-572.290400,28.352820,0.818558,6.741756
1783943729974,55.700000,-598.865500,28.251368,0.654647,1.532952
1783943729994,55.720000,-614.739400,28.054220,0.461727,-7.796093
1783943730014,55.740000,-628.519000,27.886457,0.254992,-16.014356
1783943730034,55.760000,-637.686200,27.645258,0.061754,-19.613997
1783943730054,55.780000,-646.379760,27.062805,-0.107448,-18.405333
1783943730074,55.800000,-644.803040,25.918268,-0.246416,-14.501592
1783943730094,55.820000,-653.325600,24.228693,-0.343082,-11.095004
1783943730114,55.840000,-641.599240,22.287727,-0.398734,-10.682905
1783943730134,55.860000,-664.041560,20.554113,-0.412109,-12.814125
1783943730154,55.880000,-656.662300,19.453420,-0.384333,-14.382394
1783943730174,55.900000,-668.029400,19.185751,-0.324137,-13.329279
1783943730194,55.920000,-651.590760,19.653810,-0.237923,-10.953544
1783943730214,55.940000,-660.963600,20.560791,-0.139107,-9.328426
1783943730234,55.960000,-656.401730,21.587753,-0.384333,-7.868114
1783943730254,55.980000,-654.353500,22.500284,-0.324137,-4.289976
1783943730274,56.000000,-639.418700,23.152122,-0.237923,1.967357
1783943730294,56.020000,-635.603450,23.472015,-0.139107,9.148539
1783943730314,56.040000,-620.147460,23.478514,-0.039540,15.482315
1783943730334,56.060000,-621.287400,23.271479,0.049291,20.231707
1783943730354,56.080000,-607.717300,22.955160,0.111922,22.386744
1783943730374,56.100000,-602.714230,22.541145,0.143877,20.477242
1783943730394,56.120000,-606.496100,21.905207,0.141934,14.974650
1783943730414,56.140000,-611.553340,20.798910,0.107940,9.133010
1783943730434,56.160000,-600.091900,18.888678,0.050522,5.768661
1783943730454,56.180000,-600.923000,15.841937,-0.022311,4.388907
1783943730474,56.200000,-590.508800,11.474847,-0.097114,2.677316
1783943730494,56.220000,-591.780000,5.885933,-0.169113,-0.350896
1783943730514,56.240000,-587.860600,-0.540177,-0.232669,-3.949370
1783943730534,56.260000,-582.085600,-7.269516,-0.285579,-7.644221
1783943730554,56.280000,-575.674800,-13.783198,-0.320802,-11.938110
1783943730574,56.300000,-581.629100,-19.677828,-0.340196,-16.855821
1783943730594,56.320000,-569.426900,-24.702887,-0.350899,-21.129162
1783943730614,56.340000,-569.556200,-28.760452,-0.348154,-23.167362
1783943730634,56.360000,-556.575700,-31.866308,-0.344395,-22.206152
1783943730654,56.380000,-549.599730,-34.073140,-0.340763,-18.750010
1783943730674,56.400000,-532.916300,-35.394665,1.000000,-14.447977
1783943730694,56.420000,-527.259640,-35.780262,0.996192,-11.162721
1783943730714,56.440000,-509.940340,-35.151047,0.934077,-9.311309
1783943730734,56.460000,-508.593170,-33.474186,0.818558,-6.813904
1783943730754,56.480000,-485.420780,-30.833746,0.654647,-0.440139
1783943730774,56.500000,-482.108550,-27.448479,0.461727,10.633147
1783943730794,56.520000,-442.698970,-23.611649,0.254992,22.728226
1783943730814,56.540000,-440.680480,-19.578138,0.061754,30.486858
1783943730834,56.560000,-429.622300,-15.491431,-0.107448,31.962924
1783943730854,56.580000,-421.636720,-11.440022,-0.246416,29.960068
1783943730874,56.600000,-419.208980,-7.602281,-0.343082,28.550879
1783943730894,56.620000,-414.416020,-4.334422,-0.398734,29.115115
1783943730914,56.640000,-392.475650,-2.095318,-0.412109,30.180789
1783943730934,56.660000,-396.476470,-1.245606,-0.384333,31.008252
1783943730954,56.680000,-385.995970,-1.873760,-0.405195,33.383696
1783943730974,56.700000,-372.846700,-3.764262,-0.349099,38.170555
1783943730994,56.720000,-353.164400,-6.484795,-0.266228,42.209622
1783943731014,56.740000,-352.582900,-9.493523,-0.166265,41.189641
1783943731034,56.760000,-353.275240,-12.243611,-0.060793,34.236258
1783943731054,56.780000,-348.775100,-14.335414,0.043596,23.892696
1783943731074,56.800000,-354.976960,-15.671510,0.127215,13.016880
1783943731094,56.820000,-348.695620,-16.479013,0.185729,3.321107
1783943731114,56.840000,-351.741760,-17.156345,0.210182,-4.150449
1783943731134,56.860000,-342.454530,-18.048525,0.199856,-9.144352
1783943731154,56.880000,-337.546420,-19.276823,0.155806,-13.174764
1783943731174,56.900000,-324.212220,-20.676062,0.084100,-18.966254
1783943731194,56.920000,-324.230930,-21.844118,-0.002935,-27.813279
1783943731214,56.940000,-324.065000,-22.292290,-0.093539,-38.177353
1783943731234,56.960000,-310.023200,-21.644453,-0.183248,-47.669468
1783943731254,56.980000,-311.758670,-19.777695,-0.261813,-55.600596
1783943731274,57.000000,-291.578770,-16.820848,-0.327271,-62.763289
1783943731294,57.020000,-289.952030,-13.034527,-0.371682,-69.242117
1783943731314,57.040000,-271.831000,-8.679121,-0.395901,-73.253678
1783943731334,57.060000,-250.360320,-3.942785,-0.407965,-72.106405
1783943731354,57.080000,-223.418300,1.089777,-0.403493,-63.988503
1783943731374,57.100000,-192.781710,6.458288,-0.397509,-49.502695
1783943731394,57.120000,-146.563300,12.329594,-0.390482,-32.127124
1783943731414,57.140000,-111.941650,18.957830,1.000000,-16.142429
1783943731434,57.160000,-75.463500,26.583084,0.995780,-3.167649
1783943731454,57.180000,-44.821312,35.273197,0.937634,8.418317
1783943731474,57.200000,-4.560878,44.763783,0.829257,20.050167
1783943731494,57.220000,24.491009,54.402008,0.673146,30.012275
1783943731514,57.240000,62.480457,63.259487,0.484298,34.977154
1783943731534,57.260000,77.730000,70.349060,0.280239,34.246045
1783943731554,57.280000,101.593475,74.807680,0.083023,31.273039
1783943731574,57.300000,128.426240,75.986400,-0.092748,30.404368
1783943731594,57.320000,149.259490,73.505940,-0.242372,32.596729
1783943731614,57.340000,183.480480,67.336680,-0.342336,34.762735
1783943731634,57.360000,206.013430,57.873220,-0.403006,33.255435
1783943731654,57.380000,214.753390,45.904766,-0.423025,27.523953
1783943731674,57.400000,242.922560,32.428123,-0.405195,20.060740
1783943731694,57.420000,254.098050,18.392843,-0.349099,13.810584
1783943731714,57.440000,275.367280,4.529596,-0.266228,10.286974
1783943731734,57.460000,291.997920,-8.667696,-0.166265,8.712741
1783943731754,57.480000,317.514000,-20.857607,-0.060793,6.197616
1783943731774,57.500000,331.649540,-31.759735,0.043596,0.233275
1783943731794,57.520000,337.806240,-41.119675,0.127215,-8.266401
1783943731814,57.540000,355.471100,-48.756336,-0.339508,-15.284968
1783943731834,57.560000,370.288020,-54.641033,-0.300095,-17.117724
1783943731854,57.580000,392.767460,-58.898163,-0.235957,-12.950913
1783943731874,57.600000,419.135700,-61.686690,-0.158547,-4.881997
1783943731894,57.620000,436.074340,-63.054820,-0.075025,3.407579
1783943731914,57.640000,470.204350,-62.894740,0.008588,8.485126
1783943731934,57.660000,467.660500,-61.033764,0.077928,9.205373
1783943731954,57.680000,494.532350,-57.411366,0.127852,7.493284
1783943731974,57.700000,494.854250,-52.241300,0.148731,6.611720
1783943731994,57.720000,509.409500,-46.054630,0.137943,7.909266
1783943732014,57.740000,522.123800,-39.586758,0.094812,8.956132
1783943732034,57.760000,531.579700,-33.559998,0.024345,5.742032
1783943732054,57.780000,522.846440,-28.490057,-0.061431,-2.615904
1783943732074,57.800000,524.527900,-24.632345,-0.150688,-11.966765
1783943732094,57.820000,531.227050,-22.057236,-0.237092,-15.870816
1783943732114,57.840000,532.796600,-20.723112,-0.309684,-9.902650
1783943732134,57.860000,560.117740,-20.440200,-0.367333,5.226851
1783943732154,57.880000,577.762940,-20.761190,-0.403945,23.411901
1783943732174,57.900000,598.696040,-20.935518,-0.421726,36.919072
1783943732194,57.920000,601.227800,-20.039778,-0.427883,41.701979
1783943732214,57.940000,600.216000,-17.293436,-0.424950,39.254215
1783943732234,57.960000,596.671400,-12.431418,-0.423074,33.567265
1783943732254,57.980000,589.093000,-5.907688,-0.423033,26.963189
1783943732274,58.000000,581.984700,1.217073,1.000000,18.899283
1783943732294,58.020000,568.186500,7.640545,0.991378,8.068553
1783943732314,58.040000,558.957400,12.233253,0.936025,-4.994028
1783943732334,58.060000,532.610170,14.318089,0.837051,-17.920401
1783943732354,58.080000,528.476440,13.750164,0.696853,-29.322047
1783943732374,58.100000,512.956700,10.854411,0.530019,-40.485803
1783943732394,58.120000,495.921450,6.309667,0.346393,-53.146947
1783943732414,58.140000,476.561900,1.004167,0.166412,-66.326493
1783943732434,58.160000,469.037660,-4.144208,0.000738,-76.137370
1783943732454,58.180000,457.688300,-8.353541,-0.144657,-78.110757
1783943732474,58.200000,464.484680,-11.041863,-0.248233,-69.991285
1783943732494,58.220000,471.534500,-11.771886,-0.315834,-53.663130
1783943732514,58.240000,495.579960,-10.155275,-0.345516,-34.251453
1783943732534,58.260000,501.776460,-5.812896,-0.339508,-15.906926
1783943732554,58.280000,517.788300,1.545736,-0.300095,1.709210
1783943732574,58.300000,529.094000,11.934604,-0.235957,21.731346
1783943732594,58.320000,549.294430,24.914291,-0.158547,44.644120
1783943732614,58.340000,563.173200,39.572628,-0.075025,65.364126
1783943732634,58.360000,576.557000,54.691150,0.008588,76.669042
1783943732654,58.380000,560.173460,68.967400,0.077928,75.547378
1783943732674,58.400000,549.430800,81.135600,0.127852,65.168168
1783943732694,58.420000,523.223400,89.971460,0.148731,50.383817
1783943732714,58.440000,509.156070,94.317710,0.137943,33.007974
1783943732734,58.460000,479.488700,93.254616,0.094812,13.001483
1783943732754,58.480000,455.029420,86.368920,0.024345,-6.851581
1783943732774,58.500000,433.239750,73.949234,-0.061431,-20.277081
1783943732794,58.520000,423.226680,57.005375,-0.150688,-23.035109
1783943732814,58.540000,426.959350,37.154430,-0.237092,-17.984278
1783943732834,58.560000,433.137100,16.454020,-0.309684,-12.454350
1783943732854,58.580000,416.935600,-2.832082,-0.367333,-10.455060
1783943732874,58.600000,419.721680,-18.608498,-0.403945,-9.494375
1783943732894,58.620000,416.186460,-29.402985,-0.421726,-5.377728
1783943732914,58.640000,420.427300,-34.674423,-0.427883,1.966281
1783943732934,58.660000,419.925540,-34.796100,-0.424950,8.411766
1783943732954,58.680000,426.497040,-30.767952,-0.339508,10.525308
1783943732974,58.700000,404.830700,-23.875633,-0.300095,9.285513
1783943732994,58.720000,408.852360,-15.463482,-0.235957,8.006531
1783943733014,58.740000,404.578250,-6.814963,-0.158547,7.601926
1783943733034,58.760000,399.836730,0.960645,-0.075025,5.980862
1783943733054,58.780000,386.795560,7.064845,0.008588,1.522869
1783943733074,58.800000,380.246280,11.085514,0.077928,-4.929423
1783943733094,58.820000,373.579470,12.951083,0.127852,-11.155795
1783943733114,58.840000,360.007300,12.825439,0.148731,-15.250797
1783943733134,58.860000,361.595900,11.029938,0.137943,-16.594949
1783943733154,58.880000,360.506400,8.008363,0.094812,-15.811546
1783943733174,58.900000,357.198120,4.307834,0.024345,-13.874323
1783943733194,58.920000,356.245730,0.537466,-0.061431,-11.904301
1783943733214,58.940000,359.919130,-2.719981,-0.150688,-11.773489
1783943733234,58.960000,352.062680,-5.022942,-0.237092,-15.254415
1783943733254,58.980000,344.473270,-6.164954,-0.309684,-21.802779
1783943733274,59.000000,338.911930,-6.219912,-0.367333,-28.273361
1783943733294,59.020000,325.332340,-5.527773,-0.403945,-31.778835
1783943733314,59.040000,337.809630,-4.595961,-0.421726,-32.190053
1783943733334,59.060000,333.910580,-3.907557,-0.427883,-30.577826
1783943733354,59.080000,330.380830,-3.719400,-0.424950,-26.086166
1783943733374,59.100000,344.583620,-3.979705,-0.423074,-16.679490
1783943733394,59.120000,360.726300,-4.388997,-0.423033,-2.498951
1783943733414,59.140000,372.447600,-4.512488,1.000000,13.594131
1783943733434,59.160000,382.492800,-3.881887,0.991378,28.041872
1783943733454,59.180000,396.888820,-2.119339,0.936025,37.854729
1783943733474,59.200000,397.704380,0.903480,0.837051,41.543282
1783943733494,59.220000,394.222720,4.945310,0.696853,40.375115
1783943733514,59.240000,384.812260,9.377624,0.530019,37.500152
1783943733534,59.260000,387.123600,13.279176,0.346393,34.702925
1783943733554,59.280000,376.718080,15.644952,0.166412,30.802091
1783943733574,59.300000,366.793400,15.664505,0.000738,23.626133
1783943733594,59.320000,352.711730,12.940162,-0.144657,12.760283
1783943733614,59.340000,338.468800,7.536924,-0.248233,0.242415
1783943733634,59.360000,317.352870,-0.118258,-0.315834,-10.988798
1783943733654,59.380000,309.574160,-9.384457,-0.345516,-19.404944
1783943733674,59.400000,295.377320,-19.515140,-0.339508,-25.374992
1783943733694,59.420000,295.266240,-29.703352,-0.300095,-28.777446
1783943733714,59.440000,275.777370,-39.100860,-0.235957,-27.323747
1783943733734,59.460000,283.917140,-46.875397,-0.158547,-19.324571
1783943733754,59.480000,296.364800,-52.303844,-0.075025,-7.311385
1783943733774,59.500000,290.834630,-54.834180,0.008588,3.671523
1783943733794,59.520000,293.892180,-54.119858,0.077928,11.224158
1783943733814,59.540000,295.647280,-50.095264,0.127852,17.427691
1783943733834,59.560000,286.875700,-43.084286,0.148731,25.504060
1783943733854,59.580000,291.922730,-33.832320,0.137943,34.907613
1783943733874,59.600000,291.272340,-23.380249,0.094812,40.213397
1783943733894,59.620000,278.518430,-12.835190,0.024345,36.236621
1783943733914,59.640000,249.533860,-3.181586,-0.061431,24.038399
1783943733934,59.660000,229.918640,4.765324,-0.150688,10.214910
1783943733954,59.680000,211.311190,10.314836,-0.237092,0.455403
1783943733974,59.700000,193.186740,12.931256,-0.309684,-4.896883
1783943733994,59.720000,182.257110,12.406235,-0.367333,-9.300727
1783943734014,59.740000,166.470550,9.040304,-0.403945,-15.407034
1783943734034,59.760000,138.980930,3.649611,-0.339508,-22.667626
1783943734054,59.780000,133.162720,-2.647776,-0.300095,-28.954312
1783943734074,59.800000,117.028260,-8.733660,-0.235957,-32.485064
1783943734094,59.820000,108.558000,-13.705677,-0.158547,-31.363203
1783943734114,59.840000,96.012924,-16.945610,-0.075025,-23.897860
1783943734134,59.860000,110.318954,-18.093111,0.008588,-11.176975
1783943734154,59.880000,116.685270,-16.974405,0.077928,2.953412
1783943734174,59.900000,108.835754,-13.517372,0.127852,15.687999
1783943734194,59.920000,114.090164,-7.739559,0.148731,26.381871
1783943734214,59.940000,114.014880,0.143836,0.137943,33.126620
1783943734234,59.960000,103.221010,9.594253,0.094812,31.556360
1783943734254,59.980000,80.452090,19.731234,0.024345,19.222894
1783943734274,60.000000,59.138844,29.417267,-0.061431,0.161195
1783943734294,60.020000,21.539516,37.382170,-0.150688,-16.667210
1783943734314,60.040000,11.548158,42.398743,-0.237092,-24.517656
1783943734334,60.060000,15.388135,43.569794,-0.309684,-23.806430
1783943734354,60.080000,-2.150118,40.682150,-0.367333,-19.342524
1783943734374,60.100000,2.181222,34.418705,-0.403945,-14.863921
1783943734394,60.120000,-5.051632,26.227936,-0.421726,-11.989272
1783943734414,60.140000,-8.267567,17.873990,-0.427883,-12.086008
1783943734434,60.160000,-19.423840,10.906232,-0.424950,-16.286349
1783943734454,60.180000,-35.269047,6.278730,-0.423074,-23.953395
1783943734474,60.200000,-51.456993,4.193298,-0.423033,-32.573439
1783943734494,60.220000,-58.250656,4.164799,1.000000,-39.077518
1783943734514,60.240000,-69.130646,5.288235,0.991378,-40.517391
1783943734534,60.260000,-70.122910,6.615641,0.936025,-34.488053
1783943734554,60.280000,-61.877320,7.496639,0.837051,-21.006592
1783943734574,60.300000,-50.337380,7.768766,0.696853,-4.175383
1783943734594,60.320000,-41.443558,7.759298,0.530019,9.744798
1783943734614,60.340000,-38.586563,8.107727,0.346393,17.127012
1783943734634,60.360000,-49.861473,9.445270,0.166412,19.657194
1783943734654,60.380000,-44.214050,12.042546,0.000738,21.806031
1783943734674,60.400000,-58.836525,15.609813,-0.144657,25.922872
1783943734694,60.420000,-47.439790,19.373463,-0.248233,30.412917
1783943734714,60.440000,-59.958870,22.382095,-0.315834,32.852715
1783943734734,60.460000,-63.486260,23.851217,-0.345516,33.858371
1783943734754,60.480000,-76.916145,23.356718,-0.339508,36.212397
1783943734774,60.500000,-69.366840,20.840600,-0.300095,40.355337
1783943734794,60.520000,-80.629830,16.532837,-0.235957,42.902199
1783943734814,60.540000,-89.848470,10.876096,-0.158547,40.124079
1783943734834,60.560000,-115.844310,4.423846,-0.075025,31.269535
1783943734854,60.580000,-123.899536,-2.328160,0.008588,18.571655
1783943734874,60.600000,-156.163120,-9.096463,0.077928,5.884254
1783943734894,60.620000,-175.021530,-15.837247,0.127852,-3.200068
1783943734914,60.640000,-188.904140,-22.636040,0.148731,-8.075526
1783943734934,60.660000,-197.129790,-29.525599,0.137943,-11.539501
1783943734954,60.680000,-218.947020,-36.316070,0.094812,-15.886345
1783943734974,60.700000,-230.484400,-42.538128,0.024345,-19.513130
1783943734994,60.720000,-245.129430,-47.558598,-0.061431,-19.101236
1783943735014,60.740000,-248.880550,-50.791412,-0.339508,-14.708211
1783943735034,60.760000,-257.449650,-51.846302,-0.300095,-10.885605
1783943735054,60.780000,-262.060300,-50.553646,-0.235957,-11.639823
1783943735074,60.800000,-291.572200,-46.947690,-0.158547,-15.112135
1783943735094,60.820000,-292.254300,-41.294983,-0.075025,-15.208649
1783943735114,60.840000,-308.224670,-34.125607,0.008588,-8.775513
1783943735134,60.860000,-295.107330,-26.147528,0.077928,0.738641
1783943735154,60.880000,-307.943730,-18.020756,0.127852,7.550938
1783943735174,60.900000,-320.057370,-10.151192,0.148731,9.213003
1783943735194,60.920000,-339.992770,-2.697429,0.137943,6.143077
1783943735214,60.940000,-338.781700,4.231887,0.094812,-1.575089
1783943735234,60.960000,-376.369500,10.404406,0.024345,-12.817120
1783943735254,60.980000,-394.505070,15.445667,-0.061431,-22.905157
1783943735274,61.000000,-419.916440,18.923628,-0.150688,-27.293841
1783943735294,61.020000,-403.233800,20.479586,-0.237092,-26.469841
1783943735314,61.040000,-427.902920,20.029203,-0.309684,-23.072129
1783943735334,61.060000,-431.615780,17.950947,-0.367333,-16.490933
1783943735354,61.080000,-432.734950,15.061450,-0.403945,-5.276092
1783943735374,61.100000,-411.564820,12.361491,-0.421726,7.246836
1783943735394,61.120000,-430.789120,10.762260,-0.427883,15.120999
1783943735414,61.140000,-422.467530,10.912421,-0.424950,16.917380
1783943735434,61.160000,-450.671500,13.055450,-0.423074,16.953984
1783943735454,61.180000,-434.177760,16.902576,-0.423033,19.272909
1783943735474,61.200000,-454.952800,21.668920,1.000000,22.952497
1783943735494,61.220000,-443.273350,26.342087,0.991378,23.994891
1783943735514,61.240000,-474.522950,30.022064,0.936025,19.946192
1783943735534,61.260000,-472.163640,32.115560,0.837051,11.522358
1783943735554,61.280000,-497.818300,32.331550,0.696853,1.161073
1783943735574,61.300000,-507.094360,30.590635,0.530019,-8.489777
1783943735594,61.320000,-525.443600,26.964670,0.346393,-15.586563
1783943735614,61.340000,-530.014800,21.674446,0.166412,-20.101050
1783943735634,61.360000,-539.609130,15.115800,0.000738,-23.360641
1783943735654,61.380000,-539.035770,7.875919,-0.144657,-25.482012
1783943735674,61.400000,-554.869750,0.695366,-0.248233,-23.950813
1783943735694,61.420000,-537.628200,-5.648443,-0.315834,-16.319843
1783943735714,61.440000,-537.389040,-10.478896,-0.345516,-4.010954
1783943735734,61.460000,-515.690860,-13.293347,-0.339508,8.123181
1783943735754,61.480000,-523.392150,-13.774277,-0.300095,15.959845
1783943735774,61.500000,-512.819760,-11.828105,-0.235957,18.609299
1783943735794,61.520000,-525.197630,-7.691587,-0.339508,17.218697
1783943735814,61.540000,-515.052600,-2.011267,-0.300095,13.455703
1783943735834,61.560000,-535.103900,4.221872,-0.235957,10.010453
1783943735854,61.580000,-520.770900,9.887203,-0.158547,10.594457
1783943735874,61.600000,-530.480470,14.008777,-0.075025,16.991427
1783943735894,61.620000,-504.897460,15.996811,0.008588,25.881063
1783943735914,61.640000,-511.887500,15.791321,0.077928,30.240076
1783943735934,61.660000,-502.385900,13.841683,0.127852,25.213909
1783943735954,61.680000,-532.794200,10.876582,0.148731,12.321593
1783943735974,61.700000,-529.132800,7.534322,0.137943,-2.709846
1783943735994,61.720000,-553.954500,4.062310,0.094812,-15.415164
1783943736014,61.740000,-544.996460,0.287551,0.024345,-24.959996
1783943736034,61.760000,-566.543400,-4.133824,-0.061431,-32.262406
1783943736054,61.780000,-558.830100,-9.388172,-0.150688,-37.926479
1783943736074,61.800000,-565.046940,-15.310852,-0.237092,-42.218809
1783943736094,61.820000,-563.716400,-21.390192,-0.309684,-45.331554
1783943736114,61.840000,-560.287800,-26.909357,-0.367333,-46.497207
1783943736134,61.860000,-552.354400,-31.134180,-0.403945,-43.262683
1783943736154,61.880000,-547.861150,-33.474610,-0.421726,-32.978074
1783943736174,61.900000,-511.373200,-33.568596,-0.427883,-15.942167
1783943736194,61.920000,-503.700350,-31.266123,-0.424950,3.302699
1783943736214,61.940000,-470.106840,-26.565971,-0.423074,18.374215
1783943736234,61.960000,-471.904800,-19.603620,-0.423033,24.936698
1783943736254,61.980000,-458.892600,-10.744937,1.000000,23.147056
1783943736274,62.000000,-465.078950,-0.722641,0.991378,17.497326
1783943736294,62.020000,-462.487980,9.331658,0.936025,13.961879
1783943736314,62.040000,-461.127750,18.051460,0.837051,15.681707
1783943736334,62.060000,-436.996100,24.173737,0.696853,20.873378
1783943736354,62.080000,-442.431640,26.924500,0.530019,25.748925
1783943736374,62.100000,-415.230930,26.258950,0.346393,29.213897
1783943736394,62.120000,-430.364070,22.818710,0.166412,33.267874
1783943736414,62.140000,-394.198430,17.636072,-0.401759,38.802127
1783943736434,62.160000,-397.429020,11.782169,-0.363086,42.991106
1783943736454,62.180000,-385.408000,6.135082,-0.293103,41.879228
1783943736474,62.200000,-391.791700,1.268896,-0.203608,34.443546
1783943736494,62.220000,-387.226000,-2.606807,-0.103666,23.778582
1783943736514,62.240000,-393.788120,-5.655726,0.000304,15.314160
1783943736534,62.260000,-384.880300,-8.310016,0.090686,13.226010
1783943736554,62.280000,-379.840640,-11.047615,0.163608,16.763175
1783943736574,62.300000,-347.358670,-14.134937,0.207896,20.382543
1783943736594,62.320000,-360.381230,-17.448805,0.220143,18.832564
1783943736614,62.340000,-343.982060,-20.501078,0.197641,11.416158
1783943736634,62.360000,-353.436340,-22.696732,0.143994,0.684890
1783943736654,62.380000,-336.416320,-23.664122,0.068502,-11.058695
1783943736674,62.400000,-359.503750,-23.429817,-0.019539,-22.935465
1783943736694,62.420000,-334.201780,-22.361526,-0.116637,-34.682740
1783943736714,62.440000,-341.748300,-20.967619,-0.211787,-45.234009
1783943736734,62.460000,-334.782500,-19.674612,-0.304763,-52.215177
1783943736754,62.480000,-322.603450,-18.675167,-0.387654,-54.247010
1783943736774,62.500000,-291.664460,-17.878532,-0.459127,-53.172663
1783943736794,62.520000,-288.022640,-16.935850,-0.524321,-51.700329
1783943736814,62.540000,-256.001600,-15.324506,-0.577237,-49.456576
1783943736834,62.560000,-241.522580,-12.506968,-0.625153,-43.624726
1783943736854,62.580000,-205.870390,-8.126353,-0.663102,-33.394958
1783943736874,62.600000,-173.445100,-2.118146,1.000000,-21.977465
1783943736894,62.620000,-139.883560,5.324375,0.989817,-13.288651
1783943736914,62.640000,-125.582794,13.839798,0.939232,-7.951976
1783943736934,62.660000,-89.474760,22.926910,0.850221,-4.252168
1783943736954,62.680000,-68.921460,31.923075,0.723131,-1.785926
1783943736974,62.700000,-39.695740,40.037960,0.566895,-1.676695
1783943736994,62.720000,-28.856394,46.483630,0.388813,-3.610883
1783943737014,62.740000,6.012088,50.622726,0.203955,-5.036064
1783943737034,62.760000,7.934494,52.055110,0.024884,-4.095590
1783943737054,62.780000,66.331550,50.658066,-0.141052,-1.924368
1783943737074,62.800000,61.329742,46.624370,-0.265968,-0.679494
1783943737094,62.820000,99.303480,40.456997,-0.353637,-0.365538
1783943737114,62.840000,120.591060,32.858880,-0.398727,1.050902
1783943737134,62.860000,149.508830,24.563477,-0.401759,5.412043
1783943737154,62.880000,170.336010,16.206924,-0.363086,12.709788
1783943737174,62.900000,211.953840,8.287887,-0.293103,20.517037
1783943737194,62.920000,228.825560,1.177761,-0.203608,25.505645
1783943737214,62.940000,254.829590,-4.876784,-0.103666,26.698142
1783943737234,62.960000,273.305660,-9.782084,0.000304,26.983689
1783943737254,62.980000,296.470200,-13.639874,0.090686,30.583500
1783943737274,63.000000,312.398250,-16.743715,-0.404082,38.250005
1783943737294,63.020000,355.106800,-19.476152,-0.358738,45.310090
1783943737314,63.040000,359.539180,-22.139826,-0.290008,46.109364
1783943737334,63.060000,371.419680,-24.849709,-0.200582,40.181063
1783943737354,63.080000,371.485470,-27.594473,-0.101237,32.002279
1783943737374,63.100000,390.496600,-30.410543,0.004782,25.232056
1783943737394,63.120000,381.097780,-33.477520,0.107770,19.689357
1783943737414,63.140000,410.429260,-37.023140,0.193648,14.142992
1783943737434,63.160000,387.694100,-41.135212,0.253452,9.650393
1783943737454,63.180000,414.663200,-45.658000,0.280545,7.971232
1783943737474,63.200000,411.132750,-50.221283,0.267821,7.515146
1783943737494,63.220000,431.100520,-54.323290,0.224202,4.052611
1783943737514,63.240000,413.002700,-57.417603,0.155695,-3.894340
1783943737534,63.260000,415.126700,-59.036990,0.074200,-13.251567
1783943737554,63.280000,409.497650,-58.960650,-0.013871,-20.891427
1783943737574,63.300000,418.044220,-57.302580,-0.105007,-26.902629
1783943737594,63.320000,406.562870,-54.409290,-0.193474,-31.719997
1783943737614,63.340000,412.380070,-50.646923,-0.280893,-32.904413
1783943737634,63.360000,409.989500,-46.250780,-0.368184,-27.812594
1783943737654,63.380000,438.537900,-41.286030,-0.447935,-18.190543
1783943737674,63.400000,434.172760,-35.645050,-0.526286,-9.174006
1783943737694,63.420000,452.436650,-29.069748,-0.597046,-3.982857
1783943737714,63.440000,432.958440,-21.278738,-0.665419,-2.000216
1783943737734,63.460000,462.075930,-12.193759,-0.721035,-1.880813
1783943737754,63.480000,432.030880,-2.108370,1.000000,-3.952886
1783943737774,63.500000,448.537960,8.327744,0.992453,-8.989837
1783943737794,63.520000,421.543060,18.270317,0.941467,-16.177059
1783943737814,63.540000,429.805730,26.875559,0.844314,-22.771313
1783943737834,63.560000,411.242000,33.469738,0.703733,-25.302205
1783943737854,63.580000,427.646180,37.691616,0.529752,-21.428991
1783943737874,63.600000,420.833700,39.593243,0.333217,-11.534341
1783943737894,63.620000,446.456100,39.664240,0.131236,1.018303
1783943737914,63.640000,442.863900,38.750164,-0.053008,11.673540
1783943737934,63.660000,458.841700,37.851555,-0.209711,17.550024
1783943737954,63.680000,444.144230,37.834637,-0.322146,18.820336
1783943737974,63.700000,454.835330,39.146400,-0.391999,17.431128
1783943737994,63.720000,438.875800,41.662918,-0.416862,15.074834
1783943738014,63.740000,446.632260,44.755188,-0.404082,12.580195
1783943738034,63.760000,429.033800,47.537533,-0.358738,10.319446
1783943738054,63.780000,437.514400,49.168854,-0.290008,8.316867
1783943738074,63.800000,425.885680,49.086170,-0.200582,6.335352
1783943738094,63.820000,430.271580,47.118237,-0.101237,4.358613
1783943738114,63.840000,411.555800,43.469635,0.004782,2.392636
1783943738134,63.860000,429.786130,38.600777,0.107770,-0.257981
1783943738154,63.880000,404.789800,33.074490,0.193648,-4.290629
1783943738174,63.900000,410.744100,27.427462,0.253452,-9.063041
1783943738194,63.920000,394.603550,22.075483,0.280545,-13.119264
1783943738214,63.940000,405.713800,17.260830,0.267821,-15.279413
1783943738234,63.960000,396.494930,13.076442,0.224202,-14.075946
1783943738254,63.980000,399.429320,9.558758,0.155695,-8.031096
1783943738274,64.000000,408.003420,6.768539,0.074200,1.341438
1783943738294,64.020000,429.237600,4.820707,-0.013871,8.684034
1783943738314,64.040000,405.333070,3.877533,-0.404082,9.538580
1783943738334,64.060000,422.978420,4.073503,-0.358738,4.933805
1783943738354,64.080000,394.674800,5.356316,-0.290008,-0.372413
1783943738374,64.100000,405.772400,7.346570,-0.200582,-3.579860
1783943738394,64.120000,393.409800,9.371252,-0.101237,-6.495260
1783943738414,64.140000,397.735800,10.693851,0.004782,-11.920820
1783943738434,64.160000,376.066040,10.780179,0.107770,-18.457577
1783943738454,64.180000,377.757930,9.428146,0.193648,-21.177806
1783943738474,64.200000,375.975620,6.736007,0.253452,-17.650279
1783943738494,64.220000,393.033200,3.028506,0.280545,-10.917407
1783943738514,64.240000,377.888800,-1.168681,0.267821,-5.652045
1783943738534,64.260000,397.626280,-5.175058,0.224202,-3.220035
1783943738554,64.280000,374.635380,-8.315387,0.155695,-1.598507
1783943738574,64.300000,395.317300,-10.144191,0.074200,0.914056
1783943738594,64.320000,377.077200,-10.582728,-0.013871,3.287498
1783943738614,64.340000,391.304380,-9.887847,-0.105007,3.505915
1783943738634,64.360000,370.123660,-8.511408,-0.193474,2.161561
1783943738654,64.380000,379.563230,-6.954420,-0.280893,3.266906
1783943738674,64.400000,371.788000,-5.664656,-0.368184,10.913814
1783943738694,64.420000,395.489320,-4.946651,-0.447935,25.029928
1783943738714,64.440000,384.619260,-4.862572,-0.526286,40.183289
1783943738734,64.460000,417.161650,-5.183741,-0.597046,48.983272
1783943738754,64.480000,387.386570,-5.471770,-0.665419,48.058254
1783943738774,64.500000,384.187200,-5.311208,-0.721035,40.611350
1783943738794,64.520000,360.504880,-4.604759,1.000000,32.049268
1783943738814,64.540000,367.216000,-3.732917,0.992453,24.539024
1783943738834,64.560000,330.282930,-3.425722,0.941467,17.220920
1783943738854,64.580000,333.013030,-4.419496,0.844314,9.244491
1783943738874,64.600000,303.014980,-7.141783,0.703733,0.304260
1783943738894,64.620000,300.897520,-11.586539,0.529752,-10.106354
1783943738914,64.640000,267.463840,-17.358238,0.333217,-21.639369
1783943738934,64.660000,269.349030,-23.804499,0.131236,-31.547502
1783943738954,64.680000,228.777200,-30.184180,-0.053008,-36.083554
1783943738974,64.700000,252.803180,-35.811703,-0.209711,-34.320186
1783943738994,64.720000,232.911940,-40.105720,-0.322146,-29.134042
1783943739014,64.740000,241.177700,-42.549454,-0.391999,-23.625232
1783943739034,64.760000,224.438840,-42.676740,-0.416862,-18.600276
1783943739054,64.780000,237.039030,-40.169586,-0.404082,-14.428110
1783943739074,64.800000,218.130310,-35.009766,-0.358738,-12.889542
1783943739094,64.820000,220.568480,-27.554825,-0.290008,-15.422585
1783943739114,64.840000,192.433170,-18.501194,-0.200582,-20.504808
1783943739134,64.860000,198.596730,-8.784297,-0.101237,-24.057591
1783943739154,64.880000,171.950330,0.569165,0.004782,-22.800435
1783943739174,64.900000,188.199190,8.645081,0.107770,-17.283438
1783943739194,64.920000,174.688260,14.861279,0.193648,-11.267032
1783943739214,64.940000,180.612820,19.106650,0.253452,-7.788249
1783943739234,64.960000,157.760310,21.703630,0.280545,-6.586356
1783943739254,64.980000,169.196270,23.192087,0.267821,-5.721559
1783943739274,65.000000,144.646410,24.062067,0.224202,-4.156327
1783943739294,65.020000,163.083200,24.598450,-0.404082,-1.626877
1783943739314,65.040000,127.298294,24.887735,-0.358738,2.516965
1783943739334,65.060000,153.701810,24.902400,-0.290008,8.578183
1783943739354,65.080000,135.927980,24.589030,-0.200582,15.752548
1783943739374,65.100000,148.086750,23.949366,-0.101237,23.735884
1783943739394,65.120000,132.720750,23.084549,0.004782,33.500670
1783943739414,65.140000,150.794000,22.163970,0.107770,44.449979
1783943739434,65.160000,138.808900,21.344458,0.193648,52.220903
1783943739454,65.180000,144.885930,20.709910,0.253452,51.748150
1783943739474,65.200000,107.249590,20.232840,0.280545,42.354678
1783943739494,65.220000,99.839940,19.700430,0.267821,28.433559
1783943739514,65.240000,68.274840,18.644707,0.224202,15.675326
1783943739534,65.260000,66.450386,16.413343,0.155695,8.047631
1783943739554,65.280000,36.492530,12.427281,0.074200,7.145632
1783943739574,65.300000,52.400530,6.493425,-0.013871,11.500564
1783943739594,65.320000,30.839012,-1.010409,-0.105007,16.182904
1783943739614,65.340000,40.408775,-9.171411,-0.193474,15.409913
1783943739634,65.360000,6.583419,-16.792520,-0.280893,7.229373
1783943739654,65.380000,3.703688,-22.781916,-0.368184,-4.508018
1783943739674,65.400000,-36.282158,-26.528358,-0.447935,-13.788976
1783943739694,65.420000,-24.173286,-28.070093,-0.526286,-18.299035
1783943739714,65.440000,-50.391968,-27.951782,-0.597046,-20.754998
1783943739734,65.460000,-48.271570,-26.863459,-0.665419,-24.524967
1783943739754,65.480000,-80.466910,-25.311373,-0.721035,-29.941906
1783943739774,65.500000,-69.022026,-23.512247,1.000000,-35.575563
1783943739794,65.520000,-106.495980,-21.486105,0.992453,-41.060942
1783943739814,65.540000,-93.659560,-19.192944,0.941467,-46.923570
1783943739834,65.560000,-122.940414,-16.608560,0.844314,-51.842874
1783943739854,65.580000,-119.586180,-13.741448,0.703733,-51.773551
1783943739874,65.600000,-130.167360,-10.622794,0.529752,-43.676305
1783943739894,65.620000,-102.416565,-7.262292,0.333217,-29.823048
1783943739914,65.640000,-113.684250,-3.567802,0.131236,-16.469047
1783943739934,65.660000,-93.819496,0.699728,-0.053008,-8.124793
1783943739954,65.680000,-114.903730,5.831345,-0.372688,-4.435158
1783943739974,65.700000,-101.726110,11.936208,-0.333749,-2.515080
1783943739994,65.720000,-119.533110,18.734040,-0.277922,-0.640507
1783943740014,65.740000,-103.883470,25.549692,-0.207387,1.264644
1783943740034,65.760000,-135.219000,31.513422,-0.130274,3.359632
1783943740054,65.780000,-111.188630,35.823140,-0.048262,6.278461
1783943740074,65.800000,-132.536800,37.944416,0.030866,10.493022
1783943740094,65.820000,-117.459760,37.714306,0.094610,16.633435
1783943740114,65.840000,-131.340360,35.349970,0.135380,25.343503
1783943740134,65.860000,-114.193400,31.364265,0.147388,35.286327
1783943740154,65.880000,-129.227890,26.416296,0.125938,42.298360
1783943740174,65.900000,-110.629140,21.158030,0.080200,42.886352
1783943740194,65.920000,-152.780320,16.104055,0.016780,38.793783
1783943740214,65.940000,-145.738970,11.504378,-0.051925,35.543024
1783943740234,65.960000,-166.745470,7.262936,-0.118591,35.661169
1783943740254,65.980000,-151.327740,3.017196,-0.178208,36.117858
1783943740274,66.000000,-195.628740,-1.611643,-0.225758,33.029564
1783943740294,66.020000,-188.466780,-6.788125,-0.261911,25.652515
1783943740314,66.040000,-225.479460,-12.435353,-0.291940,15.331421
1783943740334,66.060000,-226.159360,-18.360765,-0.311509,3.830723
1783943740354,66.080000,-278.956300,-24.367773,-0.333061,-6.838336
1783943740374,66.100000,-265.555730,-30.291784,-0.352526,-15.377859
1783943740394,66.120000,-310.490970,-35.980373,-0.379614,-22.015217
1783943740414,66.140000,-304.086030,-41.231600,-0.405392,-27.007680
1783943740434,66.160000,-340.639950,-45.732420,1.000000,-29.141979
1783943740454,66.180000,-331.007500,-49.065550,0.983608,-27.044294
1783943740474,66.200000,-356.177860,-50.788930,0.922383,-21.531781
1783943740494,66.220000,-342.323000,-50.519610,0.816046,-15.309198
1783943740514,66.240000,-365.264160,-47.987580,0.668424,-9.806747
1783943740534,66.260000,-359.332300,-43.087795,0.493007,-3.625167
1783943740554,66.280000,-385.663640,-35.951958,0.298833,4.062363
1783943740574,66.300000,-361.998720,-26.997131,0.105827,9.570911
1783943740594,66.320000,-403.231630,-16.881780,-0.066621,7.685684
1783943740614,66.340000,-392.386400,-6.384865,-0.209069,-0.576639
1783943740634,66.360000,-456.275050,3.686968,-0.308147,-6.833981
1783943740654,66.380000,-426.308870,12.520562,-0.366978,-4.453958
1783943740674,66.400000,-446.647220,19.375244,-0.385750,4.230253
1783943740694,66.420000,-432.351260,23.829916,-0.372688,12.653038
1783943740714,66.440000,-470.882750,26.025063,-0.333749,18.213479
1783943740734,66.460000,-442.308960,26.619080,-0.372688,21.880791
1783943740754,66.480000,-476.860350,26.456568,-0.333749,22.987173
1783943740774,66.500000,-471.288240,26.217026,-0.277922,18.870929
1783943740794,66.520000,-505.200440,26.233932,-0.207387,8.853063
1783943740814,66.540000,-515.537960,26.457290,-0.130274,-4.089115
1783943740834,66.560000,-554.933200,26.496796,-0.048262,-16.247178
1783943740854,66.580000,-543.088200,25.766663,0.030866,-26.449401
1783943740874,66.600000,-588.710450,23.736933,0.094610,-35.087290
1783943740894,66.620000,-577.651550,20.187190,0.135380,-41.252218
1783943740914,66.640000,-611.412500,15.327228,0.147388,-43.312209
1783943740934,66.660000,-589.007750,9.742329,0.125938,-41.851223
1783943740954,66.680000,-615.447800,4.241551,0.080200,-39.588956
1783943740974,66.700000,-594.759400,-0.305269,0.016780,-37.736702
1783943740994,66.720000,-624.295650,-3.139680,-0.051925,-33.929919
1783943741014,66.740000,-590.235050,-3.788991,-0.118591,-24.811927
1783943741034,66.760000,-604.284300,-2.157746,-0.178208,-9.990506
1783943741054,66.780000,-566.623200,1.531692,-0.225758,7.194486
1783943741074,66.800000,-577.006900,6.895184,-0.261911,22.170203
1783943741094,66.820000,-546.979000,13.504924,-0.291940,31.804636
1783943741114,66.840000,-572.807070,20.884665,-0.311509,35.150068
1783943741134,66.860000,-546.517700,28.420280,-0.333061,33.009684
1783943741154,66.880000,-576.841800,35.302860,-0.352526,28.132717
1783943741174,66.900000,-563.454700,40.590347,-0.379614,24.949949
1783943741194,66.920000,-583.279970,43.383183,-0.405392,26.342685
1783943741214,66.940000,-556.005000,43.053160,1.000000,29.900603
1783943741234,66.960000,-577.123660,39.449867,0.983608,29.316825
1783943741254,66.980000,-566.049500,32.984406,0.922383,20.608110
1783943741274,67.000000,-603.644900,24.491835,0.816046,6.272547
1783943741294,67.020000,-589.583400,14.904235,0.668424,-6.959159
1783943741314,67.040000,-625.319640,4.942121,0.493007,-13.890309
1783943741334,67.060000,-591.615360,-4.969042,0.298833,-14.310981
1783943741354,67.080000,-615.200900,-14.537857,0.105827,-11.402783
1783943741374,67.100000,-587.202700,-23.376465,-0.066621,-7.867142
1783943741394,67.120000,-605.350600,-30.909353,-0.209069,-4.382572
1783943741414,67.140000,-570.422900,-36.484455,-0.308147,-0.682147
1783943741434,67.160000,-590.560900,-39.582233,-0.366978,3.690447
1783943741454,67.180000,-556.448060,-39.980270,-0.358941,9.254763
1783943741474,67.200000,-573.203500,-37.811510,-0.309199,15.596598
1783943741494,67.220000,-532.325800,-33.523254,-0.246580,20.744947
1783943741514,67.240000,-552.433100,-27.759796,-0.177573,22.853025
1783943741534,67.260000,-526.083600,-21.226116,-0.104565,21.990593
1783943741554,67.280000,-547.727360,-14.608876,-0.029018,18.827374
1783943741574,67.300000,-516.942500,-8.557677,0.038128,12.519877
1783943741594,67.320000,-546.453250,-3.656385,0.093259,2.480098
1783943741614,67.340000,-521.037500,-0.352592,0.125850,-7.717750
1783943741634,67.360000,-547.445560,1.109762,0.131879,-11.161303
1783943741654,67.380000,-503.950700,0.724218,0.111925,-4.473436
1783943741674,67.400000,-499.436040,-1.233641,0.068511,7.471352
1783943741694,67.420000,-452.575930,-4.132211,0.012602,16.169178
1783943741714,67.440000,-474.787960,-7.001429,-0.048199,18.137523
1783943741734,67.460000,-428.978270,-8.784623,-0.109421,16.529480
1783943741754,67.480000,-445.443180,-8.750159,-0.163113,15.026519
1783943741774,67.500000,-400.876130,-6.782730,-0.210731,13.278423
1783943741794,67.520000,-414.830800,-3.356398,-0.250501,8.731043
1783943741814,67.540000,-386.497250,0.727723,-0.279859,0.215321
1783943741834,67.560000,-404.540860,4.610071,-0.312768,-11.939953
1783943741854,67.580000,-366.454740,7.535702,-0.342966,-27.254601
1783943741874,67.600000,-392.391420,8.950829,-0.380985,-43.798398
1783943741894,67.620000,-364.774400,8.570067,-0.414831,-57.170502
1783943741914,67.640000,-375.054800,6.395855,1.000000,-64.259503
1783943741934,67.660000,-316.766850,2.705056,0.978595,-66.970742
1783943741954,67.680000,-330.678130,-1.941160,0.907774,-68.853988
1783943741974,67.700000,-276.497830,-6.702231,0.788650,-69.095637
1783943741994,67.720000,-282.736630,-10.596656,0.626093,-63.545453
1783943742014,67.740000,-205.365810,-12.760818,0.437197,-51.380062
1783943742034,67.760000,-194.238430,-12.640015,0.231687,-36.957744
1783943742054,67.780000,-128.086060,-10.000583,0.033074,-24.084087
1783943742074,67.800000,-122.768390,-4.877453,-0.136592,-11.683334
1783943742094,67.820000,-50.385750,2.406479,-0.271475,2.964199
1783943742114,67.840000,-26.354916,11.203221,-0.351318,19.248929
1783943742134,67.860000,32.736187,20.621870,-0.387307,33.732899
1783943742154,67.880000,45.147522,29.712107,-0.387231,43.868668
1783943742174,67.900000,107.736220,37.604298,-0.358941,49.564668
1783943742194,67.920000,110.267610,43.550230,-0.309199,52.430804
1783943742214,67.940000,160.076030,46.930187,-0.246580,54.120834
1783943742234,67.960000,160.156620,47.280956,-0.177573,54.080008
1783943742254,67.980000,215.665880,44.343260,-0.104565,49.469066
1783943742274,68.000000,196.744220,38.114970,-0.029018,39.391556
1783943742294,68.020000,240.115650,28.872566,0.038128,28.478457
1783943742314,68.040000,222.291320,17.116465,0.093259,23.428803
1783943742334,68.060000,284.102450,3.481977,0.125850,25.596411
1783943742354,68.080000,284.606230,-11.271136,0.131879,29.364847
1783943742374,68.100000,323.786440,-26.190582,0.111925,28.592626
1783943742394,68.120000,313.329070,-40.158054,0.068511,22.666865
1783943742414,68.140000,357.144380,-52.117924,0.012602,15.582849
1783943742434,68.160000,331.833740,-61.379925,-0.048199,10.688212
1783943742454,68.180000,383.960820,-67.774800,-0.109421,7.136291
1783943742474,68.200000,366.513180,-71.569984,-0.358941,1.466839
1783943742494,68.220000,392.393430,-73.246025,-0.309199,-7.806231
1783943742514,68.240000,369.150150,-73.310120,-0.246580,-18.576509
1783943742534,68.260000,409.235050,-72.225960,-0.177573,-27.787128
1783943742554,68.280000,378.476260,-70.396850,-0.104565,-33.836961
1783943742574,68.300000,414.523930,-68.118270,-0.029018,-37.063334
1783943742594,68.320000,397.334560,-65.514046,0.038128,-39.389393
1783943742614,68.340000,435.667660,-62.515636,0.093259,-42.035714
1783943742634,68.360000,409.756350,-58.897877,0.125850,-42.531807
1783943742654,68.380000,444.223140,-54.367992,0.131879,-36.612827
1783943742674,68.400000,443.221440,-48.687763,0.111925,-24.540976
1783943742694,68.420000,491.521970,-41.738796,0.068511,-12.273383
1783943742714,68.440000,477.027900,-33.477863,0.012602,-3.961971
1783943742734,68.460000,500.138850,-23.898514,-0.048199,3.333736
1783943742754,68.480000,495.296400,-13.131915,-0.109421,14.171289
1783943742774,68.500000,548.152600,-1.585281,-0.163113,27.342175
1783943742794,68.520000,524.906100,10.101567,-0.210731,38.074470
1783943742814,68.540000,551.447750,21.262014,-0.250501,44.539247
1783943742834,68.560000,538.106930,31.336573,-0.279859,47.724898
1783943742854,68.580000,560.620540,39.848040,-0.312768,47.130859
1783943742874,68.600000,527.558100,46.355022,-0.342966,40.780323
1783943742894,68.620000,542.366460,50.480286,-0.380985,28.989396
1783943742914,68.640000,494.073820,51.954605,-0.414831,15.363265
1783943742934,68.660000,509.854280,50.627840,1.000000,3.138706
1783943742954,68.680000,470.908260,46.504010,0.978595,-8.288210
1783943742974,68.700000,479.550170,39.833225,0.907774,-21.877483
1783943742994,68.720000,429.422000,31.181421,0.788650,-38.035587
1783943743014,68.740000,454.363280,21.387102,0.626093,-51.769270
1783943743034,68.760000,391.467700,11.414210,0.437197,-55.659566
1783943743054,68.780000,445.293950,2.198985,0.231687,-46.903720
1783943743074,68.800000,431.839170,-5.394022,0.033074,-30.391784
1783943743094,68.820000,458.751770,-10.505994,-0.136592,-13.247873
1783943743114,68.840000,451.782530,-12.272347,-0.271475,1.705701
1783943743134,68.860000,485.940000,-10.005156,-0.351318,15.330051
1783943743154,68.880000,459.452580,-3.502201,-0.387307,26.910440
1783943743174,68.900000,497.789600,6.739636,-0.379879,31.781951
1783943743194,68.920000,458.303470,19.549341,-0.339571,25.707067
1783943743214,68.940000,470.595950,33.287968,-0.286432,11.677004
1783943743234,68.960000,408.664800,46.109013,-0.224849,-0.880988
1783943743254,68.980000,443.271850,56.215027,-0.155870,-5.933913
1783943743274,69.000000,415.334660,62.165253,-0.079497,-6.705428
1783943743294,69.020000,430.200320,63.255140,-0.006403,-8.945072
1783943743314,69.040000,394.566530,59.763570,0.059519,-11.909363
1783943743334,69.060000,419.957820,52.825380,0.105941,-9.995566
1783943743354,69.080000,405.150820,43.995358,0.127306,-1.264152
1783943743374,69.100000,437.392400,34.827095,0.121805,9.372123
1783943743394,69.120000,414.912780,26.651850,0.090874,15.109587
1783943743414,69.140000,434.269100,20.457392,0.044445,13.106957
1783943743434,69.160000,400.864040,16.739264,-0.009797,5.389290
1783943743454,69.180000,415.096070,15.370547,-0.067981,-4.119330
1783943743474,69.200000,378.073100,15.625459,-0.122111,-12.424867
1783943743494,69.220000,403.065800,16.413671,-0.173100,-18.132619
1783943743514,69.240000,360.601530,16.644290,-0.219696,-20.745867
1783943743534,69.260000,401.937870,15.564747,-0.259837,-19.884529
1783943743554,69.280000,372.306520,12.960026,-0.304459,-14.734042
1783943743574,69.300000,403.152280,9.169941,-0.347711,-4.724923
1783943743594,69.320000,396.077400,4.938203,-0.395979,8.083250
1783943743614,69.340000,434.316250,1.170722,-0.436595,18.418589
1783943743634,69.360000,402.729800,-1.312679,1.000000,21.467253
1783943743654,69.380000,430.791140,-2.003839,0.980299,16.702046
1783943743674,69.400000,389.890380,-0.896450,0.912900,7.587123
1783943743694,69.420000,410.892330,1.432782,0.797795,-1.523106
1783943743714,69.440000,373.837700,3.954954,0.640469,-7.990280
1783943743734,69.460000,401.984380,5.522644,0.454776,-11.487125
1783943743754,69.480000,366.946840,5.259084,0.252398,-13.063467
1783943743774,69.500000,395.240260,2.830155,0.053431,-14.099922
1783943743794,69.520000,367.831330,-1.500190,-0.119061,-15.613118
1783943743814,69.540000,388.211460,-7.019567,-0.259224,-17.519853
1783943743834,69.560000,363.002080,-12.828816,-0.345960,-18.503718
1783943743854,69.580000,384.209530,-18.102758,-0.390410,-17.212525
1783943743874,69.600000,366.230350,-22.261246,-0.399021,-13.401204
1783943743894,69.620000,397.569460,-25.004908,-0.379879,-7.321144
1783943743914,69.640000,368.738160,-26.245280,-0.339571,1.215028
1783943743934,69.660000,411.823180,-26.020487,-0.286432,11.701563
1783943743954,69.680000,389.039920,-24.448755,-0.224849,21.550809
1783943743974,69.700000,424.771240,-21.708254,-0.155870,27.754081
1783943743994,69.720000,386.059630,-18.038269,-0.079497,29.754847
1783943744014,69.740000,419.178100,-13.780373,-0.006403,29.402772
1783943744034,69.760000,381.438540,-9.428681,0.059519,28.602357
1783943744054,69.780000,411.799800,-5.599365,0.105941,28.001009
1783943744074,69.800000,364.947600,-2.895277,0.127306,27.042642
1783943744094,69.820000,401.528140,-1.749765,0.121805,24.378855
1783943744114,69.840000,356.366520,-2.329561,0.090874,19.425092
1783943744134,69.860000,372.898860,-4.519371,0.044445,14.099041
1783943744154,69.880000,338.232240,-7.986021,-0.009797,11.324832
1783943744174,69.900000,361.192570,-12.283585,-0.067981,10.966364
1783943744194,69.920000,320.140700,-16.933725,-0.379879,8.606858
1783943744214,69.940000,350.318360,-21.454855,-0.339571,-0.034634
1783943744234,69.960000,281.191400,-25.395422,-0.286432,-13.317758
1783943744254,69.980000,307.722600,-28.436014,-0.224849,-23.823049
1783943744274,70.000000,263.909200,-30.497000,-0.155870,-25.313664
1783943744294,70.020000,297.837130,-31.707724,-0.079497,-18.956723
1783943744314,70.040000,266.809720,-32.203484,-0.006403,-12.327362
1783943744334,70.060000,294.052120,-31.904806,0.059519,-12.356581
1783943744354,70.080000,250.583040,-30.492935,0.105941,-18.680707
1783943744374,70.100000,264.005250,-27.629372,0.127306,-23.936406
1783943744394,70.120000,233.924220,-23.247213,0.121805,-21.342550
1783943744414,70.140000,271.761750,-17.668266,0.090874,-11.624957
1783943744434,70.160000,243.571520,-11.434522,0.044445,-1.689577
1783943744454,70.180000,273.872300,-5.003787,-0.009797,2.644414
1783943744474,70.200000,232.894700,1.412513,-0.067981,1.283117
1783943744494,70.220000,258.003000,7.747210,-0.122111,-1.967247
1783943744514,70.240000,222.777620,13.857274,-0.173100,-3.886844
1783943744534,70.260000,242.501220,19.413172,-0.219696,-4.061570
1783943744554,70.280000,215.467070,23.974901,-0.259837,-3.875949
1783943744574,70.300000,236.321350,27.169070,-0.304459,-4.195615
1783943744594,70.320000,202.203280,28.834082,-0.347711,-4.260334
1783943744614,70.340000,227.480320,29.054789,-0.395979,-2.939022
1783943744634,70.360000,205.064160,28.104330,-0.436595,-0.225477
1783943744654,70.380000,225.146330,26.362213,1.000000,3.385640
1783943744674,70.400000,202.118410,24.246338,0.980299,8.017583
1783943744694,70.420000,232.669040,22.149134,0.912900,13.538918
1783943744714,70.440000,200.831330,20.373170,0.797795,17.759252
1783943744734,70.460000,229.454040,19.082910,0.640469,16.636091
1783943744754,70.480000,194.427370,18.280516,0.454776,7.602151
1783943744774,70.500000,191.176760,17.785696,0.252398,-7.227046
1783943744794,70.520000,149.240140,17.206415,0.053431,-22.578374
1783943744814,70.540000,173.275990,15.960995,-0.119061,-34.312695
1783943744834,70.560000,123.133870,13.442004,-0.259224,-40.568969
1783943744854,70.580000,151.267670,9.293267,-0.277975,-40.523707
1783943744874,70.600000,124.720170,3.635571,-0.220857,-34.638915
1783943744894,70.620000,170.807510,-2.885609,-0.158518,-24.503421
1783943744914,70.640000,136.830110,-9.219421,-0.096959,-10.762587
1783943744934,70.660000,184.543140,-14.151421,-0.036705,6.635175
1783943744954,70.680000,173.665860,-16.621687,0.023165,25.320537
1783943744974,70.700000,216.331540,-15.995675,0.077595,40.584968
1783943744994,70.720000,186.475520,-12.183357,0.126710,49.472962
1783943745014,70.740000,210.257630,-5.649332,0.162181,52.018888
1783943745034,70.760000,175.482270,2.608263,0.179872,48.254343
1783943745054,70.780000,210.106450,11.166253,0.177943,37.983805
1783943745074,70.800000,123.391980,18.440702,0.155307,24.065026
1783943745094,70.820000,159.617700,22.998001,0.115869,11.274368
1783943745114,70.840000,113.350490,23.795715,0.063603,1.550948
1783943745134,70.860000,131.650920,20.381937,-0.001703,-5.305335
1783943745154,70.880000,80.950325,13.052335,-0.075432,-7.626226
1783943745174,70.900000,119.192820,2.836615,-0.161169,-3.815024
1783943745194,70.920000,85.211660,-8.742717,-0.259446,2.495273
1783943745214,70.940000,113.163320,-20.000868,-0.367743,4.040802
1783943745234,70.960000,79.886330,-29.384140,-0.487816,-1.844650
1783943745254,70.980000,70.463165,-35.753136,-0.611044,-9.355349
1783943745274,71.000000,47.143010,-38.655582,-0.729603,-10.938401
1783943745294,71.020000,87.358574,-38.407337,-0.824312,-5.558713
1783943745314,71.040000,39.228535,-35.827550,1.000000,2.401234
1783943745334,71.060000,74.900460,-31.785078,0.978749,9.022156
1783943745354,71.080000,44.662956,-26.888489,0.908437,12.276745
1783943745374,71.100000,63.556458,-21.470087,0.789944,10.779453
1783943745394,71.120000,20.407550,-15.742764,0.628786,4.366998
1783943745414,71.140000,33.522010,-9.963372,0.439206,-5.123739
1783943745434,71.160000,-12.785459,-4.535503,0.233565,-14.943856
1783943745454,71.180000,2.533776,0.000545,0.034707,-23.129736
1783943745474,71.200000,-42.150780,3.113905,-0.132210,-29.147435
1783943745494,71.220000,-17.269220,4.486315,-0.258201,-33.305609
1783943745514,71.240000,-67.780045,4.154597,-0.323468,-35.885152
1783943745534,71.260000,-29.781116,2.523884,-0.274379,-36.809185
1783943745554,71.280000,-81.737830,0.260660,-0.239714,-35.650808
1783943745574,71.300000,-38.524696,-1.875943,-0.206002,-31.616219
1783943745594,71.320000,-77.237850,-3.194071,-0.174687,-23.848586
1783943745614,71.340000,-41.182278,-3.176479,-0.138115,-12.463709
1783943745634,71.360000,-57.362390,-1.528723,-0.095237,0.482614
1783943745654,71.380000,-30.218437,1.824006,-0.046192,11.796338
1783943745674,71.400000,-51.579754,6.755553,0.006047,19.469497
1783943745694,71.420000,-27.604856,12.936473,0.054593,23.989941
1783943745714,71.440000,-58.291320,19.817350,0.098665,27.291234
1783943745734,71.460000,-28.863901,26.649536,0.129472,30.487250
1783943745754,71.480000,-69.493904,32.591476,0.146476,32.463059
1783943745774,71.500000,-34.809600,36.874820,0.146303,30.973247
1783943745794,71.520000,-83.541070,38.958447,0.125187,25.869021
1783943745814,71.540000,-60.490875,38.604595,0.079683,20.718426
1783943745834,71.560000,-106.996990,35.854720,0.005535,19.532243
1783943745854,71.580000,-64.159940,30.962996,-0.100489,22.179147
1783943745874,71.600000,-101.591340,24.377913,-0.230784,25.142113
1783943745894,71.620000,-82.493410,16.764412,-0.382175,26.075666
1783943745914,71.640000,-117.737160,8.940705,-0.539552,24.702342
1783943745934,71.660000,-89.583890,1.681247,-0.689347,20.187687
1783943745954,71.680000,-137.195450,-4.486991,-0.806788,11.359146
1783943745974,71.700000,-131.603450,-9.373456,1.000000,-0.770183
1783943745994,71.720000,-172.684200,-13.115714,0.980150,-13.614221
1783943746014,71.740000,-161.362530,-16.111376,0.904510,-25.720996
1783943746034,71.760000,-208.339360,-18.864880,0.777184,-36.801311
1783943746054,71.780000,-192.650330,-21.773428,0.605463,-45.756916
1783943746074,71.800000,-237.218780,-24.966568,0.409804,-50.595504
1783943746094,71.820000,-204.153230,-28.268595,0.204072,-50.475880
1783943746114,71.840000,-248.003270,-31.246078,0.011130,-47.143011
1783943746134,71.860000,-213.353580,-33.302155,-0.144370,-44.116384
1783943746154,71.880000,-249.666350,-33.818428,-0.252491,-43.654337
1783943746174,71.900000,-223.574740,-32.325645,-0.309611,-43.596407
1783943746194,71.920000,-271.083600,-28.658463,-0.323027,-38.661130
1783943746214,71.940000,-219.408940,-23.033186,-0.306680,-26.597418
1783943746234,71.960000,-247.004850,-15.974594,-0.274379,-11.194518
1783943746254,71.980000,-205.217650,-8.090792,-0.239714,2.710152
1783943746274,72.000000,-246.529100,0.146360,-0.206002,14.625476
1783943746294,72.020000,-202.180950,8.427377,-0.174687,26.195937
1783943746314,72.040000,-233.795650,16.462160,-0.138115,36.094867
1783943746334,72.060000,-204.219510,23.868063,-0.095237,40.756139
1783943746354,72.080000,-253.099600,30.179598,-0.046192,39.373722
1783943746374,72.100000,-235.933010,34.891690,0.006047,35.106560
1783943746394,72.120000,-279.063960,37.478638,-0.274379,31.093551
1783943746414,72.140000,-264.044160,37.457460,-0.239714,27.411105
1783943746434,72.160000,-309.657800,34.540802,-0.206002,22.531800
1783943746454,72.180000,-303.503900,28.789785,-0.174687,16.141677
1783943746474,72.200000,-350.196040,20.643768,-0.138115,9.681245
1783943746494,72.220000,-330.993470,10.822307,-0.095237,5.464722
1783943746514,72.240000,-386.594270,0.192832,-0.046192,6.045710
1783943746534,72.260000,-352.811830,-10.332597,0.006047,12.712413
1783943746554,72.280000,-396.715030,-19.866766,0.054593,23.171568
1783943746574,72.300000,-362.397200,-27.599280,0.098665,31.885864
1783943746594,72.320000,-408.556520,-32.855804,0.129472,34.474635
1783943746614,72.340000,-396.951420,-35.203026,0.146476,31.763695
1783943746634,72.360000,-451.747600,-34.608078,0.146303,28.340550
1783943746654,72.380000,-421.026980,-31.546028,0.125187,27.336685
1783943746674,72.400000,-484.438720,-26.910284,0.079683,27.693045
1783943746694,72.420000,-458.515140,-21.732100,0.005535,25.834291
1783943746714,72.440000,-512.127800,-16.876078,-0.100489,19.098884
1783943746734,72.460000,-510.098880,-12.878673,-0.230784,8.216490
1783943746754,72.480000,-566.391360,-9.970047,-0.382175,-3.466587
1783943746774,72.500000,-556.200900,-8.192519,-0.539552,-13.670109
1783943746794,72.520000,-614.266240,-7.496688,-0.689347,-23.295236
1783943746814,72.540000,-595.626340,-7.747736,-0.806788,-34.080336
1783943746834,72.560000,-664.190700,-8.679193,1.000000,-44.961703
1783943746854,72.580000,-640.877200,-9.896914,0.980150,-52.213015
1783943746874,72.600000,-690.512900,-10.951589,0.904510,-53.190417
1783943746894,72.620000,-653.270200,-11.396033,0.777184,-48.581176
1783943746914,72.640000,-698.408800,-10.779564,0.605463,-40.949244
1783943746934,72.660000,-657.603760,-8.639594,0.409804,-32.587748
1783943746954,72.680000,-690.125100,-4.570441,0.204072,-24.928456
1783943746974,72.700000,-660.494900,1.642549,0.011130,-18.760591
1783943746994,72.720000,-691.396700,9.897907,-0.144370,-14.563862
1783943747014,72.740000,-659.288450,19.723642,-0.252491,-12.576142
1783943747034,72.760000,-696.205400,30.321543,-0.309611,-12.120810
1783943747054,72.780000,-664.990360,40.702217,-0.323027,-11.272380
1783943747074,72.800000,-695.289700,49.869324,-0.306680,-8.070017
1783943747094,72.820000,-652.894900,57.006165,-0.274379,-2.142581
1783943747114,72.840000,-687.381300,61.629505,-0.239714,4.884004
1783943747134,72.860000,-634.626700,63.664700,-0.206002,10.421879
1783943747154,72.880000,-669.869900,63.405150,-0.174687,12.755576
1783943747174,72.900000,-638.843260,61.359950,-0.138115,11.844390
1783943747194,72.920000,-664.982500,58.040110,-0.095237,8.161625
1783943747214,72.940000,-627.550100,53.785767,-0.046192,2.209944
1783943747234,72.960000,-679.688100,48.716990,0.006047,-4.378718
1783943747254,72.980000,-632.749270,42.793304,0.054593,-9.499356
1783943747274,73.000000,-662.578500,35.924244,0.098665,-12.573296
1783943747294,73.020000,-630.892150,28.101402,0.129472,-14.033471
1783943747314,73.040000,-653.076500,19.514368,0.146476,-13.566134
1783943747334,73.060000,-609.892700,10.580834,0.146303,-10.487404
1783943747354,73.080000,-631.183600,1.868766,0.125187,-5.198486
1783943747374,73.100000,-585.304000,-6.023815,0.079683,0.609614
1783943747394,73.120000,-605.146500,-12.577243,-0.274379,5.277707
1783943747414,73.140000,-556.396400,-17.444353,-0.239714,9.080666
1783943747434,73.160000,-586.681460,-20.518507,-0.206002,14.400776
1783943747454,73.180000,-531.787900,-21.954782,-0.174687,22.559416
1783943747474,73.200000,-549.331850,-22.125414,-0.138115,30.650871
1783943747494,73.220000,-503.869420,-21.504202,-0.095237,33.364029
1783943747514,73.240000,-541.955750,-20.543860,-0.046192,28.347887
1783943747534,73.260000,-502.098750,-19.645845,0.006047,18.823723
1783943747554,73.280000,-546.621100,-19.225683,0.054593,10.707948
1783943747574,73.300000,-505.927550,-19.752306,0.098665,7.342818
1783943747594,73.320000,-528.152100,-21.649618,0.129472,7.212341
1783943747614,73.340000,-492.052280,-25.088072,0.146476,6.984756
1783943747634,73.360000,-526.700300,-29.826360,0.146303,5.745014
1783943747654,73.380000,-477.534060,-35.244007,0.125187,5.403998
1783943747674,73.400000,-506.285220,-40.541283,0.079683,8.317354
1783943747694,73.420000,-464.527980,-44.959118,0.005535,15.163584
1783943747714,73.440000,-477.841500,-47.910400,-0.100489,23.801829
1783943747734,73.460000,-430.672000,-49.019978,-0.230784,30.326678
1783943747754,73.480000,-458.560420,-48.120884,-0.382175,32.496385
1783943747774,73.500000,-422.442750,-45.260130,-0.539552,31.380897
1783943747794,73.520000,-451.248350,-40.741306,-0.689347,28.847623
1783943747814,73.540000,-405.465820,-35.142930,-0.806788,25.224098
1783943747834,73.560000,-446.570980,-29.217834,1.000000,20.671183
1783943747854,73.580000,-407.157070,-23.701609,0.980150,16.701007
1783943747874,73.600000,-432.982300,-19.148844,0.904510,14.463910
1783943747894,73.620000,-388.746640,-15.843738,0.777184,12.937920
1783943747914,73.640000,-422.357820,-13.762485,0.605463,10.009171
1783943747934,73.660000,-379.754700,-12.602120,0.409804,4.220185
1783943747954,73.680000,-413.386630,-11.908417,0.204072,-4.802773
1783943747974,73.700000,-373.986630,-11.254914,-0.271357,-16.060848
1783943747994,73.720000,-413.209530,-10.373883,-0.260481,-26.892066
1783943748014,73.740000,-367.675600,-9.192464,-0.246767,-34.306299
1783943748034,73.760000,-389.650940,-7.776470,-0.227340,-37.381282
1783943748054,73.780000,-345.550780,-6.203695,-0.200364,-38.165284
1783943748074,73.800000,-356.886780,-4.433406,-0.163837,-40.072874
1783943748094,73.820000,-314.161870,-2.261572,-0.118961,-45.012538
1783943748114,73.840000,-337.494080,0.593799,-0.072039,-51.796194
1783943748134,73.860000,-286.683470,4.324327,-0.024748,-57.608862
1783943748154,73.880000,-305.377560,8.895152,0.017523,-60.699335
1783943748174,73.900000,-242.419070,14.039393,0.051591,-60.988968
1783943748194,73.920000,-263.898070,19.385653,0.074405,-58.897683
1783943748214,73.940000,-191.540010,24.614359,0.077662,-55.149025
1783943748234,73.960000,-206.797760,29.540777,0.055807,-51.494637
1783943748254,73.980000,-137.569780,34.108440,0.004410,-49.690482
1783943748274,74.000000,-150.537250,38.326115,-0.078021,-48.430958
1783943748294,74.020000,-78.325470,42.187565,-0.184198,-41.835757
1783943748314,74.040000,-78.033030,45.620655,-0.310188,-23.124357
1783943748334,74.060000,21.748775,48.521503,-0.439629,8.199122
1783943748354,74.080000,48.343130,50.888905,-0.562508,43.125103
1783943748374,74.100000,137.392400,52.965820,-0.658443,68.835313
1783943748394,74.120000,135.511670,55.207478,1.000000,78.138644
1783943748414,74.140000,186.700210,57.967014,0.982904,73.006955
1783943748434,74.160000,173.929660,61.039530,0.910115,60.305839
1783943748454,74.180000,219.046390,63.412720,0.787651,46.390173
1783943748474,74.200000,191.944290,63.466724,0.621065,35.162539
1783943748494,74.220000,252.469850,59.538097,0.431440,28.030502
1783943748514,74.240000,231.365630,50.551144,0.235140,24.260324
1783943748534,74.260000,293.814180,36.439198,0.054493,22.340480
1783943748554,74.280000,274.400020,18.216208,-0.091325,21.556553
1783943748574,74.300000,336.560180,-2.297073,-0.191313,22.009646
1783943748594,74.320000,318.025970,-22.959310,-0.249150,23.258096
1783943748614,74.340000,378.972840,-41.802605,-0.273975,23.636802
1783943748634,74.360000,357.846920,-57.379170,-0.277746,21.609260
1783943748654,74.380000,406.931030,-68.917610,-0.271357,17.755652
1783943748674,74.400000,385.096620,-76.320274,-0.260481,14.628744
1783943748694,74.420000,433.751220,-80.041664,-0.246767,14.100418
1783943748714,74.440000,415.985230,-80.874916,-0.227340,15.213224
1783943748734,74.460000,468.428770,-79.688644,-0.200364,15.348557
1783943748754,74.480000,436.750060,-77.201660,-0.163837,13.241311
1783943748774,74.500000,481.510830,-73.892890,-0.118961,9.568367
1783943748794,74.520000,451.987900,-70.057750,-0.072039,4.552175
1783943748814,74.540000,491.783540,-65.915940,-0.024748,-3.061562
1783943748834,74.560000,451.608520,-61.672230,0.017523,-13.596298
1783943748854,74.580000,483.781250,-57.521957,0.051591,-24.350698
1783943748874,74.600000,444.034000,-53.644460,0.074405,-31.268782
1783943748894,74.620000,494.613770,-50.176190,0.077662,-32.178615
1783943748914,74.640000,459.583000,-47.122753,0.055807,-27.717607
1783943748934,74.660000,506.751160,-44.252320,0.004410,-20.295135
1783943748954,74.680000,488.611500,-41.078327,-0.271357,-13.111899
1783943748974,74.700000,526.649200,-36.977535,-0.260481,-8.844159
1783943748994,74.720000,491.893370,-31.400713,-0.246767,-8.228678
1783943749014,74.740000,531.423400,-24.095568,-0.227340,-10.280790
1783943749034,74.760000,492.783870,-15.250499,-0.200364,-13.444688
1783943749054,74.780000,525.251800,-5.481134,-0.163837,-16.074285
1783943749074,74.800000,487.231600,4.344400,-0.118961,-16.893558
1783943749094,74.820000,530.002800,13.355920,-0.072039,-15.710109
1783943749114,74.840000,489.407960,20.910040,-0.024748,-13.133448
1783943749134,74.860000,533.743400,26.731500,0.017523,-9.587207
1783943749154,74.880000,494.319200,30.924680,0.051591,-5.179820
1783943749174,74.900000,542.186340,33.863865,0.074405,-0.348230
1783943749194,74.920000,501.477100,36.032017,0.077662,3.802024
1783943749214,74.940000,538.161870,37.871700,0.055807,5.463908
1783943749234,74.960000,496.565670,39.666164,0.004410,2.840688
1783943749254,74.980000,539.865300,41.472860,-0.078021,-3.133024
1783943749274,75.000000,469.268300,43.133038,-0.184198,-6.995382
1783943749294,75.020000,522.949900,44.335390,-0.310188,-3.090998
1783943749314,75.040000,498.279000,44.733154,-0.439629,7.814376
1783943749334,75.060000,535.144800,44.140020,-0.562508,19.003876
1783943749354,75.080000,503.049220,42.714798,-0.658443,24.255541
1783943749374,75.100000,531.545530,40.943764,1.000000,21.547893
1783943749394,75.120000,483.886300,39.361280,0.982904,12.226415
1783943749414,75.140000,508.121120,38.208584,0.910115,-0.076525
1783943749434,75.160000,454.044770,37.281010,0.787651,-9.829850
1783943749454,75.180000,479.910550,36.026080,0.621065,-12.142657
1783943749474,75.200000,453.596130,33.818400,0.431440,-6.846770
1783943749494,75.220000,492.033020,30.301840,0.235140,1.153314
1783943749514,75.240000,454.502800,25.642908,0.054493,6.538037
1783943749534,75.260000,487.615300,20.528978,-0.091325,7.530229
1783943749554,75.280000,445.673220,15.874995,-0.191313,5.427600
1783943749574,75.300000,479.126600,12.415898,-0.167556,2.439682
1783943749594,75.320000,429.829040,10.437028,-0.176461,0.617733
1783943749614,75.340000,465.740050,9.749841,-0.191191,1.074064
1783943749634,75.360000,428.089100,9.856362,-0.204603,3.217474
1783943749654,75.380000,463.208560,10.195522,-0.213673,5.582892
1783943749674,75.400000,423.403800,10.360454,-0.209254,7.482104
1783943749694,75.420000,452.123100,10.189846,-0.191824,8.559099
1783943749714,75.440000,413.208650,9.708741,-0.165390,7.095917
1783943749734,75.460000,452.986450,9.005698,-0.129585,1.539258
1783943749754,75.480000,383.547670,8.145596,-0.091785,-5.746189
1783943749774,75.500000,419.360440,7.115446,-0.056169,-9.718510
1783943749794,75.520000,385.734470,5.796373,-0.028214,-8.619793
1783943749814,75.540000,423.208370,4.035089,-0.017061,-5.188063
1783943749834,75.560000,376.977480,1.819466,-0.029227,-1.724476
1783943749854,75.580000,414.334470,-0.606854,-0.067817,1.984764
1783943749874,75.600000,385.066070,-2.827031,-0.135572,5.779184
1783943749894,75.620000,420.356480,-4.434529,-0.224334,8.300069
1783943749914,75.640000,373.352540,-5.157277,-0.331504,9.500952
1783943749934,75.660000,412.963400,-4.916343,-0.443106,10.478809
1783943749954,75.680000,368.199340,-3.862101,-0.549452,10.111326
1783943749974,75.700000,405.515700,-2.351352,-0.632959,4.947505
1783943749994,75.720000,349.923950,-0.839951,1.000000,-5.922641
1783943750014,75.740000,365.857330,0.226380,0.982736,-18.023881
1783943750034,75.760000,319.719300,0.443515,0.912446,-25.711738
1783943750054,75.780000,361.239470,-0.528821,0.796383,-27.732152
1783943750074,75.800000,314.984070,-2.844026,0.639539,-26.492380
1783943750094,75.820000,347.703500,-6.301507,0.463919,-23.851860
1783943750114,75.840000,316.549840,-10.316237,0.284325,-20.297629
1783943750134,75.860000,354.102600,-14.086499,0.121431,-16.364914
1783943750154,75.880000,320.892900,-16.834068,-0.005476,-12.032202
1783943750174,75.900000,350.140500,-17.990835,-0.089848,-6.051298
1783943750194,75.920000,325.246400,-17.313597,-0.136006,1.709163
1783943750214,75.940000,366.894900,-14.914426,-0.155892,8.493249
1783943750234,75.960000,327.555180,-11.177910,-0.162198,11.637075
1783943750254,75.980000,359.561550,-6.624582,-0.167556,12.489660
1783943750274,76.000000,320.541700,-1.826040,-0.176461,15.087811
1783943750294,76.020000,363.379900,2.626151,-0.191191,20.847182
1783943750314,76.040000,318.844000,6.187297,-0.204603,25.854136
1783943750334,76.060000,362.205570,8.479663,-0.213673,24.293837
1783943750354,76.080000,304.056520,9.368398,-0.209254,14.947523
1783943750374,76.100000,318.726560,8.901700,-0.191824,3.392841
1783943750394,76.120000,274.312800,7.148772,-0.165390,-3.616527
1783943750414,76.140000,305.446380,4.098008,-0.129585,-4.918592
1783943750434,76.160000,265.198000,-0.253628,-0.157781,-4.320024
1783943750454,76.180000,288.482360,-5.691104,-0.180902,-4.643752
1783943750474,76.200000,246.753390,-11.676936,-0.208519,-4.992494
1783943750494,76.220000,279.034400,-17.469793,-0.237089,-3.316445
1783943750514,76.240000,240.624660,-22.347565,-0.264842,0.931678
1783943750534,76.260000,274.774630,-25.763449,-0.279828,6.987217
1783943750554,76.280000,230.791550,-27.398062,-0.280825,13.225540
1783943750574,76.300000,266.751220,-27.168673,-0.269243,16.368100
1783943750594,76.320000,220.336030,-25.228785,-0.245059,12.531745
1783943750614,76.340000,232.254940,-21.953184,-0.215246,1.444554
1783943750634,76.360000,174.838260,-17.919382,-0.184159,-11.193591
1783943750654,76.380000,190.592830,-13.878197,-0.155805,-17.605128
1783943750674,76.400000,154.289430,-10.641500,-0.137536,-14.394302
1783943750694,76.420000,188.494540,-8.827182,-0.135237,-4.451134
1783943750714,76.440000,150.100460,-8.557220,-0.150883,6.723277
1783943750734,76.460000,185.457930,-9.334090,-0.189400,15.038339
1783943750754,76.480000,138.712280,-10.227622,-0.246109,18.808225
1783943750774,76.500000,171.744140,-10.276796,-0.323217,18.360592
1783943750794,76.520000,111.688430,-8.878311,-0.408045,15.812264
1783943750814,76.540000,138.814240,-5.990456,-0.492266,13.603162
1783943750834,76.560000,86.243640,-2.105859,-0.557498,11.682675
1783943750854,76.580000,108.082016,1.966419,1.000000,6.968549
1783943750874,76.600000,53.790825,5.402082,0.981081,-2.820277
1783943750894,76.620000,57.007576,7.599802,0.919371,-14.967758
1783943750914,76.640000,5.710085,8.256866,0.826326,-22.938722
1783943750934,76.660000,27.892502,7.328844,0.708679,-22.413307
1783943750954,76.680000,-13.211076,5.008909,0.578568,-15.540919
1783943750974,76.700000,20.944817,1.774984,0.439570,-8.816682
1783943750994,76.720000,-28.959293,-1.595722,0.296917,-7.120375
1783943751014,76.740000,-12.957223,-4.181057,0.164214,-10.432890
1783943751034,76.760000,-61.062572,-5.230351,0.048140,-16.077596
1783943751054,76.780000,-47.971703,-4.461307,-0.038676,-22.385303
1783943751074,76.800000,-99.420570,-2.148019,-0.096971,-28.828675
1783943751094,76.820000,-81.020400,1.037815,-0.132397,-33.376736
1783943751114,76.840000,-131.591780,4.314354,-0.157781,-31.768354
1783943751134,76.860000,-96.976530,7.061594,-0.180902,-21.060153
1783943751154,76.880000,-126.507034,9.012673,-0.208519,-3.919022
1783943751174,76.900000,-86.184720,10.343850,-0.157781,12.027266
1783943751194,76.920000,-128.781630,11.618688,-0.180902,20.087800
1783943751214,76.940000,-105.105360,13.541450,-0.208519,19.739515
1783943751234,76.960000,-158.634540,16.577024,-0.237089,16.131686
1783943751254,76.980000,-136.846160,20.636795,-0.264842,14.770379
1783943751274,77.000000,-184.580580,25.038324,-0.279828,16.690821
1783943751294,77.020000,-151.740260,28.778748,-0.280825,18.796209
1783943751314,77.040000,-208.558750,30.956125,-0.269243,18.487115
1783943751334,77.060000,-187.645520,31.083452,-0.245059,16.573901
1783943751354,77.080000,-232.864070,29.147629,-0.215246,15.240906
1783943751374,77.100000,-213.243960,25.475916,-0.184159,14.910242
1783943751394,77.120000,-259.396420,20.570026,-0.155805,14.280130
1783943751414,77.140000,-240.574100,14.991898,-0.137536,12.469424
1783943751434,77.160000,-292.491800,9.277855,-0.135237,10.212477
1783943751454,77.180000,-261.110440,3.862141,-0.150883,9.423376
1783943751474,77.200000,-319.019470,-0.956729,-0.189400,11.710856
1783943751494,77.220000,-286.501830,-4.998658,-0.246109,16.142217
1783943751514,77.240000,-325.006400,-8.158646,-0.323217,18.496707
1783943751534,77.260000,-312.413400,-10.364761,-0.408045,14.543202
1783943751554,77.280000,-368.643130,-11.585324,-0.492266,4.339313
1783943751574,77.300000,-354.662000,-11.912108,-0.557498,-7.707362
1783943751594,77.320000,-410.121100,-11.652173,1.000000,-16.693355
1783943751614,77.340000,-395.597720,-11.302218,0.981081,-20.820729
1783943751634,77.360000,-429.257970,-11.361119,0.919371,-21.886273
1783943751654,77.380000,-418.643070,-12.086772,0.826326,-22.502784
1783943751674,77.400000,-454.200900,-13.359062,0.708679,-22.993151
1783943751694,77.420000,-432.188420,-14.729224,0.578568,-21.304635
1783943751714,77.440000,-469.808560,-15.608795,0.439570,-15.705067
1783943751734,77.460000,-433.378720,-15.472118,0.296917,-7.221257
1783943751754,77.480000,-468.279240,-13.969245,0.164214,0.749974
1783943751774,77.500000,-435.895800,-10.952542,0.048140,5.329848
1783943751794,77.520000,-481.034450,-6.485039,-0.038676,6.296362
1783943751814,77.540000,-447.884980,-0.867519,-0.096971,5.145175
1783943751834,77.560000,-500.202940,5.347976,-0.132397,2.572673
1783943751854,77.580000,-465.766420,11.419406,-0.157781,-2.369792
1783943751874,77.600000,-520.015600,16.561630,-0.180902,-10.267772
1783943751894,77.620000,-496.824430,20.114843,-0.208519,-19.049710
1783943751914,77.640000,-546.162300,21.658127,-0.237089,-24.876607
1783943751934,77.660000,-509.727050,21.057016,-0.264842,-25.401976
1783943751954,77.680000,-544.141540,18.491688,-0.279828,-21.249241
1783943751974,77.700000,-512.356450,14.479580,-0.280825,-14.759574
1783943751994,77.720000,-537.767460,9.827899,-0.269243,-8.596922
1783943752014,77.740000,-500.877930,5.468787,-0.245059,-4.778775
1783943752034,77.760000,-538.322630,2.226667,-0.215246,-3.276720
1783943752054,77.780000,-504.533450,0.607660,-0.184159,-1.813335
1783943752074,77.800000,-532.406740,0.682679,-0.155805,1.917489
1783943752094,77.820000,-495.815430,2.114020,-0.137536,7.973595
1783943752114,77.840000,-522.728800,4.325476,-0.135237,14.335151
1783943752134,77.860000,-478.946170,6.729664,-0.150883,19.142227
1783943752154,77.880000,-517.799100,8.888188,-0.189400,22.682783
1783943752174,77.900000,-469.584780,10.544364,-0.157781,27.043336
1783943752194,77.920000,-499.358900,11.573279,-0.180902,33.781108
1783943752214,77.940000,-456.760620,11.931170,-0.208519,41.838098
1783943752234,77.960000,-479.234680,11.641131,-0.237089,47.369539
1783943752254,77.980000,-444.163200,10.790680,-0.264842,46.101390
1783943752274,78.000000,-485.764740,9.488287,-0.279828,36.917656
1783943752294,78.020000,-459.464300,7.764937,-0.280825,23.231085
1783943752314,78.040000,-507.284970,5.476135,-0.269243,10.304352
1783943752334,78.060000,-470.546570,2.299892,-0.245059,1.007850
1783943752354,78.080000,-514.515600,-2.110753,-0.215246,-5.848330
1783943752374,78.100000,-471.314270,-7.887108,-0.184159,-13.141545
1783943752394,78.120000,-517.331100,-14.772260,-0.155805,-21.722202
1783943752414,78.140000,-481.130980,-22.135462,-0.137536,-29.643143
1783943752434,78.160000,-517.695100,-29.162695,-0.135237,-34.976889
1783943752454,78.180000,-466.141420,-35.085860,-0.150883,-37.660400
1783943752474,78.200000,-503.515660,-39.312634,-0.189400,-37.546452
1783943752494,78.220000,-452.973140,-41.446156,-0.246109,-32.787635
1783943752514,78.240000,-467.571300,-41.271053,-0.323217,-22.336330
1783943752534,78.260000,-406.494500,-38.735645,-0.408045,-8.827429
1783943752554,78.280000,-420.082030,-33.909817,-0.492266,2.969393
1783943752574,78.300000,-367.100770,-26.950533,-0.557498,10.040080
1783943752594,78.320000,-393.286800,-18.150913,1.000000,12.224246
1783943752614,78.340000,-340.645400,-8.059290,0.981081,10.356018
1783943752634,78.360000,-365.866700,2.463084,0.919371,5.492535
1783943752654,78.380000,-334.392400,12.337199,0.826326,-0.259300
1783943752674,78.400000,-351.628480,20.468864,0.708679,-4.682945
1783943752694,78.420000,-306.052580,25.971405,0.578568,-7.520028
1783943752714,78.440000,-327.775730,28.360489,0.439570,-9.779352
1783943752734,78.460000,-281.465580,27.673060,0.296917,-11.414229
1783943752754,78.480000,-303.706270,24.439697,-0.066722,-11.804969
1783943752774,78.500000,-250.831360,19.501884,-0.080742,-12.267586
1783943752794,78.520000,-267.749480,13.781215,-0.102364,-15.206442
1783943752814,78.540000,-221.962500,8.107343,-0.128315,-19.372172
1783943752834,78.560000,-247.908780,3.107741,-0.156952,-18.689864
1783943752854,78.580000,-184.175540,-0.864442,-0.175372,-9.123169
1783943752874,78.600000,-179.378540,-3.713210,-0.181684,4.546479
1783943752894,78.620000,-124.401955,-5.448605,-0.176351,12.354626
1783943752914,78.640000,-146.382220,-6.026320,-0.158783,9.625520
1783943752934,78.660000,-101.315420,-5.384039,-0.136026,1.579684
1783943752954,78.680000,-125.776600,-3.673587,-0.113657,-2.502339
1783943752974,78.700000,-66.046135,-1.426588,-0.097735,1.751368
1783943752994,78.720000,-74.119675,0.577028,-0.098673,10.716306
1783943753014,78.740000,-16.940304,1.670641,-0.127925,17.354445
1783943753034,78.760000,-35.665222,1.605090,-0.186200,17.865822
1783943753054,78.780000,13.017467,0.571314,-0.280863,14.329446
1783943753074,78.800000,-4.581429,-1.034419,-0.401798,12.286680
1783943753094,78.820000,41.801180,-2.885984,-0.545489,15.861875
1783943753114,78.840000,38.251938,-4.845936,-0.693360,23.913789
1783943753134,78.860000,95.102330,-6.889070,-0.828994,30.756669
1783943753154,78.880000,74.292280,-8.946731,-0.930820,31.557144
1783943753174,78.900000,119.011440,-10.842679,1.000000,26.931030
1783943753194,78.920000,94.910510,-12.394889,0.986011,21.709985
1783943753214,78.940000,135.795790,-13.584557,0.928939,19.492469
1783943753234,78.960000,126.520450,-14.613121,0.839793,18.899148
1783943753254,78.980000,157.510740,-15.779175,0.727730,15.063845
1783943753274,79.000000,132.586240,-17.298708,0.602782,4.373374
1783943753294,79.020000,166.657030,-19.229166,0.469530,-11.782033
1783943753314,79.040000,118.936830,-21.530716,0.333546,-27.184385
1783943753334,79.060000,161.156850,-24.173677,0.206745,-35.607014
1783943753354,79.080000,140.905120,-27.158640,0.098249,-36.406723
1783943753374,79.100000,184.148820,-30.395380,0.019886,-34.700683
1783943753394,79.120000,158.472500,-33.541210,-0.028032,-35.845067
1783943753414,79.140000,206.544630,-35.974834,-0.052189,-40.081812
1783943753434,79.160000,166.154660,-36.983986,-0.066722,-42.400115
1783943753454,79.180000,221.402300,-36.051804,-0.080742,-37.970247
1783943753474,79.200000,206.743520,-33.032120,-0.102364,-27.747995
1783943753494,79.220000,259.756300,-28.103630,-0.128315,-17.604813
1783943753514,79.240000,237.767490,-21.586336,-0.156952,-11.973320
1783943753534,79.260000,278.512200,-13.814156,-0.175372,-9.649350
1783943753554,79.280000,261.375950,-5.167122,-0.181684,-5.752080
1783943753574,79.300000,304.984280,3.841155,-0.176351,3.188612
1783943753594,79.320000,289.345340,12.581525,-0.158783,15.852952
1783943753614,79.340000,349.639680,20.457542,-0.136026,27.397418
1783943753634,79.360000,320.930570,27.078672,-0.113657,34.529619
1783943753654,79.380000,359.968870,32.319530,-0.097735,38.670417
1783943753674,79.400000,341.698000,36.214504,-0.098673,43.010075
1783943753694,79.420000,380.619700,38.791916,-0.066722,47.598427
1783943753714,79.440000,350.876460,39.999043,-0.080742,48.920093
1783943753734,79.460000,389.978060,39.751270,-0.102364,44.087896
1783943753754,79.480000,340.153320,38.002926,-0.128315,34.613456
1783943753774,79.500000,370.792330,34.750340,-0.156952,25.204328
1783943753794,79.520000,330.578120,30.001200,-0.175372,18.478669
1783943753814,79.540000,362.248600,23.798517,-0.181684,11.986754
1783943753834,79.560000,321.206700,16.319567,-0.176351,1.812186
1783943753854,79.580000,343.220830,7.965000,-0.158783,-11.268679
1783943753874,79.600000,291.896480,-0.675417,-0.136026,-21.186613
1783943753894,79.620000,329.203280,-8.974982,-0.113657,-23.122256
1783943753914,79.640000,311.755600,-16.386272,-0.097735,-18.892984
1783943753934,79.660000,332.333600,-22.411444,-0.098673,-14.598726
1783943753954,79.680000,308.805660,-26.528742,-0.127925,-14.845124
1783943753974,79.700000,339.754120,-28.249460,-0.186200,-20.018088
1783943753994,79.720000,290.432860,-27.315567,-0.280863,-27.014326
1783943754014,79.740000,325.963620,-23.883688,-0.401798,-31.945816
1783943754034,79.760000,289.689030,-18.545477,-0.545489,-33.182805
1783943754054,79.780000,324.301450,-12.157387,-0.693360,-31.918305
1783943754074,79.800000,292.726530,-5.563506,-0.828994,-29.829869
1783943754094,79.820000,334.044130,0.647363,-0.930820,-26.653707
1783943754114,79.840000,296.676100,6.231233,1.000000,-20.422428
1783943754134,79.860000,349.052200,11.223595,0.986011,-10.438196
1783943754154,79.880000,323.755580,15.813964,0.928939,0.541915
1783943754174,79.900000,365.267600,20.238390,0.839793,8.225595
1783943754194,79.920000,337.815600,24.694033,0.727730,10.892223
1783943754214,79.940000,364.019900,29.241165,0.602782,10.665366
1783943754234,79.960000,333.541200,33.698810,0.469530,10.353350
1783943754254,79.980000,368.719820,37.618862,0.333546,10.135188
1783943754274,80.000000,338.323800,40.409866,0.206745,8.821499
1783943754294,80.020000,359.692000,41.554707,0.098249,7.385900
1783943754314,80.040000,333.766020,40.780117,0.019886,8.503007
1783943754334,80.060000,368.709350,38.102867,-0.028032,12.409133
1783943754354,80.080000,343.877660,33.803870,-0.052189,15.696039
1783943754374,80.100000,370.992770,28.385864,-0.066722,15.178159
1783943754394,80.120000,336.405640,22.479149,-0.080742,11.613955
1783943754414,80.140000,364.428100,16.666435,-0.102364,8.736611
1783943754434,80.160000,332.094540,11.313531,-0.128315,9.185543
1783943754454,80.180000,368.493530,6.529411,-0.156952,12.093432
1783943754474,80.200000,339.796570,2.275143,-0.175372,14.616009
1783943754494,80.220000,366.165100,-1.484253,-0.181684,14.962194
1783943754514,80.240000,334.476800,-4.713555,-0.176351,13.095343
1783943754534,80.260000,360.423000,-7.357758,-0.158783,9.161685
1783943754554,80.280000,324.851750,-9.432021,-0.104001,2.895142
1783943754574,80.300000,341.291900,-11.065197,-0.101655,-5.202414
1783943754594,80.320000,302.398130,-12.483630,-0.098790,-13.227398
1783943754614,80.340000,329.703860,-13.957578,-0.092864,-18.547680
1783943754634,80.360000,294.192140,-15.709255,-0.085871,-18.532833
1783943754654,80.380000,329.680180,-17.793688,-0.072950,-11.763808
1783943754674,80.400000,304.037840,-20.010576,-0.055318,-0.505671
1783943754694,80.420000,349.316000,-21.905539,-0.038443,8.565847
1783943754714,80.440000,313.913700,-22.874254,-0.024282,8.884454
1783943754734,80.460000,332.995270,-22.363699,-0.021032,0.385813
1783943754754,80.480000,283.811980,-20.142553,-0.029680,-10.182986
1783943754774,80.500000,306.880130,-16.519900,-0.050865,-16.303617
1783943754794,80.520000,280.021670,-12.321828,-0.086644,-17.573605
1783943754814,80.540000,298.647030,-8.559687,-0.143064,-17.786175
1783943754834,80.560000,264.581760,-5.988943,-0.218325,-19.518666
1783943754854,80.580000,282.577330,-4.860034,-0.321191,-22.687949
1783943754874,80.600000,254.035310,-4.969217,-0.445389,-26.368754
1783943754894,80.620000,275.354220,-5.866808,-0.588117,-28.940376
1783943754914,80.640000,229.857790,-7.049703,-0.736053,-27.533287
1783943754934,80.660000,274.690980,-8.086769,-0.870788,-20.359728
1783943754954,80.680000,246.505540,-8.662366,-0.972011,-9.028964
1783943754974,80.700000,286.205470,-8.526262,0.999070,3.551558
1783943754994,80.720000,257.342860,-7.420855,0.980298,16.333958
1783943755014,80.740000,293.590150,-5.104000,0.914960,29.073621
1783943755034,80.760000,275.356750,-1.476271,0.814717,39.550166
1783943755054,80.780000,300.275020,3.313097,0.691160,44.655833
1783943755074,80.800000,257.179960,8.850615,0.557041,44.084435
1783943755094,80.820000,287.644500,14.489249,0.415979,40.995349
1783943755114,80.840000,235.339740,19.409372,0.276455,38.729568
1783943755134,80.860000,266.372650,22.752054,0.148446,37.586164
1783943755154,80.880000,224.452400,23.832708,0.043132,35.151162
1783943755174,80.900000,240.484470,22.346039,-0.033186,29.765452
1783943755194,80.920000,194.549410,18.439573,-0.078340,22.724991
1783943755214,80.940000,207.433520,12.618093,-0.097990,16.156093
1783943755234,80.960000,170.611150,5.556226,-0.104001,9.683275
1783943755254,80.980000,177.532460,-2.055522,-0.101655,0.663269
1783943755274,81.000000,127.440430,-9.587756,-0.098790,-12.526242
1783943755294,81.020000,135.477750,-16.528547,-0.092864,-28.178832
1783943755314,81.040000,81.662580,-22.546152,-0.085871,-41.708781
1783943755334,81.060000,99.312800,-27.506110,-0.072950,-47.944174
1783943755354,81.080000,66.785780,-31.384773,-0.055318,-44.085203
1783943755374,81.100000,94.753296,-34.101310,-0.038443,-32.299907
1783943755394,81.120000,72.897970,-35.372930,-0.024282,-20.038232
1783943755414,81.140000,105.320440,-34.702908,-0.021032,-15.369473
1783943755434,81.160000,67.435684,-31.546043,-0.029680,-18.936021
1783943755454,81.180000,68.976654,-25.609800,-0.050865,-21.820711
1783943755474,81.200000,50.893410,-17.152351,-0.086644,-14.929830
1783943755494,81.220000,96.121050,-7.045500,-0.143064,0.602859
1783943755514,81.240000,71.721664,3.540414,-0.218325,15.445123
1783943755534,81.260000,93.186356,13.628165,-0.321191,22.290577
1783943755554,81.280000,65.846436,22.689405,-0.445389,20.620396
1783943755574,81.300000,79.378136,30.502356,-0.588117,13.568832
1783943755594,81.320000,32.931084,36.845757,-0.736053,3.958904
1783943755614,81.340000,52.931690,41.330166,-0.870788,-6.620365
1783943755634,81.360000,1.462961,43.452667,-0.972011,-16.715800
1783943755654,81.380000,24.237993,42.790615,-0.104001,-24.131439
1783943755674,81.400000,-19.138561,39.217205,-0.101655,-26.677707
1783943755694,81.420000,17.997885,33.044100,-0.098790,-23.722853
1783943755714,81.440000,-20.136383,25.042938,-0.092864,-16.783647
1783943755734,81.460000,22.044140,16.340467,-0.085871,-8.712817
1783943755754,81.480000,-8.638963,8.205405,-0.072950,-2.040833
1783943755774,81.500000,18.591654,1.774306,-0.055318,2.341313
1783943755794,81.520000,-12.463688,-2.211271,-0.038443,4.781035
1783943755814,81.540000,16.539421,-3.570630,-0.024282,5.507804
1783943755834,81.560000,-22.648912,-2.687467,-0.021032,4.340904
1783943755854,81.580000,-5.315750,-0.359773,-0.029680,1.287085
1783943755874,81.600000,-32.272290,2.427740,-0.050865,-2.828973
1783943755894,81.620000,-21.746021,4.735058,-0.086644,-5.609847
1783943755914,81.640000,-53.575200,5.857258,-0.143064,-3.872963
1783943755934,81.660000,-24.591787,5.442191,-0.218325,2.966210
1783943755954,81.680000,-45.950123,3.531273,-0.321191,11.168683
1783943755974,81.700000,-21.382175,0.538512,-0.445389,16.239279
1783943755994,81.720000,-63.819980,-2.858815,-0.588117,17.575544
1783943756014,81.740000,-28.571175,-5.951530,-0.736053,18.406089
1783943756034,81.760000,-75.882270,-8.262342,-0.870788,22.060270
1783943756054,81.780000,-34.161950,-9.671753,-0.972011,29.112479
1783943756074,81.800000,-75.954544,-10.339440,0.999070,37.167955
1783943756094,81.820000,-42.905910,-10.521725,0.980298,42.451194
1783943756114,81.840000,-83.390390,-10.432778,0.914960,42.075762
1783943756134,81.860000,-72.418950,-10.220757,0.814717,35.819456
1783943756154,81.880000,-118.203320,-10.044026,0.691160,25.972203
1783943756174,81.900000,-113.952960,-10.163283,0.557041,15.086404
1783943756194,81.920000,-164.419720,-10.954700,0.415979,3.898064
1783943756214,81.940000,-150.273440,-12.807103,0.276455,-7.835841
1783943756234,81.960000,-206.340840,-15.946769,0.148446,-18.460086
1783943756254,81.980000,-205.256900,-20.304235,0.043132,-24.305459
1783943756274,82.000000,-221.139070,-25.494925,-0.033186,-23.399240
1783943756294,82.020000,-216.702360,-30.865799,-0.078340,-17.485066
1783943756314,82.040000,-241.968840,-35.558384,-0.097990,-10.075529
1783943756334,82.060000,-219.457030,-38.623783,-0.104001,-4.414452
1783943756354,82.080000,-260.128300,-39.231365,-0.101655,-2.909349
1783943756374,82.100000,-242.454320,-36.916054,-0.098790,-6.457361
1783943756394,82.120000,-295.403870,-31.747229,-0.092864,-13.837236
1783943756414,82.140000,-281.954350,-24.357160,-0.085871,-22.223190
1783943756434,82.160000,-327.395500,-15.811570,-0.072950,-28.586450
1783943756454,82.180000,-321.694300,-7.336449,-0.055318,-31.352406
1783943756474,82.200000,-349.603240,0.007404,-0.038443,-31.386338
1783943756494,82.220000,-338.037540,5.587667,-0.024282,-30.565674
1783943756514,82.240000,-368.740200,9.317952,-0.021032,-28.681379
1783943756534,82.260000,-359.948550,11.590402,-0.029680,-23.260672
1783943756554,82.280000,-373.940900,13.061147,-0.050865,-13.645069
1783943756574,82.300000,-353.412930,14.413567,-0.086644,-3.684178
1783943756594,82.320000,-384.537660,16.209532,-0.143064,1.046881
1783943756614,82.340000,-372.659970,18.804016,-0.104001,-2.039560
1783943756634,82.360000,-415.584660,22.244263,-0.101655,-10.890906
1783943756654,82.380000,-413.434480,26.175928,-0.098790,-20.577133
1783943756674,82.400000,-447.070070,29.872240,-0.092864,-26.030050
1783943756694,82.420000,-436.333300,32.451890,-0.085871,-24.060060
1783943756714,82.440000,-461.691220,33.212772,-0.072950,-14.368108
1783943756734,82.460000,-420.242980,31.935823,-0.055318,0.928214
1783943756754,82.480000,-447.131400,29.030647,-0.038443,19.233651
1783943756774,82.500000,-413.862580,25.441880,-0.024282,38.229522
1783943756794,82.520000,-420.528780,22.334650,-0.021032,54.530221
1783943756814,82.540000,-403.328600,20.698181,-0.029680,64.035017
1783943756834,82.560000,-434.086980,21.026102,-0.050865,65.046891
1783943756854,82.580000,-421.134640,23.152939,-0.086644,59.827726
1783943756874,82.600000,-465.873570,26.261133,-0.143064,52.303049
1783943756894,82.620000,-457.156800,29.070383,-0.218325,44.523819
1783943756914,82.640000,-491.274780,30.195513,-0.321191,35.856399
1783943756934,82.660000,-489.220640,28.560898,-0.445389,25.886550
1783943756954,82.680000,-533.709530,23.698418,-0.588117,16.684011
1783943756974,82.700000,-520.077940,15.817386,-0.736053,10.440450
1783943756994,82.720000,-553.271900,5.675970,-0.870788,6.010248
1783943757014,82.740000,-541.074040,-5.621414,-0.972011,0.105440
1783943757034,82.760000,-582.814800,-16.827614,0.999070,-8.361180
1783943757054,82.780000,-571.642700,-26.776490,0.980298,-16.886104
1783943757074,82.800000,-606.656200,-34.609455,0.914960,-22.392584
1783943757094,82.820000,-587.246200,-39.897923,0.814717,-24.274922
1783943757114,82.840000,-612.271400,-42.590130,0.691160,-23.973343
1783943757134,82.860000,-596.740050,-42.845917,0.557041,-22.810032
1783943757154,82.880000,-619.343900,-40.897045,0.415979,-21.639695
1783943757174,82.900000,-595.985600,-37.004772,0.276455,-21.832067
1783943757194,82.920000,-621.408260,-31.479730,0.148446,-24.465493
1783943757214,82.940000,-609.729400,-24.709020,0.043132,-28.462577
1783943757234,82.960000,-629.880000,-17.174517,-0.033186,-31.324987
1783943757254,82.980000,-610.587900,-9.444976,-0.078340,-32.120245
1783943757274,83.000000,-629.230500,-2.103715,-0.097990,-32.531135
1783943757294,83.020000,-605.002140,4.380564,-0.104001,-34.494878
1783943757314,83.040000,-635.074300,9.753001,-0.101655,-37.757984
1783943757334,83.060000,-608.044430,13.961751,-0.098790,-40.555316
1783943757354,83.080000,-626.410900,17.068026,-0.092864,-41.691574
1783943757374,83.100000,-599.589400,19.176495,-0.104001,-40.329704
1783943757394,83.120000,-611.807740,20.432440,-0.101655,-34.170776
1783943757414,83.140000,-566.530760,21.054903,-0.098790,-19.970114
1783943757434,83.160000,-572.272800,21.360357,-0.092864,2.588852
1783943757454,83.180000,-504.813000,21.764078,-0.085871,27.835988
1783943757474,83.200000,-504.793330,22.756815,-0.072950,46.932676
1783943757494,83.220000,-473.965400,24.807203,-0.055318,54.730017
1783943757514,83.240000,-489.295230,28.136660,-0.038443,52.518847
1783943757534,83.260000,-471.659060,32.438328,-0.024282,44.012256
1783943757554,83.280000,-491.782600,36.747234,-0.021032,31.199847
1783943757574,83.300000,-486.538640,39.625027,-0.029680,15.118399
1783943757594,83.320000,-518.589840,39.586380,-0.050865,-1.558549
1783943757614,83.340000,-498.037400,35.539692,-0.086644,-14.597996
1783943757634,83.360000,-525.097660,27.092775,-0.143064,-20.609244
1783943757654,83.380000,-495.790860,14.686745,-0.218325,-19.268161
1783943757674,83.400000,-499.606540,-0.445546,-0.321191,-13.658227
1783943757694,83.420000,-475.850600,-16.494967,-0.445389,-7.973737
1783943757714,83.440000,-479.292760,-31.440786,-0.588117,-4.086598
1783943757734,83.460000,-453.647030,-43.483948,-0.736053,-0.120352
1783943757754,83.480000,-465.333470,-51.426174,-0.870788,7.272554
1783943757774,83.500000,-425.186520,-54.865955,-0.972011,18.746883
1783943757794,83.520000,-424.895020,-54.135586,0.999070,30.807449
1783943757814,83.540000,-403.263500,-50.041320,0.980298,39.018652
1783943757834,83.560000,-404.169040,-43.580444,0.914960,42.045248
1783943757854,83.580000,-390.635250,-35.775074,0.814717,42.149774
1783943757874,83.600000,-405.225950,-27.628410,0.691160,41.982264
1783943757894,83.620000,-379.066830,-20.099554,0.557041,41.068465
1783943757914,83.640000,-404.222500,-14.014598,0.415979,36.042383
1783943757934,83.660000,-390.057620,-9.946488,0.276455,24.763411
1783943757954,83.680000,-422.627500,-8.153163,0.148446,9.747769
1783943757974,83.700000,-414.170470,-8.618028,0.043132,-3.044854
1783943757994,83.720000,-437.983760,-11.136341,-0.033186,-9.053099
1783943758014,83.740000,-403.659000,-15.336408,-0.078340,-8.526243
1783943758034,83.760000,-428.211500,-20.608707,-0.104001,-5.202883
1783943758054,83.780000,-395.471920,-26.055588,-0.101655,-2.722328
1783943758074,83.800000,-408.723750,-30.590836,-0.098790,-2.384342
1783943758094,83.820000,-384.568400,-33.188725,-0.092864,-2.635937
1783943758114,83.840000,-398.488300,-33.156000,-0.085871,-0.411466
1783943758134,83.860000,-363.340670,-30.290610,-0.072950,5.399724
1783943758154,83.880000,-370.274350,-24.867432,-0.055318,11.396907
1783943758174,83.900000,-338.424350,-17.478542,-0.038443,11.757037
1783943758194,83.920000,-356.754270,-8.836741,-0.024282,3.572770
1783943758214,83.940000,-347.322570,0.323339,-0.021032,-10.363352
1783943758234,83.960000,-362.418520,9.221370,-0.029680,-24.318523
1783943758254,83.980000,-338.597100,17.016706,-0.050865,-34.242572
1783943758274,84.000000,-357.951230,22.934900,-0.086644,-39.659867
1783943758294,84.020000,-318.752080,26.502533,-0.143064,-42.713985
1783943758314,84.040000,-327.011600,27.736090,-0.218325,-45.757659
1783943758334,84.060000,-293.405270,27.160128,-0.321191,-48.709356
1783943758354,84.080000,-299.457580,25.639830,-0.445389,-48.929050
1783943758374,84.100000,-249.533140,24.110840,-0.588117,-44.378274
1783943758394,84.120000,-242.419270,23.343460,-0.736053,-36.281198
1783943758414,84.140000,-198.130390,23.839850,-0.870788,-28.360633
1783943758434,84.160000,-182.712720,25.834763,-0.972011,-23.855864
1783943758454,84.180000,-143.954770,29.306314,0.999070,-22.685841
1783943758474,84.200000,-137.789200,33.961533,0.980298,-20.945163
1783943758494,84.220000,-85.091446,39.242370,0.914960,-14.010221
1783943758514,84.240000,-66.088650,44.419964,0.814717,-1.051652
1783943758534,84.260000,-9.194902,48.789413,0.691160,13.216001
1783943758554,84.280000,12.102176,51.881306,0.557041,21.413210
1783943758574,84.300000,51.754917,53.547283,0.415979,19.237437
1783943758594,84.320000,53.864998,53.840565,0.276455,9.452522
1783943758614,84.340000,82.535700,52.768494,0.148446,-0.124976
1783943758634,84.360000,94.282190,50.106480,0.043132,-3.181859
1783943758654,84.380000,148.785800,45.450024,-0.033186,0.889025
1783943758674,84.400000,156.288480,38.511440,-0.078340,8.845904
1783943758694,84.420000,217.021990,29.443998,-0.097990,17.459696
1783943758714,84.440000,228.232120,18.942423,-0.104001,24.706673
1783943758734,84.460000,280.436600,8.056127,-0.101655,29.089429
1783943758754,84.480000,287.527100,-2.151331,-0.098790,29.711876
1783943758774,84.500000,328.447300,-10.918681,-0.092864,27.225828
1783943758794,84.520000,333.656220,-17.969437,-0.085871,23.867401
1783943758814,84.540000,362.930850,-23.518562,-0.072950,21.526295
1783943758834,84.560000,381.906370,-28.118143,0.064357,19.750056
1783943758854,84.580000,408.329600,-32.403280,0.071889,16.611101
1783943758874,84.600000,404.641600,-36.850014,0.069265,11.240015
1783943758894,84.620000,440.286770,-41.663715,0.059579,4.555271
1783943758914,84.640000,437.853640,-46.810547,0.043634,-1.323812
1783943758934,84.660000,464.326840,-52.101105,0.027523,-3.506869
1783943758954,84.680000,464.695920,-57.250620,0.013515,-0.238166
1783943758974,84.700000,517.123200,-61.905487,-0.000254,6.629586
1783943758994,84.720000,507.100460,-65.645010,-0.012910,12.761617
1783943759014,84.740000,547.333740,-67.995220,-0.028730,15.264631
1783943759034,84.760000,537.095950,-68.524536,-0.049321,14.442783
1783943759054,84.780000,563.878850,-67.021200,-0.076400,12.348946
1783943759074,84.800000,557.451660,-63.631573,-0.114449,11.034722
1783943759094,84.820000,583.602800,-58.838978,-0.170651,12.016684
1783943759114,84.840000,571.172060,-53.297100,-0.246662,15.718716
1783943759134,84.860000,608.871340,-47.620502,-0.349134,20.249294
1783943759154,84.880000,591.675800,-42.220676,-0.472034,21.549322
1783943759174,84.900000,608.686950,-37.250893,-0.610826,16.149658
1783943759194,84.920000,590.902900,-32.683624,-0.752705,4.379163
1783943759214,84.940000,583.852100,-28.476736,-0.879920,-9.239373
1783943759234,84.960000,566.924300,-24.725805,-0.974213,-19.623685
1783943759254,84.980000,576.656740,-21.682276,0.794873,-25.581164
1783943759274,85.000000,557.694300,-19.600092,0.776478,-29.875927
1783943759294,85.020000,568.631200,-18.512987,0.718345,-34.842774
1783943759314,85.040000,543.878800,-18.112673,0.632362,-38.985245
1783943759334,85.060000,564.105000,-17.821413,0.530253,-38.202906
1783943759354,85.080000,549.651400,-16.978409,0.424921,-29.886765
1783943759374,85.100000,580.476900,-14.988276,0.320763,-15.754531
1783943759394,85.120000,577.292100,-11.372485,0.225377,-0.835020
1783943759414,85.140000,601.981100,-5.778139,0.146007,10.505166
1783943759434,85.160000,586.393250,1.966674,0.087886,17.386210
1783943759454,85.180000,600.881650,11.725533,0.055228,21.039220
1783943759474,85.200000,587.882570,22.936373,0.046365,21.853774
1783943759494,85.220000,599.533140,34.632250,0.053525,19.523940
1783943759514,85.240000,562.916300,45.630860,0.064357,15.030201
1783943759534,85.260000,576.840400,54.781982,0.071889,9.873485
1783943759554,85.280000,556.884400,61.172840,0.069265,4.114283
1783943759574,85.300000,553.028800,64.282870,0.059579,-2.458027
1783943759594,85.320000,528.038200,64.069930,0.043634,-8.409880
1783943759614,85.340000,540.118100,60.937150,0.027523,-12.141061
1783943759634,85.360000,511.566350,55.596447,0.013515,-14.398438
1783943759654,85.380000,527.482300,48.918050,-0.000254,-17.726105
1783943759674,85.400000,495.378600,41.808530,-0.012910,-23.431591
1783943759694,85.420000,504.461000,35.082330,-0.028730,-29.730336
1783943759714,85.440000,474.421800,29.325401,-0.049321,-33.276811
1783943759734,85.460000,496.311770,24.821562,-0.076400,-32.183453
1783943759754,85.480000,473.474900,21.600740,-0.114449,-26.825201
1783943759774,85.500000,503.001950,19.585960,-0.170651,-18.102889
1783943759794,85.520000,482.261600,18.736685,-0.246662,-6.583902
1783943759814,85.540000,511.864620,19.089280,-0.349134,5.917062
1783943759834,85.560000,508.044300,20.694578,0.064357,15.816709
1783943759854,85.580000,519.759950,23.526552,0.071889,20.822341
1783943759874,85.600000,490.577640,27.391348,0.069265,22.070892
1783943759894,85.620000,517.697400,31.836985,0.059579,21.481707
1783943759914,85.640000,484.692750,36.134155,0.043634,19.077597
1783943759934,85.660000,498.538300,39.406223,0.027523,14.679033
1783943759954,85.680000,462.729400,40.858204,0.013515,9.976094
1783943759974,85.700000,479.464630,39.961613,-0.000254,6.886568
1783943759994,85.720000,451.100900,36.536990,-0.012910,5.144245
1783943760014,85.740000,468.723820,30.781050,-0.028730,3.132251
1783943760034,85.760000,430.078300,23.242567,-0.049321,0.262875
1783943760054,85.780000,445.993100,14.698911,-0.076400,-2.845716
1783943760074,85.800000,425.076930,5.962675,-0.114449,-5.358954
1783943760094,85.820000,427.986570,-2.273056,-0.170651,-5.790678
1783943760114,85.840000,406.239700,-9.498634,-0.246662,-2.199441
1783943760134,85.860000,434.076970,-15.387741,-0.349134,5.393081
1783943760154,85.880000,410.650570,-19.755140,-0.472034,14.072262
1783943760174,85.900000,432.201970,-22.491020,-0.610826,20.596574
1783943760194,85.920000,408.393550,-23.532760,-0.752705,24.106592
1783943760214,85.940000,422.915830,-22.924600,-0.879920,26.172714
1783943760234,85.960000,399.758360,-20.910500,-0.974213,28.674117
1783943760254,85.980000,408.921700,-17.955040,0.794873,31.257242
1783943760274,86.000000,388.305730,-14.663432,0.776478,30.763921
1783943760294,86.020000,395.323640,-11.644852,0.718345,24.248070
1783943760314,86.040000,348.279850,-9.395325,0.632362,12.614064
1783943760334,86.060000,347.860750,-8.272988,0.530253,-0.468097
1783943760354,86.080000,313.489040,-8.545709,0.424921,-13.089950
1783943760374,86.100000,312.231720,-10.397474,0.320763,-25.882826
1783943760394,86.120000,269.621860,-13.838128,0.225377,-38.062086
1783943760414,86.140000,271.307800,-18.607698,0.146007,-45.716423
1783943760434,86.160000,250.110960,-24.177195,0.087886,-45.498116
1783943760454,86.180000,262.188840,-29.814490,0.055228,-38.670076
1783943760474,86.200000,250.464070,-34.644337,0.046365,-30.320663
1783943760494,86.220000,265.343320,-37.726177,0.053525,-24.566728
1783943760514,86.240000,240.803470,-38.219547,0.064357,-21.033321
1783943760534,86.260000,252.356960,-35.627884,0.071889,-16.691308
1783943760554,86.280000,242.387860,-29.995691,0.069265,-10.583361
1783943760574,86.300000,249.793950,-21.918722,0.059579,-5.025865
1783943760594,86.320000,237.083010,-12.352226,0.043634,-1.833404
1783943760614,86.340000,242.901700,-2.345785,0.027523,1.035632
1783943760634,86.360000,222.754490,7.150224,0.013515,7.581706
1783943760654,86.380000,252.962480,15.383820,-0.000254,18.728004
1783943760674,86.400000,237.192920,21.881323,-0.012910,30.456088
1783943760694,86.420000,246.296940,26.513388,-0.028730,36.972833
1783943760714,86.440000,236.734310,29.458918,-0.049321,35.126964
1783943760734,86.460000,223.608550,31.027243,-0.076400,26.680596
1783943760754,86.480000,196.092880,31.418259,-0.114449,16.767225
1783943760774,86.500000,195.552700,30.569977,-0.170651,9.198705
1783943760794,86.520000,175.285280,28.202494,-0.246662,3.508875
1783943760814,86.540000,167.459180,24.041946,-0.349134,-2.964312
1783943760834,86.560000,143.474980,18.073296,-0.472034,-11.254411
1783943760854,86.580000,142.664660,10.643401,-0.610826,-19.283365
1783943760874,86.600000,119.496000,2.381279,-0.752705,-23.011590
1783943760894,86.620000,122.271810,-5.954640,-0.879920,-19.460654
1783943760914,86.640000,120.618940,-13.598285,-0.974213,-9.828959
1783943760934,86.660000,140.598110,-19.828272,0.794873,1.024473
1783943760954,86.680000,115.558150,-23.986084,0.000000,8.697122
1783943760974,86.700000,135.885160,-25.555395,0.000000,11.830699
1783943760994,86.720000,113.512010,-24.332937,0.000000,11.323798
1783943761014,86.740000,114.103010,-20.584076,0.064357,8.983991
1783943761034,86.760000,94.134040,-15.052406,0.071889,6.565377
1783943761054,86.780000,98.229780,-8.798052,0.069265,4.769854
1783943761074,86.800000,77.747910,-2.935291,0.059579,3.266968
1783943761094,86.820000,79.250820,1.637342,0.043634,1.732407
1783943761114,86.840000,60.460907,4.417710,0.027523,0.265696
1783943761134,86.860000,62.058640,5.331855,0.013515,-1.159136
1783943761154,86.880000,42.156654,4.644870,-0.000254,-2.971750
1783943761174,86.900000,45.978460,2.821858,-0.012910,-5.384219
1783943761194,86.920000,18.196040,0.387966,-0.028730,-7.816088
1783943761214,86.940000,28.730932,-2.187571,-0.049321,-9.455790
1783943761234,86.960000,-0.904332,-4.560194,-0.076400,-10.420182
1783943761254,86.980000,9.708137,-6.522008,-0.114449,-11.949826
1783943761274,87.000000,-19.778460,-7.974345,-0.170651,-14.886115
1783943761294,87.020000,-8.992393,-8.891690,-0.246662,-17.569343
1783943761314,87.040000,-41.436115,-9.297902,-0.349134,-16.152242
1783943761334,87.060000,-25.306790,-9.251712,-0.472034,-8.616145
1783943761354,87.080000,-28.718994,-8.811089,-0.610826,2.104411
1783943761374,87.100000,-20.984781,-7.955675,-0.752705,11.063142
1783943761394,87.120000,-36.881596,-6.532814,-0.879920,16.524380
1783943761414,87.140000,-39.895740,-4.337301,-0.974213,19.559711
1783943761434,87.160000,-45.756550,-1.312241,0.794873,19.594705
1783943761454,87.180000,-53.866960,2.303647,0.776478,14.549368
1783943761474,87.200000,-85.966830,6.003961,0.718345,5.754107
1783943761494,87.220000,-97.050620,9.141776,0.632362,-1.338910
1783943761514,87.240000,-111.121910,11.057209,0.530253,-2.864563
1783943761534,87.260000,-109.237610,11.235477,0.424921,-0.234863
1783943761554,87.280000,-127.949560,9.518908,0.320763,2.917039
1783943761574,87.300000,-131.406220,6.240418,0.225377,4.985771
1783943761594,87.320000,-141.241120,2.132320,0.146007,6.317844
1783943761614,87.340000,-153.952120,-1.943936,0.087886,6.585111
1783943761634,87.360000,-168.252120,-5.276690,0.055228,3.978134
1783943761654,87.380000,-173.621170,-7.469859,0.046365,-2.371898
1783943761674,87.400000,-213.384460,-8.480872,0.053525,-9.868724
1783943761694,87.420000,-216.392910,-8.576456,0.064357,-14.274008
1783943761714,87.440000,-228.037500,-8.220611,0.071889,-14.146027
1783943761734,87.460000,-240.226040,-7.882950,0.069265,-11.640186
1783943761754,87.480000,-250.651200,-7.824856,0.059579,-9.277823
1783943761774,87.500000,-255.977260,-7.991779,0.043634,-7.562284
1783943761794,87.520000,-274.487730,-8.086631,-0.033956,-5.371926
1783943761814,87.540000,-271.920380,-7.750315,-0.011774,-1.563994
1783943761834,87.560000,-289.981140,-6.715811,0.014164,3.969599
1783943761854,87.580000,-282.758580,-4.875216,0.034565,10.501819
1783943761874,87.600000,-299.691860,-2.267100,0.042675,17.053857
1783943761894,87.620000,-303.298300,0.968038,0.034656,22.056593
1783943761914,87.640000,-311.469850,4.613323,0.016092,23.086518
1783943761934,87.660000,-325.009830,8.383076,-0.009987,18.821424
1783943761954,87.680000,-355.474180,11.925969,-0.041153,11.335735
1783943761974,87.700000,-363.628970,14.822987,-0.070312,4.629399
1783943761994,87.720000,-384.364800,16.613474,-0.098034,0.843209
1783943762014,87.740000,-391.950530,16.904154,-0.119674,-0.676412
1783943762034,87.760000,-408.534240,15.542621,-0.139427,-1.072006
1783943762054,87.780000,-415.718100,12.734336,-0.153890,-0.525246
1783943762074,87.800000,-431.377800,9.004954,-0.166461,0.521015
1783943762094,87.820000,-434.315730,5.039368,-0.181541,0.319286
1783943762114,87.840000,-443.297600,1.502159,-0.201622,-2.233729
1783943762134,87.860000,-473.871580,-1.101485,-0.232835,-5.605005
1783943762154,87.880000,-473.782600,-2.530680,-0.280049,-7.957202
1783943762174,87.900000,-479.534500,-2.849832,-0.347499,-10.226561
1783943762194,87.920000,-502.431340,-2.345948,-0.427843,-14.254513
1783943762214,87.940000,-515.701000,-1.369834,-0.522390,-19.702767
1783943762234,87.960000,-528.537500,-0.233595,-0.619945,-25.151530
1783943762254,87.980000,-531.091900,0.803557,-0.714184,-29.689747
1783943762274,88.000000,-552.503540,1.556458,-0.799357,-31.207988
1783943762294,88.020000,-547.969000,1.973341,-0.861633,-25.992501
1783943762314,88.040000,-546.618200,2.167561,1.000000,-13.090978
1783943762334,88.060000,-532.619260,2.409857,0.982971,2.192496
1783943762354,88.080000,-523.542970,3.113158,0.931635,12.155490
1783943762374,88.100000,-532.628400,4.766117,0.847028,14.505525
1783943762394,88.120000,-543.213900,7.732465,0.734233,14.089866
1783943762414,88.140000,-535.443900,11.979221,0.609755,15.946080
1783943762434,88.160000,-542.416260,16.957972,0.479145,18.979027
1783943762454,88.180000,-539.619750,21.777208,0.347846,18.294748
1783943762474,88.200000,-553.389160,25.544016,0.225941,12.393134
1783943762494,88.220000,-563.656700,27.618372,0.120648,5.926340
1783943762514,88.240000,-565.685550,27.666565,0.036687,4.932686
1783943762534,88.260000,-560.322750,25.625345,-0.017909,10.564320
1783943762554,88.280000,-549.805360,21.715014,-0.037988,18.584719
1783943762574,88.300000,-550.041750,16.487370,-0.033956,24.165011
1783943762594,88.320000,-549.150700,10.772078,-0.011774,25.323520
1783943762614,88.340000,-552.878600,5.446146,0.014164,21.972772
1783943762634,88.360000,-550.723500,1.135210,0.034565,14.532405
1783943762654,88.380000,-567.793600,-1.970038,0.042675,4.921198
1783943762674,88.400000,-577.910160,-4.112767,0.034656,-3.506413
1783943762694,88.420000,-569.750240,-5.829601,0.016092,-9.087007
1783943762714,88.440000,-582.641100,-7.720897,-0.009987,-13.602048
1783943762734,88.460000,-576.711730,-10.196638,-0.041153,-19.749604
1783943762754,88.480000,-590.366460,-13.317810,-0.004598,-27.798893
1783943762774,88.500000,-587.803500,-16.826067,-0.001017,-35.137704
1783943762794,88.520000,-586.914300,-20.307806,0.007690,-38.405282
1783943762814,88.540000,-587.892500,-23.345228,0.011538,-36.289705
1783943762834,88.560000,-570.081540,-25.579142,0.009248,-31.056906
1783943762854,88.580000,-558.758850,-26.699488,-0.002287,-26.652974
1783943762874,88.600000,-558.019040,-26.426659,-0.017193,-24.361467
1783943762894,88.620000,-545.424560,-24.557365,-0.031437,-21.405209
1783943762914,88.640000,-536.148100,-21.074385,-0.033205,-14.681890
1783943762934,88.660000,-511.811580,-16.218517,-0.031130,-4.548369
1783943762954,88.680000,-501.633180,-10.424468,-0.028614,5.951675
1783943762974,88.700000,-482.210570,-4.165807,-0.037422,14.397364
1783943762994,88.720000,-471.489070,2.149619,-0.056838,20.505611
1783943763014,88.740000,-457.710420,8.174771,-0.094590,25.064750
1783943763034,88.760000,-445.422550,13.569710,-0.142081,28.407534
1783943763054,88.780000,-440.029900,17.977398,-0.193681,29.948765
1783943763074,88.800000,-425.870240,21.048983,-0.244314,28.836359
1783943763094,88.820000,-428.083980,22.495417,-0.292438,25.138912
1783943763114,88.840000,-418.638920,22.134726,-0.335029,20.632314
1783943763134,88.860000,-411.307370,19.923035,-0.377993,18.263984
1783943763154,88.880000,-406.671050,15.979492,-0.425361,19.975424
1783943763174,88.900000,-389.858400,10.606763,-0.484620,24.165076
1783943763194,88.920000,-369.368840,4.299536,-0.559278,26.294722
1783943763214,88.940000,-370.275400,-2.283196,-0.659623,23.617423
1783943763234,88.960000,-366.372830,-8.431850,-0.771352,18.213463
1783943763254,88.980000,-355.103240,-13.586914,-0.884766,13.749342
1783943763274,89.000000,-349.396670,-17.511335,-0.974476,10.776983
1783943763294,89.020000,-334.442540,-20.292010,0.943219,7.196141
1783943763314,89.040000,-335.692630,-22.176552,0.947871,2.269876
1783943763334,89.060000,-323.973360,-23.406013,0.935124,-2.075467
1783943763354,89.080000,-311.396360,-24.149374,-0.056628,-4.120686
1783943763374,89.100000,-301.099180,-24.497618,-0.043766,-4.994295
1783943763394,89.120000,-286.043730,-24.456476,-0.026781,-7.656455
1783943763414,89.140000,-280.031370,-23.949417,-0.017355,-13.413637
1783943763434,89.160000,-263.523070,-22.868187,-0.018238,-19.689238
1783943763454,89.180000,-265.915280,-21.159035,-0.031136,-22.303658
1783943763474,89.200000,-237.475850,-18.885626,-0.051460,-20.922624
1783943763494,89.220000,-214.995970,-16.204826,-0.072967,-20.360760
1783943763514,89.240000,-204.861180,-13.252830,-0.081370,-24.185501
1783943763534,89.260000,-199.890600,-10.059135,-0.086579,-29.263936
1783943763554,89.280000,-177.362920,-6.606251,-0.090059,-30.005498
1783943763574,89.300000,-149.873110,-2.962586,-0.103691,-26.141296
1783943763594,89.320000,-127.037155,0.704738,-0.125241,-22.474792
1783943763614,89.340000,-107.287490,4.264265,-0.162120,-21.744017
1783943763634,89.360000,-93.175190,7.709831,-0.204733,-21.492405
1783943763654,89.380000,-62.990585,11.084300,-0.247571,-18.644921
1783943763674,89.400000,-34.079712,14.356426,-0.283197,-14.022364
1783943763694,89.420000,-12.718673,17.410456,-0.311922,-10.533447
1783943763714,89.440000,7.655069,20.123318,-0.332552,-9.059422
1783943763734,89.460000,33.819200,22.399376,-0.349256,-8.002010
1783943763754,89.480000,63.170660,24.137750,-0.369931,-5.389869
1783943763774,89.500000,80.308310,25.218150,-0.400187,-0.260380
1783943763794,89.520000,116.766205,25.543077,-0.447072,6.371987
1783943763814,89.540000,138.649410,25.088720,-0.524047,11.034714
1783943763834,89.560000,165.785260,23.919485,-0.614868,10.102707
1783943763854,89.580000,177.703250,22.154022,-0.713091,3.968068
1783943763874,89.600000,190.937650,19.880756,-0.790652,-2.095846
1783943763894,89.620000,211.470020,17.062109,0.993063,-2.740693
1783943763914,89.640000,238.282470,13.531688,0.998638,2.082102
1783943763934,89.660000,269.711000,9.145854,0.982585,8.009782
1783943763954,89.680000,288.174650,3.995153,0.935315,12.282677
1783943763974,89.700000,304.335450,-1.518601,0.846900,16.642676
1783943763994,89.720000,345.296330,-6.823010,0.730099,23.820673
1783943764014,89.740000,361.084630,-11.396060,0.585387,33.466910
1783943764034,89.760000,390.879240,-14.893443,0.426721,42.262982
1783943764054,89.780000,412.376830,-17.164299,-0.056628,46.472977
1783943764074,89.800000,425.082760,-18.244268,-0.043766,44.277570
1783943764094,89.820000,429.501280,-18.377090,-0.026781,36.734015
1783943764114,89.840000,438.422300,-18.031610,-0.017355,26.782864
1783943764134,89.860000,438.246500,-17.857485,-0.018238,17.323064
1783943764154,89.880000,446.703060,-18.546555,-0.031136,9.874111
1783943764174,89.900000,445.678770,-20.625029,-0.051460,4.181635
1783943764194,89.920000,462.569030,-24.267416,-0.072967,-0.756380
1783943764214,89.940000,465.754880,-29.211466,-0.081370,-4.431951
1783943764234,89.960000,463.328060,-34.808178,-0.086579,-4.738773
1783943764254,89.980000,487.758800,-40.198517,-0.090059,-1.853960
1783943764274,90.000000,493.516660,-44.529003,-0.103691,-0.334101
1783943764294,90.020000,503.144700,-47.103287,-0.125241,-4.526489
1783943764314,90.040000,484.610470,-47.475574,-0.162120,-13.391369
1783943764334,90.060000,493.027470,-45.560505,-0.204733,-22.444479
1783943764354,90.080000,492.950620,-41.715473,-0.247571,-29.055743
1783943764374,90.100000,491.052640,-36.645145,-0.283197,-33.264122
1783943764394,90.120000,488.506840,-31.128197,-0.311922,-35.308358
1783943764414,90.140000,497.041700,-25.751177,-0.332552,-35.129707
1783943764434,90.160000,505.770260,-20.783216,-0.349256,-33.023450
1783943764454,90.180000,505.097660,-16.175577,-0.369931,-28.922590
1783943764474,90.200000,517.344500,-11.643485,-0.400187,-22.365869
1783943764494,90.220000,524.150400,-6.813820,-0.447072,-14.366294
1783943764514,90.240000,538.985660,-1.380951,-0.524047,-7.551474
1783943764534,90.260000,542.825800,4.803611,-0.614868,-2.859207
1783943764554,90.280000,540.147340,11.701088,-0.713091,2.356565
1783943764574,90.300000,555.839360,19.064810,-0.790652,10.865368
1783943764594,90.320000,567.415600,26.459787,0.993063,21.273614
1783943764614,90.340000,571.777900,33.380930,0.998638,29.205520
1783943764634,90.360000,577.265440,39.413082,0.982585,31.929361
1783943764654,90.380000,564.294070,44.293762,0.935315,29.894284
1783943764674,90.400000,567.316040,47.831467,0.846900,24.347734
1783943764694,90.420000,557.908600,49.800090,0.730099,15.976367
1783943764714,90.440000,538.408570,49.935040,0.585387,6.195589
1783943764734,90.460000,526.675000,48.012380,0.426721,-2.777425
1783943764754,90.480000,529.756040,43.942688,0.276274,-9.720225
1783943764774,90.500000,508.681370,37.863937,0.146684,-14.317010
1783943764794,90.520000,509.120270,30.212906,0.043031,-15.568776
1783943764814,90.540000,514.839360,21.719620,-0.018465,-12.132249
1783943764834,90.560000,505.486200,13.304135,-0.050462,-4.273564
1783943764854,90.580000,525.257260,5.924062,-0.056628,5.276355
1783943764874,90.600000,527.206100,0.433291,-0.043766,12.959949
1783943764894,90.620000,517.664250,-2.548649,-0.026781,16.538953
1783943764914,90.640000,512.180540,-2.783220,-0.017355,14.320049
1783943764934,90.660000,506.946470,-0.538234,-0.018238,4.184757
1783943764954,90.680000,493.047800,3.408228,-0.056628,-12.333106
1783943764974,90.700000,441.573240,7.926015,-0.043766,-26.844306
1783943764994,90.720000,458.416930,11.768002,-0.026781,-30.966338
1783943765014,90.740000,456.590450,13.843221,-0.017355,-25.613985
1783943765034,90.760000,453.033630,13.563994,-0.018238,-18.716888
1783943765054,90.780000,455.777530,11.133719,-0.031136,-14.996907
1783943765074,90.800000,446.976620,7.502812,-0.051460,-11.955764
1783943765094,90.820000,447.859100,3.938860,-0.072967,-5.323641
1783943765114,90.840000,464.170900,1.517473,-0.081370,4.984622
1783943765134,90.860000,459.604250,0.858807,-0.086579,15.718492
1783943765154,90.880000,465.079280,2.129830,-0.090059,24.681037
1783943765174,90.900000,462.230650,5.141763,-0.103691,31.583725
1783943765194,90.920000,470.822360,9.428651,-0.125241,35.847083
1783943765214,90.940000,457.139530,14.323812,-0.162120,36.363168
1783943765234,90.960000,452.422640,19.067694,-0.204733,33.098420
1783943765254,90.980000,435.918400,22.909582,-0.247571,27.010382
1783943765274,91.000000,427.175380,25.177368,-0.283197,18.672386
1783943765294,91.020000,412.511260,25.352312,-0.311922,8.676777
1783943765314,91.040000,392.028630,23.163443,-0.332552,-0.724373
1783943765334,91.060000,384.005800,18.651335,-0.349256,-6.257347
1783943765354,91.080000,381.175450,12.173409,-0.369931,-6.736231
1783943765374,91.100000,367.689450,4.375432,-0.400187,-4.876622
1783943765394,91.120000,378.048800,-3.864862,-0.447072,-5.093199
1783943765414,91.140000,361.200500,-11.551254,-0.524047,-8.706972
1783943765434,91.160000,349.040160,-17.763914,-0.614868,-12.148694
1783943765454,91.180000,344.932560,-21.892462,-0.713091,-11.802579
1783943765474,91.200000,351.928700,-23.776926,-0.790652,-9.499411
1783943765494,91.220000,342.815830,-23.647497,0.993063,-10.349724
1783943765514,91.240000,328.552600,-21.922693,0.998638,-16.303539
1783943765534,91.260000,310.630800,-19.068401,0.982585,-25.155632
1783943765554,91.280000,309.073670,-15.606914,0.935315,-34.529711
1783943765574,91.300000,297.134000,-12.131538,0.846900,-42.434249
1783943765594,91.320000,279.625460,-9.196842,0.730099,-44.723992
1783943765614,91.340000,282.808650,-7.159143,0.585387,-37.723144
1783943765634,91.360000,301.000500,-6.076664,0.426721,-24.532374
1783943765654,91.380000,305.054600,-5.662415,0.276274,-13.972314
1783943765674,91.400000,304.589020,-5.298935,0.146684,-11.226223
1783943765694,91.420000,286.168100,-4.228545,0.043031,-12.581101
1783943765714,91.440000,298.395200,-1.927289,-0.018465,-10.905367
1783943765734,91.460000,290.261320,1.592789,-0.160592,-3.696639
1783943765754,91.480000,306.189150,5.814928,-0.122942,5.972050
1783943765774,91.500000,297.463320,10.035140,-0.083785,14.410980
1783943765794,91.520000,305.598360,13.684067,-0.057559,20.807729
1783943765814,91.540000,301.585900,16.450071,-0.050009,26.061559
1783943765834,91.560000,298.220060,18.223055,-0.063087,29.827519
1783943765854,91.580000,294.482000,18.979944,-0.088461,29.921665
1783943765874,91.600000,285.611020,18.700327,-0.116489,25.342967
1783943765894,91.620000,266.776300,17.331907,-0.127658,19.502559
1783943765914,91.640000,258.889200,14.788808,-0.127360,18.412266
1783943765934,91.660000,254.390320,10.988940,-0.116375,24.280111
1783943765954,91.680000,261.191100,5.958621,-0.105644,32.207346
1783943765974,91.700000,252.582760,-0.021778,-0.096066,35.041435
1783943765994,91.720000,237.819000,-6.365674,-0.097097,30.802097
1783943766014,91.740000,212.758480,-12.350642,-0.102166,23.367502
1783943766034,91.760000,209.235700,-17.437883,-0.112618,16.592446
1783943766054,91.780000,185.917820,-21.487356,-0.122371,10.964563
1783943766074,91.800000,180.057890,-24.702230,-0.134924,6.522827
1783943766094,91.820000,147.917910,-27.395555,-0.152571,5.322747
1783943766114,91.840000,161.073470,-29.785013,-0.176346,8.641018
1783943766134,91.860000,145.358460,-31.890081,-0.215984,14.019538
1783943766154,91.880000,140.626890,-33.496452,-0.274154,17.317066
1783943766174,91.900000,125.466560,-34.206364,-0.351705,16.401955
1783943766194,91.920000,109.135260,-33.614758,-0.459042,11.729865
1783943766214,91.940000,95.621826,-31.541367,-0.578713,4.993438
1783943766234,91.960000,77.565420,-28.158875,-0.696454,-1.502886
1783943766254,91.980000,50.444904,-23.944506,-0.786018,-5.894279
1783943766274,92.000000,51.599213,-19.517347,0.996207,-9.155449
1783943766294,92.020000,24.070110,-15.440080,0.999682,-15.246047
1783943766314,92.040000,9.550437,-12.057254,0.977270,-26.901845
1783943766334,92.060000,-23.390265,-9.451074,0.918235,-41.809064
1783943766354,92.080000,-43.335945,-7.541201,0.809993,-54.329343
1783943766374,92.100000,-64.724610,-6.233934,0.671478,-60.869133
1783943766394,92.120000,-62.019135,-5.461464,0.502712,-62.288651
1783943766414,92.140000,-86.382576,-5.071722,-0.160592,-60.969353
1783943766434,92.160000,-84.617360,-4.709113,-0.122942,-57.643229
1783943766454,92.180000,-94.112650,-3.835784,-0.083785,-51.982703
1783943766474,92.200000,-81.262634,-1.884280,-0.057559,-43.830763
1783943766494,92.220000,-95.551660,1.582645,-0.050009,-32.474804
1783943766514,92.240000,-80.034996,6.775454,-0.063087,-17.061808
1783943766534,92.260000,-73.278610,13.636340,-0.088461,0.811098
1783943766554,92.280000,-60.950462,21.858978,-0.116489,16.842166
1783943766574,92.300000,-63.630535,30.965258,-0.127658,27.697275
1783943766594,92.320000,-61.687050,40.367940,-0.127360,33.777473
1783943766614,92.340000,-75.657280,49.361576,-0.116375,37.473764
1783943766634,92.360000,-65.800850,57.103466,-0.105644,39.894008
1783943766654,92.380000,-83.783370,62.699192,-0.096066,40.655768
1783943766674,92.400000,-92.277560,65.389340,-0.097097,39.704354
1783943766694,92.420000,-103.557840,64.717410,-0.102166,37.442735
1783943766714,92.440000,-103.849040,60.603283,-0.112618,34.103949
1783943766734,92.460000,-135.310100,53.338123,-0.122371,30.487712
1783943766754,92.480000,-128.273250,43.523777,-0.134924,27.906474
1783943766774,92.500000,-155.041560,31.962372,-0.152571,26.158108
1783943766794,92.520000,-151.829070,19.527960,-0.176346,22.749764
1783943766814,92.540000,-181.716700,7.065304,-0.215984,15.281449
1783943766834,92.560000,-191.391880,-4.693994,-0.274154,4.447537
1783943766854,92.580000,-220.675740,-15.227218,-0.351705,-5.821206
1783943766874,92.600000,-231.140690,-24.287165,-0.459042,-11.553511
1783943766894,92.620000,-244.137660,-31.867040,-0.578713,-12.138994
1783943766914,92.640000,-247.925840,-38.050900,-0.696454,-10.423080
1783943766934,92.660000,-266.558070,-42.837482,-0.786018,-9.731165
1783943766954,92.680000,-269.106900,-46.069355,0.996207,-11.167537
1783943766974,92.700000,-290.294500,-47.517735,0.999682,-13.273289
1783943766994,92.720000,-294.874100,-47.047700,0.977270,-13.799869
1783943767014,92.740000,-316.633940,-44.741558,0.918235,-12.377930
1783943767034,92.760000,-309.954770,-40.909725,0.809993,-11.478380
1783943767054,92.780000,-340.094730,-36.000145,0.671478,-13.470409
1783943767074,92.800000,-334.419370,-30.476858,0.502712,-16.525927
1783943767094,92.820000,-374.183840,-24.748810,0.319286,-15.617261
1783943767114,92.840000,-357.341370,-19.167717,0.149095,-9.185137
1783943767134,92.860000,-369.061400,-14.016037,0.007185,-2.496142
1783943767154,92.880000,-367.828500,-9.421897,-0.101666,-1.257658
1783943767174,92.900000,-407.735100,-5.300131,-0.157961,-3.805988
1783943767194,92.920000,-395.125430,-1.460676,-0.175107,-3.481717
1783943767214,92.940000,-418.810640,2.181994,-0.160592,2.557299
1783943767234,92.960000,-395.860100,5.534640,-0.160592,10.686770
1783943767254,92.980000,-433.998540,8.466336,-0.122942,16.423830
1783943767274,93.000000,-409.282700,10.968005,-0.083785,19.592331
1783943767294,93.020000,-442.930100,13.150306,-0.057559,23.534779
1783943767314,93.040000,-425.946700,15.127654,-0.050009,30.580115
1783943767334,93.060000,-443.457760,16.933474,-0.063087,38.619720
1783943767354,93.080000,-428.785640,18.531809,-0.088461,42.319404
1783943767374,93.100000,-462.809230,19.870928,-0.116489,37.877855
1783943767394,93.120000,-470.317320,20.880098,-0.127658,25.956831
1783943767414,93.140000,-500.186100,21.381277,-0.127360,10.555383
1783943767434,93.160000,-505.324220,21.021696,-0.116375,-3.118103
1783943767454,93.180000,-549.805660,19.350842,-0.105644,-10.851939
1783943767474,93.200000,-527.908750,16.024286,-0.096066,-12.755168
1783943767494,93.220000,-548.643070,11.029816,-0.097097,-13.762419
1783943767514,93.240000,-549.537050,4.830521,-0.102166,-18.506603
1783943767534,93.260000,-579.018300,-1.688229,-0.112618,-26.925548
1783943767554,93.280000,-568.450740,-7.506576,-0.122371,-35.990145
1783943767574,93.300000,-598.681640,-11.836810,-0.134924,-43.292108
1783943767594,93.320000,-587.005550,-14.325188,-0.152571,-47.725362
1783943767614,93.340000,-609.184500,-15.011593,-0.176346,-48.705145
1783943767634,93.360000,-585.108950,-14.158535,-0.215984,-46.074340
1783943767654,93.380000,-600.924870,-12.067533,-0.274154,-40.223782
1783943767674,93.400000,-573.341000,-8.947593,-0.351705,-32.015544
1783943767694,93.420000,-579.172240,-4.878167,-0.459042,-22.806996
1783943767714,93.440000,-555.641970,0.132496,-0.578713,-14.143970
1783943767734,93.460000,-553.638200,6.042612,-0.696454,-6.697456
1783943767754,93.480000,-538.730470,12.684586,-0.786018,0.345781
1783943767774,93.500000,-539.957600,19.712814,0.996207,7.864710
1783943767794,93.520000,-508.730740,26.611580,0.999682,14.890421
1783943767814,93.540000,-522.440200,32.780340,0.977270,19.438734
1783943767834,93.560000,-494.590880,37.658924,0.918235,21.191881
1783943767854,93.580000,-513.379900,40.816692,0.809993,21.863072
1783943767874,93.600000,-486.172820,41.968464,0.671478,22.641159
1783943767894,93.620000,-495.832030,40.965830,0.502712,22.593749
1783943767914,93.640000,-480.494080,37.820255,0.319286,20.231756
1783943767934,93.660000,-496.372300,32.724200,0.149095,15.544431
1783943767954,93.680000,-479.517640,26.013247,0.007185,9.818674
1783943767974,93.700000,-491.086240,18.087973,-0.101666,4.591616
1783943767994,93.720000,-481.492070,9.361256,-0.157961,1.165842
1783943768014,93.740000,-491.284300,0.249303,-0.175107,-0.154384
1783943768034,93.760000,-460.330320,-8.819963,-0.160592,-0.233346
1783943768054,93.780000,-480.722840,-17.392510,-0.122942,0.729158
1783943768074,93.800000,-454.303770,-24.991919,-0.083785,3.944306
1783943768094,93.820000,-459.428620,-31.176430,-0.057559,9.195255
1783943768114,93.840000,-431.379800,-35.625233,-0.050009,13.084169
1783943768134,93.860000,-439.826000,-38.185535,-0.191411,12.827838
1783943768154,93.880000,-425.659240,-38.874554,-0.160280,10.863187
1783943768174,93.900000,-440.426200,-37.900455,-0.130265,12.505351
1783943768194,93.920000,-403.436500,-35.687244,-0.113386,18.701481
1783943768214,93.940000,-406.309940,-32.790005,-0.113091,24.517816
1783943768234,93.960000,-385.315000,-29.688309,-0.129763,26.288335
1783943768254,93.980000,-403.513800,-26.630758,-0.155489,26.795304
1783943768274,94.000000,-368.628970,-23.679464,-0.179635,30.499654
1783943768294,94.020000,-380.646060,-20.866570,-0.181504,35.846307
1783943768314,94.040000,-344.294500,-18.262222,-0.163258,35.966423
1783943768334,94.060000,-370.372380,-15.919707,-0.125744,27.199626
1783943768354,94.080000,-367.427550,-13.856791,-0.079493,13.710923
1783943768374,94.100000,-383.490540,-12.167442,-0.031793,1.768870
1783943768394,94.120000,-358.630400,-11.122020,0.000483,-7.627304
1783943768414,94.140000,-383.758450,-11.069855,0.019675,-17.434520
1783943768434,94.160000,-372.851930,-12.196418,0.019913,-28.615885
1783943768454,94.180000,-386.623960,-14.371757,0.008333,-38.965055
1783943768474,94.200000,-358.403000,-17.193121,-0.016802,-45.780296
1783943768494,94.220000,-374.154600,-20.098053,-0.053755,-46.974135
1783943768514,94.240000,-341.708070,-22.442411,-0.100445,-41.690456
1783943768534,94.260000,-326.531560,-23.565598,-0.163780,-32.041235
1783943768554,94.280000,-290.087600,-22.860550,-0.243892,-22.267482
1783943768574,94.300000,-285.716950,-19.839865,-0.339187,-14.707423
1783943768594,94.320000,-247.796880,-14.233117,-0.458137,-8.317811
1783943768614,94.340000,-243.159640,-6.128435,-0.583153,-2.000563
1783943768634,94.360000,-199.135530,3.939977,-0.701519,2.460447
1783943768654,94.380000,-203.266850,15.064677,-0.789585,2.311912
1783943768674,94.400000,-165.810970,26.158820,0.996447,-2.083808
1783943768694,94.420000,-181.321380,36.143290,0.999917,-6.996775
1783943768714,94.440000,-134.944670,44.069122,0.974834,-9.797427
1783943768734,94.460000,-137.375300,49.223515,0.908203,-12.229915
1783943768754,94.480000,-107.253910,51.254116,0.788141,-18.034750
1783943768774,94.500000,-105.705420,50.241090,0.634237,-27.950439
1783943768794,94.520000,-85.014694,46.630980,0.450480,-38.025720
1783943768814,94.540000,-83.884920,41.052000,0.257280,-43.060653
1783943768834,94.560000,-35.236458,34.145145,0.085402,-40.894326
1783943768854,94.580000,-18.016829,26.536222,-0.049421,-32.199199
1783943768874,94.600000,22.860620,18.919530,-0.147403,-17.724531
1783943768894,94.620000,55.100735,12.099647,-0.194162,1.106948
1783943768914,94.640000,124.809810,6.901864,-0.205525,20.192973
1783943768934,94.660000,132.951160,4.009975,-0.191411,34.984249
1783943768954,94.680000,184.648040,3.796956,-0.160280,43.945178
1783943768974,94.700000,198.439300,6.155660,-0.130265,47.680844
1783943768994,94.720000,233.563640,10.392077,-0.113386,46.354581
1783943769014,94.740000,234.763550,15.297516,-0.296192,40.021277
1783943769034,94.760000,265.723850,19.411722,-0.289533,30.610982
1783943769054,94.780000,254.540040,21.350668,-0.264977,21.767918
1783943769074,94.800000,290.932250,20.085186,-0.238188,15.992104
1783943769094,94.820000,293.483300,15.143949,-0.219681,12.860615
1783943769114,94.840000,328.954830,6.728600,-0.212563,11.063760
1783943769134,94.860000,320.259770,-4.309613,-0.219002,10.656297
1783943769154,94.880000,365.297360,-16.673178,-0.236605,11.319691
1783943769174,94.900000,359.837500,-28.941185,-0.253149,10.003416
1783943769194,94.920000,393.241670,-39.870120,-0.259679,3.421589
1783943769214,94.940000,373.974120,-48.591084,-0.248211,-7.076975
1783943769234,94.960000,397.264680,-54.722225,-0.217913,-15.598619
1783943769254,94.980000,390.628780,-58.393475,-0.173623,-17.610201
1783943769274,95.000000,434.083000,-60.107210,-0.125789,-14.137451
1783943769294,95.020000,421.336000,-60.433340,-0.082899,-9.170820
1783943769314,95.040000,462.381530,-59.712955,-0.054324,-4.690726
1783943769334,95.060000,452.348850,-57.967434,-0.038385,0.200514
1783943769354,95.080000,491.042540,-55.031950,-0.037614,6.221673
1783943769374,95.100000,479.348450,-50.763870,-0.043173,11.738634
1783943769394,95.120000,522.290950,-45.180035,-0.054977,14.533671
1783943769414,95.140000,495.616900,-38.491566,-0.066925,15.160721
1783943769434,95.160000,524.241200,-31.087717,-0.078550,16.206626
1783943769454,95.180000,509.944150,-23.505022,-0.091515,17.365476
1783943769474,95.200000,541.705930,-16.350546,-0.108480,14.404493
1783943769494,95.220000,507.091980,-10.160573,-0.132063,5.317035
1783943769514,95.240000,512.052000,-5.289697,-0.168449,-5.380737
1783943769534,95.260000,498.675230,-1.929354,-0.221083,-11.359201
1783943769554,95.280000,513.893200,-0.171637,-0.282444,-11.423257
1783943769574,95.300000,502.965480,0.039432,-0.345522,-9.301554
1783943769594,95.320000,519.671140,-0.956666,-0.393006,-8.145692
1783943769614,95.340000,493.552670,-2.509467,0.997241,-8.012012
1783943769634,95.360000,519.252600,-3.835797,0.998445,-8.260183
1783943769654,95.380000,503.927900,-4.271499,0.977746,-9.069665
1783943769674,95.400000,505.224550,-3.426416,0.915314,-9.693682
1783943769694,95.420000,492.447200,-1.220592,0.813540,-8.405868
1783943769714,95.440000,516.082200,2.151726,0.673431,-5.385520
1783943769734,95.460000,488.730300,6.321999,0.508436,-3.036660
1783943769754,95.480000,517.152650,10.895782,0.323338,-2.567297
1783943769774,95.500000,477.090640,15.563281,0.142001,-2.414090
1783943769794,95.520000,506.631770,20.094763,-0.013803,-1.233626
1783943769814,95.540000,482.107180,24.282412,-0.141157,-0.821134
1783943769834,95.560000,493.391630,27.934515,-0.229060,-4.204711
1783943769854,95.580000,460.453950,30.906282,-0.280306,-11.649857
1783943769874,95.600000,468.200200,33.090637,-0.296192,-20.151390
1783943769894,95.620000,437.906680,34.367300,-0.289533,-26.326424
1783943769914,95.640000,453.031000,34.598106,-0.264977,-28.540798
1783943769934,95.660000,426.134340,33.718964,-0.238188,-26.402682
1783943769954,95.680000,457.629360,31.864912,-0.219681,-19.289904
1783943769974,95.700000,432.867860,29.436228,-0.212563,-6.480904
1783943769994,95.720000,473.254150,27.058970,-0.219002,10.525250
1783943770014,95.740000,462.285980,25.455454,-0.236605,26.692488
1783943770034,95.760000,494.300500,25.276125,-0.253149,36.501797
1783943770054,95.780000,457.567870,26.918943,-0.259679,38.458360
1783943770074,95.800000,479.023100,30.342880,-0.248211,35.048704
1783943770094,95.820000,442.956000,34.943985,-0.217913,28.840559
1783943770114,95.840000,456.584470,39.621414,-0.173623,20.813712
1783943770134,95.860000,417.196660,43.069515,-0.125789,12.170819
1783943770154,95.880000,424.135860,44.156605,-0.296192,4.813807
1783943770174,95.900000,390.063100,42.206814,-0.289533,-1.349773
1783943770194,95.920000,410.399050,37.122330,-0.264977,-9.285513
1783943770214,95.940000,359.923950,29.372528,-0.238188,-20.607233
1783943770234,95.960000,370.742500,19.851042,-0.219681,-31.697784
1783943770254,95.980000,334.019560,9.617740,-0.212563,-36.420518
1783943770274,96.000000,358.144800,-0.353830,-0.219002,-32.298365
1783943770294,96.020000,345.154300,-9.269572,-0.236605,-22.232021
1783943770314,96.040000,368.390530,-16.439837,-0.253149,-10.282876
1783943770334,96.060000,355.012900,-21.207365,-0.259679,2.008528
1783943770354,96.080000,376.791080,-23.025614,-0.248211,13.944945
1783943770374,96.100000,369.737000,-21.648743,-0.217913,22.656895
1783943770394,96.120000,386.807680,-17.276205,-0.173623,25.182584
1783943770414,96.140000,352.247800,-10.564254,-0.125789,23.199210
1783943770434,96.160000,366.997500,-2.548042,-0.082899,21.957736
1783943770454,96.180000,339.882870,5.489091,-0.054324,23.474699
1783943770474,96.200000,374.356750,12.247115,-0.038385,24.178922
1783943770494,96.220000,326.093320,16.735487,-0.037614,20.801505
1783943770514,96.240000,336.672150,18.507040,-0.043173,14.771456
1783943770534,96.260000,309.494320,17.625093,-0.054977,8.541291
1783943770554,96.280000,324.678400,14.457196,-0.066925,1.570479
1783943770574,96.300000,278.529970,9.513524,-0.078550,-7.144669
1783943770594,96.320000,292.059700,3.379630,-0.091515,-15.735059
1783943770614,96.340000,254.306990,-3.350485,-0.108480,-21.409864
1783943770634,96.360000,277.936830,-10.148778,-0.132063,-23.829732
1783943770654,96.380000,243.932700,-16.552254,-0.168449,-24.442912
1783943770674,96.400000,263.964480,-22.104185,-0.221083,-23.603498
1783943770694,96.420000,238.161250,-26.345251,-0.282444,-20.384875
1783943770714,96.440000,259.945220,-28.885813,-0.345522,-15.178598
1783943770734,96.460000,243.590450,-29.490396,-0.393006,-10.666390
1783943770754,96.480000,257.463700,-28.113968,0.997241,-9.167334
1783943770774,96.500000,228.842960,-24.910156,0.998445,-10.031559
1783943770794,96.520000,244.643460,-20.250770,0.977746,-10.871866
1783943770814,96.540000,221.196290,-14.724051,0.915314,-10.468261
1783943770834,96.560000,241.430450,-9.041749,0.813540,-9.031517
1783943770854,96.580000,207.055270,-3.863894,0.673431,-6.661634
1783943770874,96.600000,235.974700,0.352498,0.508436,-3.640778
1783943770894,96.620000,202.897340,3.404167,0.323338,-1.749304
1783943770914,96.640000,227.919280,5.310166,0.142001,-2.921402
1783943770934,96.660000,189.087000,6.240404,-0.013803,-5.999546
1783943770954,96.680000,202.695740,6.413776,-0.141157,-6.523791
1783943770974,96.700000,187.508790,5.996805,-0.229060,-0.815571
1783943770994,96.720000,209.065730,5.090387,-0.085280,10.467036
1783943771014,96.740000,195.462310,3.831022,-0.075100,22.983329
1783943771034,96.760000,218.170270,2.499412,-0.066063,31.730436
1783943771054,96.780000,187.349760,1.496301,-0.076329,33.497304
1783943771074,96.800000,205.755140,1.162080,-0.105589,28.435229
1783943771094,96.820000,161.527760,1.563207,-0.159560,20.771372
1783943771114,96.840000,170.845800,2.385881,-0.231418,16.702598
1783943771134,96.860000,143.007230,3.008176,-0.308398,19.256241
1783943771154,96.880000,171.562210,2.750960,-0.381759,25.196515
1783943771174,96.900000,131.856320,1.206257,-0.419729,27.944286
1783943771194,96.920000,146.766920,-1.558647,-0.430552,22.966826
1783943771214,96.940000,102.902980,-5.079051,-0.404910,10.326172
1783943771234,96.960000,94.520355,-8.801095,-0.356888,-6.265945
1783943771254,96.980000,51.337370,-12.396832,-0.290576,-21.880637
1783943771274,97.000000,57.966010,-15.878265,-0.225054,-32.388680
1783943771294,97.020000,9.153904,-19.463030,-0.167303,-35.533589
1783943771314,97.040000,40.375378,-23.301125,-0.120581,-31.740944
1783943771334,97.060000,8.744461,-27.224047,-0.089651,-23.849870
1783943771354,97.080000,31.127378,-30.651175,-0.072682,-14.933747
1783943771374,97.100000,7.652326,-32.710033,-0.067154,-6.371717
1783943771394,97.120000,30.485775,-32.522540,-0.072511,2.067151
1783943771414,97.140000,5.922467,-29.521997,-0.085782,11.014607
1783943771434,97.160000,27.117260,-23.648344,-0.109227,19.939348
1783943771454,97.180000,-2.412336,-15.364589,-0.142336,26.032564
1783943771474,97.200000,23.941132,-5.535842,-0.189698,25.913899
1783943771494,97.220000,-25.669922,4.762330,-0.253293,19.983315
1783943771514,97.240000,-16.487537,14.422276,-0.323647,13.601228
1783943771534,97.260000,-52.603300,22.421783,-0.394594,11.686864
1783943771554,97.280000,-25.806604,27.937538,-0.445829,13.249246
1783943771574,97.300000,-64.898140,30.520912,0.994580,13.167651
1783943771594,97.320000,-56.677880,30.251028,0.999995,7.933152
1783943771614,97.340000,-94.142790,27.688622,0.982610,-2.114464
1783943771634,97.360000,-89.541950,23.614084,-0.214847,-14.426136
1783943771654,97.380000,-136.270170,18.733715,-0.219480,-25.891332
1783943771674,97.400000,-119.692640,13.528657,-0.222847,-33.716507
1783943771694,97.420000,-163.774190,8.277223,-0.241070,-36.703884
1783943771714,97.440000,-137.275180,3.179915,-0.270834,-36.287063
1783943771734,97.460000,-167.607200,-1.499675,-0.317028,-35.241984
1783943771754,97.480000,-147.401980,-5.361221,-0.374901,-34.388352
1783943771774,97.500000,-182.460820,-7.922047,-0.430731,-31.591466
1783943771794,97.520000,-150.063780,-8.777457,-0.480386,-25.175944
1783943771814,97.540000,-171.273010,-7.750940,-0.494497,-16.839438
1783943771834,97.560000,-143.973190,-4.923222,-0.483205,-9.531770
1783943771854,97.580000,-172.089520,-0.560960,-0.437399,-3.978609
1783943771874,97.600000,-151.680950,4.936000,-0.372787,0.490960
1783943771894,97.620000,-167.179380,11.030904,-0.293478,3.044324
1783943771914,97.640000,-152.274480,17.075768,-0.217474,2.334136
1783943771934,97.660000,-192.361160,22.404932,-0.150332,-0.215602
1783943771954,97.680000,-166.744640,26.424276,-0.094965,-1.144820
1783943771974,97.700000,-194.698610,28.664064,-0.053007,1.158277
1783943771994,97.720000,-172.832300,28.851097,-0.022897,5.466426
1783943772014,97.740000,-197.084470,27.009573,-0.002107,10.272662
1783943772034,97.760000,-172.606570,23.499222,0.010635,15.631183
1783943772054,97.780000,-202.191310,18.921980,0.018432,21.987455
1783943772074,97.800000,-172.080080,13.947044,0.018861,27.878262
1783943772094,97.820000,-204.021450,9.150146,0.013488,30.287857
1783943772114,97.840000,-181.029680,4.914964,-0.003019,28.344513
1783943772134,97.860000,-229.931210,1.387117,-0.033548,25.349648
1783943772154,97.880000,-206.014280,-1.543700,-0.071353,24.981931
1783943772174,97.900000,-236.845950,-4.203888,-0.112992,26.257387
1783943772194,97.920000,-218.265840,-6.985580,-0.141534,25.013022
1783943772214,97.940000,-261.624480,-10.143388,0.997961,20.245472
1783943772234,97.960000,-252.447240,-13.696973,-0.190366,15.728549
1783943772254,97.980000,-290.207300,-17.508644,-0.223144,14.131383
1783943772274,98.000000,-264.382930,-21.409952,-0.256863,12.539210
1783943772294,98.020000,-311.729800,-25.224783,-0.303691,6.579603
1783943772314,98.040000,-313.723300,-28.730154,-0.357674,-2.833424
1783943772334,98.060000,-346.981320,-31.696121,-0.419280,-9.834197
1783943772354,98.080000,-333.603730,-33.988895,-0.482387,-9.893653
1783943772374,98.100000,-369.955400,-35.584854,-0.531891,-4.550993
1783943772394,98.120000,-350.020140,-36.454716,-0.565710,-1.239422
1783943772414,98.140000,-390.169340,-36.458110,-0.557312,-7.574412
1783943772434,98.160000,-370.854000,-35.372486,-0.517558,-22.266819
1783943772454,98.180000,-469.474270,-33.054928,-0.441950,-33.184824
1783943772474,98.200000,-406.182500,-29.648743,-0.346049,-29.531364
1783943772494,98.220000,-439.684630,-25.617243,-0.239698,-14.266590
1783943772514,98.240000,-408.859040,-21.444136,-0.140850,0.259615
1783943772534,98.260000,-443.434400,-17.224651,-0.056996,6.181746
1783943772554,98.280000,-426.156130,-12.584282,0.008283,5.293450
1783943772574,98.300000,-468.040500,-7.045741,0.053153,3.102545
1783943772594,98.320000,-440.071660,-0.481614,0.079642,2.330851
1783943772614,98.340000,-487.410950,6.731278,0.089818,2.375511
1783943772634,98.360000,-466.317260,13.873322,0.086140,1.917148
1783943772654,98.380000,-499.659800,20.165060,0.072029,0.291768
1783943772674,98.400000,-486.600160,25.006170,0.044851,-2.271127
1783943772694,98.420000,-523.352230,28.096903,0.005470,-4.500770
1783943772714,98.440000,-498.195250,29.444489,-0.049029,-4.686652
1783943772734,98.460000,-536.768700,29.296202,-0.118214,-2.127314
1783943772754,98.480000,-507.164730,28.051933,-0.194700,1.599720
1783943772774,98.500000,-535.909800,26.190847,-0.266880,3.060553
1783943772794,98.520000,-520.327000,24.200277,-0.316038,-0.481868
1783943772814,98.540000,-562.228600,22.474243,0.991845,-8.901684
1783943772834,98.560000,-543.712500,21.189032,0.998368,-19.621400
1783943772854,98.580000,-587.541800,20.227180,0.981538,-29.135018
1783943772874,98.600000,-566.424900,19.231920,0.928282,-34.057921
1783943772894,98.620000,-595.358000,17.794048,0.833425,-32.433912
1783943772914,98.640000,-563.145500,15.679883,0.700630,-25.258883
1783943772934,98.660000,-579.919250,12.994616,0.544385,-16.279245
1783943772954,98.680000,-547.166100,10.210369,0.374329,-9.350142
1783943772974,98.700000,-575.144300,8.022946,-0.261690,-5.738017
1783943772994,98.720000,-540.830930,7.074501,-0.277422,-4.038607
1783943773014,98.740000,-572.050540,7.675065,-0.300211,-2.068293
1783943773034,98.760000,-530.142900,9.674762,-0.326262,1.806592
1783943773054,98.780000,-563.700800,12.546350,-0.358673,8.475630
1783943773074,98.800000,-510.766360,15.607243,-0.396579,17.793329
1783943773094,98.820000,-539.824800,18.257027,-0.431230,27.936099
1783943773114,98.840000,-495.455400,20.131508,-0.456212,35.493324
1783943773134,98.860000,-518.925660,21.124945,-0.459790,37.314837
1783943773154,98.880000,-493.379200,21.293243,-0.440412,33.404475
1783943773174,98.900000,-529.331200,20.692800,-0.395245,27.535445
1783943773194,98.920000,-498.196900,19.242914,-0.328561,23.710495
1783943773214,98.940000,-525.188840,16.709460,-0.249813,22.317175
1783943773234,98.960000,-493.973570,12.844920,-0.169565,20.688908
1783943773254,98.980000,-526.612700,7.593280,-0.096261,16.766142
1783943773274,99.000000,-497.434140,1.194929,-0.034831,11.027848
1783943773294,99.020000,-534.555400,-5.882267,0.007791,5.201156
1783943773314,99.040000,-494.395750,-13.101991,0.035004,0.649909
1783943773334,99.060000,-532.579960,-19.978136,0.047481,-1.457590
1783943773354,99.080000,-494.073360,-26.109825,0.049419,-0.273867
1783943773374,99.100000,-518.420840,-31.172546,0.044495,2.440863
1783943773394,99.120000,-486.290500,-34.908676,0.036737,1.081221
1783943773414,99.140000,-519.274500,-37.142666,0.027817,-9.545297
1783943773434,99.160000,-488.384200,-37.830166,0.019420,-26.695729
1783943773454,99.180000,-562.606500,-37.141520,0.014833,-38.948114
1783943773474,99.200000,-498.046020,-35.530735,0.014942,-37.219493
1783943773494,99.220000,-510.418800,-33.633015,1.000000,-25.017984
1783943773514,99.240000,-470.234620,-31.915320,0.985362,-13.660272
1783943773534,99.260000,-490.986900,-30.320417,0.927361,-9.696103
1783943773554,99.280000,-459.611150,-28.274010,0.826609,-11.243762
1783943773574,99.300000,-485.504940,-25.110573,0.684094,-14.255085
1783943773594,99.320000,-442.216550,-20.546995,0.520327,-17.157194
1783943773614,99.340000,-479.598270,-14.841325,0.353172,-18.971403
1783943773634,99.360000,-441.136870,-8.640983,0.189640,-17.421574
1783943773654,99.380000,-457.675780,-2.715416,0.050344,-11.766903
1783943773674,99.400000,-408.036220,2.302249,-0.063664,-5.069047
1783943773694,99.420000,-435.173250,6.110442,-0.261690,-0.964435
1783943773714,99.440000,-392.654480,8.793957,-0.277422,0.427168
1783943773734,99.460000,-424.979640,10.679065,-0.300211,1.590571
1783943773754,99.480000,-366.200800,12.085780,-0.326262,4.239217
1783943773774,99.500000,-400.335940,13.178561,-0.358673,8.792183
1783943773794,99.520000,-353.668270,13.984715,-0.396579,15.446585
1783943773814,99.540000,-365.905800,14.482528,-0.431230,23.287302
1783943773834,99.560000,-322.194820,14.671205,-0.456212,29.521885
1783943773854,99.580000,-345.118960,14.603322,-0.459790,31.730380
1783943773874,99.600000,-304.155850,14.367938,-0.440412,30.375041
1783943773894,99.620000,-339.488860,14.010338,-0.395245,27.661938
1783943773914,99.640000,-298.662720,13.434783,-0.328561,24.073495
1783943773934,99.660000,-321.525630,12.394420,-0.249813,17.974340
1783943773954,99.680000,-297.010900,10.602116,-0.169565,9.524781
1783943773974,99.700000,-337.092600,7.864063,-0.096261,2.210845
1783943773994,99.720000,-287.958250,4.133291,-0.034831,-1.487705
1783943774014,99.740000,-311.017850,-0.483631,0.007791,-2.981352
1783943774034,99.760000,-282.246830,-5.686100,0.035004,-4.207843
1783943774054,99.780000,-301.420600,-10.955937,0.047481,-4.638168
1783943774074,99.800000,-258.120360,-15.654538,0.049419,-3.554829
1783943774094,99.820000,-282.227360,-19.201054,0.044495,-2.635750
1783943774114,99.840000,-235.814300,-21.198418,0.036737,-4.094369
1783943774134,99.860000,-267.095370,-21.472868,0.027817,-7.161085
1783943774154,99.880000,-225.888090,-20.089472,0.019420,-8.319447
1783943774174,99.900000,-244.680330,-17.351080,0.014833,-5.585126
1783943774194,99.920000,-189.047210,-13.719574,0.014942,-1.060360
1783943774214,99.940000,-215.401570,-9.652692,1.000000,1.795647
1783943774234,99.960000,-166.460040,-5.459457,0.985362,1.914013
1783943774254,99.980000,-194.126340,-1.290401,0.927361,0.235549
1783943774274,100.000000,-145.167200,2.749777,0.826609,-2.796349
1783943774294,100.020000,-164.801680,6.501646,0.684094,-6.828859
1783943774314,100.040000,-129.439700,9.752343,0.520327,-9.375026
1783943774334,100.060000,-147.822420,12.294293,0.353172,-7.455085
1783943774354,100.080000,-84.494560,13.983272,0.189640,-2.139776
1783943774374,100.100000,-99.936100,14.810936,0.050344,1.834800
1783943774394,100.120000,-52.795002,14.976723,-0.267563,1.922345
1783943774414,100.140000,-78.695630,14.852195,-0.292159,0.034166
1783943774434,100.160000,-18.529652,14.792489,-0.318808,-1.981018
1783943774454,100.180000,-45.578430,14.940938,-0.344758,-5.741423
1783943774474,100.200000,6.428862,15.194476,-0.373211,-13.063175
1783943774494,100.220000,-23.733923,15.307355,-0.404931,-21.200976
1783943774514,100.240000,23.240433,14.998757,-0.432468,-24.246446
1783943774534,100.260000,18.767769,14.023297,-0.449888,-19.776001
1783943774554,100.280000,79.173520,12.271800,-0.446601,-12.246597
1783943774574,100.300000,68.540680,9.901917,-0.421413,-8.540227
1783943774594,100.320000,116.983215,7.367403,-0.372502,-10.891121
1783943774614,100.340000,106.170730,5.245266,-0.304611,-14.824813
1783943774634,100.360000,149.287810,3.947466,-0.227424,-13.878552
1783943774654,100.380000,151.406770,3.530779,-0.152431,-6.554736
1783943774674,100.400000,214.614850,3.744172,-0.086912,1.749798
1783943774694,100.420000,205.393860,4.256526,-0.035451,4.652150
1783943774714,100.440000,248.458330,4.856533,-0.002388,1.669567
1783943774734,100.460000,233.608440,5.451310,0.015723,-2.439576
1783943774754,100.480000,287.637100,5.907907,0.020795,-3.997181
1783943774774,100.500000,275.255340,5.956499,0.019098,-3.631449
1783943774794,100.520000,321.753700,5.278366,0.011900,-3.640061
1783943774814,100.540000,313.960330,3.674041,0.003925,-4.377824
1783943774834,100.560000,356.853550,1.152883,-0.003732,-3.796140
1783943774854,100.580000,352.553440,-2.090848,-0.011758,0.438379
1783943774874,100.600000,410.905270,-5.741959,-0.016419,8.917101
1783943774894,100.620000,399.935850,-9.408076,-0.018466,19.808283
1783943774914,100.640000,459.965200,-12.657773,1.000000,28.997396
1783943774934,100.660000,447.409300,-15.091454,0.982967,31.783978
1783943774954,100.680000,493.380600,-16.450289,0.924557,27.021225
1783943774974,100.700000,456.060360,-16.734093,0.826171,19.558583
1783943774994,100.720000,499.282700,-16.283813,0.691138,15.929054
1783943775014,100.740000,490.432370,-15.746776,0.538491,17.452195
1783943775034,100.760000,528.685200,-15.846944,0.382412,19.815406
1783943775054,100.780000,505.921330,-17.051554,0.228893,18.956746
1783943775074,100.800000,545.312740,-19.377127,0.093869,15.078054
1783943775094,100.820000,517.206300,-22.467102,-0.022420,11.266860
1783943775114,100.840000,553.335200,-25.826979,-0.114875,9.912081
1783943775134,100.860000,534.039730,-29.015450,-0.183757,10.714223
1783943775154,100.880000,570.743040,-31.704344,-0.233127,11.656372
1783943775174,100.900000,542.129200,-33.652145,-0.267563,11.139321
1783943775194,100.920000,575.405400,-34.679565,-0.292159,8.433186
1783943775214,100.940000,544.892800,-34.695423,-0.318808,2.840804
1783943775234,100.960000,571.186200,-33.742890,-0.344758,-5.894097
1783943775254,100.980000,526.243840,-32.014977,-0.373211,-16.354235
1783943775274,101.000000,554.960900,-29.830399,-0.404931,-25.875452
1783943775294,101.020000,516.649000,-27.569650,-0.432468,-32.289538
1783943775314,101.040000,549.084300,-25.557932,-0.449888,-34.931473
1783943775334,101.060000,505.879520,-23.928320,-0.446601,-35.026059
1783943775354,101.080000,547.281860,-22.552938,-0.421413,-35.141890
1783943775374,101.100000,528.052000,-21.074568,-0.372502,-35.554959
1783943775394,101.120000,528.408700,-19.005661,-0.304611,-31.380551
1783943775414,101.140000,525.815200,-15.885156,-0.227424,-18.151370
1783943775434,101.160000,580.548030,-11.428043,-0.267563,-0.052180
1783943775454,101.180000,557.775940,-5.535191,-0.292159,13.262492
1783943775474,101.200000,578.003700,1.806259,-0.318808,17.716568
1783943775494,101.220000,550.280400,10.507092,-0.344758,17.539552
1783943775514,101.240000,585.082900,20.178324,-0.373211,18.198766
1783943775534,101.260000,543.135000,30.012213,-0.404931,21.254764
1783943775554,101.280000,585.384340,38.953550,-0.432468,25.552455
1783943775574,101.300000,546.132400,46.040770,-0.449888,29.835845
1783943775594,101.320000,579.295700,50.674970,-0.446601,32.930743
1783943775614,101.340000,545.578860,52.708770,-0.421413,32.362316
1783943775634,101.360000,560.035800,52.372830,-0.372502,24.495327
1783943775654,101.380000,512.131650,50.089740,-0.304611,7.967404
1783943775674,101.400000,534.843200,46.265400,-0.227424,-11.900362
1783943775694,101.420000,448.659120,41.152374,-0.152431,-24.441530
1783943775714,101.440000,506.868260,34.832996,-0.086912,-23.349786
1783943775734,101.460000,483.311830,27.379990,-0.035451,-13.573542
1783943775754,101.480000,510.632630,19.169624,-0.002388,-4.694025
1783943775774,101.500000,477.745540,11.095509,0.015723,-0.260126
1783943775794,101.520000,514.275900,4.403900,0.020795,2.455745
1783943775814,101.540000,482.818900,0.205540,0.019098,5.381763
1783943775834,101.560000,509.163820,-0.958537,0.011900,6.519227
1783943775854,101.580000,481.582150,0.765128,0.003925,3.202087
1783943775874,101.600000,492.390200,4.674379,-0.003732,-3.850596
1783943775894,101.620000,454.264470,9.725330,-0.011758,-10.949795
1783943775914,101.640000,485.907350,14.758068,-0.016419,-15.353361
1783943775934,101.660000,445.954600,18.738867,-0.018466,-17.178725
1783943775954,101.680000,477.615900,20.993654,1.000000,-17.717980
1783943775974,101.700000,442.116600,21.344454,0.982967,-17.829499
1783943775994,101.720000,477.926500,20.076189,0.924557,-18.282731
1783943776014,101.740000,432.001280,17.761663,0.826171,-20.213787
1783943776034,101.760000,479.791560,15.043983,0.691138,-23.880637
1783943776054,101.780000,426.267820,12.460068,0.538491,-26.947200
1783943776074,101.800000,459.414920,10.333331,0.382412,-26.048351
1783943776094,101.820000,442.773320,8.747875,0.228893,-21.146450
1783943776114,101.840000,474.739380,7.629941,0.093869,-16.007631
1783943776134,101.860000,442.507230,6.897420,-0.022420,-13.231384
1783943776154,101.880000,478.870540,6.551166,-0.114875,-11.093235
1783943776174,101.900000,447.577500,6.625643,-0.183757,-6.178836
1783943776194,101.920000,493.037170,7.081060,-0.233127,2.587004
1783943776214,101.940000,468.088320,7.785747,-0.267563,13.349038
1783943776234,101.960000,511.949770,8.598765,-0.181985,23.531525
1783943776254,101.980000,476.886170,9.437963,-0.245396,31.158810
1783943776274,102.000000,523.304930,10.257218,-0.307300,34.578772
1783943776294,102.020000,482.818480,10.964973,-0.367147,33.413334
1783943776314,102.040000,509.658720,11.359324,-0.423079,30.509011
1783943776334,102.060000,473.465100,11.117124,-0.474855,30.541088
1783943776354,102.080000,508.824800,9.849900,-0.514695,34.851298
1783943776374,102.100000,474.467400,7.236497,-0.543563,38.593015
1783943776394,102.120000,509.858150,3.191399,-0.549539,34.911261
1783943776414,102.140000,449.768550,-2.055624,-0.535315,22.585965
1783943776434,102.160000,467.833470,-8.076259,-0.498465,8.193903
1783943776454,102.180000,417.426880,-14.489650,-0.440829,-0.623877
1783943776474,102.200000,447.365170,-21.119858,-0.371377,-3.213270
1783943776494,102.220000,407.039300,-27.912989,-0.297177,-5.637319
1783943776514,102.240000,431.279600,-34.699020,-0.225309,-12.545827
1783943776534,102.260000,368.276430,-41.054306,-0.161547,-21.517970
1783943776554,102.280000,398.357030,-46.417038,-0.107463,-26.720016
1783943776574,102.300000,367.181700,-50.321430,-0.064517,-25.741041
1783943776594,102.320000,385.573670,-52.504223,-0.031232,-20.511044
1783943776614,102.340000,357.149900,-52.833282,-0.006536,-13.675445
1783943776634,102.360000,394.178650,-51.209790,0.014328,-6.549187
1783943776654,102.380000,349.226070,-47.566050,0.030703,0.414141
1783943776674,102.400000,390.360800,-41.941177,0.045040,6.566512
1783943776694,102.420000,350.058470,-34.556152,0.058070,10.850159
1783943776714,102.440000,375.923950,-25.845802,0.070530,12.784881
1783943776734,102.460000,333.947940,-16.436890,0.080278,12.850847
1783943776754,102.480000,356.798280,-7.078689,0.089245,11.214785
1783943776774,102.500000,313.223450,1.455618,1.000000,7.044326
1783943776794,102.520000,329.976530,8.487605,0.985382,0.042544
1783943776814,102.540000,276.202400,13.538719,0.934904,-7.913481
1783943776834,102.560000,303.305270,16.378384,0.847875,-13.731128
1783943776854,102.580000,244.661590,17.025978,0.733127,-16.138667
1783943776874,102.600000,280.871800,15.741769,-0.181985,-17.275884
1783943776894,102.620000,239.479640,13.020495,-0.245396,-19.776306
1783943776914,102.640000,247.447360,9.553870,-0.307300,-22.166089
1783943776934,102.660000,215.495250,6.105654,-0.367147,-19.675785
1783943776954,102.680000,254.027220,3.337635,-0.423079,-10.397586
1783943776974,102.700000,214.901890,1.712303,-0.474855,1.522289
1783943776994,102.720000,259.627080,1.522710,-0.514695,9.598201
1783943777014,102.740000,213.921720,2.947811,-0.543563,11.146099
1783943777034,102.760000,235.554470,6.002268,-0.549539,9.374745
1783943777054,102.780000,194.190460,10.403871,-0.535315,9.175427
1783943777074,102.800000,229.447810,15.518619,-0.498465,11.670838
1783943777094,102.820000,186.153380,20.497839,-0.440829,14.166339
1783943777114,102.840000,214.485030,24.552658,-0.371377,14.408609
1783943777134,102.860000,169.404280,27.178614,-0.297177,12.753008
1783943777154,102.880000,195.311950,28.199278,-0.225309,10.233893
1783943777174,102.900000,151.985410,27.675817,-0.161547,6.460765
1783943777194,102.920000,174.872530,25.802643,-0.107463,0.640108
1783943777214,102.940000,123.676300,22.837778,-0.064517,-5.978202
1783943777234,102.960000,152.052400,19.053837,-0.031232,-10.197914
1783943777254,102.980000,102.989380,14.708499,-0.006536,-10.211933
1783943777274,103.000000,142.940890,10.055646,0.014328,-8.282670
1783943777294,103.020000,97.501434,5.396271,0.030703,-8.707500
1783943777314,103.040000,126.245850,1.109868,0.045040,-12.591424
1783943777334,103.060000,71.202620,-2.409136,0.058070,-15.955013
1783943777354,103.080000,115.466540,-4.894164,0.070530,-14.196614
1783943777374,103.100000,66.741714,-6.302553,0.080278,-7.819605
1783943777394,103.120000,113.322840,-6.766161,0.089245,-2.591415
1783943777414,103.140000,71.100555,-6.445957,1.000000,-3.434128
1783943777434,103.160000,84.857050,-5.445375,0.985382,-8.823766
1783943777454,103.180000,39.712090,-3.880938,0.934904,-12.869389
1783943777474,103.200000,82.111916,-2.016070,0.847875,-12.236474
1783943777494,103.220000,31.040068,-0.264901,0.733127,-8.482864
1783943777514,103.240000,71.975560,0.982728,0.601699,-4.368289
1783943777534,103.260000,26.714746,1.556162,0.469754,-0.960425
1783943777554,103.280000,59.111443,1.543902,0.340693,1.379551
1783943777574,103.300000,18.371685,1.181617,0.225245,1.564678
1783943777594,103.320000,46.181786,0.709869,0.121011,-0.852030
1783943777614,103.340000,-6.181293,0.272435,0.029466,-3.440429
1783943777634,103.360000,25.734154,-0.133835,-0.045670,-2.142778
1783943777654,103.380000,-14.340673,-0.641061,-0.117661,4.507023
1783943777674,103.400000,29.610903,-1.404336,-0.181985,13.812967
1783943777694,103.420000,-12.405475,-2.443414,-0.245396,22.197711
1783943777714,103.440000,20.159096,-3.555255,-0.307300,28.375640
1783943777734,103.460000,-24.666998,-4.399874,-0.367147,31.972500
1783943777754,103.480000,7.585212,-4.705944,-0.423079,31.045639
1783943777774,103.500000,-42.296154,-4.435337,-0.474855,24.231427
1783943777794,103.520000,-36.872660,-3.818397,-0.514695,14.859783
1783943777814,103.540000,-86.147750,-3.303158,-0.543563,9.374643
1783943777834,103.560000,-50.723312,-3.447602,-0.549539,10.923245
1783943777854,103.580000,-101.596690,-4.714816,-0.535315,16.890032
1783943777874,103.600000,-57.237420,-7.212488,-0.498465,23.054560
1783943777894,103.620000,-113.620850,-10.553193,-0.440829,27.839093
1783943777914,103.640000,-80.597430,-13.979434,-0.371377,31.347020
1783943777934,103.660000,-118.968950,-16.679811,-0.297177,32.156345
1783943777954,103.680000,-104.495460,-18.081480,-0.225309,27.668710
1783943777974,103.700000,-164.500960,-18.003440,-0.161547,17.203648
1783943777994,103.720000,-146.277070,-16.688993,-0.107463,2.914178
1783943778014,103.740000,-210.936300,-14.742398,-0.064517,-11.908480
1783943778034,103.760000,-201.009000,-12.960055,-0.031232,-24.824940
1783943778054,103.780000,-255.772220,-12.080834,-0.006536,-35.622897
1783943778074,103.800000,-234.442840,-12.545611,0.014328,-45.647151
1783943778094,103.820000,-295.534820,-14.352412,0.030703,-54.911803
1783943778114,103.840000,-276.873660,-17.058460,0.045040,-61.064612
1783943778134,103.860000,-319.203700,-19.931934,0.058070,-62.343007
1783943778154,103.880000,-289.829220,-22.162592,0.070530,-59.973445
1783943778174,103.900000,-330.706760,-23.013474,0.080278,-56.140366
1783943778194,103.920000,-298.849900,-21.899973,0.089245,-50.753807
1783943778214,103.940000,-338.143400,-18.463900,1.000000,-41.876776
1783943778234,103.960000,-289.972380,-12.649280,0.000000,-28.853169
1783943778254,103.980000,-320.273320,-4.704897,0.000000,-13.416997
1783943778274,104.000000,-278.373780,4.908550,0.000000,2.045467
1783943778294,104.020000,-311.647830,15.622798,0.000000,15.547390
1783943778314,104.040000,-262.719670,26.802643,0.000000,25.099340
1783943778334,104.060000,-311.123170,37.742485,0.000000,29.444254
1783943778354,104.080000,-277.722870,47.670105,0.000000,29.461303
1783943778374,104.100000,-326.007020,55.772430,0.000000,27.553899
1783943778394,104.120000,-293.096800,61.256460,0.000000,25.893450
1783943778414,104.140000,-337.066800,63.478138,0.000000,25.950911
1783943778434,104.160000,-312.567300,62.116200,0.000000,28.403233
1783943778454,104.180000,-341.884520,57.292736,0.000000,31.964705
1783943778474,104.200000,-317.695650,49.575455,0.000000,33.303163
1783943778494,104.220000,-358.391940,39.866703,0.000000,29.864685
1783943778514,104.240000,-341.359300,29.202460,0.000000,22.643346
1783943778534,104.260000,-393.286250,18.501902,0.000000,15.258684
1783943778554,104.280000,-360.013670,8.367595,0.000000,10.675057
1783943778574,104.300000,-412.216430,-0.942628,0.000000,9.523376
1783943778594,104.320000,-378.923700,-9.369735,0.000000,10.604099
1783943778614,104.340000,-422.838750,-16.864082,0.000000,11.560922
1783943778634,104.360000,-391.498230,-23.280676,0.000000,9.760486
1783943778654,104.380000,-444.828920,-28.398355,-0.181985,4.111660
1783943778674,104.400000,-421.781800,-32.029156,-0.245396,-3.763468
1783943778694,104.420000,-471.019900,-34.149868,-0.307300,-10.530521
1783943778714,104.440000,-447.579560,-34.964653,-0.367147,-13.332631
1783943778734,104.460000,-483.957100,-34.834550,-0.423079,-11.333615
1783943778754,104.480000,-452.637050,-34.102695,-0.474855,-5.973516
1783943778774,104.500000,-492.405270,-32.927776,-0.514695,-0.482986
1783943778794,104.520000,-454.727260,-31.234024,-0.543563,1.253250
1783943778814,104.540000,-505.988860,-28.804743,-0.549539,-2.836959
1783943778834,104.560000,-481.176500,-25.468430,-0.535315,-10.482296
1783943778854,104.580000,-530.026250,-21.279842,-0.498465,-15.787656
1783943778874,104.600000,-501.677000,-16.590063,-0.440829,-13.913181
1783943778894,104.620000,-527.772700,-11.938733,-0.371377,-5.492539
1783943778914,104.640000,-488.055940,-7.794615,-0.297177,4.029623
1783943778934,104.660000,-530.834960,-4.306425,-0.225309,9.313123
1783943778954,104.680000,-490.237550,-1.259310,-0.161547,8.924976
1783943778974,104.700000,-540.844100,1.724467,-0.107463,5.239397
1783943778994,104.720000,-509.296330,4.892766,-0.064517,1.702701
1783943779014,104.740000,-553.644650,8.181767,-0.031232,-0.310126
1783943779034,104.760000,-515.354300,11.242597,-0.006536,-2.509682
1783943779054,104.780000,-567.892940,13.624692,0.014328,-7.471832
1783943779074,104.800000,-534.362600,14.977871,0.030703,-15.668422
1783943779094,104.820000,-588.505200,15.149086,0.045040,-24.755344
1783943779114,104.840000,-552.286600,14.159450,0.058070,-31.087607
1783943779134,104.860000,-595.297850,12.152137,0.070530,-31.876766
1783943779154,104.880000,-556.259160,9.385340,0.080278,-27.068207
1783943779174,104.900000,-579.391700,6.258874,0.089245,-19.671901
1783943779194,104.920000,-535.135500,3.324661,1.000000,-13.217637
1783943779214,104.940000,-575.343750,1.224724,0.985382,-8.737811
1783943779234,104.960000,-529.766500,0.523266,0.934904,-5.519725
1783943779254,104.980000,-560.114260,1.495179,0.847875,-3.960746
1783943779274,105.000000,-524.871460,4.008374,0.733127,-5.116814
1783943779294,105.020000,-562.132800,7.570976,0.601699,-7.684380
1783943779314,105.040000,-526.870800,11.479122,0.469754,-8.017958
1783943779334,105.060000,-553.441160,14.979594,0.340693,-3.789669
1783943779354,105.080000,-501.178960,17.445936,0.225245,3.937263
1783943779374,105.100000,-534.935850,18.561480,0.121011,12.612029
1783943779394,105.120000,-483.511230,18.408543,0.029466,20.622198
1783943779414,105.140000,-502.618130,17.387043,-0.045670,27.650887
1783943779434,105.160000,-466.806270,16.016167,-0.117661,33.916978
1783943779454,105.180000,-490.419680,14.728097,-0.181985,38.960834
1783943779474,105.200000,-439.369100,13.732997,-0.245396,41.053193
1783943779494,105.220000,-484.000400,12.986445,-0.307300,38.989495
1783943779514,105.240000,-440.604680,12.238980,-0.367147,34.131757
1783943779534,105.260000,-481.723970,11.118042,-0.423079,29.153130
1783943779554,105.280000,-440.836700,9.214818,-0.474855,24.979092
1783943779574,105.300000,-475.330570,6.196066,-0.514695,20.040915
1783943779594,105.320000,-444.010440,1.931654,-0.543563,12.599510
1783943779614,105.340000,-478.183780,-3.443261,-0.549539,3.266425
1783943779634,105.360000,-447.984900,-9.575944,-0.535315,-5.168202
1783943779654,105.380000,-485.050170,-16.009855,-0.253213,-10.693590
1783943779674,105.400000,-436.395840,-22.283567,-0.306845,-14.544278
1783943779694,105.420000,-476.264560,-27.961578,-0.357376,-19.655819
1783943779714,105.440000,-436.214260,-32.629060,-0.404464,-26.525082
1783943779734,105.460000,-468.529850,-35.921654,-0.445769,-31.697284
1783943779754,105.480000,-426.420100,-37.599990,-0.479504,-30.937916
1783943779774,105.500000,-440.475220,-37.594955,-0.500652,-23.601195
1783943779794,105.520000,-383.767640,-35.951317,-0.512273,-13.338641
1783943779814,105.540000,-400.965330,-32.710580,-0.508652,-4.387196
1783943779834,105.560000,-346.274440,-27.857315,-0.493472,2.047767
1783943779854,105.580000,-370.717650,-21.401552,-0.462735,7.191762
1783943779874,105.600000,-306.916600,-13.537495,-0.417081,11.638688
1783943779894,105.620000,-333.958600,-4.733721,-0.360110,14.409000
1783943779914,105.640000,-280.748000,4.317565,-0.296710,14.545015
1783943779934,105.660000,-308.654000,12.831833,-0.233633,11.895343
1783943779954,105.680000,-257.800050,20.057882,-0.175148,6.347777
1783943779974,105.700000,-287.333000,25.374445,-0.124844,-2.142315
1783943779994,105.720000,-247.247360,28.366043,-0.083848,-12.581130
1783943780014,105.740000,-280.120450,28.859009,-0.050020,-23.158017
1783943780034,105.760000,-223.086430,26.913635,-0.020767,-32.170188
1783943780054,105.780000,-258.761000,22.816656,0.012013,-37.622111
1783943780074,105.800000,-198.483120,17.087755,0.049840,-36.989070
1783943780094,105.820000,-208.029460,10.463943,0.095528,-29.195912
1783943780114,105.840000,-137.352370,3.844794,0.145711,-16.415523
1783943780134,105.860000,-144.146730,-1.791399,0.194818,-2.963920
1783943780154,105.880000,-71.622180,-5.514218,0.235239,7.368479
1783943780174,105.900000,-86.324425,-6.634779,0.262259,12.882800
1783943780194,105.920000,-29.585985,-4.926278,1.000000,13.536412
1783943780214,105.940000,-41.485424,-0.763034,0.992943,9.926180
1783943780234,105.960000,4.057346,4.913679,0.943476,3.715182
1783943780254,105.980000,-10.228223,10.810346,0.849527,-1.545791
1783943780274,106.000000,34.879630,15.599118,0.722124,-2.414678
1783943780294,106.020000,32.167970,18.230207,0.574800,0.739696
1783943780314,106.040000,100.031740,18.173390,0.428545,4.140153
1783943780334,106.060000,74.392050,15.542376,0.286609,5.609055
1783943780354,106.080000,129.287780,11.011929,0.158516,6.283963
1783943780374,106.100000,123.873780,5.516023,0.044949,6.533520
1783943780394,106.120000,183.272050,-0.092242,-0.052550,4.494711
1783943780414,106.140000,145.877270,-5.224254,-0.128568,0.233498
1783943780434,106.160000,208.615810,-9.590663,-0.196554,-2.813588
1783943780454,106.180000,189.846800,-13.185536,-0.253213,-2.124807
1783943780474,106.200000,254.032260,-16.203539,-0.306845,1.110430
1783943780494,106.220000,224.828080,-18.859892,-0.357376,3.908820
1783943780514,106.240000,290.660900,-21.231520,-0.404464,4.073187
1783943780534,106.260000,264.332150,-23.246454,-0.445769,1.531489
1783943780554,106.280000,314.635250,-24.786230,-0.274197,-0.988087
1783943780574,106.300000,289.433650,-25.793951,-0.357924,0.304425
1783943780594,106.320000,350.029600,-26.324188,-0.436905,6.136992
1783943780614,106.340000,336.492740,-26.502302,-0.504445,12.921790
1783943780634,106.360000,390.344730,-26.405730,-0.559427,17.094550
1783943780654,106.380000,359.671360,-25.976824,-0.596574,19.195290
1783943780674,106.400000,412.817800,-25.081762,-0.612742,21.584618
1783943780694,106.420000,392.417720,-23.665420,-0.608645,23.675515
1783943780714,106.440000,439.662350,-21.835321,-0.580250,22.579582
1783943780734,106.460000,398.122200,-19.815710,-0.533385,17.910388
1783943780754,106.480000,440.810900,-17.876673,-0.465727,12.722999
1783943780774,106.500000,410.167630,-16.312529,-0.382226,9.317908
1783943780794,106.520000,446.683900,-15.407847,-0.287535,6.519401
1783943780814,106.540000,416.905850,-15.337901,-0.193439,1.966541
1783943780834,106.560000,445.532400,-16.072784,-0.106538,-4.235204
1783943780854,106.580000,409.764830,-17.384588,-0.036905,-9.406682
1783943780874,106.600000,445.682800,-18.948065,0.011518,-11.750769
1783943780894,106.620000,414.438840,-20.435705,0.036453,-12.531294
1783943780914,106.640000,455.104600,-21.540873,0.040646,-13.802813
1783943780934,106.660000,406.061430,-21.962534,0.032525,-15.239315
1783943780954,106.680000,452.886600,-21.435043,0.023165,-14.991375
1783943780974,106.700000,420.526580,-19.801203,0.020257,-12.702021
1783943780994,106.720000,453.216580,-17.042795,0.032253,-9.830598
1783943781014,106.740000,422.011000,-13.245084,0.062246,-7.786501
1783943781034,106.760000,458.876160,-8.556788,0.101902,-6.982788
1783943781054,106.780000,417.848100,-3.188163,0.142776,-7.118722
1783943781074,106.800000,453.692200,2.578381,0.175209,-7.916269
1783943781094,106.820000,411.699340,8.399467,1.000000,-9.749713
1783943781114,106.840000,444.722080,13.904663,0.992197,-13.016841
1783943781134,106.860000,402.391720,18.749159,0.944218,-16.306281
1783943781154,106.880000,435.978850,22.674784,0.856468,-16.043349
1783943781174,106.900000,393.908420,25.554886,0.739572,-9.838152
1783943781194,106.920000,448.358600,27.421364,-0.451890,-0.360284
1783943781214,106.940000,415.023300,28.494438,-0.510472,6.621298
1783943781234,106.960000,446.767200,29.185760,-0.550249,9.013944
1783943781254,106.980000,399.566470,29.985971,-0.567893,10.430144
1783943781274,107.000000,448.983520,31.234930,-0.566100,14.354673
1783943781294,107.020000,411.309940,32.950115,-0.545858,19.570983
1783943781314,107.040000,445.272000,34.873264,-0.508353,22.996194
1783943781334,107.060000,407.044900,36.658890,-0.458783,24.036778
1783943781354,107.080000,432.673160,38.003910,-0.398934,23.976050
1783943781374,107.100000,407.827700,38.661526,-0.331238,23.140629
1783943781394,107.120000,424.488680,38.440277,-0.257888,21.086182
1783943781414,107.140000,388.286130,37.235340,-0.185484,18.404014
1783943781434,107.160000,414.766700,35.042194,-0.118715,16.038018
1783943781454,107.180000,380.300000,31.938711,-0.062703,13.195051
1783943781474,107.200000,396.788760,28.071213,-0.021238,7.335561
1783943781494,107.220000,356.305300,23.644808,0.003502,-3.578767
1783943781514,107.240000,373.905120,18.881262,0.017263,-18.467417
1783943781534,107.260000,313.254270,13.946208,0.024478,-32.390648
1783943781554,107.280000,350.813320,8.904083,0.035437,-39.445380
1783943781574,107.300000,305.072240,3.765640,0.059621,-37.470021
1783943781594,107.320000,352.478640,-1.367309,0.099115,-30.086507
1783943781614,107.340000,318.454960,-6.145866,0.149611,-23.771559
1783943781634,107.360000,363.116300,-9.942068,0.199994,-21.954878
1783943781654,107.380000,310.454350,-12.022484,0.238635,-21.996186
1783943781674,107.400000,355.947080,-11.862905,1.000000,-19.442818
1783943781694,107.420000,321.208100,-9.412434,0.991422,-14.773739
1783943781714,107.440000,366.220580,-5.123111,0.931897,-13.018974
1783943781734,107.460000,319.315670,0.257297,0.828997,-16.251637
1783943781754,107.480000,344.239560,5.927743,0.695708,-19.789740
1783943781774,107.500000,319.072000,11.144547,0.545952,-17.721926
1783943781794,107.520000,356.266420,15.266093,0.394376,-9.823835
1783943781814,107.540000,336.723270,17.870535,0.243098,-0.636808
1783943781834,107.560000,372.077030,18.909988,0.097293,6.940962
1783943781854,107.580000,341.095370,18.726713,-0.041595,14.283552
1783943781874,107.600000,385.459780,17.862926,-0.167540,22.888318
1783943781894,107.620000,358.913060,16.805658,-0.280076,30.362721
1783943781914,107.640000,399.121640,15.840600,-0.374312,33.045667
1783943781934,107.660000,350.895540,15.035217,-0.451890,31.388500
1783943781954,107.680000,384.556580,14.251468,-0.510472,29.644968
1783943781974,107.700000,350.371700,13.153256,-0.550249,30.228334
1783943781994,107.720000,387.867300,11.294365,-0.567893,31.294559
1783943782014,107.740000,345.006900,8.317101,-0.566100,30.421222
1783943782034,107.760000,369.349900,4.127119,-0.545858,27.668553
1783943782054,107.780000,335.024400,-1.098046,-0.508353,23.726692
1783943782074,107.800000,360.011780,-7.029121,-0.458783,17.588271
1783943782094,107.820000,305.891600,-13.302793,-0.362765,7.803632
1783943782114,107.840000,328.914520,-19.596502,-0.438140,-5.151505
1783943782134,107.860000,275.535430,-25.685755,-0.501083,-18.386908
1783943782154,107.880000,294.625120,-31.467280,-0.550046,-27.720830
1783943782174,107.900000,256.987120,-36.902330,-0.584966,-29.814892
1783943782194,107.920000,283.780200,-41.890423,-0.602061,-24.781979
1783943782214,107.940000,258.417660,-46.148834,-0.600381,-16.860815
1783943782234,107.960000,299.064670,-49.167430,-0.577742,-10.757375
1783943782254,107.980000,253.515000,-50.286420,-0.536306,-6.615292
1783943782274,108.000000,284.368960,-48.917088,-0.477745,-0.817607
1783943782294,108.020000,262.984740,-44.816387,-0.405340,7.476342
1783943782314,108.040000,295.628050,-38.226223,-0.321298,13.853720
1783943782334,108.060000,254.733340,-29.781076,-0.232403,14.116833
1783943782354,108.080000,269.689580,-20.312988,-0.147067,9.121356
1783943782374,108.100000,231.339950,-10.738576,-0.070118,2.659593
1783943782394,108.120000,256.154630,-2.010310,-0.006747,-2.864493
1783943782414,108.140000,195.097750,4.999755,0.041302,-7.458290
1783943782434,108.160000,237.025180,9.679813,0.073779,-12.095496
1783943782454,108.180000,182.289060,11.815990,0.087261,-16.784062
1783943782474,108.200000,203.989350,11.620499,0.087296,-19.923924
1783943782494,108.220000,158.455860,9.641423,0.078249,-20.857640
1783943782514,108.240000,203.100710,6.602688,0.065899,-22.015546
1783943782534,108.260000,138.265100,3.256920,0.058870,-25.713808
1783943782554,108.280000,171.651260,0.279602,0.059988,-29.892664
1783943782574,108.300000,123.023550,-1.835484,0.067544,-29.733115
1783943782594,108.320000,165.516600,-2.859148,0.078026,-22.687284
1783943782614,108.340000,130.898400,-2.785954,0.085618,-10.206083
1783943782634,108.360000,177.161440,-1.666660,0.999369,4.503206
1783943782654,108.380000,141.952010,0.531475,0.995058,18.587529
1783943782674,108.400000,186.675300,3.911621,0.951296,29.772710
1783943782694,108.420000,153.986390,8.513588,0.868122,36.805346
1783943782714,108.440000,179.459170,14.168752,0.755158,40.621548
1783943782734,108.460000,137.958830,20.417006,0.623385,43.209408
1783943782754,108.480000,174.151150,26.519323,0.486564,44.268684
1783943782774,108.500000,124.013270,31.589090,0.346646,40.774602
1783943782794,108.520000,145.237950,34.806183,0.207890,30.796617
1783943782814,108.540000,80.445190,35.592598,0.072049,16.170730
1783943782834,108.560000,98.520250,33.653530,-0.058469,0.644096
1783943782854,108.580000,43.553967,28.937637,-0.172542,-12.948509
1783943782874,108.600000,61.028778,21.639480,-0.275323,-22.679745
1783943782894,108.620000,9.849270,12.257717,-0.362765,-26.762129
1783943782914,108.640000,42.719660,1.621331,-0.438140,-24.977278
1783943782934,108.660000,9.160349,-9.168532,-0.501083,-19.886118
1783943782954,108.680000,39.630200,-18.864506,-0.550046,-14.718229
1783943782974,108.700000,-1.684156,-26.259245,-0.584966,-10.590476
1783943782994,108.720000,34.205475,-30.432367,-0.602061,-6.801786
1783943783014,108.740000,-0.089129,-30.975945,-0.600381,-2.698451
1783943783034,108.760000,23.895737,-28.072950,-0.577742,1.625911
1783943783054,108.780000,-7.741277,-22.401403,-0.536306,5.239439
1783943783074,108.800000,21.021273,-14.941358,-0.218363,6.693456
1783943783094,108.820000,-18.282646,-6.764288,-0.321836,6.005123
1783943783114,108.840000,8.396956,1.149136,-0.414224,6.291725
1783943783134,108.860000,-32.209282,8.027231,-0.501111,11.156989
1783943783154,108.880000,12.918609,13.361153,-0.579908,19.292337
1783943783174,108.900000,-29.821215,16.939850,-0.647040,23.116211
1783943783194,108.920000,-6.196476,18.856928,-0.699259,15.050105
1783943783214,108.940000,-47.816864,19.415384,-0.726858,-3.805556
