time_ms,time_s,xF,cleanHeart,existingHeartTemplateEnhanced,detailPreservingHeart
1784101913832,0.000000,19.444393,-11.373874,-0.273684,7.162421
1784101913852,0.020000,38.154490,-14.227486,-0.290186,23.535237
1784101913872,0.040000,20.836987,-17.782040,-0.272906,35.159612
1784101913892,0.060000,37.657097,-21.182152,-0.281067,39.415803
1784101913912,0.080000,9.614502,-23.841995,-0.235998,35.476931
1784101913932,0.100000,13.204514,-25.610040,-0.167487,24.350586
1784101913952,0.120000,-30.147406,-26.738237,-0.109539,9.909267
1784101913972,0.140000,-31.223625,-27.757683,-0.012816,-2.611461
1784101913992,0.160000,-62.174263,-29.299751,0.002125,-10.799968
1784101914012,0.180000,-46.000282,-31.848755,0.071990,-16.556171
1784101914032,0.200000,-85.673360,-35.482265,0.233904,-22.646443
1784101914052,0.220000,-73.137955,-39.754272,0.310323,-29.499563
1784101914072,0.240000,-105.168945,-43.826458,0.367083,-36.070641
1784101914092,0.260000,-81.581000,-46.759686,0.498118,-41.365114
1784101914112,0.280000,-120.225784,-47.773052,0.707100,-43.812885
1784101914132,0.300000,-90.777850,-46.375630,0.852435,-41.691569
1784101914152,0.320000,-112.175960,-42.394950,0.862804,-36.160213
1784101914172,0.340000,-79.042040,-35.931600,0.835338,-32.071739
1784101914192,0.360000,-104.201035,-27.266617,0.764388,-33.367869
1784101914212,0.380000,-85.034640,-16.797737,0.721545,-38.147862
1784101914232,0.400000,-117.098930,-5.069230,0.723144,-40.549559
1784101914252,0.420000,-78.382000,7.171152,0.728372,-37.842755
1784101914272,0.440000,-95.245390,19.041924,0.691099,-33.238635
1784101914292,0.460000,-67.481026,29.755732,0.568736,-30.534473
1784101914312,0.480000,-86.498090,38.837563,0.408220,-28.365888
1784101914332,0.500000,-55.803010,46.156445,0.247238,-21.986711
1784101914352,0.520000,-60.650146,51.794620,0.092024,-9.470322
1784101914372,0.540000,-4.898390,55.936810,-0.012080,6.625708
1784101914392,0.560000,-25.472370,58.870330,-0.131602,23.535740
1784101914412,0.580000,28.125444,60.987812,-0.313181,40.800878
1784101914432,0.600000,26.649128,62.685820,-0.500665,57.575927
1784101914452,0.620000,67.375374,64.214190,-0.658547,70.551722
1784101914472,0.640000,50.943535,65.582115,-0.737277,76.337414
1784101914492,0.660000,85.469980,66.536320,-0.763236,74.800288
1784101914512,0.680000,47.845520,66.568230,-0.804715,68.962998
1784101914532,0.700000,72.203255,64.958750,-0.869644,61.370698
1784101914552,0.720000,52.321808,60.919178,-0.979995,51.592323
1784101914572,0.740000,54.203407,53.828550,-0.904946,38.489363
1784101914592,0.760000,22.527195,43.458347,-0.677858,23.382580
1784101914612,0.780000,35.390400,30.059320,-0.506588,8.845873
1784101914632,0.800000,-4.114906,14.294078,-0.416589,-4.529142
1784101914652,0.820000,20.518670,-2.889411,-0.399061,-17.892349
1784101914672,0.840000,-25.927399,-20.367836,-0.095544,-30.571069
1784101914692,0.860000,-4.297759,-36.963750,-0.011781,-38.642945
1784101914712,0.880000,-27.193333,-51.592530,0.044765,-38.498184
1784101914732,0.900000,2.975997,-63.366790,0.082751,-31.173432
1784101914752,0.920000,-3.689725,-71.607620,0.177010,-21.805554
1784101914772,0.940000,22.794424,-75.808160,0.258259,-14.756545
1784101914792,0.960000,0.857914,-75.665190,0.262714,-10.629061
1784101914812,0.980000,23.664104,-71.226340,0.283019,-8.613621
1784101914832,1.000000,14.827520,-63.038372,0.365831,-9.226229
1784101914852,1.020000,22.203596,-52.135380,0.503468,-12.324243
1784101914872,1.040000,-7.279193,-39.851246,0.589283,-14.887600
1784101914892,1.060000,23.516262,-27.576437,0.549327,-14.147104
1784101914912,1.080000,1.253949,-16.529678,0.498011,-11.406951
1784101914932,1.100000,22.684235,-7.543304,0.516328,-10.163729
1784101914952,1.120000,-0.454725,-0.924238,0.525216,-11.371447
1784101914972,1.140000,16.274649,3.501692,0.530430,-12.143158
1784101914992,1.160000,-0.366242,6.181650,0.516082,-8.629848
1784101915012,1.180000,33.154434,7.632288,0.475092,0.656019
1784101915032,1.200000,14.329195,8.359653,0.388116,13.482602
1784101915052,1.220000,50.104010,8.861375,0.296765,24.368755
1784101915072,1.240000,32.615570,9.607847,0.174360,27.867450
1784101915092,1.260000,65.620056,10.961140,0.032412,24.521537
1784101915112,1.280000,-0.677698,13.049744,-0.083583,21.852330
1784101915132,1.300000,55.030228,15.641496,-0.218024,25.092771
1784101915152,1.320000,41.593140,18.152824,-0.349567,29.464677
1784101915172,1.340000,42.738750,19.907175,-0.460388,26.604145
1784101915192,1.360000,17.145980,20.464298,-0.553770,15.679883
1784101915212,1.380000,27.225298,19.711380,-0.596150,3.909229
1784101915232,1.400000,-0.682210,17.693819,-0.631170,-1.628309
1784101915252,1.420000,21.226183,14.473842,-0.796012,-0.406386
1784101915272,1.440000,8.313312,10.196749,-0.985736,1.798115
1784101915292,1.460000,23.669922,5.234003,-0.685787,-1.574350
1784101915312,1.480000,-11.091469,0.197276,-0.284970,-12.345079
1784101915332,1.500000,5.889010,-4.246512,-0.284862,-26.760107
1784101915352,1.520000,-36.331882,-7.652369,-0.297884,-38.887074
1784101915372,1.540000,-11.222332,-9.962472,-0.225320,-44.679344
1784101915392,1.560000,-33.441100,-11.430393,-0.112727,-43.823888
1784101915412,1.580000,-2.359236,-12.360036,-0.116233,-38.520603
1784101915432,1.600000,-17.448795,-12.841920,-0.133501,-31.041562
1784101915452,1.620000,16.742191,-12.651500,-0.137404,-22.686776
1784101915472,1.640000,6.424331,-11.354763,-0.095544,-14.441819
1784101915492,1.660000,32.148994,-8.536338,-0.011781,-7.907789
1784101915512,1.680000,21.804932,-4.022654,0.044765,-5.230476
1784101915532,1.700000,39.889820,1.986135,0.082751,-7.445246
1784101915552,1.720000,17.313090,8.904154,0.177010,-12.463791
1784101915572,1.740000,36.016660,15.856122,0.258259,-15.562658
1784101915592,1.760000,14.944056,21.856010,0.262714,-13.002286
1784101915612,1.780000,56.805767,26.045115,0.283019,-4.909082
1784101915632,1.800000,43.363167,27.951447,0.365831,6.068015
1784101915652,1.820000,67.721470,27.657059,0.503468,17.673160
1784101915672,1.840000,73.605470,25.747833,0.589283,28.356955
1784101915692,1.860000,95.985340,23.065668,0.549327,36.475226
1784101915712,1.880000,75.864350,20.402468,0.498011,40.785667
1784101915732,1.900000,103.874620,18.255000,0.516328,40.807340
1784101915752,1.920000,75.699680,16.696340,0.525216,36.668739
1784101915772,1.940000,86.983210,15.387206,0.530430,29.604666
1784101915792,1.960000,59.760635,13.720403,0.516082,21.932900
1784101915812,1.980000,67.723870,11.034610,0.475092,15.617775
1784101915832,2.000000,50.092090,6.827702,0.388116,11.217767
1784101915852,2.020000,53.430670,0.933354,0.296765,8.304675
1784101915872,2.040000,36.097183,-6.395253,0.174360,6.026262
1784101915892,2.060000,45.282036,-14.540408,-0.095544,3.177009
1784101915912,2.080000,21.957687,-22.683807,-0.011781,-1.042655
1784101915932,2.100000,30.945070,-30.005860,0.044765,-5.922145
1784101915952,2.120000,-4.286610,-35.861843,0.082751,-10.135989
1784101915972,2.140000,13.108011,-39.900990,0.177010,-13.953009
1784101915992,2.160000,-9.549017,-42.082320,0.258259,-18.092759
1784101916012,2.180000,-1.375511,-42.569885,0.262714,-19.445804
1784101916032,2.200000,-33.558506,-41.592000,0.283019,-12.206840
1784101916052,2.220000,10.235366,-39.358807,0.365831,3.430353
1784101916072,2.240000,4.692984,-36.005276,0.503468,17.835326
1784101916092,2.260000,15.837722,-31.509018,0.589283,21.798644
1784101916112,2.280000,-19.144464,-25.706116,0.549327,16.943014
1784101916132,2.300000,-11.608904,-18.544054,0.498011,12.094776
1784101916152,2.320000,-30.148127,-10.408244,0.516328,11.789137
1784101916172,2.340000,-8.425435,-2.159659,0.525216,13.176239
1784101916192,2.360000,-46.326584,5.206021,0.530430,13.026037
1784101916212,2.380000,-34.026535,10.960963,0.516082,12.031664
1784101916232,2.400000,-48.186623,14.806081,0.475092,11.037167
1784101916252,2.420000,-44.222702,16.810080,0.388116,7.749751
1784101916272,2.440000,-71.381744,17.288683,0.296765,-0.284452
1784101916292,2.460000,-71.352234,16.675913,0.174360,-11.512703
1784101916312,2.480000,-99.136894,15.369743,0.032412,-20.795263
1784101916332,2.500000,-90.997450,13.617393,-0.083583,-23.779290
1784101916352,2.520000,-105.675840,11.539714,-0.218024,-20.736822
1784101916372,2.540000,-80.192470,9.281747,-0.349567,-15.956417
1784101916392,2.560000,-101.838520,7.163968,-0.460388,-13.435387
1784101916412,2.580000,-87.064130,5.690963,-0.553770,-14.370960
1784101916432,2.600000,-111.290680,5.369186,-0.596150,-19.063704
1784101916452,2.620000,-91.113860,6.450626,-0.631170,-28.103066
1784101916472,2.640000,-121.517980,8.793053,-0.796012,-38.946436
1784101916492,2.660000,-121.718350,11.905879,-0.985736,-44.256794
1784101916512,2.680000,-120.391490,15.107796,-0.685787,-38.287954
1784101916532,2.700000,-81.483795,17.756433,-0.216756,-23.887044
1784101916552,2.720000,-86.959200,19.540052,-0.106878,-9.664184
1784101916572,2.740000,-59.515930,20.677317,0.003648,-1.263073
1784101916592,2.760000,-65.517560,21.807592,0.096463,2.181995
1784101916612,2.780000,-46.561302,23.586838,0.189929,4.357895
1784101916632,2.800000,-53.208790,26.280527,0.289489,7.059065
1784101916652,2.820000,-24.520866,29.622894,0.367346,9.417504
1784101916672,2.840000,-44.731270,32.961918,0.445063,10.378069
1784101916692,2.860000,-17.872010,35.526463,0.566036,10.289343
1784101916712,2.880000,-28.115600,36.657665,0.650625,10.234896
1784101916732,2.900000,-5.283787,35.948490,0.625582,11.368862
1784101916752,2.920000,-16.438599,33.302970,0.526990,14.543592
1784101916772,2.940000,10.383234,28.924644,0.484548,18.695482
1784101916792,2.960000,1.830161,23.238771,0.521496,19.852104
1784101916812,2.980000,19.435112,16.778778,0.533822,14.109718
1784101916832,3.000000,-3.185817,10.060142,0.537745,2.608528
1784101916852,3.020000,-1.944599,3.439443,0.513860,-8.158027
1784101916872,3.040000,-12.153929,-2.997190,0.456044,-12.602427
1784101916892,3.060000,13.100067,-9.400707,0.368208,-11.418260
1784101916912,3.080000,-0.432388,-15.934567,0.267510,-9.198818
1784101916932,3.100000,17.893847,-22.511053,0.142311,-8.331415
1784101916952,3.120000,4.959961,-28.716340,0.018173,-7.453063
1784101916972,3.140000,29.118347,-33.976210,-0.087265,-4.799610
1784101916992,3.160000,18.226059,-37.793728,-0.218410,-0.432041
1784101917012,3.180000,44.295486,-39.884150,-0.334054,5.153973
1784101917032,3.200000,30.232922,-40.188663,-0.435748,12.564824
1784101917052,3.220000,58.844025,-38.838093,-0.532446,22.170974
1784101917072,3.240000,58.164580,-36.100597,-0.607107,32.231845
1784101917092,3.260000,77.636940,-32.308033,-0.739402,39.964586
1784101917112,3.280000,60.972992,-27.795134,-0.931062,43.990388
1784101917132,3.300000,85.935820,-22.904173,-0.999581,44.861860
1784101917152,3.320000,64.303314,-18.031800,-0.680863,44.019809
1784101917172,3.340000,68.613250,-13.642944,-0.281906,42.259611
1784101917192,3.360000,58.440460,-10.221603,-0.227542,38.243440
1784101917212,3.380000,63.172737,-8.178526,-0.172181,29.734863
1784101917232,3.400000,26.195120,-7.756046,-0.149504,17.427662
1784101917252,3.420000,30.209412,-8.987763,-0.144392,5.536421
1784101917272,3.440000,2.596658,-11.736457,-0.193684,-2.506250
1784101917292,3.460000,22.080042,-15.734994,-0.238688,-6.809719
1784101917312,3.480000,-9.920744,-20.547709,-0.157265,-8.914735
1784101917332,3.500000,6.169270,-25.520605,-0.070851,-9.827332
1784101917352,3.520000,-14.405505,-29.850252,0.029398,-11.428344
1784101917372,3.540000,3.969011,-32.760710,0.124369,-16.869066
1784101917392,3.560000,-35.851470,-33.681446,0.218021,-27.288156
1784101917412,3.580000,-28.707266,-32.379974,0.318983,-39.825084
1784101917432,3.600000,-58.578934,-29.043547,0.411822,-50.428707
1784101917452,3.620000,-45.803238,-24.245962,0.531733,-57.093065
1784101917472,3.640000,-60.971800,-18.738241,0.613181,-59.252173
1784101917492,3.660000,-57.919960,-13.148305,0.566054,-56.302755
1784101917512,3.680000,-49.542057,-7.773817,0.474287,-49.029629
1784101917532,3.700000,-33.010563,-2.548103,0.478063,-40.787667
1784101917552,3.720000,-35.600513,2.867265,0.515689,-34.492369
1784101917572,3.740000,-19.992191,8.908309,0.533220,-29.098872
1784101917592,3.760000,-24.254660,15.881682,0.556188,-21.190806
1784101917612,3.780000,5.113600,23.773779,0.537683,-9.953426
1784101917632,3.800000,4.421433,32.223940,0.455286,1.012533
1784101917652,3.820000,27.368622,40.670044,0.356600,7.266683
1784101917672,3.840000,12.909987,48.520367,0.264813,7.862747
1784101917692,3.860000,27.677423,55.218998,0.132613,5.505915
1784101917712,3.880000,15.903077,60.221058,-0.016544,3.380182
1784101917732,3.900000,31.623985,62.999300,-0.148637,2.896154
1784101917752,3.920000,18.286896,63.148235,-0.292378,3.898004
1784101917772,3.940000,38.448433,60.527140,-0.423658,5.646234
1784101917792,3.960000,28.559875,55.343350,-0.514176,7.489493
1784101917812,3.980000,42.372814,48.128265,-0.566145,9.439824
1784101917832,4.000000,40.203102,39.621914,-0.631429,12.549416
1784101917852,4.020000,55.483150,30.620302,-0.825157,18.452011
1784101917872,4.040000,49.367702,21.841301,-0.981048,27.533840
1784101917892,4.060000,78.225555,13.843181,-0.978232,37.260185
1784101917912,4.080000,78.140280,7.008008,-0.506030,43.864338
1784101917932,4.100000,76.986140,1.556591,0.050532,45.991413
1784101917952,4.120000,69.174800,-2.477606,0.064624,44.667274
1784101917972,4.140000,84.738120,-5.318124,0.017320,40.402246
1784101917992,4.160000,52.803050,-7.453282,-0.153771,33.679138
1784101918012,4.180000,67.263670,-9.514792,-0.072255,28.008262
1784101918032,4.200000,44.455776,-12.089104,0.010067,28.978553
1784101918052,4.220000,66.669876,-15.550794,0.081576,38.660189
1784101918072,4.240000,71.156070,-19.926070,0.182608,51.982624
1784101918092,4.260000,85.512360,-24.798065,0.241627,59.821561
1784101918112,4.280000,57.529182,-29.373688,0.287981,55.135467
1784101918132,4.300000,56.442856,-32.801570,0.375507,35.920603
1784101918152,4.320000,7.984137,-34.623980,0.476659,5.098827
1784101918172,4.340000,-22.176235,-35.096700,0.487281,-29.913995
1784101918192,4.360000,-63.092880,-35.172497,0.488511,-59.167310
1784101918212,4.380000,-75.632540,-36.134823,0.532511,-74.884196
1784101918232,4.400000,-89.111626,-39.021620,0.561607,-75.867132
1784101918252,4.420000,-72.714660,-44.060123,0.582101,-67.568771
1784101918272,4.440000,-78.240270,-50.374187,0.596379,-57.406793
1784101918292,4.460000,-60.286324,-56.148808,0.554427,-49.565016
1784101918312,4.480000,-81.019905,-59.219513,0.466934,-44.359647
1784101918332,4.500000,-57.886380,-57.833313,0.362435,-41.751708
1784101918352,4.520000,-79.897415,-51.231842,0.231408,-42.919753
1784101918372,4.540000,-69.788414,-39.825592,0.062047,-47.051180
1784101918392,4.560000,-93.931420,-24.978693,-0.115064,-48.940431
1784101918412,4.580000,-80.111620,-8.582053,-0.266596,-43.147148
1784101918432,4.600000,-76.480250,7.431193,-0.416383,-30.757265
1784101918452,4.620000,-55.847923,21.546364,-0.555901,-19.353263
1784101918472,4.640000,-64.967910,32.982800,-0.689872,-14.753854
1784101918492,4.660000,-59.071730,41.703270,-0.809527,-14.074884
1784101918512,4.680000,-65.977010,48.104176,-0.926026,-8.395393
1784101918532,4.700000,-39.184850,52.620390,-0.990636,8.236912
1784101918552,4.720000,-21.697628,55.547028,-0.985364,33.401541
1784101918572,4.740000,8.001041,57.149580,-0.153771,58.938237
1784101918592,4.760000,14.315216,57.840496,-0.072255,77.016394
1784101918612,4.780000,31.577314,58.158916,0.010067,84.078983
1784101918632,4.800000,24.448425,58.517593,0.081576,82.169721
1784101918652,4.820000,22.338512,58.910350,0.182608,78.069911
1784101918672,4.840000,13.271988,58.797240,0.241627,78.509188
1784101918692,4.860000,29.362864,57.262890,0.287981,83.270119
1784101918712,4.880000,21.195934,53.397655,0.375507,83.576181
1784101918732,4.900000,19.358350,46.707720,0.476659,69.577674
1784101918752,4.920000,-19.093796,37.292248,0.487281,40.344791
1784101918772,4.940000,-51.106960,25.657171,0.488511,5.678807
1784101918792,4.960000,-81.839920,12.329448,0.532511,-22.598914
1784101918812,4.980000,-87.432860,-2.371351,0.561607,-40.124263
1784101918832,5.000000,-98.948265,-18.185290,0.582101,-49.996938
1784101918852,5.020000,-102.492600,-34.532350,0.596379,-55.729028
1784101918872,5.040000,-108.776215,-50.273235,0.554427,-57.704660
1784101918892,5.060000,-92.158790,-63.837810,0.466934,-56.320686
1784101918912,5.080000,-94.970400,-73.614370,0.362435,-54.823538
1784101918932,5.100000,-85.343155,-78.356090,0.231408,-56.890531
1784101918952,5.120000,-94.496660,-77.471090,0.062047,-62.344798
1784101918972,5.140000,-84.031230,-71.168724,-0.115064,-66.194754
1784101918992,5.160000,-80.962600,-60.421627,-0.266596,-61.929364
1784101919012,5.180000,-57.367104,-46.704563,-0.416383,-46.586408
1784101919032,5.200000,-28.368113,-31.571760,-0.555901,-23.651247
1784101919052,5.220000,11.820446,-16.234224,-0.689872,-0.507069
1784101919072,5.240000,22.538382,-1.326918,-0.809527,17.486992
1784101919092,5.260000,50.759670,13.004886,-0.926026,29.607053
1784101919112,5.280000,67.566574,26.756159,-0.990636,37.070095
1784101919132,5.300000,75.109960,39.691525,-0.985364,40.006423
1784101919152,5.320000,84.899260,51.182148,-0.312580,37.707715
1784101919172,5.340000,92.929090,60.298145,0.131674,30.813381
1784101919192,5.360000,78.927950,66.046530,-0.026202,22.098313
1784101919212,5.380000,93.442505,67.623764,0.022056,14.132587
1784101919232,5.400000,91.830930,64.621990,0.105358,6.895390
1784101919252,5.420000,98.197556,57.168056,0.171088,-0.778812
1784101919272,5.440000,89.837760,45.956340,0.217882,-8.375865
1784101919292,5.460000,106.326880,32.131000,0.257660,-14.049059
1784101919312,5.480000,104.093570,17.052673,0.320081,-17.120834
1784101919332,5.500000,113.295880,2.064937,0.421532,-19.091437
1784101919352,5.520000,124.071655,-11.666451,0.456836,-22.038902
1784101919372,5.540000,126.560940,-23.252000,0.460643,-25.872896
1784101919392,5.560000,126.032510,-32.145750,0.499423,-27.688149
1784101919412,5.580000,147.012480,-38.177193,0.526228,-24.716897
1784101919432,5.600000,155.564030,-41.505642,0.556998,-17.134916
1784101919452,5.620000,178.390610,-42.477590,0.578651,-7.156140
1784101919472,5.640000,186.156720,-41.452960,0.535797,3.206936
1784101919492,5.660000,207.249420,-38.719997,0.447188,12.162037
1784101919512,5.680000,211.693390,-34.540432,0.340706,17.218239
1784101919532,5.700000,224.515610,-29.249533,0.225532,16.650181
1784101919552,5.720000,214.554900,-23.328825,0.071823,12.385067
1784101919572,5.740000,212.724550,-17.427500,-0.108328,9.676046
1784101919592,5.760000,225.778100,-12.311919,-0.283853,12.958546
1784101919612,5.780000,234.097290,-8.695914,-0.432674,22.914470
1784101919632,5.800000,241.276300,-6.981290,-0.599175,36.950514
1784101919652,5.820000,261.806800,-7.064890,-0.767338,50.294275
1784101919672,5.840000,260.051700,-8.361729,-0.912821,57.193440
1784101919692,5.860000,265.299680,-10.048835,-0.993530,54.101539
1784101919712,5.880000,237.270860,-11.412005,-0.982239,42.699252
1784101919732,5.900000,224.356900,-12.162677,-0.935965,28.385716
1784101919752,5.920000,208.212310,-12.586152,-0.210444,15.368778
1784101919772,5.940000,189.744350,-13.404599,0.133042,4.197237
1784101919792,5.960000,171.807160,-15.402913,0.132945,-6.222116
1784101919812,5.980000,159.197750,-19.033663,0.092119,-15.643423
1784101919832,6.000000,141.065800,-24.206808,0.013653,-21.948278
1784101919852,6.020000,131.091670,-30.316040,-0.044769,-23.431543
1784101919872,6.040000,127.274800,-36.416565,-0.096611,-21.283823
1784101919892,6.060000,125.712760,-41.441193,-0.117932,-18.783705
1784101919912,6.080000,104.262405,-44.397842,-0.065076,-17.928164
1784101919932,6.100000,108.384964,-44.554840,-0.026202,-18.020466
1784101919952,6.120000,87.848500,-41.603283,0.022056,-17.449550
1784101919972,6.140000,89.267654,-35.726192,0.105358,-15.631591
1784101919992,6.160000,72.894830,-27.519770,0.171088,-13.150660
1784101920012,6.180000,74.033980,-17.806936,0.217882,-10.573734
1784101920032,6.200000,61.422707,-7.437833,0.257660,-7.264347
1784101920052,6.220000,57.719933,2.858034,0.320081,-1.789419
1784101920072,6.240000,57.895657,12.547776,0.421532,5.756478
1784101920092,6.260000,46.293160,21.309595,0.456836,11.951346
1784101920112,6.280000,51.840054,29.004745,0.460643,11.997582
1784101920132,6.300000,25.273125,35.613445,0.499423,4.787410
1784101920152,6.320000,3.561580,41.122530,0.526228,-4.836355
1784101920172,6.340000,-3.071099,45.395020,0.556998,-10.479664
1784101920192,6.360000,-14.870377,48.140590,-0.026202,-10.292177
1784101920212,6.380000,-19.678360,49.069050,0.022056,-7.748600
1784101920232,6.400000,-24.434097,48.137142,0.105358,-7.159007
1784101920252,6.420000,-32.279297,45.686604,0.171088,-9.056389
1784101920272,6.440000,-48.726692,42.355380,0.217882,-10.103264
1784101920292,6.460000,-42.449394,38.837660,0.257660,-7.715429
1784101920312,6.480000,-49.322020,35.670223,0.320081,-3.961551
1784101920332,6.500000,-51.499000,33.160294,0.421532,-3.802855
1784101920352,6.520000,-62.632523,31.422724,0.456836,-9.624521
1784101920372,6.540000,-74.429230,30.411646,0.460643,-18.062837
1784101920392,6.560000,-90.157710,29.899610,0.499423,-22.520650
1784101920412,6.580000,-77.707610,29.486847,0.526228,-18.859033
1784101920432,6.600000,-78.354160,28.740700,0.556998,-8.467372
1784101920452,6.620000,-68.047966,27.429611,0.578651,3.569460
1784101920472,6.640000,-55.094690,25.688217,0.535797,12.366936
1784101920492,6.660000,-62.607250,23.971708,0.447188,15.838077
1784101920512,6.680000,-61.793255,22.800797,0.340706,14.654549
1784101920532,6.700000,-59.851080,22.452230,0.225532,10.669236
1784101920552,6.720000,-80.110780,22.777802,0.071823,5.886617
1784101920572,6.740000,-68.738300,23.234320,-0.108328,2.079448
1784101920592,6.760000,-83.642150,23.092768,-0.283853,0.241456
1784101920612,6.780000,-77.839676,21.712439,-0.432674,0.209539
1784101920632,6.800000,-77.754950,18.762161,-0.599175,0.987264
1784101920652,6.820000,-76.603485,14.319303,-0.767338,1.644431
1784101920672,6.840000,-82.605640,8.817012,-0.912821,1.654357
1784101920692,6.860000,-77.351240,2.872975,-0.993530,0.168601
1784101920712,6.880000,-81.234500,-2.912465,-0.982239,-3.856492
1784101920732,6.900000,-93.425380,-8.107306,-0.935965,-10.057950
1784101920752,6.920000,-95.993950,-12.519917,-0.210444,-16.248108
1784101920772,6.940000,-98.826790,-16.197657,0.133042,-19.962675
1784101920792,6.960000,-99.854126,-19.344017,0.132945,-19.670064
1784101920812,6.980000,-98.965485,-22.166174,0.092119,-15.003971
1784101920832,7.000000,-84.833830,-24.725525,0.076156,-6.861822
1784101920852,7.020000,-79.804110,-26.867212,0.165028,3.137367
1784101920872,7.040000,-69.315570,-28.251871,0.266705,13.874175
1784101920892,7.060000,-57.543568,-28.474394,0.346739,25.253346
1784101920912,7.080000,-42.870440,-27.222060,0.364432,37.536540
1784101920932,7.100000,-44.187912,-24.403091,0.364351,49.891973
1784101920952,7.120000,-16.764954,-20.198744,0.374884,59.220708
1784101920972,7.140000,-32.460900,-15.037025,0.409348,61.245274
1784101920992,7.160000,-32.291725,-9.533040,0.437935,53.725831
1784101921012,7.180000,-48.974277,-4.442266,0.476999,38.917588
1784101921032,7.200000,-66.006420,-0.618357,0.508385,23.081489
1784101921052,7.220000,-83.685060,1.080080,0.521833,12.362932
1784101921072,7.240000,-85.792534,-0.022616,0.514482,7.248814
1784101921092,7.260000,-87.267456,-4.171170,0.446749,1.904539
1784101921112,7.280000,-100.430660,-10.987189,0.348836,-8.992158
1784101921132,7.300000,-123.394290,-19.486910,0.257124,-23.615730
1784101921152,7.320000,-129.675520,-28.378153,0.161465,-35.007335
1784101921172,7.340000,-133.639700,-36.471577,0.063943,-38.611359
1784101921192,7.360000,-129.206600,-42.919680,-0.082364,-35.893305
1784101921212,7.380000,-128.664610,-47.181232,-0.269241,-31.390252
1784101921232,7.400000,-118.864220,-48.875225,-0.424916,-28.142518
1784101921252,7.420000,-123.348390,-47.728058,-0.572933,-26.147776
1784101921272,7.440000,-117.285730,-43.655500,-0.733688,-24.198769
1784101921292,7.460000,-110.579346,-36.876568,-0.881892,-21.993036
1784101921312,7.480000,-106.193190,-27.939173,-0.987977,-19.875832
1784101921332,7.500000,-115.230010,-17.631716,-0.987531,-17.841754
1784101921352,7.520000,-91.408610,-6.843449,-0.887445,-15.869755
1784101921372,7.540000,-97.892380,3.577712,-0.320968,-13.781999
1784101921392,7.560000,-90.204575,12.951530,-0.079749,-10.510977
1784101921412,7.580000,-87.475266,20.838821,-0.012375,-6.156104
1784101921432,7.600000,-77.143680,27.032220,0.040955,-4.797152
1784101921452,7.620000,-74.794945,31.499720,0.051087,-11.237160
1784101921472,7.640000,-89.790750,34.325980,0.006176,-23.233231
1784101921492,7.660000,-97.792625,35.622616,0.370805,-30.524819
1784101921512,7.680000,-86.261340,35.419308,0.451781,-25.091341
1784101921532,7.700000,-65.843666,33.680540,0.468625,-10.978029
1784101921552,7.720000,-44.847160,30.527350,0.414555,-0.547606
1784101921572,7.740000,-50.138603,26.474490,0.369002,-1.016539
1784101921592,7.760000,-58.014970,22.367876,0.350901,-7.675234
1784101921612,7.780000,-51.712315,18.975588,0.355684,-10.890908
1784101921632,7.800000,-40.940636,16.579681,0.405983,-6.359730
1784101921652,7.820000,-34.267920,14.934062,0.469389,3.261371
1784101921672,7.840000,-15.312364,13.579930,0.524637,13.960606
1784101921692,7.860000,-7.720499,12.205005,0.527208,24.691946
1784101921712,7.880000,7.005678,10.787114,0.475919,36.406326
1784101921732,7.900000,22.339851,9.513911,0.388687,48.608868
1784101921752,7.920000,37.796974,8.619156,0.310069,58.289180
1784101921772,7.940000,31.230213,8.242147,0.225901,62.108391
1784101921792,7.960000,40.580100,8.328157,0.126304,58.782533
1784101921812,7.980000,26.133661,8.567533,0.022017,50.020036
1784101921832,8.000000,19.478962,8.404636,-0.115491,40.004265
1784101921852,8.020000,3.134692,7.147308,-0.325959,32.571495
1784101921872,8.040000,11.003785,4.162722,-0.515547,27.587852
1784101921892,8.060000,-7.557971,-0.893750,-0.694448,21.038996
1784101921912,8.080000,-11.723466,-7.909111,-0.860757,9.774245
1784101921932,8.100000,-27.595877,-16.309973,-0.963542,-3.890535
1784101921952,8.120000,-43.214660,-25.248660,-0.988085,-12.968400
1784101921972,8.140000,-43.577010,-33.859104,-0.912249,-12.258289
1784101921992,8.160000,-25.855530,-41.402615,-0.779476,-4.048559
1784101922012,8.180000,-31.826202,-47.235440,-0.503261,3.560331
1784101922032,8.200000,-23.743820,-50.727123,-0.223870,3.786253
1784101922052,8.220000,-36.986244,-51.319122,-0.069408,-3.627652
1784101922072,8.240000,-44.059970,-48.758533,0.029605,-13.032104
1784101922092,8.260000,-55.131462,-43.328445,0.035941,-18.133922
1784101922112,8.280000,-48.121338,-35.857903,0.054523,-17.582154
1784101922132,8.300000,-49.670753,-27.459692,0.115110,-15.809244
1784101922152,8.320000,-46.778526,-19.140192,0.193338,-18.326103
1784101922172,8.340000,-64.266060,-11.521903,0.268708,-26.524357
1784101922192,8.360000,-60.150220,-4.833899,0.370805,-36.914810
1784101922212,8.380000,-79.620540,0.898642,0.451781,-44.488653
1784101922232,8.400000,-67.965080,5.671938,0.468625,-46.706572
1784101922252,8.420000,-73.355286,9.469838,0.414555,-45.145437
1784101922272,8.440000,-61.660583,12.355954,0.369002,-43.518556
1784101922292,8.460000,-58.288414,14.566777,0.342460,-43.390768
1784101922312,8.480000,-56.069427,16.502160,0.424795,-41.970503
1784101922332,8.500000,-54.282333,18.592980,0.450417,-35.565996
1784101922352,8.520000,-21.904362,21.138178,0.405332,-24.931174
1784101922372,8.540000,-14.429865,24.251260,0.336091,-14.455330
1784101922392,8.560000,-1.586921,27.931856,0.309524,-6.105844
1784101922412,8.580000,5.586759,32.123478,0.313477,2.024529
1784101922432,8.600000,25.726587,36.661180,0.366304,10.361923
1784101922452,8.620000,36.625866,41.200146,0.431712,15.185895
1784101922472,8.640000,46.619484,45.257110,0.482618,13.868447
1784101922492,8.660000,28.601562,48.318623,0.484988,9.808301
1784101922512,8.680000,45.746490,49.884975,0.437729,8.485354
1784101922532,8.700000,51.039845,49.479588,0.353184,10.345027
1784101922552,8.720000,62.049790,46.758420,0.241334,11.636591
1784101922572,8.740000,57.484535,41.699253,0.158222,11.520016
1784101922592,8.760000,67.392990,34.681540,0.101364,14.262897
1784101922612,8.780000,79.343440,26.365020,0.052185,23.534218
1784101922632,8.800000,101.373800,17.506480,-0.062543,37.061302
1784101922652,8.820000,111.222900,8.867132,-0.240442,48.385572
1784101922672,8.840000,123.501630,1.172309,-0.430476,52.988061
1784101922692,8.860000,116.495346,-5.000332,-0.627734,51.656985
1784101922712,8.880000,121.378890,-9.412128,-0.819243,48.115664
1784101922732,8.900000,112.962480,-12.297343,-0.939824,44.496816
1784101922752,8.920000,121.124054,-14.302791,-0.997641,39.910257
1784101922772,8.940000,99.459045,-16.241201,-0.938493,32.486985
1784101922792,8.960000,94.118340,-18.814580,-0.795677,21.021273
1784101922812,8.980000,79.659880,-22.457092,-0.494091,5.308640
1784101922832,9.000000,64.500920,-27.309153,-0.241799,-12.289156
1784101922852,9.020000,39.140686,-33.255150,-0.093000,-25.848352
1784101922872,9.040000,37.865700,-39.978405,0.021656,-30.027643
1784101922892,9.060000,39.046852,-46.996150,0.088388,-26.151229
1784101922912,9.080000,51.153927,-53.633083,0.172513,-21.518354
1784101922932,9.100000,31.989683,-58.988525,0.225001,-21.738561
1784101922952,9.120000,36.770935,-62.059917,0.230436,-25.476639
1784101922972,9.140000,26.970774,-62.060880,0.251589,-26.823562
1784101922992,9.160000,33.293150,-58.726330,0.342460,-21.288084
1784101923012,9.180000,32.233880,-52.372090,0.424795,-9.953431
1784101923032,9.200000,54.243930,-43.690094,0.450417,0.994350
1784101923052,9.220000,44.297264,-33.453537,0.405332,5.571282
1784101923072,9.240000,46.062530,-22.331430,0.336091,3.507516
1784101923092,9.260000,26.950356,-10.904751,0.309524,-0.355777
1784101923112,9.280000,34.921158,0.196349,0.313477,-2.021897
1784101923132,9.300000,25.660433,10.235629,0.366304,-2.124519
1784101923152,9.320000,22.770569,18.504526,0.431712,-3.779676
1784101923172,9.340000,11.535625,24.533380,0.482618,-8.535313
1784101923192,9.360000,8.020086,28.197237,0.484988,-14.976159
1784101923212,9.380000,-6.486599,29.668001,0.342460,-20.013378
1784101923232,9.400000,-1.657227,29.301935,0.424795,-21.044560
1784101923252,9.420000,-11.823998,27.557205,0.450417,-17.752023
1784101923272,9.440000,6.538311,24.964409,0.405332,-12.412484
1784101923292,9.460000,-6.938267,22.118467,0.336091,-8.222108
1784101923312,9.480000,7.055385,19.632565,0.309524,-6.892128
1784101923332,9.500000,-4.868521,18.022580,0.313477,-7.403532
1784101923352,9.520000,0.886312,17.565527,0.366304,-6.793766
1784101923372,9.540000,-0.173204,18.220556,0.431712,-2.572150
1784101923392,9.560000,10.115464,19.677313,0.482618,5.014863
1784101923412,9.580000,15.661871,21.513918,0.484988,13.103032
1784101923432,9.600000,27.615517,23.376287,0.437729,18.843753
1784101923452,9.620000,18.588528,25.072440,0.353184,21.599371
1784101923472,9.640000,29.638193,26.527304,0.241334,22.054315
1784101923492,9.660000,20.270970,27.656393,0.158222,20.102269
1784101923512,9.680000,29.303524,28.278030,0.101364,15.213727
1784101923532,9.700000,3.514417,28.123423,0.052185,8.297204
1784101923552,9.720000,11.098155,26.899796,-0.062543,1.302953
1784101923572,9.740000,4.359311,24.360277,-0.240442,-4.486204
1784101923592,9.760000,1.262694,20.394827,-0.430476,-8.237101
1784101923612,9.780000,-7.399866,15.123687,-0.627734,-9.065877
1784101923632,9.800000,8.968402,8.924783,-0.819243,-7.435863
1784101923652,9.820000,2.914474,2.377376,-0.939824,-5.356293
1784101923672,9.840000,13.257459,-3.834399,-0.997641,-3.698653
1784101923692,9.860000,6.249026,-9.040862,-0.938493,-0.992438
1784101923712,9.880000,19.991410,-12.735634,-0.795677,3.608925
1784101923732,9.900000,19.193588,-14.695638,-0.494091,7.653850
1784101923752,9.920000,35.731552,-14.987781,-0.241799,8.051142
1784101923772,9.940000,13.248518,-13.884282,-0.093000,5.913487
1784101923792,9.960000,27.617706,-11.793620,0.494664,5.686737
1784101923812,9.980000,21.348984,-9.234904,0.492936,8.545661
1784101923832,10.000000,35.263596,-6.771648,0.455248,9.421512
1784101923852,10.020000,23.760004,-4.865953,0.393424,2.649728
1784101923872,10.040000,7.515094,-3.766755,0.340382,-10.916921
1784101923892,10.060000,-9.088933,-3.566962,0.317616,-24.465677
1784101923912,10.080000,-3.747296,-4.359098,0.327427,-31.703885
1784101923932,10.100000,-13.715313,-6.270742,0.352298,-30.528448
1784101923952,10.120000,4.731027,-9.298024,0.375677,-21.741850
1784101923972,10.140000,2.595490,-13.092015,0.362708,-7.935990
1784101923992,10.160000,32.564037,-16.905691,0.303657,5.859466
1784101924012,10.180000,30.032051,-19.753502,0.252628,13.872444
1784101924032,10.200000,40.851270,-20.702663,0.226700,14.365841
1784101924052,10.220000,16.263956,-19.205854,0.158174,11.314381
1784101924072,10.240000,33.618156,-15.364427,0.089426,9.528758
1784101924092,10.260000,19.604563,-9.962510,-0.008223,9.413826
1784101924112,10.280000,28.213516,-4.194694,-0.176032,8.198182
1784101924132,10.300000,10.438453,0.768467,-0.411692,5.144888
1784101924152,10.320000,22.764727,4.119673,-0.681285,3.610154
1784101924172,10.340000,3.859957,5.529545,-0.854121,7.420688
1784101924192,10.360000,27.745525,5.099366,-0.973867,15.677229
1784101924212,10.380000,28.689869,3.272769,-0.980101,22.671963
1784101924232,10.400000,27.594536,0.741812,-0.879244,23.968408
1784101924252,10.420000,15.095949,-1.715558,-0.719029,20.989680
1784101924272,10.440000,22.399193,-3.487291,-0.514403,18.313752
1784101924292,10.460000,5.443415,-4.344282,-0.321615,17.911401
1784101924312,10.480000,18.725850,-4.460507,-0.128035,17.436672
1784101924332,10.500000,1.448550,-4.226574,0.047058,13.718062
1784101924352,10.520000,-1.053399,-4.022926,0.178731,6.643042
1784101924372,10.540000,-23.295847,-4.110577,0.281998,-1.404493
1784101924392,10.560000,-13.629583,-4.643931,0.334622,-9.215701
1784101924412,10.580000,-45.821915,-5.706043,0.400426,-18.138548
1784101924432,10.600000,-40.245087,-7.303209,0.452598,-29.617142
1784101924452,10.620000,-68.100470,-9.347112,0.494664,-42.037713
1784101924472,10.640000,-67.088450,-11.668930,0.492936,-50.254309
1784101924492,10.660000,-83.245080,-14.049179,0.455248,-49.046500
1784101924512,10.680000,-52.162117,-16.206957,0.393424,-37.863334
1784101924532,10.700000,-59.402664,-17.732431,0.340382,-21.785460
1784101924552,10.720000,-23.985329,-18.031816,0.317616,-7.312913
1784101924572,10.740000,-30.462101,-16.395529,0.327427,2.753824
1784101924592,10.760000,-20.060688,-12.238957,0.352298,9.927562
1784101924612,10.780000,-16.793040,-5.417362,0.375677,15.683904
1784101924632,10.800000,-4.831450,3.590250,0.362708,18.209355
1784101924652,10.820000,-21.810183,13.752109,0.303657,14.844830
1784101924672,10.840000,-17.151495,23.742613,0.252628,6.515840
1784101924692,10.860000,-37.325510,32.227290,0.226700,-1.968597
1784101924712,10.880000,-35.609177,38.081463,0.158174,-6.302961
1784101924732,10.900000,-41.038826,40.564590,0.089426,-6.723652
1784101924752,10.920000,-23.285982,39.477780,-0.008223,-6.345103
1784101924772,10.940000,-44.327065,35.246357,-0.176032,-5.486203
1784101924792,10.960000,-23.420809,28.829535,-0.411692,-0.394328
1784101924812,10.980000,-24.486677,21.454027,-0.681285,10.810279
1784101924832,11.000000,2.274772,14.314509,-0.854121,23.171139
1784101924852,11.020000,1.911689,8.388753,-0.973867,28.484372
1784101924872,11.040000,1.140268,4.349551,0.000000,23.646142
1784101924892,11.060000,-17.978317,2.448747,0.000000,13.695442
1784101924912,11.080000,-12.863633,2.380359,0.000000,6.318433
1784101924932,11.100000,-22.856030,3.298922,0.000000,4.943371
1784101924952,11.120000,-6.243725,4.111894,0.000000,7.703625
1784101924972,11.140000,-18.390057,3.928301,0.000000,10.974596
1784101924992,11.160000,-5.097266,2.386549,0.494664,11.696942
1784101925012,11.180000,-20.336680,-0.319075,0.492936,7.208011
1784101925032,11.200000,-12.546267,-3.664130,0.455248,-3.691992
1784101925052,11.220000,-42.286270,-7.097842,0.393424,-17.972357
1784101925072,11.240000,-50.908960,-10.285645,0.340382,-29.304515
1784101925092,11.260000,-56.848540,-13.213891,0.317616,-33.922429
1784101925112,11.280000,-37.924835,-16.089396,0.327427,-33.369899
1784101925132,11.300000,-58.448920,-19.057880,0.352298,-30.004963
1784101925152,11.320000,-38.521305,-21.949242,0.375677,-23.366179
1784101925172,11.340000,-37.962894,-24.260630,0.362708,-13.215841
1784101925192,11.360000,-11.155378,-25.349222,0.303657,-2.626444
1784101925212,11.380000,-20.204876,-24.647322,0.252628,4.992923
1784101925232,11.400000,-4.523260,-21.818632,0.226700,10.163146
1784101925252,11.420000,-9.484929,-16.889528,0.158174,16.452201
1784101925272,11.440000,13.886797,-10.312878,0.089426,26.004529
1784101925292,11.460000,7.827955,-2.868960,-0.008223,36.850244
1784101925312,11.480000,30.064740,4.569698,-0.176032,44.001458
1784101925332,11.500000,14.703873,11.258800,-0.411692,43.037467
1784101925352,11.520000,20.972721,16.664083,-0.681285,33.596784
1784101925372,11.540000,-19.574741,20.395636,-0.854121,19.600392
1784101925392,11.560000,-4.636643,22.088364,-0.973867,5.857120
1784101925412,11.580000,-39.997940,21.371836,-0.980101,-4.908712
1784101925432,11.600000,-29.956470,18.001734,-0.879244,-12.226168
1784101925452,11.620000,-57.515130,12.065028,-0.719029,-17.479446
1784101925472,11.640000,-42.652756,4.095959,-0.514403,-23.544680
1784101925492,11.660000,-68.384445,-4.978041,-0.321615,-31.674398
1784101925512,11.680000,-49.652687,-14.017311,-0.128035,-37.283482
1784101925532,11.700000,-92.770065,-21.907915,0.047058,-32.604710
1784101925552,11.720000,-36.868744,-27.785090,0.178731,-17.109558
1784101925572,11.740000,-35.215250,-31.110022,0.281998,-1.667843
1784101925592,11.760000,-24.977013,-31.558680,0.334622,2.532315
1784101925612,11.780000,-52.496017,-28.938310,0.400426,-3.639856
1784101925632,11.800000,-40.789790,-23.353785,0.452598,-9.879989
1784101925652,11.820000,-49.472633,-15.478776,0.494664,-8.259903
1784101925672,11.840000,-27.823135,-6.536704,0.492936,1.017033
1784101925692,11.860000,-39.263220,2.117252,0.455248,12.522116
1784101925712,11.880000,-5.495016,9.489379,0.393424,20.248097
1784101925732,11.900000,-32.146088,15.177002,0.340382,20.595501
1784101925752,11.920000,-12.093918,19.264318,0.317616,14.192883
1784101925772,11.940000,-43.672012,22.023697,0.327427,5.706301
1784101925792,11.960000,-36.003193,23.620620,0.352298,0.366833
1784101925812,11.980000,-45.551210,23.987616,0.375677,-0.357594
1784101925832,12.000000,-27.378586,22.939066,0.494664,1.246073
1784101925852,12.020000,-42.592102,20.429482,0.492936,3.660443
1784101925872,12.040000,-26.490650,16.741255,0.455248,8.211164
1784101925892,12.060000,-29.905472,12.460022,0.393424,15.203535
1784101925912,12.080000,-7.727029,8.291534,0.340382,20.399089
1784101925932,12.100000,-22.869303,4.872563,0.317616,18.290554
1784101925952,12.120000,-14.399832,2.632852,0.327427,8.721234
1784101925972,12.140000,-51.414870,1.668465,0.352298,-2.106870
1784101925992,12.160000,-27.462475,1.651833,0.375677,-8.167572
1784101926012,12.180000,-46.231080,1.909800,0.362708,-9.358490
1784101926032,12.200000,-27.000423,1.720702,0.303657,-9.635227
1784101926052,12.220000,-47.482460,0.662400,0.252628,-11.455973
1784101926072,12.240000,-26.353676,-1.230767,0.226700,-13.933342
1784101926092,12.260000,-48.663162,-3.574505,0.158174,-15.453540
1784101926112,12.280000,-23.167082,-5.866030,0.089426,-16.062339
1784101926132,12.300000,-35.754124,-7.667165,-0.008223,-16.355297
1784101926152,12.320000,-22.510990,-8.681637,-0.176032,-15.324860
1784101926172,12.340000,-35.774727,-8.773269,-0.411692,-11.843554
1784101926192,12.360000,0.449276,-7.963077,-0.681285,-7.826174
1784101926212,12.380000,-15.933912,-6.383486,-0.854121,-6.421517
1784101926232,12.400000,-1.053066,-4.199183,-0.973867,-6.919303
1784101926252,12.420000,-15.742785,-1.580827,-0.980101,-5.235197
1784101926272,12.440000,16.698967,1.243265,-0.879244,-0.014740
1784101926292,12.460000,9.513996,3.975908,-0.719029,5.317408
1784101926312,12.480000,28.821306,6.357355,-0.514403,7.420038
1784101926332,12.500000,5.502089,8.265800,-0.321615,6.557335
1784101926352,12.520000,34.682938,9.672621,-0.128035,4.131599
1784101926372,12.540000,14.275816,10.521371,0.047058,0.184809
1784101926392,12.560000,27.507395,10.685768,0.178731,-4.712424
1784101926412,12.580000,4.506416,10.021385,0.281998,-7.857750
1784101926432,12.600000,34.436707,8.428613,0.334622,-6.868048
1784101926452,12.620000,16.185753,5.910199,0.400426,-2.399463
1784101926472,12.640000,46.507294,2.646103,0.452598,2.587220
1784101926492,12.660000,27.066050,-0.967702,0.494664,5.314302
1784101926512,12.680000,49.354656,-4.400577,0.492936,4.676798
1784101926532,12.700000,28.240808,-7.171894,0.455248,1.717815
1784101926552,12.720000,49.915966,-9.023338,0.393424,-0.215141
1784101926572,12.740000,29.831686,-9.978752,0.340382,2.737004
1784101926592,12.760000,40.570667,-10.282533,0.317616,10.247283
1784101926612,12.780000,67.429820,-10.256354,0.327427,16.159495
1784101926632,12.800000,55.389862,-10.116355,0.352298,15.505921
1784101926652,12.820000,29.334087,-9.876817,0.375677,11.407829
1784101926672,12.840000,59.883408,-9.462500,0.362708,10.560304
1784101926692,12.860000,39.184464,-8.911374,0.303657,14.371997
1784101926712,12.880000,60.940550,-8.414067,0.252628,18.546868
1784101926732,12.900000,38.932594,-8.148192,0.226700,18.995515
1784101926752,12.920000,52.683357,-8.139514,0.158174,15.173930
1784101926772,12.940000,25.316696,-8.307242,0.089426,9.056236
1784101926792,12.960000,37.840140,-8.591900,-0.008223,3.107441
1784101926812,12.980000,9.495256,-9.024768,-0.176032,-0.662529
1784101926832,13.000000,28.669708,-9.700160,-0.411692,-0.951827
1784101926852,13.020000,7.814309,-10.676927,-0.681285,2.504482
1784101926872,13.040000,31.595846,-11.870293,0.494664,8.601610
1784101926892,13.060000,16.784927,-12.999650,0.492936,14.939056
1784101926912,13.080000,33.911118,-13.632817,0.455248,18.401331
1784101926932,13.100000,11.024902,-13.327908,0.393424,16.213406
1784101926952,13.120000,22.123580,-11.821795,0.340382,7.744775
1784101926972,13.140000,-12.287366,-9.179095,0.317616,-3.708796
1784101926992,13.160000,-5.843728,-5.827980,0.327427,-12.275013
1784101927012,13.180000,-37.369617,-2.456973,0.352298,-15.189577
1784101927032,13.200000,-7.123497,0.208597,0.375677,-16.733358
1784101927052,13.220000,-35.667910,1.691062,0.362708,-23.376465
1784101927072,13.240000,-42.643944,1.957011,0.303657,-34.983657
1784101927092,13.260000,-66.243560,1.358233,0.252628,-44.198194
1784101927112,13.280000,-44.242090,0.364833,0.226700,-44.496679
1784101927132,13.300000,-59.844635,-0.638213,0.158174,-35.650734
1784101927152,13.320000,-21.176567,-1.315046,0.089426,-21.616455
1784101927172,13.340000,-35.909496,-1.230511,-0.008223,-6.601685
1784101927192,13.360000,3.549561,0.168431,-0.176032,5.705960
1784101927212,13.380000,-11.681245,3.381616,-0.411692,11.633797
1784101927232,13.400000,6.101066,8.611003,-0.681285,9.129374
1784101927252,13.420000,-21.392834,15.566316,-0.854121,0.314964
1784101927272,13.440000,-8.619191,23.406670,-0.973867,-8.929447
1784101927292,13.460000,-41.600640,30.868418,-0.980101,-13.478639
1784101927312,13.480000,-8.088776,36.578110,-0.879244,-13.359319
1784101927332,13.500000,-24.144888,39.474945,-0.719029,-12.368425
1784101927352,13.520000,-16.626242,39.163517,-0.514403,-12.474702
1784101927372,13.540000,-25.723782,35.994003,-0.321615,-11.854249
1784101927392,13.560000,3.157707,30.840563,-0.128035,-8.086253
1784101927412,13.580000,-17.158028,24.762995,0.047058,-0.640217
1784101927432,13.600000,24.553703,18.752111,0.178731,9.517717
1784101927452,13.620000,10.005733,13.604297,0.281998,20.669161
1784101927472,13.640000,42.335575,9.859146,0.334622,30.387366
1784101927492,13.660000,34.947420,7.762258,0.400426,36.001644
1784101927512,13.680000,51.508804,7.253416,0.452598,36.111771
1784101927532,13.700000,26.423298,7.966508,0.494664,31.614978
1784101927552,13.720000,47.926704,9.252396,0.492936,24.825456
1784101927572,13.740000,15.238299,10.270124,0.455248,18.102412
1784101927592,13.760000,36.569218,10.167157,0.456751,13.403832
1784101927612,13.780000,13.306279,8.308927,0.467861,11.884572
1784101927632,13.800000,34.925370,4.466992,0.447676,12.717260
1784101927652,13.820000,10.521727,-1.114524,0.419594,12.206171
1784101927672,13.840000,31.745226,-7.799119,0.389484,5.914719
1784101927692,13.860000,9.729382,-14.751590,0.344338,-5.717126
1784101927712,13.880000,-10.234888,-21.184113,0.322117,-15.169711
1784101927732,13.900000,-7.358808,-26.586046,0.324546,-15.378631
1784101927752,13.920000,16.955727,-30.806122,0.303935,-8.764398
1784101927772,13.940000,-3.846502,-33.887768,0.247279,-4.717217
1784101927792,13.960000,15.634124,-35.797886,0.231927,-8.603207
1784101927812,13.980000,-18.209969,-36.341206,0.238848,-16.027794
1784101927832,14.000000,2.914307,-35.354490,0.246458,-17.586056
1784101927852,14.020000,-9.538734,-32.933560,0.233985,-7.854125
1784101927872,14.040000,31.834501,-29.417470,0.191532,9.816821
1784101927892,14.060000,19.628662,-25.146414,0.133157,25.651158
1784101927912,14.080000,47.096560,-20.240870,0.072980,30.006615
1784101927932,14.100000,21.595963,-14.625039,-0.019777,19.993374
1784101927952,14.120000,15.359447,-8.299027,-0.105550,2.103825
1784101927972,14.140000,-25.569609,-1.659760,-0.320784,-12.767491
1784101927992,14.160000,0.024120,4.389542,-0.632249,-18.640286
1784101928012,14.180000,-23.558372,8.702240,-0.842932,-17.875121
1784101928032,14.200000,-2.392911,10.422353,-0.956494,-15.481115
1784101928052,14.220000,-24.425503,9.436336,-0.998629,-13.189512
1784101928072,14.240000,1.107659,6.429735,-0.951048,-10.403297
1784101928092,14.260000,-19.963820,2.563913,-0.809480,-8.152400
1784101928112,14.280000,7.184692,-0.959874,-0.553815,-8.975139
1784101928132,14.300000,-22.801754,-3.230765,-0.291316,-12.847175
1784101928152,14.320000,-10.945632,-3.808110,-0.110606,-15.987000
1784101928172,14.340000,-26.240944,-2.768280,0.029593,-15.550694
1784101928192,14.360000,-0.777435,-0.597548,0.152938,-13.609501
1784101928212,14.380000,-23.140064,2.062325,0.250476,-14.031511
1784101928232,14.400000,-9.130226,4.683990,0.305426,-16.609199
1784101928252,14.420000,-28.073430,6.968204,0.360807,-16.730508
1784101928272,14.440000,-0.775076,8.788848,0.419828,-10.683955
1784101928292,14.460000,-11.065114,10.122678,0.456751,0.209823
1784101928312,14.480000,22.552864,11.064738,0.467861,10.796267
1784101928332,14.500000,3.156411,11.860477,0.447676,16.604803
1784101928352,14.520000,30.269245,12.837216,0.419594,17.240727
1784101928372,14.540000,0.255192,14.226975,0.389484,16.052636
1784101928392,14.560000,28.555882,15.992673,0.344338,16.837514
1784101928412,14.580000,8.478708,17.792189,0.322117,20.586131
1784101928432,14.600000,31.538654,19.121187,0.324546,24.577556
1784101928452,14.620000,8.276829,19.535173,0.303935,24.043550
1784101928472,14.640000,30.172650,18.802480,0.247279,15.942548
1784101928492,14.660000,-14.417142,16.910210,0.231927,2.633480
1784101928512,14.680000,-11.072086,13.943573,0.238848,-9.268003
1784101928532,14.700000,-26.944970,9.946740,0.246458,-14.771217
1784101928552,14.720000,-5.492736,4.919395,0.233985,-13.686576
1784101928572,14.740000,-37.553413,-1.009541,0.191532,-8.242488
1784101928592,14.760000,5.225444,-7.396105,0.133157,-0.724459
1784101928612,14.780000,-18.412410,-13.473534,0.072980,6.602983
1784101928632,14.800000,12.864424,-18.335274,-0.019777,12.084263
1784101928652,14.820000,-18.150093,-21.195335,-0.105550,15.234408
1784101928672,14.840000,12.963667,-21.631400,-0.320784,15.599726
1784101928692,14.860000,-19.377422,-19.731428,-0.632249,12.418063
1784101928712,14.880000,1.750706,-16.066854,-0.842932,6.609517
1784101928732,14.900000,-45.002090,-11.519237,-0.956494,1.357433
1784101928752,14.920000,-7.589319,-7.064371,0.000000,-0.768559
1784101928772,14.940000,-38.881620,-3.552168,0.000000,0.244194
1784101928792,14.960000,-16.090889,-1.490115,0.000000,3.351327
1784101928812,14.980000,-40.054337,-0.916320,0.000000,7.342455
1784101928832,15.000000,-10.149614,-1.450977,0.000000,9.643030
1784101928852,15.020000,-38.483967,-2.489992,0.000000,7.307170
1784101928872,15.040000,-24.747103,-3.428067,0.000000,0.573792
1784101928892,15.060000,-63.416603,-3.854635,0.000000,-6.687053
1784101928912,15.080000,-36.339363,-3.690198,0.000000,-11.241620
1784101928932,15.100000,-68.857980,-3.175651,0.456751,-13.710442
1784101928952,15.120000,-46.496490,-2.685420,0.467861,-16.871494
1784101928972,15.140000,-83.266340,-2.496077,0.447676,-22.119817
1784101928992,15.160000,-54.848587,-2.675654,0.419594,-27.901879
1784101929012,15.180000,-93.199710,-3.119061,0.389484,-30.439911
1784101929032,15.200000,-59.019444,-3.634495,0.344338,-26.053152
1784101929052,15.220000,-72.457695,-3.990218,0.322117,-13.930721
1784101929072,15.240000,-29.816776,-3.895685,0.324546,2.893532
1784101929092,15.260000,-43.347780,-2.965654,0.303935,19.052954
1784101929112,15.280000,1.774582,-0.757352,0.247279,29.415454
1784101929132,15.300000,-29.872454,3.070051,0.231927,31.376530
1784101929152,15.320000,-5.316756,8.522740,0.238848,25.774628
1784101929172,15.340000,-35.609570,15.095820,0.246458,15.944510
1784101929192,15.360000,-25.757698,21.778116,0.233985,5.596942
1784101929212,15.380000,-59.512486,27.270676,0.191532,-3.665871
1784101929232,15.400000,-33.808224,30.344378,0.133157,-13.078499
1784101929252,15.420000,-66.830340,30.203554,0.072980,-23.545670
1784101929272,15.440000,-64.290650,26.709269,-0.019777,-32.407216
1784101929292,15.460000,-77.257095,20.365183,-0.105550,-35.542480
1784101929312,15.480000,-40.141468,12.125285,-0.320784,-31.319735
1784101929332,15.500000,-67.087616,3.192984,-0.632249,-20.641636
1784101929352,15.520000,-18.619620,-5.125255,-0.842932,-5.800794
1784101929372,15.540000,-21.159462,-11.580709,-0.956494,8.967523
1784101929392,15.560000,10.230677,-15.185500,-0.998629,18.674089
1784101929412,15.580000,-9.972344,-15.407050,-0.951048,21.167429
1784101929432,15.600000,24.455095,-12.312496,-0.809480,18.675590
1784101929452,15.620000,-20.617508,-6.628672,-0.553815,15.059628
1784101929472,15.640000,19.294191,0.354735,-0.291316,11.387069
1784101929492,15.660000,-13.001825,7.081389,0.488943,5.300433
1784101929512,15.680000,6.238424,12.134120,0.472007,-4.045723
1784101929532,15.700000,-32.339233,14.565198,0.439976,-12.438137
1784101929552,15.720000,-4.614751,14.017234,0.408016,-14.794090
1784101929572,15.740000,-26.148470,10.664252,0.350013,-11.677575
1784101929592,15.760000,17.937744,5.121907,0.313703,-8.261668
1784101929612,15.780000,-24.233240,-1.623316,0.285074,-6.839210
1784101929632,15.800000,12.307498,-8.382984,0.252400,-3.837392
1784101929652,15.820000,0.320332,-14.066349,0.223545,4.870685
1784101929672,15.840000,37.744766,-17.933160,0.197641,18.496771
1784101929692,15.860000,22.263868,-19.641300,0.184635,31.812658
1784101929712,15.880000,64.731480,-19.147575,0.176330,39.256257
1784101929732,15.900000,29.540340,-16.633291,0.174343,38.619802
1784101929752,15.920000,52.129310,-12.528081,0.151285,31.870587
1784101929772,15.940000,16.647060,-7.561624,0.100863,22.735028
1784101929792,15.960000,33.436820,-2.730561,0.042366,13.814828
1784101929812,15.980000,-0.986516,0.882953,0.017470,5.988179
1784101929832,16.000000,18.101920,2.397804,-0.145464,-0.374150
1784101929852,16.020000,-13.570934,1.389055,-0.580334,-4.402633
1784101929872,16.040000,12.865293,-2.001124,-0.869333,-5.064596
1784101929892,16.060000,-17.385052,-7.116397,-0.978343,-2.515986
1784101929912,16.080000,20.975353,-12.959153,-0.998394,1.062613
1784101929932,16.100000,-16.956388,-18.419174,-0.966727,2.554898
1784101929952,16.120000,19.862532,-22.509230,-0.815178,0.372816
1784101929972,16.140000,-24.332943,-24.570585,-0.552734,-4.135322
1784101929992,16.160000,1.332865,-24.407835,-0.242424,-8.336452
1784101930012,16.180000,-31.725615,-22.306122,-0.059520,-11.622541
1784101930032,16.200000,-4.517610,-18.899088,0.105124,-15.934530
1784101930052,16.220000,-42.709550,-14.930749,0.254692,-22.312103
1784101930072,16.240000,-26.872646,-11.034233,0.319938,-28.719569
1784101930092,16.260000,-60.972510,-7.636656,0.353184,-32.856999
1784101930112,16.280000,-23.991663,-4.968090,0.419894,-35.102467
1784101930132,16.300000,-63.032574,-3.064112,0.468024,-36.233028
1784101930152,16.320000,-37.991596,-1.748824,0.488943,-34.402580
1784101930172,16.340000,-59.218254,-0.683176,0.472007,-27.791697
1784101930192,16.360000,-14.998781,0.522107,0.439976,-18.595986
1784101930212,16.380000,-39.997433,2.231093,0.408016,-10.901140
1784101930232,16.400000,-14.905205,4.758752,0.471217,-5.909544
1784101930252,16.420000,-39.294910,8.293155,0.469012,-2.340684
1784101930272,16.440000,1.855302,12.760846,0.444179,-0.001698
1784101930292,16.460000,-42.645657,17.779306,0.409980,0.220118
1784101930312,16.480000,-7.578438,22.754892,0.367814,-1.167404
1784101930332,16.500000,-46.062460,27.032816,0.318780,-2.264068
1784101930352,16.520000,-10.693808,30.022284,0.273919,-1.595110
1784101930372,16.540000,-44.631680,31.311508,0.241915,1.527667
1784101930392,16.560000,-5.701728,30.775957,0.212851,7.890995
1784101930412,16.580000,-33.906750,28.622892,0.187946,18.303664
1784101930432,16.600000,15.346894,25.344622,0.147261,32.319836
1784101930452,16.620000,-7.197200,21.613733,0.123359,47.576803
1784101930472,16.640000,35.874226,18.150362,0.132033,60.722161
1784101930492,16.660000,11.690477,15.567395,0.128372,69.068449
1784101930512,16.680000,42.748665,14.209782,0.099691,71.698370
1784101930532,16.700000,2.133667,14.030799,0.096361,69.054991
1784101930552,16.720000,27.191221,14.557415,0.079580,61.362576
1784101930572,16.740000,-20.041515,14.979248,0.025987,48.217035
1784101930592,16.760000,-8.157519,14.349219,-0.466590,30.239200
1784101930612,16.780000,-72.852310,11.820432,-0.945683,9.877789
1784101930632,16.800000,-49.582170,6.830364,-0.995535,-10.264374
1784101930652,16.820000,-112.622070,-0.785120,-0.978538,-28.601518
1784101930672,16.840000,-92.522280,-10.724673,-0.906611,-43.470085
1784101930692,16.860000,-137.057510,-22.215395,-0.752433,-52.702887
1784101930712,16.880000,-120.312500,-34.105053,-0.536857,-56.024381
1784101930732,16.900000,-144.242100,-45.045593,-0.276234,-56.746028
1784101930752,16.920000,-103.033730,-53.692554,-0.096741,-57.925772
1784101930772,16.940000,-167.800960,-58.885060,0.082982,-57.215566
1784101930792,16.960000,-112.989820,-59.850520,0.218746,-50.141172
1784101930812,16.980000,-128.825090,-56.383698,0.262733,-38.219381
1784101930832,17.000000,-92.314810,-48.843140,0.315856,-28.150755
1784101930852,17.020000,-120.560680,-37.950012,0.391344,-22.843673
1784101930872,17.040000,-89.226670,-24.598734,0.444199,-18.361330
1784101930892,17.060000,-109.323610,-9.829112,0.471217,-10.527662
1784101930912,17.080000,-64.437320,5.178990,0.469012,-0.674185
1784101930932,17.100000,-88.569970,19.263802,0.444179,7.124241
1784101930952,17.120000,-53.437737,31.511896,0.409980,12.211396
1784101930972,17.140000,-84.312360,41.365932,0.367814,17.686952
1784101930992,17.160000,-34.073190,48.566480,0.318780,24.886449
1784101931012,17.180000,-66.502830,53.055466,0.273919,30.381088
1784101931032,17.200000,-25.728067,54.941174,0.471217,29.768401
1784101931052,17.220000,-69.799835,54.477535,0.469012,22.978269
1784101931072,17.240000,-48.287300,51.970080,0.444179,14.157773
1784101931092,17.260000,-76.595960,47.640575,0.409980,6.929174
1784101931112,17.280000,-49.329760,41.592407,0.367814,1.839390
1784101931132,17.300000,-88.729680,33.932804,0.318780,-1.776521
1784101931152,17.320000,-54.733200,24.936193,0.273919,-4.066633
1784101931172,17.340000,-81.617004,15.110344,0.241915,-4.976928
1784101931192,17.360000,-48.781000,5.147471,0.212851,-4.041592
1784101931212,17.380000,-79.889380,-4.180952,0.187946,0.127656
1784101931232,17.400000,-27.879665,-12.148778,0.147261,8.357464
1784101931252,17.420000,-58.451790,-18.187475,0.123359,18.683890
1784101931272,17.440000,-8.894659,-21.947830,0.132033,26.409285
1784101931292,17.460000,-40.475563,-23.319193,0.128372,27.131409
1784101931312,17.480000,-12.112925,-22.457047,0.099691,20.379012
1784101931332,17.500000,-61.395270,-19.838121,0.096361,9.874879
1784101931352,17.520000,-28.641348,-16.283436,0.079580,-0.296164
1784101931372,17.540000,-69.950870,-12.851395,0.025987,-8.848381
1784101931392,17.560000,-50.575280,-10.574625,-0.466590,-16.295211
1784101931412,17.580000,-75.249420,-10.151293,-0.945683,-22.130449
1784101931432,17.600000,-55.463318,-11.749448,-0.995535,-24.063289
1784101931452,17.620000,-84.351870,-15.000705,-0.978538,-20.579651
1784101931472,17.640000,-34.648340,-19.139017,-0.906611,-13.887110
1784101931492,17.660000,-64.757530,-23.188090,-0.752433,-8.398347
1784101931512,17.680000,-35.707737,-26.156950,-0.536857,-6.011173
1784101931532,17.700000,-59.482390,-27.258055,-0.276234,-4.944888
1784101931552,17.720000,-32.565296,-26.120890,-0.096741,-3.355684
1784101931572,17.740000,-57.760323,-22.893509,0.082982,-1.916095
1784101931592,17.760000,-22.580614,-18.146430,0.218746,-1.626784
1784101931612,17.780000,-59.283344,-12.641640,0.262733,-0.223073
1784101931632,17.800000,-22.613312,-7.113814,0.315856,6.520586
1784101931652,17.820000,-40.571860,-2.132690,0.391344,18.774926
1784101931672,17.840000,10.930481,1.986246,0.444199,30.323941
1784101931692,17.860000,-28.231968,5.239992,0.471217,34.386720
1784101931712,17.880000,7.977772,7.885212,0.469012,30.646026
1784101931732,17.900000,-38.589270,10.214326,0.444179,24.975319
1784101931752,17.920000,-3.740781,12.282749,0.409980,22.762859
1784101931772,17.940000,-33.777890,13.816406,0.367814,23.614870
1784101931792,17.960000,-4.898471,14.385071,0.420183,22.542082
1784101931812,17.980000,-45.878853,13.679915,0.460309,15.375064
1784101931832,18.000000,-18.376158,11.668315,0.477775,2.815696
1784101931852,18.020000,-75.463120,8.545178,0.471559,-10.232521
1784101931872,18.040000,-47.330513,4.572771,0.455566,-19.396149
1784101931892,18.060000,-77.641070,-0.025080,0.416991,-24.667535
1784101931912,18.080000,-55.487550,-5.022298,0.362464,-28.775426
1784101931932,18.100000,-92.306564,-10.075389,0.306946,-33.001740
1784101931952,18.120000,-61.118820,-14.687416,0.268792,-36.337742
1784101931972,18.140000,-90.235090,-18.307184,0.240484,-37.463380
1784101931992,18.160000,-59.408623,-20.468430,0.192988,-35.790037
1784101932012,18.180000,-87.411255,-20.870623,0.137078,-31.647954
1784101932032,18.200000,-46.155537,-19.403326,0.101191,-26.759135
1784101932052,18.220000,-72.347084,-16.139956,0.038056,-23.557075
1784101932072,18.240000,-44.340840,-11.311717,0.006772,-23.186799
1784101932092,18.260000,-74.716060,-5.293391,0.078857,-24.823857
1784101932112,18.280000,-41.305473,1.389331,0.116593,-26.664485
1784101932132,18.300000,-70.369965,8.088529,0.106952,-26.217098
1784101932152,18.320000,-38.395260,14.146869,0.095908,-20.339268
1784101932172,18.340000,-51.049700,19.056818,0.070641,-7.410759
1784101932192,18.360000,-1.325687,22.597742,0.031144,9.885295
1784101932212,18.380000,-22.222862,24.904694,-0.391905,25.159200
1784101932232,18.400000,29.354015,26.421051,-0.880240,32.795361
1784101932252,18.420000,-15.547836,27.700304,-0.958406,32.473165
1784101932272,18.440000,21.013273,29.104210,-0.997257,29.153506
1784101932292,18.460000,-18.604000,30.556585,-0.964560,28.216658
1784101932312,18.480000,27.423563,31.528784,-0.853128,30.927147
1784101932332,18.500000,-15.709967,31.293620,-0.637205,34.422577
1784101932352,18.520000,27.142307,29.288055,-0.406448,34.824539
1784101932372,18.540000,-14.628807,25.352066,-0.201833,30.353149
1784101932392,18.560000,7.995121,19.730629,0.008414,22.777324
1784101932412,18.580000,-30.939112,12.898702,0.187974,16.210727
1784101932432,18.600000,-3.417714,5.358421,0.270736,14.147889
1784101932452,18.620000,-28.578606,-2.457979,0.301656,17.658407
1784101932472,18.640000,3.917563,-10.141372,0.301824,25.648123
1784101932492,18.660000,-21.370775,-17.206583,0.359772,35.306623
1784101932512,18.680000,26.099033,-23.070200,0.420183,42.497733
1784101932532,18.700000,-16.503640,-27.145514,0.460309,43.603961
1784101932552,18.720000,12.108230,-29.022028,0.477775,37.427844
1784101932572,18.740000,-40.376015,-28.668854,0.420183,24.843560
1784101932592,18.760000,-9.543009,-26.557737,0.460309,8.115532
1784101932612,18.780000,-78.661736,-23.597153,0.477775,-8.482703
1784101932632,18.800000,-50.473625,-20.880537,0.471559,-20.111406
1784101932652,18.820000,-91.415490,-19.362020,0.455566,-25.694352
1784101932672,18.840000,-56.077484,-19.559181,0.416991,-29.122601
1784101932692,18.860000,-101.926346,-21.362068,0.362464,-34.564641
1784101932712,18.880000,-70.810180,-24.056452,0.306946,-41.919109
1784101932732,18.900000,-116.211960,-26.604462,0.268792,-48.115670
1784101932752,18.920000,-81.076840,-28.040901,0.240484,-51.802270
1784101932772,18.940000,-109.264300,-27.748426,0.192988,-54.879303
1784101932792,18.960000,-91.790790,-25.508844,0.137078,-59.352618
1784101932812,18.980000,-120.031450,-21.425621,0.101191,-64.253622
1784101932832,19.000000,-79.910690,-15.832345,0.038056,-65.671114
1784101932852,19.020000,-115.087540,-9.195903,0.006772,-58.904800
1784101932872,19.040000,-57.423580,-1.987414,0.078857,-42.085736
1784101932892,19.060000,-57.512130,5.466691,0.116593,-18.872808
1784101932912,19.080000,1.826958,13.102245,0.106952,3.964015
1784101932932,19.100000,-17.490034,21.123137,0.095908,21.714866
1784101932952,19.120000,38.395657,29.819174,0.070641,32.956072
1784101932972,19.140000,15.084715,39.242798,0.031144,37.299853
1784101932992,19.160000,52.368294,48.951977,-0.391905,35.045697
1784101933012,19.180000,12.186123,57.986280,-0.880240,28.510837
1784101933032,19.200000,48.397953,65.056480,-0.958406,21.162593
1784101933052,19.220000,13.502346,68.851270,-0.997257,15.159676
1784101933072,19.240000,48.482376,68.388000,-0.964560,10.818708
1784101933092,19.260000,18.789540,63.310580,-0.853128,8.150250
1784101933112,19.280000,52.482185,54.012543,-0.637205,7.629058
1784101933132,19.300000,30.458046,41.535503,-0.406448,9.189185
1784101933152,19.320000,70.621230,27.314667,-0.201833,11.447190
1784101933172,19.340000,38.899292,12.881229,0.008414,12.628830
1784101933192,19.360000,83.656160,-0.410335,0.187974,12.048740
1784101933212,19.380000,42.844390,-11.592159,0.270736,10.511776
1784101933232,19.400000,88.677430,-20.195852,0.301656,9.444783
1784101933252,19.420000,50.106865,-26.237953,0.301824,9.709884
1784101933272,19.440000,96.705690,-30.085718,0.359772,11.089404
1784101933292,19.460000,54.595310,-32.265682,0.420183,12.579917
1784101933312,19.480000,106.788420,-33.292336,0.404408,13.414978
1784101933332,19.500000,64.757480,-33.563435,0.450921,14.459311
1784101933352,19.520000,104.360360,-33.331074,0.477536,17.785917
1784101933372,19.540000,74.732346,-32.733555,0.480028,23.386316
1784101933392,19.560000,121.903790,-31.841051,0.467418,27.349684
1784101933412,19.580000,78.585590,-30.672960,0.446288,25.451931
1784101933432,19.600000,104.452126,-29.218925,0.404124,17.985010
1784101933452,19.620000,63.570038,-27.523315,0.343178,9.300921
1784101933472,19.640000,86.020200,-25.789750,0.299680,2.673902
1784101933492,19.660000,44.645096,-24.380583,0.269771,-3.590452
1784101933512,19.680000,70.175290,-23.674032,0.239729,-14.456657
1784101933532,19.700000,14.323224,-23.889084,0.176024,-31.795677
1784101933552,19.720000,26.012947,-25.017714,0.131375,-49.732730
1784101933572,19.740000,-18.879925,-26.889862,0.090650,-57.795711
1784101933592,19.760000,17.705523,-29.256302,0.028021,-49.822150
1784101933612,19.780000,7.621134,-31.746025,0.026973,-29.571886
1784101933632,19.800000,58.531900,-33.701168,0.106915,-7.156278
1784101933652,19.820000,35.801920,-34.096115,0.139363,9.475088
1784101933672,19.840000,73.792370,-31.755804,0.110784,18.955070
1784101933692,19.860000,46.912790,-25.838118,0.075106,24.004210
1784101933712,19.880000,76.424416,-16.289446,0.031018,26.876267
1784101933732,19.900000,38.923740,-3.987211,-0.049682,27.371339
1784101933752,19.920000,73.426510,9.487416,-0.391678,23.934349
1784101933772,19.940000,17.665780,22.290030,-0.757245,16.005506
1784101933792,19.960000,45.060608,32.750416,-0.923871,5.194761
1784101933812,19.980000,-3.051714,39.670820,-0.987766,-5.502769
1784101933832,20.000000,17.201612,42.465000,-0.987703,-13.253086
1784101933852,20.020000,-22.649790,41.178505,-0.871171,-16.864263
1784101933872,20.040000,13.275020,36.432220,-0.669850,-17.281681
1784101933892,20.060000,-25.268255,29.304949,-0.462759,-15.977863
1784101933912,20.080000,11.147003,21.153429,-0.252911,-13.031823
1784101933932,20.100000,-25.322025,13.371291,-0.058913,-7.824396
1784101933952,20.120000,28.793787,7.133278,0.127908,-1.143728
1784101933972,20.140000,-19.578772,3.217095,0.230898,4.562618
1784101933992,20.160000,30.816010,1.939642,0.248141,6.891991
1784101934012,20.180000,-8.873713,3.170798,0.272254,5.417791
1784101934032,20.200000,16.978630,6.391280,0.338785,2.314400
1784101934052,20.220000,-16.448904,10.789448,0.404408,0.092953
1784101934072,20.240000,14.231091,15.407555,0.450921,-1.741187
1784101934092,20.260000,-16.174723,19.334840,0.411669,-6.012224
1784101934112,20.280000,5.554461,21.905981,0.437312,-13.181457
1784101934132,20.300000,-40.593550,22.807226,0.443045,-19.505640
1784101934152,20.320000,3.835249,22.031700,0.435410,-21.083760
1784101934172,20.340000,-29.056470,19.782652,0.421493,-17.829380
1784101934192,20.360000,8.802553,16.444567,0.413786,-12.490519
1784101934212,20.380000,-18.340300,12.587697,0.388411,-7.680621
1784101934232,20.400000,24.044290,8.895156,0.351399,-4.497760
1784101934252,20.420000,-10.343937,5.996982,0.307209,-2.411756
1784101934272,20.440000,26.854310,4.298797,0.281062,-0.091420
1784101934292,20.460000,0.613023,3.883855,0.264263,2.962851
1784101934312,20.480000,39.437664,4.524313,0.236432,5.844947
1784101934332,20.500000,1.779051,5.793459,0.215763,7.432896
1784101934352,20.520000,47.759247,7.211046,0.179666,7.705075
1784101934372,20.540000,7.618199,8.350743,0.129873,8.048696
1784101934392,20.560000,44.501595,8.891887,0.129269,10.317063
1784101934412,20.580000,23.683903,8.642020,0.138354,15.128236
1784101934432,20.600000,57.422170,7.559574,0.132843,21.173400
1784101934452,20.620000,30.361370,5.767862,0.098476,26.096925
1784101934472,20.640000,71.839130,3.527399,0.056648,27.681731
1784101934492,20.660000,24.264770,1.144649,-0.037953,24.769100
1784101934512,20.680000,65.882416,-1.159371,-0.119312,17.859607
1784101934532,20.700000,8.980577,-3.350864,-0.327788,8.774934
1784101934552,20.720000,38.527860,-5.608154,-0.663249,-0.916888
1784101934572,20.740000,-6.252329,-8.256741,-0.850755,-11.085001
1784101934592,20.760000,22.133318,-11.621886,-0.987272,-21.529469
1784101934612,20.780000,-34.890614,-15.862538,-0.983748,-29.689919
1784101934632,20.800000,6.189785,-20.875494,-0.904855,-32.068735
1784101934652,20.820000,-31.068617,-26.294530,-0.785777,-28.116716
1784101934672,20.840000,13.381680,-31.531797,-0.590664,-20.803992
1784101934692,20.860000,-17.051970,-35.828716,-0.389186,-13.080450
1784101934712,20.880000,19.110512,-38.367550,-0.143263,-5.403283
1784101934732,20.900000,-9.340015,-38.479565,0.078639,2.565688
1784101934752,20.920000,34.397053,-35.861270,0.244537,9.550494
1784101934772,20.940000,-0.822293,-30.668402,0.308194,14.093560
1784101934792,20.960000,34.758945,-23.459717,0.328053,17.848085
1784101934812,20.980000,0.349010,-15.060880,0.353405,24.793140
1784101934832,21.000000,46.259770,-6.407332,0.411669,35.825796
1784101934852,21.020000,13.635880,1.633024,0.437312,45.387096
1784101934872,21.040000,58.853897,8.437242,0.443045,45.791330
1784101934892,21.060000,-1.720800,13.708253,0.435410,35.701884
1784101934912,21.080000,16.520191,17.367376,0.421493,22.361102
1784101934932,21.100000,-27.822310,19.323854,0.413786,13.823085
1784101934952,21.120000,3.997408,19.351220,0.388411,10.742527
1784101934972,21.140000,-34.718770,17.231100,0.313707,7.733975
1784101934992,21.160000,-15.254892,13.043952,0.337108,1.049256
1784101935012,21.180000,-61.463882,7.309320,0.349982,-7.903143
1784101935032,21.200000,-37.012135,0.839081,0.356711,-15.855130
1784101935052,21.220000,-66.838330,-5.534078,0.370336,-21.082155
1784101935072,21.240000,-54.621550,-11.129791,0.377902,-23.188181
1784101935092,21.260000,-84.374504,-15.458527,0.355099,-22.946947
1784101935112,21.280000,-43.144410,-18.207712,0.325945,-22.977313
1784101935132,21.300000,-85.685290,-19.210962,0.310254,-25.321967
1784101935152,21.320000,-62.261910,-18.419521,0.260053,-28.378229
1784101935172,21.340000,-94.183800,-15.925382,0.239057,-29.387173
1784101935192,21.360000,-56.188310,-12.016350,0.224796,-29.318743
1784101935212,21.380000,-99.190540,-7.153580,0.176773,-32.073771
1784101935232,21.400000,-65.805115,-1.848162,0.139977,-38.767127
1784101935252,21.420000,-114.810646,3.440824,0.080650,-45.115710
1784101935272,21.440000,-80.362360,8.310502,0.043994,-45.682225
1784101935292,21.460000,-106.292270,12.405174,0.066849,-39.761025
1784101935312,21.480000,-57.261063,15.501878,0.079590,-31.309826
1784101935332,21.500000,-100.024890,17.646454,0.041843,-23.486809
1784101935352,21.520000,-43.949604,19.180590,0.016051,-15.775310
1784101935372,21.540000,-83.618280,20.586948,-0.047905,-7.079665
1784101935392,21.560000,-35.313816,22.255424,-0.106695,0.378575
1784101935412,21.580000,-69.064285,24.328257,-0.232462,2.190716
1784101935432,21.600000,-40.050950,26.672129,-0.431886,-2.750462
1784101935452,21.620000,-97.080956,28.906027,-0.703744,-9.306740
1784101935472,21.640000,-49.958847,30.443407,-0.974193,-10.035606
1784101935492,21.660000,-89.694270,30.613205,-0.960596,-1.184142
1784101935512,21.680000,-36.981470,28.914007,-0.895012,15.730282
1784101935532,21.700000,-58.452940,25.308279,-0.819935,36.247892
1784101935552,21.720000,-11.248534,20.352026,-0.627990,55.407159
1784101935572,21.740000,-38.017350,15.037021,-0.245417,69.163959
1784101935592,21.760000,3.999771,10.421625,0.157782,75.757522
1784101935612,21.780000,-50.481690,7.228343,0.269714,76.383879
1784101935632,21.800000,-20.935884,5.562154,0.330357,73.183823
1784101935652,21.820000,-67.850560,4.857301,0.290258,66.428597
1784101935672,21.840000,-56.796173,4.083274,0.255979,55.435576
1784101935692,21.860000,-113.948715,2.113920,0.283048,42.213330
1784101935712,21.880000,-100.033585,-1.918292,0.313707,32.210997
1784101935732,21.900000,-145.204220,-8.401479,0.310203,30.373297
1784101935752,21.920000,-122.356155,-17.145674,0.261198,36.057200
1784101935772,21.940000,-154.733170,-27.370157,0.196275,41.732580
1784101935792,21.960000,-134.722690,-37.810330,0.217152,38.045327
1784101935812,21.980000,-202.574370,-47.001083,0.309650,21.554483
1784101935832,22.000000,-205.155600,-53.722780,0.370002,-2.751875
1784101935852,22.020000,-269.445860,-57.444767,0.377404,-26.180180
1784101935872,22.040000,-259.641600,-58.491833,0.340311,-42.090820
1784101935892,22.060000,-323.493530,-57.782333,0.325458,-48.349235
1784101935912,22.080000,-286.823180,-56.287660,0.294698,-47.549981
1784101935932,22.100000,-331.354000,-54.528656,0.224970,-45.260642
1784101935952,22.120000,-313.371120,-52.353680,0.179087,-46.204742
1784101935972,22.140000,-356.970920,-49.081623,0.140237,-51.631809
1784101935992,22.160000,-340.999270,-43.917038,0.082690,-59.796778
1784101936012,22.180000,-390.174260,-36.400240,0.090546,-67.475278
1784101936032,22.200000,-366.595950,-26.646065,0.063523,-71.075075
1784101936052,22.220000,-405.948000,-15.283702,0.045838,-67.741629
1784101936072,22.240000,-360.506960,-3.181905,0.071758,-56.013484
1784101936092,22.260000,-379.422730,8.899718,0.074952,-35.435363
1784101936112,22.280000,-322.980000,20.585215,0.034604,-6.862682
1784101936132,22.300000,-329.987730,31.960258,0.009342,24.760009
1784101936152,22.320000,-270.172150,43.424984,-0.056350,48.499160
1784101936172,22.340000,-295.752380,55.391340,-0.113849,52.307717
1784101936192,22.360000,-287.450870,67.918610,-0.190827,32.915771
1784101936212,22.380000,-353.554100,80.367930,-0.393257,0.184498
1784101936232,22.400000,-350.150540,91.221990,-0.715393,-29.948583
1784101936252,22.420000,-390.010560,98.299380,-0.972819,-46.348589
1784101936272,22.440000,-353.015000,99.463560,-0.949355,-46.488962
1784101936292,22.460000,-376.293460,93.565100,-0.880072,-33.047332
1784101936312,22.480000,-312.035030,81.099950,-0.807443,-11.025121
1784101936332,22.500000,-315.652980,64.219795,-0.604288,12.150164
1784101936352,22.520000,-262.860780,46.117435,-0.244042,27.926970
1784101936372,22.540000,-282.243560,30.073965,0.206606,31.291193
1784101936392,22.560000,-249.184420,18.510561,0.316653,24.903086
1784101936412,22.580000,-287.101680,12.344890,0.394348,17.607596
1784101936432,22.600000,-246.288540,10.865857,0.377784,16.930935
1784101936452,22.620000,-261.327880,12.175555,0.312614,22.417292
1784101936472,22.640000,-214.273210,14.013719,0.301654,27.209186
1784101936492,22.660000,-248.597100,14.580203,0.310203,25.793197
1784101936512,22.680000,-205.470890,12.967382,0.233380,18.848882
1784101936532,22.700000,-248.806490,9.085438,0.140066,10.999636
1784101936552,22.720000,-202.666320,3.301192,0.071055,5.627901
1784101936572,22.740000,-236.139720,-3.883138,0.125220,2.584811
1784101936592,22.760000,-195.922910,-11.956927,0.257464,0.040731
1784101936612,22.780000,-224.679960,-20.396680,0.350401,-2.900046
1784101936632,22.800000,-189.732330,-28.656210,0.352094,-6.006536
1784101936652,22.820000,-218.554180,-36.215164,0.310042,-9.426710
1784101936672,22.840000,-178.019320,-42.656757,0.316344,-13.619450
1784101936692,22.860000,-208.657680,-47.713623,0.291096,-16.994528
1784101936712,22.880000,-178.887280,-51.270824,0.225819,-15.484281
1784101936732,22.900000,-186.427640,-53.344803,0.185470,-6.458961
1784101936752,22.920000,-128.343080,-54.015990,0.185411,8.128216
1784101936772,22.940000,-156.705080,-53.305317,0.198530,23.470474
1784101936792,22.960000,-95.680620,-51.097393,0.197000,34.718595
1784101936812,22.980000,-123.812490,-47.226360,0.187604,37.987079
1784101936832,23.000000,-92.416504,-41.694386,0.189349,31.939661
1784101936852,23.020000,-133.813480,-34.876072,0.146786,19.941568
1784101936872,23.040000,-105.276520,-27.586090,0.103115,9.375311
1784101936892,23.060000,-143.233700,-20.957016,0.057774,7.341056
1784101936912,23.080000,-90.164930,-16.118309,-0.018665,15.956916
1784101936932,23.100000,-108.659350,-13.764213,-0.133673,31.387505
1784101936952,23.120000,-54.408443,-13.819302,-0.215749,47.361823
1784101936972,23.140000,-71.445790,-15.405347,-0.285940,59.219630
1784101936992,23.160000,-37.618020,-17.167986,-0.522482,64.254151
1784101937012,23.180000,-65.926895,-17.827705,-0.918518,59.122024
1784101937032,23.200000,-48.144400,-16.691591,-0.998597,39.428517
1784101937052,23.220000,-118.607540,-13.917880,-0.902354,3.768435
1784101937072,23.240000,-124.550460,-10.495322,-0.727689,-42.352552
1784101937092,23.260000,-205.635150,-7.994933,-0.568257,-87.811495
1784101937112,23.280000,-194.786850,-8.137538,-0.434552,-121.335001
1784101937132,23.300000,-249.255920,-12.214043,-0.195543,-136.433168
1784101937152,23.320000,-197.730220,-20.493486,0.104429,-132.797043
1784101937172,23.340000,-218.612530,-31.857050,0.297526,-114.538591
1784101937192,23.360000,-150.719510,-43.864414,0.416717,-87.822140
1784101937212,23.380000,-155.926730,-53.296740,0.382355,-59.542715
1784101937232,23.400000,-88.402145,-57.012054,0.307618,-35.835731
1784101937252,23.420000,-106.064860,-52.817898,0.280039,-19.559263
1784101937272,23.440000,-62.200546,-40.085674,0.233380,-9.405744
1784101937292,23.460000,-81.068050,-19.945570,0.140066,-2.488886
1784101937312,23.480000,-37.798630,4.987551,0.071055,2.936023
1784101937332,23.500000,-62.685950,31.281380,0.125220,7.958843
1784101937352,23.520000,-24.224848,55.514423,0.257464,14.234703
1784101937372,23.540000,-45.290607,74.972160,0.350401,22.553032
1784101937392,23.560000,3.860601,88.038290,0.352094,31.271652
1784101937412,23.580000,-17.276829,94.283020,0.310042,38.703876
1784101937432,23.600000,17.232990,94.305510,0.316344,46.745002
1784101937452,23.620000,5.144303,89.385315,0.291096,59.635588
1784101937472,23.640000,60.994194,81.070690,0.225819,78.613837
1784101937492,23.660000,41.921173,70.873350,0.185470,99.109036
1784101937512,23.680000,108.189840,60.126434,0.185411,113.642011
1784101937532,23.700000,59.950066,49.905903,0.198530,117.106340
1784101937552,23.720000,98.589480,40.889866,0.197000,109.173145
1784101937572,23.740000,46.678590,33.177780,0.187604,92.781315
1784101937592,23.760000,63.984900,26.226374,0.189349,72.042081
1784101937612,23.780000,0.171036,19.014505,0.146786,50.865295
1784101937632,23.800000,26.014820,10.404748,0.103115,31.268063
1784101937652,23.820000,-31.326862,-0.435449,0.057774,12.755184
1784101937672,23.840000,-14.237840,-13.703942,0.233380,-5.946152
1784101937692,23.860000,-65.707596,-28.844633,0.140066,-25.334863
1784101937712,23.880000,-58.200120,-44.691483,0.071055,-46.143597
1784101937732,23.900000,-112.234550,-59.807693,0.125220,-70.755699
1784101937752,23.920000,-101.594900,-72.856125,0.257464,-100.668442
1784101937772,23.940000,-168.657300,-82.863280,0.350401,-130.760121
1784101937792,23.960000,-158.613080,-89.335655,0.352094,-148.692213
1784101937812,23.980000,-185.355090,-92.221560,0.310042,-144.116320
1784101937832,24.000000,-116.029450,-91.684210,0.316344,-118.501837
1784101937852,24.020000,-118.426770,-87.715230,0.291096,-83.602024
1784101937872,24.040000,-50.121964,-79.828910,0.225819,-51.073196
1784101937892,24.060000,-63.350630,-67.164330,0.185470,-26.054700
1784101937912,24.080000,-8.107214,-49.047710,0.185411,-9.734430
1784101937932,24.100000,-30.100365,-25.669226,0.198530,-3.600491
1784101937952,24.120000,-4.607415,1.555605,0.197000,-8.265733
1784101937972,24.140000,-44.305600,30.101736,0.187604,-19.351211
1784101937992,24.160000,-20.114744,56.820606,0.189349,-27.352414
1784101938012,24.180000,-51.398045,78.615880,0.146786,-23.365389
1784101938032,24.200000,7.272562,93.155160,0.103115,-5.537282
1784101938052,24.220000,-0.394377,99.459496,0.057774,20.231634
1784101938072,24.240000,58.347900,98.164986,-0.018665,45.558033
1784101938092,24.260000,39.084038,91.286750,-0.133673,64.567170
1784101938112,24.280000,91.491580,81.513890,-0.215749,74.720756
1784101938132,24.300000,55.912598,71.321480,-0.285940,75.888474
1784101938152,24.320000,77.821560,62.271786,-0.522482,70.031932
1784101938172,24.340000,40.696484,54.728620,-0.918518,61.126713
1784101938192,24.360000,77.207320,48.020930,-0.998597,55.317652
1784101938212,24.380000,22.777699,40.951504,-0.902354,59.370947
1784101938232,24.400000,81.381000,32.422363,-0.727689,74.496051
1784101938252,24.420000,71.336586,21.942879,-0.568257,91.505952
1784101938272,24.440000,99.887375,9.878745,-0.434552,96.913684
1784101938292,24.460000,55.612526,-2.658620,-0.195543,85.091222
1784101938312,24.480000,54.285890,-14.319329,0.104429,61.870562
1784101938332,24.500000,0.731855,-24.214075,0.297526,36.689736
1784101938352,24.520000,10.201603,-32.350647,0.416717,14.446347
1784101938372,24.540000,-46.066692,-39.497547,0.382355,-4.576667
1784101938392,24.560000,-36.028070,-46.626710,0.307618,-20.501109
1784101938412,24.580000,-81.125740,-54.343166,0.280039,-32.674995
1784101938432,24.600000,-58.029907,-62.585740,0.233380,-41.795050
1784101938452,24.620000,-108.301445,-70.639595,0.140066,-51.094631
1784101938472,24.640000,-87.535280,-77.380010,0.071055,-64.780424
1784101938492,24.660000,-140.346800,-81.645485,0.125220,-84.535326
1784101938512,24.680000,-135.363190,-82.615090,0.257464,-106.376463
1784101938532,24.700000,-184.800950,-80.055460,0.350401,-121.410655
1784101938552,24.720000,-148.182300,-74.332634,0.352094,-121.332689
1784101938572,24.740000,-174.779170,-66.157920,0.310042,-104.534715
1784101938592,24.760000,-105.467926,-56.166250,0.316344,-77.578409
1784101938612,24.780000,-110.448270,-44.549038,0.291096,-50.154695
1784101938632,24.800000,-61.961662,-30.981066,0.225819,-27.728042
1784101938652,24.820000,-72.251200,-14.931111,0.185470,-9.455095
1784101938672,24.840000,-24.046978,3.809542,0.185411,7.254190
1784101938692,24.860000,-30.912842,24.713486,0.198530,22.735700
1784101938712,24.880000,11.992214,46.475872,0.197000,36.433031
1784101938732,24.900000,-5.810178,67.321080,0.187604,49.311788
1784101938752,24.920000,41.134200,85.425780,0.233380,62.009727
1784101938772,24.940000,25.238106,99.275170,0.140066,71.617189
1784101938792,24.960000,68.909850,107.898660,0.071055,73.552573
1784101938812,24.980000,25.915205,110.958400,0.125220,67.240559
1784101938832,25.000000,52.232975,108.647990,0.257464,57.341564
1784101938852,25.020000,19.378239,101.454160,0.350401,48.420946
1784101938872,25.040000,55.060350,89.971150,0.352094,40.827350
1784101938892,25.060000,9.886950,74.900540,0.310042,32.671945
1784101938912,25.080000,43.049710,57.146040,0.316344,23.070330
1784101938932,25.100000,3.316915,37.821690,0.291096,11.982313
1784101938952,25.120000,31.587294,18.128992,0.225819,-0.999571
1784101938972,25.140000,-11.100506,-0.805836,0.185470,-15.973363
1784101938992,25.160000,7.402607,-18.064413,0.185411,-31.700659
1784101939012,25.180000,-29.254345,-33.026722,0.198530,-46.092685
1784101939032,25.200000,-0.918658,-45.388916,0.197000,-56.781966
1784101939052,25.220000,-33.333126,-55.076680,0.187604,-60.703718
1784101939072,25.240000,7.236816,-62.093720,0.189349,-54.907359
1784101939092,25.260000,-0.082218,-66.385090,0.146786,-39.499589
1784101939112,25.280000,59.411840,-67.760110,0.103115,-19.256168
1784101939132,25.300000,42.924522,-65.897590,0.057774,-1.525126
1784101939152,25.320000,95.685840,-60.480194,-0.018665,7.447505
1784101939172,25.340000,63.347070,-51.464096,-0.133673,5.260531
1784101939192,25.360000,88.893630,-39.373250,-0.215749,-5.734705
1784101939212,25.380000,42.344800,-25.446653,-0.285940,-20.145231
1784101939232,25.400000,71.664856,-11.519463,-0.522482,-32.781962
1784101939252,25.420000,32.241722,0.371560,-0.918518,-40.182045
1784101939272,25.440000,69.229150,8.541535,-0.998597,-39.914081
1784101939292,25.460000,40.759590,12.147061,-0.902354,-30.810915
1784101939312,25.480000,99.237520,11.408058,-0.727689,-14.653245
1784101939332,25.500000,87.779100,7.513556,-0.568257,4.444789
1784101939352,25.520000,134.545200,2.284057,-0.434552,23.639410
1784101939372,25.540000,124.269580,-2.319386,0.273802,43.008239
1784101939392,25.560000,177.509960,-4.715079,0.242573,62.737659
1784101939412,25.580000,156.752760,-4.074987,0.244160,79.898223
1784101939432,25.600000,207.873260,-0.431245,0.292098,89.428479
1784101939452,25.620000,166.068240,5.455280,0.352058,88.750281
1784101939472,25.640000,191.300570,12.324440,0.420284,80.583608
1784101939492,25.660000,138.966660,18.643763,0.429286,69.887822
1784101939512,25.680000,169.972340,22.845080,0.399133,58.619556
1784101939532,25.700000,117.982010,23.623192,0.402143,45.355222
1784101939552,25.720000,127.274720,20.250880,0.373115,29.386664
1784101939572,25.740000,79.615970,12.749700,0.368265,12.572954
1784101939592,25.760000,90.093430,1.823934,0.388281,-2.811031
1784101939612,25.780000,52.515470,-11.354465,0.370188,-15.550109
1784101939632,25.800000,63.050457,-25.365173,0.302191,-24.528478
1784101939652,25.820000,23.781750,-38.724487,0.240775,-28.887414
1784101939672,25.840000,59.623188,-50.061157,0.208971,-29.966171
1784101939692,25.860000,25.149950,-58.255177,0.168324,-30.535856
1784101939712,25.880000,51.420890,-62.513977,0.126078,-31.078646
1784101939732,25.900000,17.298838,-62.429750,0.059903,-29.487166
1784101939752,25.920000,56.301330,-58.046417,-0.023561,-25.878099
1784101939772,25.940000,22.994265,-49.870090,-0.151270,-25.226532
1784101939792,25.960000,56.606327,-38.758724,-0.273334,-32.584945
1784101939812,25.980000,-0.626034,-25.760748,-0.374850,-46.461300
1784101939832,26.000000,20.074270,-12.027516,-0.565215,-59.746742
1784101939852,26.020000,-14.611610,1.217505,-0.824418,-67.471075
1784101939872,26.040000,23.133612,12.807704,-0.988573,-70.526579
1784101939892,26.060000,-13.557272,21.915634,-0.969454,-70.798423
1784101939912,26.080000,22.827152,28.312696,-0.802691,-66.463598
1784101939932,26.100000,8.871138,32.393253,-0.627894,-54.864720
1784101939952,26.120000,63.393120,34.975150,-0.572240,-37.486656
1784101939972,26.140000,60.144722,37.058210,-0.451247,-18.730739
1784101939992,26.160000,103.155230,39.628048,0.407514,-0.903457
1784101940012,26.180000,95.484510,43.446186,0.393829,16.109392
1784101940032,26.200000,149.851170,48.821957,0.353241,30.236358
1784101940052,26.220000,129.049590,55.489807,0.347762,35.905837
1784101940072,26.240000,154.592820,62.663160,0.397297,29.242083
1784101940092,26.260000,118.925186,69.186400,0.434547,13.527627
1784101940112,26.280000,129.731200,73.694260,0.435804,-1.634333
1784101940132,26.300000,102.064690,74.808200,0.380566,-7.027222
1784101940152,26.320000,150.401120,71.458080,0.386938,-0.025046
1784101940172,26.340000,126.156044,63.295090,0.397086,15.096566
1784101940192,26.360000,188.761470,50.984936,0.391907,31.561363
1784101940212,26.380000,166.303900,36.158520,0.385608,44.480514
1784101940232,26.400000,207.959580,20.969984,0.346702,52.231450
1784101940252,26.420000,181.557110,7.438509,0.359044,54.779452
1784101940272,26.440000,212.271070,-3.132870,0.409725,51.844701
1784101940292,26.460000,173.716830,-10.437387,0.392150,43.874627
1784101940312,26.480000,196.311860,-15.084010,0.284477,34.324253
1784101940332,26.500000,154.289890,-18.255535,0.136115,28.781030
1784101940352,26.520000,186.423300,-21.265800,-0.016785,29.949323
1784101940372,26.540000,159.846310,-25.134668,-0.156781,33.746007
1784101940392,26.560000,186.240590,-30.278849,-0.275779,32.335499
1784101940412,26.580000,146.286600,-36.433254,-0.449621,22.337503
1784101940432,26.600000,153.483050,-42.864567,-0.634539,9.130248
1784101940452,26.620000,104.898690,-48.783367,-0.790349,1.257693
1784101940472,26.640000,146.894740,-53.694960,-0.918641,1.097993
1784101940492,26.660000,105.937270,-57.444230,-0.990278,3.584984
1784101940512,26.680000,133.741070,-59.984150,-0.950462,3.756077
1784101940532,26.700000,89.608680,-61.155193,-0.766032,1.856757
1784101940552,26.720000,115.110410,-60.701840,-0.731411,0.041582
1784101940572,26.740000,80.933670,-58.458344,-0.636404,-2.256473
1784101940592,26.760000,103.819695,-54.476410,-0.490511,-6.513715
1784101940612,26.780000,55.584580,-49.010815,-0.297666,-10.480265
1784101940632,26.800000,79.815660,-42.453410,-0.062154,-9.628170
1784101940652,26.820000,56.701420,-35.270596,0.146407,-3.810330
1784101940672,26.840000,87.515045,-27.895958,0.297825,1.016926
1784101940692,26.860000,49.160297,-20.582811,0.372164,-0.971029
1784101940712,26.880000,56.296425,-13.363213,0.348960,-10.321220
1784101940732,26.900000,16.466950,-6.217635,0.359398,-24.534817
1784101940752,26.920000,26.414888,0.680973,0.407514,-42.036288
1784101940772,26.940000,-32.293800,6.881966,0.331598,-61.180339
1784101940792,26.960000,-14.438419,11.788074,0.391244,-76.994281
1784101940812,26.980000,-56.841180,14.891139,0.377631,-81.943097
1784101940832,27.000000,-20.368382,16.006590,0.362560,-71.716923
1784101940852,27.020000,-29.624313,15.461156,0.396536,-50.817022
1784101940872,27.040000,26.844513,14.177116,0.449061,-30.947606
1784101940892,27.060000,-1.831479,13.548942,0.480880,-21.780477
1784101940912,27.080000,25.455261,15.038152,0.490915,-23.372981
1784101940932,27.100000,-9.389684,19.576399,0.478984,-28.128323
1784101940952,27.120000,27.636946,27.087183,0.473264,-28.462881
1784101940972,27.140000,-2.437806,36.460434,0.533682,-21.479593
1784101940992,27.160000,48.199800,46.020298,0.584064,-8.306920
1784101941012,27.180000,34.852410,54.194996,0.563271,8.609445
1784101941032,27.200000,82.525130,60.029675,0.473739,27.185575
1784101941052,27.220000,76.674095,63.349766,0.449927,45.481404
1784101941072,27.240000,123.658780,64.594090,0.464808,60.868107
1784101941092,27.260000,102.860000,64.462380,0.399578,70.281530
1784101941112,27.280000,141.124790,63.545208,0.273107,71.692912
1784101941132,27.300000,107.640335,62.062702,0.114807,65.809428
1784101941152,27.320000,125.586080,59.771910,-0.045194,56.437661
1784101941172,27.340000,96.766050,56.054535,-0.209608,48.539071
1784101941192,27.360000,126.514070,50.165943,-0.374513,45.600628
1784101941212,27.380000,98.825020,41.578480,-0.544439,48.164429
1784101941232,27.400000,134.619350,30.285822,-0.720169,53.060559
1784101941252,27.420000,117.857574,16.922125,-0.886113,53.921306
1784101941272,27.440000,134.263850,2.631996,-0.990733,44.719425
1784101941292,27.460000,87.254580,-11.271187,-0.986544,23.992340
1784101941312,27.480000,92.269424,-23.746996,-0.946050,-4.522297
1784101941332,27.500000,38.888836,-34.380627,-0.813978,-34.352985
1784101941352,27.520000,40.646664,-43.446655,0.331598,-58.615472
1784101941372,27.540000,12.150303,-51.625977,0.391244,-71.549518
1784101941392,27.560000,32.508514,-59.518290,0.377631,-70.509009
1784101941412,27.580000,25.867530,-67.191410,0.362560,-58.216462
1784101941432,27.600000,74.771410,-73.964066,0.396536,-42.387788
1784101941452,27.620000,61.255080,-78.515570,0.449061,-30.545215
1784101941472,27.640000,98.027840,-79.307060,0.480880,-23.965427
1784101941492,27.660000,78.713820,-75.172935,0.490915,-17.868288
1784101941512,27.680000,115.786440,-65.831410,0.478984,-8.494391
1784101941532,27.700000,107.767654,-52.056522,0.473264,0.975951
1784101941552,27.720000,143.726230,-35.426834,0.533682,3.316605
1784101941572,27.740000,104.995770,-17.843704,0.584064,-3.918658
1784101941592,27.760000,129.218140,-1.128782,0.563271,-14.455486
1784101941612,27.780000,97.627014,13.164197,0.473739,-19.100765
1784101941632,27.800000,138.292510,23.844564,0.449927,-14.451979
1784101941652,27.820000,120.761170,30.249825,0.464808,-5.422121
1784101941672,27.840000,160.723940,32.440784,0.399578,0.056089
1784101941692,27.860000,134.635440,31.220922,0.273107,-1.546938
1784101941712,27.880000,156.344740,27.858543,0.114807,-6.719475
1784101941732,27.900000,134.342590,23.620804,-0.045194,-8.879113
1784101941752,27.920000,171.971800,19.389914,-0.209608,-4.148332
1784101941772,27.940000,154.382500,15.574359,-0.374513,6.670300
1784101941792,27.960000,207.293380,12.297565,-0.544439,20.245659
1784101941812,27.980000,184.972530,9.657199,-0.720169,33.448579
1784101941832,28.000000,237.858520,7.847883,-0.886113,44.246942
1784101941852,28.020000,214.707200,7.098733,-0.990733,51.313266
1784101941872,28.040000,247.644290,7.511354,-0.986544,53.758303
1784101941892,28.060000,228.503040,8.912791,-0.946050,51.216913
1784101941912,28.080000,238.951630,10.806278,-0.813978,43.709515
1784101941932,28.100000,210.463130,12.433085,-0.772406,31.217680
1784101941952,28.120000,226.428160,12.922798,-0.669594,14.253345
1784101941972,28.140000,174.908420,11.492938,-0.544135,-4.387570
1784101941992,28.160000,193.426620,7.631409,-0.379127,-19.884018
1784101942012,28.180000,158.106480,1.219189,-0.184910,-29.101709
1784101942032,28.200000,183.227550,-7.404043,-0.017821,-33.624337
1784101942052,28.220000,152.247340,-17.427412,0.148503,-38.033318
1784101942072,28.240000,182.116520,-27.651632,0.276178,-44.532482
1784101942092,28.260000,142.191990,-36.715030,0.299147,-49.291276
1784101942112,28.280000,175.161960,-43.413895,0.273877,-45.606064
1784101942132,28.300000,165.280430,-46.962920,0.331598,-31.755504
1784101942152,28.320000,214.009490,-47.048810,0.391244,-14.377486
1784101942172,28.340000,194.525200,-43.687030,0.377631,-2.719664
1784101942192,28.360000,228.291020,-37.075397,0.362560,-0.047425
1784101942212,28.380000,198.901250,-27.622154,0.396536,-1.317052
1784101942232,28.400000,218.379430,-16.100464,0.449061,0.740276
1784101942252,28.420000,211.496610,-3.703758,0.480880,7.879809
1784101942272,28.440000,248.464370,8.166572,0.490915,15.908221
1784101942292,28.460000,210.063110,18.299063,0.478984,20.864334
1784101942312,28.480000,244.410030,25.972700,0.473264,22.145542
1784101942332,28.500000,218.895030,30.974482,0.533682,20.032148
1784101942352,28.520000,235.883760,33.421070,0.584064,14.418500
1784101942372,28.540000,192.207660,33.572480,0.563271,6.259056
1784101942392,28.560000,215.340850,31.707144,0.473739,-2.730035
1784101942412,28.580000,173.393220,28.054990,0.331598,-11.517197
1784101942432,28.600000,196.644210,22.821695,0.391244,-18.802436
1784101942452,28.620000,154.230070,16.294530,0.377631,-21.661449
1784101942472,28.640000,183.083070,8.927623,0.362560,-17.885176
1784101942492,28.660000,166.637970,1.348786,0.396536,-9.562456
1784101942512,28.680000,196.032060,-5.673771,0.449061,-1.748149
1784101942532,28.700000,167.774020,-11.299751,0.480880,2.928621
1784101942552,28.720000,189.114960,-14.779114,0.490915,6.321647
1784101942572,28.740000,170.537960,-15.690784,0.478984,11.349198
1784101942592,28.760000,195.996290,-14.100966,0.473264,18.920874
1784101942612,28.780000,181.378220,-10.504772,0.533682,28.734043
1784101942632,28.800000,198.786130,-5.605601,0.584064,40.137992
1784101942652,28.820000,188.138850,-0.104452,0.563271,50.265905
1784101942672,28.840000,218.241520,5.413367,0.473739,54.070186
1784101942692,28.860000,176.917110,10.512653,0.449927,49.309183
1784101942712,28.880000,178.400970,14.858590,0.464808,39.444649
1784101942732,28.900000,150.187330,18.085081,0.399578,28.862743
1784101942752,28.920000,155.962650,19.708696,0.273107,17.533891
1784101942772,28.940000,111.241760,19.229430,0.114807,3.005901
1784101942792,28.960000,113.167145,16.356756,-0.045194,-14.054349
1784101942812,28.980000,74.855740,11.159644,-0.209608,-28.494897
1784101942832,29.000000,79.333830,4.062808,-0.374513,-34.991656
1784101942852,29.020000,57.854850,-4.221990,-0.544439,-33.580338
1784101942872,29.040000,88.625840,-12.745659,-0.720169,-29.932095
1784101942892,29.060000,60.292220,-20.370514,-0.886113,-28.827917
1784101942912,29.080000,71.615990,-25.910980,-0.990733,-28.933173
1784101942932,29.100000,55.804665,-28.413534,-0.986544,-26.292165
1784101942952,29.120000,86.131000,-27.446404,-0.946050,-20.982240
1784101942972,29.140000,61.418488,-23.185387,-0.813978,-17.031321
1784101942992,29.160000,89.740100,-16.258575,-0.772406,-16.811168
1784101943012,29.180000,50.468487,-7.531393,-0.669594,-18.822669
1784101943032,29.200000,83.628780,2.016767,-0.544135,-21.292314
1784101943052,29.220000,55.564667,11.371632,-0.379127,-24.830968
1784101943072,29.240000,75.176384,19.614653,-0.184910,-29.681088
1784101943092,29.260000,42.885403,26.069864,-0.017821,-32.631542
1784101943112,29.280000,79.250450,30.377860,0.148503,-29.383752
1784101943132,29.300000,61.790985,32.500410,0.276178,-19.476531
1784101943152,29.320000,103.409195,32.722813,0.299147,-7.480214
1784101943172,29.340000,88.327450,31.643255,0.273877,0.686716
1784101943192,29.360000,116.828766,30.054201,0.331598,2.545891
1784101943212,29.380000,92.515945,28.686910,0.391244,0.724989
1784101943232,29.400000,116.391000,27.930384,0.377631,0.250155
1784101943252,29.420000,104.842700,27.694681,0.362560,4.191757
1784101943272,29.440000,128.869700,27.514135,0.396536,11.569873
1784101943292,29.460000,126.713264,26.828772,0.449061,18.879543
1784101943312,29.480000,146.471330,25.266790,0.480880,23.359077
1784101943332,29.500000,128.846740,22.762983,0.490915,24.772739
1784101943352,29.520000,155.542140,19.477484,0.478984,24.447748
1784101943372,29.540000,131.585050,15.623311,0.473264,23.517529
1784101943392,29.560000,150.319430,11.337338,0.533682,21.975115
1784101943412,29.580000,125.394560,6.648589,0.331598,18.431019
1784101943432,29.600000,147.584000,1.518837,0.391244,11.435342
1784101943452,29.620000,106.351730,-4.091170,0.377631,2.195850
1784101943472,29.640000,121.498690,-10.174519,0.362560,-5.115682
1784101943492,29.660000,96.712326,-16.668097,0.396536,-6.982876
1784101943512,29.680000,123.527940,-23.432090,0.449061,-3.366692
1784101943532,29.700000,102.328220,-30.173553,0.480880,3.649302
1784101943552,29.720000,126.013470,-36.378980,0.490915,12.078945
1784101943572,29.740000,111.196730,-41.371864,0.478984,19.889801
1784101943592,29.760000,137.765870,-44.496387,0.473264,24.764859
1784101943612,29.780000,103.832050,-45.320282,0.533682,25.711258
1784101943632,29.800000,121.011340,-43.782593,0.584064,23.691750
1784101943652,29.820000,88.176240,-40.260258,0.563271,19.806210
1784101943672,29.840000,105.225060,-35.511784,0.473739,14.393313
1784101943692,29.860000,61.143690,-30.480942,0.449927,8.415644
1784101943712,29.880000,74.289696,-26.045364,0.464808,3.521059
1784101943732,29.900000,39.034240,-22.829504,0.399578,-0.299621
1784101943752,29.920000,57.401142,-21.111086,0.273107,-4.957035
1784101943772,29.940000,12.844958,-20.794844,0.114807,-10.649805
1784101943792,29.960000,27.380713,-21.468690,-0.045194,-13.821931
1784101943812,29.980000,-6.446201,-22.553740,-0.209608,-10.699011
1784101943832,30.000000,30.302944,-23.461990,-0.374513,-1.761805
1784101943852,30.020000,0.110709,-23.651047,-0.544439,9.137656
1784101943872,30.040000,29.974560,-22.602457,-0.720169,19.267775
1784101943892,30.060000,9.216892,-19.852482,-0.886113,28.528173
1784101943912,30.080000,22.981354,-15.125083,-0.990733,36.062037
1784101943932,30.100000,5.851650,-8.484759,-0.986544,37.021045
1784101943952,30.120000,10.280323,-0.397108,-0.946050,25.508743
1784101943972,30.140000,-47.814705,8.315713,-0.813978,1.966180
1784101943992,30.160000,-57.258700,16.554451,-0.772406,-24.362940
1784101944012,30.180000,-100.491520,23.052160,-0.669594,-42.007436
1784101944032,30.200000,-85.385445,26.614350,-0.544135,-45.696365
1784101944052,30.220000,-106.363770,26.536757,-0.379127,-38.571153
1784101944072,30.240000,-74.370090,23.022150,-0.184910,-28.149515
1784101944092,30.260000,-94.322220,17.293823,-0.017821,-21.230328
1784101944112,30.280000,-80.237290,11.257256,0.148503,-21.892069
1784101944132,30.300000,-106.640000,6.837452,0.276178,-31.993990
1784101944152,30.320000,-103.601944,5.304902,0.299147,-50.382151
1784101944172,30.340000,-151.434880,6.886537,0.273877,-70.726426
1784101944192,30.360000,-139.555480,10.785320,0.331598,-83.088788
1784101944212,30.380000,-161.359300,15.564572,0.391244,-80.756399
1784101944232,30.400000,-121.783160,19.758532,0.377631,-65.834776
1784101944252,30.420000,-116.717300,22.497658,0.362560,-46.728835
1784101944272,30.440000,-81.500170,23.872550,0.396536,-29.474497
1784101944292,30.460000,-86.429270,24.823720,0.378334,-12.649600
1784101944312,30.480000,-39.331820,26.611258,0.444776,8.377572
1784101944332,30.500000,-31.436283,30.197153,0.432076,33.889184
1784101944352,30.520000,21.841587,35.895040,0.438902,58.568696
1784101944372,30.540000,17.150448,43.380207,0.500580,77.171862
1784101944392,30.560000,57.399994,51.874958,0.593230,89.215173
1784101944412,30.580000,41.486450,60.307880,0.681790,97.135764
1784101944432,30.600000,76.888490,67.425190,0.664606,101.109021
1784101944452,30.620000,57.839764,71.942760,0.582980,97.573206
1784101944472,30.640000,61.871323,72.757126,0.515298,83.029214
1784101944492,30.660000,21.509518,69.110660,0.519529,57.981870
1784101944512,30.680000,18.050316,60.628110,0.542447,27.494825
1784101944532,30.700000,-24.747322,47.284134,0.517018,-0.190956
1784101944552,30.720000,-21.262880,29.424898,0.476245,-16.553301
1784101944572,30.740000,-46.230300,7.874586,0.479787,-18.477853
1784101944592,30.760000,-6.019370,-15.954030,0.482059,-12.299196
1784101944612,30.780000,-10.245719,-40.040394,0.395905,-8.675538
1784101944632,30.800000,-14.222817,-61.940845,0.243175,-12.141285
1784101944652,30.820000,-25.617065,-79.278450,0.074574,-18.935532
1784101944672,30.840000,-8.867420,-90.406580,-0.113277,-25.075587
1784101944692,30.860000,-32.874264,-94.862510,-0.326217,-31.831216
1784101944712,30.880000,-18.764690,-93.338615,-0.496777,-41.992007
1784101944732,30.900000,-54.964320,-87.283875,-0.674662,-54.170279
1784101944752,30.920000,-37.598972,-78.446390,-0.866285,-62.775600
1784101944772,30.940000,-53.040092,-68.502720,-0.965477,-62.571145
1784101944792,30.960000,-27.539074,-58.748875,-0.994257,-52.623249
1784101944812,30.980000,-26.914286,-49.866500,-0.941083,-36.926136
1784101944832,31.000000,13.029550,-41.844950,-0.896939,-21.420613
1784101944852,31.020000,6.702480,-34.117443,-0.881667,-9.222640
1784101944872,31.040000,23.827387,-25.896612,-0.866538,0.916930
1784101944892,31.060000,30.507866,-16.599762,-0.768497,10.953121
1784101944912,31.080000,60.354572,-6.158358,-0.636923,20.556813
1784101944932,31.100000,36.259445,4.948557,-0.439667,28.471287
1784101944952,31.120000,66.847430,15.881940,0.123501,33.733313
1784101944972,31.140000,56.162064,25.679590,0.238649,35.043649
1784101944992,31.160000,61.350900,33.453580,0.327193,32.006954
1784101945012,31.180000,41.498900,38.535206,0.375683,27.021494
1784101945032,31.200000,52.875835,40.544605,0.461738,23.379834
1784101945052,31.220000,29.042156,39.389156,0.591518,21.338844
1784101945072,31.240000,50.982437,35.261303,0.706352,17.785615
1784101945092,31.260000,15.294237,28.658620,0.776351,10.427714
1784101945112,31.280000,22.355652,20.337900,0.730168,1.131574
1784101945132,31.300000,-4.103363,11.155252,0.659370,-5.978280
1784101945152,31.320000,6.424619,1.882356,0.725928,-8.854497
1784101945172,31.340000,-10.517096,-6.873310,0.827497,-8.672919
1784101945192,31.360000,4.127170,-14.617570,0.857393,-7.221253
1784101945212,31.380000,-21.980156,-20.894876,0.779821,-5.058835
1784101945232,31.400000,-1.167856,-25.301168,0.683097,-2.953915
1784101945252,31.420000,-21.240782,-27.570816,0.584326,-2.884715
1784101945272,31.440000,-7.662913,-27.649560,0.490306,-5.261035
1784101945292,31.460000,-45.380974,-25.716105,0.352693,-6.778004
1784101945312,31.480000,-19.210552,-22.176575,0.173432,-3.984325
1784101945332,31.500000,-37.228035,-17.611134,-0.032873,2.023735
1784101945352,31.520000,-16.526989,-12.619351,-0.302747,7.114367
1784101945372,31.540000,-46.586500,-7.629660,-0.502105,9.275656
1784101945392,31.560000,-28.305275,-2.837225,-0.687825,9.719616
1784101945412,31.580000,-52.261738,1.686351,-0.898663,9.713687
1784101945432,31.600000,-40.521860,5.852162,-0.999947,8.974924
1784101945452,31.620000,-62.376400,9.511722,-0.916194,7.356143
1784101945472,31.640000,-61.110010,12.496399,-0.892003,5.835946
1784101945492,31.660000,-80.351020,14.658897,-0.863513,4.580187
1784101945512,31.680000,-68.607930,15.900218,-0.881615,1.998435
1784101945532,31.700000,-92.166440,16.211014,-0.905601,-1.601897
1784101945552,31.720000,-87.562060,15.710541,-0.841116,-0.845326
1784101945572,31.740000,-100.404236,14.634529,-0.704818,9.607964
1784101945592,31.760000,-71.778150,13.287033,-0.495159,25.420340
1784101945612,31.780000,-81.039900,12.030427,-0.242758,32.436322
1784101945632,31.800000,-66.305016,11.303908,-0.177224,20.730903
1784101945652,31.820000,-150.311630,11.511047,-0.138880,-3.243373
1784101945672,31.840000,-135.850890,12.684189,-0.057684,-23.706602
1784101945692,31.860000,-162.392580,14.193940,0.018529,-33.066958
1784101945712,31.880000,-160.934500,14.916504,0.050112,-36.792578
1784101945732,31.900000,-181.356320,13.851306,0.123501,-42.454483
1784101945752,31.920000,-185.721500,10.694999,0.238649,-49.972438
1784101945772,31.940000,-207.468020,5.934668,0.327193,-53.544800
1784101945792,31.960000,-183.272000,0.532045,0.375683,-49.429526
1784101945812,31.980000,-200.964450,-4.437100,0.461738,-39.576747
1784101945832,32.000000,-175.968670,-7.998251,0.591518,-29.181074
1784101945852,32.020000,-189.651350,-9.393687,0.706352,-22.557654
1784101945872,32.040000,-169.552030,-8.190523,0.776351,-20.316373
1784101945892,32.060000,-200.114720,-4.392637,0.730168,-19.118879
1784101945912,32.080000,-174.765140,1.506040,0.659370,-14.699830
1784101945932,32.100000,-183.933120,8.602970,0.725928,-5.303325
1784101945952,32.120000,-166.000850,15.832067,0.827497,8.023819
1784101945972,32.140000,-165.356960,22.282747,0.857393,23.157984
1784101945992,32.160000,-137.710720,27.428762,0.779821,37.824607
1784101946012,32.180000,-156.953050,31.160433,0.683097,49.254407
1784101946032,32.200000,-132.170090,33.634540,0.584326,53.912281
1784101946052,32.220000,-151.857070,35.045273,0.490306,49.601502
1784101946072,32.240000,-165.558960,35.425266,0.352693,38.947549
1784101946092,32.260000,-190.815730,34.539204,0.173432,28.476805
1784101946112,32.280000,-186.828770,31.910635,-0.032873,22.594579
1784101946132,32.300000,-208.053400,27.017395,-0.302747,20.303004
1784101946152,32.320000,-201.241090,19.613443,-0.502105,18.895627
1784101946172,32.340000,-220.723140,9.993928,-0.687825,18.978725
1784101946192,32.360000,-213.826870,-0.987858,-0.898663,23.703072
1784101946212,32.380000,-221.899500,-12.145442,-0.999947,32.870266
1784101946232,32.400000,-202.074280,-22.251577,-0.916194,39.966225
1784101946252,32.420000,-226.252760,-30.263176,-0.892003,37.471528
1784101946272,32.440000,-232.321870,-35.490078,0.000000,24.820741
1784101946292,32.460000,-273.849730,-37.769590,0.000000,9.083335
1784101946312,32.480000,-266.442700,-37.586930,0.000000,-2.258498
1784101946332,32.500000,-299.105830,-35.966230,0.123501,-7.400371
1784101946352,32.520000,-282.050000,-34.075820,0.238649,-9.043870
1784101946372,32.540000,-311.118740,-32.746075,0.327193,-9.351611
1784101946392,32.560000,-292.684570,-32.186676,0.375683,-7.805271
1784101946412,32.580000,-313.653720,-32.023970,0.461738,-3.791477
1784101946432,32.600000,-291.013670,-31.556420,0.591518,0.445700
1784101946452,32.620000,-307.958920,-30.050766,0.706352,1.177444
1784101946472,32.640000,-300.845950,-26.973755,0.776351,-2.336447
1784101946492,32.660000,-317.704350,-22.145706,0.730168,-6.350454
1784101946512,32.680000,-312.381320,-15.809830,0.659370,-7.252617
1784101946532,32.700000,-320.399000,-8.577100,0.725928,-7.380014
1784101946552,32.720000,-303.067930,-1.227660,0.827497,-13.846196
1784101946572,32.740000,-343.830500,5.539645,0.857393,-30.189873
1784101946592,32.760000,-343.235170,11.229709,0.779821,-51.013148
1784101946612,32.780000,-369.090900,15.484513,0.683097,-66.646720
1784101946632,32.800000,-359.796570,17.987658,0.584326,-72.145543
1784101946652,32.820000,-355.403630,18.540726,0.490306,-70.704997
1784101946672,32.840000,-349.047730,17.295166,0.352693,-69.080147
1784101946692,32.860000,-344.531920,14.894872,0.173432,-70.437123
1784101946712,32.880000,-328.156860,12.348866,-0.032873,-70.932976
1784101946732,32.900000,-332.070800,10.698232,-0.302747,-62.772791
1784101946752,32.920000,-283.048130,10.693324,-0.502105,-41.759036
1784101946772,32.940000,-255.961180,12.683578,-0.687825,-12.355329
1784101946792,32.960000,-209.372620,16.741404,-0.898663,15.335156
1784101946812,32.980000,-193.678300,22.831278,-0.999947,33.322239
1784101946832,33.000000,-163.538620,30.801641,-0.916194,40.525676
1784101946852,33.020000,-166.648400,40.172565,-0.892003,41.623100
1784101946872,33.040000,-144.120100,49.932262,-0.863513,42.467688
1784101946892,33.060000,-135.044850,58.583416,-0.881615,46.273410
1784101946912,33.080000,-118.973980,64.489265,0.123501,52.781922
1784101946932,33.100000,-104.237080,66.353090,0.238649,59.507576
1784101946952,33.120000,-80.033325,63.591156,0.327193,63.661859
1784101946972,33.140000,-90.844770,56.436024,0.375683,63.696605
1784101946992,33.160000,-62.798973,45.752820,0.461738,58.969058
1784101947012,33.180000,-91.787400,32.686085,0.591518,48.020208
1784101947032,33.200000,-82.875275,18.297419,0.706352,28.761666
1784101947052,33.220000,-99.836130,3.335580,0.776351,2.266644
1784101947072,33.240000,-142.383470,-11.812065,0.730168,-24.632369
1784101947092,33.260000,-145.595200,-27.051035,0.659370,-44.144569
1784101947112,33.280000,-136.419630,-42.410680,0.725928,-54.493360
1784101947132,33.300000,-154.201140,-57.751648,0.827497,-58.451595
1784101947152,33.320000,-139.577790,-72.472160,0.857393,-56.698036
1784101947172,33.340000,-135.278380,-85.444300,0.779821,-46.904467
1784101947192,33.360000,-100.849000,-95.256386,0.683097,-28.201914
1784101947212,33.380000,-86.481290,-100.567470,0.584326,-3.476389
1784101947232,33.400000,-53.735676,-100.381340,0.490306,22.310989
1784101947252,33.420000,-30.232977,-94.238470,0.352693,45.063521
1784101947272,33.440000,-9.600005,-82.352160,0.173432,63.809786
1784101947292,33.460000,-0.808863,-65.656660,-0.032873,80.210104
1784101947312,33.480000,18.074202,-45.734110,-0.302747,94.333187
1784101947332,33.500000,17.267694,-24.610664,-0.502105,101.205538
1784101947352,33.520000,28.165056,-4.444258,-0.687825,94.122268
1784101947372,33.540000,-21.422653,12.799830,-0.898663,72.132215
1784101947392,33.560000,-38.623283,25.533850,-0.999947,42.015687
1784101947412,33.580000,-75.368310,32.573753,-0.916194,12.259792
1784101947432,33.600000,-96.990330,33.180614,-0.892003,-12.767159
1784101947452,33.620000,-124.923355,27.246222,-0.863513,-32.880767
1784101947472,33.640000,-141.155560,15.517980,0.123501,-49.453927
1784101947492,33.660000,-158.695530,-0.360907,0.238649,-63.600322
1784101947512,33.680000,-165.298930,-18.083390,0.327193,-74.677544
1784101947532,33.700000,-176.686700,-35.087870,0.375683,-79.142015
1784101947552,33.720000,-169.648220,-49.000446,0.461738,-72.489554
1784101947572,33.740000,-155.979030,-57.979350,0.591518,-54.461675
1784101947592,33.760000,-121.790240,-60.868755,0.706352,-31.892199
1784101947612,33.780000,-116.792790,-57.174458,0.776351,-14.550159
1784101947632,33.800000,-93.526794,-47.001247,0.730168,-7.684751
1784101947652,33.820000,-114.636090,-31.089188,0.659370,-9.292722
1784101947672,33.840000,-98.330580,-10.916150,0.725928,-14.471809
1784101947692,33.860000,-116.909134,11.332995,0.827497,-20.828611
1784101947712,33.880000,-102.811040,33.084330,0.857393,-28.406914
1784101947732,33.900000,-125.927300,51.904804,0.779821,-35.721805
1784101947752,33.920000,-112.160416,66.001495,0.683097,-38.866157
1784101947772,33.940000,-115.250090,74.498690,0.584326,-35.452065
1784101947792,33.960000,-86.763080,77.481895,0.490306,-27.453374
1784101947812,33.980000,-85.308780,75.883200,0.352693,-18.732743
1784101947832,34.000000,-65.409180,71.226500,0.173432,-11.135441
1784101947852,34.020000,-59.668507,65.231510,-0.032873,-4.660423
1784101947872,34.040000,-43.400497,59.373550,-0.302747,-0.450526
1784101947892,34.060000,-39.115047,54.569157,-0.502105,-1.063350
1784101947912,34.080000,-35.431343,51.083140,-0.687825,-6.802124
1784101947932,34.100000,-45.799080,48.611828,-0.898663,-13.162455
1784101947952,34.120000,-27.921928,46.458782,-0.999947,-13.403292
1784101947972,34.140000,-21.896229,43.789062,-0.916194,-3.533985
1784101947992,34.160000,11.811882,39.958622,-0.892003,15.332233
1784101948012,34.180000,32.736694,34.822830,-0.863513,38.231502
1784101948032,34.200000,62.080093,28.854889,-0.881615,58.862124
1784101948052,34.220000,78.594040,22.971817,0.123501,71.759187
1784101948072,34.240000,87.844666,18.133780,0.238649,74.139546
1784101948092,34.260000,79.339740,14.894875,0.327193,67.012856
1784101948112,34.280000,76.383240,13.097425,0.375683,54.516838
1784101948132,34.300000,62.273240,11.848880,0.461738,41.663928
1784101948152,34.320000,56.139030,9.806977,0.591518,31.693232
1784101948172,34.340000,46.028070,5.659751,0.706352,24.341157
1784101948192,34.360000,50.861454,-1.400411,0.776351,16.966401
1784101948212,34.380000,34.713524,-11.392749,0.730168,8.609445
1784101948232,34.400000,29.898937,-23.552734,0.659370,2.308382
1784101948252,34.420000,25.454258,-36.600620,0.725928,1.821554
1784101948272,34.440000,40.631400,-49.109314,0.827497,6.782789
1784101948292,34.460000,36.456050,-59.775097,0.857393,12.565582
1784101948312,34.480000,37.223250,-67.548805,0.779821,13.892805
1784101948332,34.500000,27.849308,-71.740730,0.683097,7.630678
1784101948352,34.520000,24.276825,-72.158120,0.584326,-5.510415
1784101948372,34.540000,-9.813170,-69.193480,0.490306,-19.974197
1784101948392,34.560000,-9.546176,-63.770313,0.352693,-28.167477
1784101948412,34.580000,-18.177135,-57.119000,0.173432,-26.646458
1784101948432,34.600000,-1.729037,-50.406020,-0.032873,-18.869004
1784101948452,34.620000,-8.313980,-44.330917,-0.302747,-11.276032
1784101948472,34.640000,0.024590,-38.913692,-0.502105,-8.058684
1784101948492,34.660000,-15.786526,-33.638184,-0.687825,-10.273410
1784101948512,34.680000,-13.253872,-27.866010,-0.898663,-17.797509
1784101948532,34.700000,-32.339577,-21.248350,-0.999947,-29.417401
1784101948552,34.720000,-48.464687,-13.922878,-0.916194,-41.415262
1784101948572,34.740000,-62.787216,-6.467478,-0.892003,-48.816344
1784101948592,34.760000,-48.118120,0.327634,-0.863513,-48.606228
1784101948612,34.780000,-61.330643,5.798018,-0.881615,-40.386613
1784101948632,34.800000,-28.692312,9.728712,-0.905601,-24.770348
1784101948652,34.820000,-24.219200,12.503278,-0.841116,-3.483149
1784101948672,34.840000,5.802596,14.994143,-0.704818,18.544170
1784101948692,34.860000,16.641914,18.253325,-0.495159,33.081635
1784101948712,34.880000,22.974043,23.131922,-0.242758,33.580816
1784101948732,34.900000,13.195564,29.930390,-0.177224,21.717423
1784101948752,34.920000,-20.561476,38.163500,-0.138880,6.713514
1784101948772,34.940000,-14.456273,46.537180,-0.057684,-4.025367
1784101948792,34.960000,-12.780559,53.255432,0.018529,-10.894180
1784101948812,34.980000,-27.785639,56.644146,0.050112,-16.354299
1784101948832,35.000000,-26.768131,55.785900,0.123501,-17.795056
1784101948852,35.020000,-23.091080,50.792847,0.238649,-11.096022
1784101948872,35.040000,6.635233,42.656918,0.327193,1.394769
1784101948892,35.060000,9.829430,32.921240,0.375683,11.637933
1784101948912,35.080000,21.595715,23.339300,0.461738,14.498231
1784101948932,35.100000,10.655855,15.478215,0.591518,12.235324
1784101948952,35.120000,22.318262,10.289188,0.706352,10.121016
1784101948972,35.140000,22.635357,7.860840,0.776351,10.509290
1784101948992,35.160000,32.022636,7.533990,0.730168,12.502679
1784101949012,35.180000,28.315329,8.292035,0.659370,15.055929
1784101949032,35.200000,45.624570,9.169250,0.725928,18.007690
1784101949052,35.220000,40.934500,9.497242,0.827497,20.766877
1784101949072,35.240000,57.807644,8.972840,0.123501,21.813487
1784101949092,35.260000,46.605076,7.602699,0.238649,19.734135
1784101949112,35.280000,52.294914,5.567385,0.327193,13.911974
1784101949132,35.300000,39.586920,3.054652,0.375683,4.164008
1784101949152,35.320000,35.359894,0.136527,0.461738,-9.229651
1784101949172,35.340000,14.772457,-3.262538,0.591518,-24.419235
1784101949192,35.360000,17.891872,-7.308226,0.706352,-37.504029
1784101949212,35.380000,-9.966917,-12.142960,0.776351,-44.862878
1784101949232,35.400000,6.996199,-17.762354,0.730168,-47.095260
1784101949252,35.420000,5.564369,-23.907999,0.659370,-48.791406
1784101949272,35.440000,2.499499,-30.011955,0.725928,-52.067117
1784101949292,35.460000,-5.531616,-35.271713,0.827497,-52.321157
1784101949312,35.480000,9.798185,-38.879166,0.857393,-43.499512
1784101949332,35.500000,27.844162,-40.263348,0.779821,-26.099752
1784101949352,35.520000,50.526100,-39.151610,0.683097,-6.902772
1784101949372,35.540000,59.678158,-35.457170,0.584326,8.579216
1784101949392,35.560000,71.403520,-29.212029,0.490306,20.636540
1784101949412,35.580000,78.337130,-20.669073,0.352693,32.249582
1784101949432,35.600000,99.184166,-10.442744,0.173432,44.492822
1784101949452,35.620000,106.107630,0.511710,-0.032873,56.985578
1784101949472,35.640000,109.826160,11.101565,-0.302747,70.528858
1784101949492,35.660000,129.936480,20.334263,-0.502105,85.960407
1784101949512,35.680000,143.930760,27.481806,-0.687825,101.218770
1784101949532,35.700000,151.226520,32.171420,-0.898663,112.126886
1784101949552,35.720000,150.399750,34.393757,-0.999947,115.379823
1784101949572,35.740000,139.730740,34.378060,-0.916194,108.647941
1784101949592,35.760000,117.403336,32.355324,-0.892003,88.765380
1784101949612,35.780000,86.599915,28.345827,-0.863513,53.743895
1784101949632,35.800000,45.388355,22.096527,-0.881615,8.719385
1784101949652,35.820000,-29.463434,13.167447,-0.905601,-33.438581
1784101949672,35.840000,-28.773293,1.114750,-0.841116,-61.718283
1784101949692,35.860000,-50.311283,-14.196103,-0.704818,-75.510641
1784101949712,35.880000,-62.816643,-32.162098,-0.495159,-81.014037
1784101949732,35.900000,-59.415962,-51.155550,-0.242758,-82.341273
1784101949752,35.920000,-57.179573,-68.683685,-0.177224,-79.177593
1784101949772,35.940000,-56.634590,-81.998566,-0.138880,-71.168598
1784101949792,35.960000,-28.457966,-88.821530,-0.057684,-61.523106
1784101949812,35.980000,-33.135334,-87.847110,0.018529,-54.992470
1784101949832,36.000000,-24.576130,-78.943010,0.050112,-53.204963
1784101949852,36.020000,-23.202753,-63.111454,0.123501,-53.785214
1784101949872,36.040000,-20.674920,-42.273727,0.238649,-53.852000
1784101949892,36.060000,-12.095260,-18.900377,0.327193,-52.815875
1784101949912,36.080000,-8.282615,4.472724,0.375683,-51.350179
1784101949932,36.100000,1.311635,25.708792,0.461738,-48.408628
1784101949952,36.120000,14.822676,43.368855,0.591518,-40.379554
1784101949972,36.140000,30.922436,56.801514,0.706352,-24.299434
1784101949992,36.160000,67.317560,66.073850,0.776351,-2.272446
1784101950012,36.180000,90.119310,71.821236,0.730168,18.137434
1784101950032,36.200000,107.851910,75.035060,0.659370,28.826456
1784101950052,36.220000,112.964330,76.752200,0.123501,26.787614
1784101950072,36.240000,105.312030,77.670050,0.238649,15.594096
1784101950092,36.260000,100.616560,77.836800,0.327193,2.379357
1784101950112,36.280000,98.277590,76.616516,0.375683,-6.553625
1784101950132,36.300000,99.318010,73.001730,0.461738,-8.560369
1784101950152,36.320000,108.481110,66.134740,0.591518,-5.113462
1784101950172,36.340000,121.156510,55.781322,0.706352,-0.073994
1784101950192,36.360000,124.980270,42.534897,0.776351,3.489796
1784101950212,36.380000,133.105790,27.671957,0.730168,5.592044
1784101950232,36.400000,135.205470,12.749347,0.659370,8.578879
1784101950252,36.420000,145.152480,-0.851273,0.725928,14.430918
1784101950272,36.440000,157.879270,-12.220497,0.827497,23.287182
1784101950292,36.460000,162.116420,-20.971369,0.857393,34.321784
1784101950312,36.480000,182.083100,-27.116340,0.779821,47.089064
1784101950332,36.500000,187.534240,-30.900284,0.683097,61.640747
1784101950352,36.520000,207.779510,-32.670500,0.584326,77.704423
1784101950372,36.540000,215.679530,-32.799930,0.490306,93.821396
1784101950392,36.560000,226.589900,-31.656195,0.352693,107.032660
1784101950412,36.580000,230.988860,-29.612589,0.173432,113.561167
1784101950432,36.600000,216.680150,-27.091196,-0.032873,110.325334
1784101950452,36.620000,201.962220,-24.625030,-0.302747,96.232526
1784101950472,36.640000,167.729750,-22.907980,-0.502105,72.529621
1784101950492,36.660000,132.922060,-22.780115,-0.687825,42.437542
1784101950512,36.680000,89.338394,-25.110620,-0.898663,10.494786
1784101950532,36.700000,62.939087,-30.579794,-0.999947,-18.002096
1784101950552,36.720000,24.100756,-39.410786,-0.916194,-37.992651
1784101950572,36.740000,7.367024,-51.148026,-0.892003,-47.428272
1784101950592,36.760000,3.769067,-64.579310,-0.863513,-49.795642
1784101950612,36.780000,-6.974202,-77.844320,-0.881615,-51.526267
1784101950632,36.800000,-20.237888,-88.733970,-0.905601,-55.688612
1784101950652,36.820000,-36.841415,-95.161280,-0.841116,-60.261461
1784101950672,36.840000,-45.133778,-95.692360,-0.704818,-63.434727
1784101950692,36.860000,-47.851643,-89.903020,-0.495159,-67.604564
1784101950712,36.880000,-65.481520,-78.376976,-0.242758,-75.501936
1784101950732,36.900000,-83.379980,-62.418446,-0.177224,-84.201713
1784101950752,36.920000,-89.335464,-43.702350,-0.138880,-86.320631
1784101950772,36.940000,-78.999640,-23.963781,-0.057684,-77.123136
1784101950792,36.960000,-67.221610,-4.680391,0.018529,-58.567994
1784101950812,36.980000,-41.813553,13.239242,0.050112,-36.798712
1784101950832,37.000000,-32.343807,29.599220,0.123501,-17.788413
1784101950852,37.020000,-19.292110,44.747757,0.238649,-5.669159
1784101950872,37.040000,-5.025645,59.161896,0.327193,-2.349008
1784101950892,37.060000,-16.774021,73.018030,0.375683,-5.979283
1784101950912,37.080000,-22.806900,85.941795,0.161827,-11.232193
1784101950932,37.100000,-16.059694,97.012505,0.370197,-13.807880
1784101950952,37.120000,-13.513588,105.026146,0.450234,-13.763245
1784101950972,37.140000,-8.111364,108.936134,0.474639,-12.609886
1784101950992,37.160000,2.057597,108.271770,0.571243,-8.584065
1784101951012,37.180000,8.239470,103.313286,0.693598,2.602653
1784101951032,37.200000,45.579570,94.981510,0.805892,22.154406
1784101951052,37.220000,73.883255,84.602240,0.880816,45.249115
1784101951072,37.240000,89.317960,73.672540,0.870394,64.179433
1784101951092,37.260000,115.685936,63.599030,0.828290,73.224141
1784101951112,37.280000,116.972090,55.373474,0.852085,71.297537
1784101951132,37.300000,112.302230,49.272907,0.869692,61.947068
1784101951152,37.320000,109.270600,44.741810,0.837909,50.414800
1784101951172,37.340000,102.457700,40.550785,0.772212,39.523345
1784101951192,37.360000,108.128136,35.204650,0.678408,28.955054
1784101951212,37.380000,96.942170,27.466383,0.568722,18.566032
1784101951232,37.400000,91.647460,16.770560,0.471297,10.100383
1784101951252,37.420000,98.564160,3.347485,0.341250,4.104856
1784101951272,37.440000,94.167660,-11.917754,0.159667,-2.885395
1784101951292,37.460000,91.350160,-27.751984,-0.095337,-15.562097
1784101951312,37.480000,71.546160,-42.800323,-0.359973,-34.237030
1784101951332,37.500000,62.662685,-55.944810,-0.519092,-52.773221
1784101951352,37.520000,55.908466,-66.546670,-0.714691,-61.998833
1784101951372,37.540000,64.406150,-74.465960,-0.922437,-55.725003
1784101951392,37.560000,90.929980,-79.818660,-0.996235,-35.257420
1784101951412,37.580000,120.049576,-82.612790,-0.951270,-9.322930
1784101951432,37.600000,136.742630,-82.511740,-0.957749,10.910301
1784101951452,37.620000,159.499480,-78.919174,-0.871205,18.851150
1784101951472,37.640000,147.900500,-71.376350,-0.795186,16.826049
1784101951492,37.660000,143.388410,-60.056150,-0.787458,13.377462
1784101951512,37.680000,150.888280,-46.044680,-0.824965,15.066296
1784101951532,37.700000,163.319900,-31.179176,-0.820239,21.649605
1784101951552,37.720000,159.255220,-17.477571,-0.672677,29.239574
1784101951572,37.740000,166.816620,-6.491426,-0.500620,35.185951
1784101951592,37.760000,176.030910,1.050435,-0.362298,38.962125
1784101951612,37.780000,169.464580,5.209535,-0.239554,40.893546
1784101951632,37.800000,166.011280,6.568248,-0.153100,40.834157
1784101951652,37.820000,164.335360,5.901403,-0.103013,37.056876
1784101951672,37.840000,150.759450,3.905939,0.285387,27.641433
1784101951692,37.860000,143.002210,1.061907,0.447230,14.260423
1784101951712,37.880000,103.504810,-2.382752,0.530138,2.052125
1784101951732,37.900000,109.254670,-6.374655,0.609870,-6.942827
1784101951752,37.920000,96.834890,-10.960392,0.722089,-17.349127
1784101951772,37.940000,74.772870,-16.103615,0.857872,-33.449321
1784101951792,37.960000,44.963490,-21.534485,0.954980,-51.084804
1784101951812,37.980000,33.251570,-26.795427,0.982409,-61.356268
1784101951832,38.000000,30.053295,-31.423670,0.968595,-61.320545
1784101951852,38.020000,39.375420,-35.021717,0.933273,-56.506233
1784101951872,38.040000,30.576057,-37.137295,0.871281,-52.318781
1784101951892,38.060000,29.077648,-37.178402,0.829575,-46.887880
1784101951912,38.080000,39.021805,-34.555412,0.809781,-34.596537
1784101951932,38.100000,61.836464,-28.932177,0.756917,-14.296550
1784101951952,38.120000,68.454070,-20.341156,0.606569,8.079717
1784101951972,38.140000,89.876976,-9.117196,0.457099,23.830028
1784101951992,38.160000,84.513380,4.186646,0.367638,27.694021
1784101952012,38.180000,75.757195,18.772507,0.249027,21.288096
1784101952032,38.200000,53.272920,33.504383,0.100838,11.185878
1784101952052,38.220000,54.205620,46.902620,-0.098522,3.621468
1784101952072,38.240000,39.134380,57.360153,-0.325897,1.295975
1784101952092,38.260000,39.075954,63.563023,-0.430246,3.946052
1784101952112,38.280000,38.807045,64.912300,-0.562447,9.619734
1784101952132,38.300000,45.996254,61.718678,-0.732093,15.458510
1784101952152,38.320000,36.382180,55.088825,-0.869576,19.068119
1784101952172,38.340000,42.084557,46.573383,-0.971549,19.810157
1784101952192,38.360000,26.934814,37.717010,-1.000000,18.646273
1784101952212,38.380000,28.180660,29.672607,-0.992768,17.007260
1784101952232,38.400000,22.176050,23.017435,-0.983853,15.911322
1784101952252,38.420000,7.933330,17.799421,-0.968940,15.345548
1784101952272,38.440000,12.139156,13.722191,-0.946604,13.837008
1784101952292,38.460000,4.169956,10.363773,-0.916891,9.652303
1784101952312,38.480000,-19.458567,7.349227,-0.819123,3.062801
1784101952332,38.500000,-19.106966,4.419195,-0.695661,-3.889614
1784101952352,38.520000,-36.434853,1.409676,-0.522816,-9.915209
1784101952372,38.540000,-41.853516,-1.776604,0.285387,-15.113546
1784101952392,38.560000,-54.222500,-5.149512,0.447230,-19.218058
1784101952412,38.580000,-57.731956,-8.593318,0.530138,-20.807004
1784101952432,38.600000,-68.680930,-11.873546,0.609870,-18.857274
1784101952452,38.620000,-53.380142,-14.678775,0.722089,-14.186084
1784101952472,38.640000,-67.586000,-16.656155,0.857872,-8.318548
1784101952492,38.660000,-54.727493,-17.451649,0.954980,-1.444101
1784101952512,38.680000,-56.627250,-16.781652,0.982409,7.290405
1784101952532,38.700000,-50.051384,-14.520114,0.968595,17.432227
1784101952552,38.720000,-46.096275,-10.752780,0.933273,26.181723
1784101952572,38.740000,-34.327560,-5.763733,0.871281,30.916310
1784101952592,38.760000,-56.838750,0.016006,0.829575,32.585556
1784101952612,38.780000,-43.918438,6.039117,0.809781,34.686173
1784101952632,38.800000,-49.630642,11.664780,0.756917,38.620650
1784101952652,38.820000,-43.224922,16.245947,0.606569,41.718645
1784101952672,38.840000,-61.345215,19.284193,0.457099,39.329863
1784101952692,38.860000,-65.009840,20.533480,0.367638,27.412860
1784101952712,38.880000,-97.311690,19.951206,0.249027,4.879737
1784101952732,38.900000,-119.695786,17.549270,0.100838,-23.621197
1784101952752,38.920000,-158.432340,13.277061,-0.098522,-47.844385
1784101952772,38.940000,-167.066900,7.027178,-0.325897,-58.224508
1784101952792,38.960000,-163.486020,-1.192073,-0.430246,-53.601345
1784101952812,38.980000,-147.969800,-10.949578,-0.562447,-41.737503
1784101952832,39.000000,-153.337360,-21.145643,-0.732093,-32.115385
1784101952852,39.020000,-142.382830,-30.100327,-0.869576,-29.158021
1784101952872,39.040000,-148.810650,-36.043198,-0.971549,-31.143468
1784101952892,39.060000,-151.451200,-37.748510,-1.000000,-33.887595
1784101952912,39.080000,-180.950700,-34.970028,-0.992768,-36.446733
1784101952932,39.100000,-136.505510,-28.486292,-0.983853,-42.812402
1784101952952,39.120000,-200.515700,-19.768557,-0.968940,-55.227929
1784101952972,39.140000,-197.324250,-10.495173,-0.946604,-67.861442
1784101952992,39.160000,-204.332890,-2.176843,-0.916891,-70.973032
1784101953012,39.180000,-191.138580,4.073071,-0.819123,-59.205397
1784101953032,39.200000,-179.497220,7.753816,-0.695661,-34.021038
1784101953052,39.220000,-143.383070,9.175065,-0.522816,-1.936629
1784101953072,39.240000,-126.252210,9.432696,-0.315984,27.544367
1784101953092,39.260000,-100.413760,10.052424,-0.168244,45.363816
1784101953112,39.280000,-121.802930,12.419267,-0.088501,47.447626
1784101953132,39.300000,-120.618880,17.183320,0.063889,36.748323
1784101953152,39.320000,-158.972000,23.868093,0.349254,21.102035
1784101953172,39.340000,-168.091950,30.897041,0.466388,9.046072
1784101953192,39.360000,-182.256850,36.091770,0.565058,6.829029
1784101953212,39.380000,-174.305910,37.469036,0.664490,17.891344
1784101953232,39.400000,-171.575670,34.004894,0.774806,42.767801
1784101953252,39.420000,-130.579480,26.054026,0.853650,77.562826
1784101953272,39.440000,-116.782990,15.285853,0.898672,113.250259
1784101953292,39.460000,-97.234430,4.182114,0.929910,138.417212
1784101953312,39.480000,-102.718254,-4.745030,0.903810,144.507373
1784101953332,39.500000,-122.257660,-9.784968,0.802832,130.789454
1784101953352,39.520000,-171.246520,-10.639209,0.728334,105.388056
1784101953372,39.540000,-196.696140,-8.570104,0.672181,79.992590
1784101953392,39.560000,-234.171920,-5.982768,0.625815,61.979214
1784101953412,39.580000,-246.263470,-5.547488,0.581637,50.933580
1784101953432,39.600000,-279.213350,-9.199520,0.504676,41.383189
1784101953452,39.620000,-290.635250,-17.464865,0.397534,27.809281
1784101953472,39.640000,-331.849400,-29.398554,0.261608,8.131624
1784101953492,39.660000,-354.091920,-43.078340,0.145804,-15.647046
1784101953512,39.680000,-398.195980,-56.342396,0.034481,-39.472985
1784101953532,39.700000,-415.415280,-67.420370,-0.018419,-60.417877
1784101953552,39.720000,-449.150200,-75.236110,-0.117495,-78.579385
1784101953572,39.740000,-467.939400,-79.369194,-0.299955,-96.524053
1784101953592,39.760000,-498.771480,-79.837300,-0.450070,-116.797328
1784101953612,39.780000,-509.917240,-76.885460,-0.602864,-138.544414
1784101953632,39.800000,-549.013240,-70.869320,-0.720990,-155.907916
1784101953652,39.820000,-542.119140,-62.215317,-0.858617,-161.701094
1784101953672,39.840000,-546.855470,-51.377323,-0.977619,-154.262202
1784101953692,39.860000,-513.717470,-38.719376,-0.981145,-139.383754
1784101953712,39.880000,-509.754270,-24.361437,-0.992655,-124.009088
1784101953732,39.900000,-482.488160,-8.149621,-0.983475,-108.949549
1784101953752,39.920000,-470.178830,10.132456,-0.956141,-89.152227
1784101953772,39.940000,-419.425080,30.431768,-0.947051,-60.378490
1784101953792,39.960000,-392.101750,52.239227,-0.832865,-24.064921
1784101953812,39.980000,-328.243350,74.675644,0.351086,14.194903
1784101953832,40.000000,-301.144840,96.729546,0.446948,49.394271
1784101953852,40.020000,-251.126900,117.428400,0.526487,79.331969
1784101953872,40.040000,-228.903560,135.842640,0.558167,102.897675
1784101953892,40.060000,-183.620760,151.002910,0.609153,118.588109
1784101953912,40.080000,-185.511410,161.867340,0.661465,125.989893
1784101953932,40.100000,-161.166380,167.386340,0.729281,126.897279
1784101953952,40.120000,-161.368620,166.629030,0.834279,123.246813
1784101953972,40.140000,-150.375080,158.944660,0.850145,114.960598
1784101953992,40.160000,-160.504330,144.142140,0.758622,100.918218
1784101954012,40.180000,-162.528410,122.618870,0.657796,81.183456
1784101954032,40.200000,-188.595760,95.348694,0.606414,57.232979
1784101954052,40.220000,-187.427430,63.729122,0.583924,30.572335
1784101954072,40.240000,-224.734900,29.386177,0.495486,2.477945
1784101954092,40.260000,-226.153930,-5.985855,0.414894,-24.836438
1784101954112,40.280000,-257.248140,-40.735046,0.353151,-48.114555
1784101954132,40.300000,-258.721200,-73.326130,0.230635,-65.112804
1784101954152,40.320000,-269.541230,-102.383766,0.106097,-76.311589
1784101954172,40.340000,-259.825100,-126.701090,0.019895,-83.134208
1784101954192,40.360000,-274.117250,-145.248470,0.003489,-84.512135
1784101954212,40.380000,-254.958620,-157.239460,-0.030702,-77.490782
1784101954232,40.400000,-247.029130,-162.245590,-0.197795,-61.995721
1784101954252,40.420000,-213.086900,-160.268230,-0.365571,-42.647035
1784101954272,40.440000,-212.621730,-151.707230,-0.511387,-24.435720
1784101954292,40.460000,-189.762340,-137.300220,-0.624146,-8.334028
1784101954312,40.480000,-190.949130,-118.131134,-0.778835,7.375618
1784101954332,40.500000,-166.314640,-95.660800,-0.943126,22.866637
1784101954352,40.520000,-177.678380,-71.648125,-0.996370,35.740987
1784101954372,40.540000,-159.953460,-47.934742,-0.990977,43.770513
1784101954392,40.560000,-194.575780,-26.205004,-0.973562,46.772516
1784101954412,40.580000,-185.169650,-7.836260,-0.917394,45.194915
1784101954432,40.600000,-219.507050,6.163265,-0.878165,38.666053
1784101954452,40.620000,-239.342930,15.191241,-0.760006,27.352327
1784101954472,40.640000,-281.419530,19.069067,0.343108,13.418878
1784101954492,40.660000,-300.527900,18.016790,0.439042,-0.081843
1784101954512,40.680000,-345.719330,12.603658,0.516281,-10.815461
1784101954532,40.700000,-359.898800,3.718569,0.585330,-16.936581
1784101954552,40.720000,-392.256800,-7.442419,0.666850,-16.092899
1784101954572,40.740000,-402.119720,-19.425169,0.747949,-6.162811
1784101954592,40.760000,-416.325380,-30.632408,0.826500,11.973929
1784101954612,40.780000,-407.532840,-39.482570,0.932886,33.191124
1784101954632,40.800000,-430.638950,-44.587810,0.969496,51.213803
1784101954652,40.820000,-436.906860,-44.960970,0.933630,62.727567
1784101954672,40.840000,-474.698730,-40.256130,0.820080,67.563476
1784101954692,40.860000,-486.635200,-30.960245,0.718108,66.175492
1784101954712,40.880000,-539.975340,-18.388254,0.663290,59.049126
1784101954732,40.900000,-564.663300,-4.424479,0.526405,48.054580
1784101954752,40.920000,-630.916400,8.883605,0.434579,35.902755
1784101954772,40.940000,-642.757100,19.732420,0.368112,23.749227
1784101954792,40.960000,-710.138060,26.895330,0.236221,11.111119
1784101954812,40.980000,-732.556400,29.930120,0.086558,-1.745986
1784101954832,41.000000,-795.039400,29.189596,-0.061093,-13.469402
1784101954852,41.020000,-811.378660,25.628412,-0.090328,-23.902657
1784101954872,41.040000,-861.743800,20.517706,-0.093123,-34.586583
1784101954892,41.060000,-895.868400,15.188455,-0.259385,-46.680131
1784101954912,41.080000,-944.608150,10.815110,-0.438479,-60.130924
1784101954932,41.100000,-963.180660,8.230675,-0.565755,-74.179152
1784101954952,41.120000,-1012.764500,7.839188,-0.683968,-86.160533
1784101954972,41.140000,-1036.232500,9.666457,-0.846449,-91.187668
1784101954992,41.160000,-1060.134500,13.492648,-0.977581,-86.515413
1784101955012,41.180000,-1041.356600,19.015886,-0.990434,-75.195744
1784101955032,41.200000,-1075.658200,26.036972,-0.996720,-62.493430
1784101955052,41.220000,-1054.272000,34.571392,-0.977804,-50.202346
1784101955072,41.240000,-1080.641800,44.755447,-0.909789,-37.046547
1784101955092,41.260000,-1050.073200,56.588650,-0.853196,-22.711216
1784101955112,41.280000,-1064.982900,69.734810,-0.745198,-8.078156
1784101955132,41.300000,-1042.916500,83.521454,-0.610004,7.924586
1784101955152,41.320000,-1048.397000,97.066930,-0.459633,28.019619
1784101955172,41.340000,-1011.092960,109.430750,-0.297734,51.603950
1784101955192,41.360000,-1004.977700,119.769196,-0.161456,72.415278
1784101955212,41.380000,-981.324460,127.479700,-0.001282,83.429834
1784101955232,41.400000,-999.802730,132.237600,0.206643,83.264237
1784101955252,41.420000,-989.486100,133.851850,0.343108,76.045276
1784101955272,41.440000,-1011.488650,132.043900,0.439042,65.611422
1784101955292,41.460000,-999.863650,126.367620,0.516281,51.971588
1784101955312,41.480000,-1029.486800,116.369680,0.585330,33.722916
1784101955332,41.500000,-1033.690700,101.859375,0.666850,11.525846
1784101955352,41.520000,-1061.301000,83.080950,0.747949,-12.494952
1784101955372,41.540000,-1055.785900,60.722240,0.826500,-36.943829
1784101955392,41.560000,-1086.640100,35.837723,0.932886,-60.413570
1784101955412,41.580000,-1080.883900,9.749273,0.969496,-79.901524
1784101955432,41.600000,-1098.937300,-16.083796,0.933630,-92.675287
1784101955452,41.620000,-1068.378400,-40.212677,0.820080,-99.054289
1784101955472,41.640000,-1071.876100,-61.299026,0.718108,-100.757247
1784101955492,41.660000,-1046.887100,-78.164830,0.663290,-97.095213
1784101955512,41.680000,-1033.079200,-89.878170,0.343108,-85.806978
1784101955532,41.700000,-980.724000,-95.887780,0.439042,-67.554126
1784101955552,41.720000,-961.815860,-96.102010,0.516281,-46.643372
1784101955572,41.740000,-911.203550,-90.856995,0.585330,-26.777228
1784101955592,41.760000,-897.134000,-80.856530,0.666850,-8.207088
1784101955612,41.780000,-845.545960,-67.162025,0.747949,10.235088
1784101955632,41.800000,-833.422360,-51.177094,0.826500,28.218928
1784101955652,41.820000,-771.644200,-34.523514,0.932886,45.180503
1784101955672,41.840000,-772.618600,-18.806505,0.969496,63.633600
1784101955692,41.860000,-720.992900,-5.382080,0.933630,87.192498
1784101955712,41.880000,-687.674900,4.787111,0.820080,113.740266
1784101955732,41.900000,-642.368700,11.213624,0.718108,134.244742
1784101955752,41.920000,-641.341860,13.912637,0.663290,140.830374
1784101955772,41.940000,-628.114900,13.273585,0.526405,133.770612
1784101955792,41.960000,-644.449460,9.730293,0.434579,119.089537
1784101955812,41.980000,-638.747800,3.425444,0.368112,101.485893
1784101955832,42.000000,-664.018400,-5.848531,0.236221,81.325349
1784101955852,42.020000,-668.962650,-18.391489,0.086558,57.253213
1784101955872,42.040000,-704.803300,-34.241444,-0.061093,29.935458
1784101955892,42.060000,-702.019170,-52.948315,-0.090328,3.376897
1784101955912,42.080000,-746.777300,-73.539240,-0.093123,-16.985438
1784101955932,42.100000,-727.497900,-94.622640,-0.259385,-28.312797
1784101955952,42.120000,-741.009600,-114.541050,-0.438479,-32.373734
1784101955972,42.140000,-719.235200,-131.512190,-0.565755,-32.571629
1784101955992,42.160000,-744.450100,-143.792900,-0.683968,-30.504426
1784101956012,42.180000,-699.901370,-149.932620,-0.846449,-26.990639
1784101956032,42.200000,-719.499200,-149.064090,-0.977581,-23.967369
1784101956052,42.220000,-694.416600,-141.084840,-0.990434,-23.194111
1784101956072,42.240000,-711.057500,-126.667210,-0.996720,-25.050184
1784101956092,42.260000,-692.489900,-107.147910,-0.977804,-30.317188
1784101956112,42.280000,-718.408300,-84.339120,-0.909789,-41.640864
1784101956132,42.300000,-706.293760,-60.266285,-0.853196,-60.916915
1784101956152,42.320000,-747.644650,-36.885166,-0.745198,-84.672691
1784101956172,42.340000,-746.585100,-15.862958,-0.610004,-103.987861
1784101956192,42.360000,-760.298950,1.569526,-0.459633,-111.127639
1784101956212,42.380000,-729.687300,14.769908,-0.297734,-105.546682
1784101956232,42.400000,-717.109300,23.871977,-0.161456,-91.776691
1784101956252,42.420000,-686.662700,29.885592,-0.001282,-73.114357
1784101956272,42.440000,-671.278560,34.507603,0.345384,-50.567264
1784101956292,42.460000,-609.347350,39.628790,0.453401,-26.700157
1784101956312,42.480000,-601.879400,46.782700,0.542195,-5.630673
1784101956332,42.500000,-555.182740,56.773396,0.551406,11.516449
1784101956352,42.520000,-556.088130,69.520430,0.593067,27.082855
1784101956372,42.540000,-502.044000,84.077850,0.664850,41.494454
1784101956392,42.560000,-501.879940,98.851480,0.765772,50.759043
1784101956412,42.580000,-468.507080,112.002930,0.777221,51.367378
1784101956432,42.600000,-492.993040,121.858765,0.687404,45.396558
1784101956452,42.620000,-459.818300,127.136390,0.563526,38.519162
1784101956472,42.640000,-474.387450,127.011830,0.453916,34.420178
1784101956492,42.660000,-444.015380,121.183740,0.402290,33.124642
1784101956512,42.680000,-450.284060,109.975900,0.352763,33.585384
1784101956532,42.700000,-424.590580,94.363950,0.259211,35.287620
1784101956552,42.720000,-428.911040,75.824930,0.152712,36.755159
1784101956572,42.740000,-396.369960,56.050110,0.090684,34.703111
1784101956592,42.760000,-415.965060,36.637985,0.102232,26.827421
1784101956612,42.780000,-407.871500,18.832169,0.069703,14.509356
1784101956632,42.800000,-423.068000,3.328220,0.016812,1.234641
1784101956652,42.820000,-403.292270,-9.780057,-0.006398,-10.199466
1784101956672,42.840000,-433.117550,-20.843490,-0.103294,-17.941910
1784101956692,42.860000,-406.650850,-30.356283,-0.195269,-21.120795
1784101956712,42.880000,-412.060360,-38.674847,-0.351622,-20.762177
1784101956732,42.900000,-390.064270,-45.855470,-0.597146,-18.471878
1784101956752,42.920000,-399.709470,-51.629880,-0.883604,-13.776069
1784101956772,42.940000,-363.633060,-55.521168,-0.951706,-4.668921
1784101956792,42.960000,-368.972660,-57.050934,-0.993842,8.953306
1784101956812,42.980000,-325.881680,-55.916424,-0.957232,23.705928
1784101956832,43.000000,-330.174900,-52.059254,-0.806661,35.171665
1784101956852,43.020000,-307.665950,-45.675020,-0.722771,41.491767
1784101956872,43.040000,-315.764600,-37.240850,-0.595329,44.002502
1784101956892,43.060000,-295.981020,-27.542140,-0.460181,44.952254
1784101956912,43.080000,-310.790650,-17.615988,-0.339153,45.458363
1784101956932,43.100000,-291.586600,-8.574782,-0.226688,45.019492
1784101956952,43.120000,-314.166750,-1.375031,-0.131252,41.912385
1784101956972,43.140000,-292.734560,3.360984,0.035270,34.504765
1784101956992,43.160000,-329.565770,5.413666,0.175951,23.137210
1784101957012,43.180000,-320.103670,4.917606,0.276037,10.229984
1784101957032,43.200000,-348.543150,2.234375,0.345384,-2.109185
1784101957052,43.220000,-335.292900,-2.163120,0.314612,-13.621951
1784101957072,43.240000,-367.913270,-7.728097,0.364172,-24.641522
1784101957092,43.260000,-357.310300,-13.832059,0.428277,-34.900365
1784101957112,43.280000,-378.195560,-19.790977,0.485899,-44.216791
1784101957132,43.300000,-365.159300,-24.935430,0.564572,-52.735587
1784101957152,43.320000,-390.135130,-28.679170,0.654220,-59.745727
1784101957172,43.340000,-367.833680,-30.571968,0.716259,-63.544128
1784101957192,43.360000,-384.414180,-30.340704,0.662986,-63.249890
1784101957212,43.380000,-355.968930,-27.898111,0.557039,-60.020269
1784101957232,43.400000,-358.472100,-23.301712,0.455362,-55.547447
1784101957252,43.420000,-335.135220,-16.695848,0.439031,-49.724916
1784101957272,43.440000,-341.504270,-8.299678,0.400773,-41.511467
1784101957292,43.460000,-297.704930,1.553336,0.291324,-32.128122
1784101957312,43.480000,-300.036960,12.396764,0.185021,-24.541312
1784101957332,43.500000,-274.497680,23.676550,0.090310,-18.822259
1784101957352,43.520000,-273.548370,34.805847,0.023030,-11.011866
1784101957372,43.540000,-235.689150,45.179546,0.002543,1.530231
1784101957392,43.560000,-228.639500,54.203830,-0.042970,15.445815
1784101957412,43.580000,-184.460980,61.405834,-0.052392,24.140433
1784101957432,43.600000,-205.577790,66.545425,-0.086802,24.760748
1784101957452,43.620000,-174.260350,69.579260,-0.126327,20.572153
1784101957472,43.640000,-189.429720,70.482290,-0.221731,16.570472
1784101957492,43.660000,-156.060060,69.112830,-0.358529,14.974805
1784101957512,43.680000,-171.229100,65.271000,-0.537525,15.342377
1784101957532,43.700000,-137.347000,58.897570,-0.883701,16.833967
1784101957552,43.720000,-144.288570,50.237247,-0.999785,19.283067
1784101957572,43.740000,-111.363050,39.865650,-0.970334,23.224847
1784101957592,43.760000,-111.910890,28.599350,-0.840456,29.617721
1784101957612,43.780000,-81.268470,17.345545,-0.682437,38.519175
1784101957632,43.800000,-79.067860,6.937900,-0.556387,47.256231
1784101957652,43.820000,-39.477585,-1.993395,-0.433036,51.316942
1784101957672,43.840000,-62.548150,-9.092218,-0.300053,48.567421
1784101957692,43.860000,-39.750360,-14.322631,-0.145219,41.269950
1784101957712,43.880000,-63.880810,-18.013472,-0.049874,32.333861
1784101957732,43.900000,-39.575314,-20.835508,0.048921,21.279637
1784101957752,43.920000,-71.321170,-23.629997,0.340384,6.259387
1784101957772,43.940000,-61.654175,-27.141296,0.426809,-11.054280
1784101957792,43.960000,-98.563130,-31.820152,0.508362,-25.553820
1784101957812,43.980000,-69.251144,-37.769947,0.550875,-33.809937
1784101957832,44.000000,-88.951440,-44.744034,0.613758,-36.520785
1784101957852,44.020000,-67.276215,-52.123856,0.709633,-35.553227
1784101957872,44.040000,-78.456490,-58.953922,0.762252,-31.384697
1784101957892,44.060000,-44.345303,-64.119510,0.687421,-24.318899
1784101957912,44.080000,-51.793540,-66.609314,0.567899,-15.781982
1784101957932,44.100000,-20.265755,-65.732735,0.434752,-7.200364
1784101957952,44.120000,-31.313498,-61.241688,0.355498,0.848311
1784101957972,44.140000,-1.219526,-53.379414,0.345792,7.318508
1784101957992,44.160000,-13.535152,-42.852070,0.289221,10.023055
1784101958012,44.180000,12.220402,-30.703157,0.179769,8.236866
1784101958032,44.200000,-21.211668,-18.129313,0.082542,5.273644
1784101958052,44.220000,9.497162,-6.312260,0.010015,6.118381
1784101958072,44.240000,1.102660,3.728731,-0.055520,12.477505
1784101958092,44.260000,28.185875,11.313807,-0.091068,21.616767
1784101958112,44.280000,15.220851,16.267563,-0.096671,29.205306
1784101958132,44.300000,49.974716,18.937912,-0.124496,31.943525
1784101958152,44.320000,16.424429,20.005163,-0.143275,28.328307
1784101958172,44.340000,33.669525,20.165940,-0.207507,17.962788
1784101958192,44.360000,-1.098503,19.844480,-0.350596,0.860432
1784101958212,44.380000,3.889752,19.053724,-0.518880,-21.220084
1784101958232,44.400000,-49.567520,17.449205,-0.787581,-43.223505
1784101958252,44.420000,-30.327490,14.528629,-0.957833,-58.989917
1784101958272,44.440000,-62.083805,9.900371,-0.997044,-65.591463
1784101958292,44.460000,-34.902790,3.561753,-0.930046,-64.550304
1784101958312,44.480000,-47.432404,-3.902628,-0.818235,-59.015761
1784101958332,44.500000,-17.773110,-11.329369,-0.681183,-50.562415
1784101958352,44.520000,-27.002610,-17.241478,-0.517597,-38.684599
1784101958372,44.540000,21.299103,-20.254580,-0.333860,-22.432462
1784101958392,44.560000,14.809168,-19.428320,-0.158498,-1.730713
1784101958412,44.580000,65.721450,-14.441090,-0.026980,22.070697
1784101958432,44.600000,71.194695,-5.584038,0.095644,45.666957
1784101958452,44.620000,113.528760,6.357350,0.214352,64.124204
1784101958472,44.640000,99.898020,20.249300,0.296896,72.597217
1784101958492,44.660000,123.830200,34.718807,0.322561,68.415140
1784101958512,44.680000,90.285324,48.214947,0.340384,52.707651
1784101958532,44.700000,85.093630,59.078457,0.426809,30.368664
1784101958552,44.720000,46.265434,65.688110,0.508362,7.242415
1784101958572,44.740000,52.621178,66.713530,0.550875,-12.876760
1784101958592,44.760000,19.437708,61.447540,0.613758,-27.684619
1784101958612,44.780000,31.147102,50.104920,0.709633,-34.355180
1784101958632,44.800000,12.593778,33.921116,0.762252,-30.981254
1784101958652,44.820000,59.777620,14.979304,0.687421,-19.735927
1784101958672,44.840000,42.595050,-4.148234,0.567899,-5.882973
1784101958692,44.860000,85.691154,-20.841223,0.434752,6.744810
1784101958712,44.880000,71.257510,-32.910748,0.355498,17.610522
1784101958732,44.900000,105.124030,-39.038340,0.345792,26.680675
1784101958752,44.920000,87.223590,-39.026363,0.289221,31.463203
1784101958772,44.940000,120.988464,-33.750637,0.179769,28.724688
1784101958792,44.960000,74.702805,-24.862642,0.082542,19.103902
1784101958812,44.980000,88.847960,-14.406508,0.340384,7.261421
1784101958832,45.000000,62.022995,-4.467913,0.426809,-3.781663
1784101958852,45.020000,70.116320,3.151424,0.508362,-15.640810
1784101958872,45.040000,40.590027,7.246562,0.550875,-29.914773
1784101958892,45.060000,43.446550,7.412693,0.613758,-42.657131
1784101958912,45.080000,15.330873,4.017579,0.709633,-46.556841
1784101958932,45.100000,52.128178,-2.010299,0.762252,-38.786256
1784101958952,45.120000,46.296864,-9.389747,0.687421,-24.125457
1784101958972,45.140000,85.321270,-16.609735,0.567899,-9.274732
1784101958992,45.160000,63.765427,-22.083956,0.434752,3.238417
1784101959012,45.180000,106.398470,-24.462748,0.355498,13.677230
1784101959032,45.200000,91.038070,-23.011847,0.345792,20.646932
1784101959052,45.220000,115.027580,-17.823055,0.289221,21.607662
1784101959072,45.240000,83.442580,-9.758698,0.179769,16.896943
1784101959092,45.260000,101.602500,-0.226955,0.082542,10.540655
1784101959112,45.280000,78.034320,9.110946,0.010015,7.003001
1784101959132,45.300000,98.505080,16.688871,-0.055520,8.076428
1784101959152,45.320000,78.932340,21.397049,-0.091068,12.141913
1784101959172,45.340000,110.260790,22.829641,-0.096671,15.538354
1784101959192,45.360000,81.364655,21.312006,-0.124496,15.388314
1784101959212,45.380000,106.161420,17.699478,-0.143275,11.801824
1784101959232,45.400000,69.275500,13.032670,-0.207507,6.884343
1784101959252,45.420000,91.882160,8.189845,-0.350596,1.686181
1784101959272,45.440000,68.103370,3.687523,-0.518880,-4.189568
1784101959292,45.460000,82.283554,-0.300757,-0.787581,-9.312770
1784101959312,45.480000,48.607956,-3.793856,-0.957833,-9.758487
1784101959332,45.500000,84.435520,-6.859955,-0.997044,-4.366091
1784101959352,45.520000,74.281690,-9.513246,-0.930046,2.039082
1784101959372,45.540000,94.614105,-11.618202,-0.818235,4.068750
1784101959392,45.560000,59.950493,-12.868656,-0.681183,1.974640
1784101959412,45.580000,87.815506,-12.948448,-0.517597,-1.104425
1784101959432,45.600000,55.923862,-11.787376,-0.333860,-5.666239
1784101959452,45.620000,81.679940,-9.674267,-0.158498,-14.917851
1784101959472,45.640000,32.114530,-7.143436,-0.026980,-27.712445
1784101959492,45.660000,44.086197,-4.794860,0.095644,-36.990859
1784101959512,45.680000,27.429113,-3.179347,0.214352,-37.021046
1784101959532,45.700000,60.140440,-2.676882,0.296896,-29.161720
1784101959552,45.720000,41.479034,-3.303006,0.322561,-18.773507
1784101959572,45.740000,76.513790,-4.577213,0.340384,-9.060088
1784101959592,45.760000,59.845726,-5.636139,0.426809,0.103304
1784101959612,45.780000,90.464370,-5.571850,0.508362,8.910533
1784101959632,45.800000,80.268490,-3.780257,0.550875,15.708938
1784101959652,45.820000,101.175460,-0.141437,0.613758,19.014341
1784101959672,45.840000,76.722070,4.979860,0.709633,20.061394
1784101959692,45.860000,106.924130,10.845097,0.762252,21.881257
1784101959712,45.880000,78.896590,16.521868,0.687421,26.016672
1784101959732,45.900000,116.578255,21.112959,0.567899,30.865895
1784101959752,45.920000,88.060560,23.984720,0.434752,33.176254
1784101959772,45.940000,109.813400,24.894272,0.355498,30.519884
1784101959792,45.960000,74.312570,23.942892,0.345792,22.245647
1784101959812,45.980000,93.622750,21.400492,0.289221,9.594831
1784101959832,46.000000,48.551430,17.527811,0.179769,-3.747373
1784101959852,46.020000,61.419235,12.495544,0.082542,-12.838033
1784101959872,46.040000,35.561016,6.418337,0.010015,-15.427931
1784101959892,46.060000,68.653810,-0.518560,-0.055520,-13.887847
1784101959912,46.080000,37.522137,-7.895611,-0.091068,-11.966313
1784101959932,46.100000,59.276190,-14.992421,-0.096671,-11.254120
1784101959952,46.120000,41.672615,-20.930440,-0.124496,-11.546243
1784101959972,46.140000,68.301170,-24.947668,-0.143275,-11.787634
1784101959992,46.160000,34.829884,-26.614206,-0.207507,-9.496578
1784101960012,46.180000,73.957504,-25.897665,-0.350596,-2.286155
1784101960032,46.200000,58.788475,-23.101340,0.340384,8.490290
1784101960052,46.220000,94.350950,-18.711890,0.426809,17.555735
1784101960072,46.240000,72.739210,-13.221885,0.508362,20.443461
1784101960092,46.260000,97.091050,-7.046728,0.550875,17.737762
1784101960112,46.280000,61.984690,-0.595191,0.613758,13.692660
1784101960132,46.300000,91.559630,5.607796,0.709633,10.542557
1784101960152,46.320000,59.636032,10.907514,0.762252,5.573707
1784101960172,46.340000,87.868004,14.664729,0.687421,-4.478503
1784101960192,46.360000,36.021690,16.451353,0.567899,-17.148175
1784101960212,46.380000,59.696888,16.136168,0.434752,-25.534307
1784101960232,46.400000,37.764790,13.837807,0.355498,-26.375002
1784101960252,46.420000,72.266020,9.885736,0.345792,-23.657705
1784101960272,46.440000,49.782104,4.867909,0.289221,-22.725573
1784101960292,46.460000,71.452670,-0.357441,0.179769,-23.502078
1784101960312,46.480000,51.858520,-4.837196,0.082542,-21.830425
1784101960332,46.500000,94.650100,-7.814114,0.010015,-15.673334
1784101960352,46.520000,76.910835,-8.902063,-0.055520,-7.254449
1784101960372,46.540000,113.310530,-8.055100,-0.091068,-0.074944
1784101960392,46.560000,91.881930,-5.456509,-0.096671,3.587855
1784101960412,46.580000,132.499730,-1.462978,-0.124496,3.016237
1784101960432,46.600000,96.784310,3.402950,-0.143275,-0.436700
1784101960452,46.620000,129.056640,8.478169,-0.207507,-3.190539
1784101960472,46.640000,109.799286,13.031280,-0.350596,-1.411816
1784101960492,46.660000,149.834560,16.397276,-0.518880,6.438688
1784101960512,46.680000,134.513210,18.163363,-0.787581,18.614501
1784101960532,46.700000,188.372270,18.323305,-0.957833,30.744918
1784101960552,46.720000,162.749080,17.288652,-0.997044,37.874389
1784101960572,46.740000,203.281140,15.713142,-0.930046,37.135952
1784101960592,46.760000,168.969060,14.197041,-0.818235,29.242410
1784101960612,46.780000,186.854370,13.001087,-0.681183,17.377226
1784101960632,46.800000,152.602660,11.902763,-0.517597,4.354038
1784101960652,46.820000,179.401820,10.282277,-0.333860,-8.514581
1784101960672,46.840000,135.872010,7.410316,-0.158498,-19.431449
1784101960692,46.860000,166.948760,2.788379,-0.026980,-25.090492
1784101960712,46.880000,140.113050,-3.620852,0.095644,-23.625380
1784101960732,46.900000,186.626620,-11.332043,0.214352,-17.522051
1784101960752,46.920000,162.119830,-19.407543,0.296896,-11.689553
1784101960772,46.940000,202.432600,-26.640000,0.344255,-8.796429
1784101960792,46.960000,168.046460,-31.856860,0.390523,-7.745701
1784101960812,46.980000,211.647610,-34.271183,0.461603,-6.420056
1784101960832,47.000000,187.810270,-33.702650,0.525495,-4.096796
1784101960852,47.020000,215.648090,-30.552475,0.606088,-1.124834
1784101960872,47.040000,193.607540,-25.596039,0.656783,1.482120
1784101960892,47.060000,230.847720,-19.738443,0.667462,1.884724
1784101960912,47.080000,197.679200,-13.818581,0.605827,-0.768152
1784101960932,47.100000,223.329500,-8.489338,0.503785,-4.187987
1784101960952,47.120000,192.915010,-4.190160,0.393201,-4.805910
1784101960972,47.140000,230.892270,-1.180355,0.348247,-1.944584
1784101960992,47.160000,205.523280,0.456860,0.346424,1.730141
1784101961012,47.180000,236.460310,0.862285,0.300052,4.045666
1784101961032,47.200000,204.739170,0.401064,0.191880,5.647320
1784101961052,47.220000,240.284910,-0.455989,0.086863,7.808273
1784101961072,47.240000,211.464600,-1.298415,0.014016,9.659566
1784101961092,47.260000,238.602690,-1.873238,0.028677,9.116309
1784101961112,47.280000,209.258120,-2.091107,0.004678,6.080577
1784101961132,47.300000,225.548890,-2.000195,-0.003599,3.284044
1784101961152,47.320000,198.634670,-1.765156,0.055645,3.260319
1784101961172,47.340000,232.821960,-1.617392,-0.009257,5.617089
1784101961192,47.360000,202.301420,-1.741990,-0.143657,8.708567
1784101961212,47.380000,228.253940,-2.158152,-0.312668,12.750634
1784101961232,47.400000,205.450520,-2.695355,-0.508764,19.200477
1784101961252,47.420000,248.616520,-3.075100,-0.840681,28.008690
1784101961272,47.440000,213.715760,-3.005087,-0.956662,37.195078
1784101961292,47.460000,256.213260,-2.236486,-0.996640,44.136122
1784101961312,47.480000,222.277650,-0.622088,-0.962446,46.189196
1784101961332,47.500000,246.866330,1.804523,-0.854937,41.090401
1784101961352,47.520000,193.947600,4.761538,-0.699795,27.738519
1784101961372,47.540000,213.094360,7.698634,-0.548280,7.159126
1784101961392,47.560000,148.374620,9.850140,-0.383386,-16.589374
1784101961412,47.580000,153.491530,10.378890,-0.168857,-37.531055
1784101961432,47.600000,109.176186,8.592032,-0.027544,-51.713328
1784101961452,47.620000,136.999020,4.188055,0.100884,-59.455733
1784101961472,47.640000,91.598100,-2.527249,0.188970,-62.648063
1784101961492,47.660000,124.788666,-10.574981,0.266812,-61.555439
1784101961512,47.680000,100.869310,-18.483278,0.325763,-55.755612
1784101961532,47.700000,134.250530,-24.652090,0.344255,-46.912984
1784101961552,47.720000,112.851150,-27.730316,0.390523,-38.954974
1784101961572,47.740000,154.602110,-26.882970,0.461603,-34.629404
1784101961592,47.760000,111.624420,-21.929838,0.525495,-31.709202
1784101961612,47.780000,162.514530,-13.367625,0.606088,-23.890862
1784101961632,47.800000,139.746190,-2.249881,0.656783,-6.937765
1784101961652,47.820000,190.874270,10.089995,0.667462,15.945446
1784101961672,47.840000,198.771030,22.408090,0.605827,35.982154
1784101961692,47.860000,222.342620,33.851290,0.503785,47.074316
1784101961712,47.880000,199.969570,43.996857,0.393201,50.893424
1784101961732,47.900000,230.771760,52.606236,0.348247,52.353664
1784101961752,47.920000,208.453800,59.321728,0.346424,52.411633
1784101961772,47.940000,229.806210,63.578537,0.300052,47.801968
1784101961792,47.960000,187.122330,64.771130,0.191880,35.861675
1784101961812,47.980000,196.837920,62.462353,0.086863,16.917270
1784101961832,48.000000,149.519680,56.469280,0.014016,-6.755941
1784101961852,48.020000,152.772980,46.865480,0.028677,-31.409119
1784101961872,48.040000,100.882120,33.989063,0.004678,-51.470815
1784101961892,48.060000,122.246840,18.473825,-0.003599,-61.453268
1784101961912,48.080000,92.803970,1.287722,0.055645,-59.520989
1784101961932,48.100000,141.184050,-16.232850,-0.009257,-48.501149
1784101961952,48.120000,116.386200,-32.405420,-0.143657,-33.308186
1784101961972,48.140000,166.927190,-45.381824,-0.312668,-18.388308
1784101961992,48.160000,144.004400,-53.516373,-0.508764,-7.190969
1784101962012,48.180000,186.889100,-55.795822,-0.840681,-1.512505
1784101962032,48.200000,150.394740,-52.140606,0.344255,0.159749
1784101962052,48.220000,184.555980,-43.462612,0.390523,2.416665
1784101962072,48.240000,164.375730,-31.463524,0.461603,9.523594
1784101962092,48.260000,199.336670,-18.214594,0.525495,22.002751
1784101962112,48.280000,192.534670,-5.633760,0.606088,36.770271
1784101962132,48.300000,236.557710,4.954980,0.656783,50.806619
1784101962152,48.320000,210.832210,13.007660,0.667462,64.063291
1784101962172,48.340000,260.438300,18.637924,0.605827,77.460573
1784101962192,48.360000,245.372160,22.307100,0.503785,88.843763
1784101962212,48.380000,279.789060,24.524239,0.393201,93.323060
1784101962232,48.400000,241.521180,25.657728,0.348247,87.823652
1784101962252,48.420000,272.578980,25.828371,0.346424,74.269330
1784101962272,48.440000,213.052610,24.852240,0.300052,58.480190
1784101962292,48.460000,251.027310,22.285680,0.191880,46.107463
1784101962312,48.480000,210.464360,17.631006,0.086863,39.048127
1784101962332,48.500000,245.281710,10.649076,0.014016,34.982818
1784101962352,48.520000,216.793610,1.619153,0.028677,29.476089
1784101962372,48.540000,247.157060,-8.608826,0.004678,18.741865
1784101962392,48.560000,205.744480,-18.822370,-0.003599,1.672178
1784101962412,48.580000,228.357120,-27.821915,0.055645,-20.090934
1784101962432,48.600000,185.511320,-34.782696,-0.009257,-43.691583
1784101962452,48.620000,210.243960,-39.437900,-0.143657,-66.138372
1784101962472,48.640000,176.441450,-42.009720,-0.312668,-84.267932
1784101962492,48.660000,210.785000,-42.951610,-0.508764,-95.393672
1784101962512,48.680000,194.270900,-42.649963,-0.840681,-99.547578
1784101962532,48.700000,247.946820,-41.210390,-0.956662,-100.634625
1784101962552,48.720000,233.178860,-38.394420,-0.996640,-103.474863
1784101962572,48.740000,287.868350,-33.730274,-0.962446,-108.950344
1784101962592,48.760000,258.776700,-26.773468,-0.854937,-113.316719
1784101962612,48.780000,334.479430,-17.406494,-0.699795,-112.771062
1784101962632,48.800000,330.281100,-5.984600,-0.548280,-106.615378
1784101962652,48.820000,399.483150,6.782090,-0.383386,-95.189997
1784101962672,48.840000,408.210820,20.097540,-0.168857,-77.884643
1784101962692,48.860000,499.177860,33.298035,-0.027544,-55.110389
1784101962712,48.880000,518.924600,45.938625,0.100884,-29.747940
1784101962732,48.900000,612.553830,57.791626,0.188970,-4.876838
1784101962752,48.920000,613.086550,68.769620,0.382205,17.665430
1784101962772,48.940000,711.084840,78.749756,0.421151,34.833016
1784101962792,48.960000,710.692400,87.384560,0.454552,41.444122
1784101962812,48.980000,760.029300,94.022890,0.495625,34.752651
1784101962832,49.000000,742.953370,97.741325,0.511107,18.864727
1784101962852,49.020000,787.924900,97.437190,0.425946,3.149767
1784101962872,49.040000,771.601560,92.017815,0.305109,-3.386669
1784101962892,49.060000,838.634640,80.747300,0.223396,2.906977
1784101962912,49.080000,840.653440,63.668610,0.180837,18.960240
1784101962932,49.100000,926.448000,41.878902,0.149746,38.346741
1784101962952,49.120000,918.385860,17.470526,0.121573,56.598488
1784101962972,49.140000,989.991900,-6.913090,0.081488,72.960053
1784101962992,49.160000,990.824460,-28.764093,0.002934,87.830283
1784101963012,49.180000,1055.777600,-46.330060,-0.055032,101.072991
1784101963032,49.200000,1034.951200,-58.911972,-0.044545,112.851108
1784101963052,49.220000,1096.800000,-66.814870,0.023314,123.148800
1784101963072,49.240000,1077.099600,-71.076600,0.097246,129.914710
1784101963092,49.260000,1119.001800,-73.097480,0.156635,129.905386
1784101963112,49.280000,1076.241600,-74.281000,0.243313,121.674375
1784101963132,49.300000,1097.240700,-75.806915,0.246467,106.289354
1784101963152,49.320000,1045.162600,-78.570244,0.132528,85.714578
1784101963172,49.340000,1058.589000,-83.180050,-0.025799,62.609131
1784101963192,49.360000,990.202500,-89.916040,-0.276476,41.308651
1784101963212,49.380000,1008.740900,-98.658410,-0.812533,25.966181
1784101963232,49.400000,956.960200,-108.844765,-1.000000,16.536879
1784101963252,49.420000,982.980600,-119.467100,-0.970099,8.360867
1784101963272,49.440000,916.497440,-129.138850,-0.865491,-3.525636
1784101963292,49.460000,929.287660,-136.312560,-0.716365,-20.800620
1784101963312,49.480000,865.257000,-139.651050,-0.566238,-42.081350
1784101963332,49.500000,859.173340,-138.390300,-0.441914,-64.695135
1784101963352,49.520000,796.910300,-132.504500,-0.276009,-85.870568
1784101963372,49.540000,802.571660,-122.607610,-0.083956,-103.172210
1784101963392,49.560000,739.272800,-109.662320,0.084368,-114.625755
1784101963412,49.580000,759.362240,-94.631710,0.228611,-119.446033
1784101963432,49.600000,714.118900,-78.203545,0.342198,-118.815457
1784101963452,49.620000,741.536500,-60.666973,0.413642,-114.873666
1784101963472,49.640000,695.922240,-41.958874,0.402111,-108.710788
1784101963492,49.660000,734.620000,-21.851210,0.382205,-99.895265
1784101963512,49.680000,697.530200,-0.196364,0.421151,-87.499812
1784101963532,49.700000,739.305970,22.889277,0.454552,-70.900365
1784101963552,49.720000,718.994750,46.977985,0.382334,-49.910773
1784101963572,49.740000,766.085100,71.404870,0.438623,-24.925994
1784101963592,49.760000,750.040300,95.394554,0.449762,2.378420
1784101963612,49.780000,807.895260,118.175780,0.511749,28.518193
1784101963632,49.800000,784.813840,139.046140,0.548833,49.262939
1784101963652,49.820000,822.322750,157.365980,0.481684,61.491370
1784101963672,49.840000,787.384900,172.484180,0.410439,63.844532
1784101963692,49.860000,813.049560,183.649860,0.433233,56.749129
1784101963712,49.880000,754.420040,189.999980,0.478747,42.737062
1784101963732,49.900000,767.316800,190.665280,0.481743,25.294597
1784101963752,49.920000,711.884640,184.963490,0.435291,6.139278
1784101963772,49.940000,723.070700,172.625440,0.351660,-15.116402
1784101963792,49.960000,661.022000,153.991500,0.179732,-37.388045
1784101963812,49.980000,675.155600,130.086000,-0.011127,-55.305845
1784101963832,50.000000,627.033100,102.518410,-0.054911,-61.966131
1784101963852,50.020000,664.631300,73.275930,0.017741,-55.390763
1784101963872,50.040000,645.791140,44.525818,0.055974,-41.408553
1784101963892,50.060000,686.973630,18.457392,0.080298,-28.521739
1784101963912,50.080000,656.108000,-2.927899,0.079686,-19.566888
1784101963932,50.100000,692.240700,-18.151247,-0.003580,-9.277619
1784101963952,50.120000,677.716430,-26.610931,-0.139922,9.974265
1784101963972,50.140000,732.814600,-28.710585,-0.318461,40.585090
1784101963992,50.160000,725.531400,-25.624853,-0.549118,76.923117
1784101964012,50.180000,797.387200,-18.838232,-0.912460,108.938036
1784101964032,50.200000,761.240500,-9.748357,-0.981405,128.633566
1784101964052,50.220000,789.771700,0.437323,-0.993989,133.128554
1784101964072,50.240000,748.021500,10.515202,-0.973343,122.867964
1784101964092,50.260000,745.103300,19.050995,-0.829440,100.380969
1784101964112,50.280000,662.112300,24.348846,-0.647540,71.081849
1784101964132,50.300000,664.885740,24.684046,-0.475736,41.688801
1784101964152,50.320000,590.742430,18.704260,-0.290347,16.733022
1784101964172,50.340000,593.407350,5.872586,-0.116519,-2.284353
1784101964192,50.360000,529.721600,-13.200851,0.080086,-15.452372
1784101964212,50.380000,545.977900,-36.715954,0.255431,-23.741755
1784101964232,50.400000,487.516720,-61.988132,0.368568,-28.808705
1784101964252,50.420000,509.699620,-85.980830,0.408115,-31.729638
1784101964272,50.440000,458.009580,-105.881900,0.365251,-31.242826
1784101964292,50.460000,484.088070,-119.574646,0.382334,-23.935550
1784101964312,50.480000,451.548100,-125.895836,0.438623,-7.774937
1784101964332,50.500000,489.626900,-124.636320,0.449762,13.268307
1784101964352,50.520000,457.005070,-116.344860,0.511749,28.184258
1784101964372,50.540000,471.165900,-102.090065,0.548833,24.285476
1784101964392,50.560000,403.631770,-83.340650,0.481684,-3.636140
1784101964412,50.580000,359.659240,-62.009663,0.410439,-48.226834
1784101964432,50.600000,276.793880,-40.532530,0.433233,-94.264148
1784101964452,50.620000,265.735170,-21.713530,0.478747,-128.121236
1784101964472,50.640000,200.410890,-8.153713,0.481743,-142.468064
1784101964492,50.660000,226.949810,-1.404954,0.435291,-135.593485
1784101964512,50.680000,204.995270,-1.285188,0.351660,-110.813628
1784101964532,50.700000,267.304020,-5.742535,0.179732,-76.035345
1784101964552,50.720000,255.541200,-11.346406,-0.011127,-40.171596
1784101964572,50.740000,309.922550,-14.229728,0.382334,-8.163571
1784101964592,50.760000,296.900820,-11.192383,0.438623,20.474655
1784101964612,50.780000,349.936160,-0.599993,0.449762,48.641220
1784101964632,50.800000,336.172940,17.245264,0.511749,77.403833
1784101964652,50.820000,389.318400,40.351894,0.548833,103.688464
1784101964672,50.840000,367.812680,65.713196,0.481684,121.325958
1784101964692,50.860000,400.376220,90.076880,0.410439,124.876058
1784101964712,50.880000,347.490480,110.528350,0.433233,113.177831
1784101964732,50.900000,353.749270,124.770750,0.478747,89.381199
1784101964752,50.920000,284.097050,131.174070,0.481743,58.006660
1784101964772,50.940000,287.194700,128.772170,0.435291,22.950577
1784101964792,50.960000,207.403370,117.331570,0.351660,-11.813730
1784101964812,50.980000,216.102450,97.463830,0.179732,-41.454900
1784101964832,51.000000,160.133880,70.676980,-0.011127,-61.561331
1784101964852,51.020000,187.178960,39.306780,-0.054911,-70.295887
1784101964872,51.040000,148.083570,6.318172,0.017741,-69.905686
1784101964892,51.060000,192.616780,-25.026838,0.055974,-66.430259
1784101964912,51.080000,163.588900,-51.616013,0.080298,-65.764128
1784101964932,51.100000,196.605500,-70.972660,0.079686,-67.807067
1784101964952,51.120000,157.730530,-81.676575,-0.003580,-65.703894
1784101964972,51.140000,220.486570,-83.595620,-0.139922,-52.807736
1784101964992,51.160000,210.438080,-77.780020,-0.318461,-29.717297
1784101965012,51.180000,269.492950,-66.000760,-0.549118,-3.940240
1784101965032,51.200000,267.836550,-50.170704,-0.912460,16.090713
1784101965052,51.220000,314.502300,-31.975107,-0.981405,27.026068
1784101965072,51.240000,290.495850,-12.841956,-0.993989,32.582830
1784101965092,51.260000,337.081480,5.887049,-0.973343,39.699708
1784101965112,51.280000,321.691100,22.832754,-0.829440,51.771969
1784101965132,51.300000,376.222140,36.666203,-0.647540,65.622082
1784101965152,51.320000,364.089720,46.383810,-0.475736,75.358111
1784101965172,51.340000,399.444850,51.562500,-0.290347,78.384369
1784101965192,51.360000,368.919130,52.375515,-0.116519,76.208764
1784101965212,51.380000,411.390320,49.358112,0.080086,69.956997
1784101965232,51.400000,368.301400,43.121075,0.255431,57.838770
1784101965252,51.420000,389.904400,34.190693,0.368568,37.889697
1784101965272,51.440000,334.369930,22.979235,0.408115,11.488690
1784101965292,51.460000,351.679380,9.802663,0.365251,-16.397588
1784101965312,51.480000,298.598330,-5.068034,0.382334,-39.571728
1784101965332,51.500000,324.556030,-21.283285,0.438623,-53.756815
1784101965352,51.520000,292.356230,-38.242886,0.449762,-58.948178
1784101965372,51.540000,340.355960,-54.960327,0.511749,-58.815692
1784101965392,51.560000,302.231200,-70.057240,0.548833,-57.401552
1784101965412,51.580000,350.532800,-81.960365,0.481684,-56.712644
1784101965432,51.600000,321.868840,-89.272270,0.410439,-56.674901
1784101965452,51.620000,363.429780,-91.153080,0.433233,-55.488503
1784101965472,51.640000,336.636140,-87.530770,0.478747,-50.429729
1784101965492,51.660000,385.058230,-79.071220,0.481743,-40.726000
1784101965512,51.680000,366.890440,-66.958430,0.435291,-30.112626
1784101965532,51.700000,416.990200,-52.580600,0.351660,-24.536735
1784101965552,51.720000,376.001770,-37.250565,0.179732,-26.294026
1784101965572,51.740000,406.477300,-22.093767,-0.011127,-31.752050
1784101965592,51.760000,376.650200,-8.104670,-0.054911,-35.367354
1784101965612,51.780000,410.537400,3.798783,0.017741,-34.254257
1784101965632,51.800000,381.920530,12.871877,0.055974,-28.402235
1784101965652,51.820000,426.884060,18.747374,0.080298,-18.297086
1784101965672,51.840000,409.708920,21.582222,0.079686,-3.488353
1784101965692,51.860000,451.736270,22.041162,0.382334,16.392866
1784101965712,51.880000,444.639100,21.126364,0.438623,39.247875
1784101965732,51.900000,501.395080,19.930746,0.449762,60.641779
1784101965752,51.920000,471.071040,19.398537,0.511749,77.809539
1784101965772,51.940000,517.361760,20.124640,0.548833,92.042682
1784101965792,51.960000,486.911500,22.203592,0.481684,105.173946
1784101965812,51.980000,527.406500,25.188581,0.410439,114.807000
1784101965832,52.000000,486.004730,28.226430,0.433233,115.193156
1784101965852,52.020000,499.939940,30.311066,0.478747,103.105980
1784101965872,52.040000,428.375500,30.488688,0.481743,81.557773
1784101965892,52.060000,433.004360,27.933706,0.435291,57.141520
1784101965912,52.080000,369.164200,21.992350,0.351660,34.846078
1784101965932,52.100000,365.667800,12.321746,0.179732,15.965403
1784101965952,52.120000,310.610100,-0.896341,-0.011127,-0.480933
1784101965972,52.140000,318.827150,-16.813915,-0.054911,-15.387766
1784101965992,52.160000,251.989100,-33.970055,0.017741,-28.380261
1784101966012,52.180000,271.375500,-50.546260,0.055974,-38.773648
1784101966032,52.200000,216.417400,-64.721190,0.080298,-46.717143
1784101966052,52.220000,236.566770,-74.986450,0.079686,-52.076281
1784101966072,52.240000,183.361270,-80.336586,-0.003580,-53.287901
1784101966092,52.260000,213.143340,-80.336160,-0.139922,-49.386150
1784101966112,52.280000,181.780150,-75.089745,-0.318461,-42.440750
1784101966132,52.300000,209.441470,-65.116905,-0.549118,-35.898855
1784101966152,52.320000,169.800690,-51.189360,-0.912460,-30.947221
1784101966172,52.340000,202.699720,-34.233913,-0.981405,-26.286531
1784101966192,52.360000,164.999250,-15.316589,-0.993989,-20.937490
1784101966212,52.380000,208.675380,4.389213,-0.973343,-15.268168
1784101966232,52.400000,163.542050,23.719854,-0.829440,-9.487739
1784101966252,52.420000,203.906920,41.663685,-0.647540,-3.526146
1784101966272,52.440000,176.436130,57.444820,-0.475736,1.091712
1784101966292,52.460000,209.935670,70.551280,-0.290347,1.320565
1784101966312,52.480000,161.107670,80.724236,-0.116519,-5.069403
1784101966332,52.500000,191.361390,87.881960,0.421915,-18.474202
1784101966352,52.520000,140.219910,91.989380,0.469145,-37.432600
1784101966372,52.540000,159.096500,92.969370,0.452866,-57.288674
1784101966392,52.560000,113.453890,90.734710,0.433600,-69.979728
1784101966412,52.580000,158.973680,85.326670,0.336411,-68.091678
1784101966432,52.600000,151.859420,77.114716,0.244831,-50.312369
1784101966452,52.620000,219.881680,67.000400,0.213210,-23.017629
1784101966472,52.640000,223.044220,56.486618,0.247505,3.036784
1784101966492,52.660000,283.038940,47.450760,0.305782,18.313157
1784101966512,52.680000,263.433200,41.610783,0.370687,19.725284
1784101966532,52.700000,306.135400,39.891880,0.431751,13.056199
1784101966552,52.720000,276.980070,42.006100,0.442536,9.927299
1784101966572,52.740000,338.107270,46.484364,0.353963,19.380443
1784101966592,52.760000,336.139040,51.201366,0.187634,39.893029
1784101966612,52.780000,415.528500,54.183735,0.121502,59.846839
1784101966632,52.800000,401.481200,54.306255,0.174010,67.170414
1784101966652,52.820000,433.394870,51.491425,0.173220,58.506669
1784101966672,52.840000,408.940120,46.313618,0.130967,39.185805
1784101966692,52.860000,433.269900,39.332638,0.033211,16.984052
1784101966712,52.880000,396.024930,30.649770,-0.122974,-2.270432
1784101966732,52.900000,439.029050,19.941294,-0.250939,-15.111383
1784101966752,52.920000,414.162300,6.856264,-0.378035,-19.515419
1784101966772,52.940000,470.951570,-8.520892,-0.574916,-15.096715
1784101966792,52.960000,460.292270,-25.396368,-0.912648,-4.914822
1784101966812,52.980000,524.446960,-42.303215,-0.982911,3.800121
1784101966832,53.000000,502.306760,-57.432220,-0.988637,3.703181
1784101966852,53.020000,560.152600,-69.126220,-0.924019,-5.385585
1784101966872,53.040000,497.836760,-76.371284,-0.794278,-14.486083
1784101966892,53.060000,575.681500,-79.116640,-0.606647,-13.873518
1784101966912,53.080000,556.920530,-78.232720,-0.417697,-3.135250
1784101966932,53.100000,619.410600,-75.050730,-0.214431,9.184797
1784101966952,53.120000,598.576200,-70.746670,-0.017065,14.322772
1784101966972,53.140000,645.613160,-65.986930,0.132327,9.773258
1784101966992,53.160000,605.832100,-61.022930,0.269324,-0.940262
1784101967012,53.180000,639.054400,-56.037968,0.390192,-12.350834
1784101967032,53.200000,617.536200,-51.406270,0.439910,-20.248504
1784101967052,53.220000,645.373600,-47.677563,0.410392,-22.117913
1784101967072,53.240000,623.747700,-45.338303,0.421915,-17.629306
1784101967092,53.260000,680.382200,-44.540035,0.469145,-10.076014
1784101967112,53.280000,655.784400,-44.954310,0.452866,-4.518590
1784101967132,53.300000,692.307300,-45.823320,0.433600,-2.753468
1784101967152,53.320000,663.486630,-46.210983,0.515179,-1.986722
1784101967172,53.340000,704.708000,-45.362125,0.501002,0.893740
1784101967192,53.360000,679.394040,-42.962467,0.473288,5.943103
1784101967212,53.380000,724.295900,-39.139660,0.458038,12.003554
1784101967232,53.400000,688.891970,-34.268820,0.377235,19.845790
1784101967252,53.420000,742.005070,-28.770628,0.271898,31.212522
1784101967272,53.440000,715.740800,-22.995234,0.188051,45.333405
1784101967292,53.460000,771.994900,-17.164452,0.139370,58.711015
1784101967312,53.480000,735.379300,-11.349060,0.140785,68.718803
1784101967332,53.500000,780.226100,-5.519754,0.171461,75.182182
1784101967352,53.520000,731.265300,0.309266,0.227463,76.998131
1784101967372,53.540000,775.432250,5.927712,0.292205,69.456378
1784101967392,53.560000,706.168200,10.883785,0.341150,48.437021
1784101967412,53.580000,700.453370,14.543312,0.284680,16.833941
1784101967432,53.600000,629.287350,16.158028,0.153610,-16.328819
1784101967452,53.620000,640.319760,14.952157,0.129164,-42.774502
1784101967472,53.640000,583.134700,10.351967,0.194099,-58.689410
1784101967492,53.660000,599.524540,2.357195,0.176387,-63.984853
1784101967512,53.680000,567.137270,-8.175857,0.122836,-62.203667
1784101967532,53.700000,601.400270,-19.560830,0.034787,-60.143774
1784101967552,53.720000,560.410640,-29.621803,-0.108086,-63.168423
1784101967572,53.740000,575.906740,-36.227177,-0.238978,-69.980456
1784101967592,53.760000,536.440400,-37.869920,-0.363164,-74.198183
1784101967612,53.780000,570.216800,-34.075620,-0.548940,-71.460217
1784101967632,53.800000,535.525900,-25.421250,-0.862404,-63.483417
1784101967652,53.820000,588.614400,-13.161266,-1.000000,-54.726118
1784101967672,53.840000,538.832640,1.283330,-0.972407,-46.524080
1784101967692,53.860000,592.710600,16.671295,-0.903229,-36.318145
1784101967712,53.880000,562.648440,32.032160,-0.813160,-22.238016
1784101967732,53.900000,618.497440,46.630880,-0.623044,-6.039175
1784101967752,53.920000,585.219400,59.940277,-0.416750,9.180524
1784101967772,53.940000,645.409670,71.627770,-0.229035,22.661218
1784101967792,53.960000,606.001000,81.498955,-0.038510,36.140848
1784101967812,53.980000,656.305850,89.397896,0.132035,49.958155
1784101967832,54.000000,638.983700,95.135520,0.303353,60.310461
1784101967852,54.020000,670.088500,98.501800,0.379295,62.849861
1784101967872,54.040000,619.986450,99.315025,0.439533,58.605594
1784101967892,54.060000,664.445700,97.420900,0.469032,53.829982
1784101967912,54.080000,609.801450,92.659546,0.440890,53.827027
1784101967932,54.100000,663.978760,84.915690,0.380969,57.988890
1784101967952,54.120000,621.018600,74.296490,0.403157,60.785610
1784101967972,54.140000,658.642600,61.300976,0.400089,57.227448
1784101967992,54.160000,601.558900,46.798874,0.374084,47.045917
1784101968012,54.180000,634.189700,31.791842,0.369376,33.769590
1784101968032,54.200000,575.452300,17.106565,0.396139,20.933930
1784101968052,54.220000,607.021700,3.221176,0.449971,9.683428
1784101968072,54.240000,554.977050,-9.689537,0.463847,-0.937415
1784101968092,54.260000,583.451500,-21.575132,0.406126,-12.558180
1784101968112,54.280000,522.274540,-32.348606,0.305343,-26.807065
1784101968132,54.300000,553.925100,-41.838562,0.240278,-44.896652
1784101968152,54.320000,490.319580,-49.842144,0.245440,-65.507769
1784101968172,54.340000,508.110780,-56.208572,0.198803,-82.730734
1784101968192,54.360000,466.767240,-60.889180,0.100242,-88.636475
1784101968212,54.380000,511.604600,-63.900135,-0.046486,-79.732146
1784101968232,54.400000,494.474760,-65.174680,-0.201441,-60.517357
1784101968252,54.420000,557.324200,-64.379295,-0.404371,-39.804823
1784101968272,54.440000,532.619900,-60.871277,-0.496508,-23.320928
1784101968292,54.460000,579.301150,-53.933620,-0.585247,-10.527143
1784101968312,54.480000,556.132800,-43.208893,-0.837080,1.368932
1784101968332,54.500000,612.637400,-29.059683,-0.949770,12.411855
1784101968352,54.520000,572.729000,-12.615750,-0.998064,20.125969
1784101968372,54.540000,618.669860,4.485736,-0.942193,22.600387
1784101968392,54.560000,573.641000,20.464127,-0.842378,19.459978
1784101968412,54.580000,605.166500,33.693058,-0.672678,11.284125
1784101968432,54.600000,561.278140,42.903797,-0.425483,0.439415
1784101968452,54.620000,581.996000,47.322704,-0.263908,-7.772637
1784101968472,54.640000,545.638370,46.743134,-0.132629,-7.471658
1784101968492,54.660000,593.037230,41.544315,0.481654,2.683034
1784101968512,54.680000,573.180400,32.689674,0.512379,17.856526
1784101968532,54.700000,620.105200,21.676992,0.510572,31.460137
1784101968552,54.720000,584.211900,10.336204,0.425246,40.030504
1784101968572,54.740000,627.768070,0.422362,0.398589,43.295067
1784101968592,54.760000,583.700740,-6.856847,0.424792,41.813512
1784101968612,54.780000,618.649400,-11.133774,0.398666,36.775781
1784101968632,54.800000,561.477970,-12.867421,0.381143,30.892901
1784101968652,54.820000,597.469900,-13.086227,0.394596,26.622007
1784101968672,54.840000,545.204830,-13.018537,0.444782,23.043146
1784101968692,54.860000,583.705000,-13.716691,0.490428,16.684778
1784101968712,54.880000,522.392200,-15.776260,0.467320,6.486684
1784101968732,54.900000,537.044300,-19.261140,0.379443,-4.333742
1784101968752,54.920000,490.613900,-23.855270,0.291894,-13.199659
1784101968772,54.940000,515.880740,-29.089682,0.257400,-22.500776
1784101968792,54.960000,452.087100,-34.470337,0.223340,-36.059978
1784101968812,54.980000,468.169500,-39.509075,0.122915,-52.634070
1784101968832,55.000000,401.978940,-43.777157,-0.022251,-65.652103
1784101968852,55.020000,434.459350,-46.995815,-0.186825,-69.127006
1784101968872,55.040000,395.765750,-49.029530,-0.445382,-61.823692
1784101968892,55.060000,438.247040,-49.719380,-0.601672,-45.649341
1784101968912,55.080000,411.312930,-48.695282,-0.680066,-22.712999
1784101968932,55.100000,466.116100,-45.351795,-0.818804,4.196465
1784101968952,55.120000,447.863340,-39.026966,-0.898197,30.034775
1784101968972,55.140000,493.652950,-29.276321,-0.992950,49.200042
1784101968992,55.160000,449.989750,-16.130600,-0.968404,59.025470
1784101969012,55.180000,481.538700,-0.284817,-0.888809,60.463781
1784101969032,55.200000,427.771420,16.849743,-0.692841,55.905426
1784101969052,55.220000,446.384860,33.316814,-0.464345,47.809570
1784101969072,55.240000,388.782070,47.006184,-0.290937,39.151990
1784101969092,55.260000,408.764160,56.133160,-0.149974,33.215626
1784101969112,55.280000,351.895800,59.635845,0.055141,31.345043
1784101969132,55.300000,389.326420,57.386555,0.245705,31.175722
1784101969152,55.320000,330.741940,50.191210,0.385265,28.489175
1784101969172,55.340000,348.225430,39.571310,0.400912,20.864499
1784101969192,55.360000,289.580230,27.355394,0.413949,8.526831
1784101969212,55.380000,297.886780,15.202645,0.481654,-7.482341
1784101969232,55.400000,235.608540,4.248754,0.512379,-25.843726
1784101969252,55.420000,243.568970,-4.994929,0.510572,-43.608511
1784101969272,55.440000,175.860230,-12.515027,0.425246,-56.671782
1784101969292,55.460000,200.436360,-18.560251,0.398589,-63.330739
1784101969312,55.480000,158.480030,-23.378235,0.424792,-66.006654
1784101969332,55.500000,172.408450,-26.990120,0.398666,-67.517398
1784101969352,55.520000,137.443950,-29.105387,0.381143,-66.704452
1784101969372,55.540000,160.315870,-29.237411,0.481654,-59.638194
1784101969392,55.560000,139.339310,-26.936716,0.512379,-44.626904
1784101969412,55.580000,189.237100,-21.959005,0.510572,-24.379203
1784101969432,55.600000,159.663880,-14.281288,0.425246,-3.421677
1784101969452,55.620000,208.201660,-4.066104,0.398589,14.387562
1784101969472,55.640000,170.482770,8.303097,0.424792,25.344048
1784101969492,55.660000,215.373410,22.124930,0.398666,26.422854
1784101969512,55.680000,153.061860,36.329308,0.381143,19.301464
1784101969532,55.700000,177.854570,49.536427,0.394596,11.793674
1784101969552,55.720000,128.587250,60.217680,0.444782,11.489702
1784101969572,55.740000,178.975700,66.976204,0.490428,18.111492
1784101969592,55.760000,135.835270,68.941590,0.467320,24.563725
1784101969612,55.780000,167.682310,66.103450,0.379443,25.047976
1784101969632,55.800000,116.640900,59.317350,0.291894,20.031753
1784101969652,55.820000,149.513840,49.929200,0.257400,14.157197
1784101969672,55.840000,101.470340,39.277836,0.223340,11.863955
1784101969692,55.860000,133.642270,28.381739,0.122915,14.695179
1784101969712,55.880000,101.766280,17.899065,-0.022251,20.537552
1784101969732,55.900000,139.165710,8.257625,-0.186825,25.136031
1784101969752,55.920000,93.455376,-0.200530,-0.445382,25.392203
1784101969772,55.940000,125.267914,-7.181719,-0.601672,21.411331
1784101969792,55.960000,75.110794,-12.531532,-0.680066,15.744020
1784101969812,55.980000,110.450560,-16.348845,-0.818804,11.712391
1784101969832,56.000000,61.037400,-18.986430,-0.898197,12.161945
1784101969852,56.020000,104.268745,-20.910170,-0.992950,17.974800
1784101969872,56.040000,75.957825,-22.495138,-0.968404,26.819456
1784101969892,56.060000,106.024190,-23.861605,-0.888809,33.679337
1784101969912,56.080000,74.816110,-24.847574,-0.692841,33.036132
1784101969932,56.100000,93.168840,-25.156168,-0.464345,21.665048
1784101969952,56.120000,30.806335,-24.617930,-0.290937,0.728212
1784101969972,56.140000,37.524002,-23.434464,-0.149974,-24.748495
1784101969992,56.160000,-18.657070,-22.255045,0.055141,-48.600576
1784101970012,56.180000,-9.386392,-22.002302,0.245705,-65.842480
1784101970032,56.200000,-55.556892,-23.494492,0.385265,-74.159318
1784101970052,56.220000,-22.338408,-27.042475,0.400912,-74.951619
1784101970072,56.240000,-52.846134,-32.214740,0.413949,-71.885402
1784101970092,56.260000,-18.992538,-37.867330,0.481654,-66.805828
1784101970112,56.280000,-48.663666,-42.437200,0.512379,-57.803445
1784101970132,56.300000,1.159700,-44.398880,0.510572,-42.339522
1784101970152,56.320000,-12.182388,-42.679870,0.425246,-21.230424
1784101970172,56.340000,44.580700,-36.850124,0.398589,1.575597
1784101970192,56.360000,22.178146,-27.084900,0.424792,22.039162
1784101970212,56.380000,76.068760,-14.050534,0.398666,37.523806
1784101970232,56.400000,47.404144,1.182386,0.381143,46.552127
1784101970252,56.420000,84.428530,17.218882,0.394596,49.323938
1784101970272,56.440000,47.089800,32.466595,0.444782,48.489012
1784101970292,56.460000,75.324300,45.319687,0.490428,47.556726
1784101970312,56.480000,43.019566,54.380600,0.467320,47.446280
1784101970332,56.500000,73.103440,58.696857,0.379443,45.296423
1784101970352,56.520000,33.322334,57.951523,0.291894,37.554042
1784101970372,56.540000,39.416534,52.498333,0.257400,23.682392
1784101970392,56.560000,-0.681362,43.184666,0.223340,6.518524
1784101970412,56.580000,13.674172,31.063059,0.122915,-9.480641
1784101970432,56.600000,-42.099476,17.171703,-0.022251,-20.176665
1784101970452,56.620000,-11.189796,2.464584,-0.186825,-24.396571
1784101970472,56.640000,-37.582687,-12.144539,-0.445382,-24.663283
1784101970492,56.660000,-10.495496,-25.695600,-0.601672,-23.015652
1784101970512,56.680000,-49.576702,-37.154537,-0.680066,-17.821730
1784101970532,56.700000,-3.156378,-45.538013,-0.818804,-8.221297
1784101970552,56.720000,-27.747510,-50.139420,-0.898197,0.353790
1784101970572,56.740000,6.207332,-50.682570,0.000000,-0.063318
1784101970592,56.760000,-51.834600,-47.352825,0.481654,-10.504868
1784101970612,56.780000,-23.567997,-40.816517,0.512379,-22.302104
1784101970632,56.800000,-70.299520,-32.233060,0.510572,-24.340576
1784101970652,56.820000,-18.986580,-23.084455,0.425246,-11.832667
1784101970672,56.840000,-32.916733,-14.734341,0.398589,11.718755
1784101970692,56.860000,24.392632,-7.910038,0.424792,38.912395
1784101970712,56.880000,7.337915,-2.448217,0.398666,62.621869
1784101970732,56.900000,57.610596,2.507207,0.381143,76.519108
1784101970752,56.920000,18.336575,7.959577,0.394596,75.492900
1784101970772,56.940000,41.030440,14.457433,0.444782,59.195863
1784101970792,56.960000,-28.216743,21.705780,0.490428,34.620527
1784101970812,56.980000,-24.246572,28.516806,0.467320,11.660351
1784101970832,57.000000,-62.199368,33.125576,0.379443,-5.092223
1784101970852,57.020000,-46.048943,33.819134,0.291894,-18.065812
1784101970872,57.040000,-100.165924,29.643806,0.257400,-30.613611
1784101970892,57.060000,-77.076035,20.817345,0.223340,-42.776470
1784101970912,57.080000,-119.694020,8.635592,0.122915,-53.314469
1784101970932,57.100000,-96.708620,-4.987285,-0.022251,-62.238451
1784101970952,57.120000,-136.729170,-18.040546,-0.186825,-69.695361
1784101970972,57.140000,-109.556060,-28.816809,-0.445382,-73.879910
1784101970992,57.160000,-139.189850,-36.150790,-0.601672,-71.507241
1784101971012,57.180000,-96.311480,-39.481400,-0.680066,-60.690146
1784101971032,57.200000,-109.668290,-38.745525,-0.818804,-43.377428
1784101971052,57.220000,-58.569520,-34.183556,-0.898197,-25.014924
1784101971072,57.240000,-79.859000,-26.183517,-0.992950,-11.575080
1784101971092,57.260000,-35.589447,-15.259300,-0.968404,-5.774423
1784101971112,57.280000,-68.286804,-2.149234,-0.888809,-4.699404
1784101971132,57.300000,-37.639160,12.078812,-0.692841,-1.294920
1784101971152,57.320000,-50.776886,26.052475,-0.464345,10.093253
1784101971172,57.340000,-3.738446,38.328175,-0.290937,28.647973
1784101971192,57.360000,-16.175129,47.769794,-0.149974,47.304113
1784101971212,57.380000,27.759254,53.865543,0.055141,57.865083
1784101971232,57.400000,-4.833502,56.766987,0.245705,56.581176
1784101971252,57.420000,5.990098,57.000660,0.385265,45.748754
1784101971272,57.440000,-30.299253,55.029720,0.400912,30.751536
1784101971292,57.460000,-16.259224,50.954754,0.413949,16.565250
1784101971312,57.480000,-68.818535,44.535614,0.481654,6.253032
1784101971332,57.500000,-39.713493,35.479324,0.512379,0.131758
1784101971352,57.520000,-70.345630,23.794550,0.510572,-3.812067
1784101971372,57.540000,-60.279526,10.026399,0.425246,-7.268468
1784101971392,57.560000,-93.912110,-4.745367,0.398589,-10.237464
1784101971412,57.580000,-58.418970,-19.146540,0.424792,-12.582289
1784101971432,57.600000,-114.238205,-31.850119,0.398666,-15.075755
1784101971452,57.620000,-82.887460,-41.856327,0.381143,-18.779898
1784101971472,57.640000,-122.475876,-48.639910,0.394596,-23.664247
1784101971492,57.660000,-102.769260,-52.165783,0.481654,-26.299419
1784101971512,57.680000,-137.661770,-52.785520,0.512379,-19.633030
1784101971532,57.700000,-90.420780,-51.045124,0.510572,1.672411
1784101971552,57.720000,-93.446150,-47.450043,0.425246,34.581562
1784101971572,57.740000,-41.218240,-42.236650,0.398589,67.466932
1784101971592,57.760000,-52.792640,-35.270374,0.424792,87.361474
1784101971612,57.780000,-37.189125,-26.229065,0.398666,88.188523
1784101971632,57.800000,-89.677090,-15.068629,0.381143,73.021331
1784101971652,57.820000,-87.406090,-2.511227,0.394596,49.646082
1784101971672,57.840000,-156.960240,9.793961,0.444782,25.050594
1784101971692,57.860000,-143.496630,19.610971,0.490428,4.040667
1784101971712,57.880000,-202.990690,24.834124,0.467320,-9.029402
1784101971732,57.900000,-186.846100,24.235910,0.379443,-10.803010
1784101971752,57.920000,-209.313630,17.913872,0.291894,-2.853103
1784101971772,57.940000,-167.788540,7.319113,0.257400,7.630018
1784101971792,57.960000,-210.057680,-5.087172,0.223340,13.532496
1784101971812,57.980000,-184.489620,-16.471548,0.122915,12.467624
1784101971832,58.000000,-222.390010,-24.419268,-0.022251,5.139691
1784101971852,58.020000,-205.832320,-27.591547,-0.186825,-7.286773
1784101971872,58.040000,-261.299380,-25.965673,-0.445382,-22.383016
1784101971892,58.060000,-238.932160,-20.622010,-0.601672,-35.782175
1784101971912,58.080000,-285.807400,-13.257874,-0.680066,-43.885087
1784101971932,58.100000,-254.522700,-5.621668,-0.818804,-47.187614
1784101971952,58.120000,-281.119840,0.988584,-0.898197,-49.879211
1784101971972,58.140000,-265.744480,6.016632,-0.992950,-55.746700
1784101971992,58.160000,-291.129000,9.620643,-0.968404,-64.956083
1784101972012,58.180000,-277.134060,12.371445,-0.888809,-74.746555
1784101972032,58.200000,-301.063320,14.868251,-0.692841,-81.896996
1784101972052,58.220000,-265.135440,17.489595,-0.464345,-83.662635
1784101972072,58.240000,-293.121830,20.372740,-0.290937,-77.601864
1784101972092,58.260000,-229.210920,23.543379,-0.149974,-62.673337
1784101972112,58.280000,-234.105300,27.075960,0.666189,-40.650276
1784101972132,58.300000,-164.713900,31.201271,0.666269,-15.096653
1784101972152,58.320000,-163.009980,36.300068,0.700234,10.875351
1784101972172,58.340000,-97.956190,42.754093,0.629872,34.774152
1784101972192,58.360000,-96.363815,50.701992,0.588573,53.324363
1784101972212,58.380000,-44.955307,59.830627,0.585886,62.836190
1784101972232,58.400000,-63.079994,69.303505,0.553985,61.806247
1784101972252,58.420000,-38.485120,77.826090,0.507904,52.235526
1784101972272,58.440000,-59.459686,83.813965,0.454816,37.759801
1784101972292,58.460000,-45.963764,85.659240,0.436373,21.393938
1784101972312,58.480000,-65.262215,82.078700,0.410655,5.827582
1784101972332,58.500000,-47.355960,72.459320,0.312125,-5.172585
1784101972352,58.520000,-63.792362,57.073917,0.142563,-7.873113
1784101972372,58.540000,-18.493990,37.094437,0.026542,-2.318436
1784101972392,58.560000,-33.350426,14.422984,0.024302,6.155187
1784101972412,58.580000,22.998610,-8.613187,-0.003699,11.760604
1784101972432,58.600000,4.349729,-29.659660,-0.068497,15.683331
1784101972452,58.620000,37.743057,-46.774967,-0.188438,25.069755
1784101972472,58.640000,16.334019,-58.823710,-0.346602,40.314445
1784101972492,58.660000,118.329260,-65.639070,-0.511735,48.113464
1784101972512,58.680000,34.635345,-67.827420,-0.631639,35.904761
1784101972532,58.700000,48.039124,-66.436714,-0.755663,9.760214
1784101972552,58.720000,1.119085,-62.843266,-0.926271,-11.472952
1784101972572,58.740000,31.823925,-58.780487,-0.986969,-17.338997
1784101972592,58.760000,13.872507,-56.065380,-0.998779,-13.425068
1784101972612,58.780000,36.159060,-55.924816,-0.958864,-9.916674
1784101972632,58.800000,6.342274,-58.448826,-0.819897,-9.726089
1784101972652,58.820000,32.538635,-62.652660,-0.634704,-9.310234
1784101972672,58.840000,6.044403,-67.029816,-0.473606,-6.187320
1784101972692,58.860000,42.862200,-70.151460,-0.295854,-1.521824
1784101972712,58.880000,-4.330957,-71.018560,-0.106006,2.990893
1784101972732,58.900000,32.586765,-69.176250,0.100384,6.663529
1784101972752,58.920000,-5.716864,-64.700005,0.283635,8.480812
1784101972772,58.940000,23.130981,-58.085968,0.435327,8.040542
1784101972792,58.960000,-28.079891,-50.066982,0.552260,8.283327
1784101972812,58.980000,2.511017,-41.432358,0.631832,13.812179
1784101972832,59.000000,-26.594860,-32.897890,0.666189,25.168901
1784101972852,59.020000,5.089772,-24.981222,0.666269,37.059083
1784101972872,59.040000,-24.263878,-17.875847,0.700234,43.760364
1784101972892,59.060000,-17.792871,-11.438024,0.629872,44.763157
1784101972912,59.080000,-55.507942,-5.377438,0.588573,43.185458
1784101972932,59.100000,-39.941130,0.457445,0.585886,39.787896
1784101972952,59.120000,-89.913850,5.923325,0.573955,31.475623
1784101972972,59.140000,-91.124070,10.640026,0.572531,16.188549
1784101972992,59.160000,-147.477810,14.149159,0.589999,-2.558186
1784101973012,59.180000,-149.379230,16.042015,0.606573,-17.227134
1784101973032,59.200000,-199.336700,16.053576,0.628253,-22.871149
1784101973052,59.220000,-175.366210,14.185925,0.692778,-21.870092
1784101973072,59.240000,-202.603910,10.860428,0.715693,-20.257880
1784101973092,59.260000,-202.396090,6.987964,0.704904,-19.785613
1784101973112,59.280000,-239.954070,3.803151,0.683954,-17.834483
1784101973132,59.300000,-206.839940,2.469977,0.648498,-15.463080
1784101973152,59.320000,-244.375640,3.710717,0.576311,-19.094008
1784101973172,59.340000,-243.239440,7.677536,0.433823,-31.511438
1784101973192,59.360000,-302.800450,13.994270,0.313918,-46.716193
1784101973212,59.380000,-281.653000,21.804893,0.186356,-57.154060
1784101973232,59.400000,-314.261320,29.900720,-0.007575,-61.945312
1784101973252,59.420000,-303.364300,37.069550,-0.141536,-65.107548
1784101973272,59.440000,-343.942500,42.516876,-0.277961,-69.325657
1784101973292,59.460000,-310.635400,46.054077,-0.407568,-73.948538
1784101973312,59.480000,-354.347960,47.984303,-0.537490,-76.034044
1784101973332,59.500000,-320.227100,48.862606,-0.635597,-71.439908
1784101973352,59.520000,-335.336360,49.297913,-0.742921,-57.121193
1784101973372,59.540000,-289.090730,49.851562,-0.763980,-34.261428
1784101973392,59.560000,-289.961240,51.022920,-0.924884,-8.864572
1784101973412,59.580000,-236.961820,53.264800,-0.995939,11.965573
1784101973432,59.600000,-258.942050,56.924550,-0.995547,25.122262
1784101973452,59.620000,-223.830400,62.058857,-0.932832,32.233698
1784101973472,59.640000,-248.607790,68.214290,-0.782292,35.172365
1784101973492,59.660000,-217.713750,74.354485,-0.557077,33.182167
1784101973512,59.680000,-252.218230,79.048900,-0.355772,26.426144
1784101973532,59.700000,-234.868670,80.846010,-0.228052,20.415408
1784101973552,59.720000,-265.383060,78.633580,-0.120488,23.043867
1784101973572,59.740000,-215.118100,71.882960,0.014170,36.552610
1784101973592,59.760000,-224.417390,60.815155,0.169086,55.219788
1784101973612,59.780000,-185.558440,46.476240,0.332222,71.856695
1784101973632,59.800000,-204.199160,30.578081,0.443633,83.885511
1784101973652,59.820000,-168.852510,15.035161,0.520157,91.924232
1784101973672,59.840000,-193.893280,1.384692,0.573955,95.243288
1784101973692,59.860000,-172.857420,-9.606819,0.572531,91.308582
1784101973712,59.880000,-213.100970,-18.013670,0.589999,79.198645
1784101973732,59.900000,-218.165830,-24.583673,0.606573,61.091753
1784101973752,59.920000,-259.417100,-30.468908,0.628253,39.517021
1784101973772,59.940000,-268.947420,-36.911045,0.692778,15.131645
1784101973792,59.960000,-311.494480,-44.905260,0.350044,-10.837793
1784101973812,59.980000,-334.974000,-54.921190,0.462157,-33.773304
1784101973832,60.000000,-370.856700,-66.790150,0.539234,-48.669662
1784101973852,60.020000,-351.998720,-79.759636,0.591412,-55.211061
1784101973872,60.040000,-384.990300,-92.599610,0.630246,-56.525768
1784101973892,60.060000,-373.783500,-103.731570,0.638955,-53.950912
1784101973912,60.080000,-388.065980,-111.473045,0.672379,-46.813893
1784101973932,60.100000,-361.901500,-114.399130,0.759878,-36.697543
1784101973952,60.120000,-380.256400,-111.656270,0.807666,-28.401908
1784101973972,60.140000,-362.521800,-103.101080,0.807120,-26.284402
1784101973992,60.160000,-400.875500,-89.313990,0.761168,-31.236441
1784101974012,60.180000,-384.605500,-71.560100,0.728421,-40.399439
1784101974032,60.200000,-414.561500,-51.642567,0.692730,-47.276912
1784101974052,60.220000,-407.089360,-31.583517,0.634228,-43.213741
1784101974072,60.240000,-409.331360,-13.195832,0.551104,-23.824811
1784101974092,60.260000,-356.699600,2.329714,0.451287,4.394369
1784101974112,60.280000,-358.594120,14.709168,0.283922,27.499126
1784101974132,60.300000,-335.661380,24.574892,0.062786,36.096341
1784101974152,60.320000,-363.513950,33.074635,-0.094276,32.463984
1784101974172,60.340000,-351.837070,41.165516,-0.291690,25.940511
1784101974192,60.360000,-367.343780,49.027058,-0.490948,23.644905
1784101974212,60.380000,-356.819550,55.990723,-0.553261,25.694230
1784101974232,60.400000,-370.201420,60.971830,-0.659352,26.385507
1784101974252,60.420000,-357.633820,63.047718,-0.789294,18.572875
1784101974272,60.440000,-399.773350,61.822113,-0.846343,-0.996312
1784101974292,60.460000,-401.830400,57.431713,-0.818759,-28.238222
1784101974312,60.480000,-449.615540,50.298496,-0.785885,-52.986149
1784101974332,60.500000,-435.197720,40.875400,-0.868258,-64.472372
1784101974352,60.520000,-448.555100,29.613136,-0.957305,-57.476721
1784101974372,60.540000,-400.329100,17.183289,-0.995022,-35.435456
1784101974392,60.560000,-397.893430,4.751264,-0.895761,-8.880361
1784101974412,60.580000,-344.267180,-5.986843,-0.640266,10.273536
1784101974432,60.600000,-361.573520,-13.150435,-0.426558,15.909770
1784101974452,60.620000,-344.205020,-15.311431,-0.322962,11.048079
1784101974472,60.640000,-368.997380,-12.130237,-0.218631,3.973065
1784101974492,60.660000,-336.089700,-4.630465,-0.136125,1.536596
1784101974512,60.680000,-359.698180,5.098620,0.439323,6.276244
1784101974532,60.700000,-320.143250,14.643781,0.492780,17.163951
1784101974552,60.720000,-323.240570,22.061646,0.552003,30.720477
1784101974572,60.740000,-280.880370,26.371310,0.621268,42.680013
1784101974592,60.760000,-302.042240,27.615957,0.664871,49.780238
1784101974612,60.780000,-276.404420,26.542090,0.759349,48.989912
1784101974632,60.800000,-298.003080,24.070826,0.809496,36.240380
1784101974652,60.820000,-305.818630,20.820238,0.796274,9.543620
1784101974672,60.840000,-365.086850,16.856478,0.748430,-26.353993
1784101974692,60.860000,-372.941400,11.686939,0.714592,-61.116631
1784101974712,60.880000,-416.732700,4.473676,0.680463,-84.974035
1784101974732,60.900000,-398.565580,-5.528286,0.627389,-92.862524
1784101974752,60.920000,-419.585270,-18.415846,0.493742,-84.509250
1784101974772,60.940000,-371.807800,-33.242970,0.314927,-63.474644
1784101974792,60.960000,-365.321320,-48.020794,0.073790,-35.842560
1784101974812,60.980000,-317.966770,-60.129160,-0.094777,-7.443995
1784101974832,61.000000,-318.879940,-66.995570,-0.294796,18.353435
1784101974852,61.020000,-276.383850,-66.827705,-0.436792,39.911009
1784101974872,61.040000,-279.948430,-59.149220,-0.551970,55.795538
1784101974892,61.060000,-260.002380,-44.943207,-0.709559,65.119475
1784101974912,61.080000,-280.628400,-26.393621,-0.812816,68.082879
1784101974932,61.100000,-266.231200,-6.380115,-0.807005,65.074749
1784101974952,61.120000,-301.382400,12.103523,-0.799499,56.574274
1784101974972,61.140000,-293.371030,26.488214,-0.944294,45.210424
1784101974992,61.160000,-336.940860,35.029026,-0.999208,36.662519
1784101975012,61.180000,-320.454800,36.999012,-0.941021,36.316304
1784101975032,61.200000,-335.045840,32.703550,-0.786836,44.822604
1784101975052,61.220000,-306.818200,23.392883,-0.613312,58.076290
1784101975072,61.240000,-332.307530,11.069336,-0.430391,70.704691
1784101975092,61.260000,-300.512660,-1.884423,-0.264710,77.929312
1784101975112,61.280000,-334.165700,-13.235084,0.439323,75.494018
1784101975132,61.300000,-336.702940,-21.421661,0.492780,60.570796
1784101975152,61.320000,-388.213560,-25.895437,0.552003,33.271714
1784101975172,61.340000,-411.942870,-27.192474,0.621268,-3.029525
1784101975192,61.360000,-476.931030,-26.726242,0.664871,-42.464790
1784101975212,61.380000,-498.075320,-26.334230,0.759349,-77.729184
1784101975232,61.400000,-540.865700,-27.684278,0.809496,-101.036311
1784101975252,61.420000,-535.358760,-31.701040,0.796274,-105.630018
1784101975272,61.440000,-541.265600,-38.172398,0.748430,-89.225334
1784101975292,61.460000,-491.635680,-45.655870,0.714592,-57.862607
1784101975312,61.480000,-479.951900,-51.733510,0.680463,-25.017491
1784101975332,61.500000,-433.126340,-53.588505,0.627389,-3.888465
1784101975352,61.520000,-458.610080,-48.812744,0.493742,0.874889
1784101975372,61.540000,-444.844020,-36.261910,0.314927,-6.434125
1784101975392,61.560000,-467.792180,-16.636660,0.073790,-19.292769
1784101975412,61.580000,-462.465330,7.543917,-0.094777,-33.875346
1784101975432,61.600000,-499.030500,32.629642,-0.294796,-48.360054
1784101975452,61.620000,-479.606750,54.870870,-0.436792,-60.928763
1784101975472,61.640000,-508.445370,71.356540,-0.551970,-69.667831
1784101975492,61.660000,-486.162840,80.578570,-0.709559,-73.744898
1784101975512,61.680000,-504.508270,82.552734,-0.812816,-74.628739
1784101975532,61.700000,-470.916600,78.556280,-0.807005,-75.249482
1784101975552,61.720000,-487.144900,70.629230,-0.799499,-76.137571
1784101975572,61.740000,-466.078600,61.010223,-0.944294,-72.872167
1784101975592,61.760000,-455.488770,51.643524,-0.999208,-59.474866
1784101975612,61.780000,-408.586880,43.889440,-0.941021,-34.653883
1784101975632,61.800000,-391.513000,38.516827,-0.786836,-4.243869
1784101975652,61.820000,-338.901370,35.881027,-0.613312,21.947843
1784101975672,61.840000,-332.755430,36.064870,-0.430391,36.264525
1784101975692,61.860000,-313.978400,38.835224,-0.264710,37.931594
1784101975712,61.880000,-336.568730,43.461456,-0.124930,32.167733
1784101975732,61.900000,-310.601560,48.589980,-0.018046,25.190516
1784101975752,61.920000,-333.747070,52.387970,0.350732,21.767156
1784101975772,61.940000,-308.626600,53.005810,0.431313,26.510800
1784101975792,61.960000,-314.515000,49.159954,0.561297,43.146201
1784101975812,61.980000,-259.411000,40.560060,0.702555,70.443124
1784101975832,62.000000,-253.493790,28.039953,0.789163,100.777186
1784101975852,62.020000,-210.820860,13.372249,0.880396,124.384327
1784101975872,62.040000,-223.525270,-1.225445,0.969469,135.256351
1784101975892,62.060000,-205.992480,-13.790317,0.977649,133.812484
1784101975912,62.080000,-242.900480,-23.260813,0.924006,124.999721
1784101975932,62.100000,-240.918180,-29.783585,0.898738,113.363406
1784101975952,62.120000,-278.216500,-34.553062,0.868011,99.201447
1784101975972,62.140000,-282.428830,-39.274273,0.809566,80.149972
1784101975992,62.160000,-333.634920,-45.502970,0.626349,56.804643
1784101976012,62.180000,-348.811600,-54.153990,0.372980,34.815052
1784101976032,62.200000,-392.269700,-65.330740,0.128588,19.424828
1784101976052,62.220000,-384.180420,-78.401650,-0.104290,9.041862
1784101976072,62.240000,-426.518280,-92.155250,-0.475864,-2.990473
1784101976092,62.260000,-429.105040,-104.988976,-0.682041,-19.883952
1784101976112,62.280000,-480.675260,-115.207985,-0.729540,-37.052999
1784101976132,62.300000,-477.475070,-121.426390,-0.677187,-47.644125
1784101976152,62.320000,-499.649840,-122.875390,-0.747351,-50.643842
1784101976172,62.340000,-486.307950,-119.417700,-0.808354,-51.020236
1784101976192,62.360000,-510.402200,-111.311770,-0.752475,-52.657320
1784101976212,62.380000,-505.848020,-98.980680,-0.684936,-54.791613
1784101976232,62.400000,-520.447300,-82.969530,-0.867093,-56.558267
1784101976252,62.420000,-502.973700,-64.019740,-0.997803,-61.208329
1784101976272,62.440000,-529.231800,-43.081684,-0.906789,-71.817603
1784101976292,62.460000,-520.320250,-21.229560,-0.767544,-84.099300
1784101976312,62.480000,-550.198000,0.426226,-0.639369,-87.961188
1784101976332,62.500000,-489.735630,20.818424,-0.440119,-77.447174
1784101976352,62.520000,-494.226750,39.111210,-0.309358,-56.679079
1784101976372,62.540000,-431.199650,54.989147,-0.175001,-35.440171
1784101976392,62.560000,-428.227780,68.804510,0.369753,-21.100469
1784101976412,62.580000,-384.886050,81.363594,0.451157,-15.112946
1784101976432,62.600000,-384.945300,93.421140,0.546634,-14.949665
1784101976452,62.620000,-345.487060,105.198425,0.667574,-17.390837
1784101976472,62.640000,-344.692000,116.200230,0.803645,-20.131593
1784101976492,62.660000,-310.829000,125.384450,0.931525,-22.230884
1784101976512,62.680000,-290.937960,131.552290,0.995510,-24.181720
1784101976532,62.700000,-258.658400,133.766400,0.962552,-26.742607
1784101976552,62.720000,-245.949040,131.633200,0.905648,-29.430467
1784101976572,62.740000,-197.724490,125.365080,0.877079,-30.851564
1784101976592,62.760000,-182.763730,115.654500,0.844456,-30.142470
1784101976612,62.780000,-132.241000,103.469086,0.693064,-27.477415
1784101976632,62.800000,-105.563810,89.863130,0.431995,-23.410102
1784101976652,62.820000,-53.169340,75.832880,0.180763,-17.836916
1784101976672,62.840000,-25.687725,62.209225,-0.095874,-9.732923
1784101976692,62.860000,42.812733,49.594166,-0.416319,1.430828
1784101976712,62.880000,57.944160,38.342420,-0.674187,13.507527
1784101976732,62.900000,136.505630,28.571790,-0.736725,21.952762
1784101976752,62.920000,162.848270,20.200354,-0.687659,24.652167
1784101976772,62.940000,181.405530,12.981071,-0.708634,25.673541
1784101976792,62.960000,234.060760,6.484959,-0.748700,30.512336
1784101976812,62.980000,284.924840,0.106862,-0.666990,38.875031
1784101976832,63.000000,303.431100,-6.780893,-0.641251,46.146412
1784101976852,63.020000,355.921800,-14.581019,-0.705248,50.173839
1784101976872,63.040000,375.194850,-23.342535,-0.939561,53.229215
1784101976892,63.060000,416.209100,-32.850212,-0.889274,58.125144
1784101976912,63.080000,438.475130,-42.791443,-0.758538,64.061534
1784101976932,63.100000,486.449770,-52.844894,-0.634711,66.927691
1784101976952,63.120000,480.033200,-62.698070,-0.465913,63.758411
1784101976972,63.140000,515.470340,-72.077380,-0.294235,55.741506
1784101976992,63.160000,506.210940,-80.826190,-0.143681,46.449257
1784101977012,63.180000,536.058170,-88.967440,-0.020680,38.531042
1784101977032,63.200000,523.387760,-96.655140,0.071657,32.553477
1784101977052,63.220000,555.028930,-104.019500,0.197456,27.935129
1784101977072,63.240000,544.143700,-111.010765,0.302213,24.458046
1784101977092,63.260000,566.884000,-117.331720,0.369753,22.838949
1784101977112,63.280000,562.742600,-122.481710,0.451157,23.564180
1784101977132,63.300000,587.180500,-125.875700,0.546634,25.317342
1784101977152,63.320000,570.970800,-126.979860,0.667574,24.912713
1784101977172,63.340000,592.239900,-125.431150,0.803645,19.003019
1784101977192,63.360000,559.784800,-121.137240,0.931525,6.610814
1784101977212,63.380000,562.685060,-114.350060,0.995510,-9.398362
1784101977232,63.400000,531.923300,-105.674160,0.962552,-23.813303
1784101977252,63.420000,533.730470,-95.960660,0.905648,-32.943883
1784101977272,63.440000,512.800000,-86.081120,0.877079,-37.601473
1784101977292,63.460000,520.173200,-76.649574,0.844456,-41.950423
1784101977312,63.480000,498.834170,-67.825500,0.693064,-48.470889
1784101977332,63.500000,491.082520,-59.315594,0.431995,-54.419944
1784101977352,63.520000,474.492250,-50.581420,0.180763,-54.804878
1784101977372,63.540000,492.468870,-41.111430,-0.095874,-48.554687
1784101977392,63.560000,475.774480,-30.568266,-0.416319,-40.029408
1784101977412,63.580000,489.311220,-18.772861,0.369753,-34.812810
1784101977432,63.600000,461.612550,-5.667046,0.451157,-35.674992
1784101977452,63.620000,465.602870,8.618869,0.546634,-41.996420
1784101977472,63.640000,435.851560,23.646246,0.667574,-50.832368
1784101977492,63.660000,424.196230,38.638440,0.803645,-58.171962
1784101977512,63.680000,407.871300,52.603180,0.931525,-60.733025
1784101977532,63.700000,415.067440,64.582510,0.995510,-57.086772
1784101977552,63.720000,398.097100,73.950570,0.962552,-47.087232
1784101977572,63.740000,418.303600,80.628530,0.905648,-31.685709
1784101977592,63.760000,414.814270,85.105810,0.877079,-13.812934
1784101977612,63.780000,437.287720,88.262120,0.844456,2.662491
1784101977632,63.800000,426.338800,91.079580,0.693064,16.255688
1784101977652,63.820000,439.759520,94.333830,0.431995,28.883764
1784101977672,63.840000,430.537200,98.340004,0.180763,42.270513
1784101977692,63.860000,452.089450,102.858620,-0.095874,54.337888
1784101977712,63.880000,430.041560,107.218590,-0.416319,60.822832
1784101977732,63.900000,436.906980,110.564480,-0.674187,60.353241
1784101977752,63.920000,409.007020,112.065530,-0.736725,56.791567
1784101977772,63.940000,406.353150,111.018920,-0.687659,56.024896
1784101977792,63.960000,399.052000,106.918050,-0.708634,60.478084
1784101977812,63.980000,398.901670,99.573524,-0.748700,66.776984
1784101977832,64.000000,383.138800,89.246190,-0.666990,68.317131
1784101977852,64.020000,377.513060,76.655090,-0.641251,60.159901
1784101977872,64.040000,340.442720,62.781536,-0.705248,42.822800
1784101977892,64.060000,316.697270,48.537415,-0.939561,21.943480
1784101977912,64.080000,275.331420,34.474930,-0.889274,3.396691
1784101977932,64.100000,277.434940,20.712725,-0.758538,-10.795490
1784101977952,64.120000,237.521970,7.141689,-0.634711,-20.739055
1784101977972,64.140000,233.486600,-6.227213,-0.465913,-25.355210
1784101977992,64.160000,216.109760,-19.026068,0.483899,-24.169489
1784101978012,64.180000,228.534850,-30.526398,0.555106,-20.971010
1784101978032,64.200000,203.342580,-39.798462,0.664382,-21.868515
1784101978052,64.220000,202.973660,-45.945385,0.764343,-29.071728
1784101978072,64.240000,173.308490,-48.387524,0.870732,-38.194329
1784101978092,64.260000,170.881880,-47.117737,0.933542,-42.456740
1784101978112,64.280000,160.134280,-42.760204,0.924328,-39.377605
1784101978132,64.300000,172.177250,-36.343563,0.929293,-32.867293
1784101978152,64.320000,158.502980,-28.907488,0.857857,-28.560704
1784101978172,64.340000,167.612880,-21.189484,0.732308,-27.753311
1784101978192,64.360000,144.116840,-13.566789,0.510788,-26.757052
1784101978212,64.380000,162.314330,-6.219904,0.268862,-21.949525
1784101978232,64.400000,157.209500,0.686567,-0.112087,-14.085247
1784101978252,64.420000,163.154800,6.963743,-0.536743,-7.270216
1784101978272,64.440000,156.116880,12.458130,-0.686897,-5.077380
1784101978292,64.460000,161.368730,17.078066,-0.569380,-8.044014
1784101978312,64.480000,135.259170,20.733631,-0.630871,-13.841851
1784101978332,64.500000,142.522380,23.251207,-0.752677,-19.785659
1784101978352,64.520000,117.260925,24.353287,-0.750074,-25.593859
1784101978372,64.540000,124.945490,23.737663,-0.694956,-32.929658
1784101978392,64.560000,98.692670,21.221054,-0.757018,-41.502889
1784101978412,64.580000,100.486330,16.857351,-0.951533,-46.542525
1784101978432,64.600000,87.319960,10.959023,-0.977123,-41.720980
1784101978452,64.620000,120.291140,4.061161,-0.806508,-24.569074
1784101978472,64.640000,131.476270,-3.079067,-0.660500,1.987077
1784101978492,64.660000,159.179340,-9.460117,-0.448199,32.298006
1784101978512,64.680000,183.902510,-13.923187,-0.184078,60.140248
1784101978532,64.700000,201.739930,-15.423713,-0.052362,79.385305
1784101978552,64.720000,196.882450,-13.402352,0.076505,85.657704
1784101978572,64.740000,195.133120,-8.094201,0.217878,78.791812
1784101978592,64.760000,164.389880,-0.647484,0.349432,63.551344
1784101978612,64.780000,149.074870,7.019425,0.431749,47.177104
1784101978632,64.800000,123.752884,12.636249,0.483899,35.427283
1784101978652,64.820000,133.885310,14.194145,0.555106,30.903672
1784101978672,64.840000,100.929960,10.562104,0.664382,33.903392
1784101978692,64.860000,124.762790,1.854067,0.764343,41.921668
1784101978712,64.880000,113.777210,-10.610400,0.870732,48.514352
1784101978732,64.900000,117.239746,-24.708208,0.933542,46.588540
1784101978752,64.920000,81.973540,-38.120453,0.924328,34.553898
1784101978772,64.940000,74.958440,-48.977863,0.929293,18.018405
1784101978792,64.960000,41.186424,-56.344025,0.857857,5.098846
1784101978812,64.980000,40.620842,-60.318560,0.732308,0.254870
1784101978832,65.000000,29.490433,-61.701427,0.510788,1.816396
1784101978852,65.020000,34.690414,-61.422363,0.268862,4.451158
1784101978872,65.040000,15.642667,-60.066254,-0.112087,3.202829
1784101978892,65.060000,10.529503,-57.732830,-0.536743,-5.014582
1784101978912,65.080000,-13.984440,-54.240353,-0.686897,-21.803807
1784101978932,65.100000,-39.721764,-49.477550,-0.569380,-46.101513
1784101978952,65.120000,-71.388610,-43.669758,-0.630871,-71.929459
1784101978972,65.140000,-88.681885,-37.426655,-0.752677,-89.527574
1784101978992,65.160000,-108.191100,-31.555948,-0.750074,-91.623008
1784101979012,65.180000,-74.394790,-26.701820,-0.694956,-79.519911
1784101979032,65.200000,-73.603120,-22.938970,0.000000,-61.693714
1784101979052,65.220000,-51.503540,-19.554030,0.000000,-46.258910
1784101979072,65.240000,-51.955640,-15.230301,0.000000,-36.145317
1784101979092,65.260000,-29.188410,-8.609888,0.483899,-29.996070
1784101979112,65.280000,-30.795607,1.082289,0.555106,-24.288460
1784101979132,65.300000,-22.390976,13.701222,0.664382,-15.182766
1784101979152,65.320000,-1.624385,28.241410,0.764343,-1.724189
1784101979172,65.340000,18.466967,43.196747,0.870732,12.313380
1784101979192,65.360000,25.004143,57.040530,0.933542,21.279159
1784101979212,65.380000,35.377730,68.600000,0.924328,22.167988
1784101979232,65.400000,29.498943,77.159370,0.929293,15.976966
1784101979252,65.420000,27.185635,82.322200,0.857857,5.669837
1784101979272,65.440000,16.762766,83.828030,0.732308,-6.294896
1784101979292,65.460000,15.394892,81.488650,0.510788,-18.252616
1784101979312,65.480000,10.411125,75.269180,0.268862,-27.388172
1784101979332,65.500000,11.054023,65.437480,-0.112087,-28.977283
1784101979352,65.520000,21.891663,52.674274,-0.536743,-19.674422
1784101979372,65.540000,58.324257,38.091410,-0.686897,-1.550429
1784101979392,65.560000,70.528660,23.167765,-0.569380,18.800076
1784101979412,65.580000,101.498580,9.581877,-0.630871,35.017256
1784101979432,65.600000,100.778880,-1.109013,-0.752677,43.606494
1784101979452,65.620000,119.342210,-7.897224,-0.750074,43.023019
1784101979472,65.640000,100.204870,-10.670297,-0.694956,32.897407
1784101979492,65.660000,90.756820,-10.294424,-0.757018,15.234298
1784101979512,65.680000,75.463020,-8.403734,-0.951533,-4.218225
1784101979532,65.700000,58.148342,-6.967214,-0.977123,-16.820740
1784101979552,65.720000,62.181923,-7.745541,-0.806508,-15.136416
1784101979572,65.740000,82.711880,-11.764679,-0.660500,1.942273
1784101979592,65.760000,100.299720,-18.948286,-0.448199,27.846918
1784101979612,65.780000,136.797420,-28.055573,-0.184078,52.874934
1784101979632,65.800000,141.622860,-37.010227,-0.052362,70.865302
1784101979652,65.820000,151.264660,-43.575520,0.076505,81.584274
1784101979672,65.840000,151.918850,-46.141220,0.217878,87.047659
1784101979692,65.860000,161.239690,-44.268433,0.349432,87.525105
1784101979712,65.880000,132.838840,-38.757675,0.431749,81.761464
1784101979732,65.900000,124.222115,-31.297432,0.483899,68.482521
1784101979752,65.920000,97.718200,-23.941300,0.555106,46.708560
1784101979772,65.940000,59.880470,-18.621035,0.664382,17.185565
1784101979792,65.960000,24.453987,-16.786469,0.764343,-15.457185
1784101979812,65.980000,-18.662457,-19.206049,0.870732,-44.001426
1784101979832,66.000000,-34.788260,-25.910543,0.933542,-63.458198
1784101979852,66.020000,-59.237873,-36.196133,0.924328,-74.161771
1784101979872,66.040000,-66.460724,-48.651090,0.929293,-79.577595
1784101979892,66.060000,-70.535550,-61.284607,0.857857,-81.376560
1784101979912,66.080000,-88.509660,-71.836075,0.732308,-77.892337
1784101979932,66.100000,-74.996920,-78.228050,0.483899,-68.374659
1784101979952,66.120000,-69.622604,-78.990460,0.555106,-56.756649
1784101979972,66.140000,-59.070194,-73.478096,0.664382,-47.948379
1784101979992,66.160000,-75.584230,-61.870860,0.764343,-41.489028
1784101980012,66.180000,-62.252224,-45.085720,0.870732,-32.693280
1784101980032,66.200000,-52.630028,-24.652298,0.933542,-19.576873
1784101980052,66.220000,-38.763245,-2.458141,0.924328,-5.181123
1784101980072,66.240000,-43.534046,19.638110,0.929293,6.463486
1784101980092,66.260000,-26.150959,40.127453,0.857857,13.750201
1784101980112,66.280000,-32.238804,57.948150,0.732308,17.428140
1784101980132,66.300000,-31.097584,72.413060,0.510788,19.325363
1784101980152,66.320000,-30.483376,83.105865,0.268862,20.927801
1784101980172,66.340000,-31.319477,89.821840,-0.112087,22.212989
1784101980192,66.360000,-30.164719,92.562310,-0.536743,22.009869
1784101980212,66.380000,-32.690205,91.560180,-0.686897,19.713942
1784101980232,66.400000,-40.299324,87.279564,-0.569380,16.348527
1784101980252,66.420000,-32.753190,80.351616,-0.630871,13.874007
1784101980272,66.440000,-39.851776,71.485350,-0.752677,13.567656
1784101980292,66.460000,-35.889793,61.402164,-0.750074,14.456616
1784101980312,66.480000,-32.967815,50.796940,-0.694956,13.170353
1784101980332,66.500000,-29.813389,40.306297,-0.757018,7.053358
1784101980352,66.520000,-48.565376,30.460302,-0.951533,-1.818203
1784101980372,66.540000,-43.748130,21.603659,-0.977123,-7.694938
1784101980392,66.560000,-44.232918,13.830106,-0.806508,-7.014354
1784101980412,66.580000,-22.153980,7.033429,-0.660500,-1.280869
1784101980432,66.600000,-24.682716,1.102904,-0.448199,6.202662
1784101980452,66.620000,-4.723732,-3.888263,-0.184078,13.774164
1784101980472,66.640000,0.657246,-7.675819,-0.052362,20.330833
1784101980492,66.660000,13.905182,-9.969388,0.076505,23.137376
1784101980512,66.680000,14.853557,-10.645731,0.217878,19.288436
1784101980532,66.700000,7.573815,-9.871551,0.349432,9.164799
1784101980552,66.720000,-4.523699,-8.151870,0.431749,-3.491516
1784101980572,66.740000,-2.596713,-6.294553,0.483899,-15.538009
1784101980592,66.760000,-17.571764,-5.244963,0.555106,-27.135677
1784101980612,66.780000,-15.976694,-5.811145,0.664382,-39.840266
1784101980632,66.800000,-34.753464,-8.408019,0.764343,-52.959587
1784101980652,66.820000,-30.660316,-12.957479,0.870732,-62.637961
1784101980672,66.840000,-35.884468,-18.956335,0.933542,-64.525224
1784101980692,66.860000,-19.341750,-25.609968,0.924328,-57.250495
1784101980712,66.880000,-3.178911,-31.944407,0.929293,-43.252226
1784101980732,66.900000,22.159813,-36.891888,0.857857,-25.990506
1784101980752,66.920000,40.618458,-39.405956,0.732308,-6.728901
1784101980772,66.940000,60.861565,-38.651120,0.510788,14.816268
1784101980792,66.960000,95.432860,-34.225246,0.268862,37.093716
1784101980812,66.980000,117.399254,-26.292288,-0.112087,56.347065
1784101980832,67.000000,125.244095,-15.555779,-0.536743,69.839424
1784101980852,67.020000,137.966980,-3.141388,-0.686897,76.885891
1784101980872,67.040000,139.194140,9.525943,-0.569380,76.586478
1784101980892,67.060000,137.504290,20.866518,-0.630871,67.847028
1784101980912,67.080000,116.564300,29.354471,-0.752677,52.975070
1784101980932,67.100000,107.615140,33.744200,-0.750074,38.752429
1784101980952,67.120000,93.023110,33.246640,-0.694956,31.398459
1784101980972,67.140000,102.216070,27.670212,0.000000,30.631720
1784101980992,67.160000,100.507830,17.551474,0.000000,30.309986
1784101981012,67.180000,93.605820,4.186900,0.483899,25.059767
1784101981032,67.200000,78.588730,-10.582442,0.555106,14.724020
1784101981052,67.220000,72.026146,-24.836670,0.664382,2.395377
1784101981072,67.240000,58.524307,-37.072080,0.764343,-9.215822
1784101981092,67.260000,52.010155,-46.461330,0.870732,-18.183655
1784101981112,67.280000,40.535988,-52.804794,0.933542,-22.543755
1784101981132,67.300000,44.914032,-56.299732,0.924328,-21.764069
1784101981152,67.320000,48.729920,-57.278690,0.929293,-18.702995
1784101981172,67.340000,48.551630,-56.007206,0.857857,-18.204450
1784101981192,67.360000,41.905600,-52.612194,0.732308,-23.213089
1784101981212,67.380000,33.586338,-47.179120,0.510788,-32.712645
1784101981232,67.400000,21.575005,-39.949030,0.268862,-43.147899
1784101981252,67.420000,17.090513,-31.454178,-0.112087,-51.278441
1784101981272,67.440000,7.200878,-22.471289,-0.536743,-56.069791
1784101981292,67.460000,11.108884,-13.814166,-0.686897,-58.749944
1784101981312,67.480000,3.669725,-6.090904,-0.569380,-61.274683
1784101981332,67.500000,4.721574,0.442882,-0.630871,-64.256694
1784101981352,67.520000,3.193282,5.874354,-0.752677,-65.944763
1784101981372,67.540000,3.878639,10.503975,-0.750074,-63.420388
1784101981392,67.560000,11.638874,14.688480,-0.694956,-55.519608
1784101981412,67.580000,26.307003,18.741987,-0.757018,-44.513634
1784101981432,67.600000,38.362747,22.920095,-0.951533,-33.709412
1784101981452,67.620000,45.629333,27.434107,-0.977123,-23.197682
1784101981472,67.640000,57.392150,32.419308,-0.806508,-9.505836
1784101981492,67.660000,78.242070,37.855152,-0.660500,9.888307
1784101981512,67.680000,105.390380,43.534800,-0.448199,32.961887
1784101981532,67.700000,116.444170,49.148468,-0.184078,54.581759
1784101981552,67.720000,140.429120,54.399230,-0.052362,70.422807
1784101981572,67.740000,138.187940,59.022903,0.076505,79.271792
1784101981592,67.760000,147.802720,62.695393,0.217878,82.722223
1784101981612,67.780000,137.797880,64.933250,0.349432,83.121685
1784101981632,67.800000,134.558940,65.093700,0.431749,81.176123
1784101981652,67.820000,129.397460,62.499966,0.483899,75.446291
1784101981672,67.840000,110.389950,56.643726,0.555106,64.756918
1784101981692,67.860000,90.253280,47.358105,0.664382,50.749846
1784101981712,67.880000,74.229355,34.871513,0.764343,37.267878
1784101981732,67.900000,57.913784,19.757383,0.870732,27.598887
1784101981752,67.920000,44.107025,2.863388,0.933542,22.882060
1784101981772,67.940000,48.245285,-14.728859,0.924328,22.698220
1784101981792,67.960000,29.355010,-31.746832,0.929293,25.912573
1784101981812,67.980000,33.000576,-46.843235,0.857857,29.729518
1784101981832,68.000000,30.349537,-58.794810,0.732308,28.978835
1784101981852,68.020000,7.857793,-66.723320,0.483899,19.116419
1784101981872,68.040000,-19.795948,-70.287130,0.555106,0.254812
1784101981892,68.060000,-49.772070,-69.812874,0.664382,-23.213537
1784101981912,68.080000,-76.633090,-66.298065,0.764343,-46.176777
1784101981932,68.100000,-107.217130,-61.190113,0.870732,-64.492751
1784101981952,68.120000,-115.730095,-55.954144,0.933542,-74.288092
1784101981972,68.140000,-132.514270,-51.603750,0.924328,-72.425880
1784101981992,68.160000,-118.291000,-48.391754,0.929293,-59.655862
1784101982012,68.180000,-112.384390,-45.752346,0.857857,-42.805803
1784101982032,68.200000,-97.601350,-42.494580,0.732308,-31.319277
1784101982052,68.220000,-111.082720,-37.211323,0.510788,-29.928673
1784101982072,68.240000,-117.769410,-28.823830,0.268862,-35.247926
1784101982092,68.260000,-130.112610,-17.083206,-0.112087,-40.134406
1784101982112,68.280000,-132.499940,-2.773111,-0.536743,-40.489665
1784101982132,68.300000,-128.126680,12.537890,-0.686897,-36.912317
1784101982152,68.320000,-128.236910,27.076437,-0.569380,-30.889295
1784101982172,68.340000,-130.598510,39.446995,-0.630871,-22.260558
1784101982192,68.360000,-110.534870,48.937603,-0.752677,-11.474713
1784101982212,68.380000,-108.211170,55.514385,-0.750074,-1.668487
1784101982232,68.400000,-100.402040,59.630010,-0.694956,3.898363
1784101982252,68.420000,-106.348480,61.951252,-0.757018,5.523933
1784101982272,68.440000,-98.408630,63.066334,-0.951533,6.728871
1784101982292,68.460000,-104.320240,63.269490,-0.977123,10.410706
1784101982312,68.480000,-92.614170,62.530610,-0.806508,15.771225
1784101982332,68.500000,-90.293120,60.647823,-0.660500,19.419694
1784101982352,68.520000,-87.620370,57.459460,-0.448199,19.765995
1784101982372,68.540000,-97.391770,52.969563,-0.184078,19.207873
1784101982392,68.560000,-90.266594,47.326920,-0.052362,20.672825
1784101982412,68.580000,-87.109100,40.733265,0.076505,23.204781
1784101982432,68.600000,-86.664375,33.404102,0.217878,23.127204
1784101982452,68.620000,-94.738020,25.595335,0.349432,19.179478
1784101982472,68.640000,-97.685930,17.598135,0.431749,14.530005
1784101982492,68.660000,-104.407810,9.661361,0.483899,13.225066
1784101982512,68.680000,-97.388870,1.930000,0.472512,15.748420
1784101982532,68.700000,-95.480194,-5.508814,0.539264,18.902534
1784101982552,68.720000,-102.967514,-12.514422,0.613273,19.404639
1784101982572,68.740000,-104.395420,-18.848791,0.711698,16.574413
1784101982592,68.760000,-106.130030,-24.255814,0.799581,12.184743
1784101982612,68.780000,-125.541170,-28.589417,0.884737,8.712667
1784101982632,68.800000,-119.846530,-31.887384,0.910860,7.066675
1784101982652,68.820000,-127.691055,-34.341793,0.909918,5.843633
1784101982672,68.840000,-132.857940,-36.187897,0.895590,3.829342
1784101982692,68.860000,-141.416140,-37.586224,0.852008,2.591120
1784101982712,68.880000,-143.615950,-38.575825,0.703305,4.833031
1784101982732,68.900000,-146.636920,-39.108093,0.509525,10.268647
1784101982752,68.920000,-136.126200,-39.086025,0.286835,14.996287
1784101982772,68.940000,-152.794040,-38.366795,-0.102894,15.895866
1784101982792,68.960000,-157.231840,-36.792877,-0.484238,14.145643
1784101982812,68.980000,-167.882260,-34.301662,-0.630265,13.025053
1784101982832,69.000000,-168.161250,-31.035776,-0.576379,13.533104
1784101982852,69.020000,-179.118990,-27.331491,-0.672712,13.543188
1784101982872,69.040000,-193.248020,-23.585348,-0.782087,10.071581
1784101982892,69.060000,-205.297670,-20.130678,-0.771294,1.249401
1784101982912,69.080000,-226.561370,-17.211702,-0.721817,-12.427364
1784101982932,69.100000,-253.539120,-15.022244,-0.773863,-27.317939
1784101982952,69.120000,-269.861240,-13.739146,-0.932125,-38.284437
1784101982972,69.140000,-288.496980,-13.501615,-0.997657,-42.884255
1784101982992,69.160000,-289.648620,-14.317310,-0.924594,-43.912373
1784101983012,69.180000,-308.940250,-15.933522,-0.763889,-46.807195
1784101983032,69.200000,-317.104770,-17.789562,-0.544743,-54.218388
1784101983052,69.220000,-348.178740,-19.151613,-0.251563,-63.622975
1784101983072,69.240000,-355.341100,-19.387440,-0.095487,-70.302218
1784101983092,69.260000,-367.605600,-18.196857,0.055408,-71.348595
1784101983112,69.280000,-369.086060,-15.629815,0.180071,-65.974510
1784101983132,69.300000,-376.066300,-11.906006,0.302022,-53.764306
1784101983152,69.320000,-358.002380,-7.199221,0.399526,-34.764862
1784101983172,69.340000,-347.301120,-1.517625,0.472512,-10.456803
1784101983192,69.360000,-328.035950,5.300593,0.539264,16.971185
1784101983212,69.380000,-314.578670,13.496465,0.613273,45.542305
1784101983232,69.400000,-292.639340,23.222559,0.711698,72.321522
1784101983252,69.420000,-294.758600,34.351913,0.799581,92.101764
1784101983272,69.440000,-274.821470,46.349453,0.884737,99.751588
1784101983292,69.460000,-313.559600,58.252506,0.910860,95.202756
1784101983312,69.480000,-325.601170,68.730680,0.909918,84.382320
1784101983332,69.500000,-347.982200,76.216774,0.895590,73.585280
1784101983352,69.520000,-365.806550,79.173546,0.852008,64.301387
1784101983372,69.540000,-388.772100,76.499470,0.703305,54.502198
1784101983392,69.560000,-405.294000,67.912605,0.509525,43.163836
1784101983412,69.580000,-438.208740,54.086292,0.286835,31.720472
1784101983432,69.600000,-447.977970,36.465046,-0.102894,21.410983
1784101983452,69.620000,-472.526180,16.903019,-0.484238,11.352323
1784101983472,69.640000,-483.440920,-2.692133,-0.630265,0.902695
1784101983492,69.660000,-515.084300,-20.627018,-0.576379,-7.464568
1784101983512,69.680000,-514.489500,-35.605710,-0.672712,-10.344870
1784101983532,69.700000,-528.584050,-46.820744,-0.782087,-8.517027
1784101983552,69.720000,-522.801700,-53.914276,-0.771294,-7.788000
1784101983572,69.740000,-546.263370,-56.849750,-0.721817,-13.972973
1784101983592,69.760000,-560.711060,-55.835102,0.000000,-27.868477
1784101983612,69.780000,-582.473000,-51.374172,0.472512,-44.963467
1784101983632,69.800000,-598.586300,-44.338850,0.539264,-58.713173
1784101983652,69.820000,-611.923200,-35.893467,0.613273,-64.315875
1784101983672,69.840000,-602.199200,-27.224533,0.711698,-61.191125
1784101983692,69.860000,-603.014500,-19.186071,0.799581,-52.806719
1784101983712,69.880000,-583.161440,-12.043419,0.884737,-43.954643
1784101983732,69.900000,-590.471600,-5.461805,0.910860,-37.952897
1784101983752,69.920000,-569.912230,1.231844,0.909918,-35.700789
1784101983772,69.940000,-578.305970,8.647315,0.895590,-36.006236
1784101983792,69.960000,-567.004460,17.000439,0.852008,-36.548006
1784101983812,69.980000,-571.237800,25.989600,0.703305,-35.776934
1784101983832,70.000000,-547.174800,34.898510,0.509525,-34.210361
1784101983852,70.020000,-554.443360,42.855885,0.286835,-32.989953
1784101983872,70.040000,-535.352700,49.118470,-0.102894,-31.387009
1784101983892,70.060000,-525.038150,53.248820,-0.484238,-26.523865
1784101983912,70.080000,-505.413700,55.155537,-0.630265,-15.481064
1784101983932,70.100000,-476.263600,55.058025,-0.576379,2.160502
1784101983952,70.120000,-443.219800,53.438374,-0.672712,23.075441
1784101983972,70.140000,-419.646180,50.970104,-0.782087,41.049503
1784101983992,70.160000,-394.003420,48.373882,-0.771294,49.624262
1784101984012,70.180000,-386.605440,46.190930,-0.721817,45.799646
1784101984032,70.200000,-388.374820,44.535004,-0.773863,32.834880
1784101984052,70.220000,-395.965030,42.937725,-0.932125,18.954409
1784101984072,70.240000,-377.368100,40.410410,-0.997657,12.133279
1784101984092,70.260000,-377.649870,35.780716,-0.924594,15.642224
1784101984112,70.280000,-333.923160,28.213243,-0.763889,27.471346
1784101984132,70.300000,-329.770700,17.668264,-0.544743,42.282918
1784101984152,70.320000,-284.741180,5.036535,-0.251563,53.774109
1784101984172,70.340000,-284.822780,-8.131305,0.464348,57.265084
1784101984192,70.360000,-265.465850,-20.165330,0.530731,52.183030
1784101984212,70.380000,-276.853200,-29.851622,0.601028,42.107993
1784101984232,70.400000,-267.919800,-36.809670,0.689348,31.365784
1784101984252,70.420000,-271.141000,-41.523070,0.787798,21.636296
1784101984272,70.440000,-263.051730,-45.021930,0.874288,12.621513
1784101984292,70.460000,-266.609560,-48.387863,0.878409,5.318879
1784101984312,70.480000,-258.043330,-52.334538,0.861315,2.319643
1784101984332,70.500000,-253.299650,-57.022995,0.872877,3.602652
1784101984352,70.520000,-231.139080,-62.096670,0.826022,3.772417
1784101984372,70.540000,-239.845180,-66.839424,0.691495,-3.852620
1784101984392,70.560000,-243.357360,-70.417510,0.501156,-20.237902
1784101984412,70.580000,-263.169740,-72.197630,0.281182,-39.149468
1784101984432,70.600000,-256.747440,-72.028015,0.004863,-52.409530
1784101984452,70.620000,-265.970950,-70.282430,-0.324435,-55.452135
1784101984472,70.640000,-236.235350,-67.586700,-0.556062,-48.483838
1784101984492,70.660000,-234.004490,-64.389350,-0.570553,-34.717366
1784101984512,70.680000,-202.205170,-60.659805,-0.674527,-19.098989
1784101984532,70.700000,-188.771090,-55.888958,-0.791630,-7.417162
1784101984552,70.720000,-171.403960,-49.362507,-0.820583,-3.679265
1784101984572,70.740000,-191.641270,-40.565490,-0.782226,-7.692518
1784101984592,70.760000,-173.271910,-29.553904,-0.830275,-16.259360
1784101984612,70.780000,-193.762000,-17.118963,-0.932452,-25.791399
1784101984632,70.800000,-187.397610,-4.630295,-0.997670,-32.999310
1784101984652,70.820000,-202.731260,6.380011,-0.925012,-35.551857
1784101984672,70.840000,-180.631870,14.683856,-0.765198,-33.947018
1784101984692,70.860000,-189.680330,19.691912,-0.547266,-31.075854
1784101984712,70.880000,-172.919530,21.576393,-0.255712,-28.388910
1784101984732,70.900000,-182.695530,21.150255,-0.098411,-23.428212
1784101984752,70.920000,-156.826600,19.548178,0.074142,-12.084442
1784101984772,70.940000,-145.828580,17.881367,0.225117,7.377386
1784101984792,70.960000,-113.295270,17.043344,0.315501,32.775897
1784101984812,70.980000,-99.531300,17.680231,0.391767,59.088861
1784101984832,71.000000,-62.523240,20.204123,0.464348,80.437542
1784101984852,71.020000,-68.175026,24.749224,0.530731,92.269306
1784101984872,71.040000,-60.997803,31.059385,0.601028,92.565422
1784101984892,71.060000,-80.604860,38.369190,0.689348,81.593942
1784101984912,71.080000,-87.192535,45.389843,0.787798,62.135605
1784101984932,71.100000,-137.356930,50.486298,0.874288,39.968144
1784101984952,71.120000,-136.450710,52.023420,0.878409,21.532881
1784101984972,71.140000,-165.383940,48.785267,0.861315,9.996215
1784101984992,71.160000,-164.768980,40.363987,0.872877,4.372800
1784101985012,71.180000,-180.445820,27.392385,0.826022,1.901336
1784101985032,71.200000,-174.305270,11.488284,0.691495,0.057848
1784101985052,71.220000,-201.102200,-5.121798,0.501156,-3.480778
1784101985072,71.240000,-188.815490,-20.163267,0.281182,-11.219520
1784101985092,71.260000,-223.337370,-31.839844,0.004863,-24.212467
1784101985112,71.280000,-235.050930,-39.173164,-0.324435,-39.869004
1784101985132,71.300000,-257.887050,-42.101067,-0.556062,-52.983764
1784101985152,71.320000,-258.243200,-41.328320,-0.570553,-59.396123
1784101985172,71.340000,-274.306820,-37.967075,-0.674527,-58.355247
1784101985192,71.360000,-257.039800,-33.085830,-0.791630,-52.146866
1784101985212,71.380000,-261.704900,-27.354319,0.464348,-44.045606
1784101985232,71.400000,-252.943070,-20.933006,0.530731,-36.521433
1784101985252,71.420000,-258.832060,-13.625264,0.601028,-31.108606
1784101985272,71.440000,-237.349550,-5.178351,0.689348,-28.258675
1784101985292,71.460000,-259.444150,4.442586,0.787798,-25.882613
1784101985312,71.480000,-246.339510,14.921639,0.874288,-20.173569
1784101985332,71.500000,-239.398090,25.617250,0.878409,-9.958746
1784101985352,71.520000,-221.551060,35.732098,0.861315,1.666381
1784101985372,71.540000,-223.720120,44.569750,0.872877,11.548141
1784101985392,71.560000,-203.623490,51.730976,0.826022,20.239924
1784101985412,71.580000,-214.507170,57.116154,0.691495,29.722870
1784101985432,71.600000,-180.677320,60.777680,0.501156,38.560535
1784101985452,71.620000,-198.030410,62.790360,0.281182,41.657928
1784101985472,71.640000,-187.991420,63.203842,0.004863,35.332477
1784101985492,71.660000,-217.055510,62.006104,-0.324435,21.305662
1784101985512,71.680000,-223.065320,59.054240,-0.556062,5.299772
1784101985532,71.700000,-237.633790,54.048172,-0.570553,-6.995984
1784101985552,71.720000,-236.378510,46.662884,-0.674527,-12.195193
1784101985572,71.740000,-250.113720,36.816930,-0.791630,-9.853169
1784101985592,71.760000,-221.485150,24.913012,-0.820583,-2.966545
1784101985612,71.780000,-229.164690,11.909776,-0.782226,3.576291
1784101985632,71.800000,-212.912870,-0.821977,-0.830275,6.867798
1784101985652,71.820000,-232.035370,-11.833945,-0.932452,7.422161
1784101985672,71.840000,-207.356250,-20.021013,-0.997670,6.556433
1784101985692,71.860000,-228.482970,-24.930563,-0.925012,4.533996
1784101985712,71.880000,-216.479280,-26.804230,-0.765198,1.749914
1784101985732,71.900000,-235.862780,-26.388998,-0.547266,-0.543733
1784101985752,71.920000,-215.648130,-24.662539,-0.255712,-1.546767
1784101985772,71.940000,-236.456330,-22.566498,-0.098411,-1.657765
1784101985792,71.960000,-219.264940,-20.794447,0.074142,-1.615325
1784101985812,71.980000,-235.495880,-19.689651,0.225117,-1.573329
1784101985832,72.000000,-216.652280,-19.272120,0.315501,-0.979185
1784101985852,72.020000,-239.206340,-19.345985,0.391767,0.485453
1784101985872,72.040000,-218.863650,-19.627030,0.464348,1.182935
1784101985892,72.060000,-238.349560,-19.853079,0.530731,-2.305818
1784101985912,72.080000,-231.338460,-19.855740,0.601028,-11.148899
1784101985932,72.100000,-261.224600,-19.598671,0.689348,-20.370906
1784101985952,72.120000,-248.420320,-19.195786,0.787798,-21.221876
1784101985972,72.140000,-252.245700,-18.870323,0.874288,-8.919528
1784101985992,72.160000,-214.363900,-18.788015,0.878409,12.216126
1784101986012,72.180000,-214.969880,-18.813448,0.861315,31.742977
1784101986032,72.200000,-186.829590,-18.395718,0.872877,41.138314
1784101986052,72.220000,-214.365140,-16.762370,0.826022,39.316248
1784101986072,72.240000,-201.633970,-13.368774,0.691495,31.508714
1784101986092,72.260000,-227.125240,-8.315984,0.501156,24.127431
1784101986112,72.280000,-216.711260,-2.440969,0.281182,20.539312
1784101986132,72.300000,-239.179930,2.983762,0.004863,19.694619
1784101986152,72.320000,-218.806300,6.749808,-0.324435,17.785252
1784101986172,72.340000,-238.281370,8.142920,-0.556062,12.760455
1784101986192,72.360000,-242.565890,7.117617,-0.570553,7.668157
1784101986212,72.380000,-244.458680,4.180138,-0.674527,7.709297
1784101986232,72.400000,-231.662950,0.116484,-0.791630,13.699670
1784101986252,72.420000,-235.597630,-4.230851,-0.820583,19.958435
1784101986272,72.440000,-217.948360,-8.060249,-0.782226,18.970777
1784101986292,72.460000,-252.225920,-10.686561,0.000000,7.347268
1784101986312,72.480000,-250.485440,-11.712810,0.000000,-13.055772
1784101986332,72.500000,-295.341700,-11.239308,0.000000,-38.588691
1784101986352,72.520000,-293.393740,-9.928489,0.000000,-65.994571
1784101986372,72.540000,-341.669220,-8.812519,0.000000,-90.783005
1784101986392,72.560000,-336.899900,-8.911593,0.000000,-106.445722
1784101986412,72.580000,-352.490940,-10.842191,0.000000,-108.106406
1784101986432,72.600000,-315.725040,-14.536869,0.000000,-96.406780
1784101986452,72.620000,-311.698360,-19.123854,0.000000,-76.314204
1784101986472,72.640000,-267.456360,-23.031824,0.000000,-52.833714
1784101986492,72.660000,-259.144230,-24.373253,0.000000,-29.047663
1784101986512,72.680000,-211.799800,-21.517565,0.000000,-6.888348
1784101986532,72.700000,-197.067140,-13.612015,0.000000,12.872696
1784101986552,72.720000,-175.410340,-0.842772,0.000000,31.158428
1784101986572,72.740000,-155.776550,15.598939,0.000000,48.551543
1784101986592,72.760000,-120.051410,33.790360,0.000000,62.976192
1784101986612,72.780000,-126.430710,51.511550,0.000000,71.653048
1784101986632,72.800000,-99.687720,66.696640,0.000000,74.555503
1784101986652,72.820000,-116.355100,77.735850,0.000000,73.669895
1784101986672,72.840000,-93.403170,83.577160,0.000000,69.392229
1784101986692,72.860000,-116.505590,83.725440,0.000000,59.936346
1784101986712,72.880000,-102.788920,78.226720,0.000000,45.071964
1784101986732,72.900000,-146.126280,67.611824,0.000000,28.847603
1784101986752,72.920000,-121.975910,52.767960,0.000000,16.994893
1784101986772,72.940000,-143.835280,34.806950,0.000000,12.393566
1784101986792,72.960000,-118.823580,15.020607,0.000000,13.980853
1784101986812,72.980000,-129.091840,-5.105578,0.000000,18.394690
1784101986832,73.000000,-103.740830,-23.950928,0.000000,20.999842
1784101986852,73.020000,-122.142220,-39.970097,0.000000,16.723581
1784101986872,73.040000,-108.569880,-51.997650,0.000000,2.975222
1784101986892,73.060000,-143.134640,-59.520220,0.000000,-16.758413
1784101986912,73.080000,-145.328410,-62.811320,0.000000,-34.022869
1784101986932,73.100000,-165.912080,-62.853195,0.464348,-42.889052
1784101986952,73.120000,-139.042820,-61.007580,0.530731,-45.965856
1784101986972,73.140000,-161.692140,-58.511158,0.601028,-50.515143
1784101986992,73.160000,-145.013780,-56.039900,0.689348,-58.974147
1784101987012,73.180000,-178.849850,-53.611713,0.787798,-66.126437
1784101987032,73.200000,-141.006350,-50.849760,0.874288,-65.910598
1784101987052,73.220000,-156.528960,-47.325726,0.878409,-58.084898
1784101987072,73.240000,-112.820240,-42.709805,0.861315,-46.582989
1784101987092,73.260000,-123.258120,-36.735690,0.872877,-33.094301
1784101987112,73.280000,-74.151810,-29.166258,0.826022,-14.494196
1784101987132,73.300000,-67.813934,-19.852999,0.691495,12.988166
1784101987152,73.320000,-4.193615,-8.813034,0.501156,47.636160
1784101987172,73.340000,15.119170,3.768613,0.281182,80.828263
1784101987192,73.360000,63.454502,17.585030,0.004863,101.990395
1784101987212,73.380000,41.020508,32.178127,-0.324435,104.800207
1784101987232,73.400000,65.907394,46.766040,-0.556062,89.374796
1784101987252,73.420000,12.992585,60.044415,-0.570553,60.998382
1784101987272,73.440000,11.321711,70.179600,-0.674527,28.075161
1784101987292,73.460000,-30.153086,75.120476,-0.791630,-0.375848
1784101987312,73.480000,-23.011911,73.168915,-0.820583,-17.853985
1784101987332,73.500000,-40.989246,63.603474,-0.782226,-23.122427
1784101987352,73.520000,-8.946030,47.110443,-0.830275,-20.722194
1784101987372,73.540000,-17.363548,25.822731,-0.932452,-17.691243
1784101987392,73.560000,10.460409,2.899375,-0.997670,-18.202419
1784101987412,73.580000,-7.141473,-18.241196,-0.925012,-21.043049
1784101987432,73.600000,23.567741,-34.770576,-0.765198,-22.336708
1784101987452,73.620000,16.971714,-45.054684,-0.547266,-20.170067
1784101987472,73.640000,45.237904,-48.799160,-0.255712,-16.504028
1784101987492,73.660000,42.013466,-46.780350,-0.098411,-15.242046
1784101987512,73.680000,72.597820,-40.389942,0.074142,-18.401008
1784101987532,73.700000,45.558308,-31.224724,0.225117,-24.095792
1784101987552,73.720000,81.930280,-20.834623,0.485655,-29.056089
1784101987572,73.740000,66.344290,-10.592402,0.567892,-32.580581
1784101987592,73.760000,98.573395,-1.585668,0.704276,-36.300426
1784101987612,73.780000,80.753280,5.496832,0.783902,-40.426762
1784101987632,73.800000,115.220320,10.413320,0.796763,-42.160462
1784101987652,73.820000,106.893616,13.301719,0.799540,-38.351842
1784101987672,73.840000,153.422240,14.560631,0.755221,-28.908413
1784101987692,73.860000,156.127940,14.762394,0.718863,-16.972606
1784101987712,73.880000,198.808380,14.589638,0.699008,-5.872694
1784101987732,73.900000,202.343110,14.730373,0.601073,3.805905
1784101987752,73.920000,244.403200,15.715762,0.486479,14.225572
1784101987772,73.940000,246.796360,17.767664,0.334608,27.340144
1784101987792,73.960000,293.810500,20.745073,0.145921,41.657381
1784101987812,73.980000,302.706850,24.223951,-0.079561,52.586548
1784101987832,74.000000,331.007400,27.654892,-0.336509,56.787373
1784101987852,74.020000,321.589360,30.483873,-0.442653,55.250752
1784101987872,74.040000,346.274080,32.168182,-0.572937,51.014081
1784101987892,74.060000,332.310700,32.147892,-0.729133,44.985457
1784101987912,74.080000,355.908450,29.892578,-0.833931,35.686425
1784101987932,74.100000,323.913820,25.041712,-0.798777,22.461962
1784101987952,74.120000,338.521700,17.524357,-0.805071,6.966242
1784101987972,74.140000,312.168850,7.572763,-0.939921,-8.422550
1784101987992,74.160000,330.778260,-4.325033,-1.000000,-21.740386
1784101988012,74.180000,291.486330,-17.464523,-0.937345,-31.275250
1784101988032,74.200000,326.254520,-30.964529,-0.818484,-36.276707
1784101988052,74.220000,307.283020,-43.830547,-0.611128,-37.353877
1784101988072,74.240000,327.969800,-55.028942,-0.309502,-34.972847
1784101988092,74.260000,314.557400,-63.582703,-0.094703,-29.008823
1784101988112,74.280000,356.671540,-68.707306,0.112128,-20.281804
1784101988132,74.300000,339.540600,-69.938194,0.324511,-10.531346
1784101988152,74.320000,364.455930,-67.190800,0.487711,-1.146703
1784101988172,74.340000,358.621370,-60.771656,0.506102,6.373008
1784101988192,74.360000,383.114100,-51.363663,0.485655,10.297893
1784101988212,74.380000,352.526730,-39.954130,0.567892,10.894384
1784101988232,74.400000,376.879030,-27.704971,0.704276,10.924329
1784101988252,74.420000,343.141720,-15.813708,0.783902,11.979762
1784101988272,74.440000,370.806460,-5.372579,0.796763,11.646074
1784101988292,74.460000,337.052200,2.799796,0.799540,6.291370
1784101988312,74.480000,330.224370,8.289079,0.755221,-4.133670
1784101988332,74.500000,296.786380,11.061025,0.718863,-16.006130
1784101988352,74.520000,305.393980,11.312759,0.699008,-25.410131
1784101988372,74.540000,265.150630,9.364147,0.485655,-29.168866
1784101988392,74.560000,282.164760,5.675804,0.567892,-24.317866
1784101988412,74.580000,266.456880,0.923296,0.704276,-9.985402
1784101988432,74.600000,298.000800,-3.974485,0.783902,10.229990
1784101988452,74.620000,284.945370,-7.907648,0.796763,29.580620
1784101988472,74.640000,308.544740,-9.732905,0.799540,42.525645
1784101988492,74.660000,278.106630,-8.560270,0.755221,47.959267
1784101988512,74.680000,291.685730,-4.088142,0.718863,48.824924
1784101988532,74.700000,255.213500,3.195823,0.699008,49.212965
1784101988552,74.720000,271.773680,12.092233,0.601073,51.555720
1784101988572,74.740000,234.624480,21.038582,0.486479,55.353933
1784101988592,74.760000,253.580920,28.571350,0.334608,57.515626
1784101988612,74.780000,209.254710,33.695370,0.145921,54.282381
1784101988632,74.800000,219.494660,36.024570,-0.079561,44.176947
1784101988652,74.820000,160.300100,35.683750,-0.336509,29.515644
1784101988672,74.840000,158.559020,33.065920,-0.442653,14.080703
1784101988692,74.860000,114.869934,28.599327,-0.572937,-0.916397
1784101988712,74.880000,108.362790,22.658957,-0.729133,-17.393922
1784101988732,74.900000,55.105050,15.623998,-0.833931,-36.915276
1784101988752,74.920000,48.021270,7.954128,-0.798777,-57.870555
1784101988772,74.940000,2.469856,0.183774,-0.805071,-75.998825
1784101988792,74.960000,-0.860634,-7.136837,-0.939921,-86.905047
1784101988812,74.980000,-24.655060,-13.466601,-1.000000,-88.548519
1784101988832,75.000000,-4.238370,-18.236006,-0.937345,-82.099240
1784101988852,75.020000,-25.057934,-20.799925,-0.818484,-70.660978
1784101988872,75.040000,16.526243,-20.460642,-0.611128,-57.120481
1784101988892,75.060000,-6.172593,-16.600536,-0.309502,-42.767180
1784101988912,75.080000,34.611046,-8.893038,-0.094703,-27.805884
1784101988932,75.100000,22.178928,2.505595,0.112128,-13.407823
1784101988952,75.120000,53.319830,16.881586,0.324511,-2.826320
1784101988972,75.140000,34.137238,33.031980,0.487711,0.418166
1784101988992,75.160000,57.735070,49.434650,0.506102,-3.828300
1784101989012,75.180000,17.587680,64.447930,0.485655,-10.876649
1784101989032,75.200000,42.483677,76.498120,0.567892,-14.924347
1784101989052,75.220000,21.107367,84.279980,0.704276,-14.571988
1784101989072,75.240000,53.408990,86.997890,0.783902,-13.005609
1784101989092,75.260000,23.974916,84.580450,0.796763,-12.657189
1784101989112,75.280000,53.966976,77.712610,0.799540,-11.876311
1784101989132,75.300000,35.619583,67.612420,0.755221,-7.459871
1784101989152,75.320000,75.831580,55.686237,0.718863,1.440032
1784101989172,75.340000,59.792374,43.260000,0.699008,12.905369
1784101989192,75.360000,103.825850,31.445732,0.601073,24.692031
1784101989212,75.380000,92.132324,21.078325,0.486479,36.230659
1784101989232,75.400000,124.980515,12.664378,0.334608,48.206261
1784101989252,75.420000,124.793945,6.348019,0.145921,60.432969
1784101989272,75.440000,155.326450,1.933191,-0.079561,70.755458
1784101989292,75.460000,139.043120,-1.030982,-0.336509,76.030126
1784101989312,75.480000,161.143000,-3.150393,-0.442653,73.473218
1784101989332,75.500000,127.957840,-5.123286,0.485655,61.867817
1784101989352,75.520000,136.472200,-7.709548,0.567892,43.621427
1784101989372,75.540000,94.127660,-11.675452,0.704276,25.906314
1784101989392,75.560000,100.793755,-17.677923,0.783902,17.213077
1784101989412,75.580000,90.647690,-26.084167,0.796763,20.701490
1784101989432,75.600000,125.949196,-36.735760,0.799540,31.552656
1784101989452,75.620000,100.280730,-48.760334,0.755221,41.120604
1784101989472,75.640000,130.525480,-60.635525,0.718863,42.312439
1784101989492,75.660000,97.346420,-70.604340,0.699008,32.155428
1784101989512,75.680000,96.641150,-77.279760,0.601073,12.714623
1784101989532,75.700000,45.559590,-80.134240,0.486479,-9.874446
1784101989552,75.720000,55.645850,-79.649480,0.334608,-29.142875
1784101989572,75.740000,10.617005,-77.066345,0.145921,-41.949060
1784101989592,75.760000,27.511583,-73.837776,-0.079561,-49.131494
1784101989612,75.780000,-1.062444,-71.035930,-0.336509,-53.488330
1784101989632,75.800000,18.728638,-68.988150,-0.442653,-57.017943
1784101989652,75.820000,-20.667135,-67.274895,-0.572937,-59.952626
1784101989672,75.840000,13.531952,-65.029060,-0.729133,-62.282890
1784101989692,75.860000,-23.749905,-61.344420,-0.833931,-64.550671
1784101989712,75.880000,4.329555,-55.595875,-0.798777,-66.028501
1784101989732,75.900000,-26.322750,-47.583190,-0.805071,-63.675566
1784101989752,75.920000,11.707435,-37.518630,-0.939921,-54.779393
1784101989772,75.940000,-5.343169,-25.901527,-1.000000,-40.619249
1784101989792,75.960000,40.620247,-13.320252,-0.937345,-26.219923
1784101989812,75.980000,26.260273,-0.269880,-0.818484,-15.382389
1784101989832,76.000000,52.282930,12.902781,-0.611128,-6.624890
1784101989852,76.020000,39.413338,25.893728,-0.309502,4.269452
1784101989872,76.040000,86.607640,38.290640,-0.094703,18.274938
1784101989892,76.060000,71.146660,49.548910,0.112128,31.836312
1784101989912,76.080000,103.390860,59.122190,0.324511,40.979877
1784101989932,76.100000,86.173800,66.595970,0.487711,44.750939
1784101989952,76.120000,117.058815,71.701150,0.506102,45.229291
1784101989972,76.140000,81.058560,74.249550,0.485655,45.281445
1784101989992,76.160000,117.726040,74.093380,0.567892,45.415784
1784101990012,76.180000,88.838165,71.153870,0.704276,42.974199
1784101990032,76.200000,116.106040,65.504456,0.783902,35.934398
1784101990052,76.220000,65.619200,57.437275,0.796763,26.428878
1784101990072,76.240000,97.764244,47.427080,0.799540,18.198476
1784101990092,76.260000,65.481490,36.020744,0.755221,11.868193
1784101990112,76.280000,87.901270,23.782442,0.718863,5.502174
1784101990132,76.300000,52.785600,11.324718,0.699008,-0.963565
1784101990152,76.320000,81.792410,-0.681013,0.601073,-4.200194
1784101990172,76.340000,61.028564,-11.569448,0.486479,-0.510440
1784101990192,76.360000,95.182360,-20.748957,0.334608,10.033446
1784101990212,76.380000,87.497380,-27.712260,0.145921,21.930525
1784101990232,76.400000,123.710464,-32.031876,0.485655,27.295799
1784101990252,76.420000,90.853745,-33.418530,0.567892,21.950453
1784101990272,76.440000,102.861120,-31.880674,0.704276,8.329382
1784101990292,76.460000,65.133860,-27.922338,0.783902,-8.039238
1784101990312,76.480000,81.189410,-22.607193,0.796763,-23.564280
1784101990332,76.500000,38.788880,-17.347261,0.799540,-37.322283
1784101990352,76.520000,62.106650,-13.478271,0.755221,-48.617008
1784101990372,76.540000,20.574870,-11.850430,0.718863,-56.122394
1784101990392,76.560000,53.738754,-12.623245,0.699008,-59.636706
1784101990412,76.580000,27.753868,-15.288964,0.601073,-60.882102
1784101990432,76.600000,53.949936,-18.854486,0.486479,-61.188491
1784101990452,76.620000,32.972120,-22.118470,0.334608,-59.152147
1784101990472,76.640000,65.343090,-23.978897,0.145921,-51.843881
1784101990492,76.660000,59.084713,-23.673400,-0.079561,-38.000356
1784101990512,76.680000,106.038460,-20.857988,-0.336509,-18.994998
1784101990532,76.700000,103.549480,-15.526176,-0.442653,3.062448
1784101990552,76.720000,150.331450,-7.884272,-0.572937,26.596871
1784101990572,76.740000,155.032070,1.710031,-0.729133,49.317471
1784101990592,76.760000,195.931760,12.739322,-0.833931,67.060662
1784101990612,76.780000,179.380420,24.496393,-0.798777,75.481760
1784101990632,76.800000,214.937620,36.065470,-0.805071,73.558623
1784101990652,76.820000,164.316240,46.329517,-0.939921,64.863655
1784101990672,76.840000,184.487660,54.022156,-1.000000,54.021379
1784101990692,76.860000,163.010530,57.879333,-0.937345,42.667311
1784101990712,76.880000,162.989760,56.927464,-0.818484,30.773224
1784101990732,76.900000,121.779310,50.797790,-0.611128,19.721666
1784101990752,76.920000,155.045780,39.878124,-0.309502,11.054681
1784101990772,76.940000,110.879320,25.241682,-0.094703,4.163147
1784101990792,76.960000,131.217090,8.440196,0.112128,-2.750037
1784101990812,76.980000,99.466720,-8.760694,0.324511,-10.797622
1784101990832,77.000000,113.703600,-24.685114,0.487711,-19.677899
1784101990852,77.020000,81.737320,-38.024952,0.506102,-27.392893
1784101990872,77.040000,100.402400,-47.988617,0.485655,-31.007711
1784101990892,77.060000,75.774155,-54.295605,0.567892,-29.107226
1784101990912,77.080000,106.551420,-57.054897,0.704276,-23.839141
1784101990932,77.100000,85.016680,-56.582047,0.783902,-19.464152
1784101990952,77.120000,115.600540,-53.243435,0.626890,-17.859296
1784101990972,77.140000,79.500610,-47.411037,0.640195,-16.221756
1784101990992,77.160000,115.514275,-39.531464,0.674965,-10.875259
1784101991012,77.180000,95.191960,-30.202818,0.704487,-2.764450
1784101991032,77.200000,136.194150,-20.132425,0.716390,3.208751
1784101991052,77.220000,93.066450,-9.989335,0.718959,4.170150
1784101991072,77.240000,126.448220,-0.309577,0.677391,2.069176
1784101991092,77.260000,96.942680,8.462125,0.627688,0.416886
1784101991112,77.280000,117.030670,15.899483,0.581532,0.332061
1784101991132,77.300000,94.068020,21.615423,0.523549,0.190835
1784101991152,77.320000,122.821760,25.367300,0.429239,-1.552413
1784101991172,77.340000,81.618920,27.144400,0.288691,-3.899085
1784101991192,77.360000,109.493320,27.159470,0.114072,-5.054201
1784101991212,77.380000,85.005104,25.758970,-0.076674,-6.203692
1784101991232,77.400000,108.869540,23.334090,-0.259020,-10.534497
1784101991252,77.420000,65.356170,20.279781,-0.349887,-17.929160
1784101991272,77.440000,91.868805,16.954080,-0.476009,-23.535943
1784101991292,77.460000,57.583180,13.605503,-0.652843,-23.024804
1784101991312,77.480000,97.531715,10.351569,-0.793758,-17.793959
1784101991332,77.500000,68.705290,7.280157,-0.815372,-13.600266
1784101991352,77.520000,96.751080,4.581981,-0.875443,-14.243224
1784101991372,77.540000,60.478912,2.552494,-0.985335,-17.295163
1784101991392,77.560000,93.412150,1.440144,-0.988709,-16.020687
1784101991412,77.580000,68.347680,1.290264,-0.936823,-5.274732
1784101991432,77.600000,117.845894,1.945821,-0.790380,13.930904
1784101991452,77.620000,113.065340,3.219971,-0.586536,35.081133
1784101991472,77.640000,148.913350,5.091175,-0.310746,51.023030
1784101991492,77.660000,123.925210,7.725782,-0.108613,57.666043
1784101991512,77.680000,152.383590,11.264642,0.112034,53.805532
1784101991532,77.700000,103.353610,15.515777,0.362426,40.272570
1784101991552,77.720000,114.444640,19.776136,0.569859,20.674832
1784101991572,77.740000,55.597270,22.902430,0.637780,1.140888
1784101991592,77.760000,74.105940,23.600176,0.626890,-12.723922
1784101991612,77.780000,33.267036,20.837381,0.640195,-18.765003
1784101991632,77.800000,65.346210,14.261253,0.674965,-17.937729
1784101991652,77.820000,27.595736,4.445379,0.704487,-12.147029
1784101991672,77.840000,75.267430,-7.173307,0.716390,-3.389716
1784101991692,77.860000,42.475060,-18.653122,0.718959,5.939734
1784101991712,77.880000,80.549545,-28.048502,0.677391,13.294433
1784101991732,77.900000,50.524178,-33.878162,0.627688,16.916443
1784101991752,77.920000,78.878624,-35.438040,0.581532,16.813825
1784101991772,77.940000,39.693020,-32.899292,0.523549,14.819378
1784101991792,77.960000,67.936380,-27.187280,0.429239,13.048701
1784101991812,77.980000,35.685040,-19.689054,0.288691,12.250054
1784101991832,78.000000,62.699535,-11.874084,0.114072,11.934533
1784101991852,78.020000,25.642076,-4.944334,-0.076674,11.264252
1784101991872,78.040000,58.511795,0.369747,-0.259020,8.967754
1784101991892,78.060000,12.930631,3.825580,-0.349887,3.309115
1784101991912,78.080000,44.048626,5.547827,-0.476009,-6.176175
1784101991932,78.100000,-5.841738,5.855798,-0.652843,-16.517558
1784101991952,78.120000,20.067732,5.104999,-0.793758,-22.371870
1784101991972,78.140000,-11.470129,3.596173,-0.815372,-20.883909
1784101991992,78.160000,35.561424,1.599786,0.000000,-14.914943
1784101992012,78.180000,3.416714,-0.526025,0.626890,-10.020481
1784101992032,78.200000,40.090393,-2.254694,0.640195,-8.964253
1784101992052,78.220000,4.792420,-2.984677,0.674965,-10.678397
1784101992072,78.240000,39.687286,-2.285065,0.704487,-13.507916
1784101992092,78.260000,15.674238,-0.102099,0.716390,-16.872533
1784101992112,78.280000,34.500988,3.227402,0.718959,-19.807066
1784101992132,78.300000,12.232570,7.119218,0.677391,-20.760146
1784101992152,78.320000,52.428190,10.928103,0.627688,-19.596745
1784101992172,78.340000,29.626972,14.127339,0.581532,-17.609934
1784101992192,78.360000,60.103436,16.448044,0.523549,-15.651128
1784101992212,78.380000,41.265330,17.906551,0.429239,-14.781674
1784101992232,78.400000,72.476070,18.693108,0.288691,-18.265510
1784101992252,78.420000,43.781830,19.007767,0.114072,-29.238033
1784101992272,78.440000,63.245483,18.941488,-0.076674,-44.790821
1784101992292,78.460000,20.310472,18.412514,-0.259020,-54.824583
1784101992312,78.480000,73.683120,17.168144,-0.349887,-49.766306
1784101992332,78.500000,63.053640,14.936435,-0.476009,-29.669613
1784101992352,78.520000,130.369450,11.734711,-0.652843,-4.522841
1784101992372,78.540000,132.592210,8.137959,-0.793758,14.770525
1784101992392,78.560000,164.576340,5.232383,-0.815372,25.155028
1784101992412,78.580000,153.154790,4.165919,-0.875443,30.907945
1784101992432,78.600000,199.525090,5.551139,-0.985335,36.451363
1784101992452,78.620000,181.794430,9.129341,-0.988709,42.626810
1784101992472,78.640000,215.653950,13.888232,-0.936823,48.842259
1784101992492,78.660000,205.215580,18.480654,-0.790380,54.943052
1784101992512,78.680000,243.451500,21.662865,-0.586536,60.237685
1784101992532,78.700000,214.335070,22.588060,-0.310746,62.391452
1784101992552,78.720000,253.279450,20.913618,-0.108613,58.262144
1784101992572,78.740000,212.430530,16.731600,0.112034,46.904986
1784101992592,78.760000,231.443390,10.384747,0.362426,32.214223
1784101992612,78.780000,185.395540,2.270341,0.569859,20.637797
1784101992632,78.800000,219.017240,-7.269949,0.637780,14.788380
1784101992652,78.820000,187.128720,-17.908213,0.626890,10.941665
1784101992672,78.840000,215.197700,-29.165258,0.640195,4.352900
1784101992692,78.860000,164.373170,-40.296757,0.674965,-4.837350
1784101992712,78.880000,193.886860,-50.397990,0.704487,-13.050178
1784101992732,78.900000,161.924960,-58.663250,0.716390,-18.670668
1784101992752,78.920000,182.594480,-64.572876,0.718959,-23.224876
1784101992772,78.940000,144.989230,-67.904724,0.677391,-28.349340
1784101992792,78.960000,171.882060,-68.663930,0.627688,-33.917141
1784101992812,78.980000,133.460700,-67.032234,0.581532,-38.413066
1784101992832,79.000000,164.525100,-63.326557,0.523549,-39.678470
1784101992852,79.020000,126.406080,-57.930470,0.429239,-36.118738
1784101992872,79.040000,171.434810,-51.215405,0.288691,-28.316208
1784101992892,79.060000,147.746870,-43.469646,0.114072,-18.696569
1784101992912,79.080000,179.664220,-34.849854,-0.076674,-9.130443
1784101992932,79.100000,156.195980,-25.406479,-0.259020,-0.290762
1784101992952,79.120000,191.905730,-15.201989,-0.349887,6.407207
1784101992972,79.140000,162.201110,-4.447493,-0.476009,8.658869
1784101992992,79.160000,188.708500,6.437494,-0.652843,6.271805
1784101993012,79.180000,138.741680,16.848000,0.626890,2.282603
1784101993032,79.200000,176.261500,26.051859,0.640195,-0.641152
1784101993052,79.220000,131.618620,33.299778,0.674965,-3.378746
1784101993072,79.240000,162.951780,38.012184,0.704487,-8.022318
1784101993092,79.260000,113.013380,39.961994,0.716390,-13.633000
1784101993112,79.280000,136.896560,39.321890,0.718959,-16.718857
1784101993132,79.300000,111.416730,36.561077,0.677391,-15.361228
1784101993152,79.320000,142.915220,32.324615,0.627688,-10.373089
1784101993172,79.340000,106.346090,27.377464,0.581532,-2.814106
1784101993192,79.360000,151.435780,22.548730,0.523549,6.764559
1784101993212,79.380000,124.758150,18.615194,0.429239,16.509199
1784101993232,79.400000,155.110410,16.162157,0.288691,22.824454
1784101993252,79.420000,122.442840,15.476883,0.114072,22.288474
1784101993272,79.440000,139.968440,16.474092,-0.076674,14.137826
1784101993292,79.460000,97.728300,18.658596,-0.259020,1.815062
1784101993312,79.480000,101.899110,21.178255,-0.349887,-8.430718
1784101993332,79.500000,73.266365,23.001062,-0.476009,-12.103379
1784101993352,79.520000,102.609220,23.204600,-0.652843,-9.504660
1784101993372,79.540000,69.281080,21.308645,-0.793758,-3.489212
1784101993392,79.560000,108.875030,17.494537,-0.815372,4.462262
1784101993412,79.580000,74.199070,12.562991,-0.875443,14.292236
1784101993432,79.600000,119.550705,7.638433,-0.985335,24.469114
1784101993452,79.620000,93.797905,3.796981,-0.988709,31.544950
1784101993472,79.640000,114.637924,1.785179,-0.936823,33.153278
1784101993492,79.660000,73.759080,1.852560,-0.790380,29.593267
1784101993512,79.680000,108.078330,3.684523,-0.586536,22.383322
1784101993532,79.700000,48.898354,6.477997,-0.310746,13.490495
1784101993552,79.720000,77.372986,9.172989,-0.108613,5.561270
1784101993572,79.740000,27.569376,10.754739,0.112034,0.375803
1784101993592,79.760000,67.736430,10.517010,0.362426,-2.823063
1784101993612,79.780000,13.441603,8.236596,0.569859,-6.171381
1784101993632,79.800000,44.538555,4.215598,0.637780,-11.086399
1784101993652,79.820000,3.425964,-0.852952,0.626890,-17.775754
1784101993672,79.840000,20.530067,-6.139694,0.640195,-25.317020
1784101993692,79.860000,-16.711275,-10.922261,0.674965,-31.305796
1784101993712,79.880000,12.594336,-14.718968,0.704487,-32.094361
1784101993732,79.900000,-17.665632,-17.288313,0.716390,-24.735420
1784101993752,79.920000,22.335714,-18.527575,0.718959,-10.402650
1784101993772,79.940000,12.209798,-18.339972,0.677391,4.185229
1784101993792,79.960000,49.899680,-16.554922,0.627688,11.327030
1784101993812,79.980000,2.981062,-12.979813,0.581532,9.307186
1784101993832,80.000000,37.444237,-7.609910,0.523549,3.112980
1784101993852,80.020000,-8.681100,-0.878037,0.429239,-1.944043
1784101993872,80.040000,25.515694,6.283336,0.288691,-5.517247
1784101993892,80.060000,-14.980998,12.681172,0.114072,-10.739388
1784101993912,80.080000,11.251142,17.259417,-0.076674,-18.836406
1784101993932,80.100000,-40.828663,19.393220,-0.259020,-26.808113
1784101993952,80.120000,1.458454,18.955986,-0.349887,-30.712030
1784101993972,80.140000,-41.604317,16.237682,-0.476009,-29.773499
1784101993992,80.160000,2.071232,11.843345,-0.652843,-26.350503
1784101994012,80.180000,-31.704344,6.607030,-0.793758,-22.632012
1784101994032,80.200000,8.367835,1.470097,-0.815372,-18.112672
1784101994052,80.220000,-22.358898,-2.698997,0.000000,-10.426773
1784101994072,80.240000,28.174494,-5.278202,0.000000,1.466444
1784101994092,80.260000,4.878395,-5.973556,0.000000,15.545713
1784101994112,80.280000,56.675594,-4.786709,0.000000,28.680562
1784101994132,80.300000,29.890182,-1.926166,0.000000,39.785576
1784101994152,80.320000,70.221010,2.248875,0.000000,49.896508
1784101994172,80.340000,51.122593,7.229566,0.000000,59.162224
1784101994192,80.360000,92.848190,12.373317,0.626890,65.377260
1784101994212,80.380000,50.885696,16.984217,0.640195,65.957586
1784101994232,80.400000,84.957470,20.407753,0.674965,59.881272
1784101994252,80.420000,35.250450,22.073301,0.704487,47.560991
1784101994272,80.440000,55.944397,21.499046,0.716390,30.449079
1784101994292,80.460000,-5.957834,18.318483,0.718959,10.875345
1784101994312,80.480000,14.345720,12.341609,0.677391,-8.987982
1784101994332,80.500000,-42.412260,3.628941,0.627688,-27.909370
1784101994352,80.520000,-21.269318,-7.433775,0.581532,-44.499852
1784101994372,80.540000,-74.358770,-20.092806,0.523549,-56.005810
1784101994392,80.560000,-40.385242,-33.266018,0.429239,-59.679414
1784101994412,80.580000,-71.128914,-45.662580,0.288691,-55.482499
1784101994432,80.600000,-30.335970,-55.928894,0.114072,-46.572077
1784101994452,80.620000,-52.395690,-62.797955,-0.076674,-36.814876
1784101994472,80.640000,-12.969693,-65.266220,-0.259020,-27.924270
1784101994492,80.660000,-36.890170,-62.797710,-0.349887,-18.973923
1784101994512,80.680000,3.018869,-55.484985,-0.476009,-8.659642
1784101994532,80.700000,-14.550729,-44.072480,-0.652843,2.242881
1784101994552,80.720000,23.751102,-29.805822,-0.793758,11.094880
1784101994572,80.740000,-5.831315,-14.171512,-0.815372,15.920521
1784101994592,80.760000,33.712845,1.353313,-0.875443,17.322745
1784101994612,80.780000,-9.292648,15.464425,-0.985335,17.827141
1784101994632,80.800000,34.198750,27.116188,-0.988709,19.325210
1784101994652,80.820000,-1.730324,35.586060,-0.936823,21.363368
1784101994672,80.840000,36.116333,40.543236,-0.790380,22.029554
1784101994692,80.860000,-10.030196,42.076054,-0.586536,19.695325
1784101994712,80.880000,31.700327,40.621296,-0.310746,13.689290
1784101994732,80.900000,-21.171734,36.808445,-0.108613,4.548085
1784101994752,80.920000,-0.011175,31.288832,0.112034,-6.089593
1784101994772,80.940000,-35.652650,24.611471,0.362426,-16.459882
1784101994792,80.960000,-16.318470,17.186811,0.569859,-24.806230
1784101994812,80.980000,-50.635044,9.347667,0.637780,-28.389022
1784101994832,81.000000,-19.426802,1.459677,0.626890,-24.583526
1784101994852,81.020000,-40.005985,-5.997171,0.640195,-14.225965
1784101994872,81.040000,12.432471,-12.407546,0.674965,-2.141993
1784101994892,81.060000,-20.744894,-17.055595,0.704487,7.172155
1784101994912,81.080000,21.357838,-19.256922,0.716390,13.127959
1784101994932,81.100000,-14.365137,-18.601303,0.718959,17.143125
1784101994952,81.120000,33.679900,-15.182377,0.677391,19.214936
1784101994972,81.140000,-8.756548,-9.640471,0.627688,18.572712
1784101994992,81.160000,16.105850,-2.994101,0.581532,16.155394
1784101995012,81.180000,-6.997650,3.607198,0.523549,14.084200
1784101995032,81.200000,14.813845,9.112025,0.429239,13.373358
1784101995052,81.220000,-16.291668,12.760841,0.288691,13.237942
1784101995072,81.240000,17.745200,14.215348,0.114072,12.133257
1784101995092,81.260000,-18.365961,13.575256,-0.076674,9.395648
1784101995112,81.280000,1.316170,11.271076,-0.259020,5.815553
1784101995132,81.300000,-24.825544,7.884081,-0.349887,2.128862
1784101995152,81.320000,-1.490791,3.975905,-0.476009,-2.105608
1784101995172,81.340000,-42.612488,-0.007661,0.626890,-7.205906
1784101995192,81.360000,-8.898525,-3.753979,0.640195,-11.981576
1784101995212,81.380000,-53.745823,-7.066158,0.674965,-14.782110
1784101995232,81.400000,-19.427801,-9.839740,0.704487,-15.932667
1784101995252,81.420000,-51.434914,-12.021783,0.716390,-18.308544
1784101995272,81.440000,-30.683962,-13.560851,0.718959,-24.435737
1784101995292,81.460000,-72.556564,-14.400542,0.677391,-33.115457
1784101995312,81.480000,-46.457626,-14.536878,0.627688,-39.561735
1784101995332,81.500000,-78.760070,-14.077601,0.581532,-38.565644
1784101995352,81.520000,-37.227917,-13.205315,0.523549,-27.704273
1784101995372,81.540000,-53.954178,-12.025548,0.429239,-9.148389
1784101995392,81.560000,-0.659235,-10.407516,0.288691,10.630875
1784101995412,81.580000,-22.771880,-7.954042,0.114072,24.199264
1784101995432,81.600000,20.213615,-4.160696,-0.076674,28.287221
1784101995452,81.620000,-31.503069,1.278930,-0.259020,26.024444
1784101995472,81.640000,8.345819,8.161008,-0.349887,23.206010
1784101995492,81.660000,-27.483313,15.656220,-0.476009,22.620078
1784101995512,81.680000,-0.108350,22.517258,-0.652843,22.606389
1784101995532,81.700000,-37.264095,27.505615,-0.793758,19.905828
1784101995552,81.720000,-4.658208,29.782644,-0.815372,13.089188
1784101995572,81.740000,-61.860610,29.075241,-0.875443,4.082542
1784101995592,81.760000,-30.083792,25.605570,-0.985335,-3.449290
1784101995612,81.780000,-67.965805,19.909706,-0.988709,-7.288172
1784101995632,81.800000,-42.961124,12.683970,-0.936823,-7.679791
1784101995652,81.820000,-71.287900,4.714446,-0.790380,-5.532455
1784101995672,81.840000,-31.501450,-3.150303,-0.586536,-0.422129
1784101995692,81.860000,-68.355930,-10.053823,-0.310746,8.842046
1784101995712,81.880000,-21.633785,-15.236608,-0.108613,20.491235
1784101995732,81.900000,-42.855892,-18.152521,0.112034,27.623204
1784101995752,81.920000,-20.135345,-18.554134,0.362426,23.024802
1784101995772,81.940000,-72.660355,-16.558470,0.569859,6.874526
1784101995792,81.960000,-62.974274,-12.729301,0.637780,-12.432816
1784101995812,81.980000,-109.278210,-8.115104,0.679136,-25.441488
1784101995832,82.000000,-73.880190,-4.068881,0.714085,-28.170322
1784101995852,82.020000,-112.683426,-1.793137,0.689892,-22.252297
1784101995872,82.040000,-64.502980,-1.834818,0.685584,-11.525997
1784101995892,82.060000,-87.435930,-3.841265,0.701094,0.467584
1784101995912,82.080000,-44.337593,-6.702295,0.707198,11.284158
1784101995932,82.100000,-77.399910,-8.983838,0.667277,18.999519
1784101995952,82.120000,-32.385210,-9.452375,0.592003,21.232820
1784101995972,82.140000,-76.128235,-7.485258,0.571140,16.113423
1784101995992,82.160000,-57.589120,-3.240691,0.532632,4.692266
1784101996012,82.180000,-99.464580,2.416419,0.450017,-8.914573
1784101996032,82.200000,-83.867220,8.168731,0.319341,-20.353846
1784101996052,82.220000,-119.736664,12.617671,0.144088,-27.417579
1784101996072,82.240000,-85.514084,14.697327,-0.080838,-29.486325
1784101996092,82.260000,-121.530810,14.002967,-0.268827,-25.655442
1784101996112,82.280000,-74.167890,10.901919,-0.314336,-15.230174
1784101996132,82.300000,-92.941540,6.400307,-0.429806,-0.593396
1784101996152,82.320000,-41.396442,1.849851,-0.614990,12.022988
1784101996172,82.340000,-80.205620,-1.405101,-0.751972,16.041976
1784101996192,82.360000,-36.627296,-2.385228,-0.788611,9.362630
1784101996212,82.380000,-96.556940,-0.781971,-0.786440,-3.738919
1784101996232,82.400000,-69.314400,2.894709,-0.895154,-16.005647
1784101996252,82.420000,-111.101040,7.433487,-0.978725,-23.529813
1784101996272,82.440000,-72.799510,11.320938,-0.985213,-27.908025
1784101996292,82.460000,-113.068630,13.287810,-0.844027,-31.361740
1784101996312,82.480000,-82.365360,12.744512,-0.674920,-32.047340
1784101996332,82.500000,-112.771940,9.887589,-0.436274,-26.617928
1784101996352,82.520000,-53.388397,5.501938,-0.175822,-15.551428
1784101996372,82.540000,-79.865890,0.680032,0.074427,-2.686853
1784101996392,82.560000,-39.982616,-3.414345,0.320292,9.277677
1784101996412,82.580000,-56.660850,-5.784181,0.539620,19.694596
1784101996432,82.600000,-11.491531,-5.846888,0.638131,27.870950
1784101996452,82.620000,-44.011806,-3.576879,0.679136,33.544108
1784101996472,82.640000,1.615341,0.533426,0.714085,38.764029
1784101996492,82.660000,-39.610336,5.634905,0.689892,46.079345
1784101996512,82.680000,19.156178,10.723083,0.685584,54.164304
1784101996532,82.700000,-21.187014,14.865453,0.701094,57.554922
1784101996552,82.720000,15.184162,17.407951,0.707198,52.157606
1784101996572,82.740000,-46.429375,18.039324,0.667277,39.508071
1784101996592,82.760000,-17.603754,16.666533,0.592003,24.402508
1784101996612,82.780000,-67.305240,13.236947,0.571140,10.068753
1784101996632,82.800000,-52.236008,7.700621,0.532632,-3.030066
1784101996652,82.820000,-99.168750,0.134109,0.450017,-15.405646
1784101996672,82.840000,-74.106130,-9.116777,0.319341,-26.982850
1784101996692,82.860000,-122.929306,-19.391426,0.144088,-36.409396
1784101996712,82.880000,-97.773150,-29.780672,-0.080838,-41.724930
1784101996732,82.900000,-133.857820,-39.267765,-0.268827,-42.444357
1784101996752,82.920000,-90.835330,-46.884327,-0.314336,-40.076740
1784101996772,82.940000,-134.929340,-51.821545,-0.429806,-35.756167
1784101996792,82.960000,-89.779880,-53.503490,-0.614990,-28.905858
1784101996812,82.980000,-118.044490,-51.661610,-0.751972,-19.266454
1784101996832,83.000000,-74.172500,-46.385838,-0.788611,-8.697931
1784101996852,83.020000,-99.860245,-38.099094,0.000000,0.225793
1784101996872,83.040000,-64.585910,-27.472189,0.000000,6.438654
1784101996892,83.060000,-101.609590,-15.354022,0.000000,10.123228
1784101996912,83.080000,-54.737600,-2.729497,0.000000,11.336037
1784101996932,83.100000,-100.804450,9.359023,0.000000,10.790473
1784101996952,83.120000,-66.629600,19.944384,0.000000,10.947851
1784101996972,83.140000,-104.666310,28.264435,0.000000,13.496160
1784101996992,83.160000,-58.141953,33.850574,0.000000,16.279228
1784101997012,83.180000,-98.035890,36.591732,0.000000,15.627676
1784101997032,83.200000,-74.196850,36.753070,0.679136,11.522783
1784101997052,83.220000,-110.280360,34.870240,0.714085,7.895373
1784101997072,83.240000,-74.939644,31.542341,0.689892,7.962499
1784101997092,83.260000,-104.968610,27.285028,0.685584,11.354843
1784101997112,83.280000,-71.862300,22.538145,0.701094,15.448150
1784101997132,83.300000,-100.209320,17.738134,0.707198,17.403327
1784101997152,83.320000,-70.290230,13.321309,0.667277,14.744469
1784101997172,83.340000,-116.750500,9.631874,0.592003,5.761989
1784101997192,83.360000,-85.755745,6.799276,0.571140,-8.860102
1784101997212,83.380000,-144.282870,4.666068,0.532632,-24.525828
1784101997232,83.400000,-122.506780,2.813737,0.450017,-34.978187
1784101997252,83.420000,-154.009480,0.699508,0.319341,-38.091336
1784101997272,83.440000,-115.476520,-2.106302,0.144088,-37.871725
1784101997292,83.460000,-150.369200,-5.661039,-0.080838,-38.583426
1784101997312,83.480000,-121.247826,-9.533584,-0.268827,-38.507138
1784101997332,83.500000,-142.564820,-12.952642,-0.314336,-32.099487
1784101997352,83.520000,-96.020294,-15.119010,-0.429806,-17.836688
1784101997372,83.540000,-109.929850,-15.440536,-0.614990,-1.797876
1784101997392,83.560000,-62.791943,-13.587242,-0.751972,7.752089
1784101997412,83.580000,-88.624080,-9.475642,-0.788611,9.189001
1784101997432,83.600000,-75.443740,-3.324646,-0.786440,8.956781
1784101997452,83.620000,-88.388340,4.225915,-0.895154,12.826246
1784101997472,83.640000,-35.387930,12.124676,-0.978725,18.882979
1784101997492,83.660000,-84.379030,19.185568,-0.985213,21.855123
1784101997512,83.680000,-44.462654,24.469284,-0.844027,20.353988
1784101997532,83.700000,-79.932106,27.471476,-0.674920,16.416237
1784101997552,83.720000,-46.444443,28.054880,-0.436274,11.600236
1784101997572,83.740000,-86.741170,26.317648,-0.175822,6.961654
1784101997592,83.760000,-53.703682,22.532164,0.074427,4.681981
1784101997612,83.780000,-87.212524,17.113562,0.320292,6.846466
1784101997632,83.800000,-40.413815,10.588371,0.539620,13.104650
1784101997652,83.820000,-63.372025,3.594007,0.638131,21.267906
1784101997672,83.840000,-29.223215,-3.122835,0.679136,29.674610
1784101997692,83.860000,-50.557820,-8.793860,0.714085,37.093479
1784101997712,83.880000,-5.858482,-12.805039,0.689892,41.177231
1784101997732,83.900000,-47.372746,-14.859306,0.685584,39.764735
1784101997752,83.920000,-13.142827,-15.049095,0.701094,33.729457
1784101997772,83.940000,-59.659100,-13.844684,0.707198,26.399905
1784101997792,83.960000,-28.418728,-12.013717,0.667277,19.579841
1784101997812,83.980000,-67.760690,-10.447288,0.679136,11.495926
1784101997832,84.000000,-40.147156,-9.907989,0.714085,-0.259039
1784101997852,84.020000,-102.699090,-10.823537,0.689892,-14.708937
1784101997872,84.040000,-61.929610,-13.243533,0.685584,-27.752916
1784101997892,84.060000,-115.183380,-16.927140,0.701094,-35.753380
1784101997912,84.080000,-77.243576,-21.436155,0.707198,-38.309321
1784101997932,84.100000,-112.593420,-26.171484,0.667277,-38.630053
1784101997952,84.120000,-72.577960,-30.400093,0.592003,-41.199785
1784101997972,84.140000,-119.759990,-33.347042,0.571140,-47.760366
1784101997992,84.160000,-86.496475,-34.369610,0.532632,-55.424526
1784101998012,84.180000,-124.109540,-33.153492,0.450017,-59.063047
1784101998032,84.200000,-84.840990,-29.809534,0.319341,-55.250233
1784101998052,84.220000,-100.829445,-24.773672,0.144088,-44.024605
1784101998072,84.240000,-53.246834,-18.552422,-0.080838,-27.900714
1784101998092,84.260000,-67.679170,-11.484268,-0.268827,-10.383626
1784101998112,84.280000,-14.093419,-3.666603,-0.314336,4.687672
1784101998132,84.300000,-35.387405,4.931614,-0.429806,14.200116
1784101998152,84.320000,2.325563,14.257167,-0.614990,17.307573
1784101998172,84.340000,-40.515945,23.966806,-0.751972,15.086343
1784101998192,84.360000,5.744335,33.321095,-0.788611,8.827012
1784101998212,84.380000,-45.949257,41.260010,-0.786440,0.487450
1784101998232,84.400000,-16.671390,46.656765,-0.895154,-5.878980
1784101998252,84.420000,-51.149185,48.627340,-0.978725,-6.251451
1784101998272,84.440000,-4.302399,46.778290,-0.985213,-0.584489
1784101998292,84.460000,-36.887950,41.354220,-0.844027,7.247305
1784101998312,84.480000,8.670727,33.249466,-0.674920,13.552584
1784101998332,84.500000,-25.091465,23.818777,-0.436274,17.942229
1784101998352,84.520000,12.433393,14.507705,-0.175822,22.594652
1784101998372,84.540000,-12.964056,6.468308,0.074427,29.312936
1784101998392,84.560000,26.258846,0.342122,0.320292,37.820046
1784101998412,84.580000,0.761230,-3.734110,0.539620,46.549636
1784101998432,84.600000,36.722180,-5.978729,0.638131,54.032693
1784101998452,84.620000,7.465537,-6.797350,0.679136,59.196632
1784101998472,84.640000,43.905310,-6.669614,0.714085,61.229938
1784101998492,84.660000,-3.427412,-6.090233,0.680001,59.723855
1784101998512,84.680000,30.927110,-5.545939,0.706145,54.595530
1784101998532,84.700000,-18.961903,-5.502853,0.672372,46.000767
1784101998552,84.720000,-1.755831,-6.377011,0.647668,34.718460
1784101998572,84.740000,-48.234196,-8.484122,0.657496,22.164834
1784101998592,84.760000,-32.745605,-11.981868,0.648741,9.491968
1784101998612,84.780000,-87.810040,-16.824890,0.627878,-3.508324
1784101998632,84.800000,-66.392900,-22.748505,0.585942,-18.327198
1784101998652,84.820000,-118.468530,-29.288698,0.564105,-35.354744
1784101998672,84.840000,-115.233765,-35.846450,0.532902,-51.512914
1784101998692,84.860000,-157.893540,-41.794506,0.464691,-62.292174
1784101998712,84.880000,-130.910340,-46.579624,0.363235,-66.412029
1784101998732,84.900000,-162.356370,-49.740383,0.226083,-66.365392
1784101998752,84.920000,-140.070660,-50.838420,0.047167,-64.638624
1784101998772,84.940000,-171.905000,-49.431293,-0.158742,-61.872630
1784101998792,84.960000,-123.962555,-45.174360,-0.260305,-58.172073
1784101998812,84.980000,-171.713270,-37.967100,-0.414317,-53.518156
1784101998832,85.000000,-121.377640,-28.032583,-0.615652,-47.093371
1784101998852,85.020000,-151.956920,-15.908771,-0.796697,-37.736446
1784101998872,85.040000,-100.547585,-2.365282,-0.847201,-24.594565
1784101998892,85.060000,-120.826340,11.746282,-0.874915,-7.244541
1784101998912,85.080000,-70.276900,25.659212,-0.984321,13.272299
1784101998932,85.100000,-70.344055,38.795055,-0.981217,33.462954
1784101998952,85.120000,-28.485888,50.783005,-0.961636,48.970931
1784101998972,85.140000,-55.820316,61.398945,-0.821502,56.999685
1784101998992,85.160000,-13.888654,70.417000,-0.629721,56.498573
1784101999012,85.180000,-50.077175,77.444540,-0.402727,47.978087
1784101999032,85.200000,-38.381874,81.862940,-0.156035,34.491189
1784101999052,85.220000,-77.208336,82.918304,0.097285,20.484484
1784101999072,85.240000,-48.720238,79.919525,0.303926,8.209893
1784101999092,85.260000,-100.229480,72.489220,0.471245,-3.398717
1784101999112,85.280000,-59.241340,60.795400,0.608104,-15.768104
1784101999132,85.300000,-120.593124,45.643215,0.680001,-27.553021
1784101999152,85.320000,-74.253410,28.346220,0.706145,-34.842572
1784101999172,85.340000,-108.462160,10.460513,0.672372,-34.012926
1784101999192,85.360000,-65.548430,-6.458834,0.647668,-24.515253
1784101999212,85.380000,-74.061240,-21.010004,0.657496,-9.949370
1784101999232,85.400000,-22.056797,-32.029373,0.648741,3.807991
1784101999252,85.420000,-45.756252,-38.677120,0.627878,12.881620
1784101999272,85.440000,-2.571530,-40.572780,0.585942,17.803306
1784101999292,85.460000,-28.334133,-37.948776,0.680001,21.422475
1784101999312,85.480000,15.875841,-31.706896,0.706145,25.548439
1784101999332,85.500000,-9.632334,-23.263588,0.672372,30.080613
1784101999352,85.520000,29.529460,-14.213859,0.647668,33.759952
1784101999372,85.540000,-3.543610,-5.983404,0.657496,34.192158
1784101999392,85.560000,39.744057,0.389330,0.648741,28.331846
1784101999412,85.580000,-13.241801,4.313284,0.627878,15.382650
1784101999432,85.600000,9.083487,5.574734,0.585942,-0.926107
1784101999452,85.620000,-36.236626,4.191999,0.564105,-14.669875
1784101999472,85.640000,-0.317128,0.306246,0.532902,-22.221298
1784101999492,85.660000,-45.046840,-5.791410,0.464691,-23.917493
1784101999512,85.680000,6.835621,-13.532070,0.363235,-22.337754
1784101999532,85.700000,-33.412056,-21.993876,0.226083,-19.627724
1784101999552,85.720000,13.115331,-29.995836,0.047167,-16.148129
1784101999572,85.740000,-20.951680,-36.342144,-0.158742,-11.487049
1784101999592,85.760000,27.735860,-40.102684,-0.260305,-6.187471
1784101999612,85.780000,-4.385860,-40.805164,-0.414317,-1.667875
1784101999632,85.800000,32.974575,-38.480060,-0.615652,1.145875
1784101999652,85.820000,2.993489,-33.594265,-0.796697,2.200499
1784101999672,85.840000,36.688400,-26.930792,-0.847201,1.739891
1784101999692,85.860000,4.100322,-19.435698,-0.874915,0.313581
1784101999712,85.880000,33.077550,-12.049335,-0.984321,-0.820625
1784101999732,85.900000,5.080594,-5.558061,-0.981217,-0.019964
1784101999752,85.920000,43.875180,-0.486949,-0.961636,3.766492
1784101999772,85.940000,7.439493,2.964359,-0.821502,9.689149
1784101999792,85.960000,55.088894,4.922512,-0.629721,13.938343
1784101999812,85.980000,14.257238,5.759777,-0.402727,11.363225
1784101999832,86.000000,39.555798,5.939781,-0.156035,0.696153
1784101999852,86.020000,-4.880334,5.826546,0.097285,-11.308027
1784101999872,86.040000,27.394295,5.537407,0.636065,-13.549221
1784101999892,86.060000,-27.619837,4.930144,0.623931,-2.136877
1784101999912,86.080000,80.688385,3.782132,0.571350,12.684750
1784101999932,86.100000,12.706717,2.117839,0.520513,16.793734
1784101999952,86.120000,37.595350,0.412789,0.515532,8.618848
1784101999972,86.140000,-3.210523,-0.622943,0.508369,-1.143031
1784101999992,86.160000,30.368692,-0.562160,0.533481,-4.393700
1784102000012,86.180000,0.917602,0.423982,0.487936,-2.955099
1784102000032,86.200000,31.051422,1.759865,0.451877,-1.723597
1784102000052,86.220000,-5.929461,2.903275,0.438192,-1.129713
1784102000072,86.240000,27.797245,3.597346,0.374335,0.957235
1784102000092,86.260000,0.926803,3.857863,0.279338,3.432526
1784102000112,86.280000,41.411346,3.868450,0.197200,2.644120
1784102000132,86.300000,-15.111460,3.890434,0.252207,-1.620795
1784102000152,86.320000,22.893114,4.150532,0.010750,-5.097262
1784102000172,86.340000,-9.929258,4.705994,-0.215433,-4.724534
1784102000192,86.360000,27.840280,5.413189,-0.406837,-2.071691
1784102000212,86.380000,-10.748090,6.062093,-0.616177,-0.518985
1784102000232,86.400000,26.820970,6.544805,-0.784269,-1.717613
1784102000252,86.420000,-19.366302,6.889883,-0.863449,-5.445001
1784102000272,86.440000,20.526365,7.165995,-0.949122,-10.630636
1784102000292,86.460000,-23.523758,7.386088,-1.000000,-14.996935
1784102000312,86.480000,3.987224,7.485952,-0.925481,-15.362080
1784102000332,86.500000,-19.962286,7.362856,-0.800820,-10.750426
1784102000352,86.520000,22.340672,6.957222,-0.640119,-4.488354
1784102000372,86.540000,-13.315069,6.350764,-0.455752,-1.056657
1784102000392,86.560000,24.077260,5.799759,-0.279535,-1.148987
1784102000412,86.580000,-13.368467,5.631079,-0.050426,-1.350556
1784102000432,86.600000,18.353890,6.049204,0.166513,1.058153
1784102000452,86.620000,-3.533327,7.011225,0.335058,4.125603
1784102000472,86.640000,29.368970,8.272862,0.494212,3.506573
1784102000492,86.660000,-20.408253,9.533660,0.590560,-1.834383
1784102000512,86.680000,13.796347,10.524755,0.636065,-8.343160
1784102000532,86.700000,-25.994534,10.993389,0.623931,-11.927896
1784102000552,86.720000,11.863298,10.692460,0.571350,-11.053312
1784102000572,86.740000,-25.336388,9.469432,0.520513,-6.260180
1784102000592,86.760000,22.244125,7.394280,0.515532,1.199177
1784102000612,86.780000,-3.966308,4.808723,0.508369,9.997599
1784102000632,86.800000,29.883453,2.259482,0.533481,18.762158
1784102000652,86.820000,11.832524,0.341855,0.487936,25.687755
1784102000672,86.840000,45.399460,-0.487424,0.451877,29.091119
1784102000692,86.860000,7.688135,-0.056250,0.438192,29.215739
1784102000712,86.880000,42.319397,1.460983,0.374335,28.588618
1784102000732,86.900000,12.545996,3.581167,0.279338,29.574113
1784102000752,86.920000,35.584484,5.648828,0.197200,31.025331
1784102000772,86.940000,2.281785,7.027559,0.252207,27.032811
1784102000792,86.960000,27.873144,7.257587,0.010750,11.489500
1784102000812,86.980000,-30.192654,6.108914,-0.215433,-12.773500
1784102000832,87.000000,-42.241800,3.511250,-0.406837,-31.929943
1784102000852,87.020000,-56.375923,-0.576866,-0.616177,-33.144876
1784102000872,87.040000,-2.125624,-6.158054,-0.784269,-17.138381
1784102000892,87.060000,-31.414835,-12.909164,-0.863449,3.998630
1784102000912,87.080000,20.953287,-19.862665,0.000000,18.101955
1784102000932,87.100000,-4.142220,-25.484450,0.000000,20.124275
1784102000952,87.120000,9.397613,-28.237097,0.000000,12.638850
1784102000972,87.140000,-26.552443,-27.272867,0.000000,2.215118
1784102000992,87.160000,-7.386911,-22.831022,0.000000,-6.148516
1784102001012,87.180000,-43.703320,-16.153082,0.000000,-12.409151
1784102001032,87.200000,-17.656689,-8.985356,0.000000,-19.891543
1784102001052,87.220000,-67.108345,-2.942849,0.000000,-31.115901
1784102001072,87.240000,-45.044150,0.931699,0.000000,-45.396800
1784102001092,87.260000,-96.392590,2.270590,0.000000,-59.336998
1784102001112,87.280000,-62.275326,1.248910,0.000000,-68.137560
1784102001132,87.300000,-109.148150,-1.595782,0.000000,-67.142803
1784102001152,87.320000,-57.007637,-5.485285,0.000000,-54.879659
1784102001172,87.340000,-71.019950,-9.461274,0.000000,-35.359103
1784102001192,87.360000,-14.121774,-12.427617,0.000000,-15.350084
1784102001212,87.380000,-39.236870,-13.255104,0.636065,1.010792
1784102001232,87.400000,1.510745,-11.029938,0.623931,12.999718
1784102001252,87.420000,-16.999851,-5.399587,0.571350,19.764996
1784102001272,87.440000,18.466722,3.198239,0.520513,20.433320
1784102001292,87.460000,-26.545914,13.593104,0.515532,18.499907
1784102001312,87.480000,4.401941,24.166664,0.508369,21.216319
1784102001332,87.500000,-15.166314,33.217304,0.533481,31.846282
1784102001352,87.520000,36.854134,39.355907,0.487936,45.767976
1784102001372,87.540000,5.254644,41.886974,0.451877,56.646492
1784102001392,87.560000,38.349280,40.979782,0.438192,63.392318
1784102001412,87.580000,9.927702,37.459957,0.374335,68.214447
1784102001432,87.600000,45.399345,32.350910,0.279338,70.303028
1784102001452,87.620000,0.845538,26.481865,0.197200,65.000992
1784102001472,87.640000,15.465137,20.320377,0.252207,48.966217
1784102001492,87.660000,-49.635292,13.950551,0.010750,24.270855
1784102001512,87.680000,-45.277750,7.102213,-0.215433,-2.547343
1784102001532,87.700000,-101.783905,-0.735570,-0.406837,-24.315030
1784102001552,87.720000,-90.843605,-10.059026,-0.616177,-36.600002
1784102001572,87.740000,-129.610600,-21.010754,-0.784269,-39.427399
1784102001592,87.760000,-92.607830,-33.107327,-0.863449,-36.484969
1784102001612,87.780000,-130.710050,-45.173435,-0.949122,-31.654302
1784102001632,87.800000,-98.481316,-55.552616,-1.000000,-26.002595
1784102001652,87.820000,-118.816330,-62.542420,-0.925481,-18.264899
1784102001672,87.840000,-92.153300,-64.871160,-0.800820,-7.457099
1784102001692,87.860000,-104.501080,-62.008545,-0.640119,5.378436
1784102001712,87.880000,-65.619260,-54.209904,-0.455752,17.443417
1784102001732,87.900000,-102.584180,-42.357845,-0.279535,25.292406
1784102001752,87.920000,-64.472290,-27.746302,-0.050426,25.282851
1784102001772,87.940000,-113.022580,-11.898976,0.166513,15.111714
1784102001792,87.960000,-86.574290,3.575960,0.335058,-2.314804
1784102001812,87.980000,-171.223970,17.122590,0.494212,-18.480793
1784102001832,88.000000,-117.309810,27.376220,0.590560,-26.388764
1784102001852,88.020000,-156.661700,33.362050,0.636065,-26.526204
1784102001872,88.040000,-129.742980,34.786526,0.623931,-23.415142
1784102001892,88.060000,-153.686610,32.247180,0.571350,-19.622986
1784102001912,88.080000,-120.577060,27.121740,0.569606,-16.012754
1784102001932,88.100000,-147.985570,21.136290,0.568193,-14.849399
1784102001952,88.120000,-116.795010,15.864037,0.530571,-19.040923
1784102001972,88.140000,-159.988100,12.365821,0.470203,-28.238835
1784102001992,88.160000,-135.067580,11.008858,0.400327,-37.447379
1784102002012,88.180000,-167.234050,11.474082,0.391473,-40.605776
1784102002032,88.200000,-126.346115,12.978386,0.448902,-35.464807
1784102002052,88.220000,-145.250580,14.662059,0.444740,-24.981862
1784102002072,88.240000,-99.697426,15.976498,0.407780,-14.609171
1784102002092,88.260000,-120.219406,16.869501,0.401584,-8.281711
1784102002112,88.280000,-85.454660,17.678560,0.365304,-6.073207
1784102002132,88.300000,-107.464355,18.823889,0.292101,-4.807455
1784102002152,88.320000,-73.319380,20.502014,0.199433,-0.901802
1784102002172,88.340000,-89.353270,22.553366,0.213283,6.726317
1784102002192,88.360000,-44.997880,24.552866,0.231924,16.150600
1784102002212,88.380000,-60.023212,26.036713,0.071565,24.843500
1784102002232,88.400000,-24.276651,26.705622,-0.132710,31.853856
1784102002252,88.420000,-48.829450,26.478006,-0.352762,36.613297
1784102002272,88.440000,-0.912151,25.396088,-0.557433,37.086796
1784102002292,88.460000,-43.174442,23.501762,-0.724369,32.028410
1784102002312,88.480000,-14.263247,20.765660,-0.847210,24.794462
1784102002332,88.500000,-43.239030,17.067808,-0.997284,21.866026
1784102002352,88.520000,-13.908080,12.233875,-0.926956,26.098297
1784102002372,88.540000,-23.902168,6.161217,-0.839350,32.360910
1784102002392,88.560000,4.022129,-0.995444,-0.719911,31.488202
1784102002412,88.580000,-40.492500,-8.740846,-0.590951,19.172679
1784102002432,88.600000,-22.457878,-16.402483,-0.418537,0.250314
1784102002452,88.620000,-77.292360,-23.465927,-0.221794,-16.087386
1784102002472,88.640000,-47.069683,-29.824377,-0.041407,-24.510541
1784102002492,88.660000,-77.245470,-35.717655,0.497233,-26.234653
1784102002512,88.680000,-46.250496,-41.390778,0.440677,-24.102343
1784102002532,88.700000,-73.640680,-46.745983,0.352238,-17.534893
1784102002552,88.720000,-32.243515,-51.241670,0.265738,-4.415902
1784102002572,88.740000,-39.005505,-54.059124,0.272607,13.578160
1784102002592,88.760000,7.761944,-54.363050,0.307320,30.687664
1784102002612,88.780000,-15.512359,-51.519230,0.332786,42.273422
1784102002632,88.800000,17.591509,-45.283830,0.319743,47.828945
1784102002652,88.820000,-13.205841,-35.982456,0.300155,48.336886
1784102002672,88.840000,19.041122,-24.579023,0.262603,43.396329
1784102002692,88.860000,-30.907799,-12.527344,0.234089,32.543153
1784102002712,88.880000,-19.924395,-1.460203,0.205348,17.214238
1784102002732,88.900000,-64.147070,7.126266,0.257107,-0.339277
1784102002752,88.920000,-47.112140,12.120476,0.269964,-18.135736
1784102002772,88.940000,-105.290985,12.986354,0.147397,-33.388667
1784102002792,88.960000,-82.379700,9.864139,-0.044692,-43.113530
1784102002812,88.980000,-112.469284,3.531491,-0.263828,-47.172224
1784102002832,89.000000,-84.986040,-4.739526,-0.518046,-48.532514
1784102002852,89.020000,-123.446450,-13.375012,-0.726281,-49.799913
1784102002872,89.040000,-85.116150,-20.757036,-0.959715,-51.062660
1784102002892,89.060000,-124.040210,-25.540792,-0.965344,-51.170099
1784102002912,89.080000,-89.012600,-26.921759,-0.849834,-49.765265
1784102002932,89.100000,-110.904440,-24.731653,-0.745091,-47.157158
1784102002952,89.120000,-79.205870,-19.346457,-0.578247,-42.089821
1784102002972,89.140000,-98.599420,-11.487063,-0.380546,-31.395421
1784102002992,89.160000,-52.891487,-2.005498,-0.181752,-14.321690
1784102003012,89.180000,-59.844025,8.291821,-0.040955,3.445554
1784102003032,89.200000,-10.502441,18.772068,0.094838,13.495596
1784102003052,89.220000,-49.676926,29.015894,0.271033,13.554222
1784102003072,89.240000,-23.999825,38.691452,0.414030,9.988784
1784102003092,89.260000,-45.297120,47.316357,0.489443,10.322249
1784102003112,89.280000,-5.010849,54.153240,0.519979,16.090870
1784102003132,89.300000,-29.924292,58.411150,0.497233,24.226551
1784102003152,89.320000,9.582227,59.611095,0.440677,31.924407
1784102003172,89.340000,-13.823019,57.807220,0.352238,37.492363
1784102003192,89.360000,19.850437,53.524685,0.265738,38.451727
1784102003212,89.380000,-10.754892,47.518665,0.272607,32.246002
1784102003232,89.400000,2.086707,40.506535,0.307320,19.704397
1784102003252,89.420000,-39.091400,32.953785,0.332786,6.329294
1784102003272,89.440000,-12.324078,24.980927,0.319743,-0.962418
1784102003292,89.460000,-42.716274,16.463942,0.300155,1.495250
1784102003312,89.480000,-0.091587,7.311929,0.262603,11.824034
1784102003332,89.500000,-17.284021,-2.230299,0.234089,23.751234
1784102003352,89.520000,19.917566,-11.456311,0.205348,30.294999
1784102003372,89.540000,-17.570404,-19.359420,0.257107,27.615369
1784102003392,89.560000,9.141964,-25.023222,0.497233,16.738694
1784102003412,89.580000,-41.493668,-28.039557,0.440677,2.748299
1784102003432,89.600000,-23.159073,-28.723160,0.352238,-8.030153
1784102003452,89.620000,-52.143480,-27.997168,0.265738,-11.602032
1784102003472,89.640000,-23.386747,-26.993616,0.272607,-8.340688
1784102003492,89.660000,-53.615830,-26.567762,0.307320,-2.581582
1784102003512,89.680000,-13.373920,-26.974990,0.332786,-0.183698
1784102003532,89.700000,-50.177060,-27.857656,0.319743,-4.041271
1784102003552,89.720000,-32.425730,-28.515015,0.300155,-10.485941
1784102003572,89.740000,-65.956790,-28.296616,0.262603,-11.966793
1784102003592,89.760000,-27.460490,-26.904474,0.234089,-4.664953
1784102003612,89.780000,-42.208595,-24.425776,0.205348,7.704690
1784102003632,89.800000,-9.612976,-21.101578,0.257107,17.910715
1784102003652,89.820000,-36.027794,-17.072832,0.269964,21.376866
1784102003672,89.840000,-5.814663,-12.346878,0.147397,18.208778
1784102003692,89.860000,-54.459328,-6.981890,-0.044692,10.931853
1784102003712,89.880000,-22.766668,-1.293855,-0.263828,1.409658
1784102003732,89.900000,-72.651085,4.095274,-0.518046,-9.899612
1784102003752,89.920000,-48.824930,8.403151,-0.726281,-22.227785
1784102003772,89.940000,-102.021690,10.928280,-0.959715,-33.519307
1784102003792,89.960000,-67.282455,11.259532,-0.965344,-41.689995
1784102003812,89.980000,-106.365000,9.395228,-0.849834,-45.646909
1784102003832,90.000000,-79.039510,5.775306,-0.745091,-45.047272
1784102003852,90.020000,-100.646020,1.216746,-0.578247,-40.744893
1784102003872,90.040000,-65.770220,-3.250755,-0.380546,-35.231237
1784102003892,90.060000,-83.470140,-6.596807,-0.181752,-30.421803
1784102003912,90.080000,-56.704002,-7.987772,-0.040955,-24.984869
1784102003932,90.100000,-76.143780,-6.951763,0.094838,-16.171040
1784102003952,90.120000,-26.828390,-3.479034,0.271033,-4.476463
1784102003972,90.140000,-43.938168,2.021847,0.414030,6.028706
1784102003992,90.160000,-13.442539,8.902639,0.489443,12.482346
1784102004012,90.180000,-34.944275,16.442860,0.519979,16.232284
1784102004032,90.200000,8.341091,23.907953,0.497233,21.006235
1784102004052,90.220000,-21.219900,30.568396,0.440677,29.416028
1784102004072,90.240000,22.825071,35.778343,0.352238,40.220761
1784102004092,90.260000,10.396103,39.098515,0.265738,48.309332
1784102004112,90.280000,44.753857,40.385693,0.272607,49.371019
1784102004132,90.300000,-2.082207,39.777306,0.307320,44.666961
1784102004152,90.320000,33.700058,37.535656,0.332786,38.800834
1784102004172,90.340000,4.398773,33.842464,0.319743,33.653466
1784102004192,90.360000,23.266283,28.729350,0.300155,27.301605
1784102004212,90.380000,-9.585580,22.195486,0.262603,17.901880
1784102004232,90.400000,8.084369,14.358879,0.234089,5.976079
1784102004252,90.420000,-35.776524,5.494585,0.205348,-6.966645
1784102004272,90.440000,-9.374183,-4.019138,0.257107,-19.980606
1784102004292,90.460000,-49.960823,-13.748485,0.269964,-31.572595
1784102004312,90.480000,-32.953735,-23.217566,0.147397,-38.266560
1784102004332,90.500000,-51.057743,-31.914550,-0.044692,-36.831569
1784102004352,90.520000,-17.738407,-39.295547,-0.263828,-28.224145
1784102004372,90.540000,-24.379795,-44.773956,-0.518046,-17.457173
1784102004392,90.560000,6.645705,-47.723797,0.497233,-9.078926
1784102004412,90.580000,-15.419111,-47.583023,0.440677,-4.174953
1784102004432,90.600000,19.377989,-44.080063,0.352238,-2.205338
1784102004452,90.620000,-11.444815,-37.452442,0.265738,-3.743250
1784102004472,90.640000,20.781998,-28.496252,0.272607,-9.289955
1784102004492,90.660000,-21.024439,-18.411028,0.307320,-16.042718
1784102004512,90.680000,6.028606,-8.538092,0.332786,-18.602002
1784102004532,90.700000,-14.332671,-0.092909,0.319743,-14.211318
1784102004552,90.720000,27.979744,6.087881,0.300155,-5.624140
1784102004572,90.740000,7.357801,9.754851,0.262603,2.564999
1784102004592,90.760000,36.255985,11.294398,0.234089,8.833504
1784102004612,90.780000,25.159704,11.526551,0.205348,14.558870
1784102004632,90.800000,51.746292,11.343571,0.257107,20.289312
1784102004652,90.820000,31.553959,11.398534,0.269964,23.813880
1784102004672,90.840000,62.965280,11.968724,0.147397,22.274831
1784102004692,90.860000,27.500965,12.972290,-0.044692,16.068829
1784102004712,90.880000,42.733948,14.052169,-0.263828,9.395406
1784102004732,90.900000,17.230139,14.678825,-0.518046,5.545047
1784102004752,90.920000,46.808040,14.292587,-0.726281,2.941525
1784102004772,90.940000,8.898794,12.501499,-0.959715,-2.216689
1784102004792,90.960000,33.407738,9.250096,-0.965344,-10.417694
1784102004812,90.980000,-8.763724,4.827867,-0.849834,-17.956743
1784102004832,91.000000,19.334871,-0.287221,-0.745091,-21.323849
1784102004852,91.020000,-1.359611,-5.593790,-0.578247,-20.570567
1784102004872,91.040000,20.662504,-10.612689,-0.380546,-17.668401
1784102004892,91.060000,1.524557,-14.858359,-0.181752,-13.254799
1784102004912,91.080000,34.763690,-17.848942,-0.040955,-6.454059
1784102004932,91.100000,16.461292,-19.182972,0.094838,2.777756
1784102004952,91.120000,48.653053,-18.625643,0.271033,12.193617
1784102004972,91.140000,40.554604,-16.152360,0.414030,18.706792
1784102004992,91.160000,55.575090,-11.954559,0.489443,21.444825
1784102005012,91.180000,31.168467,-6.444138,0.519979,22.357743
1784102005032,91.200000,69.215990,-0.251512,0.497233,23.584024
1784102005052,91.220000,33.605247,5.844996,0.440677,25.560838
1784102005072,91.240000,62.556595,11.079385,0.352238,27.010530
1784102005092,91.260000,32.481087,14.868321,0.265738,25.008859
1784102005112,91.280000,60.306183,16.896973,0.272607,16.828222
1784102005132,91.300000,11.005003,17.107618,0.307320,4.007062
1784102005152,91.320000,20.702183,15.616981,0.332786,-7.395672
1784102005172,91.340000,-4.156396,12.597127,0.319743,-12.683633
1784102005192,91.360000,28.929665,8.233622,0.300155,-12.551737
1784102005212,91.380000,-10.733825,2.839549,0.262603,-10.180691
1784102005232,91.400000,25.190863,-3.006963,0.234089,-7.612820
1784102005252,91.420000,-1.493702,-8.497845,0.205348,-6.199762
1784102005272,91.440000,30.286234,-12.803550,0.257107,-7.217661
1784102005292,91.460000,-11.742243,-15.301940,0.269964,-10.619254
1784102005312,91.480000,13.288490,-15.738658,0.147397,-15.349999
1784102005332,91.500000,-8.479084,-14.296100,-0.044692,-21.044915
1784102005352,91.520000,-4.376782,-11.524365,-0.263828,-27.547536
1784102005372,91.540000,-25.453638,-8.149177,-0.518046,-33.478815
1784102005392,91.560000,-9.694322,-4.862182,-0.726281,-37.174680
1784102005412,91.580000,-37.185757,-2.174918,-0.959715,-38.594014
1784102005432,91.600000,-3.588653,-0.335372,0.000000,-38.776923
1784102005452,91.620000,-34.072693,0.709269,0.000000,-37.304758
1784102005472,91.640000,-12.878490,1.266005,0.000000,-31.959355
1784102005492,91.660000,-7.622145,1.765252,0.000000,-21.539365
1784102005512,91.680000,18.819310,2.640783,0.000000,-7.277267
1784102005532,91.700000,5.688253,4.276553,0.000000,8.311935
1784102005552,91.720000,50.493180,6.968866,0.000000,21.811803
1784102005572,91.740000,34.397950,10.848503,0.497233,29.737350
1784102005592,91.760000,58.487450,15.791348,0.440677,32.049600
1784102005612,91.780000,30.442822,21.371832,0.352238,33.493097
1784102005632,91.800000,60.899820,26.873194,0.265738,38.718544
1784102005652,91.820000,47.073430,31.396212,0.272607,46.953071
1784102005672,91.840000,81.948166,34.114597,0.307320,53.602446
1784102005692,91.860000,46.362816,34.566180,0.332786,55.897309
1784102005712,91.880000,70.848434,32.756000,0.319743,54.164449
1784102005732,91.900000,49.146260,29.007935,0.300155,48.716747
1784102005752,91.920000,55.417740,23.734320,0.262603,39.302877
1784102005772,91.940000,17.171284,17.290785,0.234089,27.607193
1784102005792,91.960000,34.600650,9.932029,0.205348,17.374415
1784102005812,91.980000,0.528397,1.835053,0.257107,11.342895
1784102005832,92.000000,17.064600,-6.809462,0.269964,8.669517
1784102005852,92.020000,-0.899172,-15.667374,0.147397,5.486133
1784102005872,92.040000,7.044025,-24.190636,-0.044692,-1.413791
1784102005892,92.060000,-24.640574,-31.688705,-0.263828,-11.206396
1784102005912,92.080000,-11.473774,-37.523850,-0.518046,-20.022205
1784102005932,92.100000,-40.520870,-41.315876,-0.726281,-25.190652
1784102005952,92.120000,-18.137522,-43.019154,-0.959715,-27.703943
1784102005972,92.140000,-41.920162,-42.825040,-0.965344,-30.411773
1784102005992,92.160000,-27.664455,-40.992500,-0.849834,-34.730615
1784102006012,92.180000,-54.958880,-37.753616,-0.745091,-40.109661
1784102006032,92.200000,-33.104477,-33.333035,-0.578247,-46.103106
1784102006052,92.220000,-65.144300,-28.005380,-0.380546,-53.138636
1784102006072,92.240000,-45.572067,-22.110434,-0.181752,-60.821910
1784102006092,92.260000,-77.731980,-16.020435,-0.040955,-66.753099
1784102006112,92.280000,-50.590840,-10.092426,0.094838,-67.701394
1784102006132,92.300000,-61.772790,-4.601535,0.271033,-61.513456
1784102006152,92.320000,-32.782516,0.356038,0.414030,-48.226402
1784102006172,92.340000,-30.225159,4.937719,0.489443,-30.578527
1784102006192,92.360000,16.724602,9.540267,0.519979,-12.924399
1784102006212,92.380000,6.642357,14.681783,0.355318,2.076365
1784102006232,92.400000,40.619040,20.799555,0.261760,15.229911
1784102006252,92.420000,42.634315,28.020882,0.183778,28.143579
1784102006272,92.440000,71.977150,36.021835,0.194384,39.841741
1784102006292,92.460000,62.071160,44.069897,0.250261,47.032460
1784102006312,92.480000,88.855225,51.215923,0.283993,47.210748
1784102006332,92.500000,57.200245,56.499540,0.344273,41.219621
1784102006352,92.520000,75.508330,59.078114,0.366102,33.008124
1784102006372,92.540000,50.911064,58.306377,0.371449,27.172518
1784102006392,92.560000,72.443590,53.834717,0.362638,26.639082
1784102006412,92.580000,50.289276,45.737793,0.329333,31.411553
1784102006432,92.600000,91.542610,34.609966,0.324046,38.609226
1784102006452,92.620000,69.506470,21.547089,0.359404,44.619774
1784102006472,92.640000,90.593506,7.969914,0.275794,47.606693
1784102006492,92.660000,75.695526,-4.692612,0.132550,47.362595
1784102006512,92.680000,88.657880,-15.352593,-0.056569,43.826732
1784102006532,92.700000,62.668390,-23.491678,-0.285281,37.290112
1784102006552,92.720000,74.833850,-29.182508,-0.556193,29.321917
1784102006572,92.740000,39.227325,-32.942400,-0.757158,21.699288
1784102006592,92.760000,56.217900,-35.510075,-0.965895,13.995631
1784102006612,92.780000,23.732944,-37.604090,-0.969921,3.688647
1784102006632,92.800000,30.653498,-39.721530,-0.811340,-10.082893
1784102006652,92.820000,-16.616620,-42.054474,-0.632115,-24.071314
1784102006672,92.840000,2.780011,-44.548557,-0.429870,-33.811551
1784102006692,92.860000,-28.494453,-47.012010,-0.277092,-38.068028
1784102006712,92.880000,-8.877292,-49.152860,-0.163851,-39.382879
1784102006732,92.900000,-43.136597,-50.553036,-0.052890,-41.408822
1784102006752,92.920000,-13.836540,-50.696712,0.071272,-46.064948
1784102006772,92.940000,-53.972584,-49.100735,0.230454,-51.594977
1784102006792,92.960000,-37.404182,-45.481567,0.374851,-53.478316
1784102006812,92.980000,-53.755207,-39.866367,0.453439,-49.091734
1784102006832,93.000000,-24.805185,-32.574596,0.433075,-41.038391
1784102006852,93.020000,-44.283443,-24.062302,0.355318,-34.133012
1784102006872,93.040000,-14.643211,-14.736870,0.261760,-29.442238
1784102006892,93.060000,-41.468590,-4.892962,0.183778,-23.165033
1784102006912,93.080000,-11.369160,5.200340,0.194384,-12.397158
1784102006932,93.100000,-12.939768,15.198326,0.250261,-0.256021
1784102006952,93.120000,17.339687,24.704285,0.283993,7.660954
1784102006972,93.140000,-18.872717,33.376163,0.344273,10.655993
1784102006992,93.160000,7.055002,40.946697,0.355318,12.385695
1784102007012,93.180000,-6.187263,47.118970,0.261760,13.810941
1784102007032,93.200000,10.405186,51.510350,0.183778,12.077554
1784102007052,93.220000,-25.072110,53.755660,0.194384,6.830392
1784102007072,93.240000,-5.115919,53.643948,0.250261,3.129933
1784102007092,93.260000,-26.721653,51.155712,0.283993,6.761279
1784102007112,93.280000,11.452484,46.469532,0.344273,18.904711
1784102007132,93.300000,-1.775243,40.039673,0.366102,35.743872
1784102007152,93.320000,35.509480,32.664700,0.371449,51.297520
1784102007172,93.340000,24.317947,25.394830,0.362638,60.376193
1784102007192,93.360000,43.343056,19.257635,0.329333,60.911986
1784102007212,93.380000,9.793585,14.914792,0.324046,54.636092
1784102007232,93.400000,25.832996,12.403234,0.359404,45.135693
1784102007252,93.420000,-8.059329,11.096047,0.275794,35.225543
1784102007272,93.440000,-2.074530,9.929484,0.132550,25.903493
1784102007292,93.460000,-28.760946,7.797888,-0.056569,16.717761
1784102007312,93.480000,-18.151312,3.933074,-0.285281,7.003311
1784102007332,93.500000,-54.987236,-1.878586,-0.556193,-2.857225
1784102007352,93.520000,-45.377174,-9.293905,-0.757158,-11.894778
1784102007372,93.540000,-62.943024,-17.578604,-0.965895,-19.906914
1784102007392,93.560000,-66.388820,-25.828194,-0.969921,-27.268589
1784102007412,93.580000,-86.667930,-33.160614,-0.811340,-34.034524
1784102007432,93.600000,-68.348076,-38.858994,-0.632115,-39.733861
1784102007452,93.620000,-98.933880,-42.452860,-0.429870,-43.069576
1784102007472,93.640000,-78.620440,-43.729380,-0.277092,-42.443678
1784102007492,93.660000,-90.214745,-42.692050,-0.163851,-38.215674
1784102007512,93.680000,-64.959800,-39.493720,-0.052890,-33.526604
1784102007532,93.700000,-87.405100,-34.364980,0.071272,-31.772079
1784102007552,93.720000,-62.960280,-27.583008,0.230454,-33.841261
1784102007572,93.740000,-93.244440,-19.520200,0.374851,-37.864009
1784102007592,93.760000,-66.580550,-10.718171,0.453439,-40.526048
1784102007612,93.780000,-87.249710,-1.873767,0.433075,-38.421304
1784102007632,93.800000,-61.534660,6.298660,0.355318,-29.727544
1784102007652,93.820000,-59.981228,13.261119,0.261760,-15.992310
1784102007672,93.840000,-21.994368,18.814886,0.183778,-1.526383
1784102007692,93.860000,-36.960938,23.152292,0.194384,9.848519
1784102007712,93.880000,-4.476994,26.733820,0.250261,16.713476
1784102007732,93.900000,-19.665110,30.017294,0.421089,19.360249
1784102007752,93.920000,6.979287,33.188710,0.343012,19.743906
1784102007772,93.940000,-16.674162,36.057007,0.254838,22.102640
1784102007792,93.960000,14.417240,38.142952,0.185890,30.469997
1784102007812,93.980000,14.925762,38.891716,0.194113,44.073677
1784102007832,94.000000,45.154100,37.934420,0.242625,56.685201
1784102007852,94.020000,35.739174,35.287792,0.284398,61.564825
1784102007872,94.040000,45.291897,31.345972,0.310415,56.688309
1784102007892,94.060000,25.247276,26.629385,0.290643,45.372863
1784102007912,94.080000,20.972136,21.455246,0.283297,32.542453
1784102007932,94.100000,-1.416846,15.761113,0.297580,20.503147
1784102007952,94.120000,11.204062,9.193866,0.302787,8.645258
1784102007972,94.140000,-26.972390,1.395343,0.335847,-2.762807
1784102007992,94.160000,-11.748254,-7.710696,0.394909,-10.450430
1784102008012,94.180000,-31.259666,-17.789282,0.330191,-11.394163
1784102008032,94.200000,-7.363421,-28.128733,0.234152,-7.144460
1784102008052,94.220000,-19.994705,-37.753704,0.081198,-3.491772
1784102008072,94.240000,-4.976394,-45.582580,-0.104027,-5.728346
1784102008092,94.260000,-30.254880,-50.664692,-0.338763,-14.391679
1784102008112,94.280000,-27.913813,-52.470654,-0.596347,-25.405697
1784102008132,94.300000,-46.340355,-51.097930,-0.784803,-33.767277
1784102008152,94.320000,-36.393078,-47.244633,-0.977423,-36.701609
1784102008172,94.340000,-49.499530,-41.929943,-0.964122,-34.118283
1784102008192,94.360000,-24.422691,-36.101986,-0.802838,-27.574358
1784102008212,94.380000,-35.890366,-30.332544,-0.661537,-19.291471
1784102008232,94.400000,-8.422941,-24.725540,-0.477948,-11.461330
1784102008252,94.420000,-17.870445,-19.037857,-0.317752,-5.573876
1784102008272,94.440000,-1.712167,-12.923241,-0.195635,-2.111182
1784102008292,94.460000,-17.182446,-6.187918,-0.067360,-1.094382
1784102008312,94.480000,8.716427,1.048316,0.056165,-2.337403
1784102008332,94.500000,-24.634020,8.345949,0.190189,-4.528650
1784102008352,94.520000,1.739575,15.068288,0.334926,-5.259826
1784102008372,94.540000,-16.956830,20.561130,0.356677,-3.091823
1784102008392,94.560000,6.516432,24.333864,0.280512,1.134282
1784102008412,94.580000,-5.100571,26.203410,0.199392,5.495397
1784102008432,94.600000,12.701640,26.347366,0.210952,8.725333
1784102008452,94.620000,-0.381277,25.219675,0.279727,10.315768
1784102008472,94.640000,13.721289,23.365820,0.402584,9.510330
1784102008492,94.660000,-1.963768,21.237505,0.432941,5.398528
1784102008512,94.680000,3.673436,19.080767,0.426758,-1.383275
1784102008532,94.700000,-17.525665,16.913435,0.375961,-7.691458
1784102008552,94.720000,-2.488187,14.577983,0.336604,-9.558124
1784102008572,94.740000,-15.220860,11.862454,0.300313,-5.218740
1784102008592,94.760000,9.146456,8.667889,0.385603,3.352994
1784102008612,94.780000,5.369462,5.152600,0.366804,12.003388
1784102008632,94.800000,25.317808,1.761739,0.295112,17.975806
1784102008652,94.820000,9.793692,-0.905584,0.146103,22.003160
1784102008672,94.840000,37.385128,-2.338897,-0.050628,26.603379
1784102008692,94.860000,18.276150,-2.330888,-0.288544,32.555369
1784102008712,94.880000,47.026100,-1.042561,-0.573305,37.396448
1784102008732,94.900000,29.531174,1.093942,-0.780758,37.527169
1784102008752,94.920000,34.940777,3.533328,-0.969064,31.724214
1784102008772,94.940000,14.716459,5.720013,-0.961890,22.156072
1784102008792,94.960000,16.092552,7.118988,-0.798125,11.855881
1784102008812,94.980000,-11.123034,7.239969,-0.646248,1.541566
1784102008832,95.000000,-3.955248,5.711836,-0.438952,-10.603489
1784102008852,95.020000,-28.945590,2.396016,-0.280025,-25.370742
1784102008872,95.040000,-45.967743,-2.542522,-0.162227,-39.568990
1784102008892,95.060000,-54.973520,-8.673121,-0.046801,-48.550040
1784102008912,95.080000,-48.463550,-15.402310,0.049198,-50.971807
1784102008932,95.100000,-55.553368,-22.033960,0.156825,-48.930312
1784102008952,95.120000,-47.340416,-27.770315,0.269895,-44.472133
1784102008972,95.140000,-45.573760,-31.759659,0.351890,-38.332331
1784102008992,95.160000,-33.496094,-33.253544,0.372716,-31.404003
1784102009012,95.180000,-32.225790,-31.793310,0.356677,-25.084433
1784102009032,95.200000,-17.804314,-27.320724,0.280512,-19.442109
1784102009052,95.220000,-25.188602,-20.192436,0.199392,-12.363454
1784102009072,95.240000,-3.167020,-11.119741,0.210952,-2.038352
1784102009092,95.260000,-0.181028,-1.034850,0.279727,10.136046
1784102009112,95.280000,24.982254,9.108695,0.402584,20.857521
1784102009132,95.300000,15.796724,18.531538,0.432941,28.931053
1784102009152,95.320000,30.799448,26.708954,0.426758,35.783399
1784102009172,95.340000,33.098328,33.307133,0.375961,41.758519
1784102009192,95.360000,44.053696,38.085163,0.336604,44.500575
1784102009212,95.380000,30.295530,40.866077,0.300313,42.119580
1784102009232,95.400000,32.849068,41.549313,0.385603,36.039803
1784102009252,95.420000,13.492825,40.092667,0.366804,29.509240
1784102009272,95.440000,27.946121,36.488080,0.295112,24.628066
1784102009292,95.460000,4.708602,30.810732,0.146103,21.764202
1784102009312,95.480000,17.748583,23.324434,-0.050628,20.181702
1784102009332,95.500000,-0.931705,14.538657,-0.288544,17.561758
1784102009352,95.520000,12.511024,5.158783,-0.573305,10.257718
1784102009372,95.540000,-23.754910,-4.047784,-0.780758,-3.696803
1784102009392,95.560000,-23.060760,-12.427878,-0.969064,-21.667195
1784102009412,95.580000,-56.363320,-19.610735,0.000000,-37.325837
1784102009432,95.600000,-46.964035,-25.571907,0.000000,-44.774767
1784102009452,95.620000,-64.400510,-30.509886,0.000000,-42.336373
1784102009472,95.640000,-31.459826,-34.574467,0.356677,-33.007676
1784102009492,95.660000,-40.300186,-37.607240,0.280512,-21.393637
1784102009512,95.680000,-19.434813,-39.072900,0.199392,-10.487163
1784102009532,95.700000,-11.160341,-38.247967,0.210952,-1.178032
1784102009552,95.720000,-1.793005,-34.558533,0.279727,6.517357
1784102009572,95.740000,-4.700781,-27.879845,0.402584,12.099227
1784102009592,95.760000,11.343106,-18.666689,0.432941,13.861499
1784102009612,95.780000,0.099322,-7.886841,0.426758,10.334022
1784102009632,95.800000,-4.010023,3.185163,0.375961,2.795175
1784102009652,95.820000,-16.910433,13.215547,0.336604,-5.153979
1784102009672,95.840000,-11.479651,21.027925,0.300313,-10.706264
1784102009692,95.860000,-18.987444,25.794275,0.385603,-13.107321
1784102009712,95.880000,-14.751046,27.206236,0.366804,-12.300306
1784102009732,95.900000,-13.191992,25.551498,0.295112,-8.472146
1784102009752,95.920000,-1.844175,21.628230,0.146103,-3.232804
1784102009772,95.940000,1.673039,16.533813,-0.050628,0.515865
1784102009792,95.960000,5.492658,11.410001,-0.288544,0.810011
1784102009812,95.980000,-2.614927,7.190773,-0.573305,-1.932233
1784102009832,96.000000,5.192313,4.394732,-0.780758,-5.834796
1784102009852,96.020000,-3.357662,3.042545,-0.969064,-8.928964
1784102009872,96.040000,1.121219,2.749415,-0.961890,-9.578337
1784102009892,96.060000,2.758944,2.944329,-0.798125,-6.931078
1784102009912,96.080000,14.758781,3.111988,-0.646248,-1.678686
1784102009932,96.100000,10.902670,2.966079,-0.438952,4.055754
1784102009952,96.120000,37.358265,2.507093,-0.280025,8.380836
1784102009972,96.140000,19.135841,1.960737,-0.162227,11.543627
1784102009992,96.160000,40.334507,1.625142,-0.046801,15.122475
1784102010012,96.180000,30.323290,1.698970,0.049198,18.646981
1784102010032,96.200000,53.249733,2.184825,0.156825,18.975972
1784102010052,96.220000,31.826710,2.911264,0.269895,14.643139
1784102010072,96.240000,34.744540,3.610971,0.351890,8.855016
1784102010092,96.260000,25.655247,3.962139,0.372716,5.873293
1784102010112,96.280000,35.619400,3.616610,0.356677,5.785932
1784102010132,96.300000,34.806370,2.305618,0.280512,5.364667
1784102010152,96.320000,27.520480,-0.006000,0.199392,3.218069
1784102010172,96.340000,24.840721,-3.070627,0.210952,1.285548
1784102010192,96.360000,33.981373,-6.472883,0.279727,1.373631
1784102010212,96.380000,26.534054,-9.786345,0.402584,2.763274
1784102010232,96.400000,33.930725,-12.652424,0.432941,3.561481
1784102010252,96.420000,24.578947,-14.797755,0.426758,2.773143
1784102010272,96.440000,35.081272,-16.057585,0.375961,0.886284
1784102010292,96.460000,16.729212,-16.406630,0.336604,-0.919842
1784102010312,96.480000,26.480053,-15.963445,0.300313,-2.541963
1784102010332,96.500000,14.193069,-14.959163,0.385603,-5.807987
1784102010352,96.520000,19.828352,-13.673798,0.366804,-12.199802
1784102010372,96.540000,-7.261045,-12.365588,0.295112,-19.846438
1784102010392,96.560000,1.844751,-11.239867,0.146103,-24.790006
1784102010412,96.580000,-16.363375,-10.456506,-0.050628,-25.652843
1784102010432,96.600000,5.496418,-10.107233,-0.288544,-24.972924
1784102010452,96.620000,-15.019376,-10.132542,-0.573305,-24.933394
1784102010472,96.640000,-9.839957,-10.272741,-0.780758,-23.908067
1784102010492,96.660000,-9.206126,-10.150163,-0.969064,-18.874185
1784102010512,96.680000,8.135295,-9.416425,0.000000,-9.271162
1784102010532,96.700000,6.869453,-7.825177,0.000000,3.304866
1784102010552,96.720000,27.306824,-5.211629,0.356677,17.461874
1784102010572,96.740000,36.028710,-1.473773,0.280512,32.226039
1784102010592,96.760000,48.063538,3.391436,0.199392,45.516357
1784102010612,96.780000,53.700607,9.231212,0.210952,53.582342
1784102010632,96.800000,55.728405,15.695366,0.279727,52.871080
1784102010652,96.820000,36.798990,22.210798,0.402584,43.208877
1784102010672,96.840000,29.223347,27.980783,0.432941,28.969546
1784102010692,96.860000,4.266362,32.048153,0.426758,16.214796
1784102010712,96.880000,2.742644,33.463406,0.375961,8.028407
1784102010732,96.900000,-7.316520,31.556715,0.336604,2.711287
1784102010752,96.920000,-11.621489,26.219069,0.300313,-3.092467
1784102010772,96.940000,-21.421438,18.029894,0.385603,-9.939611
1784102010792,96.960000,-31.957070,8.129420,0.366804,-15.289037
1784102010812,96.980000,-31.353160,-2.108381,0.295112,-17.562835
1784102010832,97.000000,-30.477982,-11.415708,0.146103,-18.827771
1784102010852,97.020000,-39.639187,-18.831099,-0.050628,-22.289444
1784102010872,97.040000,-40.428196,-23.765495,-0.288544,-27.967516
1784102010892,97.060000,-50.191414,-26.017687,-0.573305,-32.104357
1784102010912,97.080000,-46.126312,-25.763205,-0.780758,-31.160238
1784102010932,97.100000,-45.876713,-23.468840,-0.969064,-25.986813
1784102010952,97.120000,-24.851978,-19.711409,-0.961890,-20.933026
1784102010972,97.140000,-38.052605,-14.976967,-0.798125,-18.405467
1784102010992,97.160000,-28.284067,-9.573062,-0.646248,-16.148556
1784102011012,97.180000,-25.327421,-3.705442,-0.438952,-11.099408
1784102011032,97.200000,-8.393466,2.393555,-0.280025,-3.949406
1784102011052,97.220000,-10.431180,8.433697,-0.162227,1.714341
1784102011072,97.240000,-0.399998,14.131204,-0.046801,3.454603
1784102011092,97.260000,-4.966284,19.246880,0.049198,2.034242
1784102011112,97.280000,0.969889,23.549088,0.156825,0.281863
1784102011132,97.300000,-5.094270,26.773146,0.269895,0.573747
1784102011152,97.320000,10.429441,28.649017,0.351890,3.093779
1784102011172,97.340000,7.230771,28.997610,0.372716,6.344912
1784102011192,97.360000,18.093185,27.834030,0.356677,9.169816
1784102011212,97.380000,18.253143,25.400305,0.280512,11.949498
1784102011232,97.400000,32.870180,22.101723,0.199392,15.949535
1784102011252,97.420000,26.158703,18.391294,0.210952,21.480272
1784102011272,97.440000,50.927467,14.667438,0.279727,26.460696
1784102011292,97.460000,40.947870,11.219787,0.402584,27.442071
1784102011312,97.480000,48.043140,8.207887,0.432941,22.660821
1784102011332,97.500000,29.704266,5.633186,0.426758,13.574727
1784102011352,97.520000,34.384290,3.300708,0.375961,3.347317
1784102011372,97.540000,16.437940,0.831016,0.336604,-5.425914
1784102011392,97.560000,18.736160,-2.221399,0.300313,-11.786480
1784102011412,97.580000,10.697403,-6.179825,0.356677,-16.166429
1784102011432,97.600000,16.621120,-11.083679,0.280512,-18.925905
1784102011452,97.620000,11.175945,-16.625223,0.199392,-18.836036
1784102011472,97.640000,17.414050,-22.207705,0.210952,-14.005606
1784102011492,97.660000,28.552675,-27.095514,0.279727,-4.946453
1784102011512,97.680000,43.375927,-30.576080,0.402584,4.455850
1784102011532,97.700000,39.900345,-32.076980,0.432941,9.896690
1784102011552,97.720000,47.473747,-31.266878,0.426758,10.032843
1784102011572,97.740000,42.612120,-28.170912,0.375961,7.153162
1784102011592,97.760000,40.175500,-23.242850,0.336604,5.342778
1784102011612,97.780000,37.993590,-17.304335,0.300313,7.187742
1784102011632,97.800000,48.574806,-11.335036,0.385603,11.178026
1784102011652,97.820000,43.545227,-6.192125,0.366804,12.993092
1784102011672,97.840000,48.014473,-2.385328,0.295112,10.147407
1784102011692,97.860000,28.715584,-0.023176,0.146103,4.760603
1784102011712,97.880000,34.312134,1.050820,-0.050628,1.080496
1784102011732,97.900000,28.736244,1.064391,-0.288544,0.852682
1784102011752,97.920000,25.413939,0.225197,-0.573305,1.798131
1784102011772,97.940000,32.419113,-1.245724,-0.780758,0.410341
1784102011792,97.960000,15.324076,-3.057810,-0.969064,-4.249787
1784102011812,97.980000,9.066144,-4.879515,-0.961890,-10.079614
1784102011832,98.000000,7.407298,-6.447943,-0.798125,-15.039226
1784102011852,98.020000,-4.604447,-7.653699,-0.646248,-19.072712
1784102011872,98.040000,-0.756874,-8.521529,-0.438952,-22.147279
1784102011892,98.060000,-14.551094,-9.110200,-0.280025,-22.059265
1784102011912,98.080000,-4.381029,-9.424453,-0.162227,-16.158697
1784102011932,98.100000,1.874470,-9.378822,-0.046801,-5.121008
1784102011952,98.120000,15.563011,-8.779304,0.049198,6.684099
1784102011972,98.140000,19.291400,-7.326214,0.156825,15.212001
1784102011992,98.160000,19.376453,-4.697113,0.269895,19.897809
1784102012012,98.180000,18.762981,-0.728404,0.351890,21.966409
1784102012032,98.200000,17.894516,4.401993,0.372716,20.941926
1784102012052,98.220000,11.232470,10.131198,0.356677,14.910188
1784102012072,98.240000,-5.144521,15.636924,0.280512,4.239766
1784102012092,98.260000,-19.995140,20.033379,0.199392,-7.094685
1784102012112,98.280000,-32.378040,22.540895,0.210952,-15.073939
1784102012132,98.300000,-31.182281,22.631319,0.279727,-19.081015
1784102012152,98.320000,-38.325520,20.182700,0.402584,-20.339223
1784102012172,98.340000,-41.544884,15.586867,0.432941,-18.548421
1784102012192,98.360000,-40.793964,9.698998,0.426758,-12.997564
1784102012212,98.380000,-33.524610,3.618124,0.375961,-6.631034
1784102012232,98.400000,-31.478157,-1.582294,0.336604,-5.235364
1784102012252,98.420000,-37.043358,-5.065832,0.300313,-10.484243
1784102012272,98.440000,-60.590030,-6.392473,0.385603,-16.267103
1784102012292,98.460000,-50.788784,-5.642272,0.366804,-14.984019
1784102012312,98.480000,-44.638680,-3.393979,0.295112,-6.116628
1784102012332,98.500000,-34.759834,-0.452649,0.146103,4.451258
1784102012352,98.520000,-31.758800,2.547803,-0.050628,12.538339
1784102012372,98.540000,-30.640505,5.372474,-0.288544,19.564677
1784102012392,98.560000,-25.777014,8.095252,0.356677,27.923832
1784102012412,98.580000,-8.145749,10.849608,0.280512,35.708098
1784102012432,98.600000,-18.796741,13.664098,0.199392,38.355507
1784102012452,98.620000,-23.310696,16.426481,0.210952,33.823226
1784102012472,98.640000,-34.446434,18.871534,0.279727,23.888326
1784102012492,98.660000,-51.796387,20.555830,0.402584,11.620223
1784102012512,98.680000,-56.204680,20.900318,0.432941,-0.042971
1784102012532,98.700000,-76.148994,19.359160,0.426758,-7.713025
1784102012552,98.720000,-73.888990,15.643336,0.375961,-8.412492
1784102012572,98.740000,-71.748030,9.888982,0.336604,-2.694540
1784102012592,98.760000,-62.684080,2.719560,0.300313,4.267184
1784102012612,98.780000,-61.863476,-4.823789,0.385603,6.530091
1784102012632,98.800000,-67.857440,-11.509552,0.366804,2.523378
1784102012652,98.820000,-80.139410,-16.278840,0.295112,-4.262886
1784102012672,98.840000,-76.342735,-18.600130,0.146103,-9.204128
1784102012692,98.860000,-82.506510,-18.604221,-0.050628,-10.077099
1784102012712,98.880000,-79.638855,-16.916456,-0.288544,-7.601394
1784102012732,98.900000,-77.271970,-14.315066,-0.573305,-4.712425
1784102012752,98.920000,-75.089730,-11.429764,-0.780758,-5.194360
1784102012772,98.940000,-74.876640,-8.609917,-0.969064,-10.719329
1784102012792,98.960000,-93.119780,-5.969156,-0.961890,-18.581546
1784102012812,98.980000,-88.326860,-3.543385,-0.798125,-23.759836
1784102012832,99.000000,-87.784460,-1.433881,-0.646248,-23.423111
1784102012852,99.020000,-79.490000,0.197107,-0.438952,-18.501834
1784102012872,99.040000,-73.461540,1.272202,-0.280025,-11.626441
1784102012892,99.060000,-60.759506,1.934904,-0.162227,-5.052131
1784102012912,99.080000,-57.019500,2.540022,-0.046801,-0.242153
1784102012932,99.100000,-45.878580,3.505150,0.049198,2.014950
1784102012952,99.120000,-49.703476,5.122886,0.156825,1.751704
1784102012972,99.140000,-40.721645,7.422502,0.269895,-0.256640
1784102012992,99.160000,-47.872276,10.132953,0.351890,-3.292267
1784102013012,99.180000,-43.245583,12.755852,0.372716,-7.673866
1784102013032,99.200000,-49.447117,14.711179,0.356677,-14.428755
1784102013052,99.220000,-49.488388,15.495851,0.280512,-22.818471
1784102013072,99.240000,-50.436330,14.804028,0.199392,-27.997064
1784102013092,99.260000,-48.568146,12.589870,0.210952,-23.603926
1784102013112,99.280000,-41.297390,9.077339,0.279727,-9.444648
1784102013132,99.300000,14.336269,4.757444,0.402584,5.555907
1784102013152,99.320000,-7.021498,0.396652,0.432941,12.491005
1784102013172,99.340000,6.637148,-3.062067,0.426758,12.692124
1784102013192,99.360000,2.763732,-4.825504,0.375961,14.038396
1784102013212,99.380000,22.066720,-4.646492,0.336604,19.388887
1784102013232,99.400000,35.205643,-2.937866,0.300313,24.269540
1784102013252,99.420000,22.802246,-0.491998,0.385603,24.896142
1784102013272,99.440000,26.961155,1.888501,0.366804,22.930081
1784102013292,99.460000,36.466010,3.562003,0.295112,21.864615
1784102013312,99.480000,33.409480,4.075489,0.356677,23.151867
1784102013332,99.500000,39.003986,3.202816,0.280512,26.629372
1784102013352,99.520000,43.930817,0.995983,0.199392,31.321061
1784102013372,99.540000,51.723137,-2.232740,0.210952,34.757366
1784102013392,99.560000,46.694090,-6.007197,0.279727,33.361798
1784102013412,99.580000,43.957040,-9.821932,0.402584,24.757338
1784102013432,99.600000,22.608147,-13.301404,0.432941,9.923910
1784102013452,99.620000,13.483972,-16.345250,0.426758,-6.832801
1784102013472,99.640000,-8.730158,-19.170063,0.375961,-20.475740
1784102013492,99.660000,-14.830480,-22.191763,0.336604,-28.767515
1784102013512,99.680000,-16.937698,-25.782013,0.300313,-33.343897
1784102013532,99.700000,-20.095842,-30.004868,0.385603,-36.487295
1784102013552,99.720000,-30.519651,-34.477997,0.366804,-37.464592
1784102013572,99.740000,-23.422216,-38.453686,0.295112,-33.712167
1784102013592,99.760000,-13.788832,-41.061800,0.146103,-24.974692
1784102013612,99.780000,-7.691794,-41.546642,-0.050628,-14.208763
1784102013632,99.800000,1.479537,-39.397430,-0.288544,-4.463861
1784102013652,99.820000,9.823177,-34.411095,-0.573305,3.807462
1784102013672,99.840000,10.909154,-26.745508,-0.780758,12.047968
1784102013692,99.860000,22.541296,-16.939684,-0.969064,20.516069
1784102013712,99.880000,24.110191,-5.845865,-0.961890,26.416652
1784102013732,99.900000,25.162170,5.521568,-0.798125,25.954296
1784102013752,99.920000,14.721052,16.151306,-0.646248,18.596128
1784102013772,99.940000,2.693496,25.141281,-0.438952,8.637163
1784102013792,99.960000,-12.343430,31.735046,-0.280025,1.771001
1784102013812,99.980000,2.383448,35.368160,-0.162227,0.560068
1784102013832,100.000000,-12.374996,35.802067,-0.046801,3.862113
1784102013852,100.020000,0.569848,33.284603,0.049198,9.079679
1784102013872,100.040000,-0.384985,28.583473,0.156825,13.243272
1784102013892,100.060000,4.929813,22.817526,0.269895,13.187805
1784102013912,100.080000,-10.743651,17.150274,0.351890,6.618890
1784102013932,100.100000,-18.228016,12.465829,0.372716,-6.597485
1784102013952,100.120000,-33.369507,9.132701,0.356677,-23.631069
1784102013972,100.140000,-54.955475,6.946947,0.280512,-38.868140
1784102013992,100.160000,-61.790504,5.288293,0.199392,-46.591485
1784102014012,100.180000,-53.194680,3.435323,0.210952,-44.940845
1784102014032,100.200000,-53.500970,0.932691,0.279727,-36.803947
1784102014052,100.220000,-32.548843,-2.134076,0.402584,-26.581578
1784102014072,100.240000,-31.648350,-5.101018,0.432941,-16.584246
1784102014092,100.260000,-12.280827,-6.971418,0.426758,-6.621245
1784102014112,100.280000,-13.338238,-6.821718,0.375961,3.310921
1784102014132,100.300000,11.481220,-4.156713,0.336604,10.872709
1784102014152,100.320000,0.949105,0.930813,0.300313,13.026114
1784102014172,100.340000,10.318718,7.802386,0.385603,9.608591
1784102014192,100.360000,-8.314087,15.427112,0.366804,3.858063
1784102014212,100.380000,-1.820378,22.570076,0.295112,-0.821167
1784102014232,100.400000,-1.958420,28.021042,0.146103,-2.957875
1784102014252,100.420000,-1.987107,30.872978,-0.050628,-1.407149
1784102014272,100.440000,0.534801,30.758820,-0.288544,5.685135
1784102014292,100.460000,21.541182,27.927572,-0.573305,18.164680
1784102014312,100.480000,34.045357,23.150507,-0.780758,31.726870
1784102014332,100.500000,43.390007,17.525442,-0.969064,40.554170
1784102014352,100.520000,43.998150,12.209877,0.000000,41.676578
1784102014372,100.540000,41.437350,8.093431,0.000000,36.063823
1784102014392,100.560000,24.562489,5.504297,0.000000,26.113863
1784102014412,100.580000,23.951801,4.104221,0.000000,13.074917
1784102014432,100.600000,-5.287894,3.041735,0.000000,-2.510847
1784102014452,100.620000,-4.539084,1.284730,0.000000,-18.109737
1784102014472,100.640000,-31.850155,-2.016965,0.000000,-28.328863
1784102014492,100.660000,-23.329200,-7.262729,0.000000,-28.510675
1784102014512,100.680000,-19.457695,-14.267091,0.356677,-19.559619
1784102014532,100.700000,2.792096,-22.238663,0.280512,-7.674346
1784102014552,100.720000,-2.338570,-29.887232,0.199392,1.333045
1784102014572,100.740000,7.125522,-35.719500,0.210952,6.158377
1784102014592,100.760000,9.890108,-38.492725,0.279727,8.829627
1784102014612,100.780000,13.348711,-37.624496,0.402584,11.907686
1784102014632,100.800000,14.525930,-33.337420,0.432941,16.921847
1784102014652,100.820000,16.124693,-26.504755,0.426758,22.775039
1784102014672,100.840000,22.887873,-18.334167,0.375961,25.077713
1784102014692,100.860000,23.318573,-10.037518,0.336604,19.863596
1784102014712,100.880000,-1.773406,-2.596185,0.300313,8.909404
1784102014732,100.900000,-11.471148,3.294706,0.385603,-1.543784
1784102014752,100.920000,-16.158113,7.145050,0.366804,-8.125466
1784102014772,100.940000,-8.328753,8.637948,0.295112,-12.755982
1784102014792,100.960000,-35.561573,7.748291,0.146103,-17.005450
1784102014812,100.980000,-23.222435,4.863267,-0.050628,-18.699683
1784102014832,101.000000,-32.406200,0.722562,-0.288544,-16.292887
1784102014852,101.020000,-15.431582,-3.777229,-0.573305,-13.048405
1784102014872,101.040000,-24.868500,-7.753027,-0.780758,-13.970517
1784102014892,101.060000,-30.631561,-10.457173,-0.969064,-20.007904
1784102014912,101.080000,-40.676678,-11.431985,-0.961890,-27.337858
1784102014932,101.100000,-36.516117,-10.656136,-0.798125,-31.475208
1784102014952,101.120000,-42.928783,-8.533896,-0.646248,-30.392149
1784102014972,101.140000,-33.671738,-5.683184,-0.438952,-24.502616
1784102014992,101.160000,-23.818373,-2.646056,-0.280025,-15.367734
1784102015012,101.180000,-8.789729,0.318154,-0.162227,-4.562063
1784102015032,101.200000,-12.696506,3.272741,-0.046801,6.216062
1784102015052,101.220000,16.108553,6.478689,0.049198,14.069735
1784102015072,101.240000,5.107921,10.185280,0.156825,15.919879
1784102015092,101.260000,9.259702,14.440526,0.269895,11.738838
1784102015112,101.280000,-8.117857,18.976570,0.351890,5.026445
1784102015132,101.300000,-0.542820,23.192682,0.372716,-0.915392
1784102015152,101.320000,-18.501175,26.274286,0.356677,-5.527783
1784102015172,101.340000,2.739323,27.456629,0.395382,-8.727580
1784102015192,101.360000,-29.748844,26.318426,0.345952,-8.073666
1784102015212,101.380000,1.992402,22.931726,0.256686,-1.108222
1784102015232,101.400000,2.816277,17.829111,0.215960,10.111687
1784102015252,101.420000,20.054482,11.880768,0.283783,19.959094
1784102015272,101.440000,18.020824,6.129283,0.443825,24.829249
1784102015292,101.460000,18.434254,1.547427,0.531178,25.509872
1784102015312,101.480000,15.965208,-1.263845,0.496893,24.267800
1784102015332,101.500000,24.394405,-2.273640,0.467242,22.339032
1784102015352,101.520000,7.842754,-1.969489,0.398840,20.841112
1784102015372,101.540000,11.849504,-1.115657,0.353635,21.045616
1784102015392,101.560000,11.979450,-0.481284,0.316585,21.984665
1784102015412,101.580000,14.470549,-0.628318,0.285650,20.159479
1784102015432,101.600000,-4.169362,-1.791032,0.306214,13.480878
1784102015452,101.620000,-3.353911,-3.889825,0.261852,4.265309
1784102015472,101.640000,-24.370962,-6.679741,0.100150,-2.878991
1784102015492,101.660000,-19.894484,-9.919342,-0.065852,-5.902319
1784102015512,101.680000,-29.436660,-13.423400,-0.298776,-7.306977
1784102015532,101.700000,-19.515629,-16.987505,-0.572000,-10.504913
1784102015552,101.720000,-47.175170,-20.302176,-0.802303,-14.871923
1784102015572,101.740000,-35.544518,-22.978292,-0.977178,-16.551808
1784102015592,101.760000,-44.278854,-24.674530,-0.963778,-14.008586
1784102015612,101.780000,-27.065935,-25.190292,-0.803530,-9.927818
1784102015632,101.800000,-39.481346,-24.438147,-0.655003,-6.923982
1784102015652,101.820000,-30.537418,-22.378647,-0.452970,-4.149831
1784102015672,101.840000,-37.766006,-19.037987,-0.305523,0.188497
1784102015692,101.860000,-13.143900,-14.576060,-0.227063,4.990397
1784102015712,101.880000,-35.517975,-9.290055,-0.136298,6.974602
1784102015732,101.900000,-20.790953,-3.553872,-0.037073,4.264384
1784102015752,101.920000,-36.029846,2.220533,0.040136,-1.839064
1784102015772,101.940000,-41.940610,7.576949,0.160864,-8.010822
1784102015792,101.960000,-43.179220,12.024910,0.260993,-11.527833
1784102015812,101.980000,-40.834114,15.125916,0.364202,-12.174833
1784102015832,102.000000,-50.387943,16.630863,0.395382,-11.989692
1784102015852,102.020000,-35.943993,16.584158,0.345952,-13.371064
1784102015872,102.040000,-49.933970,15.325765,0.530775,-16.715263
1784102015892,102.060000,-45.260574,13.375083,0.519282,-19.476003
1784102015912,102.080000,-49.548690,11.255788,0.495208,-18.456777
1784102015932,102.100000,-32.574745,9.362160,0.522444,-13.270636
1784102015952,102.120000,-34.370422,7.936758,0.613959,-6.822244
1784102015972,102.140000,-18.473000,7.138569,0.670409,-2.471875
1784102015992,102.160000,-23.258947,7.095511,0.574253,-1.208819
1784102016012,102.180000,-14.792576,7.867031,0.388965,-1.486802
1784102016032,102.200000,-21.038464,9.355717,0.266857,-1.430511
1784102016052,102.220000,-3.699171,11.266666,0.230816,-0.659464
1784102016072,102.240000,-15.589227,13.172038,0.215846,0.291906
1784102016092,102.260000,1.554076,14.645452,0.214108,1.533700
1784102016112,102.280000,-5.418434,15.382068,0.236823,4.017112
1784102016132,102.300000,14.069565,15.254781,0.196209,8.515322
1784102016152,102.320000,10.378014,14.316993,0.045850,14.728757
1784102016172,102.340000,30.954540,12.774484,-0.065856,20.951106
1784102016192,102.360000,24.411713,10.925107,-0.211036,24.409078
1784102016212,102.380000,36.961290,9.064486,-0.384328,22.780594
1784102016232,102.400000,27.472480,7.380145,-0.755829,16.598398
1784102016252,102.420000,23.242165,5.869826,-0.971951,9.876766
1784102016272,102.440000,14.038740,4.316054,-0.988833,6.540847
1784102016292,102.460000,30.712040,2.355007,-0.869896,6.001049
1784102016312,102.480000,17.734915,-0.345889,-0.818255,4.126797
1784102016332,102.500000,23.601720,-3.887231,-0.703381,-1.312887
1784102016352,102.520000,1.732908,-8.069586,-0.477574,-8.274185
1784102016372,102.540000,14.523573,-12.516925,-0.293590,-13.650368
1784102016392,102.560000,-1.640620,-16.860514,-0.177408,-16.539361
1784102016412,102.580000,13.865886,-20.817297,-0.121887,-17.426878
1784102016432,102.600000,-8.843040,-24.155996,-0.039241,-16.191697
1784102016452,102.620000,20.031403,-26.655357,0.077728,-12.647999
1784102016472,102.640000,2.126142,-28.104357,0.208980,-7.974618
1784102016492,102.660000,25.138428,-28.322195,0.359900,-4.091047
1784102016512,102.680000,5.077182,-27.190607,0.503742,-1.898636
1784102016532,102.700000,26.034245,-24.712610,0.530775,-0.451794
1784102016552,102.720000,14.010893,-21.067537,0.519282,2.690715
1784102016572,102.740000,21.502281,-16.603620,0.495208,9.663733
1784102016592,102.760000,29.110897,-11.759094,0.522444,19.518063
1784102016612,102.780000,45.501907,-6.940601,0.613959,27.968459
1784102016632,102.800000,29.817871,-2.412288,0.670409,30.973005
1784102016652,102.820000,35.883010,1.716858,0.574253,27.559136
1784102016672,102.840000,16.519176,5.371386,0.388965,19.212986
1784102016692,102.860000,19.452278,8.353656,0.266857,8.794954
1784102016712,102.880000,-17.890670,10.302283,0.230816,-0.036114
1784102016732,102.900000,-1.793100,10.794478,0.530775,-4.948301
1784102016752,102.920000,-19.794468,9.527444,0.519282,-6.651922
1784102016772,102.940000,-11.743353,6.511189,0.495208,-6.982071
1784102016792,102.960000,-30.713434,2.175990,0.522444,-6.173528
1784102016812,102.980000,-9.134011,-2.696958,0.613959,-3.351344
1784102016832,103.000000,-27.613813,-7.191902,0.670409,1.317162
1784102016852,103.020000,-5.876500,-10.487723,0.574253,5.823701
1784102016872,103.040000,-26.830620,-12.012604,0.388965,6.967924
1784102016892,103.060000,-17.293705,-11.537004,0.266857,2.045821
1784102016912,103.080000,-33.807198,-9.218082,0.230816,-8.211201
1784102016932,103.100000,-46.471035,-5.573093,0.215846,-18.032582
1784102016952,103.120000,-60.798515,-1.380061,0.214108,-20.560100
1784102016972,103.140000,-34.835490,2.502538,0.236823,-14.571118
1784102016992,103.160000,-40.265140,5.413658,0.196209,-5.137884
1784102017012,103.180000,-26.274450,7.170476,0.045850,2.483915
1784102017032,103.200000,-32.956917,8.142731,-0.065856,6.848572
1784102017052,103.220000,-15.699980,9.017076,-0.211036,8.467847
1784102017072,103.240000,-31.937600,10.411771,-0.384328,7.305268
1784102017092,103.260000,-17.520988,12.596321,-0.755829,3.312460
1784102017112,103.280000,-42.936527,15.415993,-0.971951,-2.221926
1784102017132,103.300000,-26.753223,18.373611,-0.988833,-7.297871
1784102017152,103.320000,-43.309723,20.810898,-0.869896,-11.146688
1784102017172,103.340000,-39.607850,22.133379,-0.818255,-15.417873
1784102017192,103.360000,-49.305458,21.990099,-0.703381,-23.327127
1784102017212,103.380000,-48.102623,20.339990,-0.477574,-36.259510
1784102017232,103.400000,-78.738950,17.394148,-0.293590,-50.362135
1784102017252,103.420000,-67.986300,13.478648,-0.177408,-58.065697
1784102017272,103.440000,-76.832790,8.918307,-0.121887,-54.157314
1784102017292,103.460000,-37.483360,4.050895,-0.039241,-39.619919
1784102017312,103.480000,-41.813038,-0.625069,0.077728,-19.789644
1784102017332,103.500000,2.717006,-4.339883,0.208980,-0.307910
1784102017352,103.520000,8.169771,-6.156300,0.359900,15.656465
1784102017372,103.540000,31.445417,-5.272897,0.503742,28.170080
1784102017392,103.560000,30.271488,-1.367824,0.530775,38.593366
1784102017412,103.580000,59.794533,5.191540,0.519282,46.469950
1784102017432,103.600000,48.777374,13.380940,0.451251,49.482163
1784102017452,103.620000,58.924004,21.773752,0.437002,46.607504
1784102017472,103.640000,41.520596,28.872640,0.428710,39.895147
1784102017492,103.660000,53.165980,33.378902,0.481352,32.935835
1784102017512,103.680000,26.298273,34.377880,0.579298,28.140245
1784102017532,103.700000,49.049244,31.471886,0.681067,25.156393
1784102017552,103.720000,25.603302,24.852118,0.653813,21.807005
1784102017572,103.740000,38.299206,15.265777,0.505187,16.827212
1784102017592,103.760000,13.161921,3.851327,0.335274,11.327625
1784102017612,103.780000,32.228992,-8.122125,0.257664,7.633229
1784102017632,103.800000,8.182843,-19.507277,0.283017,7.301318
1784102017652,103.820000,29.560070,-29.422318,0.319882,9.837289
1784102017672,103.840000,14.528177,-37.273304,0.313386,12.605875
1784102017692,103.860000,30.970243,-42.716236,0.271548,12.499877
1784102017712,103.880000,7.864181,-45.625140,0.193721,8.278641
1784102017732,103.900000,11.379782,-46.103443,0.044667,0.872457
1784102017752,103.920000,-10.635309,-44.522400,-0.104533,-8.520779
1784102017772,103.940000,-8.490339,-41.510624,-0.228659,-19.375051
1784102017792,103.960000,-37.780964,-37.838863,-0.377835,-30.558455
1784102017812,103.980000,-36.216408,-34.240650,-0.726704,-39.758061
1784102017832,104.000000,-58.636460,-31.254465,-0.974414,-45.329796
1784102017852,104.020000,-42.523758,-29.122984,-0.987544,-47.655946
1784102017872,104.040000,-66.538440,-27.742334,-0.906951,-47.507449
1784102017892,104.060000,-45.931450,-26.683530,-0.801560,-43.859589
1784102017912,104.080000,-57.370970,-25.312368,-0.680366,-34.544747
1784102017932,104.100000,-24.142662,-22.962450,-0.514899,-19.090302
1784102017952,104.120000,-31.615517,-19.076320,-0.363220,-0.746987
1784102017972,104.140000,6.847213,-13.285888,-0.242113,14.432410
1784102017992,104.160000,-8.866758,-5.472191,-0.178205,21.671645
1784102018012,104.180000,6.932363,4.154456,-0.127747,21.627287
1784102018032,104.200000,-17.066574,14.968001,-0.043833,19.912039
1784102018052,104.220000,2.676815,25.917448,0.069146,21.776208
1784102018072,104.240000,-9.742670,35.697360,0.195066,27.664796
1784102018092,104.260000,16.129526,43.102710,0.327143,34.107918
1784102018112,104.280000,-9.260394,47.399914,0.435433,37.485068
1784102018132,104.300000,13.136747,48.486510,0.451251,35.715804
1784102018152,104.320000,-14.788454,46.768177,0.437002,27.711233
1784102018172,104.340000,-16.118279,42.873676,0.428710,13.473147
1784102018192,104.360000,-48.898132,37.375820,0.481352,-4.886648
1784102018212,104.380000,-49.447250,30.631140,0.579298,-22.919302
1784102018232,104.400000,-88.254870,22.781382,0.681067,-35.505444
1784102018252,104.420000,-66.912025,13.901868,0.653813,-39.984508
1784102018272,104.440000,-87.570710,4.228324,0.505187,-37.916862
1784102018292,104.460000,-63.394264,-5.655046,0.335274,-33.210299
1784102018312,104.480000,-77.318405,-14.786014,0.257664,-28.740883
1784102018332,104.500000,-62.088500,-22.012665,0.283017,-25.061430
1784102018352,104.520000,-65.981840,-26.333097,0.319882,-21.177016
1784102018372,104.540000,-46.458748,-27.199875,0.313386,-15.069015
1784102018392,104.560000,-58.294120,-24.640257,0.451251,-4.441120
1784102018412,104.580000,-22.676100,-19.183233,0.437002,10.531741
1784102018432,104.600000,-21.675102,-11.659945,0.428710,25.362323
1784102018452,104.620000,2.142910,-2.965268,0.481352,34.481696
1784102018472,104.640000,-10.686975,6.109563,0.579298,36.553604
1784102018492,104.660000,-2.700458,14.883893,0.681067,34.923264
1784102018512,104.680000,-15.613712,22.672525,0.653813,32.749281
1784102018532,104.700000,5.014226,28.726934,0.505187,29.630120
1784102018552,104.720000,-32.420790,32.346844,0.335274,23.474793
1784102018572,104.740000,-12.511939,33.067833,0.257664,13.640365
1784102018592,104.760000,-47.664837,30.769333,0.283017,1.574561
1784102018612,104.780000,-38.313843,25.662039,0.319882,-9.989706
1784102018632,104.800000,-64.641396,18.220184,0.313386,-18.150527
1784102018652,104.820000,-52.686790,9.118926,0.271548,-21.449198
1784102018672,104.840000,-62.850914,-0.814640,0.193721,-20.658162
1784102018692,104.860000,-42.454933,-10.638617,0.044667,-17.263517
1784102018712,104.880000,-59.041280,-19.351887,-0.104533,-11.502401
1784102018732,104.900000,-25.159615,-26.015022,-0.228659,-3.074212
1784102018752,104.920000,-39.360710,-29.915277,-0.377835,6.420932
1784102018772,104.940000,-6.519875,-30.698700,-0.726704,13.310205
1784102018792,104.960000,-23.013647,-28.418245,-0.974414,14.997084
1784102018812,104.980000,-11.291132,-23.520063,-0.987544,12.696282
1784102018832,105.000000,-26.000492,-16.807049,-0.906951,9.948418
1784102018852,105.020000,-11.090123,-9.350612,-0.801560,8.480225
1784102018872,105.040000,-27.167984,-2.303611,-0.680366,6.605038
1784102018892,105.060000,-8.323009,3.355757,-0.514899,2.035743
1784102018912,105.080000,-41.967186,7.029822,-0.363220,-4.723981
1784102018932,105.100000,-18.132706,8.546207,-0.242113,-10.831135
1784102018952,105.120000,-46.779488,8.063066,-0.178205,-14.481417
1784102018972,105.140000,-18.581423,5.949946,-0.127747,-16.530236
1784102018992,105.160000,-46.899727,2.717268,-0.043833,-18.603013
1784102019012,105.180000,-18.581457,-1.030502,0.069146,-20.643326
1784102019032,105.200000,-48.122673,-4.674861,0.451251,-21.197684
1784102019052,105.220000,-15.183229,-7.691490,0.437002,-20.008935
1784102019072,105.240000,-37.336390,-9.727329,0.428710,-19.195896
1784102019092,105.260000,-13.104804,-10.612924,0.481352,-20.827624
1784102019112,105.280000,-36.542236,-10.340001,0.579298,-23.602412
1784102019132,105.300000,-13.414055,-9.047276,0.681067,-23.086235
1784102019152,105.320000,-28.386501,-7.005334,0.653813,-16.073898
1784102019172,105.340000,11.133207,-4.547005,0.505187,-4.409129
1784102019192,105.360000,4.037611,-1.929064,0.335274,6.673656
1784102019212,105.380000,31.847301,0.788559,0.257664,14.017418
1784102019232,105.400000,10.322939,3.720799,0.283017,18.700075
1784102019252,105.420000,46.156060,6.975461,0.319882,22.581401
1784102019272,105.440000,25.655296,10.460874,0.313386,25.324297
1784102019292,105.460000,51.084440,13.845040,0.271548,26.230948
1784102019312,105.480000,27.410755,16.664390,0.193721,26.773820
1784102019332,105.500000,49.778633,18.461693,0.044667,28.830752
1784102019352,105.520000,37.655277,18.885864,-0.104533,31.092890
1784102019372,105.540000,55.370964,17.774080,-0.228659,29.595048
1784102019392,105.560000,27.607940,15.202721,-0.377835,22.404866
1784102019412,105.580000,37.712307,11.440926,-0.726704,12.206308
1784102019432,105.600000,1.477108,6.803572,-0.974414,3.238814
1784102019452,105.620000,30.037716,1.517531,-0.987544,-3.102679
1784102019472,105.640000,-8.313761,-4.271896,-0.906951,-8.066459
1784102019492,105.660000,16.945759,-10.374764,-0.801560,-11.822506
1784102019512,105.680000,-13.736110,-16.451702,-0.680366,-12.286806
1784102019532,105.700000,14.330579,-22.022650,-0.514899,-8.136495
1784102019552,105.720000,4.313029,-26.549856,-0.363220,-1.124634
1784102019572,105.740000,30.420965,-29.508090,-0.242113,5.822693
1784102019592,105.760000,2.574380,-30.448275,-0.178205,11.269646
1784102019612,105.780000,41.802170,-29.109818,-0.127747,14.729208
1784102019632,105.800000,14.310480,-25.543135,-0.043833,15.524695
1784102019652,105.820000,32.757183,-20.148598,0.069146,13.749871
1784102019672,105.840000,4.008853,-13.612061,0.195066,10.427813
1784102019692,105.860000,29.603916,-6.786791,0.327143,5.616416
1784102019712,105.880000,-9.831354,-0.547509,0.435433,-2.126929
1784102019732,105.900000,5.531378,4.369488,0.451251,-13.739182
1784102019752,105.920000,-30.028095,7.480944,0.437002,-27.586634
1784102019772,105.940000,-22.737223,8.582971,0.428710,-39.495297
1784102019792,105.960000,-51.727960,7.724773,0.481352,-45.540014
1784102019812,105.980000,-28.086498,5.191588,0.579298,-45.623614
1784102019832,106.000000,-44.762333,1.515387,0.681067,-43.415500
1784102019852,106.020000,-19.157087,-2.523769,0.443520,-41.767496
1784102019872,106.040000,-50.323135,-5.985952,0.427593,-39.396396
1784102019892,106.060000,-9.108121,-7.989274,0.447584,-33.272938
1784102019912,106.080000,-23.172361,-7.947850,0.529522,-22.674774
1784102019932,106.100000,12.875432,-5.666839,0.618829,-9.393173
1784102019952,106.120000,1.975864,-1.276109,0.652581,4.497639
1784102019972,106.140000,47.399216,4.881741,0.519278,17.690683
1784102019992,106.160000,27.236391,12.321782,0.381404,29.438804
1784102020012,106.180000,67.990590,20.449072,0.276111,39.110369
1784102020032,106.200000,52.442215,28.584726,0.264703,45.977344
1784102020052,106.220000,77.131060,36.002792,0.304990,49.614314
1784102020072,106.240000,59.504566,41.985310,0.323358,50.225031
1784102020092,106.260000,80.262160,45.893326,0.291463,48.097188
1784102020112,106.280000,51.061592,47.236908,0.239234,42.768737
1784102020132,106.300000,68.860370,45.730076,0.119795,33.116453
1784102020152,106.320000,34.151290,41.322735,-0.015746,19.024461
1784102020172,106.340000,39.811980,34.197945,-0.063865,3.083706
1784102020192,106.360000,0.684112,24.732887,-0.230735,-10.801547
1784102020212,106.380000,18.686317,13.448100,-0.507078,-21.266574
1784102020232,106.400000,-12.115883,0.990002,-0.821559,-30.268670
1784102020252,106.420000,7.037705,-11.842739,-0.981780,-38.580469
1784102020272,106.440000,-27.136898,-24.100320,-0.976786,-42.260543
1784102020292,106.460000,1.561789,-34.786770,-0.896116,-36.563493
1784102020312,106.480000,-0.615359,-43.019947,-0.826679,-23.013643
1784102020332,106.500000,40.397015,-48.113434,-0.647990,-9.355912
1784102020352,106.520000,14.825568,-49.569150,-0.429720,-1.825041
1784102020372,106.540000,43.475452,-47.131760,-0.293436,-0.071290
1784102020392,106.560000,22.884250,-40.975536,-0.202532,0.069516
1784102020412,106.580000,47.015255,-31.860952,-0.152070,1.761949
1784102020432,106.600000,27.937082,-21.055490,-0.087671,5.912593
1784102020452,106.620000,58.952377,-10.018601,0.035069,12.346040
1784102020472,106.640000,39.849518,-0.030789,0.158558,20.332171
1784102020492,106.660000,74.015440,8.065669,0.265476,27.975924
1784102020512,106.680000,54.154472,13.948613,0.395104,32.249124
1784102020532,106.700000,77.265820,17.728163,0.451656,30.632922
1784102020552,106.720000,38.159172,19.737696,0.443520,22.735689
1784102020572,106.740000,61.212900,20.288280,0.427593,10.359001
1784102020592,106.760000,11.327045,19.497967,0.447584,-3.262321
1784102020612,106.780000,31.724121,17.276665,0.529522,-14.416554
1784102020632,106.800000,-2.645001,13.464706,0.618829,-20.403837
1784102020652,106.820000,19.632685,8.047219,0.652581,-20.992874
1784102020672,106.840000,-1.372617,1.336824,0.519278,-18.503925
1784102020692,106.860000,27.689934,-5.962201,0.381404,-15.900839
1784102020712,106.880000,-2.241941,-12.856106,0.276111,-14.391833
1784102020732,106.900000,26.091608,-18.311167,0.264703,-13.432990
1784102020752,106.920000,-3.472342,-21.549180,0.304990,-13.144315
1784102020772,106.940000,24.996460,-22.254486,0.323358,-15.224688
1784102020792,106.960000,-10.851717,-20.607607,0.291463,-20.251632
1784102020812,106.980000,12.157364,-17.171677,0.239234,-25.017459
1784102020832,107.000000,-26.311928,-12.723923,0.119795,-24.774059
1784102020852,107.020000,17.285503,-8.078998,-0.015746,-18.673676
1784102020872,107.040000,-7.326364,-3.890226,-0.063865,-10.924637
1784102020892,107.060000,24.855530,-0.462426,-0.230735,-5.283987
1784102020912,107.080000,-2.667362,2.301884,-0.507078,-0.223192
1784102020932,107.100000,29.080889,4.749878,-0.821559,8.549165
1784102020952,107.120000,19.132957,7.227152,-0.981780,21.800746
1784102020972,107.140000,57.292160,9.929614,-0.976786,35.103760
1784102020992,107.160000,31.300346,12.917645,-0.896116,43.209675
1784102021012,107.180000,58.519287,16.159365,0.000000,44.305471
1784102021032,107.200000,27.893894,19.488533,0.443520,40.067819
1784102021052,107.220000,40.119007,22.523367,0.427593,33.162901
1784102021072,107.240000,4.024082,24.664839,0.447584,24.915482
1784102021092,107.260000,21.865988,25.223824,0.529522,14.874247
1784102021112,107.280000,-24.832657,23.627007,0.618829,2.839561
1784102021132,107.300000,-10.215399,19.604057,0.652581,-8.822853
1784102021152,107.320000,-44.770393,13.279834,0.519278,-15.578873
1784102021172,107.340000,-25.701190,5.164633,0.381404,-14.080096
1784102021192,107.360000,-42.783104,-3.908933,0.276111,-5.763362
1784102021212,107.380000,-7.192657,-12.864453,0.264703,3.265528
1784102021232,107.400000,-34.715954,-20.499998,0.304990,7.188513
1784102021252,107.420000,-14.982803,-25.701674,0.323358,5.339516
1784102021272,107.440000,-45.764305,-27.744558,0.291463,1.445365
1784102021292,107.460000,-27.215229,-26.550705,0.239234,-1.272302
1784102021312,107.480000,-52.087475,-22.725190,0.119795,-2.844268
1784102021332,107.500000,-30.107258,-17.315819,-0.015746,-4.288894
1784102021352,107.520000,-60.691270,-11.438729,-0.063865,-4.326819
1784102021372,107.540000,-34.459396,-5.975131,-0.230735,-0.651971
1784102021392,107.560000,-53.984764,-1.435209,-0.507078,5.262935
1784102021412,107.580000,-22.447496,2.047112,-0.821559,6.991765
1784102021432,107.600000,-62.211320,4.641262,-0.981780,-1.334734
1784102021452,107.620000,-55.170067,6.652870,-0.976786,-18.917104
1784102021472,107.640000,-101.334230,8.265784,-0.896116,-38.347773
1784102021492,107.660000,-80.772040,9.339286,-0.826679,-50.855145
1784102021512,107.680000,-120.076830,9.452041,-0.647990,-51.708385
1784102021532,107.700000,-75.458470,8.208694,-0.429720,-42.863232
1784102021552,107.720000,-90.136650,5.616690,-0.293436,-31.241961
1784102021572,107.740000,-57.438040,2.287516,-0.202532,-22.888901
1784102021592,107.760000,-75.218250,-0.685415,-0.152070,-17.989784
1784102021612,107.780000,-46.830215,-2.134031,-0.087671,-12.070664
1784102021632,107.800000,-60.492016,-1.287372,0.035069,-1.973647
1784102021652,107.820000,-14.138391,1.970965,0.158558,10.230316
1784102021672,107.840000,-37.722640,7.176198,0.265476,19.561797
1784102021692,107.860000,-1.978578,13.544116,0.395104,23.489954
1784102021712,107.880000,-24.381628,20.201803,0.451656,24.492896
1784102021732,107.900000,0.383916,26.298979,0.443520,27.718182
1784102021752,107.920000,-10.831564,31.063911,0.427593,35.817959
1784102021772,107.940000,25.616405,33.900387,0.447584,45.286440
1784102021792,107.960000,-2.247754,34.517150,0.529522,47.964108
1784102021812,107.980000,28.108562,32.981260,0.618829,37.372204
1784102021832,108.000000,-30.488556,29.605078,0.652581,15.054109
1784102021852,108.020000,-29.718860,24.685776,0.519278,-9.446520
1784102021872,108.040000,-62.989437,18.267885,0.381404,-25.845904
1784102021892,108.060000,-42.172180,10.157369,0.276111,-30.183168
1784102021912,108.080000,-69.373010,0.242942,0.264703,-25.561533
1784102021932,108.100000,-26.696310,-11.092888,0.304990,-18.276956
1784102021952,108.120000,-50.349876,-22.791513,0.323358,-13.186812
1784102021972,108.140000,-27.291805,-33.318760,0.291463,-10.925700
1784102021992,108.160000,-42.914536,-41.141296,0.239234,-8.702501
1784102022012,108.180000,-15.025122,-45.218918,0.119795,-3.350503
1784102022032,108.200000,-34.590397,-45.270153,-0.015746,6.177166
1784102022052,108.220000,7.688371,-41.721024,-0.063865,17.877833
1784102022072,108.240000,-10.431592,-35.434340,-0.230735,27.787132
1784102022092,108.260000,18.424538,-27.407454,-0.507078,32.840215
1784102022112,108.280000,-5.242494,-18.582020,-0.821559,33.173011
1784102022132,108.300000,19.048908,-9.799417,-0.981780,31.804519
1784102022152,108.320000,-12.621603,-1.829014,-0.976786,31.748585
1784102022172,108.340000,16.983349,4.637951,-0.896116,32.615665
1784102022192,108.360000,-6.409048,9.074719,0.000000,30.335493
1784102022212,108.380000,-1.019548,11.231488,0.000000,21.137475
1784102022232,108.400000,-31.985960,11.165166,0.000000,5.653556
1784102022252,108.420000,-29.982437,9.137415,0.000000,-11.254199
1784102022272,108.440000,-72.936710,5.455074,0.443520,-24.701754
1784102022292,108.460000,-47.418580,0.389822,0.427593,-33.677875
1784102022312,108.480000,-80.498750,-5.750608,0.447584,-39.935366
1784102022332,108.500000,-60.234270,-12.475082,0.529522,-43.399551
1784102022352,108.520000,-91.426300,-19.043512,0.618829,-41.391399
1784102022372,108.540000,-41.960102,-24.562178,0.652581,-33.121652
1784102022392,108.560000,-65.655700,-28.156027,0.519278,-22.156664
1784102022412,108.580000,-24.867136,-29.102463,0.381404,-13.108239
1784102022432,108.600000,-46.678448,-26.936567,0.276111,-7.463660
1784102022452,108.620000,-14.081200,-21.582400,0.264703,-3.426719
1784102022472,108.640000,-35.093147,-13.461257,0.304990,1.016175
1784102022492,108.660000,-0.944226,-3.465318,0.323358,5.547514
1784102022512,108.680000,-22.030640,7.230182,0.291463,8.170302
1784102022532,108.700000,9.549029,17.432188,0.239234,8.064937
1784102022552,108.720000,-26.418860,26.150969,0.119795,6.569499
1784102022572,108.740000,11.758800,32.699528,-0.015746,4.432411
1784102022592,108.760000,-24.965641,36.695440,-0.063865,-0.760560
1784102022612,108.780000,-1.634474,38.030754,-0.230735,-12.441698
1784102022632,108.800000,-41.877586,36.826300,-0.507078,-29.784670
1784102022652,108.820000,-36.291313,33.348310,-0.821559,-45.691321
1784102022672,108.840000,-62.095985,27.908020,-0.981780,-51.665615
1784102022692,108.860000,-24.614391,20.846853,-0.976786,-45.061765
1784102022712,108.880000,-36.866260,12.670363,-0.896116,-30.649418
1784102022732,108.900000,15.055264,4.229066,-0.826679,-15.030766
1784102022752,108.920000,-5.878656,-3.261992,-0.647990,-0.801633
1784102022772,108.940000,38.415280,-8.489469,-0.429720,13.089958
1784102022792,108.960000,34.314580,-10.474430,-0.293436,26.909196
1784102022812,108.980000,71.434610,-8.898972,-0.202532,38.623220
1784102022832,109.000000,47.587814,-4.171163,-0.152070,46.306852
1784102022852,109.020000,86.349020,2.717458,-0.087671,49.614161
1784102022872,109.040000,53.591140,10.418476,0.443520,49.030584
1784102022892,109.060000,83.390000,17.477951,0.427593,45.415324
1784102022912,109.080000,42.923626,22.590317,0.447584,40.093974
1784102022932,109.100000,68.644400,24.801117,0.529522,34.314780
1784102022952,109.120000,37.465054,23.623491,0.618829,28.932966
1784102022972,109.140000,56.449364,19.084702,0.652581,25.049460
1784102022992,109.160000,21.548250,11.699609,0.519278,23.671464
1784102023012,109.180000,58.818573,2.357720,0.381404,23.906465
1784102023032,109.200000,18.565449,-7.842767,0.276111,22.833642
1784102023052,109.220000,45.013035,-17.772220,0.264703,18.061348
1784102023072,109.240000,3.345870,-26.451614,0.304990,9.824958
1784102023092,109.260000,22.951893,-33.227867,0.323358,0.400692
1784102023112,109.280000,-24.369497,-37.879864,0.291463,-8.386676
1784102023132,109.300000,0.788363,-40.589504,0.239234,-16.931408
1784102023152,109.320000,-39.421920,-41.782840,0.119795,-26.141845
1784102023172,109.340000,-24.323751,-41.917377,-0.015746,-33.838113
1784102023192,109.360000,-61.861190,-41.319855,-0.063865,-35.173344
1784102023212,109.380000,-22.334620,-40.125874,-0.230735,-28.147517
1784102023232,109.400000,-40.808280,-38.268505,-0.507078,-17.049932
1784102023252,109.420000,-12.062072,-35.466200,-0.821559,-9.157107
1784102023272,109.440000,-42.084320,-31.283620,-0.981780,-9.046740
1784102023292,109.460000,-16.925700,-25.350172,-0.976786,-16.061396
1784102023312,109.480000,-64.725640,-17.653826,-0.896116,-25.555296
1784102023332,109.500000,-42.884293,-8.714077,-0.826679,-32.431546
1784102023352,109.520000,-69.076770,0.498004,-0.647990,-34.465386
1784102023372,109.540000,-46.301620,8.874716,-0.429720,-32.489027
1784102023392,109.560000,-68.983444,15.566937,-0.293436,-28.105755
1784102023412,109.580000,-33.523094,20.256706,-0.202532,-22.260997
1784102023432,109.600000,-61.710730,23.184351,-0.152070,-15.729229
1784102023452,109.620000,-22.566874,24.960703,-0.087671,-9.907605
1784102023472,109.640000,-46.881160,26.294897,0.035069,-6.017587
1784102023492,109.660000,-15.198744,27.755348,0.158558,-3.136960
1784102023512,109.680000,-47.312860,29.620932,0.265476,1.584657
1784102023532,109.700000,1.788370,31.842215,0.395104,9.641745
1784102023552,109.720000,-21.435040,34.126217,0.451656,19.237244
1784102023572,109.740000,14.430542,36.115738,0.443520,27.216760
1784102023592,109.760000,-6.671514,37.549800,0.427593,31.573938
1784102023612,109.780000,21.092136,38.295820,0.447584,31.893695
1784102023632,109.800000,-4.876256,38.267483,0.529522,29.059422
1784102023652,109.820000,17.306728,37.336960,0.618829,25.150280
1784102023672,109.840000,-13.866564,35.313522,0.652581,22.298024
1784102023692,109.860000,17.187855,31.992846,0.519278,20.549617
1784102023712,109.880000,-15.809793,27.258255,0.381404,17.416762
1784102023732,109.900000,12.678546,21.184174,0.276111,10.485424
1784102023752,109.920000,-34.556370,14.064854,0.264703,0.215869
1784102023772,109.940000,-9.993966,6.326117,0.304990,-10.443745
1784102023792,109.960000,-44.714134,-1.617778,0.323358,-18.480978
1784102023812,109.980000,-18.103980,-9.436352,0.291463,-22.134150
1784102023832,110.000000,-56.504467,-16.842241,0.239234,-21.444670
1784102023852,110.020000,-10.328865,-23.512133,0.119795,-18.987876
1784102023872,110.040000,-44.115620,-29.048132,0.443520,-18.181590
1784102023892,110.060000,-13.363974,-33.007930,0.427593,-19.191955
1784102023912,110.080000,-52.787250,-35.015370,0.447584,-18.276205
1784102023932,110.100000,-1.287039,-34.916332,0.529522,-12.349113
1784102023952,110.120000,-31.866192,-32.853800,0.618829,-2.498061
1784102023972,110.140000,9.551669,-29.177803,0.652581,7.610975
1784102023992,110.160000,-8.250805,-24.280380,0.519278,15.395227
1784102024012,110.180000,20.086662,-18.507456,0.381404,21.060370
1784102024032,110.200000,-4.404390,-12.190431,0.276111,26.076684
1784102024052,110.220000,30.353655,-5.720066,0.264703,30.221974
1784102024072,110.240000,2.502224,0.429971,0.304990,31.097604
1784102024092,110.260000,22.091925,5.754104,0.323358,27.027316
1784102024112,110.280000,-12.566139,9.790439,0.291463,19.444532
1784102024132,110.300000,5.178171,12.162005,0.239234,11.836003
1784102024152,110.320000,-30.777172,12.597035,0.119795,6.832244
1784102024172,110.340000,0.440074,10.986567,-0.015746,4.723413
1784102024192,110.360000,-38.188350,7.479964,-0.063865,4.483706
1784102024212,110.380000,-1.609201,2.543018,-0.230735,5.314530
1784102024232,110.400000,-40.809800,-3.090057,-0.507078,6.558034
1784102024252,110.420000,-3.171425,-8.570516,-0.821559,6.741216
1784102024272,110.440000,-39.450157,-13.126731,-0.981780,3.970964
1784102024292,110.460000,-21.647806,-16.223167,-0.976786,-2.570320
1784102024312,110.480000,-58.198334,-17.665468,-0.896116,-12.286985
1784102024332,110.500000,-40.483364,-17.633680,-0.826679,-23.955305
1784102024352,110.520000,-85.922090,-16.614157,-0.647990,-35.832608
1784102024372,110.540000,-63.204150,-15.236321,-0.429720,-45.466694
1784102024392,110.560000,-102.998890,-14.071205,-0.293436,-50.619679
1784102024412,110.580000,-69.972290,-13.459007,-0.202532,-50.600989
1784102024432,110.600000,-96.492720,-13.399651,-0.152070,-46.116480
1784102024452,110.620000,-57.350720,-13.529304,-0.087671,-37.503564
1784102024472,110.640000,-72.142110,-13.204452,0.035069,-23.914063
1784102024492,110.660000,-34.428790,-11.680133,0.158558,-5.750410
1784102024512,110.680000,-34.554440,-8.326014,0.265476,12.295700
1784102024532,110.700000,10.396786,-2.796260,0.395104,23.583500
1784102024552,110.720000,-27.017790,4.880267,0.451656,26.479842
1784102024572,110.740000,9.997961,14.239586,0.669004,26.377204
1784102024592,110.760000,-25.883211,24.345404,0.685475,28.623102
1784102024612,110.780000,21.193853,33.884710,0.662844,31.526924
1784102024632,110.800000,-13.550203,41.482502,0.641474,29.168995
1784102024652,110.820000,6.063608,46.100708,0.667951,20.230300
1784102024672,110.840000,-36.810104,47.249287,0.558641,10.830919
1784102024692,110.860000,0.116529,44.927105,0.368113,8.017900
1784102024712,110.880000,-27.556374,39.479070,0.244657,12.781747
1784102024732,110.900000,13.654360,31.556488,0.197167,20.127246
1784102024752,110.920000,-12.461074,22.139390,0.223373,23.971197
1784102024772,110.940000,14.740497,12.441358,0.239690,20.926940
1784102024792,110.960000,-22.197731,3.629639,0.201808,10.852242
1784102024812,110.980000,-4.647387,-3.514566,0.129680,-3.828828
1784102024832,111.000000,-43.201164,-8.805369,0.035323,-18.369048
1784102024852,111.020000,-31.928959,-12.621643,-0.057713,-27.155777
1784102024872,111.040000,-52.490677,-15.659519,-0.082270,-27.471861
1784102024892,111.060000,-8.664579,-18.566128,-0.185607,-21.626286
1784102024912,111.080000,-42.677795,-21.591898,-0.387778,-14.262621
1784102024932,111.100000,4.459428,-24.438848,-0.687232,-8.667531
1784102024952,111.120000,-27.718290,-26.410215,-0.955874,-6.164145
1784102024972,111.140000,11.845693,-26.772768,-0.994957,-6.732829
1784102024992,111.160000,-26.272263,-25.108824,-0.949044,-8.747299
1784102025012,111.180000,11.119396,-21.491999,-0.883440,-9.560787
1784102025032,111.200000,-25.892048,-16.461632,-0.732522,-7.997716
1784102025052,111.220000,23.305680,-10.834816,-0.503599,-5.690963
1784102025072,111.240000,-10.664373,-5.427366,-0.386226,-4.496261
1784102025092,111.260000,17.465190,-0.815334,-0.293255,-3.440385
1784102025112,111.280000,-4.566594,2.740269,-0.186440,-0.279585
1784102025132,111.300000,39.958584,5.223808,-0.101987,4.862426
1784102025152,111.320000,4.903169,6.775330,0.003673,9.562300
1784102025172,111.340000,46.561703,7.637351,0.134924,12.051519
1784102025192,111.360000,18.055433,8.091077,0.257776,12.880269
1784102025212,111.380000,50.698040,8.360252,0.380570,14.178415
1784102025232,111.400000,17.626442,8.537092,0.851941,17.205052
1784102025252,111.420000,68.870224,8.581201,0.834175,20.374845
1784102025272,111.440000,26.751184,8.389028,0.786609,20.691616
1784102025292,111.460000,60.746174,7.878044,0.749299,16.965267
1784102025312,111.480000,21.828146,7.009039,0.673800,10.345808
1784102025332,111.500000,50.028710,5.733492,0.505709,2.361865
1784102025352,111.520000,8.999296,3.946501,0.356767,-6.064740
1784102025372,111.540000,35.802612,1.517098,0.216987,-13.986621
1784102025392,111.560000,-3.194855,-1.629408,0.151496,-20.007354
1784102025412,111.580000,29.426573,-5.436471,0.077406,-22.769546
1784102025432,111.600000,0.161232,-9.669495,0.012024,-21.468894
1784102025452,111.620000,38.238570,-13.903397,0.008368,-16.029728
1784102025472,111.640000,12.229033,-17.561743,-0.003350,-7.683932
1784102025492,111.660000,57.823288,-20.016558,-0.054349,0.597058
1784102025512,111.680000,34.549255,-20.724030,-0.097523,5.895634
1784102025532,111.700000,65.293420,-19.357523,-0.130388,8.393258
1784102025552,111.720000,35.319145,-15.918995,-0.296449,11.013667
1784102025572,111.740000,75.015280,-10.798377,-0.484745,14.917824
1784102025592,111.760000,46.407020,-4.716236,-0.728067,16.967953
1784102025612,111.780000,78.994350,1.467479,-0.969560,13.313124
1784102025632,111.800000,29.415184,6.969231,-0.976173,4.542480
1784102025652,111.820000,61.948265,11.182193,-0.936974,-4.468254
1784102025672,111.840000,16.160784,13.664618,-0.869741,-9.753778
1784102025692,111.860000,55.155766,14.141880,-0.648701,-12.007164
1784102025712,111.880000,18.702541,12.591147,-0.484462,-14.569421
1784102025732,111.900000,47.172688,9.332694,-0.395969,-18.658462
1784102025752,111.920000,0.542738,4.993785,-0.310426,-22.315184
1784102025772,111.940000,49.374687,0.325189,-0.184599,-23.709221
1784102025792,111.960000,7.653136,-3.995666,-0.051874,-22.896093
1784102025812,111.980000,41.805496,-7.455152,0.083334,-20.252692
1784102025832,112.000000,13.725463,-9.709010,0.213722,-15.920755
1784102025852,112.020000,54.761208,-10.576701,0.337589,-10.871518
1784102025872,112.040000,22.854843,-10.032209,0.439804,-6.125155
1784102025892,112.060000,61.219180,-8.173352,0.560620,-0.757386
1784102025912,112.080000,34.033060,-5.196203,0.764557,7.465593
1784102025932,112.100000,74.749306,-1.388263,0.851941,18.722222
1784102025952,112.120000,57.282516,2.903013,0.834175,29.443808
1784102025972,112.140000,93.302414,7.343928,0.786609,35.296035
1784102025992,112.160000,53.203660,11.663536,0.749299,35.590232
1784102026012,112.180000,88.553890,15.609698,0.673800,33.418373
1784102026032,112.200000,44.412780,18.852732,0.505709,31.380999
1784102026052,112.220000,78.290910,20.955505,0.356767,28.459915
1784102026072,112.240000,38.052230,21.475810,0.216987,21.993899
1784102026092,112.260000,56.258186,20.131674,0.151496,12.080983
1784102026112,112.280000,0.169344,16.889910,0.077406,2.083831
1784102026132,112.300000,41.743008,11.932706,0.012024,-5.275694
1784102026152,112.320000,-6.427690,5.600687,0.008368,-9.677529
1784102026172,112.340000,19.041687,-1.603717,-0.003350,-11.160473
1784102026192,112.360000,-15.365323,-9.007920,-0.054349,-9.863858
1784102026212,112.380000,23.375927,-15.840520,-0.097523,-7.921127
1784102026232,112.400000,-13.783314,-21.355997,-0.130388,-7.994831
1784102026252,112.420000,13.182476,-24.947083,-0.296449,-9.394477
1784102026272,112.440000,-27.641489,-26.255539,-0.484745,-8.570932
1784102026292,112.460000,18.896696,-25.274317,-0.728067,-3.993996
1784102026312,112.480000,-14.775952,-22.335348,-0.969560,2.085511
1784102026332,112.500000,24.866854,-17.942566,-0.976173,7.178336
1784102026352,112.520000,-20.198406,-12.586876,-0.936974,10.842968
1784102026372,112.540000,31.118998,-6.689775,-0.869741,12.414607
1784102026392,112.560000,-18.550503,-0.649469,0.000000,9.539376
1784102026412,112.580000,13.346567,5.120888,0.000000,1.127621
1784102026432,112.600000,-37.710133,10.189762,0.000000,-9.786128
1784102026452,112.620000,-13.275934,14.110133,0.000000,-18.303810
1784102026472,112.640000,-53.741740,16.451270,0.000000,-22.968825
1784102026492,112.660000,-16.557518,16.913961,0.000000,-27.159644
1784102026512,112.680000,-58.061214,15.497802,0.000000,-33.854376
1784102026532,112.700000,-40.890163,12.582540,0.851941,-40.739954
1784102026552,112.720000,-74.492070,8.817219,0.834175,-43.144882
1784102026572,112.740000,-26.550920,4.895183,0.786609,-40.098088
1784102026592,112.760000,-57.781498,1.417094,0.749299,-33.838382
1784102026612,112.780000,-20.385840,-1.095705,0.673800,-24.881509
1784102026632,112.800000,-38.372677,-2.180321,0.505709,-12.017256
1784102026652,112.820000,17.154228,-1.501565,0.356767,3.363625
1784102026672,112.840000,-2.463002,1.070892,0.216987,17.075371
1784102026692,112.860000,40.409924,5.453192,0.151496,26.889428
1784102026712,112.880000,15.518696,11.345044,0.077406,34.698205
1784102026732,112.900000,58.985900,18.189405,0.012024,42.663047
1784102026752,112.920000,29.866074,25.174036,0.008368,48.694544
1784102026772,112.940000,79.379555,31.357834,-0.003350,47.888595
1784102026792,112.960000,20.785378,35.871094,-0.054349,38.639182
1784102026812,112.980000,46.861156,38.041850,-0.097523,25.080004
1784102026832,113.000000,6.323905,37.392513,-0.130388,12.704587
1784102026852,113.020000,33.308865,33.625240,-0.296449,4.079704
1784102026872,113.040000,-6.254034,26.717020,-0.484745,-0.363885
1784102026892,113.060000,29.963196,17.073015,-0.728067,-0.321494
1784102026912,113.080000,0.111773,5.579514,-0.969560,3.616804
1784102026932,113.100000,43.042397,-6.509934,-0.976173,8.376303
1784102026952,113.120000,8.035698,-17.800300,-0.936974,9.377275
1784102026972,113.140000,42.108960,-27.034094,-0.869741,4.006402
1784102026992,113.160000,-2.469550,-33.372967,-0.648701,-5.685782
1784102027012,113.180000,19.243164,-36.598797,-0.484462,-14.407170
1784102027032,113.200000,-14.636939,-37.140360,-0.395969,-18.585953
1784102027052,113.220000,23.663055,-35.872593,-0.310426,-19.559603
1784102027072,113.240000,-19.358545,-33.750940,-0.184599,-21.449270
1784102027092,113.260000,12.435539,-31.474197,-0.051874,-26.862461
1784102027112,113.280000,-25.356094,-29.358149,0.083334,-34.839898
1784102027132,113.300000,-6.848818,-27.432490,0.213722,-41.510547
1784102027152,113.320000,-31.749208,-25.617548,0.337589,-42.155849
1784102027172,113.340000,7.310530,-23.822151,0.439804,-33.700221
1784102027192,113.360000,-19.587067,-21.916468,0.560620,-16.914634
1784102027212,113.380000,51.040012,-19.644485,0.764557,2.985975
1784102027232,113.400000,20.452099,-16.576433,0.851941,19.335508
1784102027252,113.420000,68.801414,-12.195212,0.834175,28.979900
1784102027272,113.440000,35.125713,-6.134768,0.786609,33.826193
1784102027292,113.460000,75.369270,1.538861,0.749299,37.465915
1784102027312,113.480000,39.359783,10.188983,0.673800,41.135991
1784102027332,113.500000,83.814920,18.736076,0.505709,43.035735
1784102027352,113.520000,33.503845,25.982405,0.356767,40.815580
1784102027372,113.540000,72.734560,30.935053,0.216987,33.999622
1784102027392,113.560000,14.819638,32.984646,0.151496,23.943434
1784102027412,113.580000,43.681180,31.922216,0.077406,12.081682
1784102027432,113.600000,-7.237524,27.869743,0.012024,-0.908650
1784102027452,113.620000,15.961076,21.211027,0.008368,-13.764655
1784102027472,113.640000,-36.376770,12.545029,-0.003350,-23.472778
1784102027492,113.660000,-3.543553,2.639930,-0.054349,-27.075579
1784102027512,113.680000,-33.977394,-7.615264,-0.097523,-24.609212
1784102027532,113.700000,-0.739656,-17.245802,-0.130388,-19.374916
1784102027552,113.720000,-32.294228,-25.241140,-0.296449,-15.553125
1784102027572,113.740000,5.600223,-30.682276,-0.484745,-15.439194
1784102027592,113.760000,-37.558167,-32.943375,-0.728067,-17.633079
1784102027612,113.780000,-2.001984,-31.874762,-0.969560,-17.825808
1784102027632,113.800000,-40.942852,-27.862581,-0.976173,-12.844159
1784102027652,113.820000,15.793742,-21.711700,0.851941,-4.058714
1784102027672,113.840000,-23.016829,-14.374099,0.834175,4.225447
1784102027692,113.860000,19.820412,-6.657965,0.786609,8.933989
1784102027712,113.880000,-23.440441,0.899801,0.749299,9.108684
1784102027732,113.900000,13.969617,7.948755,0.673800,3.937815
1784102027752,113.920000,-34.438580,14.160884,0.505709,-6.758671
1784102027772,113.940000,-14.739041,19.140593,0.356767,-19.533625
1784102027792,113.960000,-65.169464,22.438723,0.216987,-27.709261
1784102027812,113.980000,-20.852287,23.645113,0.151496,-26.573804
1784102027832,114.000000,-49.610775,22.569078,0.077406,-17.189162
1784102027852,114.020000,-9.416342,19.461447,0.012024,-4.777244
1784102027872,114.040000,-26.387070,15.113446,0.008368,5.519926
1784102027892,114.060000,10.500748,10.697776,-0.003350,11.832813
1784102027912,114.080000,-24.160650,7.396584,-0.054349,15.825348
1784102027932,114.100000,13.226339,6.000250,-0.097523,19.457566
1784102027952,114.120000,-16.186813,6.666307,-0.130388,21.813010
1784102027972,114.140000,21.213360,8.940645,-0.296449,20.817110
1784102027992,114.160000,-31.003637,11.994863,-0.484745,17.482059
1784102028012,114.180000,11.371825,14.906316,-0.728067,15.727678
1784102028032,114.200000,-28.251892,16.860216,-0.969560,17.763558
1784102028052,114.220000,18.725498,17.299288,-0.976173,21.824972
1784102028072,114.240000,-24.288017,16.051645,-0.936974,24.818836
1784102028092,114.260000,21.447702,13.365916,-0.869741,25.460923
1784102028112,114.280000,-30.889555,9.782081,-0.648701,24.026715
1784102028132,114.300000,17.776237,5.895079,-0.484462,20.259019
1784102028152,114.320000,-36.021217,2.152460,-0.395969,13.144381
1784102028172,114.340000,-10.689600,-1.236543,-0.310426,2.547491
1784102028192,114.360000,-56.529915,-4.302340,-0.184599,-10.137061
1784102028212,114.380000,-32.710460,-7.257056,-0.051874,-22.514437
1784102028232,114.400000,-80.356470,-10.380767,0.083334,-31.627561
1784102028252,114.420000,-48.314003,-13.870377,0.213722,-35.146072
1784102028272,114.440000,-79.641860,-17.704170,0.337589,-33.357838
1784102028292,114.460000,-40.367676,-21.569916,0.439804,-29.466387
1784102028312,114.480000,-77.291650,-24.884840,0.560620,-27.138043
1784102028332,114.500000,-29.929600,-26.931864,0.764557,-27.324494
1784102028352,114.520000,-81.006240,-27.089592,0.851941,-27.305164
1784102028372,114.540000,-28.680628,-25.060501,0.834175,-23.459915
1784102028392,114.560000,-60.840904,-20.972055,0.786609,-15.401359
1784102028412,114.580000,-13.648248,-15.290957,0.749299,-6.842062
1784102028432,114.600000,-43.260426,-8.620020,0.673800,-2.086292
1784102028452,114.620000,-4.648848,-1.523754,0.505709,-1.655037
1784102028472,114.640000,-40.570840,5.515756,0.356767,-1.426343
1784102028492,114.660000,-4.267597,12.045085,0.216987,3.152438
1784102028512,114.680000,-22.664091,17.607323,0.151496,12.059633
1784102028532,114.700000,32.069710,21.822357,0.077406,21.712772
1784102028552,114.720000,-8.750246,24.543600,0.012024,30.821933
1784102028572,114.740000,46.645622,25.929583,0.008368,41.643860
1784102028592,114.760000,26.961868,26.340452,-0.003350,53.890363
1784102028612,114.780000,62.190636,26.155480,-0.054349,60.332958
1784102028632,114.800000,34.491177,25.638672,-0.097523,52.009260
1784102028652,114.820000,54.116210,24.861216,-0.130388,29.198073
1784102028672,114.840000,-38.191710,23.607431,-0.296449,4.576955
1784102028692,114.860000,15.503231,21.287086,-0.484745,-8.651388
1784102028712,114.880000,-21.251888,17.058937,-0.728067,-9.955372
1784102028732,114.900000,12.834215,10.287843,-0.969560,-8.958246
1784102028752,114.920000,-26.019974,1.080351,-0.976173,-12.993808
1784102028772,114.940000,1.600840,-9.563360,-0.936974,-21.477507
1784102028792,114.960000,-31.375070,-20.135140,-0.869741,-29.911942
1784102028812,114.980000,-10.470110,-29.207320,0.000000,-35.466619
1784102028832,115.000000,-43.993153,-35.835083,0.000000,-38.945992
1784102028852,115.020000,5.224409,-39.656820,0.851941,-42.383882
1784102028872,115.040000,-57.231537,-40.768024,0.834175,-45.044720
1784102028892,115.060000,-0.212822,-39.526820,0.786609,-43.521945
1784102028912,115.080000,-31.308857,-36.400040,0.749299,-36.302901
1784102028932,115.100000,12.453503,-31.846472,0.673800,-26.152028
1784102028952,115.120000,-5.760421,-26.215683,0.505709,-17.176830
1784102028972,115.140000,37.627567,-19.701857,0.356767,-10.473205
1784102028992,115.160000,-3.542858,-12.418671,0.216987,-3.627149
1784102029012,115.180000,58.055850,-4.556648,0.151496,5.134128
1784102029032,115.200000,24.796540,3.518833,0.077406,13.947214
1784102029052,115.220000,68.366066,11.307902,0.012024,20.008842
1784102029072,115.240000,37.377445,18.298841,0.008368,23.904767
1784102029092,115.260000,76.701460,24.058043,-0.003350,29.456024
1784102029112,115.280000,49.223007,28.250656,-0.054349,39.133130
1784102029132,115.300000,99.957720,30.664536,-0.097523,50.193537
1784102029152,115.320000,65.867580,31.273886,-0.130388,56.197973
1784102029172,115.340000,104.673230,30.270903,-0.296449,52.996948
1784102029192,115.360000,46.582640,27.980146,-0.484745,42.788568
1784102029212,115.380000,74.726490,24.661215,-0.728067,31.430455
1784102029232,115.400000,27.959791,20.338999,-0.969560,22.318100
1784102029252,115.420000,59.621690,14.829876,-0.976173,14.371679
1784102029272,115.440000,3.382238,7.966551,-0.936974,5.451769
1784102029292,115.460000,32.863697,-0.164974,-0.869741,-4.573026
1784102029312,115.480000,-18.454952,-9.153721,-0.648701,-14.259834
1784102029332,115.500000,14.106004,-18.355812,-0.484462,-21.760399
1784102029352,115.520000,-34.808186,-27.032434,-0.395969,-24.780369
1784102029372,115.540000,5.609873,-34.458176,-0.310426,-21.106221
1784102029392,115.560000,-19.523155,-39.985645,-0.184599,-10.588893
1784102029412,115.580000,21.344217,-43.065630,-0.051874,3.205596
1784102029432,115.600000,-3.634608,-43.258015,0.083334,13.334597
1784102029452,115.620000,31.578083,-40.298910,0.213722,12.662271
1784102029472,115.640000,-20.811815,-34.249330,0.337589,-0.789345
1784102029492,115.660000,-9.544218,-25.670624,0.439804,-20.898197
1784102029512,115.680000,-66.227400,-15.708978,0.560620,-37.492032
1784102029532,115.700000,-35.597145,-5.957167,0.764557,-44.473008
1784102029552,115.720000,-71.883350,1.965727,0.851941,-43.583461
1784102029572,115.740000,-33.793220,6.980008,0.834175,-40.280329
1784102029592,115.760000,-72.421100,8.942418,0.786609,-37.190251
1784102029612,115.780000,-28.218830,8.630530,0.749299,-32.203120
1784102029632,115.800000,-58.281467,7.357288,0.673800,-22.105242
1784102029652,115.820000,-10.323540,6.478283,0.505709,-7.355527
1784102029672,115.840000,-26.989325,7.033554,0.856246,6.964346
1784102029692,115.860000,18.878372,9.598824,0.891410,15.574084
1784102029712,115.880000,-24.540907,14.268083,0.915605,17.998571
1784102029732,115.900000,13.445403,20.655737,0.906488,17.649040
1784102029752,115.920000,-17.015648,27.916351,0.798956,16.764304
1784102029772,115.940000,13.667656,34.885480,0.676620,14.909558
1784102029792,115.960000,-27.064556,40.369545,0.478523,12.061378
1784102029812,115.980000,11.272204,43.450886,0.250162,10.319433
1784102029832,116.000000,-28.560953,43.663740,0.133837,11.764825
1784102029852,116.020000,18.973557,41.031204,0.004134,15.912915
1784102029872,116.040000,-13.068070,36.025720,-0.133025,20.018478
1784102029892,116.060000,17.668442,29.460716,-0.195978,21.202261
1784102029912,116.080000,-13.545343,22.287607,-0.178048,17.711522
1784102029932,116.100000,15.593754,15.341512,-0.176959,9.493591
1784102029952,116.120000,-36.472485,9.136124,-0.242591,-1.009945
1784102029972,116.140000,-2.906428,3.783364,-0.388788,-9.521560
1784102029992,116.160000,-41.940857,-0.937529,-0.497911,-12.519960
1784102030012,116.180000,-2.340552,-5.379599,-0.531130,-9.234747
1784102030032,116.200000,-29.667906,-9.766033,-0.753334,-1.656699
1784102030052,116.220000,17.371560,-13.994313,-0.999706,6.681365
1784102030072,116.240000,-14.849981,-17.622175,-0.931027,12.296633
1784102030092,116.260000,24.689915,-20.046236,-0.871772,13.093190
1784102030112,116.280000,-12.811607,-20.782131,-0.752610,9.118439
1784102030132,116.300000,14.028468,-19.713507,-0.580749,2.602393
1784102030152,116.320000,-24.308323,-17.195583,-0.444868,-3.051252
1784102030172,116.340000,12.368724,-13.962317,-0.335158,-4.949848
1784102030192,116.360000,-24.271233,-10.871928,-0.259133,-2.100794
1784102030212,116.380000,22.527550,-8.600658,-0.134484,3.805713
1784102030232,116.400000,-10.418610,-7.420788,0.021277,8.567527
1784102030252,116.420000,27.586752,-7.161466,0.061937,7.320887
1784102030272,116.440000,-19.978977,-7.367456,0.151037,-2.508718
1784102030292,116.460000,4.453393,-7.583498,0.334999,-19.204401
1784102030312,116.480000,-58.194496,-7.632294,0.508937,-37.306862
1784102030332,116.500000,-22.148611,-7.736586,0.637455,-50.126184
1784102030352,116.520000,-66.598630,-8.390424,0.782937,-52.176615
1784102030372,116.540000,-21.361177,-10.024908,0.821482,-41.084963
1784102030392,116.560000,-30.146282,-12.644788,0.879575,-19.366452
1784102030412,116.580000,30.006208,-15.626511,0.957840,6.063253
1784102030432,116.600000,20.940014,-17.788202,0.987514,27.908813
1784102030452,116.620000,59.420470,-17.741364,0.859939,41.888268
1784102030472,116.640000,34.178432,-14.432053,0.748363,45.794193
1784102030492,116.660000,65.470430,-7.650368,0.535545,38.068585
1784102030512,116.680000,14.792944,1.755054,0.346104,20.593264
1784102030532,116.700000,17.162357,12.046657,0.253584,1.089634
1784102030552,116.720000,-24.421001,21.034050,0.095273,-11.717622
1784102030572,116.740000,10.435813,26.640076,-0.076865,-15.405392
1784102030592,116.760000,-23.067670,27.505516,-0.180078,-13.441696
1784102030612,116.780000,14.108503,23.453651,-0.233901,-8.511110
1784102030632,116.800000,-22.350048,15.557182,-0.255724,-0.329173
1784102030652,116.820000,33.381860,5.735567,-0.273575,9.663691
1784102030672,116.840000,1.794203,-3.872401,-0.350239,15.944453
1784102030692,116.860000,34.587590,-11.455152,-0.451925,13.925317
1784102030712,116.880000,-19.321990,-15.894921,-0.617774,5.109293
1784102030732,116.900000,12.292413,-16.975777,-0.828718,-4.727632
1784102030752,116.920000,-28.098463,-15.374280,-0.982123,-10.707545
1784102030772,116.940000,-1.038112,-12.349317,-0.982229,-11.044312
1784102030792,116.960000,-29.783264,-9.227700,-0.905805,-6.621026
1784102030812,116.980000,7.869865,-6.936983,-0.694178,-0.396088
1784102030832,117.000000,-18.908850,-5.776709,-0.469892,4.333678
1784102030852,117.020000,15.022129,-5.460422,-0.324618,6.973055
1784102030872,117.040000,-23.256770,-5.364550,-0.186523,10.284940
1784102030892,117.060000,24.209175,-4.864092,-0.156076,16.743324
1784102030912,117.080000,-10.394439,-3.583674,-0.150419,24.754902
1784102030932,117.100000,36.506615,-1.453401,-0.047196,29.790061
1784102030952,117.120000,-4.645633,1.381692,-0.018355,29.358384
1784102030972,117.140000,26.555548,4.654932,0.041229,25.673294
1784102030992,117.160000,-18.429508,7.992157,0.162566,22.231778
1784102031012,117.180000,21.514227,10.906026,0.339920,18.523801
1784102031032,117.200000,-22.805296,12.873309,0.481572,10.485247
1784102031052,117.220000,-4.785656,13.487625,0.678464,-3.309496
1784102031072,117.240000,-53.302580,12.562077,0.821482,-18.166235
1784102031092,117.260000,-31.097118,10.106315,0.879575,-27.479359
1784102031112,117.280000,-60.964478,6.265087,0.957840,-29.454352
1784102031132,117.300000,-23.701876,1.348207,0.987514,-28.496021
1784102031152,117.320000,-68.339490,-4.078283,0.859939,-30.498959
1784102031172,117.340000,-25.069792,-9.207372,0.748363,-37.439619
1784102031192,117.360000,-77.645500,-13.190440,0.535545,-45.600453
1784102031212,117.380000,-37.905220,-15.416341,0.346104,-48.593763
1784102031232,117.400000,-72.759990,-15.687959,0.253584,-43.541079
1784102031252,117.420000,-17.676678,-14.185333,0.095273,-34.605826
1784102031272,117.440000,-44.401577,-11.252529,-0.076865,-28.540479
1784102031292,117.460000,-4.100312,-7.170721,-0.180078,-26.104047
1784102031312,117.480000,-39.404920,-2.101387,-0.233901,-20.276522
1784102031332,117.500000,18.659973,3.782264,-0.255724,-4.793665
1784102031352,117.520000,17.705890,10.178819,-0.273575,17.562607
1784102031372,117.540000,69.922386,16.737375,-0.350239,37.440194
1784102031392,117.560000,45.894480,23.231390,-0.451925,47.784008
1784102031412,117.580000,85.224106,29.565819,-0.617774,47.952856
1784102031432,117.600000,53.308296,35.554104,-0.828718,41.207741
1784102031452,117.620000,71.380066,40.683537,-0.982123,31.190163
1784102031472,117.640000,36.135887,44.093216,-0.982229,20.332665
1784102031492,117.660000,64.403560,44.792280,-0.905805,9.932797
1784102031512,117.680000,15.155034,41.997710,-0.694178,1.085210
1784102031532,117.700000,57.319510,35.433994,0.000000,-4.996819
1784102031552,117.720000,13.155651,25.477264,0.000000,-7.680219
1784102031572,117.740000,55.913403,13.105801,0.000000,-7.369245
1784102031592,117.760000,24.002490,-0.298010,0.000000,-4.969270
1784102031612,117.780000,68.065430,-13.215221,0.000000,-1.007189
1784102031632,117.800000,26.489040,-24.268717,0.000000,4.126754
1784102031652,117.820000,87.287010,-32.456573,0.000000,9.100820
1784102031672,117.840000,44.214985,-37.278240,0.000000,12.194864
1784102031692,117.860000,78.484020,-38.741657,0.000000,12.890537
1784102031712,117.880000,47.889656,-37.299625,0.000000,11.603095
1784102031732,117.900000,81.016950,-33.746185,0.821482,9.256220
1784102031752,117.920000,49.370262,-29.053064,0.879575,8.960589
1784102031772,117.940000,79.578220,-24.151201,0.957840,14.949215
1784102031792,117.960000,41.164215,-19.750349,0.987514,25.560634
1784102031812,117.980000,126.545890,-16.246696,0.859939,30.473949
1784102031832,118.000000,44.928284,-13.672286,0.748363,21.458019
1784102031852,118.020000,58.771717,-11.766152,0.535545,3.525754
1784102031872,118.040000,20.722960,-10.277776,0.346104,-10.781649
1784102031892,118.060000,47.975180,-9.295541,0.253584,-15.424623
1784102031912,118.080000,9.767693,-9.226822,0.095273,-14.734408
1784102031932,118.100000,35.068600,-10.405564,-0.076865,-16.953379
1784102031952,118.120000,-8.278102,-12.740733,-0.180078,-27.016833
1784102031972,118.140000,25.290401,-15.713280,-0.233901,-42.068877
1784102031992,118.160000,-60.635113,-18.634607,-0.255724,-52.189378
1784102032012,118.180000,6.175758,-20.948957,-0.273575,-48.808497
1784102032032,118.200000,-20.711155,-22.364279,-0.350239,-32.939928
1784102032052,118.220000,23.316505,-22.697828,-0.451925,-13.071246
1784102032072,118.240000,5.192698,-21.611170,-0.617774,3.036499
1784102032092,118.260000,50.507042,-18.557020,-0.828718,12.556054
1784102032112,118.280000,7.498913,-13.051335,-0.982123,16.395738
1784102032132,118.300000,44.981792,-5.056466,-0.982229,16.240597
1784102032152,118.320000,7.348916,4.808898,-0.905805,12.972919
1784102032172,118.340000,25.260094,15.342511,-0.694178,7.593658
1784102032192,118.360000,-13.180681,25.057648,-0.469892,2.226084
1784102032212,118.380000,16.483559,32.567158,-0.324618,-0.856503
1784102032232,118.400000,-25.889698,36.913277,-0.186523,-0.714608
1784102032252,118.420000,11.846397,37.766438,-0.156076,1.986866
1784102032272,118.440000,-18.071680,35.463140,-0.150419,6.080183
1784102032292,118.460000,10.277133,30.878593,-0.047196,11.207676
1784102032312,118.480000,-16.737217,25.172117,-0.018355,17.440022
1784102032332,118.500000,25.340986,19.493140,0.041229,23.847628
1784102032352,118.520000,-13.133279,14.746379,0.162566,28.695827
1784102032372,118.540000,24.119790,11.465981,0.339920,30.938310
1784102032392,118.560000,-11.683520,9.783753,0.481572,30.712706
1784102032412,118.580000,15.776747,9.461781,0.678464,28.508782
1784102032432,118.600000,-28.035225,9.981809,0.821482,24.004259
1784102032452,118.620000,7.276065,10.683000,0.879575,16.033421
1784102032472,118.640000,-50.763165,10.915881,0.957840,4.436864
1784102032492,118.660000,-29.506550,10.163903,0.987514,-8.624050
1784102032512,118.680000,-72.390430,8.103248,0.410416,-20.005967
1784102032532,118.700000,-46.846687,4.628711,0.500260,-27.429009
1784102032552,118.720000,-90.052670,-0.108536,0.567339,-30.111957
1784102032572,118.740000,-53.213722,-5.667570,0.577237,-29.369866
1784102032592,118.760000,-82.785000,-11.349075,0.535241,-28.288223
1784102032612,118.780000,-51.101173,-16.308342,0.508348,-28.663514
1784102032632,118.800000,-86.992400,-19.726282,0.509057,-28.517169
1784102032652,118.820000,-53.815582,-21.012396,0.469674,-24.769455
1784102032672,118.840000,-69.522770,-19.963190,0.404719,-18.103281
1784102032692,118.860000,-35.946350,-16.765778,0.318036,-12.772766
1784102032712,118.880000,-65.454346,-11.854591,0.188409,-11.314167
1784102032732,118.900000,-34.391792,-5.769221,0.027023,-11.541043
1784102032752,118.920000,-62.919500,0.887996,-0.077751,-9.558352
1784102032772,118.940000,-22.632103,7.459929,-0.123548,-4.527319
1784102032792,118.960000,-50.328785,13.316281,-0.322572,0.441939
1784102032812,118.980000,-8.478751,17.995050,-0.539676,1.670646
1784102032832,119.000000,-61.583866,21.282005,-0.646689,-1.624797
1784102032852,119.020000,-3.677805,23.154541,-0.759497,-6.620496
1784102032872,119.040000,-61.684826,23.661066,-0.981564,-8.176101
1784102032892,119.060000,-11.271561,22.852615,-0.948730,-1.763139
1784102032912,119.080000,-23.871923,20.820269,-0.876918,12.688478
1784102032932,119.100000,20.312940,17.815237,-0.702538,29.893787
1784102032952,119.120000,6.682507,14.346278,-0.539116,42.816885
1784102032972,119.140000,44.770508,11.128532,-0.348193,47.192607
1784102032992,119.160000,7.992512,8.836112,-0.077564,43.419873
1784102033012,119.180000,32.550236,7.768786,0.143559,34.865580
1784102033032,119.200000,-8.532765,7.643863,0.244089,24.322008
1784102033052,119.220000,15.728443,7.649083,0.231883,12.425384
1784102033072,119.240000,-32.420170,6.738943,0.144367,-0.455297
1784102033092,119.260000,-8.192893,4.021728,0.114179,-11.956132
1784102033112,119.280000,-50.637863,-0.946569,0.158613,-18.508416
1784102033132,119.300000,-14.812569,-8.041843,0.179817,-18.465110
1784102033152,119.320000,-43.511870,-16.594332,0.166572,-13.841162
1784102033172,119.340000,-3.932948,-25.508330,0.277766,-8.488698
1784102033192,119.360000,-32.533940,-33.472180,0.471378,-4.843474
1784102033212,119.380000,-8.128485,-39.254450,0.643223,-3.326411
1784102033232,119.400000,-32.772133,-42.024734,0.754747,-4.460390
1784102033252,119.420000,-3.119259,-41.565815,0.781960,-8.913250
1784102033272,119.440000,-49.918280,-38.277490,0.725996,-14.387591
1784102033292,119.460000,-18.218828,-33.008305,0.623621,-15.498414
1784102033312,119.480000,-46.524000,-26.811666,0.538365,-9.197470
1784102033332,119.500000,2.068989,-20.668161,0.353272,1.274561
1784102033352,119.520000,-27.674585,-15.205334,0.154057,9.481039
1784102033372,119.540000,-0.522778,-10.549308,-0.045920,11.390087
1784102033392,119.560000,-31.768415,-6.449642,-0.237932,6.913432
1784102033412,119.580000,-13.397695,-2.607452,-0.422362,-1.710141
1784102033432,119.600000,-53.546200,1.032835,-0.650032,-10.664746
1784102033452,119.620000,-28.914701,4.205991,-0.828562,-15.020487
1784102033472,119.640000,-68.031500,6.464163,-0.876148,-11.529508
1784102033492,119.660000,-12.608849,7.430926,-0.977819,-1.807507
1784102033512,119.680000,-46.814213,7.064357,-0.954798,8.739598
1784102033532,119.700000,-7.345758,5.791662,-0.808924,15.495930
1784102033552,119.720000,-41.052290,4.392850,-0.567368,17.052006
1784102033572,119.740000,-14.707298,3.663501,-0.343661,13.811218
1784102033592,119.760000,-54.473576,4.050973,-0.113842,6.684716
1784102033612,119.780000,-27.801550,5.477224,0.109470,-1.729100
1784102033632,119.800000,-77.574980,7.411326,0.332881,-6.409451
1784102033652,119.820000,-38.077250,9.108554,0.450528,-3.358231
1784102033672,119.840000,-65.419390,9.913602,0.396755,5.475932
1784102033692,119.860000,-22.163270,9.539210,0.228464,12.847583
1784102033712,119.880000,-58.276430,8.208062,0.007564,13.185705
1784102033732,119.900000,-37.234318,6.544012,-0.100351,7.901939
1784102033752,119.920000,-72.590490,5.224902,-0.180275,2.856428
1784102033772,119.940000,-43.027870,4.618344,-0.159017,1.673498
1784102033792,119.960000,-72.731860,4.659380,-0.036809,2.878076
1784102033812,119.980000,-43.003280,5.015630,0.114505,2.835339
1784102033832,120.000000,-82.781586,5.349951,0.179817,-0.250777
1784102033852,120.020000,-47.861310,5.469427,0.166572,-5.342512
1784102033872,120.040000,-94.606705,5.317779,0.277766,-10.231136
1784102033892,120.060000,-61.592400,4.898163,0.471378,-13.674104
1784102033912,120.080000,-90.656235,4.222763,0.643223,-16.150912
1784102033932,120.100000,-73.984390,3.322767,0.754747,-18.796523
1784102033952,120.120000,-96.345980,2.277351,0.781960,-22.076528
1784102033972,120.140000,-72.152890,1.216944,0.725996,-25.280694
1784102033992,120.160000,-106.859910,0.293814,0.623621,-26.686475
1784102034012,120.180000,-68.525665,-0.356216,0.538365,-24.696841
1784102034032,120.200000,-94.994140,-0.627002,0.353272,-19.180942
1784102034052,120.220000,-53.122700,-0.421902,0.154057,-11.247440
1784102034072,120.240000,-74.641010,0.379956,-0.045920,-2.012630
1784102034092,120.260000,-33.616240,1.925566,-0.237932,7.544985
1784102034112,120.280000,-56.192688,4.327026,-0.422362,15.790026
1784102034132,120.300000,-6.880033,7.577047,-0.650032,21.030564
1784102034152,120.320000,-48.594100,11.497487,-0.828562,23.405057
1784102034172,120.340000,-10.029005,15.722365,-0.876148,24.547126
1784102034192,120.360000,-31.135195,19.713669,-0.977819,25.029325
1784102034212,120.380000,-5.302506,22.848001,-0.954798,24.092200
1784102034232,120.400000,-36.073093,24.570421,-0.808924,21.734709
1784102034252,120.420000,-8.060698,24.528030,-0.567368,18.941830
1784102034272,120.440000,-27.980513,22.615164,-0.343661,16.225950
1784102034292,120.460000,-14.920311,18.960093,0.000000,13.432360
1784102034312,120.480000,-31.425201,13.892715,0.000000,10.439896
1784102034332,120.500000,-5.806935,7.886125,0.000000,7.384915
1784102034352,120.520000,-44.184776,1.473226,0.000000,4.270538
1784102034372,120.540000,-6.322264,-4.840270,0.000000,0.000627
1784102034392,120.560000,-44.655090,-10.644024,0.000000,-7.533592
1784102034412,120.580000,-26.232850,-15.667168,0.000000,-18.993072
1784102034432,120.600000,-61.438408,-19.802750,0.000000,-31.388790
1784102034452,120.620000,-43.032196,-23.109327,0.000000,-39.193850
1784102034472,120.640000,-65.582520,-25.764214,0.000000,-38.007277
1784102034492,120.660000,-23.105803,-27.927612,0.000000,-27.628797
1784102034512,120.680000,-38.945540,-29.553160,0.179817,-12.181792
1784102034532,120.700000,13.326103,-30.273659,0.166572,2.595298
1784102034552,120.720000,-7.356783,-29.469412,0.277766,12.677999
1784102034572,120.740000,25.383574,-26.528406,0.471378,16.895945
1784102034592,120.760000,-3.079100,-21.192232,0.643223,15.228736
1784102034612,120.780000,27.443502,-13.805523,0.754747,7.592838
1784102034632,120.800000,-20.667477,-5.328931,0.781960,-4.405687
1784102034652,120.820000,0.965470,2.881229,0.725996,-16.089606
1784102034672,120.840000,-33.877125,9.413868,0.623621,-22.352784
1784102034692,120.860000,-3.587389,13.159656,0.538365,-21.766112
1784102034712,120.880000,-25.221430,13.617691,0.353272,-17.178096
1784102034732,120.900000,10.426353,11.064568,0.154057,-12.080504
1784102034752,120.920000,-16.888190,6.482924,-0.045920,-6.838019
1784102034772,120.940000,24.181538,1.245325,-0.237932,0.866062
1784102034792,120.960000,-0.628191,-3.304653,-0.422362,11.768754
1784102034812,120.980000,46.267670,-6.185500,-0.650032,22.241919
1784102034832,121.000000,23.428446,-6.915201,-0.828562,27.318080
1784102034852,121.020000,47.032036,-5.487944,-0.876148,26.583820
1784102034872,121.040000,13.239052,-2.309151,-0.977819,24.903816
1784102034892,121.060000,44.238113,1.865053,-0.954798,26.081768
1784102034912,121.080000,22.557901,6.060053,-0.808924,27.930397
1784102034932,121.100000,45.959126,9.342361,-0.567368,25.701166
1784102034952,121.120000,4.566860,11.089839,-0.343661,18.958985
1784102034972,121.140000,30.984758,11.083309,-0.113842,12.714942
1784102034992,121.160000,-3.570214,9.404944,0.109470,12.108902
1784102035012,121.180000,34.792114,6.314210,0.332881,17.516400
1784102035032,121.200000,10.189677,2.230406,0.450528,24.781004
1784102035052,121.220000,40.771275,-2.234936,0.396755,28.922069
1784102035072,121.240000,10.173570,-6.338210,0.228464,27.147569
1784102035092,121.260000,32.306076,-9.400620,0.007564,19.452164
1784102035112,121.280000,-12.597888,-11.049683,-0.100351,7.660157
1784102035132,121.300000,3.868539,-11.369018,-0.180275,-6.103850
1784102035152,121.320000,-40.396843,-10.871918,-0.159017,-20.430354
1784102035172,121.340000,-19.128845,-10.302653,-0.036809,-34.262933
1784102035192,121.360000,-77.829770,-10.355282,0.114505,-46.599013
1784102035212,121.380000,-42.094406,-11.443314,0.179817,-57.477725
1784102035232,121.400000,-85.365000,-13.591248,0.166572,-67.748522
1784102035252,121.420000,-74.122820,-16.443054,0.277766,-76.623772
1784102035272,121.440000,-97.187990,-19.375134,0.471378,-80.830104
1784102035292,121.460000,-65.368610,-21.668790,0.643223,-76.680870
1784102035312,121.480000,-82.917910,-22.648588,0.754747,-62.342098
1784102035332,121.500000,-28.475813,-21.724825,0.781960,-39.415357
1784102035352,121.520000,-31.786263,-18.384430,0.725996,-13.387886
1784102035372,121.540000,29.373120,-12.219688,0.623621,9.137062
1784102035392,121.560000,3.647935,-3.034338,0.538365,24.940544
1784102035412,121.580000,52.696156,8.974038,0.353272,35.185426
1784102035432,121.600000,28.712933,23.032120,0.154057,42.017406
1784102035452,121.620000,63.795510,37.768322,-0.045920,45.682426
1784102035472,121.640000,35.310190,51.435085,-0.237932,45.308001
1784102035492,121.660000,63.698147,62.287800,-0.422362,41.408305
1784102035512,121.680000,25.255472,68.942924,-0.650032,36.664183
1784102035532,121.700000,57.004970,70.601620,-0.828562,33.963196
1784102035552,121.720000,30.494003,67.137340,-0.876148,34.214044
1784102035572,121.740000,60.883255,59.086075,-0.977819,36.365748
1784102035592,121.760000,30.088540,47.544720,-0.954798,38.481556
1784102035612,121.780000,68.972046,33.961628,-0.808924,38.473100
1784102035632,121.800000,35.553640,19.854586,-0.567368,35.417221
1784102035652,121.820000,52.737007,6.535971,-0.343661,30.398774
1784102035672,121.840000,24.114784,-5.096147,-0.113842,24.347510
1784102035692,121.860000,46.246790,-14.654544,0.109470,15.502788
1784102035712,121.880000,0.626688,-22.209930,0.332881,1.379561
1784102035732,121.900000,16.749784,-28.125925,0.450528,-16.497443
1784102035752,121.920000,-34.626514,-32.888880,0.396755,-31.497609
1784102035772,121.940000,-3.416403,-36.984340,0.256973,-36.677963
1784102035792,121.960000,-32.878370,-40.761223,0.271170,-30.946525
1784102035812,121.980000,15.047655,-44.248947,0.344013,-20.273975
1784102035832,122.000000,-8.475611,-47.023212,0.479241,-12.451245
1784102035852,122.020000,21.987564,-48.273357,0.619040,-10.816036
1784102035872,122.040000,-15.438751,-47.130466,0.695150,-13.583129
1784102035892,122.060000,20.075615,-43.112453,0.688604,-18.199692
1784102035912,122.080000,-17.391825,-36.411740,0.646155,-24.079118
1784102035932,122.100000,-1.339498,-27.862780,0.588876,-31.243777
1784102035952,122.120000,-26.889929,-18.663546,0.487229,-38.636800
1784102035972,122.140000,-12.109728,-10.031934,0.324456,-44.297178
1784102035992,122.160000,-35.541718,-2.919845,0.146524,-46.119852
1784102036012,122.180000,-4.873774,2.174153,-0.024628,-42.334133
1784102036032,122.200000,-22.595966,5.275810,-0.202173,-31.885098
1784102036052,122.220000,28.262514,6.888498,-0.356134,-15.049094
1784102036072,122.240000,10.739671,7.855978,-0.549861,5.562026
1784102036092,122.260000,70.874850,9.155944,-0.727366,24.782601
1784102036112,122.280000,52.676120,11.654878,-0.836936,37.420613
1784102036132,122.300000,84.052860,15.867442,-0.988891,42.252392
1784102036152,122.320000,58.490803,21.758280,-0.884339,42.730183
1784102036172,122.340000,87.163160,28.657442,-0.671584,43.123273
1784102036192,122.360000,65.623510,35.382282,-0.497118,44.625838
1784102036212,122.380000,88.175064,40.577793,-0.324642,45.094495
1784102036232,122.400000,65.039290,43.129470,-0.170577,41.374137
1784102036252,122.420000,75.089510,42.439186,-0.044048,31.623926
1784102036272,122.440000,39.975075,38.461666,0.090101,16.510635
1784102036292,122.460000,49.611046,31.556580,0.183869,-0.718323
1784102036312,122.480000,1.953596,22.289413,0.168295,-15.589488
1784102036332,122.500000,24.863052,11.293662,0.106559,-25.106900
1784102036352,122.520000,-5.901981,-0.750948,-0.021337,-29.300840
1784102036372,122.540000,21.293856,-13.049023,-0.048631,-29.559847
1784102036392,122.560000,-9.151136,-24.633604,-0.024806,-26.456495
1784102036412,122.580000,30.108030,-34.430042,0.034343,-20.429415
1784102036432,122.600000,5.232833,-41.441140,0.096827,-13.361101
1784102036452,122.620000,46.418552,-44.948880,0.151243,-7.580192
1784102036472,122.640000,8.327776,-44.650528,0.256973,-3.862650
1784102036492,122.660000,44.706295,-40.731460,0.271170,-2.082136
1784102036512,122.680000,16.184044,-33.869034,0.344013,-3.080830
1784102036532,122.700000,35.264180,-25.124365,0.479241,-7.678274
1784102036552,122.720000,1.162698,-15.736894,0.619040,-13.884251
1784102036572,122.740000,22.710907,-6.904669,0.695150,-16.866046
1784102036592,122.760000,0.254586,0.397447,0.688604,-12.438928
1784102036612,122.780000,33.559944,5.576883,0.646155,-0.628918
1784102036632,122.800000,25.965435,8.557289,0.588876,14.067364
1784102036652,122.820000,59.470078,9.811162,0.487229,26.014845
1784102036672,122.840000,34.207110,10.207122,0.324456,31.986480
1784102036692,122.860000,61.258698,10.675285,0.146524,31.550629
1784102036712,122.880000,23.603033,11.821537,-0.024628,25.497239
1784102036732,122.900000,46.860004,13.683540,0.256973,15.718035
1784102036752,122.920000,-3.378109,15.744441,0.271170,5.991244
1784102036772,122.940000,19.885792,17.162470,0.344013,0.135754
1784102036792,122.960000,-11.346920,17.096928,0.479241,-1.667743
1784102036812,122.980000,13.830837,15.030285,0.619040,-2.826965
1784102036832,123.000000,-13.531504,10.988997,0.695150,-5.312699
1784102036852,123.020000,-3.258687,5.557346,0.688604,-6.531338
1784102036872,123.040000,-23.985490,-0.346372,0.646155,-3.429831
1784102036892,123.060000,11.355721,-5.789412,0.588876,1.888689
1784102036912,123.080000,-14.192173,-10.030184,0.487229,4.045572
1784102036932,123.100000,-3.885594,-12.572268,0.324456,1.135769
1784102036952,123.120000,-30.245823,-13.201614,0.146524,-3.779082
1784102036972,123.140000,-9.460276,-12.064046,-0.024628,-7.499180
1784102036992,123.160000,-40.777122,-9.664067,-0.202173,-10.057723
1784102037012,123.180000,-21.720528,-6.698380,-0.356134,-13.112553
1784102037032,123.200000,-44.797737,-3.817705,-0.549861,-16.667408
1784102037052,123.220000,-34.029633,-1.461751,-0.727366,-18.204779
1784102037072,123.240000,-52.498680,0.185243,-0.836936,-15.431609
1784102037092,123.260000,-18.042004,1.167781,-0.988891,-9.372516
1784102037112,123.280000,-43.723946,1.722508,-0.884339,-3.482437
1784102037132,123.300000,-15.074556,2.229073,-0.671584,0.018749
1784102037152,123.320000,-34.090984,3.104374,-0.497118,1.832288
1784102037172,123.340000,-19.408848,4.642074,-0.324642,3.861331
1784102037192,123.360000,-26.509048,6.883280,-0.170577,6.686735
1784102037212,123.380000,-8.813476,9.611913,-0.044048,9.209063
1784102037232,123.400000,-29.954618,12.462377,0.090101,10.216944
1784102037252,123.420000,-8.535587,15.045369,0.183869,9.202269
1784102037272,123.440000,-29.584969,17.024189,0.168295,6.335441
1784102037292,123.460000,-8.762867,18.145530,0.106559,3.291168
1784102037312,123.480000,-37.559784,18.260088,-0.021337,3.064783
1784102037332,123.500000,-9.450096,17.334524,-0.048631,6.466484
1784102037352,123.520000,-21.792671,15.454833,-0.024806,9.596899
1784102037372,123.540000,5.273017,12.847333,0.034343,8.042996
1784102037392,123.560000,-34.533413,9.880801,0.096827,3.210655
1784102037412,123.580000,-8.548229,6.958889,0.151243,0.583519
1784102037432,123.600000,-27.315710,4.335000,0.256973,1.457562
1784102037452,123.620000,4.990081,2.034145,0.271170,0.930874
1784102037472,123.640000,-26.011074,-0.028547,0.344013,-4.234691
1784102037492,123.660000,-14.466355,-1.894606,0.479241,-10.059311
1784102037512,123.680000,-34.033600,-3.564398,0.619040,-11.146290
1784102037532,123.700000,2.419253,-5.088021,0.695150,-9.137719
1784102037552,123.720000,-21.413782,-6.546174,0.256973,-10.826052
1784102037572,123.740000,-12.323217,-7.928017,0.271170,-18.850809
1784102037592,123.760000,-37.814930,-9.110227,0.344013,-28.241397
1784102037612,123.780000,-16.666672,-10.001949,0.479241,-32.087796
1784102037632,123.800000,-30.857567,-10.663508,0.619040,-27.692218
1784102037652,123.820000,6.267430,-11.222980,0.695150,-17.133147
1784102037672,123.840000,-12.324651,-11.670262,0.688604,-4.553600
1784102037692,123.860000,40.037064,-11.742162,0.646155,6.345609
1784102037712,123.880000,19.217937,-10.991055,0.588876,14.185477
1784102037732,123.900000,41.069515,-8.991028,0.487229,19.880501
1784102037752,123.920000,38.066400,-5.583306,0.324456,23.771419
1784102037772,123.940000,59.975517,-1.024698,0.146524,24.241369
1784102037792,123.960000,29.253416,4.049634,-0.024628,20.696146
1784102037812,123.980000,56.869770,8.802680,-0.202173,16.078404
1784102037832,124.000000,26.351719,12.394748,-0.356134,14.786678
1784102037852,124.020000,60.965485,14.154498,-0.549861,18.660003
1784102037872,124.040000,43.627728,13.746487,-0.727366,25.247373
1784102037892,124.060000,69.724520,11.295844,-0.836936,29.374310
1784102037912,124.080000,47.990387,7.362970,-0.988891,26.395877
1784102037932,124.100000,58.656760,2.734394,-0.884339,15.276652
1784102037952,124.120000,22.614680,-1.888575,-0.671584,-0.004204
1784102037972,124.140000,32.024975,-6.149622,-0.497118,-12.267952
1784102037992,124.160000,2.601727,-10.103171,-0.324642,-15.903635
1784102038012,124.180000,39.645878,-14.038086,-0.170577,-10.872328
1784102038032,124.200000,17.674297,-18.141417,-0.044048,-2.199808
1784102038052,124.220000,49.161950,-22.210869,0.090101,4.027459
1784102038072,124.240000,27.628020,-25.624166,0.183869,4.213983
1784102038092,124.260000,41.634750,-27.600306,0.168295,-1.457871
1784102038112,124.280000,13.815617,-27.589201,0.106559,-9.674574
1784102038132,124.300000,26.260643,-25.554564,-0.021337,-16.208489
1784102038152,124.320000,0.484174,-22.005346,-0.048631,-18.858681
1784102038172,124.340000,22.541872,-17.779709,-0.024806,-18.928048
1784102038192,124.360000,5.293299,-13.700727,0.034343,-19.268849
1784102038212,124.380000,15.344533,-10.283657,0.096827,-20.694507
1784102038232,124.400000,-4.324941,-7.640944,0.151243,-21.486776
1784102038252,124.420000,17.464815,-5.592289,0.256973,-20.612537
1784102038272,124.440000,-4.242731,-3.849361,0.271170,-19.600780
1784102038292,124.460000,16.808199,-2.143315,0.344013,-20.134683
1784102038312,124.480000,-5.790618,-0.275614,0.479241,-20.849858
1784102038332,124.500000,6.786785,1.851382,0.619040,-18.376178
1784102038352,124.520000,-0.614089,4.209635,0.256973,-11.941881
1784102038372,124.540000,29.363040,6.681113,0.271170,-4.869655
1784102038392,124.560000,2.385553,9.162786,0.344013,-0.140354
1784102038412,124.580000,29.645828,11.640942,0.479241,3.538987
1784102038432,124.600000,7.959733,14.146722,0.619040,9.566180
1784102038452,124.620000,44.634310,16.651215,0.695150,18.765158
1784102038472,124.640000,18.730976,19.035454,0.688604,28.264534
1784102038492,124.660000,59.459040,21.159056,0.646155,34.571605
1784102038512,124.680000,23.003310,22.925192,0.588876,37.029704
1784102038532,124.700000,48.582230,24.260925,0.487229,37.878963
1784102038552,124.720000,28.050106,25.043344,0.324456,39.199215
1784102038572,124.740000,45.555690,25.070420,0.146524,40.587770
1784102038592,124.760000,15.840671,24.119950,-0.024628,39.428894
1784102038612,124.780000,35.118866,22.040834,-0.202173,32.852239
1784102038632,124.800000,0.462760,18.800604,-0.356134,20.670339
1784102038652,124.820000,-9.571572,14.463422,-0.549861,6.587028
1784102038672,124.840000,-35.103960,9.123117,-0.727366,-5.386760
1784102038692,124.860000,-27.169770,2.861684,-0.836936,-15.183742
1784102038712,124.880000,-60.518692,-4.191562,-0.988891,-24.934560
1784102038732,124.900000,-54.627304,-11.733916,-0.884339,-33.858789
1784102038752,124.920000,-83.520390,-19.237581,-0.671584,-37.868219
1784102038772,124.940000,-60.803436,-26.036034,-0.497118,-34.537321
1784102038792,124.960000,-72.890550,-31.443918,-0.324642,-26.290791
1784102038812,124.980000,-46.663590,-34.811300,-0.170577,-17.590817
1784102038832,125.000000,-65.101570,-35.561970,-0.044048,-10.438107
1784102038852,125.020000,-44.363373,-33.310658,0.090101,-4.363677
1784102038872,125.040000,-53.505142,-28.036920,0.183869,0.218144
1784102038892,125.060000,-37.005417,-20.181450,0.168295,1.421827
1784102038912,125.080000,-62.167202,-10.585099,0.106559,-1.098837
1784102038932,125.100000,-48.905342,-0.330118,-0.021337,-4.965414
1784102038952,125.120000,-72.025894,9.429189,-0.048631,-7.787182
1784102038972,125.140000,-51.057037,17.639364,-0.024806,-9.194701
1784102038992,125.160000,-66.977850,23.545770,0.034343,-9.068392
1784102039012,125.180000,-61.636833,26.852240,0.096827,-5.986194
1784102039032,125.200000,-59.926197,27.737997,0.151243,0.155422
1784102039052,125.220000,-37.571144,26.740747,0.256973,5.990176
1784102039072,125.240000,-48.053493,24.604132,0.407339,8.393031
1784102039092,125.260000,-43.373190,22.120102,0.496885,8.727324
1784102039112,125.280000,-50.805912,19.927992,0.523851,10.267895
1784102039132,125.300000,-20.521854,18.331896,0.632131,13.282607
1784102039152,125.320000,-41.108265,17.291670,0.734304,15.776073
1784102039172,125.340000,-27.069519,16.584360,0.749087,16.787057
1784102039192,125.360000,-35.220806,15.953883,0.686297,15.688577
1784102039212,125.380000,-18.540215,15.157144,0.626825,10.595398
1784102039232,125.400000,-50.435184,13.971856,0.564863,0.816339
1784102039252,125.420000,-34.823640,12.208847,0.429921,-10.443959
1784102039272,125.440000,-67.098970,9.702574,0.286115,-18.355660
1784102039292,125.460000,-39.580704,6.308241,0.104017,-21.281533
1784102039312,125.480000,-59.899140,1.982981,-0.051430,-22.006121
1784102039332,125.500000,-38.149334,-3.078704,-0.229598,-23.922829
1784102039352,125.520000,-56.776855,-8.394690,-0.392296,-27.005270
1784102039372,125.540000,-45.812700,-13.313873,-0.543184,-28.330059
1784102039392,125.560000,-43.040844,-17.235842,-0.671114,-25.461637
1784102039412,125.580000,-17.928211,-19.762465,-0.925673,-17.540116
1784102039432,125.600000,-30.905262,-20.696203,-0.997843,-4.428335
1784102039452,125.620000,15.680201,-19.966217,-0.930348,12.013206
1784102039472,125.640000,21.933409,-17.575293,-0.780277,26.728861
1784102039492,125.660000,35.608883,-13.589058,-0.628786,34.591781
1784102039512,125.680000,30.452126,-8.187183,-0.509775,34.405905
1784102039532,125.700000,46.285435,-1.784456,-0.366160,28.924138
1784102039552,125.720000,12.139359,4.862433,-0.197727,21.903787
1784102039572,125.740000,40.190426,10.700078,-0.076175,15.386263
1784102039592,125.760000,13.681837,14.620090,0.035698,9.514421
1784102039612,125.780000,24.254065,15.785580,0.095513,4.361477
1784102039632,125.800000,5.301411,13.875068,0.092510,0.331228
1784102039652,125.820000,28.776104,9.146267,0.019850,-2.951722
1784102039672,125.840000,-0.031748,2.333700,0.045893,-5.975596
1784102039692,125.860000,24.911028,-5.542713,0.381669,-7.553069
1784102039712,125.880000,6.143838,-13.397201,0.455883,-5.413041
1784102039732,125.900000,27.785430,-20.278742,0.505188,0.795189
1784102039752,125.920000,26.812637,-25.489243,0.610608,7.908231
1784102039772,125.940000,47.344860,-28.595133,0.709143,11.902458
1784102039792,125.960000,22.517025,-29.402924,0.723400,11.793387
1784102039812,125.980000,43.832980,-27.984152,0.662845,9.317249
1784102039832,126.000000,22.461200,-24.730577,0.605491,5.476242
1784102039852,126.020000,34.905716,-20.334188,0.545735,-0.197723
1784102039872,126.040000,11.563318,-15.637477,0.412422,-6.952291
1784102039892,126.060000,21.393959,-11.428516,0.266989,-11.621650
1784102039912,126.080000,4.072297,-8.284617,0.101162,-11.555793
1784102039932,126.100000,26.877077,-6.479720,-0.077502,-8.172504
1784102039952,126.120000,15.561752,-5.930736,-0.241162,-6.011773
1784102039972,126.140000,24.719069,-6.212284,-0.394078,-7.834725
1784102039992,126.160000,4.615515,-6.700551,-0.527976,-11.645909
1784102040012,126.180000,27.036383,-6.820104,-0.613833,-12.566678
1784102040032,126.200000,8.612783,-6.243721,-0.795004,-6.757894
1784102040052,126.220000,42.413635,-4.912418,-0.981164,5.716513
1784102040072,126.240000,40.809230,-2.892128,-0.949854,20.393904
1784102040092,126.260000,69.336350,-0.204160,-0.761546,30.989721
1784102040112,126.280000,55.018460,3.229941,-0.604397,33.443167
1784102040132,126.300000,65.586845,7.473104,-0.462699,27.860541
1784102040152,126.320000,40.905735,12.352913,-0.323587,17.276932
1784102040172,126.340000,52.128735,17.310337,-0.188063,5.526167
1784102040192,126.360000,16.927040,21.462100,-0.071108,-4.414513
1784102040212,126.380000,31.287060,23.857430,0.036561,-12.038739
1784102040232,126.400000,18.148743,23.799063,0.093095,-19.172853
1784102040252,126.420000,21.570600,21.097956,0.090198,-26.669888
1784102040272,126.440000,-5.061704,16.149797,0.020125,-32.474644
1784102040292,126.460000,23.846740,9.790891,0.045241,-34.723766
1784102040312,126.480000,2.095949,3.036121,0.098025,-34.703234
1784102040332,126.500000,28.350353,-3.136990,0.169975,-34.552676
1784102040352,126.520000,7.526856,-7.907813,0.216657,-33.755295
1784102040372,126.540000,30.316175,-10.706914,0.248489,-30.278199
1784102040392,126.560000,26.594265,-11.301834,0.381669,-24.426324
1784102040412,126.580000,56.256620,-9.791375,0.455883,-19.163834
1784102040432,126.600000,27.159723,-6.500950,0.505188,-16.598561
1784102040452,126.620000,64.648224,-1.888101,0.610608,-15.727226
1784102040472,126.640000,51.709084,3.493352,0.317648,-12.883502
1784102040492,126.660000,65.950800,9.032966,0.432838,-3.827744
1784102040512,126.680000,78.084564,14.156779,0.476526,12.124089
1784102040532,126.700000,116.677704,18.458303,0.560999,29.651024
1784102040552,126.720000,109.810240,21.811798,0.669091,41.826812
1784102040572,126.740000,135.736200,24.381678,0.726537,46.957730
1784102040592,126.760000,116.624756,26.452377,0.652633,48.708399
1784102040612,126.780000,136.170200,28.139822,0.546365,49.540737
1784102040632,126.800000,126.079570,29.210040,0.476275,46.795076
1784102040652,126.820000,131.681090,29.155924,0.431451,37.123708
1784102040672,126.840000,93.341490,27.425486,0.354200,22.759799
1784102040692,126.860000,98.960530,23.594818,0.224020,9.996070
1784102040712,126.880000,79.666590,17.433940,0.077269,2.255711
1784102040732,126.900000,94.155210,8.980973,-0.069048,-1.833571
1784102040752,126.920000,67.433500,-1.326812,-0.265324,-3.914254
1784102040772,126.940000,84.958374,-12.602834,-0.427254,-3.421286
1784102040792,126.960000,70.066350,-23.662584,-0.542675,-0.531172
1784102040812,126.980000,94.371060,-33.294888,-0.631249,1.722612
1784102040832,127.000000,66.810000,-40.498028,-0.834060,0.416363
1784102040852,127.020000,82.151530,-44.641800,-0.995805,-3.584759
1784102040872,127.040000,58.325860,-45.580704,-0.919159,-6.563475
1784102040892,127.060000,70.052610,-43.680004,-0.796744,-6.220763
1784102040912,127.080000,65.081535,-39.685480,-0.671687,-3.884096
1784102040932,127.100000,69.158250,-34.458820,-0.430870,-2.232685
1784102040952,127.120000,60.165930,-28.721548,-0.239949,-2.202226
1784102040972,127.140000,57.167473,-22.947693,-0.137553,-3.504324
1784102040992,127.160000,55.103966,-17.416350,-0.019514,-6.713616
1784102041012,127.180000,57.158676,-12.309333,0.055424,-11.932730
1784102041032,127.200000,26.794909,-7.760651,0.097144,-16.221296
1784102041052,127.220000,45.141266,-3.878214,0.105478,-16.224118
1784102041072,127.240000,32.682556,-0.751602,0.037710,-13.562797
1784102041092,127.260000,46.179000,1.597517,0.046656,-14.084454
1784102041112,127.280000,20.657555,3.296827,0.412616,-20.781708
1784102041132,127.300000,23.220710,4.608631,0.473563,-29.573714
1784102041152,127.320000,3.927742,5.771309,0.497963,-33.069354
1784102041172,127.340000,23.918858,6.854256,0.521763,-27.496312
1784102041192,127.360000,24.117370,7.803416,0.566837,-15.330337
1784102041212,127.380000,43.508984,8.645827,0.563805,-2.386081
1784102041232,127.400000,38.344357,9.642371,0.535641,6.251364
1784102041252,127.420000,60.096893,11.225696,0.508817,8.841966
1784102041272,127.440000,43.127840,13.763676,0.461324,8.417554
1784102041292,127.460000,51.157780,17.314978,0.409731,11.196288
1784102041312,127.480000,55.010914,21.525297,0.304791,20.867943
1784102041332,127.500000,81.180070,25.740992,0.157895,34.345955
1784102041352,127.520000,80.115100,29.302582,0.041612,44.656951
1784102041372,127.540000,90.533510,31.827757,-0.115457,47.228045
1784102041392,127.560000,74.287160,33.260050,-0.298382,41.993433
1784102041412,127.580000,80.498090,33.662525,-0.432318,30.726765
1784102041432,127.600000,47.725723,32.967327,-0.540252,14.542049
1784102041452,127.620000,39.957676,30.877245,-0.774330,-5.916034
1784102041472,127.640000,13.049597,26.948524,-0.959373,-28.422569
1784102041492,127.660000,3.231881,20.786707,-0.992789,-47.189261
1784102041512,127.680000,-19.791777,12.270602,-0.874893,-54.410539
1784102041532,127.700000,3.392306,1.732368,-0.634248,-46.312986
1784102041552,127.720000,19.943280,-9.937740,-0.413421,-27.305068
1784102041572,127.740000,47.796375,-21.282236,-0.259973,-6.404789
1784102041592,127.760000,48.180910,-30.452667,-0.132378,9.400334
1784102041612,127.780000,75.647880,-35.657055,-0.038624,17.276424
1784102041632,127.800000,65.672180,-35.755527,-0.016903,16.997352
1784102041652,127.820000,64.165920,-30.703718,0.004495,10.130878
1784102041672,127.840000,52.555060,-21.629349,0.025657,-0.109383
1784102041692,127.860000,48.028572,-10.536982,0.045332,-9.860301
1784102041712,127.880000,36.053710,0.233652,0.075870,-16.043648
1784102041732,127.900000,42.171482,8.622790,0.126990,-17.475214
1784102041752,127.920000,40.367050,13.348160,0.198010,-14.910868
1784102041772,127.940000,53.280560,14.139894,0.256892,-9.809490
1784102041792,127.960000,46.334880,11.669961,0.299403,-3.316886
1784102041812,127.980000,71.158040,7.230043,0.412616,3.563801
1784102041832,128.000000,64.019455,2.297311,0.473563,9.907293
1784102041852,128.020000,76.105970,-1.855404,0.497963,15.239921
1784102041872,128.040000,72.482360,-4.417419,0.521763,19.150797
1784102041892,128.060000,89.555040,-5.136952,0.566837,20.988167
1784102041912,128.080000,66.937485,-4.261907,0.563805,20.625872
1784102041932,128.100000,80.302930,-2.380987,0.535641,18.552016
1784102041952,128.120000,70.211110,-0.239414,0.508817,15.037724
1784102041972,128.140000,66.123146,1.436014,0.461324,10.233740
1784102041992,128.160000,47.915127,2.080542,0.409731,4.417834
1784102042012,128.180000,59.232330,1.370821,0.304791,-2.281837
1784102042032,128.200000,35.349700,-0.758178,0.157895,-8.729513
1784102042052,128.220000,36.530315,-4.127719,0.041612,-11.626918
1784102042072,128.240000,32.345375,-8.354643,-0.115457,-8.233769
1784102042092,128.260000,43.191936,-12.912011,-0.298382,-0.561562
1784102042112,128.280000,44.977394,-17.177553,-0.432318,5.406068
1784102042132,128.300000,47.235428,-20.475690,-0.540252,5.644120
1784102042152,128.320000,26.424274,-22.197779,-0.774330,2.050192
1784102042172,128.340000,37.562454,-22.018763,-0.959373,-0.206090
1784102042192,128.360000,24.423824,-20.059235,-0.992789,2.048662
1784102042212,128.380000,38.981865,-16.830925,-0.874893,8.241456
1784102042232,128.400000,33.350525,-12.982022,-0.634248,15.909847
1784102042252,128.420000,43.666718,-9.024148,-0.413421,22.329812
1784102042272,128.440000,34.585747,-5.212900,0.000000,24.530581
1784102042292,128.460000,39.878082,-1.606735,0.000000,19.870398
1784102042312,128.480000,13.935660,1.777594,0.000000,8.362013
1784102042332,128.500000,3.206887,4.805064,0.000000,-6.234072
1784102042352,128.520000,-22.029760,7.133221,0.000000,-19.204909
1784102042372,128.540000,-18.464844,8.261402,0.000000,-28.446555
1784102042392,128.560000,-40.269005,7.739660,0.000000,-34.206441
1784102042412,128.580000,-35.972656,5.437166,0.412616,-36.350238
1784102042432,128.600000,-41.707603,1.697397,0.473563,-33.865134
1784102042452,128.620000,-35.347050,-2.707287,0.497963,-27.254128
1784102042472,128.640000,-30.922266,-6.769660,0.521763,-19.763282
1784102042492,128.660000,-12.789140,-9.480822,0.566837,-14.354791
1784102042512,128.680000,-33.745712,-10.043763,0.563805,-9.871751
1784102042532,128.700000,-12.862711,-8.063588,0.535641,-2.838942
1784102042552,128.720000,-6.458143,-3.660519,0.508817,6.975163
1784102042572,128.740000,6.587565,2.592312,0.461324,15.828174
1784102042592,128.760000,0.613810,9.893254,0.409731,20.844484
1784102042612,128.780000,12.896697,17.432768,0.304791,22.942154
1784102042632,128.800000,6.606496,24.479013,0.157895,24.863120
1784102042652,128.820000,19.992342,30.384790,0.041612,27.833768
1784102042672,128.840000,7.779456,34.626465,-0.115457,29.832224
1784102042692,128.860000,21.523134,36.870865,-0.298382,26.388975
1784102042712,128.880000,-0.613503,37.004590,-0.432318,14.358640
1784102042732,128.900000,-7.988126,35.090046,-0.540252,-3.736916
1784102042752,128.920000,-35.705044,31.259827,-0.774330,-20.137827
1784102042772,128.940000,-34.207360,25.622560,-0.959373,-28.259656
1784102042792,128.960000,-33.434690,18.292168,-0.992789,-28.303748
1784102042812,128.980000,-23.513668,9.576631,-0.874893,-25.396127
1784102042832,129.000000,-29.800797,0.176593,-0.634248,-23.221601
1784102042852,129.020000,-19.321625,-8.831317,-0.413421,-21.405750
1784102042872,129.040000,-17.272762,-16.274065,-0.259973,-18.279647
1784102042892,129.060000,-2.597659,-21.235357,-0.132378,-13.561690
1784102042912,129.080000,-8.550565,-23.269293,-0.038624,-7.977523
1784102042932,129.100000,17.608190,-22.425232,-0.016903,-1.882618
1784102042952,129.120000,8.782290,-19.149656,0.004495,5.178696
1784102042972,129.140000,36.301230,-14.132724,0.025657,13.934452
1784102042992,129.160000,34.754630,-8.142640,0.045332,24.408104
1784102043012,129.180000,64.118240,-1.882707,0.075870,35.241840
1784102043032,129.200000,54.275270,4.097058,0.126990,43.469565
1784102043052,129.220000,77.370865,9.410770,0.198010,44.863698
1784102043072,129.240000,59.523586,13.771526,0.256892,36.106305
1784102043092,129.260000,48.927456,16.884562,0.299403,18.229436
1784102043112,129.280000,27.215424,18.350922,0.412616,-2.661374
1784102043132,129.300000,10.402328,17.648030,0.473563,-19.483514
1784102043152,129.320000,5.514158,14.253185,0.497963,-29.362634
1784102043172,129.340000,3.093986,7.914806,0.521763,-34.398206
1784102043192,129.360000,-0.300041,-1.057826,0.566837,-37.460595
1784102043212,129.380000,-0.258869,-11.691442,0.563805,-38.390434
1784102043232,129.400000,-0.228941,-22.532213,0.535641,-35.054439
1784102043252,129.420000,17.373081,-32.017494,0.508817,-26.943628
1784102043272,129.440000,23.025188,-38.826220,0.461324,-16.033982
1784102043292,129.460000,38.750095,-42.078205,0.409731,-4.500339
1784102043312,129.480000,41.703500,-41.407070,0.304791,6.563021
1784102043332,129.500000,61.354126,-36.972878,0.157895,16.108443
1784102043352,129.520000,61.820004,-29.417913,0.041612,22.894864
1784102043372,129.540000,71.026115,-19.744833,-0.115457,27.034433
1784102043392,129.560000,60.742010,-9.151093,-0.298382,30.038560
1784102043412,129.580000,77.987366,1.130273,-0.432318,32.258212
1784102043432,129.600000,62.411003,9.984692,-0.540252,31.615038
1784102043452,129.620000,67.684875,16.567093,-0.774330,26.106927
1784102043472,129.640000,47.836906,20.397205,-0.959373,16.999715
1784102043492,129.660000,40.984290,21.347153,-0.992789,8.344066
1784102043512,129.680000,28.211640,19.552820,-0.874893,2.907760
1784102043532,129.700000,34.717983,15.348793,-0.634248,-0.505323
1784102043552,129.720000,17.408674,9.275002,0.412616,-4.858973
1784102043572,129.740000,13.551950,2.084856,0.473563,-11.214777
1784102043592,129.760000,-1.727741,-5.345978,0.497963,-18.625026
1784102043612,129.780000,-5.983428,-12.205783,0.521763,-26.281755
1784102043632,129.800000,-15.634225,-17.907690,0.566837,-33.213138
1784102043652,129.820000,-22.156527,-22.129257,0.563805,-35.869197
1784102043672,129.840000,-21.854641,-24.751245,0.535641,-28.864507
1784102043692,129.860000,-3.389154,-25.752970,0.508817,-10.263265
1784102043712,129.880000,22.794813,-25.080797,0.461324,14.766046
1784102043732,129.900000,41.565388,-22.524948,0.409731,37.188526
1784102043752,129.920000,49.370680,-17.721672,0.304791,50.527641
1784102043772,129.940000,49.387817,-10.382890,0.157895,53.229332
1784102043792,129.960000,42.817017,-0.669868,0.041612,46.496095
1784102043812,129.980000,32.018112,10.545116,-0.115457,32.867096
1784102043832,130.000000,5.945880,21.729828,-0.298382,16.952174
1784102043852,130.020000,-3.523714,31.037954,-0.432318,4.194696
1784102043872,130.040000,-17.589924,36.792267,-0.540252,-3.417910
1784102043892,130.060000,-15.028055,37.948124,-0.774330,-9.406358
1784102043912,130.080000,-33.450890,34.399700,-0.959373,-18.870695
1784102043932,130.100000,-41.154940,26.995071,-0.992789,-32.500258
1784102043952,130.120000,-63.131140,17.220093,-0.874893,-45.161100
1784102043972,130.140000,-58.124207,6.709175,-0.634248,-50.217772
1784102043992,130.160000,-59.066986,-3.141177,-0.413421,-44.911853
1784102044012,130.180000,-43.955162,-11.289865,-0.259973,-32.465299
1784102044032,130.200000,-30.027890,-16.965893,-0.132378,-20.135649
1784102044052,130.220000,-22.267633,-19.576252,-0.038624,-14.644310
1784102044072,130.240000,-29.345299,-18.756973,-0.016903,-17.791287
1784102044092,130.260000,-26.060194,-14.561321,0.004495,-25.356055
1784102044112,130.280000,-41.012268,-7.631648,0.025657,-30.101947
1784102044132,130.300000,-26.695993,0.827281,0.045332,-26.714549
1784102044152,130.320000,-15.049659,9.351814,0.412616,-14.895611
1784102044172,130.340000,3.088390,16.692265,0.473563,1.642895
1784102044192,130.360000,20.324493,22.208420,0.497963,18.462434
1784102044212,130.380000,44.657326,25.978514,0.521763,32.663307
1784102044232,130.400000,42.531370,28.583761,0.566837,42.800128
1784102044252,130.420000,62.847810,30.704779,0.563805,47.386276
1784102044272,130.440000,58.523785,32.744440,0.535641,44.677195
1784102044292,130.460000,49.067024,34.630660,0.508817,34.646141
1784102044312,130.480000,34.044342,35.824043,0.461324,19.885763
1784102044332,130.500000,26.516537,35.478260,0.409731,3.657754
1784102044352,130.520000,4.175255,32.698470,0.304791,-11.876045
1784102044372,130.540000,2.973707,26.847069,0.157895,-24.946651
1784102044392,130.560000,-12.532385,17.807917,0.041612,-32.826409
1784102044412,130.580000,-8.640874,6.104279,-0.115457,-32.660906
1784102044432,130.600000,0.369994,-7.156948,-0.298382,-24.177597
1784102044452,130.620000,16.827839,-20.459969,-0.432318,-10.592860
1784102044472,130.640000,33.368298,-32.118683,-0.540252,4.004211
1784102044492,130.660000,36.023685,-40.565930,-0.774330,17.180280
1784102044512,130.680000,55.602570,-44.683056,-0.959373,27.483829
1784102044532,130.700000,63.611847,-44.076000,-0.992789,33.266487
1784102044552,130.720000,49.174847,-39.171646,-0.874893,33.712881
1784102044572,130.740000,58.711857,-31.114180,-0.634248,29.895587
1784102044592,130.760000,44.859444,-21.520758,-0.413421,24.227080
1784102044612,130.780000,38.942406,-12.153934,-0.259973,19.290216
1784102044632,130.800000,29.660470,-4.569803,-0.132378,16.145135
1784102044652,130.820000,34.283894,0.175505,-0.038624,13.368880
1784102044672,130.840000,21.944970,1.688079,-0.016903,9.364201
1784102044692,130.860000,18.604717,0.237935,0.004495,5.639903
1784102044712,130.880000,8.502047,-3.403917,0.025657,5.566092
1784102044732,130.900000,16.728626,-8.235014,0.045332,9.249547
1784102044752,130.920000,16.477777,-13.258736,0.075870,11.780365
1784102044772,130.940000,9.390949,-17.607992,0.357358,8.178300
1784102044792,130.960000,-3.266016,-20.622810,0.369821,-0.913876
1784102044812,130.980000,-17.860647,-21.966187,0.414630,-10.071612
1784102044832,131.000000,-24.904257,-21.726710,0.481345,-15.481969
1784102044852,131.020000,-26.656796,-20.369350,0.522969,-19.029053
1784102044872,131.040000,-37.152794,-18.498750,0.552650,-25.270135
1784102044892,131.060000,-52.632854,-16.587599,0.582630,-35.538335
1784102044912,131.080000,-66.681720,-14.861886,0.553902,-46.377082
1784102044932,131.100000,-70.707140,-13.368997,0.443385,-52.790705
1784102044952,131.120000,-70.448090,-12.076503,0.337113,-51.316775
1784102044972,131.140000,-69.266270,-10.868629,0.183409,-41.150464
1784102044992,131.160000,-52.692150,-9.473095,0.007378,-25.016629
1784102045012,131.180000,-26.252748,-7.424684,-0.228646,-8.543212
1784102045032,131.200000,-31.559937,-4.126984,-0.444888,3.483509
1784102045052,131.220000,-17.575672,0.960695,-0.597265,10.157895
1784102045072,131.240000,-14.267717,8.048047,-0.862205,13.350739
1784102045092,131.260000,-18.614777,16.794748,-0.988068,15.065406
1784102045112,131.280000,-10.641993,26.304932,-0.926913,16.306698
1784102045132,131.300000,-17.088470,35.356200,-0.600262,17.196109
1784102045152,131.320000,-12.396831,42.731490,-0.315526,17.503155
1784102045172,131.340000,-10.604934,47.512188,-0.196727,17.352495
1784102045192,131.360000,-18.035301,49.252136,-0.031900,17.363110
1784102045212,131.380000,-9.300047,47.996723,-0.028937,17.494687
1784102045232,131.400000,-17.989698,44.178005,-0.094968,15.988382
1784102045252,131.420000,-12.221809,38.455270,-0.094621,10.813389
1784102045272,131.440000,-28.245274,31.553717,-0.076057,2.732083
1784102045292,131.460000,-31.346476,24.120804,-0.050316,-4.213230
1784102045312,131.480000,-36.023945,16.621054,-0.008802,-6.321235
1784102045332,131.500000,-23.038683,9.329722,0.054317,-3.766606
1784102045352,131.520000,-29.473885,2.447891,0.142178,0.153681
1784102045372,131.540000,-14.655930,-3.755229,0.238081,2.512957
1784102045392,131.560000,-24.874453,-8.908340,0.304934,2.839941
1784102045412,131.580000,-13.339425,-12.650131,0.357358,2.608492
1784102045432,131.600000,-16.595175,-14.788017,0.369821,3.803428
1784102045452,131.620000,-8.239766,-15.378579,0.336896,7.750821
1784102045472,131.640000,-5.146966,-14.691461,0.359917,13.965385
1784102045492,131.660000,8.574363,-13.096687,0.360387,19.590801
1784102045512,131.680000,9.110351,-10.944194,0.414232,20.846765
1784102045532,131.700000,0.472249,-8.507560,0.466735,15.575875
1784102045552,131.720000,-1.390998,-6.031239,0.494473,4.662075
1784102045572,131.740000,-11.459389,-3.830630,0.531015,-7.846027
1784102045592,131.760000,-26.319653,-2.332621,0.542149,-16.135298
1784102045612,131.780000,-20.223507,-1.992981,0.464038,-16.665991
1784102045632,131.800000,-10.968135,-3.111581,0.311071,-11.699748
1784102045652,131.820000,-3.765591,-5.624068,0.136696,-7.084304
1784102045672,131.840000,-3.629697,-8.998187,0.020621,-6.257033
1784102045692,131.860000,-4.171467,-12.361064,-0.115472,-7.977685
1784102045712,131.880000,-4.955333,-14.838759,-0.313402,-9.665454
1784102045732,131.900000,7.360405,-15.891993,-0.486783,-10.292985
1784102045752,131.920000,3.000840,-15.431460,-0.706569,-8.975311
1784102045772,131.940000,7.065715,-13.709575,-0.935492,-3.799188
1784102045792,131.960000,22.317238,-11.135323,-1.000000,5.029803
1784102045812,131.980000,36.502914,-8.109450,-0.703334,12.854939
1784102045832,132.000000,39.541065,-4.901179,-0.016664,14.669726
1784102045852,132.020000,34.127457,-1.617045,0.093106,10.745318
1784102045872,132.040000,31.335905,1.679952,0.033459,5.474493
1784102045892,132.060000,28.256450,4.780626,-0.021688,0.961510
1784102045912,132.080000,35.135937,7.265900,-0.086935,-5.302733
1784102045932,132.100000,17.331890,8.649581,-0.105783,-15.487744
1784102045952,132.120000,5.763942,8.580892,-0.100666,-26.935257
1784102045972,132.140000,7.827744,6.933231,-0.141259,-34.719018
1784102045992,132.160000,-0.248650,3.790814,-0.144925,-37.208656
1784102046012,132.180000,5.001221,-0.555245,-0.100089,-37.302663
1784102046032,132.200000,10.651491,-5.579056,-0.002155,-38.211274
1784102046052,132.220000,1.973217,-10.549381,0.169557,-38.897978
1784102046072,132.240000,8.246519,-14.680753,0.246862,-35.191798
1784102046092,132.260000,17.504023,-17.339796,0.336896,-25.919480
1784102046112,132.280000,32.914017,-18.171297,0.359917,-15.617728
1784102046132,132.300000,39.161540,-17.078508,0.360387,-8.848614
1784102046152,132.320000,41.422318,-14.139404,0.414232,-2.904367
1784102046172,132.340000,51.092200,-9.588938,0.466735,10.809647
1784102046192,132.360000,77.400070,-3.848531,0.494473,36.950499
1784102046212,132.380000,114.207530,2.548162,0.531015,69.425501
1784102046232,132.400000,138.360660,9.174656,0.542149,95.721460
1784102046252,132.420000,137.602550,15.877702,0.464038,106.658608
1784102046272,132.440000,135.339500,22.648819,0.311071,100.802391
1784102046292,132.460000,114.791610,29.236715,0.136696,82.212697
1784102046312,132.480000,88.205860,34.821470,0.020621,57.416611
1784102046332,132.500000,51.828460,38.033640,-0.115472,33.292272
1784102046352,132.520000,37.232132,37.332714,-0.313402,14.283653
1784102046372,132.540000,22.372725,31.569616,-0.486783,1.015354
1784102046392,132.560000,1.725759,20.507137,-0.706569,-7.822467
1784102046412,132.580000,-3.921215,5.065553,-0.935492,-13.581711
1784102046432,132.600000,-12.949217,-12.837604,-1.000000,-17.999474
1784102046452,132.620000,-20.040230,-30.769419,-0.703334,-23.005105
1784102046472,132.640000,-30.219263,-46.358593,-0.016664,-28.496149
1784102046492,132.660000,-35.819824,-57.773860,0.000000,-31.368025
1784102046512,132.680000,-44.177116,-64.006860,0.000000,-28.712324
1784102046532,132.700000,-32.000168,-64.911600,0.000000,-22.350059
1784102046552,132.720000,-33.227640,-61.010790,0.000000,-18.417995
1784102046572,132.740000,-37.454290,-53.192120,0.000000,-21.126302
1784102046592,132.760000,-49.742348,-42.479473,0.000000,-28.242629
1784102046612,132.780000,-64.336200,-29.973694,0.000000,-34.577613
1784102046632,132.800000,-59.493828,-16.870010,0.000000,-38.858313
1784102046652,132.820000,-67.185820,-4.371080,0.000000,-44.028756
1784102046672,132.840000,-76.287850,6.537207,0.000000,-50.249611
1784102046692,132.860000,-79.565155,15.283524,0.000000,-51.128831
1784102046712,132.880000,-71.843030,21.746834,0.000000,-39.862203
1784102046732,132.900000,-41.735134,26.187922,0.000000,-18.093290
1784102046752,132.920000,-18.665297,29.211823,0.000000,3.905910
1784102046772,132.940000,-10.218212,31.731970,0.336896,16.127443
1784102046792,132.960000,-6.488601,34.759567,0.359917,16.449630
1784102046812,132.980000,-13.987468,38.979397,0.360387,10.025562
1784102046832,133.000000,-10.383884,44.345690,0.414232,3.828254
1784102046852,133.020000,-15.392594,50.006287,0.466735,2.422172
1784102046872,133.040000,-9.610888,54.634960,0.494473,6.210313
1784102046892,133.060000,0.745081,56.971310,0.531015,11.458111
1784102046912,133.080000,8.966170,56.288685,0.542149,13.397916
1784102046932,133.100000,8.166861,52.597310,0.464038,11.492767
1784102046952,133.120000,8.504567,46.527924,0.311071,10.632391
1784102046972,133.140000,11.158072,38.993930,0.136696,14.548463
1784102046992,133.160000,22.257607,30.847084,0.020621,18.506917
1784102047012,133.180000,26.302711,22.714792,-0.115472,12.928286
1784102047032,133.200000,26.499634,15.020623,-0.313402,-3.076467
1784102047052,133.220000,-36.153580,8.003572,-0.486783,-16.730845
1784102047072,133.240000,13.178706,1.617924,-0.706569,-15.937062
1784102047092,133.260000,20.437836,-4.479474,-0.935492,-4.267813
1784102047112,133.280000,23.713696,-10.616866,-1.000000,4.660982
1784102047132,133.300000,24.264435,-16.687958,-0.703334,3.718063
1784102047152,133.320000,24.452036,-22.095636,-0.016664,-1.940457
1784102047172,133.340000,18.805862,-26.151703,0.093106,-2.352008
1784102047192,133.360000,35.734566,-28.512886,0.033459,7.555189
1784102047212,133.380000,50.136750,-29.268707,-0.021688,24.337129
1784102047232,133.400000,65.506546,-28.715622,-0.086935,39.801077
1784102047252,133.420000,78.686570,-27.083610,-0.105783,47.867872
1784102047272,133.440000,66.353775,-24.451060,-0.100666,48.203455
1784102047292,133.460000,71.306500,-20.906454,-0.141259,43.793547
1784102047312,133.480000,54.703930,-16.789864,-0.144925,36.171186
1784102047332,133.500000,47.968140,-12.787037,-0.100089,24.439312
1784102047352,133.520000,31.541412,-9.793186,-0.002155,8.913295
1784102047372,133.540000,0.180614,-8.650587,0.169557,-6.319110
1784102047392,133.560000,3.920196,-9.920707,0.246862,-16.197841
1784102047412,133.580000,-14.350010,-13.738400,0.336896,-19.402344
1784102047432,133.600000,-8.982928,-19.721740,0.359917,-19.069766
1784102047452,133.620000,-16.515114,-26.964330,0.360387,-19.182615
1784102047472,133.640000,-18.623066,-34.181347,0.321173,-20.944135
1784102047492,133.660000,-33.315770,-40.022106,0.351305,-22.780948
1784102047512,133.680000,-25.361986,-43.429947,0.355780,-23.253090
1784102047532,133.700000,-35.738716,-43.875700,0.348416,-22.638552
1784102047552,133.720000,-36.340620,-41.379635,0.375772,-21.608101
1784102047572,133.740000,-39.069748,-36.373013,0.431820,-20.109483
1784102047592,133.760000,-45.108463,-29.516703,0.425494,-18.452410
1784102047612,133.780000,-42.218270,-21.549840,0.390281,-18.215498
1784102047632,133.800000,-48.734497,-13.172256,0.356758,-20.369184
1784102047652,133.820000,-59.952140,-4.968070,0.321258,-22.604714
1784102047672,133.840000,-55.778530,2.611497,0.259494,-20.266484
1784102047692,133.860000,-56.116020,9.240779,0.168376,-10.718807
1784102047712,133.880000,-32.131596,14.755008,0.066106,3.977554
1784102047732,133.900000,-34.110115,19.234362,-0.022750,18.782102
1784102047752,133.920000,-17.073849,23.030935,-0.141850,29.028899
1784102047772,133.940000,-21.601885,26.634400,-0.332287,32.448391
1784102047792,133.960000,-20.708010,30.415155,-0.501878,30.087364
1784102047812,133.980000,-28.601048,34.394180,-0.731588,26.253753
1784102047832,134.000000,-35.900750,38.171253,-0.931135,25.857954
1784102047852,134.020000,-25.876167,41.050957,-0.979980,29.962983
1784102047872,134.040000,-24.093811,42.325794,-0.833622,34.226930
1784102047892,134.060000,-29.126228,41.587753,-0.024446,32.620160
1784102047912,134.080000,-34.112858,38.880390,0.103495,22.611021
1784102047932,134.100000,-58.082657,34.590565,0.059105,6.788709
1784102047952,134.120000,-66.806750,29.169367,0.009620,-9.885481
1784102047972,134.140000,-88.321520,22.899942,-0.019698,-23.951335
1784102047992,134.160000,-86.627380,15.871396,-0.038329,-34.642923
1784102048012,134.180000,-106.854770,8.142799,-0.063028,-41.896985
1784102048032,134.200000,-93.276450,-0.047564,-0.088950,-44.247312
1784102048052,134.220000,-97.753420,-8.169141,-0.077172,-39.660544
1784102048072,134.240000,-87.924576,-15.432754,-0.028946,-29.396006
1784102048092,134.260000,-72.872250,-20.941223,0.047474,-20.295919
1784102048112,134.280000,-50.852493,-23.881447,0.163046,-19.582054
1784102048132,134.300000,-90.909996,-23.718070,0.415843,-26.278207
1784102048152,134.320000,-75.089490,-20.411299,0.461878,-31.924808
1784102048172,134.340000,-71.157130,-14.580045,0.489059,-30.560896
1784102048192,134.360000,-60.804657,-7.398441,0.488052,-23.471413
1784102048212,134.380000,-53.179290,-0.167597,0.444298,-14.159834
1784102048232,134.400000,-42.121730,6.164083,0.435429,-3.797111
1784102048252,134.420000,-26.649185,11.203443,0.427839,7.142035
1784102048272,134.440000,-12.739759,15.014992,0.301834,16.384885
1784102048292,134.460000,-8.278668,17.905680,0.178401,21.423132
1784102048312,134.480000,-6.007504,20.200804,0.094197,22.590239
1784102048332,134.500000,-4.538320,22.048544,0.059795,23.224337
1784102048352,134.520000,7.405106,23.323029,0.035599,27.000396
1784102048372,134.540000,2.266717,23.691950,-0.065363,35.081804
1784102048392,134.560000,30.159937,22.816092,-0.214188,44.782813
1784102048412,134.580000,20.702763,20.557943,-0.323809,50.859198
1784102048432,134.600000,33.703410,17.070940,-0.431347,49.178414
1784102048452,134.620000,12.465489,12.712556,-0.613004,39.719364
1784102048472,134.640000,2.161619,7.825787,-0.797918,25.897481
1784102048492,134.660000,-12.373197,2.524427,-0.891013,11.185040
1784102048512,134.680000,-29.078861,-3.358897,-0.941527,-2.960370
1784102048532,134.700000,-43.400356,-10.120503,-0.960278,-15.831649
1784102048552,134.720000,-47.973225,-17.932350,0.075089,-25.238771
1784102048572,134.740000,-69.249306,-26.637548,0.439030,-28.263999
1784102048592,134.760000,-57.345016,-35.691647,0.383039,-25.249715
1784102048612,134.780000,-54.222015,-44.232437,0.255017,-21.074132
1784102048632,134.800000,-54.311123,-51.216370,0.139935,-19.725353
1784102048652,134.820000,-70.776886,-55.619904,0.050758,-19.163096
1784102048672,134.840000,-59.646920,-56.716564,-0.039883,-14.595976
1784102048692,134.860000,-51.738120,-54.313904,-0.074450,-5.095784
1784102048712,134.880000,-43.111576,-48.759907,-0.096916,6.149121
1784102048732,134.900000,-48.797140,-40.720303,-0.075665,16.251317
1784102048752,134.920000,-30.573070,-30.948404,-0.003742,24.177145
1784102048772,134.940000,-35.925144,-20.192850,0.105864,29.356847
1784102048792,134.960000,-35.956974,-9.190911,0.267531,31.235358
1784102048812,134.980000,-44.178696,1.333131,0.415843,29.547382
1784102048832,135.000000,-46.521168,10.678515,0.461878,24.124055
1784102048852,135.020000,-66.982770,18.195520,0.489059,15.257859
1784102048872,135.040000,-69.351170,23.350138,0.488052,4.647520
1784102048892,135.060000,-97.408960,25.807306,0.444298,-4.836054
1784102048912,135.080000,-89.232770,25.494987,0.299709,-10.894406
1784102048932,135.100000,-105.822050,22.650614,0.330617,-13.107125
1784102048952,135.120000,-99.782440,17.848608,0.338959,-12.687288
1784102048972,135.140000,-108.246720,11.963387,0.330465,-11.725107
1784102048992,135.160000,-98.058030,6.034929,0.338647,-12.373926
1784102049012,135.180000,-115.701480,1.061391,0.395675,-15.676197
1784102049032,135.200000,-111.929380,-2.218465,0.378890,-21.024479
1784102049052,135.220000,-121.765686,-3.482815,0.286462,-26.762406
1784102049072,135.240000,-122.031906,-2.861316,0.174368,-30.847355
1784102049092,135.260000,-129.500840,-0.825542,0.094736,-31.481739
1784102049112,135.280000,-113.794876,2.016402,0.062376,-28.127856
1784102049132,135.300000,-115.529770,5.137561,0.051783,-21.959554
1784102049152,135.320000,-104.740080,8.242921,0.032299,-15.279233
1784102049172,135.340000,-93.875720,11.298501,-0.013759,-10.292125
1784102049192,135.360000,-88.074990,14.439080,-0.098078,-7.428593
1784102049212,135.380000,-92.933580,17.808657,-0.238511,-5.106603
1784102049232,135.400000,-77.141470,21.406961,-0.403635,-2.535109
1784102049252,135.420000,-79.077510,25.015284,-0.632384,-1.855334
1784102049272,135.440000,-69.219490,28.244913,-0.813989,-5.417672
1784102049292,135.460000,-87.165520,30.663940,-0.913597,-11.795816
1784102049312,135.480000,-81.800865,31.888208,-0.958303,-17.041436
1784102049332,135.500000,-81.835335,31.604837,0.115376,-19.439799
1784102049352,135.520000,-70.643234,29.622240,0.475898,-20.195440
1784102049372,135.540000,-83.702835,25.980920,0.394285,-19.336166
1784102049392,135.560000,-55.874897,21.022009,0.294571,-13.810791
1784102049412,135.580000,-60.490540,15.334926,0.198318,-0.934681
1784102049432,135.600000,-20.962450,9.636775,0.131957,17.293006
1784102049452,135.620000,-13.400347,4.673485,0.030090,34.375439
1784102049472,135.640000,8.898067,1.134622,-0.097610,44.197015
1784102049492,135.660000,-1.270017,-0.495157,-0.211403,45.592857
1784102049512,135.680000,12.645126,-0.146109,-0.274863,42.349491
1784102049532,135.700000,-3.722458,1.690076,-0.220914,39.565154
1784102049552,135.720000,9.217773,4.022724,-0.036224,39.906827
1784102049572,135.740000,5.700984,5.661478,0.061270,42.317838
1784102049592,135.760000,11.937918,5.618471,0.168320,43.673027
1784102049612,135.780000,4.720014,3.410768,0.261502,41.521131
1784102049632,135.800000,5.855923,-0.871077,0.322954,35.423878
1784102049652,135.820000,-16.353642,-6.725623,0.366527,26.234850
1784102049672,135.840000,-14.237884,-13.511569,0.425821,14.916226
1784102049692,135.860000,-32.826443,-20.665740,0.408673,2.814750
1784102049712,135.880000,-50.009438,-27.786264,0.314249,-7.745665
1784102049732,135.900000,-57.158400,-34.609623,0.199906,-14.876012
1784102049752,135.920000,-46.189167,-40.926678,0.123251,-18.228069
1784102049772,135.940000,-70.783660,-46.465347,0.088806,-17.340750
1784102049792,135.960000,-50.354935,-50.808044,0.074501,-11.310439
1784102049812,135.980000,-52.664143,-53.417675,0.054596,-2.034679
1784102049832,136.000000,-36.203850,-53.756607,0.007543,4.753273
1784102049852,136.020000,-46.317837,-51.421880,-0.076495,4.056634
1784102049872,136.040000,-52.184700,-46.281750,-0.187153,-3.792644
1784102049892,136.060000,-72.168930,-38.635620,-0.314680,-14.501746
1784102049912,136.080000,-72.031630,-29.305552,-0.515113,-24.748367
1784102049932,136.100000,-87.203995,-19.511500,-0.745367,-33.755973
1784102049952,136.120000,-92.133260,-10.531592,-0.904773,-40.576586
1784102049972,136.140000,-103.991890,-3.328561,-0.954784,-42.918795
1784102049992,136.160000,-88.782326,1.674381,0.201942,-39.881454
1784102050012,136.180000,-92.110970,4.633670,0.562364,-33.850306
1784102050032,136.200000,-75.141970,6.196554,0.447911,-28.309161
1784102050052,136.220000,-86.707920,7.302554,0.326168,-24.985885
1784102050072,136.240000,-72.757380,8.881610,0.224201,-24.084653
1784102050092,136.260000,-76.643650,11.546203,0.156407,-25.668187
1784102050112,136.280000,-77.551190,15.423558,0.052339,-29.025679
1784102050132,136.300000,-84.278930,20.176043,-0.078119,-31.552059
1784102050152,136.320000,-70.474236,25.156030,-0.194370,-29.690111
1784102050172,136.340000,-70.033750,29.635519,-0.273036,-20.843394
1784102050192,136.360000,-40.540234,33.064240,-0.312812,-4.662665
1784102050212,136.380000,-32.722770,35.276800,-0.214730,15.954342
1784102050232,136.400000,3.600799,36.546780,-0.054710,34.833219
1784102050252,136.420000,6.707693,37.452860,0.061270,45.750905
1784102050272,136.440000,26.009216,38.608700,0.168320,47.841397
1784102050292,136.460000,5.231122,40.346160,0.261502,46.606085
1784102050312,136.480000,17.772295,42.469120,0.322954,47.043065
1784102050332,136.500000,29.122322,44.231100,0.366527,47.187330
1784102050352,136.520000,23.647902,44.619812,0.425821,41.849940
1784102050372,136.540000,0.186462,42.781330,0.408673,31.102083
1784102050392,136.560000,13.043110,38.280407,0.314249,20.923778
1784102050412,136.580000,-9.359914,31.102942,0.199906,16.094921
1784102050432,136.600000,10.217916,21.572136,0.123251,15.220009
1784102050452,136.620000,-4.082621,10.328826,0.088806,12.759174
1784102050472,136.640000,0.820639,-1.691480,0.074501,4.982898
1784102050492,136.660000,-17.481026,-13.410731,0.054596,-5.999435
1784102050512,136.680000,-15.197653,-23.865530,0.007543,-13.909885
1784102050532,136.700000,-28.697372,-32.429604,-0.076495,-14.479704
1784102050552,136.720000,-3.888284,-38.863956,-0.187153,-10.257815
1784102050572,136.740000,-16.204262,-43.170696,-0.314680,-8.374333
1784102050592,136.760000,-3.600188,-45.391857,0.061270,-12.891875
1784102050612,136.780000,-29.127740,-45.542156,0.168320,-20.346992
1784102050632,136.800000,-17.461525,-43.726350,0.261502,-23.787649
1784102050652,136.820000,-23.153683,-40.284676,0.322954,-20.220452
1784102050672,136.840000,4.448658,-35.757656,0.366527,-12.499004
1784102050692,136.860000,-11.302392,-30.660772,0.425821,-4.859698
1784102050712,136.880000,12.580850,-25.280684,0.408673,0.656350
1784102050732,136.900000,7.357808,-19.670110,0.314249,3.602801
1784102050752,136.920000,19.243565,-13.802188,0.199906,3.924621
1784102050772,136.940000,0.843709,-7.737499,0.123251,1.851790
1784102050792,136.960000,15.529794,-1.719820,0.088806,-2.485492
1784102050812,136.980000,1.306588,3.822210,0.074501,-8.840087
1784102050832,137.000000,-3.212202,8.371022,0.054596,-15.512158
1784102050852,137.020000,-8.580705,11.466357,0.007543,-19.564393
1784102050872,137.040000,1.470207,12.834541,-0.076495,-19.024394
1784102050892,137.060000,-3.671689,12.481420,-0.187153,-14.113059
1784102050912,137.080000,15.846085,10.744896,-0.314680,-6.538426
1784102050932,137.100000,18.436762,8.268391,-0.515113,1.739737
1784102050952,137.120000,31.199718,5.863194,-0.745367,9.207058
1784102050972,137.140000,33.129160,4.294300,-0.904773,14.587176
1784102050992,137.160000,45.559437,4.069639,-0.954784,16.512177
1784102051012,137.180000,32.839600,5.303558,0.201942,14.218586
1784102051032,137.200000,43.731000,7.692410,0.562364,8.658941
1784102051052,137.220000,22.304838,10.598798,0.447911,2.392622
1784102051072,137.240000,33.875412,13.212672,0.326168,-1.950145
1784102051092,137.260000,25.940004,14.762684,0.224201,-2.824361
1784102051112,137.280000,43.002540,14.743462,0.156407,0.538659
1784102051132,137.300000,30.093855,13.080070,0.052339,7.791731
1784102051152,137.320000,62.277107,10.147392,-0.078119,15.550100
1784102051172,137.340000,54.724007,6.640327,-0.194370,18.212887
1784102051192,137.360000,63.582153,3.358261,-0.273036,13.403233
1784102051212,137.380000,35.643890,0.950024,-0.312812,5.229994
1784102051232,137.400000,56.697514,-0.330103,-0.214730,0.158738
1784102051252,137.420000,41.381560,-0.716880,-0.054710,0.859781
1784102051272,137.440000,63.832970,-0.759667,0.061270,5.105207
1784102051292,137.460000,52.744534,-0.974697,0.168320,8.768788
1784102051312,137.480000,69.122635,-1.579836,0.261502,8.441553
1784102051332,137.500000,53.289444,-2.471799,0.322954,2.694081
1784102051352,137.520000,59.784843,-3.397069,0.366527,-6.770932
1784102051372,137.540000,42.313942,-4.166399,0.425821,-15.024175
1784102051392,137.560000,47.030150,-4.783562,0.408673,-17.526703
1784102051412,137.580000,37.156036,-5.429891,0.314249,-15.871790
1784102051432,137.600000,62.861187,-6.319231,0.199906,-17.254964
1784102051452,137.620000,59.234886,-7.496329,0.123251,-24.087206
1784102051472,137.640000,18.013288,-8.739977,0.088806,-27.629064
1784102051492,137.660000,55.081623,-9.708503,0.074501,-19.026409
1784102051512,137.680000,88.263054,-10.162040,0.054596,-3.006932
1784102051532,137.700000,79.651350,-9.951159,0.007543,7.725023
1784102051552,137.720000,86.712494,-8.830724,-0.076495,8.139172
1784102051572,137.740000,75.553080,-6.482931,-0.187153,3.405306
1784102051592,137.760000,90.505486,-2.845244,-0.314680,-1.039050
1784102051612,137.780000,68.998474,1.637955,-0.515113,-5.357403
1784102051632,137.800000,80.871506,6.125188,-0.745367,-11.743228
1784102051652,137.820000,61.448710,9.702073,-0.904773,-18.854815
1784102051672,137.840000,64.080980,11.663373,-0.954784,-21.536837
1784102051692,137.860000,67.781570,11.666324,0.201942,-15.852002
1784102051712,137.880000,86.911170,9.800231,0.000000,-3.308891
1784102051732,137.900000,93.304780,6.605215,0.000000,10.610592
1784102051752,137.920000,114.503610,2.998930,0.000000,21.456761
1784102051772,137.940000,104.523254,0.050366,0.000000,28.562286
1784102051792,137.960000,127.251850,-1.367231,0.000000,33.385656
1784102051812,137.980000,113.350850,-0.878682,0.000000,36.602151
1784102051832,138.000000,129.581360,1.294650,0.000000,37.389358
1784102051852,138.020000,104.523224,4.455467,0.000000,34.651402
1784102051872,138.040000,123.045100,7.668196,0.000000,28.498625
1784102051892,138.060000,88.814880,10.004575,0.000000,21.074127
1784102051912,138.080000,99.091750,10.736033,0.000000,15.408233
1784102051932,138.100000,78.975266,9.452502,0.000000,12.385663
1784102051952,138.120000,91.288880,6.120474,0.000000,9.469395
1784102051972,138.140000,65.682434,1.090334,0.000000,3.522381
1784102051992,138.160000,70.441930,-4.976617,0.000000,-5.546532
1784102052012,138.180000,39.720074,-11.289131,0.000000,-14.827162
1784102052032,138.200000,46.557300,-17.154001,0.000000,-21.796715
1784102052052,138.220000,30.549591,-22.115423,0.000000,-26.562110
1784102052072,138.240000,25.199154,-25.938871,0.000000,-30.498680
1784102052092,138.260000,19.349384,-28.509651,0.000000,-33.566546
1784102052112,138.280000,20.888567,-29.748795,0.000000,-33.417162
1784102052132,138.300000,9.401557,-29.586443,0.000000,-27.274122
1784102052152,138.320000,38.464878,-27.965094,0.000000,-15.084410
1784102052172,138.340000,33.698967,-24.827272,0.000000,-0.443154
1784102052192,138.360000,54.999410,-20.098507,0.000000,11.796828
1784102052212,138.380000,44.177890,-13.727616,0.000000,18.096066
1784102052232,138.400000,57.568466,-5.818719,0.000000,17.089912
1784102052252,138.420000,30.054989,3.207394,0.000000,9.867018
1784102052272,138.440000,33.094025,12.542891,0.000000,-0.327329
1784102052292,138.460000,0.730342,21.077360,0.000000,-10.015590
1784102052312,138.480000,12.869679,27.624273,0.000000,-17.583223
1784102052332,138.500000,-14.813580,31.234247,0.000000,-22.902685
1784102052352,138.520000,-4.646434,31.483460,0.000000,-25.319069
1784102052372,138.540000,-21.006243,28.604752,0.061270,-23.486575
1784102052392,138.560000,-5.442215,23.411118,0.168320,-17.575042
1784102052412,138.580000,-10.425859,17.076178,0.261502,-10.311171
1784102052432,138.600000,6.681351,10.876409,0.322954,-4.638925
1784102052452,138.620000,-15.396626,5.942843,0.366527,-0.981760
1784102052472,138.640000,6.848500,3.030500,0.425821,2.074468
1784102052492,138.660000,-7.091793,2.367484,0.408673,5.256121
1784102052512,138.680000,0.472291,3.664701,0.314249,7.938546
1784102052532,138.700000,-8.702587,6.277442,0.199906,9.196788
1784102052552,138.720000,-1.285130,9.421978,0.123251,8.784412
1784102052572,138.740000,-21.801046,12.353890,0.088806,7.640973
1784102052592,138.760000,-5.226701,14.481969,0.074501,7.875346
1784102052612,138.780000,-19.889450,15.436915,0.054596,12.053813
1784102052632,138.800000,-7.484059,15.108773,0.007543,21.359134
1784102052652,138.820000,-3.555387,13.654531,-0.076495,33.421568
1784102052672,138.840000,17.992556,11.473523,-0.187153,43.249193
1784102052692,138.860000,-1.292901,9.130776,-0.314680,47.689195
1784102052712,138.880000,11.203132,7.194384,-0.515113,47.779874
1784102052732,138.900000,-4.413445,6.008960,-0.745367,45.957953
1784102052752,138.920000,-2.495377,5.529711,-0.904773,42.483693
1784102052772,138.940000,-17.463165,5.342678,-0.954784,35.532785
1784102052792,138.960000,-25.898613,4.850632,0.201942,23.906975
1784102052812,138.980000,-56.395560,3.479237,0.562364,8.474121
1784102052832,139.000000,-60.166350,0.801726,0.447911,-9.068051
1784102052852,139.020000,-98.799740,-3.408466,0.326168,-27.403474
1784102052872,139.040000,-93.322426,-9.146332,0.224201,-44.528969
1784102052892,139.060000,-138.438890,-16.144838,0.156407,-56.683906
1784102052912,139.080000,-116.227030,-23.872377,0.052339,-60.466970
1784102052932,139.100000,-135.676210,-31.564860,-0.078119,-56.155981
1784102052952,139.120000,-104.183340,-38.266020,-0.194370,-47.496089
1784102052972,139.140000,-120.974410,-42.897930,-0.273036,-38.352209
1784102052992,139.160000,-95.516740,-44.431183,-0.312812,-31.084394
1784102053012,139.180000,-108.899590,-42.161260,-0.214730,-27.665974
1784102053032,139.200000,-90.444305,-35.967533,-0.054710,-29.499791
1784102053052,139.220000,-115.184300,-26.412638,0.061270,-34.688708
1784102053072,139.240000,-102.686690,-14.650119,0.168320,-37.505747
1784102053092,139.260000,-117.580540,-2.188305,0.261502,-33.146285
1784102053112,139.280000,-82.041140,9.447951,0.322954,-22.682868
1784102053132,139.300000,-88.718445,19.103846,0.366527,-11.135887
1784102053152,139.320000,-58.545887,26.286020,0.425821,-0.497094
1784102053172,139.340000,-68.571945,31.186815,0.408673,12.705314
1784102053192,139.360000,-30.324463,34.423360,0.314249,31.293865
1784102053212,139.380000,-20.027658,36.687950,0.199906,51.154432
1784102053232,139.400000,15.858567,38.535152,0.061270,64.364774
1784102053252,139.420000,-8.890186,40.319030,0.168320,67.893637
1784102053272,139.440000,11.718471,42.122265,0.261502,65.691063
1784102053292,139.460000,-3.473148,43.634410,0.322954,62.223421
1784102053312,139.480000,9.892142,44.144745,0.366527,57.486215
1784102053332,139.500000,-13.561621,42.770280,0.425821,49.074813
1784102053352,139.520000,-10.030527,38.794420,0.408673,36.257993
1784102053372,139.540000,-41.942470,31.890528,0.314249,20.536895
1784102053392,139.560000,-33.762836,22.158178,0.199906,3.983867
1784102053412,139.580000,-66.351030,10.062228,0.123251,-11.021224
1784102053432,139.600000,-60.772614,-3.643636,0.088806,-21.411066
1784102053452,139.620000,-79.694270,-17.997963,0.074501,-25.229361
1784102053472,139.640000,-52.131520,-31.913559,0.054596,-24.013790
1784102053492,139.660000,-75.070420,-44.248750,0.007543,-22.072487
1784102053512,139.680000,-50.247710,-53.901287,-0.076495,-23.319915
1784102053532,139.700000,-72.935690,-59.978424,-0.187153,-29.026386
1784102053552,139.720000,-66.867520,-62.021496,-0.314680,-37.868278
1784102053572,139.740000,-87.456276,-60.172900,-0.515113,-47.314253
1784102053592,139.760000,-71.119580,-55.166397,-0.745367,-54.325948
1784102053612,139.780000,-97.377270,-48.113907,-0.904773,-55.212963
1784102053632,139.800000,-64.199615,-40.173927,-0.954784,-47.142617
1784102053652,139.820000,-62.429672,-32.226982,0.201942,-31.179164
1784102053672,139.840000,-31.874413,-24.661910,0.562364,-12.968977
1784102053692,139.860000,-23.098910,-17.343729,0.447911,0.611255
1784102053712,139.880000,-7.831550,-9.798480,0.326168,6.202674
1784102053732,139.900000,-21.067883,-1.575857,0.224201,6.171550
1784102053752,139.920000,3.160948,7.378194,0.156407,6.548341
1784102053772,139.940000,-16.314410,16.556665,0.052339,12.515717
1784102053792,139.960000,23.200457,25.035110,0.092524,24.656997
1784102053812,139.980000,17.296146,31.847273,0.199263,38.556387
1784102053832,140.000000,48.332070,36.377580,0.280430,48.242642
1784102053852,140.020000,29.153015,38.543087,0.330105,50.432299
1784102053872,140.040000,49.655178,38.677643,0.385086,45.980855
1784102053892,140.060000,19.119010,37.222660,0.423924,38.347441
1784102053912,140.080000,34.942635,34.444996,0.406483,31.147744
1784102053932,140.100000,13.476248,30.355818,0.328383,26.443456
1784102053952,140.120000,25.716480,24.843527,0.219924,24.011761
1784102053972,140.140000,6.149099,17.897060,0.131409,21.168532
1784102053992,140.160000,22.262321,9.767585,0.047361,14.036126
1784102054012,140.180000,-11.573271,0.980415,-0.012004,1.076288
1784102054032,140.200000,-6.793899,-7.802454,-0.078262,-14.293062
1784102054052,140.220000,-44.551200,-15.994822,-0.162873,-26.350231
1784102054072,140.240000,-25.290325,-23.248344,-0.273601,-32.770552
1784102054092,140.260000,-40.107784,-29.437983,-0.393310,-35.839336
1784102054112,140.280000,-35.790436,-34.477203,-0.581609,-37.800012
1784102054132,140.300000,-54.071670,-38.151913,-0.752053,-37.862338
1784102054152,140.320000,-19.534346,-40.128124,-0.900016,-34.492401
1784102054172,140.340000,-43.919567,-40.076866,-0.977480,-27.877886
1784102054192,140.360000,-12.285556,-37.781530,0.162368,-19.714111
1784102054212,140.380000,-25.841618,-33.194240,0.523315,-12.467959
1784102054232,140.400000,2.695848,-26.477835,0.421934,-8.141432
1784102054252,140.420000,-17.726580,-18.028624,0.302982,-6.106783
1784102054272,140.440000,-1.771754,-8.460280,0.201540,-3.255938
1784102054292,140.460000,-6.636853,1.443017,0.158181,2.347224
1784102054312,140.480000,16.766960,10.831856,0.097147,9.086421
1784102054332,140.500000,0.672906,18.970316,-0.020360,13.933722
1784102054352,140.520000,22.473316,25.394943,-0.092477,15.654152
1784102054372,140.540000,1.368133,29.939820,-0.143866,15.096850
1784102054392,140.560000,20.093302,32.633183,-0.167968,13.366104
1784102054412,140.580000,-2.110891,33.576836,0.415965,10.544033
1784102054432,140.600000,10.588627,32.887592,0.491607,5.824419
1784102054452,140.620000,-16.249230,30.691406,0.508334,-1.575464
1784102054472,140.640000,-2.627768,27.135834,0.487980,-11.174631
1784102054492,140.660000,-39.719185,22.401438,0.451093,-20.202487
1784102054512,140.680000,-14.598118,16.711077,0.408329,-23.977865
1784102054532,140.700000,-35.520700,10.359273,0.354279,-18.222273
1784102054552,140.720000,-1.429944,3.775124,0.228826,-2.473572
1784102054572,140.740000,0.900607,-2.412381,0.099548,17.838426
1784102054592,140.760000,40.673416,-7.372744,-0.024835,34.144894
1784102054612,140.780000,24.708181,-10.204860,-0.130302,41.630268
1784102054632,140.800000,42.008736,-10.220231,-0.216810,42.825245
1784102054652,140.820000,19.777200,-7.290506,-0.299676,42.900142
1784102054672,140.840000,48.021214,-2.048955,-0.374311,42.637361
1784102054692,140.860000,18.416910,4.242196,-0.464125,38.344562
1784102054712,140.880000,29.560843,10.101442,-0.635126,27.951228
1784102054732,140.900000,-9.887519,14.242889,-0.835290,14.233207
1784102054752,140.920000,-1.502475,15.791592,-0.902374,1.202066
1784102054772,140.940000,-29.826561,14.328210,-0.989235,-10.333134
1784102054792,140.960000,-17.912914,9.899135,-0.947823,-21.535092
1784102054812,140.980000,-58.036907,3.020260,0.192092,-31.349194
1784102054832,141.000000,-40.175526,-5.407256,0.521678,-36.578397
1784102054852,141.020000,-51.639080,-14.280009,0.423887,-35.981767
1784102054872,141.040000,-35.989895,-22.469229,0.286685,-32.061035
1784102054892,141.060000,-52.675590,-28.934050,0.197442,-29.007089
1784102054912,141.080000,-26.984783,-32.829540,0.182598,-29.637308
1784102054932,141.100000,-46.366962,-33.647830,0.131443,-32.715839
1784102054952,141.120000,-42.408047,-31.337584,0.091910,-33.375198
1784102054972,141.140000,-48.850227,-26.335373,-0.016747,-28.913608
1784102054992,141.160000,-13.823271,-19.461954,-0.067028,-23.290992
1784102055012,141.180000,-41.205856,-11.671777,0.014319,-22.204637
1784102055032,141.200000,-18.207525,-3.777369,0.144254,-24.414149
1784102055052,141.220000,-39.876232,3.660773,0.287264,-21.873121
1784102055072,141.240000,-11.677662,10.257104,0.415965,-9.444956
1784102055092,141.260000,3.648921,15.734899,0.491607,8.245082
1784102055112,141.280000,33.674770,20.018137,0.508334,22.043979
1784102055132,141.300000,7.945784,23.340890,0.487980,28.283783
1784102055152,141.320000,38.764225,26.132952,0.451093,29.809555
1784102055172,141.340000,16.428743,28.693924,0.408329,28.897933
1784102055192,141.360000,40.890057,30.934540,0.355013,24.640934
1784102055212,141.380000,6.822074,32.399734,0.445423,17.666362
1784102055232,141.400000,16.422546,32.486336,0.516606,12.385759
1784102055252,141.420000,1.607422,30.656206,0.528645,12.036081
1784102055272,141.440000,32.653570,26.611895,0.482359,14.473816
1784102055292,141.460000,-2.115254,20.464626,0.406745,15.217248
1784102055312,141.480000,22.353523,12.793930,0.349493,12.642373
1784102055332,141.500000,0.960357,4.490772,0.269143,9.062489
1784102055352,141.520000,13.934365,-3.536490,0.252211,8.516456
1784102055372,141.540000,-3.409203,-10.598372,0.167220,13.573531
1784102055392,141.560000,33.030098,-16.290495,0.051680,22.954180
1784102055412,141.580000,17.789032,-20.413610,-0.059305,32.599398
1784102055432,141.600000,39.162395,-22.850235,-0.160964,38.875576
1784102055452,141.620000,18.424484,-23.526490,-0.309404,39.505211
1784102055472,141.640000,38.430206,-22.507616,-0.478649,32.823753
1784102055492,141.660000,-2.885826,-20.126905,-0.639477,18.891363
1784102055512,141.680000,-6.520832,-17.030200,-0.837034,0.689131
1784102055532,141.700000,-41.678467,-14.113750,-0.912336,-17.805790
1784102055552,141.720000,-34.048280,-12.353986,-0.975656,-33.889671
1784102055572,141.740000,-79.387950,-12.532399,-0.987742,-45.621264
1784102055592,141.760000,-57.003273,-14.953723,-0.848437,-51.068611
1784102055612,141.780000,-79.275955,-19.298943,-0.603411,-49.347405
1784102055632,141.800000,-51.674103,-24.661867,-0.295890,-41.500498
1784102055652,141.820000,-65.185510,-29.729803,-0.033896,-30.297697
1784102055672,141.840000,-30.104940,-33.066757,0.209179,-19.552755
1784102055692,141.860000,-45.437786,-33.450820,0.338414,-12.368260
1784102055712,141.880000,-19.930428,-30.175306,0.277168,-8.958243
1784102055732,141.900000,-48.839680,-23.234732,0.244952,-6.999412
1784102055752,141.920000,-10.652781,-13.350845,0.317221,-4.564182
1784102055772,141.940000,-36.910470,-1.798196,0.407079,-1.620511
1784102055792,141.960000,-14.159496,9.936791,0.426908,1.203867
1784102055812,141.980000,-26.527504,20.516481,0.396821,3.855261
1784102055832,142.000000,-0.693593,28.995370,0.359327,7.071949
1784102055852,142.020000,-24.584644,34.908947,0.341872,12.018720
1784102055872,142.040000,17.149752,38.240993,0.355013,18.763985
1784102055892,142.060000,-7.999118,39.316006,0.445423,24.748840
1784102055912,142.080000,24.386278,38.654453,0.516606,25.820537
1784102055932,142.100000,-1.056686,36.820415,0.528645,19.829240
1784102055952,142.120000,7.952195,34.268505,0.482359,9.450285
1784102055972,142.140000,-18.950241,31.208818,0.406745,0.531527
1784102055992,142.160000,1.570176,27.567406,0.349493,-3.136801
1784102056012,142.180000,-14.216437,23.111547,0.269143,-2.740063
1784102056032,142.200000,13.439472,17.704044,0.252211,-1.802954
1784102056052,142.220000,-16.158356,11.524346,0.167220,-2.118225
1784102056072,142.240000,19.688759,5.085457,0.051680,-3.449943
1784102056092,142.260000,-13.258533,-0.953280,-0.059305,-5.882406
1784102056112,142.280000,21.356870,-6.024727,-0.160964,-10.193267
1784102056132,142.300000,-13.930343,-9.806129,-0.309404,-15.634476
1784102056152,142.320000,12.308844,-12.258510,0.355013,-19.049269
1784102056172,142.340000,-9.006765,-13.585613,0.445423,-17.464515
1784102056192,142.360000,32.306420,-14.116521,0.516606,-10.995361
1784102056212,142.380000,9.419869,-14.129703,0.528645,-2.578050
1784102056232,142.400000,50.047047,-13.711135,0.482359,4.421108
1784102056252,142.420000,33.076775,-12.747067,0.406745,8.288140
1784102056272,142.440000,57.493145,-11.057040,0.349493,9.787542
1784102056292,142.460000,37.741516,-8.576922,0.269143,10.930972
1784102056312,142.480000,69.281290,-5.481176,0.252211,12.298427
1784102056332,142.500000,42.619576,-2.177701,0.167220,11.659436
1784102056352,142.520000,62.209170,0.808006,0.051680,5.207582
1784102056372,142.540000,25.613567,2.964578,-0.059305,-9.255194
1784102056392,142.560000,45.478497,3.863675,-0.160964,-28.428551
1784102056412,142.580000,-19.786755,3.173934,-0.309404,-43.175556
1784102056432,142.600000,20.110893,0.671145,-0.478649,-45.344753
1784102056452,142.620000,10.598900,-3.675874,-0.639477,-35.002078
1784102056472,142.640000,47.903520,-9.499630,-0.837034,-18.322855
1784102056492,142.660000,32.881878,-15.853977,-0.912336,-0.191759
1784102056512,142.680000,86.253220,-21.311700,-0.975656,17.897539
1784102056532,142.700000,74.297990,-24.383139,-0.987742,34.987398
1784102056552,142.720000,112.824390,-24.006790,-0.848437,49.252816
1784102056572,142.740000,94.067240,-19.861292,-0.603411,58.683387
1784102056592,142.760000,124.354640,-12.446625,-0.295890,61.790657
1784102056612,142.780000,95.634610,-2.968330,-0.033896,58.646037
1784102056632,142.800000,106.609695,6.934542,0.209179,51.864785
1784102056652,142.820000,79.794080,15.534920,0.338414,45.512293
1784102056672,142.840000,95.953610,21.354584,0.277168,42.105451
1784102056692,142.860000,65.434265,23.447792,0.244952,40.346517
1784102056712,142.880000,90.386670,21.581620,0.317221,35.774712
1784102056732,142.900000,48.650250,16.245451,0.407079,24.296148
1784102056752,142.920000,48.302654,8.448669,0.426908,5.493775
1784102056772,142.940000,3.944989,-0.640948,0.396821,-17.352552
1784102056792,142.960000,7.325449,-10.052673,0.359327,-39.260661
1784102056812,142.980000,-41.699240,-19.180563,0.341872,-55.404247
1784102056832,143.000000,-27.165493,-27.709015,0.355013,-63.716180
1784102056852,143.020000,-54.354458,-35.397312,0.445423,-66.988795
1784102056872,143.040000,-23.669643,-41.864124,0.516606,-69.907290
1784102056892,143.060000,-70.138880,-46.487774,0.528645,-72.792866
1784102056912,143.080000,-35.667300,-48.513310,0.482359,-70.891344
1784102056932,143.100000,-53.696266,-47.323563,0.406745,-60.919990
1784102056952,143.120000,-9.653432,-42.661156,0.349493,-45.677636
1784102056972,143.140000,-22.496813,-34.641087,0.269143,-30.831469
1784102056992,143.160000,13.810732,-23.632994,0.252211,-19.015215
1784102057012,143.180000,-4.494557,-10.202374,0.167220,-8.608151
1784102057032,143.200000,37.880722,4.851788,0.051680,2.738818
1784102057052,143.220000,25.387365,20.492956,-0.059305,15.272210
1784102057072,143.240000,60.262745,35.568558,-0.160964,27.492406
1784102057092,143.260000,43.027220,49.001180,-0.309404,37.287970
1784102057112,143.280000,83.605530,59.936580,-0.478649,42.824712
1784102057132,143.300000,57.616726,67.806305,-0.639477,44.448971
1784102057152,143.320000,77.355034,72.320440,-0.837034,45.327754
1784102057172,143.340000,62.060265,73.409340,-0.912336,47.769239
1784102057192,143.360000,91.294170,71.166695,-0.975656,49.269099
1784102057212,143.380000,60.519093,65.854030,-0.987742,44.368718
1784102057232,143.400000,70.972370,57.925293,-0.848437,30.363616
1784102057252,143.420000,29.756073,47.957775,-0.603411,10.367094
1784102057272,143.440000,37.249588,36.486477,0.000000,-8.508076
1784102057292,143.460000,-3.569714,23.890894,0.000000,-19.847404
1784102057312,143.480000,25.621677,10.455634,0.000000,-22.263112
1784102057332,143.500000,3.408160,-3.423479,0.000000,-19.606950
1784102057352,143.520000,34.273834,-17.033651,0.000000,-16.389995
1784102057372,143.540000,6.962345,-29.312872,0.000000,-13.574099
1784102057392,143.560000,38.469530,-39.069843,0.000000,-9.755400
1784102057412,143.580000,18.896654,-45.346966,0.355013,-5.279029
1784102057432,143.600000,49.993004,-47.702698,0.445423,-2.797407
1784102057452,143.620000,22.665459,-46.282368,0.516606,-3.416535
1784102057472,143.640000,42.140514,-41.727016,0.528645,-4.602587
1784102057492,143.660000,18.185452,-35.026875,0.482359,-3.657951
1784102057512,143.680000,51.465137,-27.341919,0.406745,-1.788683
1784102057532,143.700000,22.408321,-19.767843,0.349493,-2.286619
1784102057552,143.720000,43.141640,-13.112756,0.269143,-5.344510
1784102057572,143.740000,9.592479,-7.813066,0.252211,-7.372862
1784102057592,143.760000,43.845222,-4.011043,0.167220,-5.672871
1784102057612,143.780000,18.955545,-1.661242,0.051680,-1.430551
1784102057632,143.800000,48.753227,-0.555461,-0.059305,2.539401
1784102057652,143.820000,17.824545,-0.319920,-0.160964,4.843728
1784102057672,143.840000,47.324787,-0.492830,-0.309404,5.293688
1784102057692,143.860000,20.063654,-0.672501,-0.478649,3.783995
1784102057712,143.880000,40.206985,-0.630977,-0.639477,1.221641
1784102057732,143.900000,5.834950,-0.341098,-0.837034,0.276431
1784102057752,143.920000,41.696526,0.061920,-0.912336,3.478838
1784102057772,143.940000,17.403465,0.376512,-0.975656,10.989818
1784102057792,143.960000,49.938090,0.478315,-0.987742,20.449333
1784102057812,143.980000,27.526114,0.432281,-0.848437,27.863083
1784102057832,144.000000,59.422590,0.479467,-0.603411,29.160588
1784102057852,144.020000,21.653873,0.896968,-0.295890,23.068673
1784102057872,144.040000,29.820099,1.807764,-0.033896,12.688622
1784102057892,144.060000,-0.036877,3.030112,0.209179,2.971304
1784102057912,144.080000,12.388461,4.065845,0.338414,-3.267745
1784102057932,144.100000,-18.325962,4.282592,0.277168,-6.364904
1784102057952,144.120000,11.481171,3.213512,0.244952,-7.670235
1784102057972,144.140000,-28.623653,0.797787,0.317221,-7.714014
1784102057992,144.160000,0.357818,-2.579865,0.407079,-7.416293
1784102058012,144.180000,-28.048740,-6.245454,0.426908,-10.045934
1784102058032,144.200000,-11.781591,-9.474476,0.396821,-18.992395
1784102058052,144.220000,-55.388610,-11.710998,0.359327,-32.769831
1784102058072,144.240000,-49.476610,-12.727540,0.341872,-44.811872
1784102058092,144.260000,-77.764150,-12.694683,0.355013,-49.740575
1784102058112,144.280000,-47.328705,-12.076942,0.445423,-47.903712
1784102058132,144.300000,-73.022980,-11.335923,0.516606,-42.036867
1784102058152,144.320000,-36.028550,-10.613495,0.528645,-31.642824
1784102058172,144.340000,-58.790634,-9.623689,0.482359,-14.285402
1784102058192,144.360000,-0.109182,-7.801619,0.406745,7.660888
1784102058212,144.380000,-8.337491,-4.546006,0.349493,25.638906
1784102058232,144.400000,18.881077,0.588526,0.269143,32.523498
1784102058252,144.420000,-20.953001,7.711499,0.252211,29.083492
1784102058272,144.440000,4.939400,16.380966,0.167220,21.324529
1784102058292,144.460000,-26.498514,25.499084,0.051680,14.608504
1784102058312,144.480000,-13.850281,33.520298,-0.059305,11.946928
1784102058332,144.500000,-39.295578,38.928806,-0.160964,14.202989
1784102058352,144.520000,-2.424750,40.723495,-0.309404,19.285767
1784102058372,144.540000,-34.860584,38.700710,-0.478649,23.381948
1784102058392,144.560000,1.332871,33.469112,-0.639477,25.033784
1784102058412,144.580000,-36.393974,26.208765,-0.837034,26.784903
1784102058432,144.600000,-7.129489,18.260124,-0.912336,30.950835
1784102058452,144.620000,-25.970062,10.733577,-0.975656,34.429241
1784102058472,144.640000,-4.995118,4.320590,-0.987742,30.635376
1784102058492,144.660000,-48.195070,-0.697756,-0.848437,17.657216
1784102058512,144.680000,-44.064330,-4.394018,-0.603411,1.921382
1784102058532,144.700000,-83.075110,-7.174409,0.000000,-8.248838
1784102058552,144.720000,-52.724236,-9.697610,0.000000,-11.097887
1784102058572,144.740000,-85.319880,-12.607348,0.000000,-11.422900
1784102058592,144.760000,-63.929780,-16.181715,0.000000,-13.474729
1784102058612,144.780000,-95.934250,-20.168430,0.355013,-16.541109
1784102058632,144.800000,-69.240875,-23.929535,0.445423,-17.336085
1784102058652,144.820000,-95.524140,-26.748240,0.516606,-14.568351
1784102058672,144.840000,-66.133000,-28.070726,0.528645,-10.432416
1784102058692,144.860000,-87.692300,-27.596670,0.482359,-8.226607
1784102058712,144.880000,-64.172210,-25.274115,0.406745,-9.020287
1784102058732,144.900000,-101.053085,-21.282560,0.349493,-11.317905
1784102058752,144.920000,-65.422410,-16.031150,0.269143,-14.001127
1784102058772,144.940000,-104.185240,-10.123036,0.252211,-17.855424
1784102058792,144.960000,-74.238390,-4.242220,0.167220,-23.047215
1784102058812,144.980000,-113.749030,0.998039,0.051680,-26.522034
1784102058832,145.000000,-76.479690,5.165847,-0.059305,-23.685709
1784102058852,145.020000,-93.863815,8.068938,-0.160964,-12.761869
1784102058872,145.040000,-48.076940,9.808507,-0.309404,2.872111
1784102058892,145.060000,-65.066420,10.809150,-0.478649,16.308716
1784102058912,145.080000,-20.574638,11.735442,-0.639477,21.301139
1784102058932,145.100000,-63.316730,13.253261,-0.837034,16.227775
1784102058952,145.120000,-38.209200,15.704799,-0.912336,4.782005
1784102058972,145.140000,-76.562790,18.861986,-0.975656,-6.955164
1784102058992,145.160000,-52.292297,21.927904,-0.987742,-13.945533
1784102059012,145.180000,-80.188340,23.833029,-0.848437,-14.086086
1784102059032,145.200000,-43.945892,23.692022,-0.603411,-8.952873
1784102059052,145.220000,-61.280556,21.187569,-0.295890,-2.927403
1784102059072,145.240000,-25.098368,16.707907,-0.033896,-0.035599
1784102059092,145.260000,-60.150646,11.190774,0.209179,-0.996886
1784102059112,145.280000,-22.233765,5.744838,0.338414,-3.754269
1784102059132,145.300000,-58.559044,1.235386,0.277168,-6.312821
1784102059152,145.320000,-20.485691,-1.957046,0.244952,-7.880933
1784102059172,145.340000,-48.604935,-3.916946,0.317221,-7.490467
1784102059192,145.360000,-17.665478,-4.993891,0.407079,-3.502669
1784102059212,145.380000,-37.715607,-5.579703,0.426908,4.062673
1784102059232,145.400000,16.793110,-5.948041,0.396821,12.467795
1784102059252,145.420000,-12.513306,-6.161475,0.359327,19.917937
1784102059272,145.440000,22.789042,-6.073843,0.495310,28.081322
1784102059292,145.460000,6.573863,-5.463842,0.575063,37.489245
1784102059312,145.480000,51.519590,-4.223171,0.641867,43.076843
1784102059332,145.500000,26.689014,-2.441615,0.625032,39.569583
1784102059352,145.520000,28.839336,-0.371380,0.513010,29.945809
1784102059372,145.540000,1.203490,1.582031,0.405345,22.625670
1784102059392,145.560000,31.374619,2.826680,0.307835,20.184538
1784102059412,145.580000,12.618441,2.697698,0.219172,16.860363
1784102059432,145.600000,23.335821,0.767079,0.211079,8.604982
1784102059452,145.620000,-21.876482,-2.918135,0.066745,-0.331021
1784102059472,145.640000,22.160805,-7.907541,-0.112250,-3.927824
1784102059492,145.660000,-15.367308,-13.590121,-0.251721,-3.204318
1784102059512,145.680000,23.251978,-19.330204,-0.340862,-4.899442
1784102059532,145.700000,-20.639956,-24.474907,-0.410374,-13.235487
1784102059552,145.720000,1.269664,-28.417526,-0.522706,-25.573108
1784102059572,145.740000,-41.631294,-30.780634,-0.704815,-36.131119
1784102059592,145.760000,-14.207858,-31.563162,-0.829043,-42.314711
1784102059612,145.780000,-38.064476,-31.090616,-0.960117,-45.585510
1784102059632,145.800000,-12.552486,-29.778603,-0.997096,-46.371266
1784102059652,145.820000,-44.017063,-27.884813,-0.904139,-41.628037
1784102059672,145.840000,6.396488,-25.419098,-0.675480,-29.961185
1784102059692,145.860000,-5.495707,-22.197580,-0.474564,-16.349821
1784102059712,145.880000,36.070995,-17.924180,-0.257721,-7.797924
1784102059732,145.900000,2.581490,-12.288024,-0.013842,-5.181974
1784102059752,145.920000,39.411533,-5.153246,0.172538,-2.484823
1784102059772,145.940000,24.899994,3.222165,0.221611,6.137071
1784102059792,145.960000,65.952790,12.154984,0.255717,20.346050
1784102059812,145.980000,51.547287,20.773026,0.323045,33.897428
1784102059832,146.000000,94.980420,28.338585,0.409531,39.534296
1784102059852,146.020000,54.888610,34.416798,0.278091,34.526655
1784102059872,146.040000,77.068360,38.799873,0.254043,22.573493
1784102059892,146.060000,35.040257,41.293780,0.271860,10.310880
1784102059912,146.080000,61.666203,41.573795,0.333673,1.923412
1784102059932,146.100000,21.974098,39.257590,0.336961,-3.302032
1784102059952,146.120000,53.295494,34.155876,0.316364,-9.093041
1784102059972,146.140000,14.729794,26.505106,0.275147,-17.772501
1784102059992,146.160000,33.950584,17.010366,0.250529,-27.075895
1784102060012,146.180000,-1.971138,6.674838,0.306895,-31.800830
1784102060032,146.200000,36.517540,-3.460340,0.262627,-28.985493
1784102060052,146.220000,9.443018,-12.495628,0.179639,-20.675865
1784102060072,146.240000,58.597180,-19.701204,0.076332,-11.030756
1784102060092,146.260000,28.969168,-24.477514,-0.116509,-1.399058
1784102060112,146.280000,73.308044,-26.381927,-0.327010,10.409326
1784102060132,146.300000,53.769142,-25.242844,-0.531862,25.683552
1784102060152,146.320000,111.649510,-21.247710,-0.733186,41.333203
1784102060172,146.340000,76.685890,-14.909184,-0.847893,52.108186
1784102060192,146.360000,119.417040,-6.956770,-0.934808,55.084477
1784102060212,146.380000,75.149700,1.730720,-0.960359,50.834684
1784102060232,146.400000,99.454660,10.130394,-0.996315,41.376836
1784102060252,146.420000,55.543660,17.113146,-0.823461,28.662957
1784102060272,146.440000,70.058380,21.591879,-0.579755,14.981305
1784102060292,146.460000,19.020632,22.739706,-0.202365,2.988787
1784102060312,146.480000,48.761566,20.184654,0.130454,-5.848346
1784102060332,146.500000,6.513433,14.127927,0.367562,-12.019461
1784102060352,146.520000,25.080061,5.355770,0.455616,-16.919381
1784102060372,146.540000,-7.883604,-4.890099,0.411300,-22.046512
1784102060392,146.560000,17.276545,-15.172528,0.390725,-28.514955
1784102060412,146.580000,-31.453201,-24.161804,0.467946,-35.770186
1784102060432,146.600000,-0.556083,-30.880041,0.500894,-41.261655
1784102060452,146.620000,-39.561720,-34.827380,0.459186,-42.305557
1784102060472,146.640000,-2.579572,-35.962130,0.398988,-38.042387
1784102060492,146.660000,-29.951970,-34.544140,0.321337,-29.649137
1784102060512,146.680000,12.439185,-30.927164,0.278091,-19.201335
1784102060532,146.700000,-12.441183,-25.419844,0.254043,-8.312609
1784102060552,146.720000,33.880363,-18.265985,0.271860,2.466843
1784102060572,146.740000,0.872109,-9.715983,0.333673,12.830922
1784102060592,146.760000,49.814262,-0.127882,0.336961,21.274706
1784102060612,146.780000,18.282005,9.973142,0.316364,25.487468
1784102060632,146.800000,48.816673,19.911636,0.275147,24.912605
1784102060652,146.820000,8.739060,28.925169,0.250529,21.767801
1784102060672,146.840000,42.515724,36.236440,0.306895,18.570125
1784102060692,146.860000,6.163526,41.148777,0.262627,15.510797
1784102060712,146.880000,30.007076,43.185444,0.179639,10.674238
1784102060732,146.900000,-9.864323,42.213284,0.076332,2.087405
1784102060752,146.920000,16.572327,38.462288,-0.116509,-9.921396
1784102060772,146.940000,-32.945904,32.436485,-0.327010,-21.342465
1784102060792,146.960000,-9.857752,24.780000,-0.531862,-26.791644
1784102060812,146.980000,-32.173634,16.170156,-0.733186,-24.776319
1784102060832,147.000000,7.041595,7.298907,-0.847893,-19.340069
1784102060852,147.020000,-25.860064,-1.070562,-0.934808,-15.220811
1784102060872,147.040000,12.618867,-8.099185,-0.960359,-12.696134
1784102060892,147.060000,-13.052072,-13.020912,-0.996315,-8.126957
1784102060912,147.080000,22.943290,-15.367870,-0.823461,1.062582
1784102060932,147.100000,8.233901,-15.096057,0.000000,12.399315
1784102060952,147.120000,55.598170,-12.530255,0.000000,19.886090
1784102060972,147.140000,10.903126,-8.209856,0.278091,19.758037
1784102060992,147.160000,45.504265,-2.786760,0.254043,13.605591
1784102061012,147.180000,5.665453,2.969823,0.271860,5.882266
1784102061032,147.200000,33.898582,8.164775,0.333673,0.361210
1784102061052,147.220000,1.242251,11.896382,0.336961,-0.833122
1784102061072,147.240000,38.382750,13.495860,0.316364,2.897032
1784102061092,147.260000,11.435801,12.747735,0.275147,10.030930
1784102061112,147.280000,54.974144,9.971919,0.250529,16.739331
1784102061132,147.300000,28.356560,5.935049,0.306895,18.965704
1784102061152,147.320000,49.936493,1.610106,0.262627,15.495942
1784102061172,147.340000,17.279188,-2.151149,0.179639,8.520295
1784102061192,147.360000,44.274080,-4.901895,0.076332,1.395956
1784102061212,147.380000,1.687509,-6.696606,-0.116509,-3.544840
1784102061232,147.400000,39.621870,-7.955648,-0.327010,-5.830416
1784102061252,147.420000,1.027865,-9.190618,-0.531862,-6.603523
1784102061272,147.440000,37.901974,-10.745952,-0.733186,-7.438687
1784102061292,147.460000,0.190293,-12.668231,-0.847893,-8.942705
1784102061312,147.480000,36.133840,-14.731819,-0.934808,-10.206583
1784102061332,147.500000,0.607076,-16.574455,-0.960359,-9.531237
1784102061352,147.520000,37.967190,-17.848250,-0.996315,-6.036722
1784102061372,147.540000,12.985625,-18.309390,-0.823461,-0.770785
1784102061392,147.560000,49.065754,-17.829298,-0.579755,3.978025
1784102061412,147.580000,17.272950,-16.369375,-0.202365,6.373546
1784102061432,147.600000,54.624640,-13.977760,0.130454,5.750583
1784102061452,147.620000,6.936280,-10.825618,0.367562,1.933719
1784102061472,147.640000,47.383232,-7.246387,0.455616,-5.206944
1784102061492,147.660000,-5.415171,-3.720299,0.411300,-14.557426
1784102061512,147.680000,23.215218,-0.790800,0.390725,-22.544045
1784102061532,147.700000,-16.134274,1.054623,0.467946,-24.703564
1784102061552,147.720000,30.618536,1.518968,0.500894,-18.962143
1784102061572,147.740000,-0.957267,0.633440,0.459186,-7.101554
1784102061592,147.760000,53.537340,-1.155305,0.398988,6.349183
1784102061612,147.780000,24.620813,-3.038857,0.321337,16.448721
1784102061632,147.800000,66.106670,-4.078608,0.155848,20.423146
1784102061652,147.820000,28.631458,-3.537448,0.013932,19.013810
1784102061672,147.840000,54.436714,-1.172460,-0.079445,14.939931
1784102061692,147.860000,17.004406,2.636245,-0.083644,9.808300
1784102061712,147.880000,52.942596,6.996448,-0.005173,3.730313
1784102061732,147.900000,2.869612,10.821858,0.112619,-1.719365
1784102061752,147.920000,35.573540,13.193303,0.172316,-2.942558
1784102061772,147.940000,6.409598,13.598546,0.255804,1.306805
1784102061792,147.960000,54.198544,12.022682,0.354093,7.259302
1784102061812,147.980000,13.432659,8.938880,0.360234,10.084106
1784102061832,148.000000,48.185820,5.180853,0.311978,9.008369
1784102061852,148.020000,12.779198,1.661096,0.253335,7.052811
1784102061872,148.040000,47.594830,-0.953449,0.077322,7.100436
1784102061892,148.060000,12.214630,-2.411458,-0.149978,9.400112
1784102061912,148.080000,57.714764,-2.820242,-0.456028,11.983280
1784102061932,148.100000,10.447906,-2.464149,-0.758834,12.158693
1784102061952,148.120000,47.886806,-1.652670,-0.968545,7.524974
1784102061972,148.140000,9.061036,-0.667214,-0.960789,-2.433577
1784102061992,148.160000,25.085203,0.224426,-0.914149,-13.934824
1784102062012,148.180000,-16.959770,0.741748,-0.854388,-20.137716
1784102062032,148.200000,23.800074,0.604847,-0.729962,-17.957546
1784102062052,148.220000,-10.531294,-0.371579,-0.607992,-12.703101
1784102062072,148.240000,46.792194,-2.116045,-0.348701,-12.513567
1784102062092,148.260000,-19.975704,-4.198870,0.105069,-17.939820
1784102062112,148.280000,25.029158,-5.967000,0.412703,-20.742541
1784102062132,148.300000,-7.772043,-6.872446,0.625219,-14.662317
1784102062152,148.320000,46.949707,-6.702230,0.695122,-4.004059
1784102062172,148.340000,16.901880,-5.512916,0.626138,1.187863
1784102062192,148.360000,45.472420,-3.413326,0.603050,-3.378205
1784102062212,148.380000,-0.944786,-0.501618,0.543589,-12.288524
1784102062232,148.400000,33.735466,2.978548,0.486967,-17.387857
1784102062252,148.420000,4.043766,6.511248,0.426299,-15.857653
1784102062272,148.440000,44.123955,9.432388,0.314462,-10.424434
1784102062292,148.460000,17.578100,11.240811,0.155848,-4.019832
1784102062312,148.480000,55.573470,11.838853,0.013932,2.947654
1784102062332,148.500000,30.082869,11.529991,-0.079445,10.173124
1784102062352,148.520000,79.052530,10.828055,-0.083644,15.256810
1784102062372,148.540000,39.812386,10.237787,-0.005173,15.928995
1784102062392,148.560000,65.535280,10.084171,0.112619,12.932209
1784102062412,148.580000,40.557446,10.392668,0.172316,8.968582
1784102062432,148.600000,65.792900,10.865051,0.255804,5.988556
1784102062452,148.620000,24.315937,10.999474,0.354093,4.115496
1784102062472,148.640000,66.903015,10.302628,0.360234,1.946185
1784102062492,148.660000,24.172304,8.478087,0.311978,-1.573084
1784102062512,148.680000,56.262474,5.515305,0.253335,-4.499261
1784102062532,148.700000,17.956879,1.669216,0.077322,-2.665667
1784102062552,148.720000,64.871864,-2.637308,-0.149978,5.525245
1784102062572,148.740000,40.042850,-6.907973,-0.456028,16.357574
1784102062592,148.760000,82.284035,-10.604768,-0.758834,24.159775
1784102062612,148.780000,46.863125,-13.180934,-0.968545,26.603408
1784102062632,148.800000,74.552640,-14.215577,-0.960789,25.375324
1784102062652,148.820000,40.186363,-13.615791,-0.914149,22.314450
1784102062672,148.840000,68.927920,-11.725116,-0.854388,17.336696
1784102062692,148.860000,27.445840,-9.228875,-0.729962,10.978797
1784102062712,148.880000,46.157654,-6.919975,0.000000,6.179086
1784102062732,148.900000,10.602323,-5.475413,0.000000,4.665945
1784102062752,148.920000,47.888980,-5.310920,0.000000,3.132441
1784102062772,148.940000,1.475454,-6.490916,0.000000,-3.321572
1784102062792,148.960000,22.959568,-8.718376,0.000000,-13.910233
1784102062812,148.980000,-27.137490,-11.473382,0.000000,-21.672864
1784102062832,149.000000,5.748190,-14.252681,0.000000,-21.834354
1784102062852,149.020000,-25.043860,-16.720724,0.000000,-18.401653
1784102062872,149.040000,12.938905,-18.651516,0.000000,-19.131680
1784102062892,149.060000,-30.489962,-19.776300,0.155848,-24.224283
1784102062912,149.080000,-24.670511,-19.769438,0.013932,-24.935071
1784102062932,149.100000,-26.783650,-18.428862,-0.079445,-15.759280
1784102062952,149.120000,24.110706,-15.807643,-0.083644,-2.555594
1784102062972,149.140000,-24.755068,-12.089332,-0.005173,5.262369
1784102062992,149.160000,16.094336,-7.386003,0.112619,5.643593
1784102063012,149.180000,-19.410940,-1.761617,0.172316,3.613008
1784102063032,149.200000,7.412860,4.547389,0.255804,3.991099
1784102063052,149.220000,-22.447050,11.011689,0.354093,6.881084
1784102063072,149.240000,15.229279,16.934840,0.360234,8.717575
1784102063092,149.260000,-28.325037,21.690582,0.311978,6.625007
1784102063112,149.280000,3.799821,24.890844,0.253335,1.471377
1784102063132,149.300000,-42.320946,26.409180,0.077322,-3.622389
1784102063152,149.320000,-9.781645,26.294434,-0.149978,-7.049315
1784102063172,149.340000,-41.856045,24.690786,-0.456028,-9.647912
1784102063192,149.360000,-18.041107,21.837889,-0.758834,-11.898116
1784102063212,149.380000,-53.223812,18.095177,-0.968545,-12.228250
1784102063232,149.400000,-13.514219,13.913733,-0.960789,-9.416866
1784102063252,149.420000,-47.989190,9.767838,-0.914149,-5.170432
1784102063272,149.440000,-3.034599,6.102982,-0.854388,-2.413093
1784102063292,149.460000,-44.464127,3.306255,-0.729962,-1.406408
1784102063312,149.480000,-9.583993,1.646059,-0.607992,0.482703
1784102063332,149.500000,-37.045230,1.181610,-0.348701,4.521717
1784102063352,149.520000,3.475917,1.734039,0.105069,8.051907
1784102063372,149.540000,-33.951374,2.971519,0.412703,7.658215
1784102063392,149.560000,-5.848505,4.532207,0.625219,3.519609
1784102063412,149.580000,-44.576930,6.070982,0.695122,-0.868148
1784102063432,149.600000,-6.834348,7.237177,0.626138,-2.315622
1784102063452,149.620000,-46.458298,7.695294,0.603050,-0.043613
1784102063472,149.640000,2.270899,7.232355,0.543589,5.074959
1784102063492,149.660000,-32.802975,5.876145,0.486967,11.791076
1784102063512,149.680000,6.816562,3.922588,0.426299,18.142901
1784102063532,149.700000,-20.287186,1.838227,0.314462,20.695952
1784102063552,149.720000,12.724527,0.090106,0.155848,16.733943
1784102063572,149.740000,-36.270073,-1.023979,0.013932,8.377500
1784102063592,149.760000,-6.065707,-1.497561,-0.079445,2.207596
1784102063612,149.780000,-44.659042,-1.644243,-0.083644,2.584737
1784102063632,149.800000,1.293512,-1.973071,-0.005173,6.462607
1784102063652,149.820000,-29.758240,-2.914468,0.112619,7.057292
1784102063672,149.840000,-9.415913,-4.563631,0.172316,2.067643
1784102063692,149.860000,-52.188522,-6.663466,0.255804,-4.402888
1784102063712,149.880000,-8.957735,-8.834202,0.354093,-7.763524
1784102063732,149.900000,-52.229534,-10.808408,0.360234,-7.505446
1784102063752,149.920000,-11.062569,-12.471707,0.311978,-5.539344
1784102063772,149.940000,-43.141820,-13.753316,0.253335,-2.825001
1784102063792,149.960000,-7.393583,-14.535229,0.077322,1.020744
1784102063812,149.980000,-35.181904,-14.657516,-0.149978,5.687353
1784102063832,150.000000,7.092192,-13.974686,-0.456028,9.268376
1784102063852,150.020000,-25.956566,-12.409177,-0.758834,10.249631
1784102063872,150.040000,1.798814,-9.994634,-0.968545,9.190669
1784102063892,150.060000,-29.571167,-6.919855,-0.960789,6.764995
1784102063912,150.080000,1.953857,-3.549665,-0.914149,1.274322
1784102063932,150.100000,-40.605990,-0.372279,-0.854388,-9.422298
1784102063952,150.120000,-23.736122,2.112049,-0.729962,-23.617854
1784102063972,150.140000,-65.792680,3.479268,0.000000,-35.294295
1784102063992,150.160000,-32.259827,3.428041,0.000000,-38.462186
1784102064012,150.180000,-58.809868,1.860026,0.000000,-31.566817
1784102064032,150.200000,-7.149181,-0.978406,0.000000,-18.308752
1784102064052,150.220000,-31.057558,-4.399601,0.000000,-5.108544
1784102064072,150.240000,20.756466,-7.363161,0.155848,3.036806
1784102064092,150.260000,-8.295130,-8.770393,0.013932,6.060987
1784102064112,150.280000,18.913143,-7.850525,-0.079445,8.221633
1784102064132,150.300000,1.611825,-4.466757,-0.083644,12.660065
1784102064152,150.320000,45.329273,0.826012,-0.005173,17.438243
1784102064172,150.340000,11.876159,7.020185,0.112619,18.355166
1784102064192,150.360000,36.380413,13.026141,0.172316,13.672209
1784102064212,150.380000,3.510520,17.926245,0.255804,4.434039
1784102064232,150.400000,32.034000,21.038128,0.354093,-6.889297
1784102064252,150.420000,-14.566217,21.914267,0.360234,-15.783005
1784102064272,150.440000,17.817451,20.373678,0.311978,-16.827292
1784102064292,150.460000,-1.391808,16.548449,0.253335,-8.602360
1784102064312,150.480000,53.031880,10.933492,0.077322,4.066225
1784102064332,150.500000,23.487690,4.421573,-0.149978,14.493588
1784102064352,150.520000,63.982544,-1.793211,-0.456028,19.161511
1784102064372,150.540000,33.140198,-6.534274,-0.758834,17.731918
1784102064392,150.560000,63.652855,-9.056934,-0.968545,10.882578
1784102064412,150.580000,12.692203,-9.311889,-0.960789,0.061853
1784102064432,150.600000,47.265160,-7.932835,-0.914149,-11.865137
1784102064452,150.620000,-9.801964,-5.994358,-0.854388,-21.523917
1784102064472,150.640000,28.253897,-4.653988,-0.729962,-27.297139
1784102064492,150.660000,-10.425214,-4.787283,-0.607992,-30.286371
1784102064512,150.680000,20.417470,-6.723717,-0.348701,-32.078687
1784102064532,150.700000,-12.658895,-10.176907,0.105069,-31.612304
1784102064552,150.720000,27.201181,-14.382451,0.412703,-25.252433
1784102064572,150.740000,-0.049380,-18.358875,0.625219,-10.697783
1784102064592,150.760000,60.935340,-21.155218,0.695122,9.360440
1784102064612,150.780000,43.919647,-21.990728,0.626138,28.691915
1784102064632,150.800000,88.348130,-20.316338,0.603050,43.019372
1784102064652,150.820000,54.494198,-15.901909,0.543589,52.347928
1784102064672,150.840000,100.361820,-8.981023,0.486967,57.298128
1784102064692,150.860000,55.624527,-0.342022,0.426299,55.813076
1784102064712,150.880000,84.844154,8.763885,0.314462,45.728306
1784102064732,150.900000,21.995556,16.874588,0.155848,29.464599
1784102064752,150.920000,38.281216,22.589950,0.013932,13.814516
1784102064772,150.940000,-5.195502,24.797613,-0.079445,4.652802
1784102064792,150.960000,22.623142,22.895690,-0.083644,3.029544
1784102064812,150.980000,-11.560123,17.010458,-0.005173,6.293766
1784102064832,151.000000,20.293354,8.085560,0.112619,11.123698
1784102064852,151.020000,-11.146542,-2.283761,0.172316,14.801922
1784102064872,151.040000,19.809235,-12.250022,0.255804,15.262823
1784102064892,151.060000,-22.727024,-20.184704,0.354093,11.624145
1784102064912,151.080000,2.279351,-25.054129,0.360234,4.610176
1784102064932,151.100000,-48.121555,-26.601740,0.311978,-4.443773
1784102064952,151.120000,-23.440418,-25.305418,0.253335,-15.153542
1784102064972,151.140000,-75.844124,-22.140460,0.077322,-27.947344
1784102064992,151.160000,-54.411255,-18.243673,-0.149978,-42.010026
1784102065012,151.180000,-111.149950,-14.607361,-0.456028,-54.230468
1784102065032,151.200000,-79.877610,-11.889720,0.155848,-61.242379
1784102065052,151.220000,-119.701070,-10.336809,0.013932,-62.217404
1784102065072,151.240000,-79.705890,-9.765614,-0.079445,-58.873619
1784102065092,151.260000,-116.796070,-9.604017,-0.083644,-53.221266
1784102065112,151.280000,-69.213720,-9.029877,-0.005173,-46.126010
1784102065132,151.300000,-100.483185,-7.203676,0.112619,-37.579661
1784102065152,151.320000,-55.289673,-3.509947,0.172316,-27.440783
1784102065172,151.340000,-75.585980,2.286512,0.255804,-15.783278
1784102065192,151.360000,-30.341377,10.010081,0.354093,-2.969320
1784102065212,151.380000,-55.171406,19.146622,0.360234,9.844648
1784102065232,151.400000,-3.538141,28.965704,0.311978,20.161154
1784102065252,151.420000,-36.267410,38.646160,0.253335,25.704055
1784102065272,151.440000,11.756529,47.378850,0.077322,27.774535
1784102065292,151.460000,-39.325897,54.432780,-0.149978,31.382263
1784102065312,151.480000,22.783710,59.186935,-0.456028,39.775964
1784102065332,151.500000,-5.061606,61.188980,-0.758834,49.827764
1784102065352,151.520000,35.745630,60.282177,-0.968545,54.881283
1784102065372,151.540000,-2.410118,56.696075,-0.960789,51.377232
1784102065392,151.560000,26.484720,50.953890,-0.914149,41.361001
1784102065412,151.580000,-24.716080,43.611970,-0.854388,29.370091
1784102065432,151.600000,7.754717,35.027680,-0.729962,18.113917
1784102065452,151.620000,-41.404076,25.327700,-0.607992,7.436664
1784102065472,151.640000,-9.970912,14.563828,-0.348701,-3.011359
1784102065492,151.660000,-58.765430,2.916469,0.105069,-11.347259
1784102065512,151.680000,-23.323809,-9.190728,0.412703,-14.748128
1784102065532,151.700000,-53.632893,-21.100885,0.625219,-12.772853
1784102065552,151.720000,-12.154751,-31.998056,0.695122,-8.344048
1784102065572,151.740000,-49.763744,-41.006600,0.626138,-5.436889
1784102065592,151.760000,-2.794165,-47.336926,0.603050,-6.156564
1784102065612,151.780000,-52.283115,-50.475920,0.543589,-9.518519
1784102065632,151.800000,-13.367826,-50.355976,0.486967,-12.762146
1784102065652,151.820000,-49.386574,-47.407550,0.426299,-14.172586
1784102065672,151.840000,-16.908758,-42.445440,0.314462,-14.501908
1784102065692,151.860000,-49.587555,-36.432438,0.155848,-15.303209
1784102065712,151.880000,-7.737997,-30.224860,0.013932,-15.836758
1784102065732,151.900000,-55.911762,-24.407990,-0.079445,-12.643844
1784102065752,151.920000,-1.431459,-19.267714,-0.083644,-3.922440
1784102065772,151.940000,-23.098888,-14.839408,-0.005173,6.545418
1784102065792,151.960000,17.549934,-10.952889,0.112619,12.540736
1784102065812,151.980000,-24.314160,-7.291071,0.172316,11.801930
1784102065832,152.000000,7.770209,-3.548398,0.255804,6.730052
1784102065852,152.020000,-30.857172,0.336348,0.354093,-0.075106
1784102065872,152.040000,-1.325149,4.059481,0.155848,-7.790482
1784102065892,152.060000,-50.235462,7.062327,0.013932,-15.301647
1784102065912,152.080000,-19.283833,8.770184,-0.079445,-20.272835
1784102065932,152.100000,-48.734190,8.807147,-0.083644,-21.044875
1784102065952,152.120000,-19.530462,7.137228,-0.005173,-17.863244
1784102065972,152.140000,-40.196556,4.124579,0.112619,-11.909470
1784102065992,152.160000,-3.470559,0.483425,0.172316,-4.158354
1784102066012,152.180000,-29.673817,-2.892904,0.255804,4.360324
1784102066032,152.200000,12.512177,-5.167973,0.354093,11.779543
1784102066052,152.220000,-11.814306,-5.768799,0.360234,16.364908
1784102066072,152.240000,17.756018,-4.502342,0.311978,18.878355
1784102066092,152.260000,-15.568137,-1.579258,0.253335,22.308775
1784102066112,152.280000,33.364610,2.444242,0.077322,28.039899
1784102066132,152.300000,-6.226360,6.816208,-0.149978,33.395854
1784102066152,152.320000,39.121500,10.805385,-0.456028,33.778644
1784102066172,152.340000,-14.359262,13.875449,-0.758834,26.596586
1784102066192,152.360000,15.336784,15.706784,-0.968545,12.974334
1784102066212,152.380000,-42.407810,16.088114,-0.960789,-3.558722
1784102066232,152.400000,-22.238918,14.812405,-0.914149,-19.495277
1784102066252,152.420000,-68.131240,11.683038,-0.854388,-32.552149
1784102066272,152.440000,-42.877853,6.640987,-0.729962,-40.880856
1784102066292,152.460000,-81.775604,-0.068171,-0.607992,-42.151293
1784102066312,152.480000,-37.580757,-7.797155,-0.348701,-34.732213
1784102066332,152.500000,-58.978752,-15.523937,0.105069,-19.842775
1784102066352,152.520000,-1.056057,-21.988108,0.412703,-1.652245
1784102066372,152.540000,-27.128320,-25.904810,0.625219,14.820123
1784102066392,152.560000,23.877304,-26.244957,0.695122,25.537937
1784102066412,152.580000,-10.508450,-22.538034,0.626138,28.418824
1784102066432,152.600000,29.847267,-15.083157,0.603050,24.627322
1784102066452,152.620000,-25.383179,-4.962638,0.543589,18.661322
1784102066472,152.640000,16.303509,6.158747,0.486967,14.706937
1784102066492,152.660000,-23.293300,16.403280,0.426299,12.489878
1784102066512,152.680000,16.511127,24.139960,0.314462,8.750548
1784102066532,152.700000,-31.301704,28.384455,0.155848,2.930452
1784102066552,152.720000,2.438424,28.955587,0.013932,-1.084652
1784102066572,152.740000,-28.022535,26.339972,-0.079445,0.119961
1784102066592,152.760000,13.238415,21.424047,-0.083644,4.582925
1784102066612,152.780000,-14.566418,15.275224,-0.005173,6.522720
1784102066632,152.800000,17.527742,8.989888,0.112619,2.369495
1784102066652,152.820000,-30.573801,3.515279,0.172316,-5.857871
1784102066672,152.840000,13.100819,-0.567239,0.255804,-12.966747
1784102066692,152.860000,-30.777315,-3.164075,0.354093,-15.196365
1784102066712,152.880000,11.917657,-4.581513,0.360234,-12.896131
1784102066732,152.900000,-14.103729,-5.272455,0.311978,-10.233755
1784102066752,152.920000,21.144493,-5.578278,0.253335,-11.911226
1784102066772,152.940000,-18.932306,-5.617130,0.077322,-18.514786
1784102066792,152.960000,25.692402,-5.351693,-0.149978,-24.674590
1784102066812,152.980000,-29.220495,-4.748863,0.155848,-23.304525
1784102066832,153.000000,41.481125,-3.891136,0.013932,-13.366046
1784102066852,153.020000,17.257769,-2.923167,-0.079445,-2.264403
1784102066872,153.040000,58.608177,-1.873813,-0.083644,1.616870
1784102066892,153.060000,21.759886,-0.563485,-0.005173,-2.612872
1784102066912,153.080000,49.719822,1.244091,0.112619,-9.408710
1784102066932,153.100000,20.631552,3.546390,0.172316,-14.603162
1784102066952,153.120000,51.409916,5.955076,0.255804,-19.361810
1784102066972,153.140000,12.032793,7.839405,0.354093,-26.430033
1784102066992,153.160000,46.043343,8.608439,0.360234,-34.538867
1784102067012,153.180000,-0.289265,7.917777,0.311978,-38.095538
1784102067032,153.200000,49.483707,5.731992,0.253335,-32.673874
1784102067052,153.220000,29.554623,2.321438,0.077322,-19.830816
1784102067072,153.240000,80.543170,-1.732658,-0.149978,-5.559264
1784102067092,153.260000,51.441673,-5.577673,-0.456028,5.140077
1784102067112,153.280000,97.713036,-8.276153,-0.758834,11.328119
1784102067132,153.300000,68.049180,-9.120427,-0.968545,15.485707
1784102067152,153.320000,103.340230,-7.902801,-0.960789,21.307136
1784102067172,153.340000,77.195650,-4.981905,-0.914149,30.867552
1784102067192,153.360000,128.141360,-1.122559,-0.854388,42.680649
1784102067212,153.380000,93.700714,2.801342,-0.729962,53.100926
1784102067232,153.400000,141.536350,6.091766,-0.607992,59.979499
1784102067252,153.420000,98.979000,8.360389,-0.348701,64.205730
1784102067272,153.440000,133.797040,9.472083,0.105069,67.221845
1784102067292,153.460000,101.638380,9.398094,0.412703,68.116690
1784102067312,153.480000,131.418580,8.125367,0.625219,64.907746
1784102067332,153.500000,69.829940,5.655471,0.695122,57.940287
1784102067352,153.520000,106.726600,2.017195,0.626138,49.535836
1784102067372,153.540000,49.128033,-2.742122,0.603050,40.601954
1784102067392,153.560000,71.280426,-8.541075,0.543589,29.688735
1784102067412,153.580000,17.353378,-15.204048,0.486967,15.392466
1784102067432,153.600000,27.227352,-22.421104,0.426299,-1.387539
1784102067452,153.620000,-28.357567,-29.786682,0.314462,-17.774403
1784102067472,153.640000,-10.633894,-36.874725,0.155848,-31.168041
1784102067492,153.660000,-62.507330,-43.275288,0.013932,-40.946200
1784102067512,153.680000,-38.200638,-48.576508,-0.079445,-48.053461
1784102067532,153.700000,-78.726265,-52.329426,0.187195,-53.110688
1784102067552,153.720000,-57.738564,-54.052628,0.021205,-55.260548
1784102067572,153.740000,-88.671210,-53.303070,-0.069240,-53.643914
1784102067592,153.760000,-57.867910,-49.779620,-0.073401,-49.990120
1784102067612,153.780000,-87.127030,-43.401516,-0.043375,-48.217711
1784102067632,153.800000,-57.610435,-34.335243,0.017320,-50.330912
1784102067652,153.820000,-103.658220,-22.999826,0.084244,-53.581838
1784102067672,153.840000,-63.170230,-10.078292,0.211313,-53.123806
1784102067692,153.860000,-94.536770,3.522186,0.327168,-47.177476
1784102067712,153.880000,-48.160187,16.834892,0.333175,-38.514630
1784102067732,153.900000,-78.116350,29.075037,0.289009,-31.143832
1784102067752,153.920000,-30.705230,39.803635,0.235336,-26.406015
1784102067772,153.940000,-71.696370,48.904266,0.074240,-22.455023
1784102067792,153.960000,-16.396738,56.416810,-0.133796,-17.050739
1784102067812,153.980000,-48.343513,62.375652,-0.413907,-9.870713
1784102067832,154.000000,1.924080,66.759270,-0.691050,-1.740680
1784102067852,154.020000,-22.545929,69.539590,-0.919178,7.148006
1784102067872,154.040000,23.989403,70.745290,-0.993611,16.990610
1784102067892,154.060000,6.815586,70.478190,-0.906553,26.735921
1784102067912,154.080000,52.041645,68.894200,-0.790230,34.099992
1784102067932,154.100000,26.682835,66.172390,-0.577396,37.907770
1784102067952,154.120000,66.306725,62.466843,-0.452258,39.621306
1784102067972,154.140000,34.433884,57.846375,-0.222627,41.323581
1784102067992,154.160000,79.181520,52.263325,0.105418,42.307714
1784102068012,154.180000,46.572420,45.599915,0.378958,39.204622
1784102068032,154.200000,75.911000,37.772976,0.527686,30.184618
1784102068052,154.220000,23.930304,28.799707,0.578074,17.753329
1784102068072,154.240000,65.854140,18.770464,0.579628,6.800289
1784102068092,154.260000,17.868710,7.806156,0.475490,1.177738
1784102068112,154.280000,60.650658,-3.896923,0.381123,2.200536
1784102068132,154.300000,36.235130,-15.948486,0.293630,8.673545
1784102068152,154.320000,81.162030,-27.678670,0.198911,17.707364
1784102068172,154.340000,53.627155,-38.178150,0.106331,26.123320
1784102068192,154.360000,105.474210,-46.476696,0.046772,31.774046
1784102068212,154.380000,61.460250,-51.803600,0.074363,34.140736
1784102068232,154.400000,107.287780,-53.832855,0.209626,33.539670
1784102068252,154.420000,60.453890,-52.808186,0.316862,29.429111
1784102068272,154.440000,92.083920,-49.498993,0.225631,20.277975
1784102068292,154.460000,47.108120,-45.009480,0.136897,5.999062
1784102068312,154.480000,50.620445,-40.522114,0.037443,-10.350584
1784102068332,154.500000,10.159040,-37.080494,-0.145873,-24.845987
1784102068352,154.520000,36.256100,-35.431767,-0.352442,-35.796770
1784102068372,154.540000,-14.136568,-35.884530,-0.543948,-42.745558
1784102068392,154.560000,23.582216,-38.205430,-0.716567,-43.832033
1784102068412,154.580000,-12.476068,-41.636227,-0.913689,-37.178000
1784102068432,154.600000,34.819164,-45.058838,-0.998390,-25.354750
1784102068452,154.620000,5.297463,-47.236526,-0.934233,-16.360232
1784102068472,154.640000,44.804398,-47.061950,-0.824524,-17.047810
1784102068492,154.660000,4.237499,-43.804493,-0.586642,-24.386950
1784102068512,154.680000,0.202928,-37.346016,-0.473927,-26.923348
1784102068532,154.700000,3.779132,-28.314178,-0.274344,-18.221221
1784102068552,154.720000,50.264397,-17.919560,-0.019618,-4.699723
1784102068572,154.740000,7.796817,-7.450879,0.279474,3.848519
1784102068592,154.760000,45.736637,2.234049,0.408357,6.306728
1784102068612,154.780000,3.968407,10.814321,0.460903,7.916619
1784102068632,154.800000,49.718628,18.224358,0.504223,10.238317
1784102068652,154.820000,5.732823,24.377550,0.534577,9.064067
1784102068672,154.840000,31.208940,29.121561,0.498562,1.691920
1784102068692,154.860000,-18.748863,32.293503,0.494890,-7.309964
1784102068712,154.880000,14.762711,33.738647,0.546214,-8.849537
1784102068732,154.900000,-13.347935,33.346880,0.547770,2.874396
1784102068752,154.920000,44.992600,31.200216,0.475490,24.799512
1784102068772,154.940000,18.152472,27.772104,0.381123,45.635711
1784102068792,154.960000,67.965324,23.975122,0.293630,52.903157
1784102068812,154.980000,33.496048,20.923720,0.198911,43.050394
1784102068832,155.000000,8.886906,19.466085,0.106331,25.116590
1784102068852,155.020000,-15.760620,19.692879,0.046772,10.925522
1784102068872,155.040000,14.346573,20.760624,0.074363,2.784172
1784102068892,155.060000,-46.381070,21.259554,0.209626,-5.199232
1784102068912,155.080000,-15.968241,19.920849,0.316862,-16.772036
1784102068932,155.100000,-75.137570,16.157059,0.225631,-29.698957
1784102068952,155.120000,-46.488770,10.135325,0.136897,-40.267088
1784102068972,155.140000,-87.899520,2.544353,0.475490,-46.993780
1784102068992,155.160000,-60.896736,-5.653267,0.381123,-49.485412
1784102069012,155.180000,-99.673690,-13.406301,0.293630,-46.788634
1784102069032,155.200000,-52.182564,-19.728722,0.198911,-38.675330
1784102069052,155.220000,-76.059710,-23.810965,0.106331,-26.804505
1784102069072,155.240000,-33.364166,-25.070852,0.046772,-13.303579
1784102069092,155.260000,-60.981194,-23.185656,0.074363,0.129743
1784102069112,155.280000,-9.064815,-18.160315,0.209626,11.441289
1784102069132,155.300000,-31.612259,-10.389320,0.316862,19.543578
1784102069152,155.320000,-6.920917,-0.631875,0.225631,26.847443
1784102069172,155.340000,-29.928806,10.083071,0.136897,36.665800
1784102069192,155.360000,23.460579,20.584648,0.037443,47.439525
1784102069212,155.380000,-10.058454,29.754007,-0.145873,53.478431
1784102069232,155.400000,19.309704,36.754227,-0.352442,51.922316
1784102069252,155.420000,-30.418022,41.130386,-0.543948,45.084123
1784102069272,155.440000,3.878687,42.694580,-0.716567,35.481555
1784102069292,155.460000,-45.848812,41.359764,-0.913689,22.562455
1784102069312,155.480000,-34.052483,37.111805,-0.998390,5.670706
1784102069332,155.500000,-90.435370,30.081070,-0.934233,-12.642037
1784102069352,155.520000,-60.052353,20.587534,-0.824524,-27.511642
1784102069372,155.540000,-115.814255,9.156058,-0.586642,-34.710013
1784102069392,155.560000,-77.512510,-3.449413,-0.473927,-33.415290
1784102069412,155.580000,-100.791740,-16.195986,-0.274344,-27.500418
1784102069432,155.600000,-70.277340,-27.825400,-0.019618,-22.930067
1784102069452,155.620000,-98.306710,-37.018750,0.279474,-22.372479
1784102069472,155.640000,-67.017944,-42.674103,0.408357,-22.560508
1784102069492,155.660000,-104.203300,-44.211640,0.460903,-17.746603
1784102069512,155.680000,-49.201756,-41.742510,0.504223,-6.027298
1784102069532,155.700000,-70.376890,-35.965645,0.534577,8.599057
1784102069552,155.720000,-24.227535,-27.847786,0.498562,20.705206
1784102069572,155.740000,-56.928360,-18.313452,0.494890,27.944207
1784102069592,155.760000,-18.178411,-8.141782,0.546214,30.067210
1784102069612,155.780000,-48.576435,1.944473,0.547770,26.071870
1784102069632,155.800000,-36.037468,11.175129,0.475490,14.850610
1784102069652,155.820000,-80.839554,18.720617,0.381123,-2.277776
1784102069672,155.840000,-65.781380,23.755010,0.293630,-21.290155
1784102069692,155.860000,-120.781340,25.571726,0.198911,-37.535880
1784102069712,155.880000,-89.077070,23.754221,0.106331,-47.828759
1784102069732,155.900000,-129.738480,18.371897,0.046772,-51.023990
1784102069752,155.920000,-92.782960,10.109268,0.475490,-47.550363
1784102069772,155.940000,-118.336105,0.236722,0.381123,-39.301440
1784102069792,155.960000,-69.074620,-9.597194,0.293630,-29.240315
1784102069812,155.980000,-97.852810,-17.695528,0.198911,-19.350630
1784102069832,156.000000,-50.517155,-22.668703,0.106331,-8.719213
1784102069852,156.020000,-70.066895,-23.720282,0.046772,5.396586
1784102069872,156.040000,-18.936594,-20.774673,0.074363,23.827333
1784102069892,156.060000,-37.312004,-14.400875,0.209626,42.270410
1784102069912,156.080000,14.663820,-5.586625,0.316862,52.464843
1784102069932,156.100000,-24.333261,4.502649,0.225631,48.725188
1784102069952,156.120000,-12.552210,14.652902,0.136897,34.072711
1784102069972,156.140000,-57.777767,23.595673,0.037443,18.608096
1784102069992,156.160000,-31.092434,30.005651,-0.145873,11.576708
1784102070012,156.180000,-61.385063,32.693913,-0.352442,15.642635
1784102070032,156.200000,-12.946115,31.013124,-0.543948,27.410443
1784102070052,156.220000,-43.633537,25.231049,-0.716567,40.622632
1784102070072,156.240000,3.922071,16.573500,-0.913689,48.329645
1784102070092,156.260000,-29.703197,6.861147,-0.998390,45.136786
1784102070112,156.280000,-18.452923,-2.090637,-0.934233,30.446503
1784102070132,156.300000,-75.760100,-9.064960,-0.824524,9.009159
1784102070152,156.320000,-58.359375,-13.805354,-0.586642,-12.761240
1784102070172,156.340000,-108.791360,-16.980010,-0.473927,-29.827350
1784102070192,156.360000,-89.945860,-19.741762,-0.274344,-38.352419
1784102070212,156.380000,-119.566864,-23.105680,-0.019618,-36.081096
1784102070232,156.400000,-73.026610,-27.450857,0.279474,-24.789461
1784102070252,156.420000,-94.604910,-32.322260,0.408357,-10.812320
1784102070272,156.440000,-47.820100,-36.557816,0.460903,-1.362600
1784102070292,156.460000,-83.279625,-38.697770,0.504223,0.351501
1784102070312,156.480000,-47.872658,-37.551440,0.534577,-3.154103
1784102070332,156.500000,-90.592510,-32.689995,0.498562,-6.545418
1784102070352,156.520000,-49.609020,-24.634363,0.494890,-6.523676
1784102070372,156.540000,-79.626114,-14.652434,0.546214,-3.961247
1784102070392,156.560000,-39.759888,-4.280509,0.547770,-1.754803
1784102070412,156.580000,-79.660160,5.169338,0.475490,-2.108332
1784102070432,156.600000,-40.235360,12.877278,0.381123,-6.469286
1784102070452,156.620000,-79.037080,18.509748,0.293630,-15.789336
1784102070472,156.640000,-57.422417,22.060156,0.198911,-28.690044
1784102070492,156.660000,-101.311830,23.668158,0.106331,-40.701711
1784102070512,156.680000,-69.472140,23.490570,0.046772,-47.370282
1784102070532,156.700000,-95.770830,21.681143,0.074363,-47.345220
1784102070552,156.720000,-45.666817,18.506184,0.475490,-41.011192
1784102070572,156.740000,-76.798990,14.503709,0.381123,-27.877812
1784102070592,156.760000,-7.851351,10.516149,0.293630,-8.308045
1784102070612,156.780000,-13.564915,7.546679,0.198911,13.069677
1784102070632,156.800000,39.081192,6.536347,0.106331,28.900215
1784102070652,156.820000,13.354420,8.133040,0.046772,34.448552
1784102070672,156.840000,54.813210,12.453223,0.074363,30.646500
1784102070692,156.860000,18.656605,18.898280,0.209626,23.053138
1784102070712,156.880000,46.259730,26.174255,0.316862,18.075220
1784102070732,156.900000,24.597391,32.589280,0.225631,18.174746
1784102070752,156.920000,67.457260,36.540882,0.136897,20.087771
1784102070772,156.940000,35.494390,37.002640,0.037443,18.602708
1784102070792,156.960000,65.137720,33.788803,-0.145873,11.706709
1784102070812,156.980000,30.912546,27.464670,-0.352442,1.682554
1784102070832,157.000000,59.765335,18.992393,-0.543948,-7.423395
1784102070852,157.020000,20.265951,9.361698,-0.716567,-12.569420
1784102070872,157.040000,69.246000,-0.604456,-0.913689,-12.807197
1784102070892,157.060000,35.094900,-10.247704,-0.998390,-8.496600
1784102070912,157.080000,82.152100,-18.977732,-0.934233,-0.361245
1784102070932,157.100000,64.798960,-26.206024,-0.824524,10.051357
1784102070952,157.120000,113.359150,-31.369120,-0.586642,19.920988
1784102070972,157.140000,80.031830,-34.028870,-0.473927,26.028451
1784102070992,157.160000,126.474820,-34.009914,-0.274344,25.878680
1784102071012,157.180000,79.115050,-31.527887,-0.019618,18.780460
1784102071032,157.200000,111.692150,-27.244621,0.279474,7.163549
1784102071052,157.220000,57.519672,-22.193705,0.408357,-3.744999
1784102071072,157.240000,93.415210,-17.576635,0.460903,-9.263986
1784102071092,157.260000,58.764860,-14.468369,0.504223,-8.923501
1784102071112,157.280000,94.192080,-13.500226,0.534577,-6.626509
1784102071132,157.300000,57.483932,-14.654613,0.498562,-7.206934
1784102071152,157.320000,92.173775,-17.301428,0.494890,-12.330216
1784102071172,157.340000,42.656853,-20.476007,0.546214,-18.970181
1784102071192,157.360000,68.406380,-23.258944,0.547770,-22.433291
1784102071212,157.380000,44.048990,-25.062452,0.475490,-21.213875
1784102071232,157.400000,75.137910,-25.683167,0.381123,-17.553347
1784102071252,157.420000,36.978947,-25.146826,0.293630,-13.342978
1784102071272,157.440000,81.316880,-23.521002,0.198911,-7.473539
1784102071292,157.460000,49.801697,-20.838768,0.106331,2.643527
1784102071312,157.480000,96.465225,-17.116343,0.046772,17.867787
1784102071332,157.500000,73.229220,-12.376401,0.074363,34.880876
1784102071352,157.520000,117.093910,-6.659811,0.209626,46.618642
1784102071372,157.540000,87.691350,-0.063552,0.316862,46.949102
1784102071392,157.560000,88.428085,7.168707,0.225631,35.893541
1784102071412,157.580000,46.094185,14.505253,0.136897,19.363495
1784102071432,157.600000,60.614174,21.038177,0.037443,4.241708
1784102071452,157.620000,7.756803,25.613596,-0.145873,-5.201191
1784102071472,157.640000,37.539320,27.201980,-0.352442,-8.052912
1784102071492,157.660000,-0.854350,25.324121,-0.543948,-6.593943
1784102071512,157.680000,35.478035,20.299070,-0.716567,-4.865483
1784102071532,157.700000,-10.573374,13.200695,-0.913689,-5.814518
1784102071552,157.720000,24.301880,5.543261,-0.998390,-9.471011
1784102071572,157.740000,-28.483952,-1.183661,-0.934233,-13.719303
1784102071592,157.760000,15.364353,-5.927077,-0.824524,-16.245007
1784102071612,157.780000,-37.880447,-8.252255,-0.586642,-15.813881
1784102071632,157.800000,9.627537,-8.269906,0.000000,-12.766974
1784102071652,157.820000,-30.956013,-6.414347,0.000000,-8.809224
1784102071672,157.840000,12.306609,-3.205110,0.000000,-5.589364
1784102071692,157.860000,-27.948683,0.909788,0.000000,-3.281951
1784102071712,157.880000,8.508842,5.588977,0.000000,-1.398703
1784102071732,157.900000,-24.144026,10.540807,0.475490,-0.843307
1784102071752,157.920000,8.138511,15.459183,0.381123,-3.470334
1784102071772,157.940000,-29.790800,20.012587,0.293630,-8.735943
1784102071792,157.960000,-6.288909,23.867370,0.198911,-12.151333
1784102071812,157.980000,-27.220394,26.714617,0.106331,-8.610121
1784102071832,158.000000,18.116250,28.333755,0.046772,2.684852
1784102071852,158.020000,-9.497652,28.716461,0.074363,16.436695
1784102071872,158.040000,50.882126,28.165598,0.209626,24.000274
1784102071892,158.060000,2.773375,27.242975,0.316862,19.253710
1784102071912,158.080000,26.147420,26.518785,0.225631,3.180639
1784102071932,158.100000,-25.794788,26.221428,0.136897,-17.424263
1784102071952,158.120000,-4.256043,26.003876,0.037443,-35.328405
1784102071972,158.140000,-46.626606,25.021667,-0.145873,-46.394575
1784102071992,158.160000,-10.189085,22.335382,-0.352442,-49.343646
1784102072012,158.180000,-38.964207,17.417467,-0.543948,-44.454727
1784102072032,158.200000,13.649002,10.483264,-0.716567,-33.484909
1784102072052,158.220000,-7.533986,2.507410,-0.913689,-20.030949
1784102072072,158.240000,52.024540,-5.048265,-0.998390,-8.381308
1784102072092,158.260000,16.165524,-10.674586,-0.934233,-1.228615
1784102072112,158.280000,63.979660,-13.279227,-0.824524,1.442558
1784102072132,158.300000,38.855667,-12.523376,-0.586642,1.986211
1784102072152,158.320000,70.327700,-8.898934,-0.473927,4.092586
1784102072172,158.340000,42.381890,-3.530943,-0.274344,10.038701
1784102072192,158.360000,98.546160,2.191750,-0.019618,17.696268
1784102072212,158.380000,69.950830,7.024682,0.279474,22.634941
1784102072232,158.400000,100.595790,10.175895,0.408357,23.987351
1784102072252,158.420000,72.158460,11.382126,0.460903,25.548788
1784102072272,158.440000,118.539894,10.752282,0.504223,30.565459
1784102072292,158.460000,84.390526,8.561863,0.534577,37.727215
1784102072312,158.480000,133.019290,5.162375,0.498562,42.908914
1784102072332,158.500000,97.709120,0.975287,0.494890,43.869845
1784102072352,158.520000,127.628685,-3.550590,0.546214,42.358191
1784102072372,158.540000,86.202590,-8.053947,0.547770,40.719758
1784102072392,158.560000,128.417270,-12.369808,0.475490,37.445943
1784102072412,158.580000,83.279950,-16.530878,0.381123,28.855942
1784102072432,158.600000,89.643750,-20.665524,0.293630,14.877408
1784102072452,158.620000,47.457626,-24.916178,0.198911,0.187551
1784102072472,158.640000,71.438545,-29.430750,0.106331,-9.908844
1784102072492,158.660000,32.611393,-34.319164,0.046772,-12.564914
1784102072512,158.680000,55.392464,-39.508774,0.074363,-8.897431
1784102072532,158.700000,27.531597,-44.617100,0.209626,-5.578300
1784102072552,158.720000,65.616680,-48.974050,0.316862,-10.829200
1784102072572,158.740000,20.636980,-51.778492,0.225631,-23.289196
1784102072592,158.760000,1.718162,-52.351680,0.136897,-29.170009
1784102072612,158.780000,13.703144,-50.441360,0.037443,-17.868559
1784102072632,158.800000,68.194180,-46.326107,-0.145873,3.431656
1784102072652,158.820000,29.769192,-40.506350,-0.352442,17.640261
1784102072672,158.840000,65.896310,-33.261417,-0.543948,16.246846
1784102072692,158.860000,8.278680,-24.600473,-0.716567,4.713032
1784102072712,158.880000,47.004936,-14.675467,-0.913689,-6.506614
1784102072732,158.900000,-18.967188,-4.157783,-0.998390,-12.044380
1784102072752,158.920000,26.948856,5.816091,-0.934233,-14.965589
1784102072772,158.940000,-16.204117,14.047920,-0.824524,-22.300682
1784102072792,158.960000,-9.746080,19.719187,-0.586642,-36.590558
1784102072812,158.980000,-51.895554,22.595041,0.000000,-52.104568
1784102072832,159.000000,-33.548557,22.925781,0.475490,-60.122778
1784102072852,159.020000,-67.473570,21.222656,0.381123,-57.178434
1784102072872,159.040000,-12.150965,18.143847,0.293630,-47.334621
1784102072892,159.060000,-47.254257,14.538506,0.198911,-36.932519
1784102072912,159.080000,-10.063183,11.455411,0.106331,-29.059588
1784102072932,159.100000,-31.033148,9.948342,0.046772,-23.746024
1784102072952,159.120000,4.897892,10.749892,0.074363,-20.414363
1784102072972,159.140000,-31.061167,14.025905,0.209626,-17.862611
1784102072992,159.160000,6.344943,19.340818,0.316862,-14.014401
1784102073012,159.180000,-21.556229,25.805796,0.225631,-7.495438
1784102073032,159.200000,30.635597,32.342250,0.136897,1.966385
1784102073052,159.220000,-5.873105,37.997143,0.037443,15.035993
1784102073072,159.240000,53.144700,42.184025,-0.145873,32.146921
1784102073092,159.260000,34.031510,44.748993,-0.352442,50.566869
1784102073112,159.280000,85.288270,45.889820,-0.543948,64.624328
1784102073132,159.300000,54.371580,46.000156,-0.716567,70.587401
1784102073152,159.320000,84.902240,45.460987,-0.913689,70.267824
1784102073172,159.340000,47.107260,44.408020,-0.998390,68.482211
1784102073192,159.360000,80.841800,42.597607,-0.934233,67.383710
1784102073212,159.380000,44.233154,39.496017,-0.824524,64.596126
1784102073232,159.400000,68.372040,34.554370,-0.586642,56.926318
1784102073252,159.420000,14.556255,27.476242,-0.473927,44.265468
1784102073272,159.440000,35.788357,18.308687,-0.274344,29.029131
1784102073292,159.460000,-16.990757,7.366584,-0.019618,13.381266
1784102073312,159.480000,4.816831,-4.871870,0.279474,-1.386163
1784102073332,159.500000,-54.462357,-17.811672,0.408357,-14.041663
1784102073352,159.520000,-27.239231,-30.759827,0.460903,-24.232460
1784102073372,159.540000,-69.915504,-42.960420,0.504223,-33.398872
1784102073392,159.560000,-49.761856,-53.638730,0.534577,-42.658262
1784102073412,159.580000,-96.739500,-62.060486,0.498562,-50.326571
1784102073432,159.600000,-69.813570,-67.634880,0.494890,-53.560443
1784102073452,159.620000,-94.123450,-70.022780,0.546214,-51.902101
1784102073472,159.640000,-69.673620,-69.154976,0.547770,-47.632418
1784102073492,159.660000,-98.647720,-65.158450,0.475490,-43.241662
1784102073512,159.680000,-52.005272,-58.289593,0.381123,-39.268211
1784102073532,159.700000,-101.299380,-48.928333,0.293630,-34.060543
1784102073552,159.720000,-50.074608,-37.605762,0.198911,-25.967088
1784102073572,159.740000,-71.356370,-24.999147,0.106331,-15.769112
1784102073592,159.760000,-39.048790,-11.853618,0.046772,-5.960600
1784102073612,159.780000,-63.487240,1.129316,0.074363,1.527365
1784102073632,159.800000,-22.329475,13.356174,0.209626,6.009370
1784102073652,159.820000,-59.360954,24.328676,0.316862,8.083563
1784102073672,159.840000,-23.419281,33.607304,0.225631,9.611800
1784102073692,159.860000,-59.194878,40.806152,0.136897,12.115755
1784102073712,159.880000,-18.405157,45.622593,0.475490,14.931683
1784102073732,159.900000,-49.317627,47.904095,0.381123,16.186688
1784102073752,159.920000,-25.032766,47.723618,0.293630,15.212829
1784102073772,159.940000,-60.626960,45.377472,0.198911,12.154665
1784102073792,159.960000,-29.806050,41.280163,0.106331,5.847480
1784102073812,159.980000,-71.790250,35.843266,0.046772,-4.643655
1784102073832,160.000000,-54.512520,29.417892,0.074363,-15.763727
1784102073852,160.020000,-95.596910,22.286545,0.209626,-20.137361
1784102073872,160.040000,-53.360916,14.679527,0.316862,-13.655816
1784102073892,160.060000,-68.462265,6.864395,0.225631,-0.062917
1784102073912,160.080000,-22.007225,-0.684533,0.136897,13.369896
1784102073932,160.100000,-55.866180,-7.196632,0.037443,23.106948
1784102073952,160.120000,-5.615020,-11.771937,-0.145873,30.401603
1784102073972,160.140000,-38.830383,-13.744034,-0.352442,36.925683
1784102073992,160.160000,8.407306,-12.977139,-0.543948,42.125965
1784102074012,160.180000,-33.521465,-9.914991,-0.716567,44.332518
1784102074032,160.200000,2.993199,-5.426729,-0.913689,42.239726
1784102074052,160.220000,-33.997670,-0.587016,-0.998390,35.345767
1784102074072,160.240000,-17.661507,3.535025,-0.934233,24.420548
1784102074092,160.260000,-62.459244,6.043127,-0.824524,11.456407
1784102074112,160.280000,-37.471730,6.318884,-0.586642,-1.452486
1784102074132,160.300000,-86.542520,4.083543,-0.473927,-12.647410
1784102074152,160.320000,-57.300720,-0.558919,-0.274344,-20.372883
1784102074172,160.340000,-92.777650,-7.107500,-0.019618,-22.889518
1784102074192,160.360000,-57.943928,-14.711025,0.279474,-19.967644
1784102074212,160.380000,-84.486060,-22.283285,0.408357,-14.371787
1784102074232,160.400000,-42.074066,-28.667114,0.460903,-10.866697
1784102074252,160.420000,-77.898120,-32.832780,0.504223,-12.031462
1784102074272,160.440000,-41.401290,-34.089344,0.534577,-14.918320
1784102074292,160.460000,-85.649925,-32.260170,0.498562,-13.889749
1784102074312,160.480000,-29.557745,-27.739874,0.494890,-7.840403
1784102074332,160.500000,-59.249756,-21.347921,0.546214,-2.669461
1784102074352,160.520000,-21.277462,-14.017951,0.547770,-4.949282
1784102074372,160.540000,-74.534970,-6.535116,0.475490,-14.854964
1784102074392,160.560000,-36.842370,0.496515,0.381123,-26.904310
1784102074412,160.580000,-82.569870,6.528305,0.293630,-35.853594
1784102074432,160.600000,-48.375800,11.016212,0.198911,-40.204064
1784102074452,160.620000,-75.210205,13.549728,0.106331,-41.209088
1784102074472,160.640000,-44.261894,14.047263,0.046772,-40.201255
1784102074492,160.660000,-64.765450,12.848174,0.074363,-37.020889
1784102074512,160.680000,-19.663092,10.643431,0.209626,-30.114379
1784102074532,160.700000,-42.727800,8.298202,0.475490,-17.730779
1784102074552,160.720000,18.255653,6.652153,0.381123,0.203675
1784102074572,160.740000,9.491982,6.373426,0.293630,20.983380
1784102074592,160.760000,65.909360,7.889180,0.198911,40.219905
1784102074612,160.780000,47.028984,11.351693,0.106331,53.556359
1784102074632,160.800000,89.499710,16.581530,0.046772,57.120392
1784102074652,160.820000,54.118057,22.986694,0.074363,48.344875
1784102074672,160.840000,71.106250,29.534357,0.209626,28.569480
1784102074692,160.860000,9.033279,34.837498,0.316862,4.343473
1784102074712,160.880000,34.841960,37.364567,0.225631,-15.462394
1784102074732,160.900000,-4.973816,35.780910,0.136897,-24.153767
1784102074752,160.920000,28.986900,29.388071,0.037443,-19.993100
1784102074772,160.940000,11.621167,18.497248,-0.145873,-7.422866
1784102074792,160.960000,64.908745,4.523066,-0.352442,4.356445
1784102074812,160.980000,33.601727,-10.300183,-0.543948,7.640268
1784102074832,161.000000,62.867546,-23.513450,-0.716567,3.031579
1784102074852,161.020000,23.498869,-33.151787,-0.913689,-1.310525
1784102074872,161.040000,60.579600,-38.303200,-0.998390,1.787616
1784102074892,161.060000,41.005203,-39.223870,-0.934233,11.695882
1784102074912,161.080000,91.423210,-36.951250,-0.824524,22.497242
1784102074932,161.100000,50.748158,-32.694700,-0.586642,30.572202
1784102074952,161.120000,99.737480,-27.405838,-0.473927,36.956048
1784102074972,161.140000,64.769320,-21.701027,-0.274344,42.885942
1784102074992,161.160000,112.598450,-15.992616,-0.019618,46.799148
1784102075012,161.180000,70.223400,-10.607366,0.279474,46.924262
1784102075032,161.200000,95.247440,-5.835008,0.408357,43.776628
1784102075052,161.220000,61.041710,-1.969565,0.460903,37.844479
1784102075072,161.240000,77.784330,0.662307,0.504223,26.933584
1784102075092,161.260000,32.528824,1.740068,0.534577,9.015956
1784102075112,161.280000,37.916540,1.034978,0.498562,-12.521823
1784102075132,161.300000,-21.243360,-1.539134,0.213149,-29.671327
1784102075152,161.320000,8.323622,-5.924099,0.112253,-37.647870
1784102075172,161.340000,-23.057446,-11.865959,0.062038,-39.744483
1784102075192,161.360000,6.540882,-18.773483,0.092421,-42.024207
1784102075212,161.380000,-43.021500,-25.639593,0.148215,-45.617452
1784102075232,161.400000,-7.328656,-31.217667,0.119049,-47.720170
1784102075252,161.420000,-38.902030,-34.404247,0.132237,-47.986781
1784102075272,161.440000,-0.484727,-34.548880,0.235040,-49.150669
1784102075292,161.460000,-54.340400,-31.523972,0.365121,-51.909971
1784102075312,161.480000,-12.598330,-25.654646,0.381116,-53.426884
1784102075332,161.500000,-40.691353,-17.624560,0.313964,-50.906484
1784102075352,161.520000,-5.395929,-8.321725,0.249865,-43.634281
1784102075372,161.540000,-25.826418,1.396057,0.085831,-31.967992
1784102075392,161.560000,25.960709,10.910110,-0.169878,-16.852103
1784102075412,161.580000,5.028538,19.917511,-0.438915,-0.373033
1784102075432,161.600000,58.321438,28.376543,-0.612435,14.533232
1784102075452,161.620000,37.101870,36.375080,-0.778473,25.586073
1784102075472,161.640000,71.883194,43.959095,-0.975683,32.473715
1784102075492,161.660000,52.659653,50.973846,-0.977382,36.604851
1784102075512,161.680000,83.671280,56.997860,-0.853208,39.677083
1784102075532,161.700000,53.591324,61.409985,-0.602351,42.240285
1784102075552,161.720000,93.218750,63.559692,-0.449224,43.108490
1784102075572,161.740000,55.528200,62.964092,-0.234549,40.491627
1784102075592,161.760000,81.714720,59.441463,-0.024569,34.077616
1784102075612,161.780000,42.994194,53.129486,0.265517,25.586396
1784102075632,161.800000,66.376220,44.405804,0.393653,17.232613
1784102075652,161.820000,26.737022,33.785030,0.442730,9.935546
1784102075672,161.840000,52.400260,21.859962,0.474634,2.889593
1784102075692,161.860000,13.048303,9.285259,0.493209,-5.063072
1784102075712,161.880000,36.391530,-3.241842,0.431581,-13.286779
1784102075732,161.900000,-4.327057,-15.032901,0.371295,-18.787968
1784102075752,161.920000,29.930240,-25.480225,0.379449,-18.391729
1784102075772,161.940000,1.994645,-34.100254,0.347583,-11.687672
1784102075792,161.960000,43.353840,-40.514088,0.090188,-1.798484
1784102075812,161.980000,18.533780,-44.401550,-0.000185,6.776116
1784102075832,162.000000,56.522580,-45.507996,-0.069109,11.301946
1784102075852,162.020000,12.821611,-43.746760,-0.044542,11.953511
1784102075872,162.040000,53.422546,-39.351414,0.023126,10.158793
1784102075892,162.060000,7.548893,-32.959880,0.090981,7.049412
1784102075912,162.080000,42.374330,-25.538568,0.124800,4.120398
1784102075932,162.100000,-3.638413,-18.165998,0.258255,3.728895
1784102075952,162.120000,38.740307,-11.780991,0.436115,7.122635
1784102075972,162.140000,3.647440,-6.984318,0.472930,12.311559
1784102075992,162.160000,39.264587,-3.931992,0.393215,15.164010
1784102076012,162.180000,2.974258,-2.356449,0.285311,13.008295
1784102076032,162.200000,21.840963,-1.737092,0.178482,6.707569
1784102076052,162.220000,-21.034771,-1.565559,0.000975,-1.181636
1784102076072,162.240000,5.014433,-1.568288,-0.238350,-9.477245
1784102076092,162.260000,-38.918990,-1.757925,-0.436052,-18.237576
1784102076112,162.280000,-22.555470,-2.312341,-0.660070,-26.197705
1784102076132,162.300000,-56.640656,-3.397779,-0.944713,-30.500895
1784102076152,162.320000,-29.692100,-5.040256,-0.998608,-29.412415
1784102076172,162.340000,-51.736847,-7.056272,-0.947800,-24.076137
1784102076192,162.360000,-19.201952,-9.024386,-0.794653,-17.651938
1784102076212,162.380000,-58.121292,-10.340644,-0.564067,-14.197754
1784102076232,162.400000,-19.732304,-10.402245,-0.226654,-17.343859
1784102076252,162.420000,-47.111576,-8.838449,0.102104,-25.737182
1784102076272,162.440000,-56.085440,-5.659852,0.431837,-29.824338
1784102076292,162.460000,-60.217880,-1.286975,0.556241,-19.488095
1784102076312,162.480000,0.830337,3.579793,0.535378,3.819070
1784102076332,162.500000,-9.054549,8.301788,0.486892,28.038018
1784102076352,162.520000,32.009050,12.698468,0.434428,43.523950
1784102076372,162.540000,2.759835,17.125326,0.341712,49.776738
1784102076392,162.560000,44.266056,22.076471,0.253112,49.963518
1784102076412,162.580000,7.566737,27.652222,0.241652,44.776812
1784102076432,162.600000,22.489897,33.324234,0.174802,33.437212
1784102076452,162.620000,-17.424480,38.064556,0.090188,17.374712
1784102076472,162.640000,-5.390849,40.659030,-0.000185,0.743196
1784102076492,162.660000,-49.313740,40.054710,-0.069109,-12.234429
1784102076512,162.680000,-17.814943,35.671310,-0.044542,-20.023337
1784102076532,162.700000,-61.512430,27.614470,0.023126,-23.869682
1784102076552,162.720000,-9.767425,16.722940,0.090981,-24.963105
1784102076572,162.740000,-58.108140,4.426628,0.124800,-22.338084
1784102076592,162.760000,-6.183559,-7.562614,0.258255,-15.699372
1784102076612,162.780000,-38.161010,-17.639440,0.436115,-10.245746
1784102076632,162.800000,8.893587,-24.628723,0.472930,-14.051888
1784102076652,162.820000,-31.848750,-27.954397,0.393215,-27.080434
1784102076672,162.840000,-37.599876,-27.695776,0.285311,-36.991523
1784102076692,162.860000,-39.426370,-24.596155,0.178482,-32.047103
1784102076712,162.880000,18.559088,-19.894316,0.000975,-15.477577
1784102076732,162.900000,-0.080460,-14.836018,-0.238350,-0.776842
1784102076752,162.920000,32.732838,-10.113669,0.090188,4.711039
1784102076772,162.940000,8.650659,-5.718662,-0.000185,5.526653
1784102076792,162.960000,50.108300,-1.322356,-0.069109,9.182035
1784102076812,162.980000,24.025787,3.235317,-0.044542,16.631027
1784102076832,163.000000,72.194010,7.768402,0.023126,22.352676
1784102076852,163.020000,41.497460,11.878520,0.090981,22.004856
1784102076872,163.040000,70.306930,15.154170,0.124800,18.254408
1784102076892,163.060000,31.353785,17.256979,0.258255,17.348009
1784102076912,163.080000,84.228840,17.910162,0.436115,20.476078
1784102076932,163.100000,52.022560,16.928205,0.472930,21.879701
1784102076952,163.120000,80.846150,14.333989,0.393215,16.439574
1784102076972,163.140000,33.670757,10.415349,0.285311,6.002858
1784102076992,163.160000,65.976000,5.591762,0.178482,-3.116298
1784102077012,163.180000,33.966260,0.208971,0.000975,-6.279067
1784102077032,163.200000,65.486440,-5.513624,-0.238350,-3.186836
1784102077052,163.220000,41.983566,-11.353877,-0.436052,2.819447
1784102077072,163.240000,83.439730,-16.942640,-0.660070,6.722936
1784102077092,163.260000,48.357100,-21.746900,-0.944713,5.154124
1784102077112,163.280000,76.161896,-25.204773,-0.998608,-0.742705
1784102077132,163.300000,34.924503,-26.949942,-0.947800,-6.459013
1784102077152,163.320000,72.511690,-26.996954,-0.794653,-8.517308
1784102077172,163.340000,36.096720,-25.743309,-0.564067,-7.110579
1784102077192,163.360000,79.817560,-23.762709,-0.226654,-4.530062
1784102077212,163.380000,38.045696,-21.534689,0.102104,-2.279739
1784102077232,163.400000,81.068990,-19.293370,0.431837,-0.449529
1784102077252,163.420000,47.824570,-17.048584,0.556241,1.169961
1784102077272,163.440000,81.948265,-14.698094,0.535378,2.590526
1784102077292,163.460000,46.102010,-12.141093,0.486892,3.578725
1784102077312,163.480000,83.060380,-9.356317,0.434428,3.248771
1784102077332,163.500000,46.350758,-6.432463,0.341712,0.606730
1784102077352,163.520000,71.068020,-3.549271,0.253112,-3.718397
1784102077372,163.540000,37.532566,-0.933966,0.241652,-7.032881
1784102077392,163.560000,67.849686,1.183865,-0.005074,-6.599229
1784102077412,163.580000,38.246555,2.631866,-0.065028,-2.217100
1784102077432,163.600000,76.888850,3.377124,-0.102683,3.163878
1784102077452,163.620000,48.988937,3.588003,-0.062195,5.660413
1784102077472,163.640000,69.348230,3.605222,0.006455,3.474519
1784102077492,163.660000,39.266758,3.796866,0.097443,-2.336167
1784102077512,163.680000,57.641956,4.367322,0.140465,-9.342121
1784102077532,163.700000,21.894098,5.243952,0.196795,-15.178087
1784102077552,163.720000,48.998024,6.119585,0.362636,-18.243509
1784102077572,163.740000,10.817694,6.618453,0.463550,-18.277925
1784102077592,163.760000,53.431526,6.485279,0.393574,-16.190192
1784102077612,163.780000,19.586325,5.720020,0.281035,-12.540709
1784102077632,163.800000,48.649673,4.604679,0.233392,-6.963560
1784102077652,163.820000,29.385494,3.598907,0.059835,-0.220617
1784102077672,163.840000,70.573950,3.170596,-0.152137,4.846504
1784102077692,163.860000,26.687777,3.659247,-0.303318,6.158197
1784102077712,163.880000,58.973557,5.188398,-0.523450,4.639297
1784102077732,163.900000,30.139889,7.601447,-0.914934,2.960641
1784102077752,163.920000,59.068653,10.465815,-0.996697,4.002916
1784102077772,163.940000,22.740944,13.204590,-0.982311,9.908162
1784102077792,163.960000,74.738620,15.303973,-0.812833,19.767646
1784102077812,163.980000,44.157906,16.488556,-0.619858,28.427150
1784102077832,164.000000,75.503624,16.795877,-0.181445,29.520511
1784102077852,164.020000,33.042408,16.502320,0.188246,20.226453
1784102077872,164.040000,50.110912,15.895447,0.554266,3.698168
1784102077892,164.060000,-6.777447,15.012074,0.568269,-12.443951
1784102077912,164.080000,15.988409,13.531690,0.523995,-21.010164
1784102077932,164.100000,-7.860920,10.931632,0.464859,-19.834519
1784102077952,164.120000,16.837313,6.845621,0.408763,-11.995407
1784102077972,164.140000,1.215379,1.415384,0.326447,-2.519283
1784102077992,164.160000,38.252483,-4.597860,0.213915,4.932056
1784102078012,164.180000,3.111027,-10.026761,0.159376,9.417350
1784102078032,164.200000,36.203380,-13.722941,0.065952,11.448789
1784102078052,164.220000,7.806355,-14.971939,-0.005074,10.933203
1784102078072,164.240000,28.874458,-13.708961,-0.065028,7.416861
1784102078092,164.260000,-15.131205,-10.481351,-0.039793,1.730353
1784102078112,164.280000,21.142820,-6.235542,-0.103392,-3.776483
1784102078132,164.300000,-25.465560,-2.034667,-0.161564,-6.279207
1784102078152,164.320000,6.792518,1.221555,-0.191638,-4.296152
1784102078172,164.340000,-21.092440,3.010852,-0.133870,0.194313
1784102078192,164.360000,17.293118,3.282881,-0.023333,2.698145
1784102078212,164.380000,-25.387260,2.417059,0.082355,0.990058
1784102078232,164.400000,0.132799,1.043268,0.200620,-2.382285
1784102078252,164.420000,-33.917267,-0.236405,0.346602,-3.677140
1784102078272,164.440000,2.943876,-1.079070,0.427982,-2.179484
1784102078292,164.460000,-30.781906,-1.429251,0.362449,0.619373
1784102078312,164.480000,-1.355812,-1.373254,0.285152,3.743005
1784102078332,164.500000,-33.353770,-0.999284,0.210781,6.005943
1784102078352,164.520000,2.364148,-0.365600,0.032557,4.242834
1784102078372,164.540000,-41.188065,0.468633,-0.188288,-4.081876
1784102078392,164.560000,-27.810345,1.400673,-0.311520,-16.377818
1784102078412,164.580000,-70.476204,2.225224,-0.463872,-25.856075
1784102078432,164.600000,-38.387543,2.604585,-0.754247,-27.696039
1784102078452,164.620000,-66.047340,2.175150,-0.922924,-22.858216
1784102078472,164.640000,-33.572388,0.787913,-0.997096,-15.990794
1784102078492,164.660000,-56.100945,-1.300039,-0.860941,-11.192712
1784102078512,164.680000,-29.990585,-3.462385,-0.798805,-9.735846
1784102078532,164.700000,-59.241734,-4.960817,-0.168585,-10.241718
1784102078552,164.720000,-29.897305,-5.256227,0.648027,-9.988829
1784102078572,164.740000,-59.232834,-4.199690,0.744399,-6.294579
1784102078592,164.760000,-20.503145,-2.025395,0.728581,2.248492
1784102078612,164.780000,-38.337738,0.823914,0.637168,14.769326
1784102078632,164.800000,-0.595888,3.927142,0.522232,27.837159
1784102078652,164.820000,-18.914566,7.039171,0.348985,36.601683
1784102078672,164.840000,12.879282,10.095859,0.209963,37.772177
1784102078692,164.860000,-25.883821,13.083596,0.153872,32.542132
1784102078712,164.880000,-8.985004,15.854161,0.126277,25.414608
1784102078732,164.900000,-42.961770,18.000376,0.036759,19.168244
1784102078752,164.920000,-10.410732,18.906218,-0.039793,12.766452
1784102078772,164.940000,-61.306297,17.986551,-0.103392,5.242993
1784102078792,164.960000,-39.162254,14.954778,-0.161564,-1.146981
1784102078812,164.980000,-62.259384,9.933935,-0.191638,-3.399317
1784102078832,165.000000,-38.199074,3.412131,-0.133870,-1.130417
1784102078852,165.020000,-61.863580,-3.846550,-0.023333,3.607343
1784102078872,165.040000,-27.967651,-10.904290,0.082355,8.056743
1784102078892,165.060000,-56.922035,-16.810255,0.200620,9.835999
1784102078912,165.080000,-28.112522,-20.809290,0.346602,7.731084
1784102078932,165.100000,-65.813620,-22.521010,0.427982,2.232770
1784102078952,165.120000,-40.116410,-22.030502,0.362449,-4.769200
1784102078972,165.140000,-78.868930,-19.857586,0.285152,-11.056004
1784102078992,165.160000,-50.331173,-16.795563,0.210781,-15.255316
1784102079012,165.180000,-83.595710,-13.667119,0.032557,-17.461114
1784102079032,165.200000,-54.295265,-11.089110,-0.188288,-18.876691
1784102079052,165.220000,-80.981040,-9.332423,-0.311520,-20.561618
1784102079072,165.240000,-58.729760,-8.317395,-0.463872,-22.304413
1784102079092,165.260000,-81.663956,-7.728937,-0.754247,-22.876434
1784102079112,165.280000,-53.027527,-7.181467,-0.922924,-21.210735
1784102079132,165.300000,-68.662870,-6.344368,-0.997096,-16.970361
1784102079152,165.320000,-44.369633,-4.987008,-0.860941,-10.875920
1784102079172,165.340000,-58.494530,-2.978676,0.000000,-5.589297
1784102079192,165.360000,-21.791832,-0.289508,-0.039793,-4.646890
1784102079212,165.380000,-56.045730,3.003515,-0.103392,-8.090059
1784102079232,165.400000,-31.044708,6.699986,-0.161564,-10.562765
1784102079252,165.420000,-53.158142,10.448509,-0.191638,-6.862579
1784102079272,165.440000,-7.456320,13.776814,-0.133870,1.178289
1784102079292,165.460000,-31.635902,16.252180,-0.023333,6.071938
1784102079312,165.480000,-0.629130,17.686480,0.082355,3.110607
1784102079332,165.500000,-40.846990,18.178406,0.200620,-4.437332
1784102079352,165.520000,-10.570169,17.928265,0.346602,-9.023411
1784102079372,165.540000,-32.785420,17.016779,0.427982,-6.131819
1784102079392,165.560000,12.122630,15.383514,0.362449,3.052009
1784102079412,165.580000,-12.468630,13.017844,0.285152,14.430794
1784102079432,165.600000,35.216170,10.153091,0.210781,24.000501
1784102079452,165.620000,12.112072,7.273411,0.032557,28.893138
1784102079472,165.640000,45.114285,4.930457,-0.188288,28.260854
1784102079492,165.660000,7.840132,3.494021,-0.311520,23.696007
1784102079512,165.680000,36.991474,2.961604,-0.463872,17.402647
1784102079532,165.700000,-4.137086,2.913179,-0.754247,10.182740
1784102079552,165.720000,42.525710,2.658041,-0.922924,2.904179
1784102079572,165.740000,-24.935932,1.518150,-0.997096,-1.129282
1784102079592,165.760000,31.778625,-0.920603,-0.860941,0.941422
1784102079612,165.780000,1.923953,-4.690355,-0.798805,6.395188
1784102079632,165.800000,41.333500,-9.419606,-0.168585,9.006264
1784102079652,165.820000,6.404611,-14.389999,0.648027,6.844874
1784102079672,165.840000,23.860186,-18.736450,0.744399,4.211400
1784102079692,165.860000,9.336465,-21.776075,0.728581,5.030280
1784102079712,165.880000,41.070680,-23.243597,0.637168,7.958256
1784102079732,165.900000,7.756918,-23.252798,0.522232,9.575401
1784102079752,165.920000,42.109890,-22.093863,0.348985,9.286826
1784102079772,165.940000,4.716540,-20.085894,0.209963,8.706764
1784102079792,165.960000,41.377357,-17.550632,0.153872,7.855520
1784102079812,165.980000,5.452375,-14.813085,0.126277,4.596671
1784102079832,166.000000,34.479910,-12.163585,0.036759,-1.813648
1784102079852,166.020000,-15.465800,-9.826566,-0.039793,-8.877087
1784102079872,166.040000,16.147835,-7.980715,-0.103392,-14.396485
1784102079892,166.060000,-15.796089,-6.785065,-0.161564,-20.024000
1784102079912,166.080000,5.392545,-6.335905,-0.191638,-28.331304
1784102079932,166.100000,-40.303413,-6.586717,-0.133870,-37.490378
1784102079952,166.120000,-13.897645,-7.345673,-0.023333,-42.223103
1784102079972,166.140000,-36.866264,-8.359283,0.068161,-39.895226
1784102079992,166.160000,-3.504404,-9.354629,-0.049824,-32.893088
1784102080012,166.180000,-18.369408,-9.980735,-0.150263,-24.423765
1784102080032,166.200000,14.044581,-9.760014,-0.147359,-14.310784
1784102080052,166.220000,-5.669227,-8.175343,-0.033755,-1.082990
1784102080072,166.240000,46.672733,-4.859066,0.140972,12.864257
1784102080092,166.260000,29.674010,0.268000,0.298214,21.888494
1784102080112,166.280000,52.581173,6.977329,0.344131,23.784077
1784102080132,166.300000,21.017760,14.751437,0.373146,22.284472
1784102080152,166.320000,51.908210,22.776224,0.442553,21.268310
1784102080172,166.340000,27.697650,29.999596,0.361476,19.849959
1784102080192,166.360000,49.869995,35.362858,0.257301,15.535561
1784102080212,166.380000,6.637765,38.100662,0.194168,9.531655
1784102080232,166.400000,44.040030,37.898632,-0.015326,6.022938
1784102080252,166.420000,8.279400,34.872875,-0.245146,7.269658
1784102080272,166.440000,45.878246,29.495783,-0.330717,11.245493
1784102080292,166.460000,19.689741,22.534899,-0.512584,13.840468
1784102080312,166.480000,49.378708,14.954181,-0.885629,12.682602
1784102080332,166.500000,6.360928,7.722820,-0.994771,8.499257
1784102080352,166.520000,42.574924,1.574669,-0.987643,3.134726
1784102080372,166.540000,5.113960,-3.157520,-0.823199,-2.139217
1784102080392,166.560000,24.990560,-6.539728,-0.724369,-6.195309
1784102080412,166.580000,-2.595814,-8.892665,-0.361930,-8.286006
1784102080432,166.600000,27.229788,-10.605536,0.433820,-9.466381
1784102080452,166.620000,-8.122825,-11.980554,0.582710,-12.156769
1784102080472,166.640000,16.966864,-13.147599,0.584298,-17.567570
1784102080492,166.660000,-15.042966,-14.080104,0.544583,-23.836845
1784102080512,166.680000,2.405067,-14.694199,0.477752,-26.890028
1784102080532,166.700000,-17.820139,-14.943341,0.339208,-23.644605
1784102080552,166.720000,21.673900,-14.821849,0.240587,-14.481743
1784102080572,166.740000,1.261054,-14.274783,0.229781,-2.374498
1784102080592,166.760000,40.040905,-13.108228,0.181826,9.480105
1784102080612,166.780000,23.789406,-11.011433,0.154359,18.761792
1784102080632,166.800000,59.642242,-7.705621,0.068161,24.469325
1784102080652,166.820000,24.572079,-3.127457,-0.049824,27.226312
1784102080672,166.840000,61.779610,2.449632,-0.150263,28.222259
1784102080692,166.860000,31.637466,8.412093,-0.147359,27.701023
1784102080712,166.880000,51.005500,13.936050,-0.033755,24.938172
1784102080732,166.900000,21.949871,18.194498,0.140972,19.070921
1784102080752,166.920000,37.287230,20.540876,0.298214,9.974824
1784102080772,166.940000,4.233074,20.608970,0.344131,-0.515638
1784102080792,166.960000,13.052500,18.338133,0.373146,-8.731008
1784102080812,166.980000,-13.500989,13.948915,0.442553,-12.322315
1784102080832,167.000000,14.175434,7.900780,0.361476,-13.137953
1784102080852,167.020000,-14.986706,0.867626,0.257301,-15.209604
1784102080872,167.040000,2.868852,-6.302166,0.194168,-20.031693
1784102080892,167.060000,-30.509819,-12.721812,-0.015326,-25.664789
1784102080912,167.080000,-9.751776,-17.689180,-0.245146,-30.418896
1784102080932,167.100000,-35.727030,-20.858913,-0.330717,-34.887351
1784102080952,167.120000,-15.426475,-22.243193,-0.512584,-38.848240
1784102080972,167.140000,-45.365967,-22.077293,-0.885629,-38.281027
1784102080992,167.160000,-15.106525,-20.673447,-0.994771,-28.933497
1784102081012,167.180000,-17.968452,-18.313322,-0.987643,-12.854396
1784102081032,167.200000,25.972810,-15.142497,-0.823199,2.180345
1784102081052,167.220000,0.848670,-11.090737,0.000000,11.176248
1784102081072,167.240000,32.205635,-5.945669,0.000000,17.017080
1784102081092,167.260000,10.711809,0.386025,0.000000,25.189128
1784102081112,167.280000,53.524517,7.626450,0.000000,35.869612
1784102081132,167.300000,38.105250,15.124637,0.000000,44.089766
1784102081152,167.320000,53.983270,22.093508,0.000000,46.402167
1784102081172,167.340000,29.984255,27.837225,0.000000,44.063819
1784102081192,167.360000,54.132812,31.811728,0.000000,39.903710
1784102081212,167.380000,19.221573,33.600240,0.068161,35.074445
1784102081232,167.400000,39.387840,32.934200,-0.049824,29.210626
1784102081252,167.420000,4.297094,29.760712,-0.150263,21.767943
1784102081272,167.440000,24.407272,24.280127,-0.147359,12.804005
1784102081292,167.460000,-18.295795,16.924751,-0.033755,3.258653
1784102081312,167.480000,6.013613,8.295699,0.140972,-5.510569
1784102081332,167.500000,-35.776060,-0.922040,0.298214,-12.803359
1784102081352,167.520000,-10.488276,-10.040437,0.344131,-19.074151
1784102081372,167.540000,-42.408283,-18.421228,0.373146,-24.992088
1784102081392,167.560000,-25.543491,-25.506289,0.442553,-30.250336
1784102081412,167.580000,-58.632843,-30.857832,0.361476,-34.308358
1784102081432,167.600000,-30.150043,-34.212280,0.257301,-37.744411
1784102081452,167.620000,-50.121258,-35.498320,0.194168,-40.483452
1784102081472,167.640000,-46.619690,-34.793976,-0.015326,-39.393126
1784102081492,167.660000,-49.108555,-32.277653,-0.245146,-31.577512
1784102081512,167.680000,-9.445263,-28.197134,-0.330717,-20.044906
1784102081532,167.700000,-34.843956,-22.807150,-0.512584,-12.341647
1784102081552,167.720000,0.235838,-16.299942,-0.885629,-13.126113
1784102081572,167.740000,-47.114510,-8.852472,-0.994771,-20.211963
1784102081592,167.760000,-14.984127,-0.817012,-0.987643,-27.526196
1784102081612,167.780000,-45.666798,7.140012,-0.823199,-29.795287
1784102081632,167.800000,-17.579197,14.145633,-0.724369,-24.376788
1784102081652,167.820000,-26.934437,19.430367,-0.361930,-11.156489
1784102081672,167.840000,20.973114,22.650785,0.433820,7.744481
1784102081692,167.860000,9.970741,24.053253,0.582710,28.820394
1784102081712,167.880000,64.853880,24.401474,0.584298,48.341807
1784102081732,167.900000,45.605423,24.694483,0.544583,62.775752
1784102081752,167.920000,79.081985,25.774595,0.477752,68.718916
1784102081772,167.940000,57.699844,27.979210,0.339208,64.018232
1784102081792,167.960000,61.884210,30.973724,0.240587,50.379187
1784102081812,167.980000,20.936666,33.804012,0.229781,33.771236
1784102081832,168.000000,31.293910,35.136580,0.181826,19.989833
1784102081852,168.020000,2.123987,33.639828,0.154359,10.165091
1784102081872,168.040000,21.232760,28.433954,0.068161,2.154053
1784102081892,168.060000,-23.101177,19.448553,-0.049824,-4.880705
1784102081912,168.080000,11.383492,7.490351,-0.150263,-9.473135
1784102081932,168.100000,-24.789503,-6.004274,-0.147359,-10.588162
1784102081952,168.120000,10.145854,-19.356716,-0.033755,-9.203721
1784102081972,168.140000,-18.260517,-30.992270,0.140972,-7.120471
1784102081992,168.160000,11.908687,-39.685413,0.298214,-5.313906
1784102082012,168.180000,-13.173555,-44.715374,0.344131,-3.770735
1784102082032,168.200000,15.673919,-45.923780,0.373146,-2.607120
1784102082052,168.220000,-13.694540,-43.666958,0.442553,-3.037102
1784102082072,168.240000,12.952883,-38.688976,0.361476,-6.712797
1784102082092,168.260000,-14.684370,-31.953135,0.257301,-13.225427
1784102082112,168.280000,-3.239217,-24.472488,0.194168,-18.781516
1784102082132,168.300000,-28.822428,-17.176220,-0.015326,-19.579084
1784102082152,168.320000,10.620121,-10.804448,-0.245146,-16.550487
1784102082172,168.340000,-14.238439,-5.789693,-0.330717,-14.162094
1784102082192,168.360000,5.823371,-2.160020,-0.512584,-14.602341
1784102082212,168.380000,-16.615559,0.413385,-0.885629,-15.986921
1784102082232,168.400000,13.200425,2.398000,-0.994771,-16.224600
1784102082252,168.420000,-15.178937,4.167849,-0.987643,-16.121621
1784102082272,168.440000,13.097944,5.908966,0.068161,-18.196746
1784102082292,168.460000,-15.844006,7.644560,-0.049824,-23.350193
1784102082312,168.480000,5.893288,9.284069,-0.150263,-28.881756
1784102082332,168.500000,-25.434736,10.659446,-0.147359,-30.206485
1784102082352,168.520000,13.172503,11.573184,-0.033755,-24.837190
1784102082372,168.540000,7.009905,11.898435,0.140972,-13.660403
1784102082392,168.560000,35.793068,11.720614,0.298214,1.388122
1784102082412,168.580000,33.626087,11.409180,0.344131,17.920047
1784102082432,168.600000,73.354690,11.519104,0.373146,30.908679
1784102082452,168.620000,58.062300,12.565067,0.442553,34.111883
1784102082472,168.640000,74.607500,14.790786,0.361476,26.449752
1784102082492,168.660000,29.935951,17.994743,0.257301,14.675336
1784102082512,168.680000,54.762050,21.445074,0.194168,6.940670
1784102082532,168.700000,28.332817,23.998190,-0.015326,4.916321
1784102082552,168.720000,59.195335,24.492476,-0.245146,4.622273
1784102082572,168.740000,24.201572,22.243591,-0.330717,3.661977
1784102082592,168.760000,50.668888,17.318540,-0.512584,4.083077
1784102082612,168.780000,31.176577,10.438316,-0.885629,7.783890
1784102082632,168.800000,60.139046,2.663289,-0.994771,12.471793
1784102082652,168.820000,42.819725,-4.903258,-0.987643,14.452178
1784102082672,168.840000,55.466484,-11.316798,-0.823199,13.857516
1784102082692,168.860000,31.552261,-15.952840,-0.724369,14.315255
1784102082712,168.880000,62.698708,-18.623667,-0.361930,17.709209
1784102082732,168.900000,44.909195,-19.549376,0.433820,22.062461
1784102082752,168.920000,58.649560,-19.165960,0.582710,24.679669
1784102082772,168.940000,40.200485,-17.918097,0.584298,24.485105
1784102082792,168.960000,54.969643,-16.179617,0.544583,21.134199
1784102082812,168.980000,31.198158,-14.279674,0.477752,14.981684
1784102082832,169.000000,39.593277,-12.526504,0.339208,8.695011
1784102082852,169.020000,5.900165,-11.197871,0.240587,5.997699
1784102082872,169.040000,41.722710,-10.515485,0.229781,7.402487
1784102082892,169.060000,12.987260,-10.574462,0.181826,9.301529
1784102082912,169.080000,32.881348,-11.242612,0.154359,8.225007
1784102082932,169.100000,2.762622,-12.148178,0.068161,4.021619
1784102082952,169.120000,21.524197,-12.829411,-0.049824,-1.573587
1784102082972,169.140000,-5.200669,-12.947006,-0.150263,-7.431026
1784102082992,169.160000,0.237668,-12.398792,-0.147359,-13.440580
1784102083012,169.180000,-12.341147,-11.296720,-0.033755,-19.446659
1784102083032,169.200000,-6.161093,-9.863240,0.140972,-24.189897
1784102083052,169.220000,-31.133455,-8.313701,0.298214,-26.011633
1784102083072,169.240000,0.299328,-6.773424,0.344131,-25.322950
1784102083092,169.260000,-22.413372,-5.236271,0.373146,-24.896513
1784102083112,169.280000,0.338357,-3.559139,0.442553,-26.508022
1784102083132,169.300000,-27.448109,-1.514488,0.361476,-29.053045
1784102083152,169.320000,-1.480480,1.082621,0.257301,-31.231015
1784102083172,169.340000,-22.389260,4.244074,0.194168,-33.955987
1784102083192,169.360000,4.822505,7.789935,-0.015326,-37.739545
1784102083212,169.380000,-27.037275,11.440135,-0.245146,-38.997879
1784102083232,169.400000,12.643516,14.913437,-0.330717,-32.487685
1784102083252,169.420000,4.339965,17.994707,0.068161,-18.335843
1784102083272,169.440000,52.612083,20.615430,-0.049824,-4.179235
1784102083292,169.460000,37.922447,22.934393,-0.150263,1.777982
1784102083312,169.480000,63.568890,25.295738,-0.147359,-0.634026
1784102083332,169.500000,34.900166,27.989388,-0.033755,-3.459361
1784102083352,169.520000,75.074814,30.956375,0.140972,0.737632
1784102083372,169.540000,68.812546,33.711308,0.298214,11.630906
1784102083392,169.560000,103.854560,35.590412,0.344131,22.639774
1784102083412,169.580000,90.630260,36.123707,0.373146,27.613816
1784102083432,169.600000,121.846450,35.224370,0.442553,25.467214
1784102083452,169.620000,86.942320,33.084724,0.361476,19.974088
1784102083472,169.640000,120.370440,29.922892,0.257301,16.004108
1784102083492,169.660000,94.510420,25.806244,0.194168,15.606535
1784102083512,169.680000,126.172410,20.670620,-0.015326,17.173927
1784102083532,169.700000,104.220380,14.486245,-0.245146,17.616932
1784102083552,169.720000,130.151610,7.416452,-0.330717,14.944545
1784102083572,169.740000,96.054630,-0.163954,-0.512584,9.211495
1784102083592,169.760000,123.287420,-7.793212,-0.885629,2.014588
1784102083612,169.780000,90.960870,-15.079026,-0.994771,-4.008179
1784102083632,169.800000,109.451380,-21.779646,-0.987643,-6.069989
1784102083652,169.820000,87.227730,-27.783651,-0.823199,-3.645048
1784102083672,169.840000,125.722820,-33.019627,-0.724369,0.479488
1784102083692,169.860000,93.066790,-37.345535,-0.361930,3.549942
1784102083712,169.880000,120.212770,-40.499767,0.433820,6.437395
1784102083732,169.900000,99.173410,-42.180880,0.582710,11.907273
1784102083752,169.920000,127.978134,-42.202496,0.584298,20.220587
1784102083772,169.940000,116.278600,-40.578625,0.544583,28.520071
1784102083792,169.960000,134.548460,-37.481762,0.477752,33.990706
1784102083812,169.980000,101.414430,-33.179577,0.339208,35.083073
1784102083832,170.000000,127.078804,-28.049707,0.240587,29.822683
1784102083852,170.020000,85.371950,-22.621256,0.229781,17.078940
1784102083872,170.040000,82.295650,-17.552477,0.181826,1.214814
1784102083892,170.060000,39.876675,-13.546058,0.154359,-8.549978
1784102083912,170.080000,63.823162,-11.230594,0.068161,-6.510872
1784102083932,170.100000,49.515026,-10.967514,-0.049824,3.734045
1784102083952,170.120000,74.168230,-12.587532,-0.150263,13.585691
1784102083972,170.140000,42.474228,-15.259601,-0.147359,17.334042
1784102083992,170.160000,59.618164,-17.717070,0.201985,14.171900
1784102084012,170.180000,26.551392,-18.771326,0.093800,5.384784
1784102084032,170.200000,26.978104,-17.787888,0.017601,-6.876092
1784102084052,170.220000,-11.937910,-14.870697,0.005208,-19.049356
1784102084072,170.240000,-7.736636,-10.735836,0.074708,-27.821252
1784102084092,170.260000,-37.532406,-6.389267,0.185056,-33.199690
1784102084112,170.280000,-19.821250,-2.733334,0.323838,-38.139983
1784102084132,170.300000,-60.967007,-0.242926,0.430083,-44.191482
1784102084152,170.320000,-44.708030,1.139383,0.443933,-48.760007
1784102084172,170.340000,-68.017930,1.863877,0.456959,-47.377189
1784102084192,170.360000,-39.603348,2.539223,0.543142,-37.724302
1784102084212,170.380000,-49.753815,3.775920,0.515670,-21.536023
1784102084232,170.400000,-12.293510,6.139647,0.377517,-4.156099
1784102084252,170.420000,-25.617434,10.115542,0.252266,7.642971
1784102084272,170.440000,1.124135,15.998853,0.130783,9.585210
1784102084292,170.460000,-29.977964,23.723856,-0.102701,3.597958
1784102084312,170.480000,-19.692810,32.713260,-0.281919,-2.972735
1784102084332,170.500000,-39.675920,41.866430,-0.423195,-3.777161
1784102084352,170.520000,-13.374366,49.785080,-0.676405,0.466915
1784102084372,170.540000,-28.850626,55.204937,-0.925804,3.233904
1784102084392,170.560000,-11.656442,57.421703,-0.998083,-0.570369
1784102084412,170.580000,-48.019290,56.444977,-0.959386,-9.816949
1784102084432,170.600000,-28.854193,52.796580,-0.835760,-19.358806
1784102084452,170.620000,-52.467247,47.154560,-0.657027,-24.571382
1784102084472,170.640000,-28.027298,40.128340,-0.411817,-22.584831
1784102084492,170.660000,-42.201920,32.263110,-0.048404,-11.889018
1784102084512,170.680000,3.796242,24.158280,0.121650,6.001304
1784102084532,170.700000,1.623844,16.549370,0.236091,25.135493
1784102084552,170.720000,42.904057,10.280385,0.317657,38.284134
1784102084572,170.740000,26.219967,6.141865,0.342076,42.664966
1784102084592,170.760000,41.371980,4.588287,0.310337,41.335395
1784102084612,170.780000,24.020290,5.451544,0.255816,38.251717
1784102084632,170.800000,48.360397,7.858750,0.211890,33.952730
1784102084652,170.820000,18.599854,10.471990,0.121973,27.819080
1784102084672,170.840000,35.340290,11.927967,0.134929,22.242448
1784102084692,170.860000,11.697265,11.225716,0.196765,20.984555
1784102084712,170.880000,41.369080,7.922409,0.271480,23.572517
1784102084732,170.900000,25.511210,2.176035,0.347105,24.206358
1784102084752,170.920000,35.945335,-5.318518,0.408419,17.356540
1784102084772,170.940000,1.225727,-13.546029,0.433026,3.154138
1784102084792,170.960000,11.258040,-21.531054,0.424052,-13.111618
1784102084812,170.980000,-26.589160,-28.667297,0.410883,-25.341341
1784102084832,171.000000,-1.820357,-34.809010,0.363071,-30.154007
1784102084852,171.020000,-30.479738,-40.082146,0.287209,-28.031236
1784102084872,171.040000,5.802737,-44.572620,0.202651,-22.722045
1784102084892,171.060000,-20.616999,-48.101852,0.106549,-19.134600
1784102084912,171.080000,10.136914,-50.214580,-0.099644,-19.859016
1784102084932,171.100000,-19.568615,-50.372220,-0.263974,-22.605826
1784102084952,171.120000,-5.704857,-48.236202,-0.408106,-22.209650
1784102084972,171.140000,-10.670115,-43.878296,-0.621965,-16.397079
1784102084992,171.160000,16.494030,-37.774580,-0.872612,-8.477501
1784102085012,171.180000,-5.764094,-30.586267,-0.975253,-3.654347
1784102085032,171.200000,15.104246,-22.916773,-0.984252,-4.484144
1784102085052,171.220000,-13.192150,-15.236005,-0.952137,-10.258614
1784102085072,171.240000,3.024906,-7.966572,-0.717697,-18.126878
1784102085092,171.260000,-31.901815,-1.569466,-0.373012,-23.557742
1784102085112,171.280000,-3.530364,3.483554,0.170297,-21.754963
1784102085132,171.300000,-23.968649,6.844247,0.319913,-11.138411
1784102085152,171.320000,12.739931,8.462784,0.359933,4.037097
1784102085172,171.340000,12.795233,8.710905,0.358503,16.276172
1784102085192,171.360000,25.936170,8.352658,0.325909,21.709036
1784102085212,171.380000,1.676611,8.296187,0.266893,23.226739
1784102085232,171.400000,31.188608,9.202988,0.197405,25.696027
1784102085252,171.420000,10.943375,11.197345,0.181278,30.281978
1784102085272,171.440000,33.062702,13.880188,0.194229,34.835557
1784102085292,171.460000,11.382874,16.598701,0.175574,37.438141
1784102085312,171.480000,31.096550,18.734335,0.121973,37.874625
1784102085332,171.500000,11.696391,19.854940,0.134929,37.120291
1784102085352,171.520000,25.328957,19.752365,0.196765,36.451983
1784102085372,171.540000,-3.142740,18.417866,0.271480,35.795304
1784102085392,171.560000,26.129322,15.982621,0.347105,32.657992
1784102085412,171.580000,-10.491658,12.665404,0.408419,24.695972
1784102085432,171.600000,-4.840176,8.735355,0.433026,13.322241
1784102085452,171.620000,-42.289180,4.445703,0.424052,2.238466
1784102085472,171.640000,-17.276522,-0.048946,0.410883,-7.166111
1784102085492,171.660000,-55.165280,-4.688001,0.363071,-16.188410
1784102085512,171.680000,-51.572950,-9.389269,0.287209,-25.719256
1784102085532,171.700000,-71.895220,-13.956042,0.202651,-35.756443
1784102085552,171.720000,-66.227170,-18.098100,0.106549,-46.545818
1784102085572,171.740000,-92.609520,-21.505606,-0.099644,-57.082760
1784102085592,171.760000,-82.728110,-23.900154,-0.263974,-63.368248
1784102085612,171.780000,-99.946670,-25.065820,0.121973,-61.059185
1784102085632,171.800000,-62.845364,-24.855005,0.134929,-50.400932
1784102085652,171.820000,-70.956730,-23.127945,0.196765,-36.993843
1784102085672,171.840000,-33.878613,-19.671305,0.271480,-26.722482
1784102085692,171.860000,-49.087006,-14.223157,0.347105,-20.484425
1784102085712,171.880000,-24.134426,-6.657818,0.408419,-14.927193
1784102085732,171.900000,-31.870558,2.778909,0.433026,-8.208161
1784102085752,171.920000,1.957038,13.380105,0.424052,-3.121641
1784102085772,171.940000,-22.816692,24.118490,0.410883,-3.221548
1784102085792,171.960000,3.525823,33.903050,0.363071,-7.210817
1784102085812,171.980000,-24.597162,41.778503,0.287209,-9.276272
1784102085832,172.000000,4.937338,47.017303,0.202651,-5.213216
1784102085852,172.020000,6.837325,49.195300,0.106549,3.400248
1784102085872,172.040000,29.472666,48.313960,-0.099644,12.034095
1784102085892,172.060000,17.418545,44.867737,-0.263974,18.192377
1784102085912,172.080000,43.719803,39.716200,-0.408106,21.915940
1784102085932,172.100000,41.063820,33.791615,-0.621965,23.879251
1784102085952,172.120000,46.138474,27.825953,-0.872612,25.373834
1784102085972,172.140000,40.799324,22.220835,-0.975253,28.115626
1784102085992,172.160000,68.129600,17.053507,-0.984252,32.277765
1784102086012,172.180000,48.743004,12.186606,-0.952137,36.042754
1784102086032,172.200000,72.189410,7.433320,-0.717697,37.541674
1784102086052,172.220000,55.764180,2.682136,-0.373012,36.299752
1784102086072,172.240000,65.173340,-2.088518,0.170297,32.936402
1784102086092,172.260000,44.962868,-6.872686,0.319913,28.018791
1784102086112,172.280000,59.346460,-11.690785,0.359933,21.761765
1784102086132,172.300000,32.814476,-16.589392,0.358503,15.329851
1784102086152,172.320000,39.963215,-21.596710,0.325909,11.180253
1784102086172,172.340000,24.743195,-26.672571,0.266893,10.436725
1784102086192,172.360000,42.318455,-31.672241,0.197405,10.912275
1784102086212,172.380000,23.328068,-36.315800,0.181278,9.637696
1784102086232,172.400000,28.247246,-40.195720,0.194229,6.605821
1784102086252,172.420000,12.293868,-42.880707,0.175574,4.168963
1784102086272,172.440000,22.777412,-44.077953,0.121973,3.201637
1784102086292,172.460000,6.363566,-43.727047,0.134929,1.688628
1784102086312,172.480000,14.834611,-41.966373,0.196765,-2.640297
1784102086332,172.500000,-15.440243,-39.046940,0.271480,-9.607072
1784102086352,172.520000,-3.064103,-35.287470,0.347105,-17.122196
1784102086372,172.540000,-31.810734,-31.062660,0.408419,-23.390931
1784102086392,172.560000,-18.777222,-26.760038,0.433026,-27.616342
1784102086412,172.580000,-39.025547,-22.687433,0.424052,-29.042544
1784102086432,172.600000,-23.495255,-18.978250,0.410883,-26.615310
1784102086452,172.620000,-37.159687,-15.552732,0.363071,-20.353838
1784102086472,172.640000,-4.190581,-12.143955,0.287209,-12.572101
1784102086492,172.660000,-29.863918,-8.369493,0.202651,-6.916438
1784102086512,172.680000,-1.919291,-3.851698,0.106549,-6.169894
1784102086532,172.700000,-26.916330,1.621453,0.121973,-10.641207
1784102086552,172.720000,-20.715849,7.948984,0.134929,-17.726358
1784102086572,172.740000,-36.522346,14.663146,0.196765,-23.014169
1784102086592,172.760000,-20.026571,21.030504,0.271480,-22.622092
1784102086612,172.780000,-35.246414,26.290733,0.347105,-15.724777
1784102086632,172.800000,2.168949,29.937460,0.408419,-6.164563
1784102086652,172.820000,-16.912094,31.910316,0.433026,-1.155055
1784102086672,172.840000,3.922687,32.584442,0.424052,-6.274159
1784102086692,172.860000,-25.570225,32.541805,0.410883,-20.124667
1784102086712,172.880000,-26.028805,32.229202,0.363071,-34.210763
1784102086732,172.900000,-47.352615,31.690435,0.287209,-39.827634
1784102086752,172.920000,-15.838148,30.566040,0.202651,-35.619287
1784102086772,172.940000,-23.760439,28.404692,0.106549,-27.060464
1784102086792,172.960000,3.671198,25.086527,-0.099644,-19.020453
1784102086812,172.980000,-13.386616,21.034492,-0.263974,-11.560266
1784102086832,173.000000,26.990614,17.052490,-0.408106,-2.958797
1784102086852,173.020000,20.124289,13.959073,-0.621965,6.940218
1784102086872,173.040000,47.660286,12.301890,-0.872612,17.832771
1784102086892,173.060000,41.660545,12.254313,-0.975253,30.082446
1784102086912,173.080000,76.906685,13.630479,-0.984252,42.540394
1784102086932,173.100000,71.003654,15.968715,-0.952137,51.556024
1784102086952,173.120000,96.055100,18.669672,-0.717697,54.636699
1784102086972,173.140000,68.133370,21.121168,-0.373012,53.934103
1784102086992,173.160000,95.269950,22.734247,0.170297,53.811724
1784102087012,173.180000,75.013540,22.941172,0.319913,55.263204
1784102087032,173.200000,96.095170,21.268170,0.359933,54.596672
1784102087052,173.220000,73.012375,17.481577,0.358503,48.053672
1784102087072,173.240000,73.623276,11.676136,0.325909,36.571241
1784102087092,173.260000,45.777824,4.204624,0.266893,24.962078
1784102087112,173.280000,56.135006,-4.484477,0.197405,16.724725
1784102087132,173.300000,29.420376,-13.946399,0.181278,10.839800
1784102087152,173.320000,47.195995,-23.711853,0.194229,3.928575
1784102087172,173.340000,6.904646,-33.215480,0.175574,-5.635774
1784102087192,173.360000,18.021370,-41.817806,0.121973,-16.694985
1784102087212,173.380000,-6.921017,-48.938507,0.134929,-27.082058
1784102087232,173.400000,-2.710639,-54.183765,0.196765,-34.587428
1784102087252,173.420000,-25.629406,-57.375423,0.187584,-37.175079
1784102087272,173.440000,-1.735413,-58.490536,0.143019,-34.390277
1784102087292,173.460000,-16.274061,-57.564280,0.158807,-28.222194
1784102087312,173.480000,9.968666,-54.601902,0.209296,-21.415772
1784102087332,173.500000,-6.304214,-49.552784,0.271533,-15.472027
1784102087352,173.520000,15.480761,-42.393574,0.335383,-10.990429
1784102087372,173.540000,3.207570,-33.278390,0.383312,-8.710736
1784102087392,173.560000,26.381230,-22.636055,0.388315,-8.386532
1784102087412,173.580000,-3.662189,-11.149990,0.370409,-7.680232
1784102087432,173.600000,23.788733,0.339678,0.285346,-5.363343
1784102087452,173.620000,7.238140,10.965093,0.221222,-5.604960
1784102087472,173.640000,18.792955,19.979729,0.203115,-15.349110
1784102087492,173.660000,-17.922337,26.877266,0.208800,-35.605835
1784102087512,173.680000,-27.950731,31.383540,0.182770,-57.471847
1784102087532,173.700000,-52.101350,33.326702,0.112307,-69.137394
1784102087552,173.720000,-31.624440,32.574620,-0.099372,-66.357288
1784102087572,173.740000,-22.102310,29.210535,-0.290313,-54.139063
1784102087592,173.760000,-2.799120,23.844305,-0.465708,-38.771683
1784102087612,173.780000,4.859580,17.735365,-0.698586,-21.590971
1784102087632,173.800000,40.893005,12.526006,-0.960284,-1.633672
1784102087652,173.820000,52.452410,9.730741,-0.991146,19.004269
1784102087672,173.840000,86.458664,10.297719,-0.960776,35.509233
1784102087692,173.860000,80.673770,14.409200,-0.828416,44.984778
1784102087712,173.880000,94.407680,21.468664,-0.690058,48.303400
1784102087732,173.900000,91.271880,30.200514,-0.463526,47.854639
1784102087752,173.920000,107.781420,38.890050,0.016450,46.100910
1784102087772,173.940000,76.690895,45.763363,0.256830,45.748787
1784102087792,173.960000,110.158000,49.381960,0.346184,47.754854
1784102087812,173.980000,92.728516,48.923725,0.367635,49.132764
1784102087832,174.000000,106.561615,44.307007,0.356673,45.654664
1784102087852,174.020000,78.903404,36.136684,0.321319,36.638708
1784102087872,174.040000,81.585760,25.450867,0.305007,25.306590
1784102087892,174.060000,61.973087,13.357451,0.299341,15.191279
1784102087912,174.080000,64.538970,0.772432,0.271741,7.737925
1784102087932,174.100000,41.853580,-11.624658,0.246827,2.561239
1784102087952,174.120000,54.732903,-23.299051,0.187584,-1.615462
1784102087972,174.140000,32.079660,-33.763744,0.143019,-5.912159
1784102087992,174.160000,43.149498,-42.545464,0.158807,-10.131530
1784102088012,174.180000,15.520088,-49.223263,0.209296,-13.122461
1784102088032,174.200000,34.935764,-53.513440,0.271533,-14.801066
1784102088052,174.220000,11.637319,-55.335712,0.388676,-16.734741
1784102088072,174.240000,22.602951,-54.808903,0.359899,-19.947942
1784102088092,174.260000,-4.306219,-52.204296,0.401558,-23.079133
1784102088112,174.280000,16.751528,-47.907238,0.447749,-23.379664
1784102088132,174.300000,-5.836744,-42.374590,0.400487,-19.114127
1784102088152,174.320000,18.051561,-36.052400,0.286365,-11.246350
1784102088172,174.340000,7.151928,-29.274923,0.216960,-3.368338
1784102088192,174.360000,24.520967,-22.211678,0.235954,0.822477
1784102088212,174.380000,6.196773,-14.908122,0.195578,1.092536
1784102088232,174.400000,19.626772,-7.407179,0.119633,1.344822
1784102088252,174.420000,-3.232094,0.115745,0.064252,5.392505
1784102088272,174.440000,29.329819,7.304919,0.024366,11.852224
1784102088292,174.460000,7.063120,13.726176,-0.012843,14.712408
1784102088312,174.480000,18.431536,19.041567,-0.035397,9.665856
1784102088332,174.500000,-12.699373,23.090029,-0.159249,-1.395484
1784102088352,174.520000,-13.832735,25.800226,-0.336873,-13.010423
1784102088372,174.540000,-36.733532,27.046677,-0.359441,-21.977591
1784102088392,174.560000,-22.178352,26.636858,-0.348930,-28.448642
1784102088412,174.580000,-46.875366,24.477531,-0.433438,-31.409664
1784102088432,174.600000,-36.045350,20.769686,-0.652694,-27.024401
1784102088452,174.620000,-33.756180,16.065672,-0.910074,-14.295592
1784102088472,174.640000,4.971130,11.189776,-0.984483,0.764091
1784102088492,174.660000,-6.747027,7.121092,-0.917041,10.671413
1784102088512,174.680000,9.158224,4.829081,-0.703178,14.434293
1784102088532,174.700000,-4.577054,4.986059,-0.585561,16.386164
1784102088552,174.720000,18.116385,7.655314,-0.488958,18.444395
1784102088572,174.740000,4.900370,12.207097,-0.174196,17.482083
1784102088592,174.760000,11.400980,17.552100,0.263688,10.641337
1784102088612,174.780000,-17.682340,22.494577,0.386690,-0.097421
1784102088632,174.800000,-8.626449,25.978464,0.959037,-10.205447
1784102088652,174.820000,-26.613514,27.211237,0.867498,-17.022494
1784102088672,174.840000,-8.459281,25.777582,0.834358,-19.679205
1784102088692,174.860000,-31.311728,21.760902,0.779729,-16.901551
1784102088712,174.880000,-2.963342,15.764691,0.672534,-8.783919
1784102088732,174.900000,-1.442591,8.779520,0.525920,0.062140
1784102088752,174.920000,19.225145,1.969569,0.380026,3.518326
1784102088772,174.940000,-4.775375,-3.562752,0.270856,0.904589
1784102088792,174.960000,9.806492,-7.048683,0.207021,-2.124578
1784102088812,174.980000,3.748258,-8.296567,0.168013,-0.266607
1784102088832,175.000000,19.754179,-7.721741,0.052932,5.803272
1784102088852,175.020000,15.404227,-6.089429,-0.142069,10.503326
1784102088872,175.040000,25.050133,-4.152878,-0.304671,8.743191
1784102088892,175.060000,9.574223,-2.438498,-0.408710,0.672994
1784102088912,175.080000,5.182799,-1.258050,-0.594346,-8.048086
1784102088932,175.100000,-5.208704,-0.838325,-0.689499,-11.119724
1784102088952,175.120000,10.539737,-1.394389,-0.649716,-7.126025
1784102088972,175.140000,6.154854,-3.045856,-0.672053,-0.011855
1784102088992,175.160000,20.868578,-5.647501,-0.693628,5.369128
1784102089012,175.180000,7.882911,-8.722898,-0.622439,7.363146
1784102089032,175.200000,24.491701,-11.608410,-0.591677,7.912438
1784102089052,175.220000,6.520126,-13.717265,-0.668843,10.114011
1784102089072,175.240000,22.586796,-14.745449,-0.712749,15.141154
1784102089092,175.260000,18.868528,-14.713361,-0.646082,20.896812
1784102089112,175.280000,26.838276,-13.857104,-0.568348,23.909161
1784102089132,175.300000,9.488451,-12.478297,-0.593288,22.367439
1784102089152,175.320000,13.206995,-10.869171,-0.563504,16.922575
1784102089172,175.340000,-5.596461,-9.331943,-0.421635,9.623261
1784102089192,175.360000,-10.469299,-8.207693,-0.202237,3.018748
1784102089212,175.380000,-27.444065,-7.838800,-0.017249,-0.837522
1784102089232,175.400000,-19.694233,-8.469914,0.198969,-1.727748
1784102089252,175.420000,-37.116325,-10.134501,0.440445,-1.464995
1784102089272,175.440000,-31.424187,-12.586322,0.640820,-2.710580
1784102089292,175.460000,-54.658490,-15.338889,0.820471,-7.693858
1784102089312,175.480000,-51.713356,-17.824472,0.945924,-16.805902
1784102089332,175.500000,-81.006540,-19.593437,0.999726,-26.833511
1784102089352,175.520000,-79.626205,-20.446505,0.999167,-31.199077
1784102089372,175.540000,-90.470560,-20.437380,0.978836,-24.300682
1784102089392,175.560000,-62.703518,-19.731380,0.933048,-6.752425
1784102089412,175.580000,-55.677895,-18.368074,0.846101,14.266686
1784102089432,175.600000,-39.136436,-16.076061,0.768427,30.115409
1784102089452,175.620000,-44.464123,-12.324536,0.633693,36.224785
1784102089472,175.640000,-34.345950,-6.643582,0.513262,34.319809
1784102089492,175.660000,-62.928112,0.980319,0.400393,30.728640
1784102089512,175.680000,-46.730330,9.894161,0.286539,31.220581
1784102089532,175.700000,-59.780067,18.898210,0.201108,35.700136
1784102089552,175.720000,-42.973663,26.646788,0.065956,38.079434
1784102089572,175.740000,-68.471990,32.110928,-0.184013,31.813776
1784102089592,175.760000,-66.979195,34.834118,-0.358173,15.491302
1784102089612,175.780000,-113.262840,34.854137,-0.534106,-6.671292
1784102089632,175.800000,-113.639070,32.417225,-0.870251,-28.850672
1784102089652,175.820000,-144.740540,27.750520,-0.896049,-46.996685
1784102089672,175.840000,-144.398090,21.062250,-0.824278,-58.634691
1784102089692,175.860000,-162.797450,12.718215,-0.798694,-62.044975
1784102089712,175.880000,-135.768360,3.418437,-0.749540,-57.558014
1784102089732,175.900000,-144.554730,-5.757231,-0.655450,-48.635935
1784102089752,175.920000,-111.020120,-13.465858,-0.613125,-40.234542
1784102089772,175.940000,-127.650270,-18.363825,-0.673511,-35.969805
1784102089792,175.960000,-100.830910,-19.465230,-0.755537,-36.428955
1784102089812,175.980000,-112.425660,-16.462946,-0.770170,-38.828586
1784102089832,176.000000,-102.710370,-9.853272,-0.776903,-38.186850
1784102089852,176.020000,-92.241780,-0.801428,-0.705222,-30.592404
1784102089872,176.040000,-65.873390,9.210291,-0.642751,-16.159453
1784102089892,176.060000,-47.722183,18.829176,-0.480235,1.761993
1784102089912,176.080000,-16.969688,27.193846,-0.126507,19.750191
1784102089932,176.100000,-6.328474,34.045124,0.151390,35.504967
1784102089952,176.120000,25.834944,39.550860,0.393359,46.383801
1784102089972,176.140000,20.394905,43.983948,0.635360,48.809658
1784102089992,176.160000,35.264010,47.431183,0.788139,40.737180
1784102090012,176.180000,10.316692,49.628956,0.870226,24.759425
1784102090032,176.200000,12.533275,49.951550,0.950580,7.729150
1784102090052,176.220000,-8.065333,47.558900,0.990437,-3.739427
1784102090072,176.240000,14.675008,41.700370,0.999167,-7.432710
1784102090092,176.260000,5.892037,32.101845,0.978836,-4.988982
1784102090112,176.280000,29.685745,19.261683,0.933048,1.670606
1784102090132,176.300000,36.882362,4.474700,0.846101,11.870302
1784102090152,176.320000,59.991173,-10.451108,0.768427,24.301543
1784102090172,176.340000,66.747530,-23.650446,0.633693,35.046204
1784102090192,176.360000,93.273940,-33.638367,0.513262,39.202472
1784102090212,176.380000,72.182014,-39.610500,0.400393,35.375503
1784102090232,176.400000,82.307990,-41.584873,0.286539,27.409089
1784102090252,176.420000,65.387750,-40.378704,0.201108,20.502590
1784102090272,176.440000,79.579025,-37.384293,0.999167,16.488266
1784102090292,176.460000,62.265717,-34.152420,0.978836,13.566389
1784102090312,176.480000,75.706650,-31.927156,0.933048,9.467855
1784102090332,176.500000,53.751953,-31.349657,0.846101,3.850776
1784102090352,176.520000,65.565506,-32.435898,0.768427,-1.890882
1784102090372,176.540000,45.596474,-34.755520,0.633693,-6.122377
1784102090392,176.560000,61.947403,-37.664326,0.513262,-8.124568
1784102090412,176.580000,36.739990,-40.487614,0.400393,-8.956875
1784102090432,176.600000,53.132584,-42.637540,0.286539,-11.878154
1784102090452,176.620000,33.645798,-43.685100,0.201108,-19.937511
1784102090472,176.640000,35.181713,-43.398388,0.065956,-31.084009
1784102090492,176.660000,-2.755640,-41.766922,-0.184013,-37.997635
1784102090512,176.680000,21.202450,-39.015682,-0.358173,-36.179087
1784102090532,176.700000,17.213478,-35.531320,-0.534106,-30.099311
1784102090552,176.720000,26.351220,-31.643295,-0.870251,-27.259073
1784102090572,176.740000,9.427872,-27.404785,-0.896049,-27.746977
1784102090592,176.760000,13.929270,-22.609629,-0.824278,-24.078397
1784102090612,176.780000,24.280520,-17.039276,-0.798694,-11.065806
1784102090632,176.800000,51.123170,-10.649825,-0.749540,8.009358
1784102090652,176.820000,49.244880,-3.515292,-0.655450,25.574754
1784102090672,176.840000,70.871020,4.315152,-0.613125,36.770828
1784102090692,176.860000,58.817260,12.806023,-0.673511,41.181317
1784102090712,176.880000,71.674570,21.757889,-0.755537,40.301783
1784102090732,176.900000,45.139965,30.646957,-0.770170,35.209896
1784102090752,176.920000,47.816290,38.622818,-0.776903,26.193228
1784102090772,176.940000,27.788246,44.668247,-0.705222,14.407847
1784102090792,176.960000,20.377157,47.857480,-0.642751,3.876443
1784102090812,176.980000,-3.131192,47.613018,-0.480235,-0.414841
1784102090832,177.000000,15.385185,43.871204,-0.126507,1.513305
1784102090852,177.020000,2.556794,37.139170,0.151390,2.481887
1784102090872,177.040000,7.329859,28.448029,0.393359,-5.171368
1784102090892,177.060000,-29.885933,19.148424,0.635360,-21.323510
1784102090912,177.080000,-34.369804,10.518327,0.788139,-38.168855
1784102090932,177.100000,-54.587444,3.351509,0.870226,-47.633322
1784102090952,177.120000,-38.946693,-2.178091,0.950580,-46.906214
1784102090972,177.140000,-52.472410,-6.273878,0.990437,-38.018205
1784102090992,177.160000,-19.983047,-9.110795,0.999167,-25.188907
1784102091012,177.180000,-25.014334,-10.569414,0.978836,-12.803218
1784102091032,177.200000,4.100922,-10.246844,0.933048,-3.331359
1784102091052,177.220000,-10.465842,-7.688221,0.829526,3.956538
1784102091072,177.240000,14.475083,-2.696968,0.875204,11.358199
1784102091092,177.260000,15.906700,4.444989,0.904850,19.728293
1784102091112,177.280000,28.271992,12.978263,0.871139,27.529319
1784102091132,177.300000,26.943470,21.866875,0.833866,32.093723
1784102091152,177.320000,41.377594,30.052320,0.791790,31.523904
1784102091172,177.340000,23.766922,36.634450,0.714670,26.487536
1784102091192,177.360000,30.439455,40.946340,0.557617,20.079040
1784102091212,177.380000,11.969418,42.558020,0.422746,14.700726
1784102091232,177.400000,30.959938,41.270924,0.326596,9.642960
1784102091252,177.420000,8.160880,37.155975,0.238832,3.142256
1784102091272,177.440000,13.680503,30.599665,0.097011,-4.002908
1784102091292,177.460000,5.570532,22.264694,-0.055662,-8.629653
1784102091312,177.480000,12.033837,12.960887,-0.208823,-8.836595
1784102091332,177.500000,13.691982,3.518168,-0.448948,-6.331100
1784102091352,177.520000,25.525760,-5.276517,-0.761238,-4.921772
1784102091372,177.540000,16.489428,-12.719790,-0.798134,-7.042093
1784102091392,177.560000,21.920235,-18.280203,-0.776799,-12.311618
1784102091412,177.580000,6.193090,-21.727823,-0.898196,-19.233056
1784102091432,177.600000,22.447617,-23.216516,-0.990154,-26.513716
1784102091452,177.620000,-1.916262,-23.228361,-0.868111,-31.827379
1784102091472,177.640000,15.654841,-22.393870,-0.824208,-31.408550
1784102091492,177.660000,14.409115,-21.281897,-0.788002,-23.178467
1784102091512,177.680000,45.273720,-20.221146,-0.810895,-9.750969
1784102091532,177.700000,43.006466,-19.186373,-0.894231,2.888705
1784102091552,177.720000,70.808660,-17.813635,-0.909112,9.607382
1784102091572,177.740000,51.576958,-15.600614,-0.700652,9.034914
1784102091592,177.760000,63.763237,-12.232610,-0.495925,3.209940
1784102091612,177.780000,47.079426,-7.853416,-0.314742,-4.361561
1784102091632,177.800000,53.939888,-3.111927,-0.042615,-9.854133
1784102091652,177.820000,37.899963,1.045109,0.200370,-10.099860
1784102091672,177.840000,59.489685,3.721629,0.406490,-4.591056
1784102091692,177.860000,58.794197,4.404928,0.584306,3.912945
1784102091712,177.880000,76.394394,3.160418,0.673482,12.239322
1784102091732,177.900000,70.380120,0.609183,0.733049,19.735850
1784102091752,177.920000,89.118590,-2.319966,0.751787,27.250274
1784102091772,177.940000,84.063730,-4.743913,0.783920,34.090795
1784102091792,177.960000,102.435300,-6.095514,0.829526,37.777312
1784102091812,177.980000,81.469864,-6.216564,0.875204,36.831636
1784102091832,178.000000,89.072100,-5.326900,0.904850,32.430061
1784102091852,178.020000,73.078070,-3.942825,0.871139,27.179420
1784102091872,178.040000,77.512720,-2.743800,0.833866,23.353211
1784102091892,178.060000,58.561386,-2.379252,0.791790,21.825423
1784102091912,178.080000,68.921745,-3.272701,0.714670,21.240898
1784102091932,178.100000,57.193413,-5.501815,0.557617,18.908940
1784102091952,178.120000,59.507820,-8.787209,0.422746,14.026306
1784102091972,178.140000,29.858913,-12.596492,0.326596,8.971453
1784102091992,178.160000,49.708218,-16.340520,0.238832,5.996687
1784102092012,178.180000,28.357029,-19.551891,0.097011,4.093218
1784102092032,178.200000,29.879135,-21.938148,-0.055662,0.425633
1784102092052,178.220000,17.079659,-23.339478,-0.208823,-6.257451
1784102092072,178.240000,14.866257,-23.695015,-0.448948,-14.399515
1784102092092,178.260000,-14.256659,-23.058167,-0.761238,-21.876251
1784102092112,178.280000,-5.236154,-21.615723,-0.798134,-29.321845
1784102092132,178.300000,-15.096528,-19.647127,-0.776799,-38.992085
1784102092152,178.320000,-36.756200,-17.419388,-0.898196,-49.481347
1784102092172,178.340000,-52.509400,-15.106153,-0.990154,-55.646054
1784102092192,178.360000,-32.753345,-12.795730,-0.868111,-55.465534
1784102092212,178.380000,-39.805393,-10.501415,-0.824208,-52.356598
1784102092232,178.400000,-34.554066,-8.087177,-0.788002,-49.016333
1784102092252,178.420000,-39.944350,-5.219988,-0.810895,-43.656250
1784102092272,178.440000,-16.513832,-1.491371,-0.894231,-34.431222
1784102092292,178.460000,-18.571358,3.380089,0.000000,-23.847456
1784102092312,178.480000,11.580540,9.454589,0.829526,-15.658397
1784102092332,178.500000,-7.052022,16.595747,0.875204,-8.995223
1784102092352,178.520000,18.905487,24.486465,0.904850,0.870570
1784102092372,178.540000,25.699299,32.614403,0.871139,15.622586
1784102092392,178.560000,58.777170,40.339813,0.833866,31.006401
1784102092412,178.580000,53.459988,47.079530,0.791790,41.926468
1784102092432,178.600000,70.675186,52.459270,0.714670,47.501315
1784102092452,178.620000,63.302345,56.281880,0.557617,49.518193
1784102092472,178.640000,79.710510,58.370197,0.422746,48.570270
1784102092492,178.660000,66.338370,58.477080,0.326596,44.222737
1784102092512,178.680000,63.605194,56.332928,0.238832,37.268074
1784102092532,178.700000,49.050426,51.738907,0.097011,28.872616
1784102092552,178.720000,54.786682,44.633740,-0.055662,18.564594
1784102092572,178.740000,36.450974,35.156100,-0.208823,6.397085
1784102092592,178.760000,28.970606,23.704386,-0.448948,-3.633071
1784102092612,178.780000,14.171140,10.925368,-0.761238,-6.558302
1784102092632,178.800000,39.499523,-2.375763,-0.798134,-3.361709
1784102092652,178.820000,30.241741,-15.301158,-0.776799,-0.896259
1784102092672,178.840000,38.016174,-26.874842,-0.898196,-3.474368
1784102092692,178.860000,17.386612,-36.139300,-0.990154,-7.872786
1784102092712,178.880000,29.911085,-42.406536,-0.868111,-8.635028
1784102092732,178.900000,26.746964,-45.494050,-0.824208,-5.544084
1784102092752,178.920000,43.028477,-45.716595,-0.788002,-2.676942
1784102092772,178.940000,28.587680,-43.648777,-0.810895,-1.440599
1784102092792,178.960000,35.750500,-39.893110,-0.894231,1.084748
1784102092812,178.980000,35.628820,-35.007150,-0.909112,5.712481
1784102092832,179.000000,49.189830,-29.514755,-0.700652,7.020187
1784102092852,179.020000,31.213528,-23.878754,-0.495925,-0.770259
1784102092872,179.040000,23.268845,-18.468004,-0.314742,-15.190865
1784102092892,179.060000,-6.728082,-13.621438,-0.042615,-26.504640
1784102092912,179.080000,9.460828,-9.755865,0.200370,-27.853529
1784102092932,179.100000,9.009340,-7.314445,0.406490,-21.564468
1784102092952,179.120000,18.853310,-6.494213,0.584306,-14.414570
1784102092972,179.140000,9.138691,-6.989270,0.673482,-9.877093
1784102092992,179.160000,26.297388,-8.027780,0.855013,-6.991762
1784102093012,179.180000,14.163689,-8.697028,0.902402,-4.184133
1784102093032,179.200000,29.158813,-8.303283,0.932420,-1.475605
1784102093052,179.220000,15.595455,-6.560421,0.918877,0.333994
1784102093072,179.240000,26.924946,-3.593922,0.957054,0.868016
1784102093092,179.260000,12.675494,0.164206,0.971992,0.192085
1784102093112,179.280000,18.753044,4.126379,0.893019,-1.504558
1784102093132,179.300000,11.441057,7.702337,0.736658,-3.157985
1784102093152,179.320000,15.645699,10.428403,0.531430,-1.823866
1784102093172,179.340000,7.047105,12.052911,0.328167,5.640972
1784102093192,179.360000,35.922626,12.571198,0.170104,18.581438
1784102093212,179.380000,37.388588,12.234685,-0.009984,31.672461
1784102093232,179.400000,45.864048,11.527760,-0.233299,39.351064
1784102093252,179.420000,46.153816,11.046928,-0.471526,40.247801
1784102093272,179.440000,37.198982,11.259458,-0.838162,36.518242
1784102093292,179.460000,23.068657,12.246089,-0.927229,29.571067
1784102093312,179.480000,31.006710,13.604260,-0.858165,18.272256
1784102093332,179.500000,-9.606268,14.589058,-0.860068,2.498420
1784102093352,179.520000,-12.310461,14.383842,-0.894073,-13.655201
1784102093372,179.540000,-40.183220,12.342789,-0.882328,-24.998912
1784102093392,179.560000,-31.173058,8.151376,-0.788258,-30.520647
1784102093412,179.580000,-40.872505,1.949151,-0.771989,-33.099013
1784102093432,179.600000,-49.755695,-5.598772,-0.780072,-34.783639
1784102093452,179.620000,-46.359910,-13.400169,-0.832325,-34.574675
1784102093472,179.640000,-36.026543,-20.214516,-0.986593,-30.299042
1784102093492,179.660000,-48.354393,-24.958872,-0.850497,-21.284690
1784102093512,179.680000,-15.456726,-26.906054,-0.599485,-9.818390
1784102093532,179.700000,-20.368320,-25.745398,-0.412175,0.107642
1784102093552,179.720000,-5.048714,-21.555573,-0.080380,6.429485
1784102093572,179.740000,-17.649817,-14.759953,0.173580,10.150171
1784102093592,179.760000,-1.366722,-6.102863,0.397419,11.891846
1784102093612,179.780000,-14.269912,3.394030,0.584381,9.552644
1784102093632,179.800000,-13.183271,12.568812,0.630940,1.683875
1784102093652,179.820000,-29.633503,20.321571,0.590952,-7.697389
1784102093672,179.840000,-35.383957,25.779043,0.697575,-10.603352
1784102093692,179.860000,-30.316720,28.394587,0.797891,-3.119193
1784102093712,179.880000,-4.413980,28.052963,0.855013,9.484095
1784102093732,179.900000,-7.535613,25.192444,0.902402,17.658488
1784102093752,179.920000,-9.853018,20.792297,0.932420,16.393404
1784102093772,179.940000,-18.141739,16.071642,0.918877,7.778151
1784102093792,179.960000,-21.635996,12.000653,0.957054,-2.587775
1784102093812,179.980000,-40.947685,8.942885,0.971992,-9.250443
1784102093832,180.000000,-30.714394,6.649590,0.893019,-8.869085
1784102093852,180.020000,-26.791225,4.562222,0.736658,-1.424355
1784102093872,180.040000,-21.412500,2.220068,0.531430,9.451653
1784102093892,180.060000,-11.774285,-0.447203,0.328167,17.619643
1784102093912,180.080000,0.601428,-3.079269,0.170104,18.315592
1784102093932,180.100000,-21.262400,-5.094225,-0.009984,13.115204
1784102093952,180.120000,-22.122047,-6.029025,-0.233299,9.127827
1784102093972,180.140000,-20.388900,-5.827341,0.855013,10.980687
1784102093992,180.160000,-9.566863,-4.883689,0.902402,15.442467
1784102094012,180.180000,-18.119070,-3.794865,0.932420,15.683398
1784102094032,180.200000,-21.081250,-3.028125,0.918877,8.964577
1784102094052,180.220000,-38.948208,-2.791626,0.957054,-1.372276
1784102094072,180.240000,-37.620030,-3.145856,0.971992,-10.026364
1784102094092,180.260000,-56.338737,-4.149036,0.893019,-14.379263
1784102094112,180.280000,-43.282050,-5.867281,0.736658,-15.779584
1784102094132,180.300000,-60.226784,-8.265552,0.531430,-17.419156
1784102094152,180.320000,-52.152330,-11.108033,0.328167,-21.082582
1784102094172,180.340000,-68.334870,-13.972637,0.170104,-25.532705
1784102094192,180.360000,-64.326950,-16.381090,-0.009984,-27.625949
1784102094212,180.380000,-63.701366,-17.951372,-0.233299,-24.883488
1784102094232,180.400000,-61.166363,-18.465277,-0.471526,-17.592505
1784102094252,180.420000,-51.678490,-17.833391,-0.838162,-9.080622
1784102094272,180.440000,-38.476500,-16.021006,-0.927229,-3.185713
1784102094292,180.460000,-51.004970,-13.013652,-0.858165,-0.387340
1784102094312,180.480000,-36.994877,-8.869295,-0.860068,2.869741
1784102094332,180.500000,-39.196312,-3.814246,-0.894073,10.253280
1784102094352,180.520000,-20.892208,1.729217,-0.882328,21.608326
1784102094372,180.540000,-15.990641,7.252071,-0.788258,33.189972
1784102094392,180.560000,-2.165488,12.335942,-0.771989,41.104332
1784102094412,180.580000,-7.793491,16.747850,-0.780072,43.899354
1784102094432,180.600000,-7.878456,20.380821,-0.832325,41.672673
1784102094452,180.620000,-17.254011,23.104280,-0.986593,33.819595
1784102094472,180.640000,-23.030844,24.654396,-0.850497,19.774760
1784102094492,180.660000,-54.459606,24.643625,-0.599485,2.060560
1784102094512,180.680000,-64.223340,22.657248,-0.412175,-14.060757
1784102094532,180.700000,-81.141980,18.378640,-0.080380,-25.214107
1784102094552,180.720000,-76.063934,11.743295,0.173580,-32.195746
1784102094572,180.740000,-93.180244,3.109345,0.397419,-36.562668
1784102094592,180.760000,-86.842150,-6.667037,0.584381,-37.242458
1784102094612,180.780000,-92.762330,-16.361330,0.630940,-32.579617
1784102094632,180.800000,-69.816120,-24.661040,0.590952,-24.187569
1784102094652,180.820000,-70.455320,-30.429255,0.697575,-15.937882
1784102094672,180.840000,-57.664352,-32.868305,0.797891,-9.229815
1784102094692,180.860000,-60.804016,-31.628836,0.855013,-1.936314
1784102094712,180.880000,-43.330560,-26.891562,0.902402,6.954699
1784102094732,180.900000,-37.332146,-19.350721,0.932420,13.981434
1784102094752,180.920000,-32.390180,-10.045228,0.918877,14.834032
1784102094772,180.940000,-41.044510,-0.123685,0.957054,10.503126
1784102094792,180.960000,-44.525955,9.314324,0.971992,7.096717
1784102094812,180.980000,-46.111233,17.279120,0.893019,8.657780
1784102094832,181.000000,-26.284573,22.970978,0.736658,12.333690
1784102094852,181.020000,-37.118134,25.950630,0.531430,12.408782
1784102094872,181.040000,-42.669350,26.273743,0.328167,7.152664
1784102094892,181.060000,-46.899364,24.411020,0.170104,-0.370708
1784102094912,181.080000,-43.091270,20.988127,-0.009984,-6.157079
1784102094932,181.100000,-62.132240,16.560484,0.855013,-7.930895
1784102094952,181.120000,-39.111702,11.557843,0.902402,-5.913493
1784102094972,181.140000,-50.590027,6.353498,0.932420,-2.594007
1784102094992,181.160000,-36.202156,1.345117,0.918877,-0.892016
1784102095012,181.180000,-42.665750,-3.028588,0.957054,-1.757501
1784102095032,181.200000,-41.576885,-6.364485,0.971992,-3.487733
1784102095052,181.220000,-39.642030,-8.428622,0.893019,-3.193424
1784102095072,181.240000,-29.880259,-9.233982,0.736658,1.029888
1784102095092,181.260000,-35.549023,-8.993819,0.531430,8.395350
1784102095112,181.280000,-8.480391,-7.994127,0.328167,15.172524
1784102095132,181.300000,-16.803211,-6.468834,0.170104,17.391530
1784102095152,181.320000,-12.785489,-4.555310,-0.009984,14.631139
1784102095172,181.340000,-28.176150,-2.367024,-0.233299,9.771733
1784102095192,181.360000,-14.092192,-0.125826,-0.471526,5.097004
1784102095212,181.380000,-28.338827,1.786418,-0.838162,0.885037
1784102095232,181.400000,-26.393920,2.935424,-0.927229,-2.532390
1784102095252,181.420000,-33.033300,3.008579,-0.858165,-4.391963
1784102095272,181.440000,-25.164038,1.921588,-0.860068,-5.858787
1784102095292,181.460000,-36.570015,-0.168587,-0.894073,-10.514242
1784102095312,181.480000,-37.310158,-2.915967,-0.882328,-20.798344
1784102095332,181.500000,-54.896675,-5.900302,-0.788258,-33.944526
1784102095352,181.520000,-63.822277,-8.783240,-0.771989,-42.453411
1784102095372,181.540000,-58.807617,-11.411330,-0.780072,-39.820311
1784102095392,181.560000,-43.632538,-13.758808,-0.832325,-25.966843
1784102095412,181.580000,-20.318768,-15.714424,-0.986593,-6.515145
1784102095432,181.600000,-2.912736,-16.869840,-0.850497,12.627807
1784102095452,181.620000,7.255207,-16.520252,-0.599485,28.474572
1784102095472,181.640000,28.072763,-13.943306,-0.412175,39.253100
1784102095492,181.660000,26.166061,-8.788667,-0.080380,42.481720
1784102095512,181.680000,26.088322,-1.342891,0.173580,36.688168
1784102095532,181.700000,3.875521,7.434042,0.397419,24.112454
1784102095552,181.720000,5.890247,16.073793,0.584381,10.473008
1784102095572,181.740000,-20.612220,22.918798,0.630940,1.660052
1784102095592,181.760000,-11.915503,26.539207,0.590952,-0.214831
1784102095612,181.780000,-7.459390,26.142100,0.697575,2.195759
1784102095632,181.800000,-7.723535,21.833939,0.797891,4.976511
1784102095652,181.820000,-14.147102,14.604439,0.855013,6.533547
1784102095672,181.840000,1.885660,6.002041,0.902402,6.965214
1784102095692,181.860000,-14.422360,-2.355180,0.932420,5.721361
1784102095712,181.880000,-8.970549,-9.207565,0.918877,1.136155
1784102095732,181.900000,-27.239285,-13.884685,0.957054,-8.419387
1784102095752,181.920000,-31.997723,-16.344025,0.971992,-22.557550
1784102095772,181.940000,-52.717545,-17.062770,0.893019,-37.083464
1784102095792,181.960000,-64.690220,-16.822363,0.736658,-45.301085
1784102095812,181.980000,-57.621788,-16.440283,0.531430,-42.863916
1784102095832,182.000000,-45.497260,-16.483458,0.328167,-31.096690
1784102095852,182.020000,-31.532150,-17.014336,0.855013,-14.915786
1784102095872,182.040000,-16.269657,-17.498703,0.902402,1.301240
1784102095892,182.060000,-6.243367,-16.990110,0.932420,14.978595
1784102095912,182.080000,11.363778,-14.538173,0.918877,24.480387
1784102095932,182.100000,10.194399,-9.605586,0.957054,29.311169
1784102095952,182.120000,9.129477,-2.309406,0.971992,30.610236
1784102095972,182.140000,10.637196,6.562134,0.893019,29.715945
1784102095992,182.160000,11.184118,15.737579,0.736658,26.569507
1784102096012,182.180000,-6.990269,23.792564,0.531430,20.539391
1784102096032,182.200000,2.841997,29.500717,0.328167,12.426905
1784102096052,182.220000,-22.701065,32.080387,0.170104,4.829010
1784102096072,182.240000,-21.253580,31.282112,-0.009984,-0.287757
1784102096092,182.260000,-22.608768,27.354360,-0.233299,-4.339227
1784102096112,182.280000,-29.421831,20.956140,-0.471526,-10.753090
1784102096132,182.300000,-42.659744,13.030864,-0.838162,-20.193096
1784102096152,182.320000,-46.836098,4.620839,-0.927229,-28.568719
1784102096172,182.340000,-52.764755,-3.351012,-0.858165,-30.464863
1784102096192,182.360000,-43.494377,-10.222262,-0.860068,-24.054153
1784102096212,182.380000,-30.573841,-15.562854,-0.894073,-12.365917
1784102096232,182.400000,-12.526653,-19.031958,-0.882328,0.051324
1784102096252,182.420000,-16.053787,-20.281614,-0.788258,10.557823
1784102096272,182.440000,2.939373,-19.026232,-0.771989,17.931442
1784102096292,182.460000,9.249770,-15.231907,-0.780072,21.134700
1784102096312,182.480000,9.652865,-9.259402,-0.832325,21.279859
1784102096332,182.500000,0.295068,-1.863384,-0.986593,22.316099
1784102096352,182.520000,17.146402,5.923624,-0.850497,25.950434
1784102096372,182.540000,15.063595,12.988254,-0.599485,27.310115
1784102096392,182.560000,15.561982,18.393167,-0.412175,19.373008
1784102096412,182.580000,-5.800046,21.578321,-0.080380,1.829577
1784102096432,182.600000,-26.905277,22.352142,0.173580,-17.034554
1784102096452,182.620000,-32.700750,20.704903,0.397419,-28.243928
1784102096472,182.640000,-27.195023,16.690008,0.584381,-30.348264
1784102096492,182.660000,-32.130447,10.536401,0.630940,-28.983383
1784102096512,182.680000,-25.043722,2.858714,0.590952,-29.848292
1784102096532,182.700000,-24.335026,-5.300128,0.697575,-33.066459
1784102096552,182.720000,-34.193080,-12.700603,0.797891,-33.859692
1784102096572,182.740000,-17.502823,-18.273867,0.855013,-28.346038
1784102096592,182.760000,-1.253024,-21.380249,0.902402,-17.741992
1784102096612,182.780000,5.957400,-21.826117,0.932420,-6.165996
1784102096632,182.800000,20.627125,-19.719954,0.918877,3.733298
1784102096652,182.820000,24.712393,-15.354691,0.957054,11.364158
1784102096672,182.840000,47.729430,-9.197160,0.971992,16.635853
1784102096692,182.860000,35.212494,-1.899863,0.855013,20.015588
1784102096712,182.880000,51.520203,5.741018,0.902402,22.627464
1784102096732,182.900000,47.316597,12.868557,0.932420,24.480856
1784102096752,182.920000,57.787586,18.675470,0.918877,23.694267
1784102096772,182.940000,47.012295,22.534338,0.957054,18.783695
1784102096792,182.960000,44.312650,24.091684,0.971992,10.824950
1784102096812,182.980000,31.898216,23.263067,0.893019,2.171115
1784102096832,183.000000,27.975521,20.157343,0.736658,-6.155909
1784102096852,183.020000,28.426500,15.027196,0.531430,-13.771332
1784102096872,183.040000,17.173958,8.287422,0.328167,-17.795522
1784102096892,183.060000,14.318863,0.536537,0.170104,-13.840646
1784102096912,183.080000,41.139680,-7.478548,-0.009984,-1.786840
1784102096932,183.100000,52.821167,-14.911690,-0.233299,12.378074
1784102096952,183.120000,57.693947,-20.850920,-0.471526,22.033805
1784102096972,183.140000,56.273884,-24.433798,-0.838162,24.657782
1784102096992,183.160000,65.856460,-25.114380,-0.927229,20.908987
1784102097012,183.180000,41.449142,-22.942774,-0.858165,12.608253
1784102097032,183.200000,43.904660,-18.642097,-0.860068,2.940793
1784102097052,183.220000,30.841312,-13.421268,-0.894073,-3.319134
1784102097072,183.240000,28.582441,-8.618813,-0.882328,-1.948381
1784102097092,183.260000,39.776220,-5.305435,-0.788258,7.040366
1784102097112,183.280000,50.179780,-3.960221,-0.771989,18.223955
1784102097132,183.300000,57.754180,-4.337985,-0.780072,24.844819
1784102097152,183.320000,50.354010,-5.608421,-0.832325,24.272576
1784102097172,183.340000,45.718925,-6.746696,-0.986593,18.507802
1784102097192,183.360000,31.329203,-7.010071,-0.850497,9.811274
1784102097212,183.380000,27.318220,-6.244649,-0.599485,-1.956778
1784102097232,183.400000,8.100888,-4.869068,-0.412175,-16.551894
1784102097252,183.420000,-13.496029,-3.612314,0.855013,-30.077668
1784102097272,183.440000,-17.579433,-3.203052,0.902402,-37.539034
1784102097292,183.460000,-22.225758,-4.123531,0.932420,-38.342077
1784102097312,183.480000,-12.505946,-6.427867,0.918877,-36.626836
1784102097332,183.500000,-26.678470,-9.650233,0.957054,-35.746221
1784102097352,183.520000,-15.370808,-12.900414,0.971992,-34.321265
1784102097372,183.540000,-17.559269,-15.158134,0.893019,-28.549160
1784102097392,183.560000,-10.111011,-15.606164,0.736658,-17.692112
1784102097412,183.580000,10.356853,-13.818431,0.531430,-6.352323
1784102097432,183.600000,9.600387,-9.756539,0.328167,-0.303904
1784102097452,183.620000,9.953616,-3.684154,0.170104,-0.312840
1784102097472,183.640000,1.844161,3.871880,-0.009984,-1.878973
1784102097492,183.660000,5.215177,12.111085,-0.233299,-1.106036
1784102097512,183.680000,15.948157,20.026800,-0.471526,1.854343
1784102097532,183.700000,11.629393,26.640680,-0.838162,5.996802
1784102097552,183.720000,12.579413,31.285597,-0.927229,12.634076
1784102097572,183.740000,30.023844,33.742435,-0.858165,22.911644
1784102097592,183.760000,45.252380,34.206264,-0.860068,34.603709
1784102097612,183.780000,42.558556,33.181370,-0.894073,43.486948
1784102097632,183.800000,51.050705,31.332098,-0.882328,46.064404
1784102097652,183.820000,45.890587,29.259295,-0.788258,40.352533
1784102097672,183.840000,31.308887,27.262766,-0.771989,26.617973
1784102097692,183.860000,9.491692,25.214151,-0.780072,8.438056
1784102097712,183.880000,-2.288111,22.597506,-0.832325,-8.202898
1784102097732,183.900000,-13.558294,18.707697,-0.986593,-17.684242
1784102097752,183.920000,-18.300686,12.970428,-0.850497,-17.422876
1784102097772,183.940000,-0.383817,5.283875,-0.599485,-8.962170
1784102097792,183.960000,6.802105,-3.769577,-0.412175,3.397764
1784102097812,183.980000,17.028410,-12.963323,-0.080380,14.985959
1784102097832,184.000000,24.559002,-20.744162,0.855013,21.548518
1784102097852,184.020000,25.398542,-25.723692,0.902402,19.515109
1784102097872,184.040000,16.823689,-27.141037,0.932420,8.385003
1784102097892,184.060000,-5.322247,-25.114761,0.918877,-7.171302
1784102097912,184.080000,-15.312556,-20.620743,0.957054,-20.131917
1784102097932,184.100000,-20.219433,-15.207843,0.971992,-27.076980
1784102097952,184.120000,-22.631432,-10.503799,0.893019,-30.258270
1784102097972,184.140000,-24.763310,-7.675184,0.736658,-33.340679
1784102097992,184.160000,-24.891096,-7.088988,0.531430,-36.172305
1784102098012,184.180000,-32.520830,-8.330207,0.328167,-35.010213
1784102098032,184.200000,-16.917366,-10.504550,0.170104,-27.879737
1784102098052,184.220000,-1.698552,-12.593113,-0.009984,-17.861646
1784102098072,184.240000,-2.465864,-13.684265,-0.233299,-9.936804
1784102098092,184.260000,7.392569,-13.100609,-0.471526,-6.070526
1784102098112,184.280000,9.727452,-10.515077,-0.838162,-4.334095
1784102098132,184.300000,10.577370,-6.052153,-0.927229,-1.486373
1784102098152,184.320000,21.018772,-0.275538,-0.858165,4.230374
1784102098172,184.340000,25.458353,5.984677,-0.860068,11.794940
1784102098192,184.360000,34.668846,11.886449,-0.894073,18.076485
1784102098212,184.380000,37.382896,16.788874,-0.882328,19.995052
1784102098232,184.400000,32.652870,20.335825,-0.788258,16.673010
1784102098252,184.420000,27.104900,22.392020,-0.771989,9.848329
1784102098272,184.440000,18.094242,22.905426,-0.780072,2.313437
1784102098292,184.460000,13.524332,21.811060,-0.832325,-3.691697
1784102098312,184.480000,13.114470,19.050356,-0.986593,-6.304623
1784102098332,184.500000,12.958759,14.690688,-0.850497,-3.222420
1784102098352,184.520000,19.863842,9.051624,-0.599485,6.770512
1784102098372,184.540000,34.413162,2.748657,-0.412175,20.401875
1784102098392,184.560000,47.313686,-3.369746,-0.080380,30.016389
1784102098412,184.580000,45.667854,-8.378976,0.173580,29.797965
1784102098432,184.600000,32.371060,-11.524739,0.397419,21.790318
1784102098452,184.620000,19.890950,-12.519211,0.584381,13.792613
1784102098472,184.640000,23.553202,-11.728210,0.630940,11.369491
1784102098492,184.660000,23.612660,-10.053764,0.590952,13.887698
1784102098512,184.680000,26.789124,-8.514424,0.697575,17.963904
1784102098532,184.700000,19.067719,-7.792694,0.820658,21.344916
1784102098552,184.720000,25.736992,-8.041434,0.736174,22.232460
1784102098572,184.740000,23.727087,-8.991248,0.711722,18.574942
1784102098592,184.760000,13.478249,-10.190244,0.723314,11.217134
1784102098612,184.780000,-6.110372,-11.236084,0.755317,5.199464
1784102098632,184.800000,2.570933,-11.945775,0.778089,4.160386
1784102098652,184.820000,-2.489316,-12.389527,0.709494,4.658976
1784102098672,184.840000,-4.968586,-12.745320,0.603507,-0.722254
1784102098692,184.860000,-24.872347,-13.100914,0.526172,-14.787239
1784102098712,184.880000,-45.432343,-13.414650,0.402280,-32.411459
1784102098732,184.900000,-62.418620,-13.667961,0.246474,-46.239077
1784102098752,184.920000,-66.685940,-14.003108,0.080824,-53.864334
1784102098772,184.940000,-68.201200,-14.649989,-0.071531,-57.603429
1784102098792,184.960000,-76.944084,-15.685115,-0.238215,-58.374443
1784102098812,184.980000,-74.388000,-16.849054,-0.466202,-53.406158
1784102098832,185.000000,-60.735207,-17.574995,-0.700343,-41.334090
1784102098852,185.020000,-47.468620,-17.162714,-0.727653,-26.750556
1784102098872,185.040000,-31.184467,-14.951793,-0.767161,-16.656700
1784102098892,185.060000,-37.244564,-10.464054,-0.822474,-12.814454
1784102098912,185.080000,-36.266720,-3.579235,-0.840053,-10.218325
1784102098932,185.100000,-27.649132,5.291994,-0.880640,-3.730859
1784102098952,185.120000,-13.710482,15.211509,-0.852171,6.224668
1784102098972,185.140000,-9.237305,24.984842,-0.817657,15.632055
1784102098992,185.160000,-5.693424,33.545113,-0.944587,21.787986
1784102099012,185.180000,-5.025258,40.188830,-0.990108,24.153512
1784102099032,185.200000,-2.874989,44.570454,-0.858617,22.642567
1784102099052,185.220000,-3.351476,46.580902,-0.654975,18.427807
1784102099072,185.240000,-22.524057,46.246430,-0.463791,15.567309
1784102099092,185.260000,-9.246304,43.673344,-0.191207,18.232820
1784102099112,185.280000,-6.284346,39.048115,0.150114,25.851069
1784102099132,185.300000,2.406184,32.715100,0.435410,33.429392
1784102099152,185.320000,5.584155,25.267899,0.629328,37.222126
1784102099172,185.340000,-0.856332,17.512370,0.689257,38.529134
1784102099192,185.360000,7.560641,10.251749,0.719971,41.385225
1784102099212,185.380000,8.734909,4.041802,0.755710,47.417117
1784102099232,185.400000,12.328297,-0.903957,0.815240,53.521202
1784102099252,185.420000,19.970913,-4.637433,0.820658,54.398310
1784102099272,185.440000,2.484664,-7.344490,0.736174,47.240969
1784102099292,185.460000,-9.607716,-9.290486,0.711722,33.709733
1784102099312,185.480000,-26.054924,-10.860104,0.766968,17.496942
1784102099332,185.500000,-41.549980,-12.583280,0.698209,1.185392
1784102099352,185.520000,-61.121162,-15.042567,0.675563,-14.213459
1784102099372,185.540000,-73.935460,-18.676924,0.686326,-28.086697
1784102099392,185.560000,-83.638030,-23.596426,0.716040,-39.390036
1784102099412,185.580000,-93.463715,-29.498404,0.737182,-46.694136
1784102099432,185.600000,-99.527710,-35.704440,0.682531,-49.293849
1784102099452,185.620000,-87.743330,-41.294030,0.623482,-48.305001
1784102099472,185.640000,-93.512230,-45.281246,0.585736,-45.860675
1784102099492,185.660000,-89.224976,-46.795254,0.530202,-43.324324
1784102099512,185.680000,-79.364010,-45.251633,0.353856,-40.803829
1784102099532,185.700000,-80.773790,-40.482563,0.148906,-37.728972
1784102099552,185.720000,-73.000810,-32.776110,-0.028004,-33.705718
1784102099572,185.740000,-67.576810,-22.806055,-0.206194,-29.627402
1784102099592,185.760000,-59.214317,-11.485703,-0.419468,-27.642147
1784102099612,185.780000,-63.085007,0.200898,-0.654158,-29.179753
1784102099632,185.800000,-63.824158,11.334323,-0.702007,-33.178854
1784102099652,185.820000,-55.816757,21.129335,-0.743861,-36.455257
1784102099672,185.840000,-71.221180,28.968016,-0.856086,-35.818227
1784102099692,185.860000,-40.065598,34.448280,-0.925544,-30.107158
1784102099712,185.880000,-37.516370,37.469180,-0.985386,-19.989311
1784102099732,185.900000,-25.156357,38.304220,-0.954416,-6.481958
1784102099752,185.920000,-0.983040,37.572094,-0.854217,8.524201
1784102099772,185.940000,15.458245,36.080090,-0.773467,21.266097
1784102099792,185.960000,23.994957,34.602306,-0.793100,28.465473
1784102099812,185.980000,25.836117,33.668953,-0.752383,30.741426
1784102099832,186.000000,35.363440,33.406178,-0.550535,32.384533
1784102099852,186.020000,38.826412,33.483470,-0.383428,37.834205
1784102099872,186.040000,49.571682,33.245945,-0.152950,48.320154
1784102099892,186.060000,73.740814,32.007750,0.154134,61.238018
1784102099912,186.080000,75.564160,29.359589,0.371689,72.441866
1784102099932,186.100000,86.320300,25.318596,0.502049,78.667050
1784102099952,186.120000,88.299760,20.243036,0.607961,77.957392
1784102099972,186.140000,77.567990,14.581322,0.564697,69.731838
1784102099992,186.160000,68.530580,8.613733,0.541856,55.715902
1784102100012,186.180000,43.649070,2.318583,0.537559,39.600222
1784102100032,186.200000,32.627700,-4.601003,0.587874,24.267512
1784102100052,186.220000,18.445513,-12.545949,0.676785,9.699136
1784102100072,186.240000,1.850001,-21.761694,0.734688,-5.406881
1784102100092,186.260000,-20.051313,-32.121838,0.795247,-20.642864
1784102100112,186.280000,-28.675920,-43.081135,0.822385,-33.721706
1784102100132,186.300000,-43.209877,-53.798206,0.744509,-42.793878
1784102100152,186.320000,-51.026810,-63.318996,0.622642,-48.029722
1784102100172,186.340000,-53.216200,-70.727425,0.536493,-50.913175
1784102100192,186.360000,-54.613823,-75.248985,0.425884,-52.024904
1784102100212,186.380000,-63.322327,-76.332360,0.236933,-50.154787
1784102100232,186.400000,-59.495430,-73.725650,0.018542,-44.717165
1784102100252,186.420000,-42.220420,-67.519670,-0.165356,-37.830632
1784102100272,186.440000,-50.445072,-58.109486,-0.328035,-31.871198
1784102100292,186.460000,-48.983120,-46.101350,-0.498711,-26.487492
1784102100312,186.480000,-41.447384,-32.253810,-0.607066,-20.311891
1784102100332,186.500000,-29.162228,-17.451340,-0.665896,-13.690140
1784102100352,186.520000,-41.752968,-2.626132,-0.748586,-7.919767
1784102100372,186.540000,-29.224049,11.366566,-0.833151,-3.999594
1784102100392,186.560000,-35.391250,23.826632,-0.963454,-3.096672
1784102100412,186.580000,-33.820236,34.220093,-0.975545,-5.621366
1784102100432,186.600000,-43.990307,42.179120,-0.890478,-8.872353
1784102100452,186.620000,-48.944542,47.504086,-0.795837,-8.112728
1784102100472,186.640000,-40.587120,50.155445,-0.690075,-1.642867
1784102100492,186.660000,-29.269112,50.281143,-0.655458,6.717576
1784102100512,186.680000,-33.345158,48.290110,-0.493484,11.617698
1784102100532,186.700000,-34.178185,44.856230,-0.334065,11.470864
1784102100552,186.720000,-36.358902,40.751442,-0.130387,8.981190
1784102100572,186.740000,-42.831470,36.583910,0.113300,7.878611
1784102100592,186.760000,-39.467052,32.632040,0.316604,10.160853
1784102100612,186.780000,-34.409046,28.882544,0.404543,15.701991
1784102100632,186.800000,-35.702810,25.210693,0.432312,23.068772
1784102100652,186.820000,-25.382210,21.559046,0.359626,29.910735
1784102100672,186.840000,-23.491068,18.015078,0.390126,33.467868
1784102100692,186.860000,-29.116661,14.768355,0.482834,32.138740
1784102100712,186.880000,-40.653763,11.981396,0.541856,26.575266
1784102100732,186.900000,-38.508700,9.646002,0.537559,19.243150
1784102100752,186.920000,-56.067165,7.522713,0.516456,13.490342
1784102100772,186.940000,-61.181030,5.217771,0.558307,11.759759
1784102100792,186.960000,-56.674820,2.356254,0.612843,13.125464
1784102100812,186.980000,-51.821922,-1.230582,0.708135,13.947144
1784102100832,187.000000,-70.282425,-5.385681,0.784111,11.921152
1784102100852,187.020000,-70.016040,-9.663798,0.849852,7.697329
1784102100872,187.040000,-70.505260,-13.533952,0.880738,2.854828
1784102100892,187.060000,-79.505050,-16.599306,0.849116,-0.998844
1784102100912,187.080000,-91.610300,-18.687801,0.765468,-2.073821
1784102100932,187.100000,-76.338500,-19.818556,0.643193,-0.184620
1784102100952,187.120000,-81.473206,-20.109190,0.477268,2.206065
1784102100972,187.140000,-83.929565,-19.664743,0.297730,2.361309
1784102100992,187.160000,-83.637220,-18.514616,0.085778,-0.392118
1784102101012,187.180000,-89.883780,-16.659178,-0.137217,-5.344512
1784102101032,187.200000,-102.225980,-14.184405,-0.338067,-12.538693
1784102101052,187.220000,-106.654465,-11.336690,-0.524597,-23.375047
1784102101072,187.240000,-118.231690,-8.504013,-0.639284,-37.824521
1784102101092,187.260000,-134.208330,-6.125381,-0.740966,-50.994357
1784102101112,187.280000,-147.283480,-4.581039,-0.854456,-55.706910
1784102101132,187.300000,-132.232220,-4.096087,-0.873842,-50.593494
1784102101152,187.320000,-115.875200,-4.627783,-0.926571,-42.425424
1784102101172,187.340000,-114.214355,-5.738628,-0.996332,-37.433617
1784102101192,187.360000,-116.004790,-6.607151,-0.934699,-33.568215
1784102101212,187.380000,-103.968690,-6.309864,-0.835629,-25.598523
1784102101232,187.400000,-90.138570,-4.227002,-0.708061,-15.478820
1784102101252,187.420000,-73.863070,-0.255533,-0.640281,-11.440208
1784102101272,187.440000,-77.519936,5.274778,-0.527154,-15.433281
1784102101292,187.460000,-99.673690,11.767102,-0.396662,-17.179975
1784102101312,187.480000,-65.615036,18.418056,-0.183726,-5.333937
1784102101332,187.500000,-35.261757,24.309893,0.086653,18.714994
1784102101352,187.520000,-21.508820,28.722933,0.278263,42.299370
1784102101372,187.540000,0.580815,31.495443,0.372250,54.267305
1784102101392,187.560000,2.324655,33.049507,0.417640,53.859921
1784102101412,187.580000,-6.451962,33.984722,0.356840,49.120588
1784102101432,187.600000,-3.291025,34.563324,0.308462,48.269249
1784102101452,187.620000,11.079553,34.487370,0.407823,52.324178
1784102101472,187.640000,6.194028,33.095870,0.516456,55.764575
1784102101492,187.660000,13.823172,29.792742,0.558307,53.256317
1784102101512,187.680000,3.339411,24.377798,0.612843,44.678735
1784102101532,187.700000,-10.500999,17.077627,0.708135,33.955889
1784102101552,187.720000,-14.170565,8.346813,0.784111,24.026383
1784102101572,187.740000,-16.015396,-1.331977,0.849852,14.331437
1784102101592,187.760000,-37.902520,-11.508008,0.880738,3.326786
1784102101612,187.780000,-42.430210,-21.728594,0.849116,-8.813106
1784102101632,187.800000,-52.567238,-31.524038,0.765468,-20.982984
1784102101652,187.820000,-67.810830,-40.443115,0.643193,-32.835849
1784102101672,187.840000,-74.136320,-48.091920,0.477268,-44.555149
1784102101692,187.860000,-83.468185,-54.147950,0.297730,-55.288944
1784102101712,187.880000,-96.340940,-58.368330,0.516456,-62.200089
1784102101732,187.900000,-83.422485,-60.592304,0.558307,-61.509143
1784102101752,187.920000,-83.212960,-60.708790,0.612843,-51.021121
1784102101772,187.940000,-56.850150,-58.590730,0.708135,-32.307687
1784102101792,187.960000,-34.989918,-54.036793,0.784111,-10.722684
1784102101812,187.980000,-15.527183,-46.782880,0.849852,7.550947
1784102101832,188.000000,-2.078248,-36.634900,0.880738,19.356803
1784102101852,188.020000,4.712680,-23.699211,0.849116,25.552030
1784102101872,188.040000,5.282175,-8.603026,0.765468,28.298266
1784102101892,188.060000,18.032003,7.444433,0.643193,28.176966
1784102101912,188.080000,4.982653,22.836700,0.477268,24.387924
1784102101932,188.100000,4.640084,35.920760,0.297730,16.674569
1784102101952,188.120000,-3.651538,45.341310,0.085778,5.997474
1784102101972,188.140000,-16.653397,50.261127,-0.137217,-5.990714
1784102101992,188.160000,-21.235640,50.440490,-0.338067,-17.087855
1784102102012,188.180000,-23.366304,46.219746,-0.524597,-24.193419
1784102102032,188.200000,-30.872591,38.440556,-0.639284,-24.021241
1784102102052,188.220000,-7.636956,28.324697,-0.740966,-15.680809
1784102102072,188.240000,0.851448,17.336761,-0.854456,-2.465174
1784102102092,188.260000,24.658663,7.033986,-0.873842,10.103783
1784102102112,188.280000,27.499916,-1.128892,-0.926571,18.031116
1784102102132,188.300000,38.420937,-6.065494,-0.996332,20.325657
1784102102152,188.320000,38.389797,-7.335555,-0.934699,17.885430
1784102102172,188.340000,39.412945,-5.286111,-0.835629,12.406887
1784102102192,188.360000,32.023410,-0.957105,-0.708061,6.062862
1784102102212,188.380000,34.187557,4.212914,-0.640281,0.726382
1784102102232,188.400000,34.777317,8.769888,-0.527154,-2.960692
1784102102252,188.420000,35.420690,11.601062,-0.396662,-5.374651
1784102102272,188.440000,36.079350,12.164090,-0.183726,-7.032922
1784102102292,188.460000,44.272083,10.525322,0.086653,-8.160526
1784102102312,188.480000,41.960045,7.225021,0.278263,-8.637757
1784102102332,188.500000,50.294838,3.052148,0.372250,-8.243497
1784102102352,188.520000,53.017857,-1.182979,0.417640,-7.225721
1784102102372,188.540000,61.851143,-4.818063,0.356840,-6.551019
1784102102392,188.560000,56.520958,-7.428190,0.308462,-7.722708
1784102102412,188.580000,60.531433,-8.854590,0.407823,-12.376952
1784102102432,188.600000,62.250700,-9.196262,0.516456,-20.682097
1784102102452,188.620000,44.297256,-8.763927,0.558307,-29.332507
1784102102472,188.640000,48.833950,-8.003518,0.612843,-32.951693
1784102102492,188.660000,58.978450,-7.388863,0.708135,-28.664446
1784102102512,188.680000,70.462470,-7.259734,0.784111,-17.970230
1784102102532,188.700000,86.753160,-7.635831,0.849852,-3.933896
1784102102552,188.720000,104.054140,-8.131663,0.880738,11.794144
1784102102572,188.740000,126.005394,-8.073613,0.849116,28.729046
1784102102592,188.760000,136.319980,-6.766112,0.765468,45.135709
1784102102612,188.780000,156.791200,-3.763995,0.643193,56.725802
1784102102632,188.800000,163.863360,0.953191,0.477268,59.146185
1784102102652,188.820000,147.204770,6.929049,0.297730,52.148583
1784102102672,188.840000,136.492680,13.261554,0.085778,39.696894
1784102102692,188.860000,134.279940,18.709343,-0.137217,25.966397
1784102102712,188.880000,110.678894,21.928513,-0.338067,13.147104
1784102102732,188.900000,100.821915,21.828367,-0.524597,2.258207
1784102102752,188.920000,96.006560,17.901356,-0.639284,-6.303124
1784102102772,188.940000,89.281830,10.380581,-0.740966,-12.592310
1784102102792,188.960000,75.003000,0.191036,-0.854456,-16.577357
1784102102812,188.980000,85.698070,-11.264695,-0.873842,-18.422228
1784102102832,189.000000,72.103165,-22.417688,-0.926571,-19.072103
1784102102852,189.020000,77.414795,-31.844450,-0.996332,-19.730582
1784102102872,189.040000,69.454880,-38.496890,-0.934699,-20.898790
1784102102892,189.060000,71.802890,-41.826645,-0.835629,-21.928064
1784102102912,189.080000,65.315810,-41.804173,0.000000,-21.282716
1784102102932,189.100000,70.106840,-38.831898,0.000000,-17.748506
1784102102952,189.120000,70.792830,-33.580673,0.000000,-11.813330
1784102102972,189.140000,81.914200,-26.799560,0.000000,-5.458445
1784102102992,189.160000,75.402680,-19.154242,0.000000,-0.373885
1784102103012,189.180000,85.770480,-11.153747,0.000000,3.058491
1784102103032,189.200000,74.567480,-3.181973,0.000000,4.858585
1784102103052,189.220000,82.613250,4.419060,0.000000,4.675690
1784102103072,189.240000,77.493970,11.297879,0.000000,3.236100
1784102103092,189.260000,72.032050,17.111814,0.000000,3.685963
1784102103112,189.280000,67.735950,21.577463,0.000000,8.680104
1784102103132,189.300000,88.998695,24.523703,0.000000,15.965634
1784102103152,189.320000,86.743900,25.965425,0.516456,20.043928
1784102103172,189.340000,74.728325,26.160767,0.558307,18.391092
1784102103192,189.360000,69.924164,25.533195,0.612843,12.669598
1784102103212,189.380000,65.879750,24.445572,0.708135,4.221366
1784102103232,189.400000,47.698505,23.007410,0.784111,-7.541940
1784102103252,189.420000,35.810326,21.072443,0.849852,-21.688036
1784102103272,189.440000,14.978152,18.374790,0.880738,-33.862908
1784102103292,189.460000,14.263817,14.676814,0.849116,-39.607620
1784102103312,189.480000,6.404431,9.904641,0.765468,-38.689833
1784102103332,189.500000,21.743359,4.285825,0.643193,-34.526783
1784102103352,189.520000,17.769005,-1.570538,0.477268,-28.934911
1784102103372,189.540000,24.399660,-6.749126,0.297730,-19.294816
1784102103392,189.560000,39.851986,-10.273041,0.085778,-2.756587
1784102103412,189.580000,65.307190,-11.382178,-0.137217,18.132052
1784102103432,189.600000,82.297900,-9.678754,-0.338067,36.560277
1784102103452,189.620000,87.326294,-5.130731,-0.524597,47.583606
1784102103472,189.640000,88.616960,1.925844,-0.639284,50.897766
1784102103492,189.660000,92.311610,10.721210,-0.740966,48.350591
1784102103512,189.680000,79.905106,20.042318,-0.854456,41.429264
1784102103532,189.700000,68.021530,28.396292,-0.873842,31.030626
1784102103552,189.720000,50.125470,34.301926,-0.926571,17.483584
1784102103572,189.740000,45.857903,36.587963,-0.996332,1.020334
1784102103592,189.760000,10.774219,34.620640,-0.934699,-16.195311
1784102103612,189.780000,9.945534,28.413431,-0.835629,-29.401092
1784102103632,189.800000,-7.971381,18.598318,-0.708061,-34.530616
1784102103652,189.820000,2.559759,6.304754,-0.640281,-32.311938
1784102103672,189.840000,-1.151427,-6.983400,-0.527154,-28.129593
1784102103692,189.860000,7.577736,-19.593666,-0.396662,-26.969621
1784102103712,189.880000,-3.095300,-29.913961,-0.183726,-28.320318
1784102103732,189.900000,-3.153142,-36.719967,0.086653,-26.950665
1784102103752,189.920000,5.029110,-39.452194,0.278263,-19.163552
1784102103772,189.940000,19.910957,-38.271160,0.372250,-7.042244
1784102103792,189.960000,23.943193,-33.844128,0.417640,4.252444
1784102103812,189.980000,36.573900,-27.023958,0.356840,12.057567
1784102103832,190.000000,30.896742,-18.641634,0.526108,17.725121
1784102103852,190.020000,43.104570,-9.482732,0.568307,23.041222
1784102103872,190.040000,39.116050,-0.334126,0.610575,26.786605
1784102103892,190.060000,46.861668,8.028873,0.644456,26.161148
1784102103912,190.080000,29.933708,14.923184,0.711783,21.118655
1784102103932,190.100000,26.145014,19.826189,0.830927,15.259763
1784102103952,190.120000,15.213526,22.386072,0.890378,11.673510
1784102103972,190.140000,28.128248,22.432480,0.861538,9.804184
1784102103992,190.160000,6.914455,20.049028,0.777194,7.583868
1784102104012,190.180000,8.624148,15.639247,0.653900,4.505272
1784102104032,190.200000,6.072933,9.872813,0.486593,1.133325
1784102104052,190.220000,-1.772078,3.524233,0.305560,-2.417794
1784102104072,190.240000,-5.207840,-2.688047,0.091351,-6.032156
1784102104092,190.260000,-7.652268,-8.196971,-0.149676,-8.745932
1784102104112,190.280000,-17.254679,-12.629956,-0.347558,-9.435043
1784102104132,190.300000,-4.280240,-15.810101,-0.523615,-7.866591
1784102104152,190.320000,-8.318270,-17.698357,-0.639257,-4.044142
1784102104172,190.340000,-0.289680,-18.305323,-0.741786,2.918850
1784102104192,190.360000,5.154321,-17.636880,-0.856221,13.270902
1784102104212,190.380000,24.692940,-15.696434,-0.875208,23.914524
1784102104232,190.400000,23.476927,-12.514989,-0.923135,29.477461
1784102104252,190.420000,29.815369,-8.191243,-0.997625,27.206301
1784102104272,190.440000,13.741240,-2.967246,-0.937132,19.698013
1784102104292,190.460000,9.109083,2.667649,-0.837237,11.553432
1784102104312,190.480000,4.885034,7.948017,-0.708607,4.007569
1784102104332,190.500000,3.346597,11.983638,-0.640262,-5.153203
1784102104352,190.520000,-14.157887,14.044022,-0.526193,-16.539914
1784102104372,190.540000,-20.386698,13.789687,-0.397480,-27.268294
1784102104392,190.560000,-32.534794,11.312165,-0.181831,-35.824552
1784102104412,190.580000,-26.662922,7.029462,0.095621,-45.848654
1784102104432,190.600000,-45.686634,1.571231,0.300612,-60.805633
1784102104452,190.620000,-43.477695,-4.312020,0.396606,-74.992999
1784102104472,190.640000,-73.137650,-9.876102,0.433347,-75.067776
1784102104492,190.660000,-20.623295,-14.523562,0.365523,-54.180343
1784102104512,190.680000,15.503452,-17.785366,0.316381,-21.121994
1784102104532,190.700000,49.858467,-19.084467,0.416570,8.524691
1784102104552,190.720000,53.850610,-17.575758,0.526108,26.675050
1784102104572,190.740000,83.853680,-12.414035,0.568307,34.585636
1784102104592,190.760000,85.425900,-3.352410,0.610575,35.553795
1784102104612,190.780000,87.359764,8.824185,0.644456,31.346712
1784102104632,190.800000,73.091580,22.351995,0.711783,23.516248
1784102104652,190.820000,87.569260,34.929073,0.830927,14.264892
1784102104672,190.840000,65.289444,44.303955,0.890378,6.188539
1784102104692,190.860000,76.286480,48.825634,0.861538,1.561161
1784102104712,190.880000,71.021290,47.802002,0.777194,0.836029
1784102104732,190.900000,88.145910,41.581894,0.653900,2.403628
1784102104752,190.920000,82.514590,31.389520,0.486593,4.974708
1784102104772,190.940000,100.689150,18.992651,0.305560,9.403751
1784102104792,190.960000,97.241745,6.283558,0.091351,16.899858
1784102104812,190.980000,126.157780,-5.111252,-0.149676,25.964127
1784102104832,191.000000,123.301640,-14.066101,-0.347558,32.559984
1784102104852,191.020000,132.179290,-20.019325,-0.523615,33.450824
1784102104872,191.040000,125.791954,-22.953978,-0.639257,28.553903
1784102104892,191.060000,122.075485,-23.356218,-0.741786,20.355079
1784102104912,191.080000,111.817505,-22.122460,-0.856221,12.074340
1784102104932,191.100000,113.064820,-20.362715,-0.875208,6.408175
1784102104952,191.120000,102.779080,-19.118841,0.526108,5.087512
1784102104972,191.140000,121.650040,-19.085999,0.568307,8.612717
1784102104992,191.160000,109.533920,-20.430185,0.610575,15.509413
1784102105012,191.180000,131.465180,-22.773140,0.644456,21.389161
1784102105032,191.200000,117.884510,-25.358694,0.711783,20.027425
1784102105052,191.220000,121.028240,-27.344420,0.830927,7.972202
1784102105072,191.240000,81.248060,-28.130266,0.890378,-11.169918
1784102105092,191.260000,77.015920,-27.620749,0.861538,-28.701487
1784102105112,191.280000,56.813156,-26.291822,0.777194,-38.063136
1784102105132,191.300000,60.456005,-24.964150,0.653900,-39.647104
1784102105152,191.320000,58.904305,-24.353340,0.486593,-38.406669
1784102105172,191.340000,59.874750,-24.656076,0.305560,-37.674797
1784102105192,191.360000,46.687332,-25.437233,0.091351,-36.583617
1784102105212,191.380000,61.724125,-25.865870,-0.149676,-33.299822
1784102105232,191.400000,59.270360,-25.096125,-0.347558,-28.146815
1784102105252,191.420000,66.816740,-22.547049,-0.523615,-22.242748
1784102105272,191.440000,58.478436,-18.004206,-0.639257,-15.757072
1784102105292,191.460000,74.569374,-11.617497,-0.741786,-9.556008
1784102105312,191.480000,69.905170,-3.847350,-0.856221,-6.215500
1784102105332,191.500000,72.189180,4.648514,-0.875208,-6.880199
1784102105352,191.520000,51.866802,13.142967,-0.923135,-8.377846
1784102105372,191.540000,74.329580,20.917862,-0.997625,-5.322842
1784102105392,191.560000,58.792892,27.332582,-0.937132,5.124924
1784102105412,191.580000,86.084050,31.953163,-0.837237,20.532380
1784102105432,191.600000,91.681650,34.705350,-0.708607,34.562534
1784102105452,191.620000,96.289790,35.924194,-0.640262,41.591952
1784102105472,191.640000,86.700280,36.204300,-0.526193,40.533388
1784102105492,191.660000,83.954970,36.091766,-0.397480,34.355410
1784102105512,191.680000,62.991455,35.783318,-0.181831,26.856482
1784102105532,191.700000,65.064095,35.021130,0.095621,20.449271
1784102105552,191.720000,44.710346,33.254010,0.300612,16.014500
1784102105572,191.740000,43.353573,29.948309,0.396606,13.197934
1784102105592,191.760000,33.194195,24.864970,0.433347,10.464121
1784102105612,191.780000,33.092580,18.190980,0.365523,6.401504
1784102105632,191.800000,12.153885,10.501102,0.316381,1.825031
1784102105652,191.820000,14.557911,2.584441,0.416570,-0.782440
1784102105672,191.840000,0.921688,-4.780817,0.526108,-0.833895
1784102105692,191.860000,6.670221,-10.993778,0.568307,-1.395472
1784102105712,191.880000,-8.842979,-15.677119,0.418690,-5.870723
1784102105732,191.900000,-13.756107,-18.653852,0.482291,-13.151148
1784102105752,191.920000,-36.140770,-19.945024,0.500313,-17.764979
1784102105772,191.940000,-24.538430,-19.786224,0.541980,-15.688029
1784102105792,191.960000,-28.317081,-18.566332,0.563406,-8.607370
1784102105812,191.980000,-13.790195,-16.645788,0.564433,-1.402941
1784102105832,192.000000,-34.153980,-14.176063,0.553013,2.739457
1784102105852,192.020000,-16.182453,-11.096293,0.537603,3.181901
1784102105872,192.040000,-34.655380,-7.313644,0.527893,0.150437
1784102105892,192.060000,-34.199886,-2.901362,0.513624,-5.087423
1784102105912,192.080000,-50.743607,1.820592,0.503693,-9.270765
1784102105932,192.100000,-38.815838,6.340318,0.466880,-8.558571
1784102105952,192.120000,-52.429634,10.110206,0.338219,-1.863941
1784102105972,192.140000,-28.758287,12.752385,0.167368,7.093142
1784102105992,192.160000,-30.648739,14.224705,0.011021,12.151653
1784102106012,192.180000,-31.116205,14.842544,-0.141234,10.194054
1784102106032,192.200000,-51.152530,15.102351,-0.301990,3.161664
1784102106052,192.220000,-44.881386,15.377370,-0.457634,-5.905906
1784102106072,192.240000,-64.900040,15.683422,-0.603579,-16.381055
1784102106092,192.260000,-70.462140,15.682308,-0.772979,-28.334765
1784102106112,192.280000,-92.094635,14.885604,-0.910885,-39.458792
1784102106132,192.300000,-81.748050,12.890091,-0.971332,-45.267612
1784102106152,192.320000,-95.034690,9.552203,-0.999525,-41.985367
1784102106172,192.340000,-69.091420,5.102348,-0.910972,-29.552209
1784102106192,192.360000,-57.976265,0.187254,-0.805823,-12.460084
1784102106212,192.380000,-34.099342,-4.202710,-0.718481,2.935894
1784102106232,192.400000,-34.625990,-6.953417,-0.581484,12.522446
1784102106252,192.420000,-16.370037,-7.169599,-0.449932,16.125998
1784102106272,192.440000,-29.716799,-4.525577,-0.285134,16.118633
1784102106292,192.460000,-13.625447,0.549705,-0.083462,15.135533
1784102106312,192.480000,-28.401470,6.966835,0.074727,14.673265
1784102106332,192.500000,-11.580784,13.306605,0.208758,14.827289
1784102106352,192.520000,-25.477835,18.233068,0.586519,14.604324
1784102106372,192.540000,-14.006825,20.823520,0.607489,12.419333
1784102106392,192.560000,-28.571060,20.710997,0.666626,7.129139
1784102106412,192.580000,-23.599432,18.034700,0.659858,-0.193664
1784102106432,192.600000,-39.202030,13.271489,0.594953,-5.255834
1784102106452,192.620000,-25.123180,7.051731,0.529030,-2.711350
1784102106472,192.640000,-29.884030,0.045601,0.521888,8.820959
1784102106492,192.660000,6.895201,-7.049614,0.544619,23.759261
1784102106512,192.680000,1.994521,-13.467422,0.548500,33.221480
1784102106532,192.700000,9.645519,-18.401373,0.493680,32.403855
1784102106552,192.720000,-10.218981,-21.211645,0.341003,23.479842
1784102106572,192.740000,-12.305565,-21.740553,0.127516,11.767876
1784102106592,192.760000,-28.653484,-20.499174,-0.074291,1.517649
1784102106612,192.780000,-20.561110,-18.525467,-0.228932,-3.920183
1784102106632,192.800000,-45.723648,-16.965984,-0.365086,-1.282535
1784102106652,192.820000,-10.585306,-16.629820,-0.545448,9.479528
1784102106672,192.840000,-12.203077,-17.706200,-0.739915,22.474731
1784102106692,192.860000,6.770964,-19.706804,-0.911962,29.938839
1784102106712,192.880000,-7.090135,-21.656992,-0.994786,29.338679
1784102106732,192.900000,-3.255352,-22.515920,-0.980889,24.416301
1784102106752,192.920000,-24.420502,-21.663782,-0.916163,18.933128
1784102106772,192.940000,-10.567220,-19.178510,-0.833246,11.476237
1784102106792,192.960000,-35.589350,-15.740772,-0.690870,-1.732126
1784102106812,192.980000,-60.726246,-12.296883,-0.532376,-20.366036
1784102106832,193.000000,-71.935340,-9.747792,-0.411273,-38.625749
1784102106852,193.020000,-73.633650,-8.769053,-0.309326,-48.951661
1784102106872,193.040000,-87.568855,-9.671867,-0.182555,-46.767692
1784102106892,193.060000,-87.644710,-12.268046,-0.015837,-35.974917
1784102106912,193.080000,-38.130430,-15.824910,0.200200,-29.457568
1784102106932,193.100000,-73.284670,-19.169397,0.380151,-37.231402
1784102106952,193.120000,-100.597610,-20.992462,0.375497,-54.264111
1784102106972,193.140000,-92.882620,-20.366156,0.333912,-66.192128
1784102106992,193.160000,-102.030140,-17.206640,0.327916,-65.043671
1784102107012,193.180000,-70.776640,-12.252724,0.384488,-53.671070
1784102107032,193.200000,-79.069670,-6.502857,0.508093,-37.650796
1784102107052,193.220000,-44.513490,-0.601201,0.586519,-19.257651
1784102107072,193.240000,-27.295141,5.374519,0.607489,0.887268
1784102107092,193.260000,-4.540204,11.745557,0.666626,21.147018
1784102107112,193.280000,16.309860,18.922312,0.659858,39.660413
1784102107132,193.300000,33.199030,27.117212,0.594953,55.645232
1784102107152,193.320000,37.874786,36.148685,0.529030,67.987800
1784102107172,193.340000,60.066704,45.379320,0.521888,73.377494
1784102107192,193.360000,46.405865,53.813656,0.544619,68.640245
1784102107212,193.380000,43.696766,60.297016,0.586519,55.769261
1784102107232,193.400000,14.213664,63.710556,0.607489,41.946804
1784102107252,193.420000,21.042260,63.121110,0.666626,32.687779
1784102107272,193.440000,12.106768,57.951763,0.659858,26.737471
1784102107292,193.460000,8.816093,48.213024,0.594953,19.351072
1784102107312,193.480000,-10.612742,34.652690,0.529030,8.829977
1784102107332,193.500000,-8.144768,18.641432,0.521888,-1.923502
1784102107352,193.520000,-27.890842,1.820620,0.544619,-9.011269
1784102107372,193.540000,-14.129124,-14.266880,0.548500,-11.160244
1784102107392,193.560000,-29.118145,-28.382670,0.493680,-10.411724
1784102107412,193.580000,-12.997550,-39.637966,0.341003,-10.345595
1784102107432,193.600000,-28.394619,-47.478073,0.127516,-13.507342
1784102107452,193.620000,-24.353306,-51.683640,-0.074291,-19.872733
1784102107472,193.640000,-44.682026,-52.404434,-0.228932,-27.452158
1784102107492,193.660000,-32.280445,-50.169720,-0.365086,-33.856646
1784102107512,193.680000,-53.296555,-45.798542,-0.545448,-37.015904
1784102107532,193.700000,-40.461666,-40.204323,-0.739915,-35.782684
1784102107552,193.720000,-46.203426,-34.172977,-0.911962,-31.106992
1784102107572,193.740000,-20.975012,-28.198372,-0.994786,-25.412477
1784102107592,193.760000,-39.927002,-22.420303,-0.980889,-19.845836
1784102107612,193.780000,-15.129902,-16.696701,-0.916163,-13.595892
1784102107632,193.800000,-19.837416,-10.789825,-0.833246,-6.356667
1784102107652,193.820000,0.576786,-4.553386,-0.690870,0.466027
1784102107672,193.840000,-10.212214,1.983514,-0.532376,5.501550
1784102107692,193.860000,7.310006,8.622192,-0.411273,8.957864
1784102107712,193.880000,-0.175253,15.024922,-0.309326,12.343319
1784102107732,193.900000,17.852490,20.767624,-0.182555,17.655194
1784102107752,193.920000,12.366651,25.438208,-0.015837,26.195357
1784102107772,193.940000,33.550087,28.750250,0.200200,36.306547
1784102107792,193.960000,30.363464,30.615767,0.380151,42.173703
1784102107812,193.980000,39.083496,31.142763,0.375497,37.281299
1784102107832,194.000000,11.887121,30.540083,0.333912,21.250911
1784102107852,194.020000,1.982639,28.940550,0.327916,2.794752
1784102107872,194.040000,-19.798903,26.236547,0.384488,-6.245014
1784102107892,194.060000,1.334548,22.096560,0.508093,-0.932977
1784102107912,194.080000,5.866791,16.255450,0.586519,12.964929
1784102107932,194.100000,29.465357,8.928617,0.607489,24.933034
1784102107952,194.120000,15.880544,1.011685,0.666626,28.227819
1784102107972,194.140000,32.224575,-6.160993,0.659858,22.727040
1784102107992,194.160000,-2.210007,-11.381127,0.594953,11.545261
1784102108012,194.180000,6.067746,-14.098866,0.529030,-3.434932
1784102108032,194.200000,-29.240015,-14.623555,0.521888,-22.256018
1784102108052,194.220000,-31.778595,-13.937763,0.544619,-43.457783
1784102108072,194.240000,-71.392540,-13.284406,0.586519,-61.488429
1784102108092,194.260000,-57.019825,-13.735641,0.607489,-69.464270
1784102108112,194.280000,-73.398610,-15.862979,0.666626,-65.033721
1784102108132,194.300000,-37.413403,-19.534595,0.659858,-53.050689
1784102108152,194.320000,-51.108680,-23.877619,0.594953,-42.117831
1784102108172,194.340000,-19.942230,-27.486834,0.529030,-37.682173
1784102108192,194.360000,-38.632645,-28.878077,0.521888,-37.334907
1784102108212,194.380000,-30.697605,-27.025810,0.544619,-33.356702
1784102108232,194.400000,-21.955416,-21.737787,0.548500,-21.059489
1784102108252,194.420000,15.271564,-13.654765,0.493680,-3.292445
1784102108272,194.440000,5.458465,-3.875514,0.341003,14.335595
1784102108292,194.460000,43.322258,6.517613,0.127516,29.782129
1784102108312,194.480000,34.189724,16.716810,-0.074291,43.855079
1784102108332,194.500000,61.446610,26.158686,-0.228932,55.536597
1784102108352,194.520000,63.422142,34.387512,-0.365086,61.670059
1784102108372,194.540000,64.386856,40.980267,-0.545448,61.725445
1784102108392,194.560000,41.753334,45.520077,-0.739915,59.402360
1784102108412,194.580000,61.560295,47.573650,-0.911962,57.289182
1784102108432,194.600000,38.865720,46.730480,-0.994786,52.887851
1784102108452,194.620000,42.347992,42.751680,-0.980889,42.678827
1784102108472,194.640000,1.934416,35.726444,-0.916163,27.995378
1784102108492,194.660000,8.019932,26.075754,-0.833246,14.502985
1784102108512,194.680000,-18.678390,14.423679,-0.690870,7.044485
1784102108532,194.700000,-9.376701,1.510526,-0.532376,6.201126
1784102108552,194.720000,-24.128246,-11.786639,-0.411273,8.598082
1784102108572,194.740000,-8.580824,-24.427149,-0.309326,9.502959
1784102108592,194.760000,-33.629314,-35.288970,-0.182555,5.861877
1784102108612,194.780000,-31.795582,-43.383290,-0.015837,-2.333436
1784102108632,194.800000,-54.132150,-48.122100,0.200200,-12.695689
1784102108652,194.820000,-49.302750,-49.490635,0.380151,-21.325077
1784102108672,194.840000,-81.114380,-48.010746,0.375497,-24.386404
1784102108692,194.860000,-58.203773,-44.515870,0.333912,-21.744076
1784102108712,194.880000,-70.226364,-39.847683,0.327916,-18.524455
1784102108732,194.900000,-55.909016,-34.589750,0.384488,-20.014114
1784102108752,194.920000,-86.752470,-28.958208,0.508093,-25.352886
1784102108772,194.940000,-76.637695,-22.930170,0.586519,-29.205411
1784102108792,194.960000,-85.018520,-16.509825,0.607489,-29.148216
1784102108812,194.980000,-69.288030,-9.879822,0.666626,-28.045662
1784102108832,195.000000,-90.118830,-3.324687,0.659858,-29.170159
1784102108852,195.020000,-80.121765,2.916048,0.594953,-32.488961
1784102108872,195.040000,-94.800430,8.680789,0.529030,-36.412257
1784102108892,195.060000,-77.523056,13.828040,0.470389,-39.860376
1784102108912,195.080000,-100.252090,18.216833,0.493500,-41.219798
1784102108932,195.100000,-79.579290,21.747992,0.489827,-38.036916
1784102108952,195.120000,-82.233406,24.407515,0.501119,-29.639783
1784102108972,195.140000,-50.008133,26.303390,0.485832,-18.437146
1784102108992,195.160000,-59.335983,27.702210,0.469728,-7.392704
1784102109012,195.180000,-25.279533,29.005753,0.463139,2.612381
1784102109032,195.200000,-32.845325,30.617975,0.481776,12.301753
1784102109052,195.220000,-2.712597,32.766197,0.506707,22.021338
1784102109072,195.240000,-2.427019,35.399174,0.515708,31.035208
1784102109092,195.260000,16.547218,38.210857,0.506439,38.054573
1784102109112,195.280000,6.391066,40.731960,0.415031,41.164973
1784102109132,195.300000,29.687082,42.420560,0.259076,37.874793
1784102109152,195.320000,1.553646,42.735440,0.087591,27.750033
1784102109172,195.340000,8.951826,41.194300,-0.041555,15.343744
1784102109192,195.360000,-16.648956,37.416637,-0.188154,7.834859
1784102109212,195.380000,3.081187,31.177261,-0.331914,8.250787
1784102109232,195.400000,0.816970,22.524954,-0.530170,12.637866
1784102109252,195.420000,20.102300,11.949130,-0.714842,15.455623
1784102109272,195.440000,-3.773733,0.430803,-0.870512,15.864004
1784102109292,195.460000,18.382790,-10.771308,-0.968766,16.010554
1784102109312,195.480000,3.718263,-20.513016,-0.995622,14.938378
1784102109332,195.500000,18.493021,-28.076668,-0.944075,8.675280
1784102109352,195.520000,-13.284163,-33.253520,-0.850085,-3.179631
1784102109372,195.540000,-17.155615,-36.279830,-0.742191,-14.781864
1784102109392,195.560000,-28.469406,-37.741253,-0.618619,-19.678069
1784102109412,195.580000,-8.510378,-38.398710,-0.465930,-16.601879
1784102109432,195.600000,-25.683714,-38.882793,-0.268597,-8.358735
1784102109452,195.620000,7.200470,-39.395800,-0.079556,2.484568
1784102109472,195.640000,-0.368125,-39.627330,0.065268,14.998511
1784102109492,195.660000,22.025032,-38.932014,0.169142,28.052332
1784102109512,195.680000,23.744026,-36.639423,0.232763,38.585514
1784102109532,195.700000,39.305252,-32.335390,0.349772,42.833254
1784102109552,195.720000,12.702958,-26.040703,0.349898,39.358440
1784102109572,195.740000,23.723722,-18.279741,0.310384,29.783273
1784102109592,195.760000,-15.096167,-10.035821,0.295287,16.618861
1784102109612,195.780000,-6.441981,-2.576013,0.313609,1.835686
1784102109632,195.800000,-43.416985,2.849779,0.375707,-12.291587
1784102109652,195.820000,-44.586210,5.339600,0.470389,-22.965823
1784102109672,195.840000,-65.418500,4.564817,0.493500,-29.051192
1784102109692,195.860000,-45.534786,0.845322,0.489827,-32.096155
1784102109712,195.880000,-77.566020,-4.903893,0.452205,-33.719536
1784102109732,195.900000,-58.523617,-11.359584,0.507088,-33.689651
1784102109752,195.920000,-73.200890,-17.101324,0.570701,-31.758279
1784102109772,195.940000,-53.548965,-20.940176,0.608275,-29.036202
1784102109792,195.960000,-66.781500,-22.122040,0.590238,-26.003385
1784102109812,195.980000,-54.179535,-20.376398,0.533270,-21.243520
1784102109832,196.000000,-56.779840,-15.883304,0.475615,-14.160937
1784102109852,196.020000,-35.367756,-9.184604,0.475421,-7.743137
1784102109872,196.040000,-49.961037,-1.029611,0.525369,-6.402461
1784102109892,196.060000,-34.192387,7.784582,0.570617,-10.998473
1784102109912,196.080000,-68.413990,16.486223,0.527654,-17.541943
1784102109932,196.100000,-43.318170,24.314379,0.371488,-21.330091
1784102109952,196.120000,-62.176105,30.538103,0.162947,-20.890558
1784102109972,196.140000,-35.948120,34.601906,0.028187,-17.103196
1784102109992,196.160000,-57.581303,36.319910,-0.082890,-10.696754
1784102110012,196.180000,-17.322273,35.956707,-0.203128,-2.534964
1784102110032,196.200000,-31.479523,34.135975,-0.341112,5.322326
1784102110052,196.220000,-5.626344,31.648458,-0.552144,10.897807
1784102110072,196.240000,-18.171568,29.236116,-0.742963,14.012502
1784102110092,196.260000,1.903880,27.393250,-0.875900,15.759154
1784102110112,196.280000,-14.037667,26.241910,-0.972217,16.789864
1784102110132,196.300000,11.058556,25.545380,-0.994119,17.133771
1784102110152,196.320000,-7.516257,24.854498,-0.935700,17.923382
1784102110172,196.340000,12.818305,23.700737,-0.841345,21.930853
1784102110192,196.360000,8.828320,21.751770,-0.719991,30.750748
1784102110212,196.380000,38.737010,18.906160,-0.589322,41.738793
1784102110232,196.400000,29.262856,15.332764,-0.437089,49.009851
1784102110252,196.420000,47.011566,11.426496,-0.237139,47.835548
1784102110272,196.440000,21.780653,7.639223,-0.054517,38.166850
1784102110292,196.460000,23.197159,4.229417,0.084269,24.231610
1784102110312,196.480000,-6.543938,1.075710,0.165126,10.735407
1784102110332,196.500000,2.834268,-2.307645,0.160054,-0.495749
1784102110352,196.520000,-21.382505,-6.532620,0.239875,-10.091649
1784102110372,196.540000,-23.091248,-12.007049,0.285251,-18.550852
1784102110392,196.560000,-34.211483,-18.708443,0.291026,-25.322257
1784102110412,196.580000,-29.211190,-26.160334,0.283054,-29.651791
1784102110432,196.600000,-45.394950,-33.566196,0.305977,-31.265714
1784102110452,196.620000,-30.231216,-40.008354,0.365713,-30.857337
1784102110472,196.640000,-46.492840,-44.648098,0.452205,-30.063751
1784102110492,196.660000,-21.934496,-46.882507,0.507088,-29.538824
1784102110512,196.680000,-48.027645,-46.423946,0.570701,-26.860533
1784102110532,196.700000,-19.488482,-43.314312,0.608275,-18.451546
1784102110552,196.720000,-22.184540,-37.886303,0.590238,-4.619062
1784102110572,196.740000,8.389594,-30.648596,0.533270,9.011894
1784102110592,196.760000,-0.023237,-22.125364,0.475615,16.363469
1784102110612,196.780000,8.879759,-12.771584,0.475421,16.194115
1784102110632,196.800000,-9.897945,-3.053687,0.525369,11.740109
1784102110652,196.820000,2.217779,6.394661,0.570617,6.498777
1784102110672,196.840000,-20.375565,14.738029,0.527654,2.035340
1784102110692,196.860000,-6.436997,21.105230,0.371488,-0.993195
1784102110712,196.880000,-35.220100,24.847780,0.162947,-2.175910
1784102110732,196.900000,-2.714865,25.731691,0.028187,-2.008084
1784102110752,196.920000,-31.072706,24.000704,0.452205,-1.305243
1784102110772,196.940000,-10.994153,20.316277,0.507088,0.024295
1784102110792,196.960000,-33.130047,15.580826,0.570701,1.776103
1784102110812,196.980000,-3.251780,10.699235,0.608275,1.937477
1784102110832,197.000000,-32.557907,6.389214,0.590238,-0.951953
1784102110852,197.020000,-21.601772,3.093566,0.533270,-4.743564
1784102110872,197.040000,-41.325573,0.949347,0.475615,-5.707220
1784102110892,197.060000,-13.660063,-0.195442,0.475421,-2.902019
1784102110912,197.080000,-32.402763,-0.656876,0.525369,1.812863
1784102110932,197.100000,-10.087955,-0.710880,0.570617,7.057839
1784102110952,197.120000,-25.769814,-0.460873,0.527654,12.596119
1784102110972,197.140000,3.261298,0.137515,0.371488,17.361140
1784102110992,197.160000,-15.721640,1.170060,0.162947,19.574680
1784102111012,197.180000,2.633973,2.672832,0.028187,19.294804
1784102111032,197.200000,-19.584707,4.568115,-0.082890,18.936083
1784102111052,197.220000,3.900441,6.625944,-0.203128,20.422090
1784102111072,197.240000,-9.562868,8.498418,-0.341112,22.918882
1784102111092,197.260000,6.359207,9.844318,-0.552144,23.789395
1784102111112,197.280000,-16.764687,10.456206,-0.742963,20.665180
1784102111132,197.300000,4.491498,10.287170,-0.875900,12.592320
1784102111152,197.320000,-36.147747,9.377931,-0.972217,0.627099
1784102111172,197.340000,-23.624865,7.757414,-0.994119,-12.701996
1784102111192,197.360000,-59.716860,5.383142,-0.935700,-25.532361
1784102111212,197.380000,-39.747680,2.162498,-0.841345,-37.622594
1784102111232,197.400000,-81.828026,-1.941393,-0.719991,-48.466845
1784102111252,197.420000,-58.238440,-6.786795,-0.589322,-55.800636
1784102111272,197.440000,-86.335360,-12.004611,-0.437089,-57.161440
1784102111292,197.460000,-48.863132,-17.031908,-0.237139,-52.187439
1784102111312,197.480000,-66.340670,-21.171318,-0.054517,-42.774974
1784102111332,197.500000,-31.425500,-23.667450,0.084269,-31.842059
1784102111352,197.520000,-36.757675,-23.838043,0.165126,-22.156441
1784102111372,197.540000,-7.673732,-21.246958,0.160054,-14.915513
1784102111392,197.560000,-25.940420,-15.856204,0.239875,-8.756101
1784102111412,197.580000,13.454494,-8.097879,0.285251,-0.865049
1784102111432,197.600000,0.672405,1.181866,0.291026,10.614537
1784102111452,197.620000,36.235954,10.916142,0.283054,24.899785
1784102111472,197.640000,35.731537,20.081606,0.305977,38.547028
1784102111492,197.660000,66.732574,27.915596,0.365713,47.660280
1784102111512,197.680000,48.060890,33.990837,0.452205,50.886965
1784102111532,197.700000,68.635860,38.130814,0.507088,49.596253
1784102111552,197.720000,46.175110,40.236412,0.570701,45.032608
1784102111572,197.740000,61.623066,40.155330,0.608275,36.799191
1784102111592,197.760000,26.678068,37.687042,0.590238,24.959110
1784102111612,197.780000,41.493330,32.689877,0.533270,12.667641
1784102111632,197.800000,5.191245,25.196390,0.475615,5.172642
1784102111652,197.820000,31.577799,15.493286,0.475421,5.204763
1784102111672,197.840000,15.851524,4.179216,0.525369,9.691761
1784102111692,197.860000,39.580980,-7.807909,0.570617,12.353446
1784102111712,197.880000,18.447159,-19.265420,0.527654,10.026019
1784102111732,197.900000,29.529804,-28.961378,0.371488,5.427616
1784102111752,197.920000,3.250463,-35.975388,0.162947,2.791077
1784102111772,197.940000,32.024906,-39.958202,0.028187,1.869649
1784102111792,197.960000,3.978511,-41.137516,-0.082890,-1.494501
1784102111812,197.980000,15.787269,-40.099330,0.452205,-8.943149
1784102111832,198.000000,-15.163620,-37.543125,0.507088,-16.251400
1784102111852,198.020000,7.641208,-34.148170,0.570701,-17.531291
1784102111872,198.040000,-14.252642,-30.503372,0.608275,-11.951189
1784102111892,198.060000,18.104801,-27.002312,0.590238,-5.569668
1784102111912,198.080000,-1.022565,-23.730675,0.533270,-5.983185
1784102111932,198.100000,2.749869,-20.476377,0.475615,-15.094399
1784102111952,198.120000,-34.796170,-16.939020,0.475421,-28.197924
1784102111972,198.140000,-18.650312,-13.035514,0.525369,-39.708002
1784102111992,198.160000,-45.300750,-9.058730,0.570617,-47.069577
1784102112012,198.180000,-36.440216,-5.540644,0.527654,-49.197402
1784102112032,198.200000,-52.434795,-2.937705,0.371488,-45.067750
1784102112052,198.220000,-15.187298,-1.371988,0.162947,-35.262895
1784102112072,198.240000,-31.076450,-0.535998,0.028187,-22.484097
1784102112092,198.260000,2.935256,0.243940,-0.082890,-9.685629
1784102112112,198.280000,-6.708409,1.797871,-0.203128,1.328021
1784102112132,198.300000,23.761818,4.811610,-0.341112,10.101001
1784102112152,198.320000,3.914910,9.567136,-0.552144,17.332856
1784102112172,198.340000,35.643192,15.834897,-0.742963,23.884242
1784102112192,198.360000,13.665884,22.934519,-0.875900,29.468799
1784102112212,198.380000,45.816000,29.923440,-0.972217,32.806990
1784102112232,198.400000,12.000243,35.841000,-0.994119,33.076504
1784102112252,198.420000,39.244453,39.906430,-0.935700,30.570779
1784102112272,198.440000,4.948508,41.611260,-0.841345,26.096439
1784102112292,198.460000,25.158504,40.730137,-0.719991,20.631608
1784102112312,198.480000,-6.574687,37.302730,-0.589322,15.656991
1784102112332,198.500000,10.870394,31.610090,-0.437089,12.843515
1784102112352,198.520000,-14.240974,24.140623,-0.237139,12.730328
1784102112372,198.540000,15.067678,15.550125,-0.054517,14.050269
1784102112392,198.560000,-21.465763,6.614860,0.084269,14.530897
1784102112412,198.580000,5.006258,-1.857487,0.165126,11.893373
1784102112432,198.600000,-26.213670,-9.170612,0.160054,4.940349
1784102112452,198.620000,-17.873997,-14.885468,0.239875,-4.645990
1784102112472,198.640000,-51.123610,-18.903296,0.285251,-12.277885
1784102112492,198.660000,-33.945350,-21.448412,0.291026,-14.157853
1784102112512,198.680000,-49.453384,-22.937119,0.283054,-10.750891
1784102112532,198.700000,-25.230743,-23.749811,0.586097,-5.302169
1784102112552,198.720000,-45.774796,-24.014887,0.609805,0.331915
1784102112572,198.740000,-22.772072,-23.561615,0.651014,6.531042
1784102112592,198.760000,-32.474530,-22.072428,0.666486,13.112682
1784102112612,198.780000,-8.139408,-19.295794,0.641598,18.053791
1784102112632,198.800000,-37.539234,-15.184475,0.581270,19.268157
1784102112652,198.820000,-10.264265,-9.949674,0.520260,15.978293
1784102112672,198.840000,-49.256943,-4.067661,0.520055,8.324095
1784102112692,198.860000,-34.798683,1.765039,0.571640,-2.838368
1784102112712,198.880000,-65.724335,6.748723,0.596014,-15.073049
1784102112732,198.900000,-60.166040,10.151981,0.502096,-24.299730
1784102112752,198.920000,-87.877740,11.480774,0.325664,-27.731329
1784102112772,198.940000,-55.277817,10.608861,0.107823,-27.400801
1784102112792,198.960000,-82.639990,7.855330,-0.054852,-28.550276
1784102112812,198.980000,-65.012170,3.962019,-0.138021,-33.567356
1784102112832,199.000000,-94.597930,-0.092399,-0.206579,-39.188151
1784102112852,199.020000,-67.656190,-3.406734,-0.343990,-40.129263
1784102112872,199.040000,-84.435210,-5.414014,-0.552634,-34.095749
1784102112892,199.060000,-49.152042,-5.913132,-0.731116,-23.144471
1784102112912,199.080000,-57.376860,-4.914192,-0.872065,-11.463374
1784102112932,199.100000,-22.932564,-2.474742,-0.975442,-2.283456
1784102112952,199.120000,-39.788050,1.342061,-0.998567,3.517576
1784102112972,199.140000,-12.348349,6.380707,-0.987743,6.185636
1784102112992,199.160000,-31.808523,12.268623,-0.928410,5.275398
1784102113012,199.180000,-11.012632,18.366896,-0.821759,0.486599
1784102113032,199.200000,-33.515920,23.850660,-0.672713,-5.270384
1784102113052,199.220000,-18.205667,27.881617,-0.521480,-5.552903
1784102113072,199.240000,-23.818720,29.799963,-0.400109,4.432921
1784102113092,199.260000,23.285720,29.309645,-0.265792,22.418211
1784102113112,199.280000,20.139479,26.641348,-0.099413,40.413194
1784102113132,199.300000,50.910183,22.587137,0.072299,50.970655
1784102113152,199.320000,29.116997,18.267868,0.167738,51.161010
1784102113172,199.340000,60.608315,14.670880,0.291498,42.857714
1784102113192,199.360000,11.394671,12.217918,0.364406,31.930892
1784102113212,199.380000,36.203293,10.607598,0.393437,25.145691
1784102113232,199.400000,12.971288,8.989351,0.423060,24.619690
1784102113252,199.420000,44.671410,6.382547,0.460239,26.026696
1784102113272,199.440000,16.977331,2.157108,0.516817,23.617802
1784102113292,199.460000,27.576132,-3.683105,0.586097,15.599664
1784102113312,199.480000,0.506410,-10.587831,0.609805,3.863813
1784102113332,199.500000,11.435850,-17.808586,0.664105,-9.164213
1784102113352,199.520000,-27.966230,-24.723557,0.615081,-21.713182
1784102113372,199.540000,-11.280335,-30.971106,0.563931,-32.320023
1784102113392,199.560000,-44.058983,-36.408314,0.531912,-40.042571
1784102113412,199.580000,-24.871502,-40.982580,0.496811,-44.814233
1784102113432,199.600000,-49.752710,-44.595226,0.462875,-47.007227
1784102113452,199.620000,-26.412745,-47.023304,0.409134,-46.629418
1784102113472,199.640000,-49.152122,-47.938354,0.337650,-43.219578
1784102113492,199.660000,-16.879467,-46.999313,0.198591,-36.663000
1784102113512,199.680000,-33.304523,-43.958363,0.050025,-27.702761
1784102113532,199.700000,1.782776,-38.731250,0.006768,-17.366077
1784102113552,199.720000,-18.135006,-31.425903,-0.000395,-6.425954
1784102113572,199.740000,24.379017,-22.349283,-0.083388,4.285307
1784102113592,199.760000,1.358818,-11.994972,-0.098596,13.695053
1784102113612,199.780000,34.464954,-1.003508,-0.051512,20.966957
1784102113632,199.800000,14.877643,9.896213,-0.121158,25.875676
1784102113652,199.820000,37.842533,19.951760,-0.252857,28.789173
1784102113672,199.840000,16.443178,28.456228,-0.372753,30.474621
1784102113692,199.860000,39.369457,34.825764,-0.539242,31.817427
1784102113712,199.880000,17.318651,38.677320,-0.746555,33.553799
1784102113732,199.900000,36.864685,39.885754,-0.895526,35.923264
1784102113752,199.920000,23.648819,38.603270,-0.957484,38.505142
1784102113772,199.940000,41.961334,35.235400,-0.998739,40.671295
1784102113792,199.960000,14.456342,30.368872,-0.967741,41.690616
1784102113812,199.980000,46.482353,24.653868,-0.866344,40.035245
1784102113832,200.000000,8.851289,18.677110,-0.729239,33.665874
1784102113852,200.020000,14.018596,12.860096,-0.544200,21.392078
1784102113872,200.040000,-16.815962,7.387399,-0.340537,3.752386
1784102113892,200.060000,-14.045599,2.186312,-0.130542,-15.915491
1784102113912,200.080000,-62.519222,-3.004352,0.098760,-31.246115
1784102113932,200.100000,-41.995470,-8.480340,0.301907,-37.052100
1784102113952,200.120000,-56.240273,-14.376610,0.437877,-34.704293
1784102113972,200.140000,-28.378070,-20.470955,0.478512,-30.658088
1784102113992,200.160000,-58.078278,-26.078125,0.631216,-29.520604
1784102114012,200.180000,-28.356365,-30.184484,0.604822,-31.059448
1784102114032,200.200000,-58.643570,-31.829496,0.558379,-33.629407
1784102114052,200.220000,-31.036186,-30.503405,0.519524,-37.439366
1784102114072,200.240000,-59.561040,-26.317924,0.477900,-43.040728
1784102114092,200.260000,-41.443638,-19.917898,0.445860,-48.157100
1784102114112,200.280000,-65.196430,-12.259419,0.398033,-48.505245
1784102114132,200.300000,-30.762045,-4.357356,0.340697,-42.468058
1784102114152,200.320000,-42.222290,2.962322,0.299325,-33.277666
1784102114172,200.340000,-2.675275,9.264232,0.249873,-25.170140
1784102114192,200.360000,-30.020582,14.564586,0.161626,-18.555319
1784102114212,200.380000,12.579716,19.180182,0.070693,-10.839545
1784102114232,200.400000,-2.890649,23.452692,-0.048319,-1.046309
1784102114252,200.420000,42.766647,27.547926,-0.056619,8.998944
1784102114272,200.440000,16.992872,31.431128,-0.066105,17.817481
1784102114292,200.460000,57.604103,34.935535,-0.189839,25.874873
1784102114312,200.480000,44.545258,37.813560,-0.294160,33.474665
1784102114332,200.500000,69.517230,39.770740,-0.388593,38.933553
1784102114352,200.520000,55.801070,40.517155,-0.601571,39.863702
1784102114372,200.540000,73.557910,39.818035,-0.808713,36.031105
1784102114392,200.560000,40.732285,37.503750,-0.912003,30.354741
1784102114412,200.580000,65.448510,33.449207,-0.968870,26.389331
1784102114432,200.600000,36.439080,27.584564,-0.999339,25.354248
1784102114452,200.620000,75.221690,19.980022,-0.955382,26.802755
1784102114472,200.640000,32.345110,10.966113,-0.873746,30.824242
1784102114492,200.660000,74.295720,1.170346,-0.718576,36.596821
1784102114512,200.680000,49.680626,-8.590138,-0.487257,39.439175
1784102114532,200.700000,69.157980,-17.488596,-0.329559,33.237624
1784102114552,200.720000,15.427303,-24.876572,-0.141515,17.080479
1784102114572,200.740000,35.051040,-30.471827,0.101693,-2.130571
1784102114592,200.760000,-28.105984,-34.485470,0.316634,-14.645364
1784102114612,200.780000,9.636291,-37.551567,0.762253,-15.880515
1784102114632,200.800000,-14.575851,-40.392147,0.722674,-9.724108
1784102114652,200.820000,5.722967,-43.369690,0.697177,-4.139555
1784102114672,200.840000,-24.230007,-46.231533,0.664649,-4.558972
1784102114692,200.860000,2.210952,-48.235790,0.606608,-10.741003
1784102114712,200.880000,-47.031240,-48.565180,0.537943,-17.436284
1784102114732,200.900000,-26.360390,-46.749134,0.477139,-18.670535
1784102114752,200.920000,-46.022064,-42.853670,0.459962,-13.526721
1784102114772,200.940000,-13.904787,-37.365260,0.411730,-6.823865
1784102114792,200.960000,-53.460545,-30.878717,0.326757,-3.276901
1784102114812,200.980000,-17.842884,-23.834213,0.196291,-2.690672
1784102114832,201.000000,-56.116505,-16.481870,0.088083,-1.436478
1784102114852,201.020000,-26.362770,-9.012135,-0.045285,2.374338
1784102114872,201.040000,-56.639717,-1.664535,-0.135938,5.450692
1784102114892,201.060000,-30.296722,5.271027,-0.173174,2.074862
1784102114912,201.080000,-61.817898,11.513336,-0.226885,-7.876740
1784102114932,201.100000,-70.131830,16.823736,-0.342914,-15.497321
1784102114952,201.120000,-82.625430,20.969660,-0.513194,-11.763153
1784102114972,201.140000,-38.996560,23.716690,-0.700576,1.027656
1784102114992,201.160000,-52.157833,24.994959,-0.829006,11.532697
1784102115012,201.180000,-44.898010,25.132448,-0.919902,12.084985
1784102115032,201.200000,-66.916840,24.828293,-0.972254,4.441071
1784102115052,201.220000,-51.483960,24.769762,-0.999262,-5.501249
1784102115072,201.240000,-85.079796,25.218164,-0.963835,-13.381447
1784102115092,201.260000,-61.198837,25.914167,-0.857225,-17.077720
1784102115112,201.280000,-89.799970,26.307783,-0.710618,-16.283333
1784102115132,201.300000,-52.688270,25.893286,-0.522356,-13.289686
1784102115152,201.320000,-78.358280,24.469934,-0.368936,-12.661295
1784102115172,201.340000,-57.285010,22.228668,-0.228952,-18.490283
1784102115192,201.360000,-90.715510,19.620218,-0.080699,-31.186570
1784102115212,201.380000,-73.104820,17.080061,0.118959,-46.068620
1784102115232,201.400000,-113.316574,14.786736,0.310496,-55.280540
1784102115252,201.420000,-78.178444,12.607305,0.375264,-53.224694
1784102115272,201.440000,-86.271500,10.270831,0.411373,-41.179893
1784102115292,201.460000,-37.785980,7.679280,0.472897,-25.330643
1784102115312,201.480000,-49.460150,5.157690,0.561829,-10.100980
1784102115332,201.500000,-5.016245,3.437463,0.651175,4.658890
1784102115352,201.520000,-15.223800,3.340488,0.993827,19.601183
1784102115372,201.540000,37.694878,5.376722,0.946536,31.970394
1784102115392,201.560000,16.476763,9.515473,0.915200,38.257372
1784102115412,201.580000,43.235077,15.188441,0.897088,39.158585
1784102115432,201.600000,21.292854,21.409605,0.861591,38.753367
1784102115452,201.620000,51.524660,26.942528,0.814881,39.102384
1784102115472,201.640000,32.671333,30.547415,0.675544,38.596344
1784102115492,201.660000,55.789640,31.292963,0.489634,36.128934
1784102115512,201.680000,22.405464,28.785013,0.302275,34.063057
1784102115532,201.700000,61.039722,23.185862,0.125631,35.323122
1784102115552,201.720000,37.009712,15.083908,-0.029119,39.302678
1784102115572,201.740000,68.896460,5.350231,-0.184877,42.276557
1784102115592,201.760000,36.094880,-4.991076,-0.334261,40.753250
1784102115612,201.780000,66.065210,-14.938358,-0.463305,33.659567
1784102115632,201.800000,17.521788,-23.729277,-0.568494,22.424083
1784102115652,201.820000,37.513023,-31.005217,-0.655608,9.532662
1784102115672,201.840000,-6.931745,-36.840267,-0.723282,-3.270054
1784102115692,201.860000,16.582579,-41.615322,-0.791675,-15.028843
1784102115712,201.880000,-33.358110,-45.784760,-0.890857,-24.301760
1784102115732,201.900000,-7.900961,-49.647305,-0.911915,-29.614344
1784102115752,201.920000,-31.873533,-53.217010,-0.898881,-31.358762
1784102115772,201.940000,-17.733307,-56.203674,-0.963269,-31.895337
1784102115792,201.960000,-45.115505,-58.088654,-0.976287,-33.742392
1784102115812,201.980000,-15.177879,-58.289677,-0.914894,-37.572510
1784102115832,202.000000,-60.707047,-56.365734,-0.810315,-40.795418
1784102115852,202.020000,-29.084100,-52.177320,-0.670284,-38.596780
1784102115872,202.040000,-40.017223,-45.921787,-0.541630,-27.669875
1784102115892,202.060000,-8.546991,-38.013676,-0.379282,-9.137447
1784102115912,202.080000,-12.132904,-28.872260,-0.128402,11.365694
1784102115932,202.100000,31.865885,-18.756294,0.116070,26.366469
1784102115952,202.120000,4.942477,-7.771328,0.322121,31.572555
1784102115972,202.140000,27.196278,3.943426,0.473592,29.045940
1784102115992,202.160000,-15.735551,15.958524,0.588890,23.742369
1784102116012,202.180000,18.426264,27.399475,0.677185,17.381737
1784102116032,202.200000,-22.019295,37.060360,0.776003,8.325451
1784102116052,202.220000,-16.420105,43.765240,0.918315,-3.552601
1784102116072,202.240000,-60.714860,46.723804,0.843807,-16.067157
1784102116092,202.260000,-29.900135,45.684338,0.822012,-28.168778
1784102116112,202.280000,-77.529140,40.932087,0.813049,-39.414225
1784102116132,202.300000,-65.392150,33.234950,0.830500,-46.422825
1784102116152,202.320000,-86.292850,23.718900,0.808582,-44.618907
1784102116172,202.340000,-43.702270,13.676148,0.689130,-33.683504
1784102116192,202.360000,-62.496230,4.416536,0.578559,-18.243508
1784102116212,202.380000,-16.782518,-2.806001,0.401868,-3.589706
1784102116232,202.400000,-37.754433,-6.914694,0.198346,7.264205
1784102116252,202.420000,-3.657892,-7.247784,0.031444,13.221707
1784102116272,202.440000,-23.271957,-3.793173,-0.136451,14.583034
1784102116292,202.460000,-1.957601,2.743635,-0.325177,13.745470
1784102116312,202.480000,-34.373535,11.076836,-0.459604,14.206519
1784102116332,202.500000,5.599417,19.625715,-0.563970,17.018666
1784102116352,202.520000,-21.988176,26.880293,-0.650403,19.730190
1784102116372,202.540000,8.984061,31.754196,-0.722039,20.267442
1784102116392,202.560000,-26.907494,33.784824,-0.815790,19.939219
1784102116412,202.580000,7.364892,33.085880,-0.889495,20.791365
1784102116432,202.600000,-21.043520,30.129148,-0.909195,21.927211
1784102116452,202.620000,21.552126,25.542990,-0.931101,21.282704
1784102116472,202.640000,-35.945103,20.002214,-0.993151,19.765216
1784102116492,202.660000,14.411056,14.131230,-0.986093,20.005290
1784102116512,202.680000,-18.259068,8.398446,-0.917465,21.565999
1784102116532,202.700000,10.848206,3.087877,-0.768279,20.978173
1784102116552,202.720000,-18.825813,-1.634289,-0.513772,16.625199
1784102116572,202.740000,-1.184040,-5.663213,-0.416986,10.893703
1784102116592,202.760000,-33.052208,-8.986341,-0.298637,6.520299
1784102116612,202.780000,-4.188330,-11.726960,-0.108473,2.459260
1784102116632,202.800000,-33.227406,-14.092210,0.128893,-4.255975
1784102116652,202.820000,-20.913925,-16.252134,0.854993,-12.925136
1784102116672,202.840000,-58.981354,-18.271990,0.773379,-18.911912
1784102116692,202.860000,-20.271954,-20.147917,0.745055,-19.875133
1784102116712,202.880000,-46.270020,-21.841860,0.726610,-18.691880
1784102116732,202.900000,-17.706589,-23.223800,0.658513,-18.702767
1784102116752,202.920000,-57.440190,-24.018341,0.553168,-19.710557
1784102116772,202.940000,-12.439268,-23.895231,0.491021,-20.735576
1784102116792,202.960000,-51.900870,-22.646173,0.353785,-23.402606
1784102116812,202.980000,-19.391079,-20.282084,0.180209,-29.789104
1784102116832,203.000000,-66.472404,-17.018919,0.035373,-38.596281
1784102116852,203.020000,-34.119736,-13.237243,-0.034997,-45.698006
1784102116872,203.040000,-69.865600,-9.432025,-0.125189,-48.064868
1784102116892,203.060000,-33.384747,-6.092641,-0.217155,-45.715454
1784102116912,203.080000,-49.435550,-3.518723,-0.294960,-39.338307
1784102116932,203.100000,-14.109751,-1.671640,-0.390752,-27.150861
1784102116952,203.120000,-22.540800,-0.163024,-0.492248,-6.453246
1784102116972,203.140000,42.994920,1.619104,-0.603746,21.032000
1784102116992,203.160000,40.124240,4.343722,-0.755195,47.623160
1784102117012,203.180000,87.189610,8.588891,-0.868952,64.966287
1784102117032,203.200000,64.792920,14.666973,-0.955975,69.889138
1784102117052,203.220000,87.679490,22.388067,-0.987184,64.596420
1784102117072,203.240000,45.221160,30.870552,-0.998898,52.704267
1784102117092,203.260000,75.401825,38.591110,-0.951391,37.175376
1784102117112,203.280000,14.948908,43.743282,-0.835776,21.858634
1784102117132,203.300000,37.547240,44.753600,-0.670998,11.181888
1784102117152,203.320000,3.462876,40.727604,-0.440959,5.780343
1784102117172,203.340000,39.452938,31.703836,-0.283310,1.315294
1784102117192,203.360000,-6.740611,18.690062,-0.081916,-5.723568
1784102117212,203.380000,9.234102,3.439766,0.133704,-13.611940
1784102117232,203.400000,-15.771189,-12.025546,0.323556,-18.684427
1784102117252,203.420000,12.958622,-25.934374,0.465325,-19.763942
1784102117272,203.440000,-18.120730,-37.047985,0.546689,-17.228041
1784102117292,203.460000,12.817596,-44.670410,0.641426,-11.118325
1784102117312,203.480000,-6.161719,-48.552630,0.748502,-2.872688
1784102117332,203.500000,37.244648,-48.796590,0.852720,3.613440
1784102117352,203.520000,-4.992759,-45.756927,0.899116,5.234044
1784102117372,203.540000,29.352732,-39.977833,0.854993,2.576214
1784102117392,203.560000,-11.722997,-32.206825,0.751985,-1.872565
1784102117412,203.580000,15.553318,-23.411951,0.710376,-7.048607
1784102117432,203.600000,-22.974154,-14.687491,0.677281,-13.316392
1784102117452,203.620000,2.785835,-7.045520,0.629447,-19.499539
1784102117472,203.640000,-38.720860,-1.207680,0.563885,-21.644842
1784102117492,203.660000,-0.758066,2.509895,0.475963,-16.467794
1784102117512,203.680000,-22.128311,4.221757,0.418565,-5.792141
1784102117532,203.700000,21.768646,4.448529,0.342393,4.199530
1784102117552,203.720000,-13.287855,4.027646,0.187014,8.520634
1784102117572,203.740000,16.806730,3.892959,0.043240,7.164521
1784102117592,203.760000,-15.058063,4.744475,0.000960,3.789130
1784102117612,203.780000,7.415898,6.781130,-0.013191,2.255838
1784102117632,203.800000,-16.478788,9.668968,-0.034431,4.410059
1784102117652,203.820000,15.796501,12.757080,-0.095308,9.629345
1784102117672,203.840000,-12.760966,15.397785,-0.195000,15.370115
1784102117692,203.860000,26.589668,17.195770,-0.342676,18.375894
1784102117712,203.880000,-10.144406,18.086813,-0.529629,16.744570
1784102117732,203.900000,16.811638,18.242140,-0.698254,11.709617
1784102117752,203.920000,-21.839687,17.877596,-0.797172,6.812081
1784102117772,203.940000,12.656428,17.093060,-0.871061,4.641655
1784102117792,203.960000,-27.003471,15.841693,-0.959780,4.275164
1784102117812,203.980000,10.926439,14.031369,-0.988103,2.088681
1784102117832,204.000000,-24.967588,11.661168,-0.908929,-4.132082
1784102117852,204.020000,-8.284548,8.878068,-0.798195,-11.786389
1784102117872,204.040000,-39.199340,5.912004,-0.657188,-15.679904
1784102117892,204.060000,-3.673615,2.964925,-0.474538,-14.039006
1784102117912,204.080000,-29.674591,0.179528,-0.292201,-10.356849
1784102117932,204.100000,13.220422,-2.277304,-0.100994,-8.353821
1784102117952,204.120000,-30.933088,-4.133645,0.092306,-7.330710
1784102117972,204.140000,9.787856,-5.076746,0.274265,-4.832504
1784102117992,204.160000,-5.000535,-4.919321,0.855422,-1.985857
1784102118012,204.180000,22.968176,-3.687439,0.815140,-2.583350
1784102118032,204.200000,-23.515844,-1.583325,0.729494,-8.308307
1784102118052,204.220000,13.802858,1.053689,0.614563,-18.181906
1784102118072,204.240000,-25.469383,3.736504,0.492241,-30.341402
1784102118092,204.260000,-8.123891,5.871067,0.443716,-40.948745
1784102118112,204.280000,-41.938286,6.901513,0.412937,-43.954276
1784102118132,204.300000,8.247602,6.484824,0.269938,-35.363806
1784102118152,204.320000,-3.102038,4.646522,0.093646,-16.818218
1784102118172,204.340000,51.837310,1.905810,-0.045728,5.872369
1784102118192,204.360000,42.561020,-0.736156,-0.095222,26.155200
1784102118212,204.380000,94.823395,-2.059526,-0.109049,38.895295
1784102118232,204.400000,65.473010,-1.072441,-0.144298,41.852280
1784102118252,204.420000,93.996895,2.565348,-0.209191,36.430301
1784102118272,204.440000,54.168793,8.320102,-0.314247,26.593279
1784102118292,204.460000,87.756730,14.861840,-0.479724,17.106970
1784102118312,204.480000,40.386790,20.446512,-0.702564,12.286751
1784102118332,204.500000,83.256810,23.465006,-0.802154,13.961533
1784102118352,204.520000,56.854430,22.939325,-0.847489,19.381597
1784102118372,204.540000,98.427765,18.796082,-0.924388,22.803150
1784102118392,204.560000,60.788124,11.839616,-0.996816,20.261900
1784102118412,204.580000,81.316850,3.421364,-0.961578,11.973042
1784102118432,204.600000,48.088646,-5.078323,-0.851044,0.684391
1784102118452,204.620000,71.551500,-12.696088,-0.696751,-9.873722
1784102118472,204.640000,21.243980,-19.043020,-0.495967,-15.455952
1784102118492,204.660000,65.681984,-24.179016,-0.313528,-13.847449
1784102118512,204.680000,40.586826,-28.337790,-0.107192,-7.655574
1784102118532,204.700000,72.693270,-31.638632,0.111166,-2.449343
1784102118552,204.720000,43.713943,-33.924664,0.321762,-1.888185
1784102118572,204.740000,72.510150,-34.833980,0.451564,-5.230906
1784102118592,204.760000,33.544716,-34.058640,0.522424,-8.769061
1784102118612,204.780000,64.437270,-31.591516,0.604302,-9.298091
1784102118632,204.800000,38.209170,-27.785675,0.693955,-6.717967
1784102118652,204.820000,66.781620,-23.210790,0.800225,-3.579618
1784102118672,204.840000,38.442726,-18.424448,0.859631,-2.458181
1784102118692,204.860000,66.876680,-13.809310,0.855422,-3.928112
1784102118712,204.880000,26.560242,-9.556405,0.815140,-6.636954
1784102118732,204.900000,63.285027,-5.752729,0.729494,-8.957921
1784102118752,204.920000,15.323449,-2.469514,0.614563,-10.585691
1784102118772,204.940000,56.882526,0.209991,0.492241,-12.430455
1784102118792,204.960000,14.479364,2.223817,0.443716,-14.428774
1784102118812,204.980000,47.386154,3.584631,0.855422,-13.614592
1784102118832,205.000000,16.346405,4.404362,0.815140,-5.951574
1784102118852,205.020000,69.051216,4.892227,0.729494,8.923272
1784102118872,205.040000,44.418700,5.361207,0.614563,25.623563
1784102118892,205.060000,96.127960,6.235021,0.492241,36.669467
1784102118912,205.080000,54.014390,7.978057,0.443716,38.410748
1784102118932,205.100000,87.403160,10.892265,0.412937,33.122994
1784102118952,205.120000,33.058346,14.863380,0.269938,25.184068
1784102118972,205.140000,69.053970,19.240406,0.093646,16.342089
1784102118992,205.160000,26.441326,22.983953,-0.045728,6.579899
1784102119012,205.180000,40.364570,25.034490,-0.095222,-1.619645
1784102119032,205.200000,1.864515,24.677689,-0.109049,-4.478904
1784102119052,205.220000,41.914860,21.730380,-0.144298,-3.409341
1784102119072,205.240000,10.986788,16.562326,-0.209191,-5.371183
1784102119092,205.260000,33.635100,10.023193,-0.314247,-14.021804
1784102119112,205.280000,-28.653845,3.229810,-0.479724,-24.431701
1784102119132,205.300000,19.292976,-2.809430,-0.702564,-29.608274
1784102119152,205.320000,-17.419079,-7.512241,-0.802154,-28.680170
1784102119172,205.340000,20.262733,-10.725362,-0.847489,-25.627700
1784102119192,205.360000,-22.685070,-12.483058,-0.924388,-23.431029
1784102119212,205.380000,28.464280,-12.817319,-0.996816,-22.417707
1784102119232,205.400000,-12.167616,-11.752533,-0.961578,-21.599432
1784102119252,205.420000,24.060764,-9.379239,-0.851044,-19.476790
1784102119272,205.440000,-5.627750,-5.902716,-0.696751,-15.487628
1784102119292,205.460000,35.779170,-1.649297,-0.495967,-11.669908
1784102119312,205.480000,0.987519,2.976160,-0.313528,-11.088828
1784102119332,205.500000,38.620502,7.568766,-0.107192,-13.685909
1784102119352,205.520000,-7.600035,11.772893,0.111166,-15.176734
1784102119372,205.540000,34.107590,15.266734,0.321762,-11.533719
1784102119392,205.560000,18.894943,17.760560,0.451564,-3.326506
1784102119412,205.580000,54.719254,19.094519,0.522424,6.190075
1784102119432,205.600000,26.573313,19.365393,0.604302,15.395327
1784102119452,205.620000,74.612175,18.924536,0.693955,23.998743
1784102119472,205.640000,45.743248,18.216005,0.800225,30.257107
1784102119492,205.660000,83.354950,17.584631,0.859631,31.891195
1784102119512,205.680000,44.375847,17.164360,0.855422,29.657338
1784102119532,205.700000,73.939540,16.837790,0.815140,27.772021
1784102119552,205.720000,44.031290,16.253977,0.729494,29.881996
1784102119572,205.740000,82.532820,14.951291,0.614563,35.279705
1784102119592,205.760000,52.041730,12.575714,0.492241,39.474053
1784102119612,205.780000,80.237670,9.067360,0.443716,37.943555
1784102119632,205.800000,41.005833,4.675597,0.412937,29.380767
1784102119652,205.820000,55.433853,-0.211213,0.269938,16.472938
1784102119672,205.840000,13.254810,-5.292812,0.093646,4.123928
1784102119692,205.860000,28.046646,-10.482427,0.855422,-4.057747
1784102119712,205.880000,-5.666435,-15.858261,0.815140,-8.390453
1784102119732,205.900000,27.377693,-21.477442,0.729494,-11.451503
1784102119752,205.920000,-17.295360,-27.171831,0.614563,-13.265417
1784102119772,205.940000,16.873880,-32.474730,0.492241,-10.277029
1784102119792,205.960000,-11.003997,-36.731915,0.443716,-1.005454
1784102119812,205.980000,37.370270,-39.292408,0.412937,9.196850
1784102119832,206.000000,3.837135,-39.640720,0.269938,11.989694
1784102119852,206.020000,22.448520,-37.475513,0.093646,4.308832
1784102119872,206.040000,-27.421713,-32.843395,-0.045728,-9.364485
1784102119892,206.060000,-5.742426,-26.303926,-0.095222,-22.684127
1784102119912,206.080000,-52.439358,-18.931591,-0.109049,-33.064623
1784102119932,206.100000,-28.824074,-12.036305,-0.144298,-41.242940
1784102119952,206.120000,-69.023750,-6.727547,-0.209191,-47.252260
1784102119972,206.140000,-41.694046,-3.569688,-0.314247,-48.693044
1784102119992,206.160000,-74.189160,-2.475444,-0.479724,-43.504845
1784102120012,206.180000,-24.575950,-2.809005,-0.702564,-33.467371
1784102120032,206.200000,-53.500984,-3.589266,-0.802154,-23.307159
1784102120052,206.220000,-13.397064,-3.728579,-0.847489,-16.297376
1784102120072,206.240000,-50.232124,-2.306185,-0.924388,-12.126456
1784102120092,206.260000,-2.970821,1.159849,-0.996816,-8.967433
1784102120112,206.280000,-49.205900,6.560698,-0.961578,-6.157732
1784102120132,206.300000,-4.101051,13.252292,-0.851044,-4.556831
1784102120152,206.320000,-42.949690,20.278840,-0.696751,-4.720667
1784102120172,206.340000,-10.901834,26.646194,-0.495967,-5.034323
1784102120192,206.360000,-50.043358,31.538614,-0.313528,-2.664890
1784102120212,206.380000,-1.107903,34.441740,-0.107192,3.358214
1784102120232,206.400000,-32.938120,35.201020,0.111166,11.470482
1784102120252,206.420000,5.983036,34.038530,0.321762,20.021844
1784102120272,206.440000,-20.731985,31.490240,0.451564,28.461751
1784102120292,206.460000,19.964853,28.236547,0.522424,35.996060
1784102120312,206.480000,-8.874596,24.896332,0.604302,41.173904
1784102120332,206.500000,23.031218,21.883490,0.693955,43.597330
1784102120352,206.520000,-12.824447,19.345810,0.800225,44.830288
1784102120372,206.540000,24.753710,17.165821,0.859631,46.823832
1784102120392,206.560000,-12.196610,15.034439,0.855422,49.823763
1784102120412,206.580000,24.980978,12.594989,0.815140,51.989097
1784102120432,206.600000,-14.016271,9.594197,0.729494,50.747022
1784102120452,206.620000,12.912552,5.956724,0.614563,44.582475
1784102120472,206.640000,-37.424828,1.748909,0.929143,34.000082
1784102120492,206.660000,-8.925779,-2.923539,0.956110,21.361789
1784102120512,206.680000,-66.909935,-7.998009,0.931333,9.764692
1784102120532,206.700000,-38.653770,-13.460378,0.881423,0.862547
1784102120552,206.720000,-80.871994,-19.273062,0.745890,-6.732749
1784102120572,206.740000,-53.811270,-25.268478,0.562109,-15.643345
1784102120592,206.760000,-104.691574,-31.082480,0.462966,-26.045449
1784102120612,206.780000,-80.782320,-36.201290,0.323130,-35.329272
1784102120632,206.800000,-115.694890,-40.112150,0.142137,-41.550879
1784102120652,206.820000,-87.841805,-42.438488,-0.007209,-45.536529
1784102120672,206.840000,-127.387344,-42.968000,-0.068929,-49.318277
1784102120692,206.860000,-90.662360,-41.615467,-0.122134,-53.763854
1784102120712,206.880000,-135.136470,-38.405895,-0.160673,-58.073482
1784102120732,206.900000,-98.892395,-33.495415,-0.239260,-60.935366
1784102120752,206.920000,-125.912094,-27.179466,-0.397865,-61.356314
1784102120772,206.940000,-93.446884,-19.845509,-0.632118,-58.101476
1784102120792,206.960000,-113.709620,-11.886905,-0.840140,-49.587713
1784102120812,206.980000,-58.786580,-3.618825,-0.908270,-35.565778
1784102120832,207.000000,-78.665955,4.776793,-0.919956,-18.406437
1784102120852,207.020000,-14.410347,13.263272,-0.909642,-1.967942
1784102120872,207.040000,-40.606117,21.899118,-0.988231,10.728446
1784102120892,207.060000,8.565422,30.704819,-0.949550,18.606877
1784102120912,207.080000,-12.569215,39.491882,-0.854093,22.041823
1784102120932,207.100000,19.426252,47.761520,-0.707888,22.219134
1784102120952,207.120000,-9.255127,54.737164,-0.528926,20.873410
1784102120972,207.140000,37.561770,59.526302,-0.365642,20.115589
1784102120992,207.160000,-4.696987,61.357770,-0.225863,22.132455
1784102121012,207.180000,52.865463,59.807194,-0.035495,27.806399
1784102121032,207.200000,21.935120,54.936443,0.201895,34.894553
1784102121052,207.220000,70.250305,47.302113,0.373628,38.818426
1784102121072,207.240000,39.626110,37.826813,0.439718,36.554085
1784102121092,207.260000,64.086426,27.557238,0.532126,29.436806
1784102121112,207.280000,26.742630,17.364353,0.677886,21.143821
1784102121132,207.300000,63.288140,7.719631,0.814453,13.286583
1784102121152,207.320000,15.889770,-1.319346,0.881854,4.384678
1784102121172,207.340000,46.978410,-9.930406,0.929143,-6.923235
1784102121192,207.360000,0.217461,-18.303642,0.956110,-18.724442
1784102121212,207.380000,32.891853,-26.503984,0.931333,-25.982893
1784102121232,207.400000,-6.300283,-34.425972,0.886559,-24.006607
1784102121252,207.420000,51.755543,-41.773052,0.943354,-12.377820
1784102121272,207.440000,31.054703,-48.025555,0.955125,4.625201
1784102121292,207.460000,81.134820,-52.440600,0.920943,21.202520
1784102121312,207.480000,57.358290,-54.178577,0.866760,32.692087
1784102121332,207.500000,99.880130,-52.585850,0.734417,36.177781
1784102121352,207.520000,56.925690,-47.520170,0.561200,31.324793
1784102121372,207.540000,81.203480,-39.546772,0.463860,21.631282
1784102121392,207.560000,38.663223,-29.905039,0.342316,13.556932
1784102121412,207.580000,71.995090,-20.235998,0.171775,12.764986
1784102121432,207.600000,34.676388,-12.133979,0.016812,19.596219
1784102121452,207.620000,87.501540,-6.672821,-0.052625,27.593240
1784102121472,207.640000,48.986000,-4.102659,-0.098831,28.002742
1784102121492,207.660000,62.995476,-3.874264,-0.145944,17.119485
1784102121512,207.680000,16.850810,-5.013100,-0.198321,-0.850049
1784102121532,207.700000,30.811169,-6.648798,-0.306351,-17.319589
1784102121552,207.720000,-14.519563,-8.374558,-0.496964,-25.020236
1784102121572,207.740000,20.649597,-10.225799,-0.721623,-22.428426
1784102121592,207.760000,-5.634182,-12.349154,-0.848856,-14.943293
1784102121612,207.780000,31.356916,-14.630445,-0.894862,-11.247362
1784102121632,207.800000,-12.538860,-16.542704,-0.901769,-16.875070
1784102121652,207.820000,12.466166,-17.327665,-0.909717,-30.331464
1784102121672,207.840000,-47.578934,-16.403852,-0.991801,-45.082702
1784102121692,207.860000,-13.136696,-13.721675,-0.944879,-55.285487
1784102121712,207.880000,-60.812298,-9.812538,-0.854622,-59.507614
1784102121732,207.900000,-13.644589,-5.498589,-0.717039,-59.051250
1784102121752,207.920000,-57.334610,-1.462871,-0.550459,-54.158900
1784102121772,207.940000,-5.606377,2.049521,-0.369022,-43.854529
1784102121792,207.960000,-26.352509,5.265960,-0.249487,-29.187227
1784102121812,207.980000,27.841614,8.725986,-0.092766,-13.926498
1784102121832,208.000000,6.521326,13.056229,0.117599,-0.651432
1784102121852,208.020000,51.510887,18.741090,0.319726,12.220068
1784102121872,208.040000,33.610893,25.914667,0.412092,27.603555
1784102121892,208.060000,90.339100,34.253677,0.472851,44.463292
1784102121912,208.080000,69.540540,43.055298,0.589303,57.131644
1784102121932,208.100000,109.297680,51.449017,0.734220,60.116500
1784102121952,208.120000,62.771140,58.572400,0.839113,52.314347
1784102121972,208.140000,88.228840,63.600740,0.886559,36.648093
1784102121992,208.160000,38.538765,65.706690,0.943354,17.988734
1784102122012,208.180000,59.865395,64.114160,0.955125,2.513712
1784102122032,208.200000,13.880454,58.300476,0.920943,-4.115895
1784102122052,208.220000,49.260380,48.248486,0.866760,-1.899887
1784102122072,208.240000,31.659786,34.620697,0.734417,1.663952
1784102122092,208.260000,77.209720,18.788181,0.561200,-0.333874
1784102122112,208.280000,-1.539724,2.635036,0.463860,-5.383823
1784102122132,208.300000,62.870520,-11.921592,0.342316,-6.175840
1784102122152,208.320000,32.474598,-23.488785,0.171775,-2.036002
1784102122172,208.340000,63.968130,-31.452484,0.016812,0.676450
1784102122192,208.360000,32.939560,-35.833790,-0.052625,-1.887602
1784102122212,208.380000,52.274100,-37.032986,-0.098831,-6.867011
1784102122232,208.400000,21.308805,-35.716305,-0.145944,-9.968253
1784102122252,208.420000,59.571840,-32.759350,0.886559,-10.636461
1784102122272,208.440000,24.118444,-29.075186,0.943354,-10.231923
1784102122292,208.460000,50.066475,-25.385149,0.955125,-8.257730
1784102122312,208.480000,26.532978,-22.096014,0.920943,-3.759749
1784102122332,208.500000,69.966200,-19.320356,0.866760,1.342838
1784102122352,208.520000,27.531813,-16.952925,0.734417,3.846830
1784102122372,208.540000,71.644120,-14.755463,0.561200,3.810116
1784102122392,208.560000,25.051014,-12.479709,0.463860,5.122935
1784102122412,208.580000,68.300200,-10.010124,0.342316,10.794157
1784102122432,208.600000,44.013847,-7.417742,0.171775,18.814939
1784102122452,208.620000,82.669480,-4.865204,0.016812,24.077522
1784102122472,208.640000,37.168365,-2.466035,-0.052625,23.618843
1784102122492,208.660000,71.320510,-0.255572,-0.098831,18.216780
1784102122512,208.680000,24.259827,1.700593,-0.145944,9.887642
1784102122532,208.700000,48.512913,3.193268,-0.198321,0.430368
1784102122552,208.720000,5.543478,3.883515,-0.306351,-7.497334
1784102122572,208.740000,32.025120,3.438338,-0.496964,-10.261764
1784102122592,208.760000,-3.755159,1.696125,-0.721623,-6.303212
1784102122612,208.780000,44.221690,-1.203930,-0.848856,0.966932
1784102122632,208.800000,12.384811,-4.761533,-0.894862,5.368056
1784102122652,208.820000,33.440166,-8.182272,-0.901769,3.531724
1784102122672,208.840000,-0.548595,-10.620214,-0.909717,-2.855882
1784102122692,208.860000,24.831032,-11.513099,-0.991801,-9.555748
1784102122712,208.880000,-15.697025,-10.801814,-0.944879,-13.073534
1784102122732,208.900000,11.803692,-8.893558,-0.854622,-12.929867
1784102122752,208.920000,-12.180068,-6.421877,-0.717039,-12.012432
1784102122772,208.940000,21.919632,-3.954939,-0.550459,-13.234290
1784102122792,208.960000,-33.635033,-1.795541,-0.369022,-15.819058
1784102122812,208.980000,16.783504,0.027508,-0.249487,-17.077877
1784102122832,209.000000,-27.177181,1.616801,-0.092766,-16.889160
1784102122852,209.020000,16.101524,3.076743,0.117599,-17.261469
1784102122872,209.040000,-26.047300,4.491262,0.319726,-17.962730
1784102122892,209.060000,8.464664,5.938631,0.412092,-15.773345
1784102122912,209.080000,-12.330229,7.466122,0.472851,-8.850643
1784102122932,209.100000,30.458511,9.080814,0.589303,0.362478
1784102122952,209.120000,6.245314,10.808266,0.734220,7.899604
1784102122972,209.140000,40.772827,12.742654,0.839113,12.626985
1784102122992,209.160000,20.406391,14.995632,0.886559,16.520205
1784102123012,209.180000,46.194134,17.569645,0.943354,20.923923
1784102123032,209.200000,30.160034,20.271704,0.955125,23.712868
1784102123052,209.220000,64.988070,22.746658,0.920943,21.482685
1784102123072,209.240000,9.424220,24.586998,0.866760,14.085022
1784102123092,209.260000,47.639610,25.404450,0.734417,4.752278
1784102123112,209.280000,5.339856,24.838041,0.561200,-3.790514
1784102123132,209.300000,35.831802,22.589823,0.463860,-10.746158
1784102123152,209.320000,-10.446551,18.538460,0.342316,-15.720254
1784102123172,209.340000,32.514244,12.849308,0.171775,-18.400853
1784102123192,209.360000,-5.459649,5.988724,0.016812,-19.077205
1784102123212,209.380000,34.828438,-1.343270,-0.052625,-17.869787
1784102123232,209.400000,-2.245117,-8.325650,-0.098831,-14.411683
1784102123252,209.420000,46.509130,-14.170387,-0.145944,-9.434942
1784102123272,209.440000,11.173054,-18.276556,-0.198321,-5.414447
1784102123292,209.460000,57.333157,-20.320137,-0.306351,-3.978212
1784102123312,209.480000,14.711449,-20.274117,-0.496964,-3.375390
1784102123332,209.500000,49.421432,-18.404232,-0.721623,-0.666573
1784102123352,209.520000,29.694065,-15.239033,-0.848856,3.895689
1784102123372,209.540000,72.603004,-11.447841,-0.894862,7.820878
1784102123392,209.560000,26.823448,-7.637787,-0.901769,11.679209
1784102123412,209.580000,74.750460,-4.211614,-0.909717,18.968959
1784102123432,209.600000,50.234806,-1.371811,-0.991801,29.546054
1784102123452,209.620000,99.439410,0.821156,-0.944879,37.427381
1784102123472,209.640000,57.025880,2.437090,-0.854622,37.203191
1784102123492,209.660000,80.244000,3.635107,0.000000,29.966152
1784102123512,209.680000,42.348114,4.498705,0.000000,21.329844
1784102123532,209.700000,69.179016,4.867285,0.000000,15.537703
1784102123552,209.720000,25.129316,4.359453,0.886559,12.530044
1784102123572,209.740000,61.139236,2.592226,0.943354,9.320428
1784102123592,209.760000,21.721355,-0.572903,0.955125,3.716948
1784102123612,209.780000,38.087994,-4.918595,0.920943,-2.949037
1784102123632,209.800000,2.999132,-9.944322,0.866760,-7.377153
1784102123652,209.820000,41.767810,-15.043205,0.734417,-8.262381
1784102123672,209.840000,-7.827002,-19.646217,0.561200,-7.688921
1784102123692,209.860000,36.426598,-23.275663,0.463860,-9.179952
1784102123712,209.880000,-9.891893,-25.562368,0.342316,-14.582767
1784102123732,209.900000,17.357609,-26.292353,0.171775,-21.700060
1784102123752,209.920000,-26.211823,-25.471283,0.016812,-25.226594
1784102123772,209.940000,18.458073,-23.337708,-0.052625,-21.263150
1784102123792,209.960000,-13.785505,-20.268423,-0.098831,-11.228085
1784102123812,209.980000,31.769981,-16.592445,-0.145944,-1.308221
1784102123832,210.000000,8.550956,-12.432233,-0.198321,2.512678
1784102123852,210.020000,30.241844,-7.707077,-0.306351,-0.160406
1784102123872,210.040000,-9.145739,-2.323336,-0.496964,-4.302089
1784102123892,210.060000,27.515062,3.577756,-0.721623,-5.649663
1784102123912,210.080000,-2.665692,9.521098,-0.848856,-4.919622
1784102123932,210.100000,30.384314,14.851481,-0.894862,-4.946537
1784102123952,210.120000,-11.793970,19.014036,-0.901769,-6.447267
1784102123972,210.140000,25.755730,21.726295,-0.909717,-8.890601
1784102123992,210.160000,-12.252240,22.964151,-0.991801,-13.245305
1784102124012,210.180000,22.417070,22.872702,-0.944879,-20.436658
1784102124032,210.200000,-31.678665,21.691156,-0.854622,-27.842646
1784102124052,210.220000,8.584820,19.678690,-0.717039,-30.778429
1784102124072,210.240000,-25.820282,17.051912,-0.550459,-28.043727
1784102124092,210.260000,22.167212,14.008092,-0.369022,-23.353124
1784102124112,210.280000,-13.292166,10.832753,-0.249487,-20.112217
1784102124132,210.300000,24.818010,7.956743,-0.092766,-16.752110
1784102124152,210.320000,-2.309566,5.855480,0.117599,-9.033445
1784102124172,210.340000,48.793022,4.870150,0.319726,4.068081
1784102124192,210.360000,36.891663,5.125702,0.412092,18.805735
1784102124212,210.380000,69.408070,6.590134,0.472851,30.441871
1784102124232,210.400000,50.642757,9.141857,0.589303,36.473142
1784102124252,210.420000,87.490295,12.536473,0.886559,36.758509
1784102124272,210.440000,41.931587,16.323952,0.943354,33.033538
1784102124292,210.460000,80.426990,19.827486,0.955125,28.420821
1784102124312,210.480000,34.882260,22.235987,0.920943,25.759904
1784102124332,210.500000,76.566124,22.789942,0.866760,25.755636
1784102124352,210.520000,35.967330,21.006233,0.734417,26.816602
1784102124372,210.540000,77.552826,16.852018,0.561200,26.810290
1784102124392,210.560000,31.262660,10.768168,0.463860,25.171972
1784102124412,210.580000,74.582600,3.524894,0.342316,23.277740
1784102124432,210.600000,22.662296,-4.012611,0.171775,22.308378
1784102124452,210.620000,63.997074,-11.102567,0.016812,20.662429
1784102124472,210.640000,26.490269,-17.245499,-0.052625,14.991578
1784102124492,210.660000,43.519230,-22.189314,-0.098831,4.952055
1784102124512,210.680000,-10.823638,-25.896235,-0.145944,-5.156207
1784102124532,210.700000,29.845863,-28.529737,-0.198321,-11.202940
1784102124552,210.720000,-14.590440,-30.401182,-0.306351,-13.415538
1784102124572,210.740000,19.648254,-31.806519,-0.496964,-14.501589
1784102124592,210.760000,-27.680923,-32.840183,-0.721623,-16.386555
1784102124612,210.780000,12.497769,-33.354880,-0.848856,-20.022911
1784102124632,210.800000,-32.634090,-33.084460,-0.894862,-25.518799
1784102124652,210.820000,-5.437988,-31.800919,-0.901769,-30.785027
1784102124672,210.840000,-48.254340,-29.422160,-0.909717,-32.207288
1784102124692,210.860000,-1.916278,-26.050130,-0.991801,-28.274302
1784102124712,210.880000,-36.564960,-21.909006,-0.944879,-21.432806
1784102124732,210.900000,3.242056,-17.203331,-0.854622,-15.641694
1784102124752,210.920000,-26.272550,-12.013409,-0.717039,-12.706525
1784102124772,210.940000,7.168591,-6.326307,-0.550459,-11.135040
1784102124792,210.960000,-31.582129,-0.171607,-0.369022,-8.641579
1784102124812,210.980000,12.356756,6.255817,-0.249487,-5.698054
1784102124832,211.000000,-17.601946,12.585782,0.886559,-4.981173
1784102124852,211.020000,8.090618,18.379442,0.943354,-6.770913
1784102124872,211.040000,-34.100674,23.247766,0.955125,-7.799113
1784102124892,211.060000,14.257335,26.889520,0.920943,-6.035232
1784102124912,211.080000,-18.506653,29.100082,0.866760,-3.481231
1784102124932,211.100000,9.941798,29.833933,0.734417,-2.691214
1784102124952,211.120000,-22.474747,29.257460,0.561200,-3.279051
1784102124972,211.140000,16.796112,27.687952,0.463860,-2.943980
1784102124992,211.160000,-18.648245,25.464876,0.342316,0.099649
1784102125012,211.180000,22.012371,22.876364,0.171775,6.074030
1784102125032,211.200000,0.848523,20.167706,0.016812,13.547252
1784102125052,211.220000,34.632100,17.572090,-0.052625,20.000330
1784102125072,211.240000,6.502720,15.309994,-0.098831,22.986529
1784102125092,211.260000,45.259834,13.540973,-0.145944,21.719251
1784102125112,211.280000,2.543902,12.289516,-0.198321,18.291535
1784102125132,211.300000,28.509010,11.388659,-0.306351,15.986700
1784102125152,211.320000,3.235599,10.486241,-0.496964,15.183119
1784102125172,211.340000,36.770800,9.150159,-0.721623,12.879000
1784102125192,211.360000,-12.177133,7.047096,-0.848856,7.498478
1784102125212,211.380000,22.295017,4.072325,-0.894862,1.775050
1784102125232,211.400000,-19.316574,0.334067,-0.901769,-0.676937
1784102125252,211.420000,17.230873,-3.945299,-0.909717,0.045201
1784102125272,211.440000,-10.414530,-8.476209,-0.991801,0.672775
1784102125292,211.460000,12.304188,-12.883267,-0.944879,-0.675859
1784102125312,211.480000,-22.203010,-16.731567,-0.854622,-2.351352
1784102125332,211.500000,14.425529,-19.641695,-0.717039,-1.952813
1784102125352,211.520000,-20.077800,-21.403028,-0.550459,0.521307
1784102125372,211.540000,16.538685,-21.989511,-0.369022,3.102971
1784102125392,211.560000,-18.610090,-21.491380,-0.249487,4.360206
1784102125412,211.580000,17.135520,-20.052834,-0.092766,4.950943
1784102125432,211.600000,-17.704834,-17.856970,0.117599,7.018872
1784102125452,211.620000,18.146826,-15.125592,0.319726,11.813683
1784102125472,211.640000,-8.500994,-12.098836,0.412092,17.657688
1784102125492,211.660000,31.515776,-8.986157,0.472851,21.015139
1784102125512,211.680000,-11.911985,-5.920448,0.589303,19.912245
1784102125532,211.700000,19.536566,-2.977062,0.734220,15.315480
1784102125552,211.720000,-19.386484,-0.264408,0.839113,8.906336
1784102125572,211.740000,0.559130,1.997766,0.886559,0.602214
1784102125592,211.760000,-43.038536,3.491151,0.943354,-11.141137
1784102125612,211.780000,-18.986986,3.892984,0.955125,-26.441663
1784102125632,211.800000,-79.805145,2.980144,0.835641,-41.615772
1784102125652,211.820000,-51.715270,0.688270,0.825999,-51.081057
1784102125672,211.840000,-81.987440,-2.857903,0.811179,-52.282077
1784102125692,211.860000,-51.605930,-7.293720,0.747658,-47.748372
1784102125712,211.880000,-73.515840,-11.958450,0.680377,-42.149981
1784102125732,211.900000,-36.392190,-15.929715,0.582662,-37.979982
1784102125752,211.920000,-72.904790,-18.222261,0.437158,-34.030015
1784102125772,211.940000,-25.381992,-18.087795,0.366414,-27.633917
1784102125792,211.960000,-50.036575,-15.244018,0.340742,-17.708181
1784102125812,211.980000,-7.778930,-9.910750,0.247566,-5.450572
1784102125832,212.000000,-23.781190,-2.669757,0.131043,6.688353
1784102125852,212.020000,12.656358,5.733282,0.054882,16.084837
1784102125872,212.040000,-7.467032,14.529713,0.015247,21.364337
1784102125892,212.060000,27.374077,22.989622,-0.019694,24.135417
1784102125912,212.080000,-7.858719,30.438360,-0.135753,28.538585
1784102125932,212.100000,38.459766,36.267150,-0.255667,37.256944
1784102125952,212.120000,21.124552,39.993515,-0.380934,48.227127
1784102125972,212.140000,59.305340,41.386820,-0.539105,56.759498
1784102125992,212.160000,28.846254,40.565380,-0.685825,60.108900
1784102126012,212.180000,60.340510,37.936893,-0.783116,58.380454
1784102126032,212.200000,23.058523,33.981457,-0.825800,52.124538
1784102126052,212.220000,48.979065,29.033783,-0.872122,41.495924
1784102126072,212.240000,-2.176971,23.203384,-0.985844,27.848634
1784102126092,212.260000,16.499088,16.425514,-0.962933,14.178677
1784102126112,212.280000,-18.487890,8.579163,-0.883436,3.289973
1784102126132,212.300000,0.408378,-0.354935,-0.761366,-3.678474
1784102126152,212.320000,-32.587610,-10.136430,-0.626278,-7.469766
1784102126172,212.340000,-4.086431,-20.191483,-0.449856,-10.707712
1784102126192,212.360000,-36.102097,-29.680527,-0.280074,-16.672939
1784102126212,212.380000,-15.475021,-37.683414,-0.104421,-26.242378
1784102126232,212.400000,-57.329640,-43.433186,0.792871,-36.401115
1784102126252,212.420000,-33.317974,-46.526005,0.802712,-43.097772
1784102126272,212.440000,-56.187880,-47.007862,0.783392,-44.944825
1784102126292,212.460000,-22.069760,-45.258790,0.693960,-42.901992
1784102126312,212.480000,-58.988354,-41.744840,0.564219,-37.948046
1784102126332,212.500000,-2.766418,-36.823070,0.432757,-31.264711
1784102126352,212.520000,-32.250263,-30.695953,0.343409,-25.073063
1784102126372,212.540000,8.303053,-23.470919,0.296355,-20.852279
1784102126392,212.560000,-21.214779,-15.264150,0.233119,-17.766217
1784102126412,212.580000,21.219326,-6.319000,0.223059,-14.226924
1784102126432,212.600000,-3.185098,2.922276,0.228919,-9.900730
1784102126452,212.620000,36.672860,11.868507,0.145506,-5.267194
1784102126472,212.640000,11.950213,19.923447,0.069202,-0.276165
1784102126492,212.660000,55.482826,26.618029,0.022192,5.266598
1784102126512,212.680000,27.024094,31.672728,-0.065337,9.908731
1784102126532,212.700000,67.281160,34.993980,-0.173516,10.165839
1784102126552,212.720000,35.717260,36.625930,-0.276028,3.561571
1784102126572,212.740000,53.930340,36.670345,-0.414814,-7.303330
1784102126592,212.760000,18.116966,35.190556,-0.633256,-15.215531
1784102126612,212.780000,56.324387,32.160797,-0.778151,-14.222624
1784102126632,212.800000,38.587230,27.549393,-0.821397,-4.541188
1784102126652,212.820000,84.656700,21.534582,-0.859154,8.541157
1784102126672,212.840000,68.508710,14.692402,-0.974469,19.405090
1784102126692,212.860000,104.371720,7.958921,-0.978685,25.212183
1784102126712,212.880000,76.245514,2.333383,-0.894914,25.729745
1784102126732,212.900000,114.059190,-1.505345,-0.766843,22.396895
1784102126752,212.920000,70.170610,-3.445883,-0.619744,18.273719
1784102126772,212.940000,104.126280,-3.950040,-0.400557,16.728800
1784102126792,212.960000,76.569790,-3.846678,-0.237873,18.100460
1784102126812,212.980000,105.723350,-4.011010,0.792871,18.455411
1784102126832,213.000000,75.143490,-5.060127,0.802712,13.449244
1784102126852,213.020000,93.746080,-7.199590,0.783392,3.855678
1784102126872,213.040000,49.071182,-10.289310,0.693960,-3.753599
1784102126892,213.060000,84.703250,-14.042732,0.564219,-2.997026
1784102126912,213.080000,59.437330,-18.164066,0.432757,6.004248
1784102126932,213.100000,107.056820,-22.311030,0.343409,17.271565
1784102126952,213.120000,73.437290,-25.973272,0.296355,24.992324
1784102126972,213.140000,103.503980,-28.478622,0.233119,26.974378
1784102126992,213.160000,69.197660,-29.223083,0.223059,23.087959
1784102127012,213.180000,97.159290,-27.971825,0.228919,14.269379
1784102127032,213.200000,40.160070,-25.008108,0.145506,4.331207
1784102127052,213.220000,67.617490,-21.062979,0.069202,-0.940641
1784102127072,213.240000,35.732130,-17.087389,0.022192,0.954051
1784102127092,213.260000,76.082054,-13.928319,-0.065337,6.743360
1784102127112,213.280000,40.025420,-11.998127,-0.173516,11.367311
1784102127132,213.300000,68.793480,-11.120694,-0.276028,12.489722
1784102127152,213.320000,36.119890,-10.686913,-0.414814,10.463504
1784102127172,213.340000,66.138290,-10.009282,-0.633256,6.468703
1784102127192,213.360000,17.613703,-8.630876,-0.778151,1.885619
1784102127212,213.380000,48.284340,-6.458080,-0.821397,-2.555433
1784102127232,213.400000,15.174739,-3.725974,-0.859154,-7.942859
1784102127252,213.420000,27.591597,-0.850025,-0.974469,-16.287267
1784102127272,213.440000,-10.116476,1.749470,-0.978685,-28.273550
1784102127292,213.460000,6.444402,3.755632,-0.894914,-42.036685
1784102127312,213.480000,-35.277855,4.975001,-0.766843,-53.320666
1784102127332,213.500000,-11.851201,5.334179,-0.619744,-57.416169
1784102127352,213.520000,-32.138380,4.913189,-0.400557,-52.985552
1784102127372,213.540000,-0.338535,4.006311,-0.237873,-44.461232
1784102127392,213.560000,-10.760321,3.155153,-0.074193,-38.586764
1784102127412,213.580000,28.244232,3.091842,0.129773,-36.425870
1784102127432,213.600000,-19.923372,4.545037,0.330119,-30.730073
1784102127452,213.620000,43.756430,7.947458,0.446851,-15.251288
1784102127472,213.640000,48.370712,13.247735,0.456947,5.273916
1784102127492,213.660000,86.170180,20.015076,0.544762,19.555483
1784102127512,213.680000,59.169310,27.713180,0.674111,22.248020
1784102127532,213.700000,89.841220,35.808613,0.765029,17.261439
1784102127552,213.720000,60.862663,43.618030,0.792871,10.725109
1784102127572,213.740000,88.924150,50.179394,0.802712,5.414553
1784102127592,213.760000,59.005684,54.399067,0.783392,1.682258
1784102127612,213.780000,90.504890,55.386143,0.693960,0.198029
1784102127632,213.800000,68.099170,52.744100,0.564219,2.023154
1784102127652,213.820000,104.145540,46.696087,0.432757,6.713209
1784102127672,213.840000,85.183830,38.032234,0.343409,11.769405
1784102127692,213.860000,128.646790,27.919290,0.296355,15.145401
1784102127712,213.880000,93.384735,17.631052,0.233119,18.082503
1784102127732,213.900000,137.167850,8.260966,0.223059,23.807721
1784102127752,213.920000,124.565810,0.509278,0.228919,33.151455
1784102127772,213.940000,160.667080,-5.359536,0.145506,42.816864
1784102127792,213.960000,140.111340,-9.402485,0.069202,47.827805
1784102127812,213.980000,172.604870,-11.859830,0.022192,44.742018
1784102127832,214.000000,124.929665,-13.111880,-0.065337,33.197349
1784102127852,214.020000,143.928510,-13.721268,0.792871,15.760269
1784102127872,214.040000,102.217730,-14.447398,0.802712,-2.806667
1784102127892,214.060000,104.689480,-16.140410,0.783392,-16.807643
1784102127912,214.080000,76.072010,-19.518517,0.693960,-22.716879
1784102127932,214.100000,112.328320,-24.899328,0.564219,-21.935900
1784102127952,214.120000,74.559006,-31.987686,0.432757,-18.996895
1784102127972,214.140000,113.159070,-39.841793,0.343409,-17.035909
1784102127992,214.160000,78.116630,-47.095142,0.296355,-16.060797
1784102128012,214.180000,105.127440,-52.376830,0.233119,-14.927520
1784102128032,214.200000,81.630680,-54.725513,0.223059,-13.134310
1784102128052,214.220000,115.940475,-53.792790,0.228919,-9.556684
1784102128072,214.240000,76.815346,-49.800476,0.145506,-1.151930
1784102128092,214.260000,128.092300,-43.356030,0.069202,13.725728
1784102128112,214.280000,115.124070,-35.223750,0.022192,31.078595
1784102128132,214.300000,153.663530,-26.101114,-0.065337,43.552056
1784102128152,214.320000,118.342410,-16.481930,-0.173516,46.835891
1784102128172,214.340000,141.858600,-6.718236,-0.276028,41.493512
1784102128192,214.360000,98.031110,2.747823,-0.414814,29.344561
1784102128212,214.380000,103.528990,11.198127,-0.633256,10.963525
1784102128232,214.400000,54.044740,17.674168,-0.778151,-12.522027
1784102128252,214.420000,43.962296,21.201027,-0.821397,-36.912698
1784102128272,214.440000,-0.117174,21.057467,-0.859154,-55.914995
1784102128292,214.460000,17.838602,17.009716,-0.974469,-64.601883
1784102128312,214.480000,-17.173244,9.490543,-0.978685,-61.516182
1784102128332,214.500000,28.657040,-0.322766,-0.894914,-48.526928
1784102128352,214.520000,8.696689,-10.607773,-0.766843,-29.880295
1784102128372,214.540000,59.187870,-19.210566,-0.619744,-10.927593
1784102128392,214.560000,37.583786,-24.114680,-0.400557,3.626398
1784102128412,214.580000,77.252830,-23.933603,-0.237873,11.583924
1784102128432,214.600000,44.080856,-18.281836,-0.074193,14.072741
1784102128452,214.620000,70.729670,-7.901927,0.129773,14.104957
1784102128472,214.640000,41.670450,5.506922,0.330119,13.784131
1784102128492,214.660000,67.941390,19.719797,0.446851,13.215333
1784102128512,214.680000,38.762940,32.542606,0.456947,12.108031
1784102128532,214.700000,56.848602,42.296880,0.544762,10.998880
1784102128552,214.720000,32.307873,48.072750,0.674111,9.890646
1784102128572,214.740000,56.508670,49.731000,0.765029,7.073604
1784102128592,214.760000,20.375500,47.745544,0.792871,1.123054
1784102128612,214.780000,40.452370,42.969746,0.802712,-6.485900
1784102128632,214.800000,-0.839325,36.373413,0.783392,-12.430883
1784102128652,214.820000,33.196487,28.820473,0.693960,-15.055579
1784102128672,214.840000,1.401750,20.982180,0.564219,-15.367650
1784102128692,214.860000,25.053846,13.391506,0.432757,-14.825463
1784102128712,214.880000,-1.035006,6.520054,0.343409,-13.933130
1784102128732,214.900000,29.721407,0.779672,0.296355,-12.666587
1784102128752,214.920000,4.921228,-3.529611,0.233119,-10.091741
1784102128772,214.940000,33.595910,-6.255257,0.223059,-3.819004
1784102128792,214.960000,16.177465,-7.393499,0.228919,7.455436
1784102128812,214.980000,56.243160,-7.068327,0.145506,20.175428
1784102128832,215.000000,40.924583,-5.480727,0.792871,27.342091
1784102128852,215.020000,64.017610,-2.853465,0.802712,25.807335
1784102128872,215.040000,22.413643,0.545645,0.783392,20.519397
1784102128892,215.060000,49.283962,4.282453,0.693960,18.829493
1784102128912,215.080000,29.229202,7.684187,0.564219,21.342390
1784102128932,215.100000,48.169712,9.980948,0.432757,21.259623
1784102128952,215.120000,24.621530,10.602994,0.343409,13.279534
1784102128972,215.140000,20.355223,9.381221,0.296355,0.842889
1784102128992,215.160000,-13.306917,6.481222,0.233119,-7.619847
1784102129012,215.180000,16.039211,2.189455,0.223059,-8.540896
1784102129032,215.200000,-3.535586,-3.180737,0.228919,-5.856602
1784102129052,215.220000,10.137102,-9.186819,0.145506,-4.035586
1784102129072,215.240000,-15.078206,-15.161288,0.069202,-2.996191
1784102129092,215.260000,14.200617,-20.319523,0.022192,-0.965563
1784102129112,215.280000,-5.386892,-23.995268,-0.065337,1.728360
1784102129132,215.300000,6.409743,-25.798304,-0.173516,3.199750
1784102129152,215.320000,-16.950690,-25.652153,-0.276028,1.635174
1784102129172,215.340000,11.128835,-23.783411,-0.414814,-3.865303
1784102129192,215.360000,-44.654150,-20.675589,-0.633256,-11.763892
1784102129212,215.380000,-8.057520,-16.975626,-0.778151,-17.587581
1784102129232,215.400000,-44.312344,-13.362534,-0.821397,-16.556489
1784102129252,215.420000,-13.825598,-10.387548,-0.859154,-7.547444
1784102129272,215.440000,-23.381884,-8.304107,-0.974469,4.914817
1784102129292,215.460000,12.877865,-6.951614,-0.978685,13.494711
1784102129312,215.480000,-23.004097,-5.799310,-0.894914,14.416027
1784102129332,215.500000,3.716229,-4.194887,-0.766843,10.597222
1784102129352,215.520000,-28.658375,-1.718201,-0.619744,8.042019
1784102129372,215.540000,-1.259255,1.574141,-0.400557,10.091931
1784102129392,215.560000,-18.291040,5.192633,0.792871,15.211631
1784102129412,215.580000,2.673799,8.504835,0.802712,18.906420
1784102129432,215.600000,-18.597050,11.037707,0.783392,16.902632
1784102129452,215.620000,-7.326461,12.598587,0.693960,7.547182
1784102129472,215.640000,-40.833927,13.192111,0.564219,-6.895253
1784102129492,215.660000,-35.738503,12.846494,0.432757,-21.028149
1784102129512,215.680000,-70.675300,11.494316,0.343409,-30.139061
1784102129532,215.700000,-42.682465,8.997497,0.296355,-34.044634
1784102129552,215.720000,-71.163330,5.316859,0.233119,-35.766537
1784102129572,215.740000,-40.200930,0.714750,0.223059,-35.732351
1784102129592,215.760000,-68.877050,-4.175927,0.228919,-29.399095
1784102129612,215.780000,-17.912636,-8.484670,0.145506,-12.948072
1784102129632,215.800000,-23.790750,-11.326879,0.069202,9.212470
1784102129652,215.820000,25.103268,-11.962850,0.022192,25.196308
1784102129672,215.840000,3.764599,-9.889289,-0.065337,25.566224
1784102129692,215.860000,7.336066,-4.988360,-0.173516,11.975702
1784102129712,215.880000,-31.564500,2.227594,-0.276028,-5.263026
1784102129732,215.900000,-9.022060,10.473099,-0.414814,-17.243126
1784102129752,215.920000,-40.946182,17.916570,-0.633256,-22.382899
1784102129772,215.940000,-20.210997,22.777853,-0.778151,-24.015685
1784102129792,215.960000,-34.514812,23.969017,-0.821397,-25.347919
1784102129812,215.980000,-24.385710,21.415224,-0.859154,-26.958572
1784102129832,216.000000,-33.089470,15.945374,-0.974469,-27.278190
1784102129852,216.020000,-14.663324,8.907024,-0.978685,-24.372977
1784102129872,216.040000,-27.955706,1.731120,-0.894914,-17.558417
1784102129892,216.060000,6.351893,-4.392129,-0.766843,-7.985908
1784102129912,216.080000,-1.948022,-8.660310,-0.619744,2.546336
1784102129932,216.100000,24.587519,-10.667241,-0.400557,13.504311
1784102129952,216.120000,17.122742,-10.359456,-0.237873,25.426835
1784102129972,216.140000,53.255714,-7.990028,-0.074193,37.993103
1784102129992,216.160000,43.436565,-4.053210,0.129773,49.847390
1784102130012,216.180000,72.272575,0.821480,0.330119,60.136469
1784102130032,216.200000,52.784332,5.971535,0.446851,68.192846
1784102130052,216.220000,86.218660,10.751197,0.870147,71.663168
1784102130072,216.240000,53.242348,14.554481,0.863823,67.415237
1784102130092,216.260000,62.955605,16.843386,0.845978,55.322899
1784102130112,216.280000,18.394764,17.157736,0.746960,39.648496
1784102130132,216.300000,30.409567,15.106061,0.611138,25.833970
1784102130152,216.320000,-6.833853,10.412789,0.472976,16.541683
1784102130172,216.340000,9.247197,3.070468,0.338572,10.456476
1784102130192,216.360000,-30.783112,-6.493938,0.177483,3.550035
1784102130212,216.380000,-7.399256,-17.389658,0.084216,-8.062135
1784102130232,216.400000,-61.627087,-28.424677,0.099056,-24.498841
1784102130252,216.420000,-57.001057,-38.403248,0.110157,-41.179602
1784102130272,216.440000,-90.089770,-46.431305,0.082773,-52.703030
1784102130292,216.460000,-76.369720,-52.068115,0.049346,-57.306842
1784102130312,216.480000,-102.274680,-55.239440,0.023212,-56.942957
1784102130332,216.500000,-73.320360,-55.998850,-0.072936,-53.886431
1784102130352,216.520000,-98.119750,-54.331640,-0.200614,-48.428395
1784102130372,216.540000,-75.696304,-50.133870,-0.322308,-40.598392
1784102130392,216.560000,-80.876120,-43.338200,-0.487011,-33.045855
1784102130412,216.580000,-52.709820,-34.055084,-0.835345,-28.987624
1784102130432,216.600000,-90.480030,-22.642390,-0.985970,-27.019450
1784102130452,216.620000,-55.227577,-9.726674,-0.941597,-21.939075
1784102130472,216.640000,-68.444230,3.811727,-0.867821,-11.844810
1784102130492,216.660000,-35.107704,16.964523,-0.867974,-1.182822
1784102130512,216.680000,-52.912376,28.841822,-0.817710,4.510626
1784102130532,216.700000,-27.613705,38.873005,-0.798174,4.988435
1784102130552,216.720000,-59.676785,46.797010,-0.690464,4.934951
1784102130572,216.740000,-28.829388,52.494404,-0.565850,7.693319
1784102130592,216.760000,-38.159584,55.866196,-0.372335,11.605213
1784102130612,216.780000,-22.439037,56.875763,-0.228615,13.759920
1784102130632,216.800000,-45.450300,55.660736,-0.087552,14.621233
1784102130652,216.820000,-15.807988,52.549816,0.128883,16.492948
1784102130672,216.840000,-31.934551,47.969883,0.344477,19.645839
1784102130692,216.860000,-9.299582,42.365400,0.476471,22.407018
1784102130712,216.880000,-29.889153,36.179028,0.540603,23.524232
1784102130732,216.900000,-6.373197,29.822447,0.644083,22.571254
1784102130752,216.920000,-29.800825,23.607386,0.779151,19.035916
1784102130772,216.940000,-16.101757,17.692670,0.867159,12.639307
1784102130792,216.960000,-40.513275,12.081689,0.870147,4.827752
1784102130812,216.980000,-23.336243,6.662277,0.863823,-0.556464
1784102130832,217.000000,-46.441784,1.284679,0.845978,0.469075
1784102130852,217.020000,-25.615421,-4.134295,0.955895,7.477346
