time_ms,time_s,mixed_xF,causal_delayed_mixed,causal_respiration_reference,causal_fitted_respiration,causal_residual,causal_nlms_heart,offline_respiration_reference,offline_fitted_respiration,offline_zero_phase_heart,current_app_cleanHeart
1784109470324,0.000000,-18.163960,0.000000,-0.000007,0.000000,0.000000,0.000000,-11.863867,-9.990016,-1.964299,16.602776
1784109470344,0.020000,17.270443,0.000000,-0.000047,0.000000,0.000000,0.000000,-12.333757,-10.535645,-1.972379,17.326113
1784109470364,0.040000,-39.687180,0.000000,-0.000173,0.000000,0.000000,0.000000,-12.809771,-11.090978,-4.150834,15.760343
1784109470384,0.060000,-9.231033,0.000000,-0.000483,0.000000,0.000000,0.000000,-13.291415,-11.653489,-8.326071,11.243221
1784109470404,0.080000,-57.780582,0.000000,-0.001164,0.000000,0.000000,0.000000,-13.778272,-12.222736,-12.638571,3.738742
1784109470424,0.100000,-26.046923,0.000000,-0.002549,0.000000,0.000000,0.000000,-14.270016,-12.798393,-15.438748,-6.267892
1784109470444,0.120000,-54.567444,0.000000,-0.005142,0.000000,0.000000,0.000000,-14.766408,-13.380252,-16.498845,-17.900019
1784109470464,0.140000,-26.897180,0.000000,-0.009611,0.000000,0.000000,0.000000,-15.267310,-13.968235,-17.126231,-29.999334
1784109470484,0.160000,-46.212925,0.000000,-0.016771,0.000000,0.000000,0.000000,-15.772682,-14.562394,-19.314546,-41.261154
1784109470504,0.180000,-34.092842,0.000000,-0.027542,0.000000,0.000000,0.000000,-16.282584,-15.162911,-24.465736,-50.440754
1784109470524,0.200000,-58.996403,0.000000,-0.042939,0.000000,0.000000,0.000000,-16.797178,-15.770100,-32.357115,-56.611813
1784109470544,0.220000,-46.308796,0.000000,-0.064071,0.000000,0.000000,0.000000,-17.316721,-16.384404,-40.759911,-59.386690
1784109470564,0.240000,-91.016550,0.000000,-0.092161,0.000000,0.000000,0.000000,-17.841567,-17.006383,-45.870915,-58.994415
1784109470584,0.260000,-63.957670,0.000000,-0.128584,0.000000,0.000000,0.000000,-18.372154,-17.636712,-43.890235,-56.178930
1784109470604,0.280000,-77.610490,0.000000,-0.174886,0.000000,0.000000,0.000000,-18.909003,-18.276167,-33.171082,-51.930210
1784109470624,0.300000,-29.970266,0.000000,-0.232755,0.000000,0.000000,0.000000,-19.452702,-18.925611,-15.387271,-47.100130
1784109470644,0.320000,-23.827847,0.000000,-0.303918,0.000000,0.000000,0.000000,-20.003900,-19.585982,5.037869,-42.032787
1784109470664,0.340000,18.715725,0.000000,-0.389995,0.000000,0.000000,0.000000,-20.563295,-20.258270,22.853448,-36.411636
1784109470684,0.360000,-5.544772,0.000000,-0.492361,0.000000,0.000000,0.000000,-21.131614,-20.943506,34.046909,-29.480719
1784109470704,0.380000,35.284760,0.000000,-0.612061,0.000000,0.000000,0.000000,-21.709608,-21.642738,36.856803,-20.572000
1784109470724,0.400000,-11.044572,0.000000,-0.749776,0.000000,0.000000,0.000000,-22.298029,-22.357009,31.812002,-9.642588
1784109470744,0.420000,11.781214,0.000000,-0.905848,0.000000,0.000000,0.000000,-22.897619,-23.087340,21.245762,2.477493
1784109470764,0.440000,-38.410343,0.000000,-1.080351,0.000000,0.000000,0.000000,-23.509094,-23.834706,8.276972,14.231908
1784109470784,0.460000,-15.554804,0.000000,-1.273183,0.000000,0.000000,0.000000,-24.133128,-24.600016,-4.381595,23.774683
1784109470804,0.480000,-47.985886,0.000000,-1.484157,0.000000,0.000000,0.000000,-24.770335,-25.384088,-15.048458,29.514715
1784109470824,0.500000,-21.146456,0.000000,-1.713059,0.000000,0.000000,0.000000,-25.421260,-26.187631,-22.661985,30.600729
1784109470844,0.520000,-67.792010,0.000000,-1.959682,0.000000,0.000000,0.000000,-26.086358,-27.011219,-25.919610,27.171316
1784109470864,0.540000,-44.720940,0.000000,-2.223860,0.000000,0.000000,0.000000,-26.765984,-27.855275,-23.442439,20.246239
1784109470884,0.560000,-48.013580,0.000000,-2.505501,0.000000,0.000000,0.000000,-27.460376,-28.720044,-15.068015,11.344048
1784109470904,0.580000,-18.150644,0.000000,-2.804574,0.000000,0.000000,0.000000,-28.169644,-29.605578,-2.530959,2.096582
1784109470924,0.600000,-19.779000,0.000000,-3.121037,0.000000,0.000000,0.000000,-28.893759,-30.511716,11.190215,-5.962019
1784109470944,0.620000,21.179234,0.000000,-3.454756,0.000000,0.000000,0.000000,-29.632539,-31.438066,23.111626,-11.503980
1784109470964,0.640000,-1.787975,0.000000,-3.805408,0.000000,0.000000,0.000000,-30.385644,-32.383990,31.536381,-13.568143
1784109470984,0.660000,21.282085,0.000000,-4.172433,0.000000,0.000000,0.000000,-31.152563,-33.348591,36.656121,-11.791522
1784109471004,0.680000,-4.399928,0.000000,-4.555019,0.000000,0.000000,0.000000,-31.932612,-34.330705,39.799063,-6.586025
1784109471024,0.700000,26.491430,0.000000,-4.952135,0.000000,0.000000,0.000000,-32.724929,-35.328892,42.017949,0.888160
1784109471044,0.720000,-2.039632,0.000000,-5.362546,0.000000,0.000000,0.000000,-33.528468,-36.341433,43.178584,9.019433
1784109471064,0.740000,29.059970,0.000000,-5.784841,0.000000,0.000000,0.000000,-34.342004,-37.366330,41.894919,16.214058
1784109471084,0.760000,6.865301,0.000000,-6.217445,0.000000,0.000000,0.000000,-35.164131,-38.401309,36.285312,21.314257
1784109471104,0.780000,12.583952,0.000000,-6.658637,0.000000,0.000000,0.000000,-35.993265,-39.443830,25.379496,23.786188
1784109471124,0.800000,-33.766510,0.000000,-7.106605,0.000000,0.000000,0.000000,-36.827655,-40.491094,10.111042,23.630953
1784109471144,0.820000,-23.358925,0.000000,-7.559533,0.000000,0.000000,0.000000,-37.665383,-41.540058,-7.007056,21.110106
1784109471164,0.840000,-76.570980,0.000000,-8.015725,0.000000,0.000000,0.000000,-38.504379,-42.587456,-22.993156,16.483671
1784109471184,0.860000,-49.545856,0.000000,-8.473715,0.000000,0.000000,0.000000,-39.342430,-43.629815,-35.432097,9.943757
1784109471204,0.880000,-89.666824,0.000000,-8.932335,0.000000,0.000000,0.000000,-40.177189,-44.663478,-42.916859,1.767940
1784109471224,0.900000,-73.509320,0.000000,-9.390763,0.000000,0.000000,0.000000,-41.006191,-45.684632,-44.965603,-7.475819
1784109471244,0.920000,-85.401340,0.000000,-9.848526,0.000000,0.000000,0.000000,-41.826866,-46.689330,-42.034499,-16.864740
1784109471264,0.940000,-60.927635,0.000000,-10.305486,0.000000,0.000000,0.000000,-42.636551,-47.673522,-35.444444,-25.234850
1784109471284,0.960000,-72.397590,0.000000,-10.761780,0.000000,0.000000,0.000000,-43.432509,-48.633084,-26.806306,-31.391932
1784109471304,0.980000,-44.714745,0.000000,-11.217747,0.000000,0.000000,0.000000,-44.211940,-49.563846,-17.407659,-34.338074
1784109471324,1.000000,-62.657590,-18.163960,-11.673857,0.000000,-18.163960,-2.230472,-44.971997,-50.461625,-8.018362,-33.481410
1784109471344,1.020000,-32.987404,17.270443,-12.130648,-1.918174,19.188617,-3.540563,-45.709802,-51.322253,0.841637,-28.794058
1784109471364,1.040000,-48.401432,-39.687180,-12.588678,0.001444,-39.688624,-3.849312,-46.422466,-52.141617,8.450057,-20.841116
1784109471384,1.060000,-16.022247,-9.231033,-13.048474,-4.174037,-5.056996,-8.987516,-47.107096,-52.915682,13.771253,-10.643426
1784109471404,1.080000,-42.489330,-57.780582,-13.510486,-4.914142,-52.866440,-16.448618,-47.760819,-53.640529,15.853398,0.566258
1784109471424,1.100000,-13.524141,-26.046923,-13.975060,-10.696250,-15.350673,-21.864338,-48.380797,-54.312386,14.387154,11.578835
1784109471444,1.120000,-50.032024,-54.567444,-14.442430,-12.804311,-41.763133,-21.645712,-48.964239,-54.927660,10.096873,21.351458
1784109471464,1.140000,-35.955704,-26.897180,-14.912736,-17.750797,-9.146383,-15.809251,-49.508425,-55.482967,4.673360,29.051771
1784109471484,1.160000,-70.810196,-46.212925,-15.386076,-19.482977,-26.729948,-7.367808,-50.010716,-55.975163,-0.030762,34.055510
1784109471504,1.180000,-40.309950,-34.092842,-15.862557,-23.095897,-10.996945,-0.195303,-50.468575,-56.401373,-3.053309,35.970154
1784109471524,1.200000,-62.281986,-58.996403,-16.342321,-25.188997,-33.807406,2.096811,-50.879583,-56.759016,-4.517361,34.732952
1784109471544,1.220000,-46.628410,-46.308796,-16.825544,-29.708795,-16.600001,0.597753,-51.241455,-57.045830,-4.821791,30.731115
1784109471564,1.240000,-69.544820,-91.016550,-17.312426,-32.581993,-58.434557,-4.293322,-51.552055,-57.259895,-3.973424,24.793770
1784109471584,1.260000,-47.910080,-63.957670,-17.803197,-39.873463,-24.084207,-10.405526,-51.809415,-57.399652,-1.731726,17.981333
1784109471604,1.280000,-69.279300,-77.610490,-18.298119,-43.830546,-33.779944,-9.882152,-52.011752,-57.463919,1.890956,11.290657
1784109471624,1.300000,-36.414230,-29.970266,-18.797473,-48.891672,18.921406,1.994368,-52.157476,-57.451905,6.324500,5.462521
1784109471644,1.320000,-56.926460,-23.827847,-19.301535,-48.625868,24.798021,23.471173,-52.245215,-57.363219,10.617044,0.956368
1784109471664,1.340000,-25.712543,18.715725,-19.810539,-47.696351,66.412076,47.513743,-52.273820,-57.197881,14.035573,-1.988978
1784109471684,1.360000,-51.912680,-5.544772,-20.324642,-42.389142,36.844370,62.961007,-52.242385,-56.956321,16.639161,-3.311260
1784109471704,1.380000,-28.440632,35.284760,-20.843909,-39.925014,75.209774,65.255434,-52.150258,-56.639383,19.343090,-3.134956
1784109471724,1.400000,-59.938980,-11.044572,-21.368313,-33.388256,22.343684,56.707553,-51.997052,-56.248321,23.188475,-1.804023
1784109471744,1.420000,-23.897676,11.781214,-21.897753,-32.074245,43.855459,39.432740,-51.782658,-55.784795,28.085518,0.136694
1784109471764,1.440000,-30.156338,-38.410343,-22.432049,-28.479758,-9.930585,17.767104,-51.507256,-55.250859,32.220200,2.078165
1784109471784,1.460000,-12.780231,-15.554804,-22.970914,-30.300237,14.745433,-2.867938,-51.171324,-54.648951,33.035619,3.574474
1784109471804,1.480000,-44.075320,-47.985886,-23.513918,-29.615806,-18.370080,-17.100004,-50.775647,-53.981879,28.745593,4.488871
1784109471824,1.500000,-19.987755,-21.146456,-24.060501,-32.302664,11.156208,-22.765457,-50.321321,-53.252801,18.985549,4.905807
1784109471844,1.520000,-66.382225,-67.792010,-24.610017,-32.011695,-35.780315,-24.646741,-49.809766,-52.465208,4.898921,4.883883
1784109471864,1.540000,-57.039220,-44.720940,-25.161799,-36.520590,-8.200350,-27.899575,-49.242722,-51.622896,-10.974686,4.272359
1784109471884,1.560000,-98.496620,-48.013580,-25.715241,-38.300682,-9.712898,-27.483082,-48.622260,-50.729949,-25.398812,2.717497
1784109471904,1.580000,-82.767330,-18.150644,-26.269890,-40.264742,22.114098,-17.795236,-47.950774,-49.790705,-35.521821,-0.180528
1784109471924,1.600000,-111.076730,-19.779000,-26.825508,-38.994372,19.215372,-2.700975,-47.230986,-48.809734,-39.744781,-4.643878
1784109471944,1.620000,-86.738266,21.179234,-27.382103,-37.970077,59.149311,13.415348,-46.465940,-47.791804,-38.175795,-10.504762
1784109471964,1.640000,-101.232220,-1.787975,-27.939918,-32.807638,31.019663,25.399174,-45.658996,-46.741858,-32.686907,-17.107574
1784109471984,1.660000,-61.907550,21.282085,-28.499384,-30.385092,51.667177,27.643700,-44.813818,-45.664981,-26.390326,-23.387362
1784109472004,1.680000,-81.173520,-4.399928,-29.061047,-25.774979,21.375051,21.088755,-43.934368,-44.566372,-22.365153,-28.096344
1784109472024,1.700000,-54.376110,26.491430,-29.625488,-24.145467,50.636897,12.101160,-43.024887,-43.451320,-22.169531,-30.117853
1784109472044,1.720000,-86.388596,-2.039632,-30.193271,-19.472547,17.432915,5.135945,-42.089879,-42.325176,-25.073014,-28.801620
1784109472064,1.740000,-56.643143,29.059970,-30.764928,-18.081273,47.141243,0.482639,-41.134093,-41.193335,-28.315614,-24.211075
1784109472084,1.760000,-115.820930,6.865301,-31.340967,-13.612946,20.478247,-1.896479,-40.162500,-40.061211,-28.352103,-17.161112
1784109472104,1.780000,-57.438698,12.583952,-31.921911,-11.765832,24.349784,-5.485633,-39.180269,-38.934222,-23.073947,-9.005626
1784109472124,1.800000,-65.434850,-33.766510,-32.508296,-9.478421,-24.288089,-16.179378,-38.192740,-37.817777,-13.448004,-1.205687
1784109472144,1.820000,-25.238651,-23.358925,-33.100606,-12.108453,-11.250472,-32.365277,-37.205398,-36.717262,-2.642026,5.203898
1784109472164,1.840000,-41.282707,-76.570980,-33.699172,-13.460053,-63.110927,-48.409530,-36.223838,-35.638031,6.264555,9.978946
1784109472184,1.860000,-14.826599,-49.545856,-34.304090,-20.133110,-29.412746,-59.213851,-35.253739,-34.585399,11.709694,13.591732
1784109472204,1.880000,-37.797543,-89.666824,-34.915197,-23.500478,-66.166346,-60.767184,-34.300828,-33.564638,13.727015,16.746030
1784109472224,1.900000,-5.084687,-73.509320,-35.532069,-30.683076,-42.826244,-56.089153,-33.370847,-32.580973,13.360619,19.853264
1784109472244,1.920000,-44.054850,-85.401340,-36.154034,-35.623241,-49.778099,-47.166142,-32.469520,-31.639582,12.063482,22.816103
1784109472264,1.940000,-6.427044,-60.927635,-36.780198,-41.363727,-19.563908,-32.806786,-31.602518,-30.745588,11.081957,25.141054
1784109472284,1.960000,-36.703175,-72.397590,-37.409475,-44.127208,-28.270382,-15.932639,-30.775423,-29.904062,10.900420,26.212173
1784109472304,1.980000,-3.505097,-44.714745,-38.040614,-47.822443,3.107698,0.029589,-29.993699,-29.120018,11.182331,25.568953
1784109472324,2.000000,-24.105383,-62.657590,-38.672203,-48.379451,-14.278139,12.562095,-29.262651,-28.398406,11.211596,23.093100
1784109472344,2.020000,1.846640,-32.987404,-39.302678,-50.707459,17.720055,20.929030,-28.587399,-27.744109,10.606788,19.055690
1784109472364,2.040000,-30.828615,-48.401432,-39.930331,-49.806759,1.405327,26.760820,-27.972844,-27.161929,9.848793,14.008385
1784109472384,2.060000,7.112562,-16.022247,-40.553332,-50.538513,34.516266,31.647616,-27.423635,-26.656574,10.148794,8.576381
1784109472404,2.080000,-30.040990,-42.489330,-41.169758,-47.898370,5.409040,34.605358,-26.944145,-26.232643,12.914669,3.272791
1784109472424,2.100000,5.645171,-13.524141,-41.777611,-48.160433,34.636292,33.976489,-26.538438,-25.894607,19.007118,-1.580850
1784109472444,2.120000,-8.462334,-50.032024,-42.374836,-45.438031,-4.593993,29.433116,-26.210248,-25.646780,27.836813,-5.819170
1784109472464,2.140000,26.020061,-35.955704,-42.959312,-46.645258,10.689554,20.281516,-25.962955,-25.493294,37.006502,-9.330241
1784109472484,2.160000,16.996940,-70.810196,-43.528821,-46.302756,-24.507440,8.235534,-25.799560,-25.438065,42.931899,-11.957351
1784109472504,2.180000,43.116135,-40.309950,-44.081012,-49.516898,9.206948,-1.018412,-25.722669,-25.484759,42.208423,-13.475476
1784109472524,2.200000,14.006146,-62.281986,-44.613388,-49.337837,-12.944149,-2.906655,-25.734478,-25.636752,33.270924,-13.692035
1784109472544,2.220000,13.407810,-46.628410,-45.123326,-51.386555,4.758145,-0.495967,-25.836752,-25.897086,17.493839,-12.647546
1784109472564,2.240000,-34.608710,-69.544820,-45.608172,-51.646776,-17.898044,0.714936,-26.030820,-26.268430,-1.131258,-10.807453
1784109472584,2.260000,-22.288600,-47.910080,-46.065368,-54.187554,6.277474,0.477122,-26.317560,-26.753028,-17.623760,-9.098489
1784109472604,2.280000,-72.931564,-69.279300,-46.492588,-54.285612,-14.993688,0.516532,-26.697396,-27.352655,-27.968918,-8.683555
1784109472624,2.300000,-36.210740,-36.414230,-46.887841,-56.514950,20.100720,2.674109,-27.170286,-28.068568,-30.692823,-10.523019
1784109472644,2.320000,-55.955230,-56.926460,-47.249520,-55.185019,-1.741441,7.380738,-27.735728,-28.901458,-27.417536,-14.915685
1784109472664,2.340000,-20.075300,-25.712543,-47.576377,-56.018781,30.306238,12.497602,-28.392747,-29.851402,-21.820718,-21.241114
1784109472684,2.360000,-46.504100,-51.912680,-47.867465,-53.581331,1.668651,15.536040,-29.139904,-30.917815,-17.742623,-28.056229
1784109472704,2.380000,-19.382835,-28.440632,-48.122080,-53.978585,25.537953,14.811705,-29.975294,-32.099408,-17.742939,-33.554665
1784109472724,2.400000,-49.616722,-59.938980,-48.339733,-51.927769,-8.011211,10.323338,-30.896548,-33.394146,-22.436124,-36.206990
1784109472744,2.420000,-39.547462,-23.897676,-48.520140,-53.211541,29.313865,5.501204,-31.900841,-34.799209,-30.400386,-35.278900
1784109472764,2.440000,-74.575516,-30.156338,-48.663247,-50.696645,20.540307,6.516074,-32.984895,-36.310963,-38.741295,-31.012716
1784109472784,2.460000,-59.179800,-12.780231,-48.769274,-49.003779,36.223549,12.106535,-34.144986,-37.924923,-44.260377,-24.458801
1784109472804,2.480000,-89.642880,-44.075320,-48.838748,-45.671313,1.595993,13.027356,-35.376956,-39.635742,-44.748680,-17.069605
1784109472824,2.500000,-52.410507,-19.987755,-48.872522,-45.767691,25.779936,7.002375,-36.676222,-41.437186,-39.888082,-10.205974
1784109472844,2.520000,-66.217380,-66.382225,-48.871743,-43.388240,-22.993985,-3.004209,-38.037784,-43.322132,-31.208006,-4.708177
1784109472864,2.540000,-33.770836,-57.039220,-48.837787,-45.874689,-11.164531,-16.424902,-39.456242,-45.282565,-21.006619,-0.676420
1784109472884,2.560000,-51.940660,-98.496620,-48.772171,-47.154141,-51.342479,-30.580940,-40.925807,-47.309588,-11.122198,2.445946
1784109472904,2.580000,-18.026663,-82.767330,-48.676482,-52.457610,-30.309720,-40.919012,-42.440322,-49.393441,-2.323224,5.521719
1784109472924,2.600000,-45.180588,-111.076730,-48.552325,-55.643217,-55.433513,-44.337324,-43.993270,-51.523533,5.696449,9.280560
1784109472944,2.620000,-13.308624,-86.738266,-48.401284,-61.340328,-25.397938,-40.394397,-45.577804,-53.688480,13.806765,14.007041
1784109472964,2.640000,-32.444138,-101.232220,-48.224896,-64.008720,-37.223500,-30.418511,-47.186759,-55.876156,22.611114,19.470808
1784109472984,2.660000,-0.886808,-61.907550,-48.024631,-67.838698,5.931148,-15.475362,-48.812682,-58.073761,31.837632,25.076147
1784109473004,2.680000,-14.565514,-81.173520,-47.801854,-67.307130,-13.866390,0.991880,-50.447851,-60.267897,40.279996,30.125147
1784109473024,2.700000,21.366234,-54.376110,-47.557795,-68.719448,14.343338,13.152370,-52.084308,-62.444655,46.384776,34.067852
1784109473044,2.720000,-15.977886,-86.388596,-47.293507,-67.263432,-19.125164,17.318619,-53.713888,-64.589714,49.235120,36.628143
1784109473064,2.740000,6.995403,-56.643143,-47.009872,-69.120503,12.477360,15.290460,-55.328246,-66.688456,48.969802,37.751280
1784109473084,2.760000,-23.025206,-115.820930,-46.707627,-67.773923,-48.047007,8.225114,-56.918898,-68.726083,46.252572,37.434820
1784109473104,2.780000,-4.886872,-57.438698,-46.387413,-72.451790,15.013092,0.288997,-58.477254,-70.687753,41.658582,35.599747
1784109473124,2.800000,-37.211430,-65.434850,-46.049828,-70.781451,5.346601,3.831743,-59.994657,-72.558708,35.557273,32.115463
1784109473144,2.820000,-21.073172,-25.238651,-45.695463,-70.039474,44.800823,18.967991,-61.462424,-74.324428,28.293328,26.935510
1784109473164,2.840000,-55.902874,-41.282707,-45.324959,-65.313966,24.031259,33.734482,-62.871888,-75.970766,20.450294,20.208193
1784109473184,2.860000,-45.575546,-14.826599,-44.939052,-62.633430,47.806831,40.387224,-64.214440,-77.484103,12.990977,12.286926
1784109473204,2.880000,-82.982740,-37.797543,-44.538628,-57.548967,19.751424,37.762857,-65.481576,-78.851488,6.977305,3.659855
1784109473224,2.900000,-55.213394,-5.084687,-44.124775,-55.246856,50.162169,30.646417,-66.664941,-80.060781,3.007239,-5.138759
1784109473244,2.920000,-84.985350,-44.054850,-43.698803,-49.889287,5.834437,22.076356,-67.756374,-81.100787,1.083571,-13.567184
1784109473264,2.940000,-65.736350,-6.427044,-43.262245,-48.946642,42.519598,12.987469,-68.747954,-81.961383,1.054937,-21.061377
1784109473284,2.960000,-87.856910,-36.703175,-42.816835,-44.329815,7.626640,6.434716,-69.632043,-82.633629,2.901654,-27.044907
1784109473304,2.980000,-64.562330,-3.505097,-42.364498,-43.190726,39.685628,2.874165,-70.401335,-83.109871,6.605639,-31.015717
1784109473324,3.000000,-94.640610,-24.105383,-41.907319,-38.848442,14.743059,1.635354,-71.048893,-83.216342,11.775622,-32.666890
1784109473344,3.020000,-57.864950,1.846640,-41.447517,-36.997593,38.844233,1.538660,-71.568195,-83.328701,17.050429,-31.960012
1784109473364,3.040000,-74.941480,-30.828615,-40.987408,-32.747940,1.919325,-0.848423,-71.953173,-83.232597,19.925476,-29.104921
1784109473384,3.060000,-49.273727,7.112562,-40.529347,-32.187706,39.300268,-4.878415,-72.198248,-82.925784,17.746506,-24.463018
1784109473404,3.080000,-86.749695,-30.040990,-40.075674,-27.908782,-2.132208,-8.046541,-72.298368,-82.407508,9.252942,-18.459621
1784109473424,3.100000,-81.579500,5.645171,-39.628711,-27.772031,33.417202,-10.630001,-72.249037,-81.678502,-4.649581,-11.605840
1784109473444,3.120000,-128.159450,-8.462334,-39.190808,-24.103189,15.640855,-10.110816,-72.046347,-80.740959,-21.438694,-4.615804
1784109473464,3.140000,-115.353450,26.020061,-38.764415,-22.226483,48.246544,-4.954865,-71.687003,-79.598483,-38.297561,1.548182
1784109473484,3.160000,-150.792600,16.996940,-38.352163,-17.129236,34.126176,2.409186,-71.168340,-78.256023,-53.122082,5.853499
1784109473504,3.180000,-140.712130,43.116135,-37.956897,-13.477773,56.593908,8.708853,-70.488346,-76.719785,-64.705716,7.548328
1784109473524,3.200000,-158.773800,14.006146,-37.581705,-7.633723,21.639869,9.308953,-69.645671,-74.997131,-72.441826,6.473785
1784109473544,3.220000,-151.763210,13.407810,-37.229898,-5.315346,18.723156,0.331017,-68.639635,-73.096464,-75.917248,3.154780
1784109473564,3.240000,-170.239270,-34.608710,-36.904998,-3.318599,-31.290111,-18.255182,-67.470234,-71.027096,-74.855301,-1.365865
1784109473584,3.260000,-133.175200,-22.288600,-36.610689,-6.313031,-15.975569,-39.215561,-66.138134,-68.799109,-69.556840,-5.837354
1784109473604,3.280000,-149.041990,-72.931564,-36.350755,-7.779447,-65.152117,-55.081264,-64.644670,-66.423214,-61.047815,-9.086448
1784109473624,3.300000,-108.028460,-36.210740,-36.128976,-14.125542,-22.085198,-61.630244,-62.991828,-63.910599,-50.627238,-10.189086
1784109473644,3.320000,-118.857540,-55.955230,-35.949020,-16.165732,-39.789498,-54.810161,-61.182233,-61.272781,-39.363316,-8.555156
1784109473664,3.340000,-81.232240,-20.075300,-35.814335,-19.963591,-0.111709,-37.718384,-59.219130,-58.521463,-27.807024,-3.993550
1784109473684,3.360000,-91.575450,-46.504100,-35.728050,-19.818217,-26.685883,-19.528741,-57.106354,-55.668391,-16.007016,3.239182
1784109473704,3.380000,-52.691677,-19.382835,-35.692896,-22.333977,2.951142,-6.973227,-54.848311,-52.725224,-3.846385,12.462288
1784109473724,3.400000,-58.365925,-49.616722,-35.711133,-21.918229,-27.698493,-1.373223,-52.449937,-49.703409,8.558761,22.692686
1784109473744,3.420000,-18.628918,-39.547462,-35.784478,-24.576063,-14.971399,-2.144097,-49.916673,-46.614073,20.692496,32.840454
1784109473764,3.440000,-25.465427,-74.575516,-35.914046,-25.983782,-48.591734,-7.895389,-47.254426,-43.467927,31.762716,41.915703
1784109473784,3.460000,11.130890,-59.179800,-36.100296,-30.752927,-28.426873,-14.414211,-44.469532,-40.275179,40.974385,49.171597
1784109473804,3.480000,3.595578,-89.642880,-36.342998,-33.525771,-56.117109,-17.874402,-41.568717,-37.045467,47.852633,54.147490
1784109473824,3.500000,24.689121,-52.410507,-36.641217,-39.073110,-13.337397,-15.052946,-38.559064,-33.787809,52.470269,56.627686
1784109473844,3.520000,12.079322,-66.217380,-36.993325,-40.383089,-25.834291,-4.043733,-35.447967,-30.510555,55.225765,56.552960
1784109473864,3.540000,34.419266,-33.770836,-37.397044,-42.979266,9.208430,11.233271,-32.243098,-27.221368,56.188062,53.935764
1784109473884,3.560000,30.987568,-51.940660,-37.849490,-42.130165,-9.810495,24.347784,-28.952369,-23.927209,54.747293,48.840850
1784109473904,3.580000,40.211740,-18.026663,-38.347219,-43.233087,25.206424,32.805289,-25.583895,-20.634332,50.103881,41.448563
1784109473924,3.600000,22.575886,-45.180588,-38.886276,-40.898516,-4.282072,36.437412,-22.145957,-17.348299,42.054920,32.117863
1784109473944,3.620000,29.846184,-13.308624,-39.462273,-41.564669,28.256045,35.853680,-18.646975,-14.073995,31.305193,21.347460
1784109473964,3.640000,9.057220,-32.444138,-40.070489,-39.034270,6.590132,34.090093,-15.095471,-10.815657,19.364677,9.652619
1784109473984,3.660000,12.760024,-0.886808,-40.705968,-38.719517,37.832709,33.400362,-11.500039,-7.576909,8.329441,-2.528505
1784109474004,3.680000,-14.862530,-14.565514,-41.363622,-35.325463,20.759949,34.073857,-7.869322,-4.360802,0.339599,-14.836713
1784109474024,3.700000,4.092798,21.366234,-42.038337,-33.676128,55.042362,36.107666,-4.211981,-1.169861,-3.426881,-26.935965
1784109474044,3.720000,-7.277883,-15.977886,-42.725040,-28.621069,12.643183,35.634391,-0.536672,1.993867,-3.573211,-38.435890
1784109474064,3.740000,26.932755,6.995403,-43.418733,-27.828818,34.824222,28.188942,3.147977,5.128758,-2.209138,-48.800262
1784109474084,3.760000,9.016976,-23.025206,-44.114478,-24.825781,1.800575,16.457412,6.833386,8.233556,-1.542125,-57.296116
1784109474104,3.780000,21.293615,-4.886872,-44.807380,-25.139915,20.253043,5.052559,10.511044,11.307316,-2.481540,-63.096160
1784109474124,3.800000,6.766593,-37.211430,-45.492598,-23.607905,-13.603525,-4.675690,14.172529,14.349346,-4.434667,-65.564870
1784109474144,3.820000,24.679348,-21.073172,-46.165376,-25.477524,4.404352,-12.727724,17.809520,17.359152,-6.028736,-64.562150
1784109474164,3.840000,10.917208,-55.902874,-46.821068,-25.546205,-30.356669,-19.568160,21.413819,20.336372,-5.795823,-60.534210
1784109474184,3.860000,22.175660,-45.575546,-47.455160,-29.116490,-16.459056,-26.026570,24.977363,23.280740,-2.743674,-54.335888
1784109474204,3.880000,19.201061,-82.982740,-48.063280,-31.309548,-51.673192,-32.501006,28.492235,26.199551,2.839344,-46.936443
1784109474224,3.900000,57.540924,-55.213394,-48.641204,-37.069531,-18.143863,-36.086045,31.950682,29.088445,8.969946,-39.161236
1784109474244,3.920000,41.554740,-84.985350,-49.184818,-39.488213,-45.497137,-33.736502,35.345125,31.946810,12.876563,-31.513033
1784109474264,3.940000,64.995590,-65.736350,-49.690072,-44.680765,-21.055585,-28.048395,38.668168,34.773852,12.596511,-24.122583
1784109474284,3.960000,40.426056,-87.856910,-50.152970,-47.439108,-40.417802,-22.016654,41.912614,37.568549,7.922087,-16.896275
1784109474304,3.980000,53.859436,-64.562330,-50.569593,-52.162079,-12.400251,-15.564585,45.071472,40.329618,0.406152,-9.803218
1784109474324,4.000000,24.479540,-94.640610,-50.936147,-54.076036,-40.564574,-9.913118,48.137966,43.055474,-7.294192,-3.100932
1784109474344,4.020000,35.015945,-57.864950,-51.249032,-58.826900,0.961950,-4.721608,51.105551,45.744203,-12.586251,2.658147
1784109474364,4.040000,27.932007,-74.941480,-51.504899,-59.392796,-15.548684,3.117083,53.967916,48.393534,-14.193907,6.829243
1784109474384,4.060000,49.034680,-49.273727,-51.700683,-61.590975,12.317248,12.173820,56.718998,51.000812,-12.627575,8.979415
1784109474404,4.080000,32.507400,-86.749695,-51.833594,-60.947113,-25.802582,16.306480,59.352992,53.562982,-9.694532,9.142974
1784109474424,4.100000,66.480960,-81.579500,-51.901095,-64.096734,-17.482766,11.097753,61.864363,56.076577,-7.748965,7.876955
1784109474444,4.120000,39.440310,-128.159450,-51.900878,-66.380751,-61.778699,-2.294361,64.247854,58.537700,-8.922999,6.074063
1784109474464,4.140000,60.145298,-115.353450,-51.830847,-73.099146,-42.254304,-17.337762,66.498500,60.942029,-14.427191,4.631807
1784109474484,4.160000,29.593569,-150.792600,-51.689129,-77.840792,-72.951808,-27.019213,68.611641,63.284811,-24.297447,4.137724
1784109474504,4.180000,45.950363,-140.712130,-51.474103,-85.646039,-55.066091,-30.047196,70.582934,65.560871,-37.438739,4.694795
1784109474524,4.200000,3.241956,-158.773800,-51.184446,-91.627824,-67.145976,-27.329373,72.408367,67.764627,-51.719426,5.935815
1784109474544,4.220000,24.777681,-151.763210,-50.819186,-98.779487,-52.983723,-20.568237,74.084276,69.890106,-64.312398,7.200484
1784109474564,4.240000,-14.664824,-170.239270,-50.377761,-104.451929,-65.787341,-13.434260,75.607356,71.930972,-72.302486,7.791097
1784109474584,4.260000,11.306157,-133.175200,-49.860055,-111.336166,-21.839034,-4.041518,76.974679,73.880562,-73.456548,7.217176
1784109474604,4.280000,-1.335125,-149.041990,-49.266407,-113.716943,-35.325047,9.804899,78.183713,75.731923,-67.036298,5.376072
1784109474624,4.300000,43.676735,-108.028460,-48.597578,-117.334918,9.306458,25.175763,79.232336,77.477870,-54.050557,2.647284
1784109474644,4.320000,41.494663,-118.857540,-47.854654,-116.350401,-2.507139,39.422100,80.118851,79.111037,-36.538898,-0.121521
1784109474664,4.340000,79.980255,-81.232240,-47.038924,-116.408614,35.176374,50.527480,80.842010,80.623952,-16.504650,-1.775923
1784109474684,4.360000,73.948230,-91.575450,-46.151755,-112.548345,20.972895,57.451524,81.401021,82.009106,4.485773,-1.182302
1784109474704,4.380000,120.877060,-52.691677,-45.194498,-109.963563,57.271886,60.957773,81.795570,83.259046,24.833819,2.376509
1784109474724,4.400000,126.432680,-58.365925,-44.168380,-103.605958,45.240033,62.674752,82.025833,84.366457,42.529934,8.947129
1784109474744,4.420000,159.022460,-18.628918,-43.074415,-98.317682,79.688764,63.617601,82.092485,85.324269,55.690109,17.925123
1784109474764,4.440000,147.214630,-25.465427,-41.913321,-89.466480,64.001053,63.386843,81.996711,86.125750,63.487783,28.263002
1784109474784,4.460000,163.966340,11.130890,-40.685489,-82.078194,93.209084,61.073173,81.740215,86.764619,66.470604,38.676826
1784109474804,4.480000,145.761760,3.595578,-39.391008,-71.690152,75.285730,56.471270,81.325217,87.235143,66.050331,47.775066
1784109474824,4.500000,168.993640,24.689121,-38.029714,-63.027974,87.717095,48.466039,80.754458,87.532243,63.796878,54.196330
1784109474844,4.520000,136.156130,12.079322,-36.601251,-53.082990,65.162312,36.307768,80.031194,87.651594,61.103820,56.833240
1784109474864,4.540000,157.914080,34.419266,-35.105133,-45.358767,79.778033,22.470414,79.159185,87.589713,58.960690,55.070880
1784109474884,4.560000,134.656480,30.987568,-33.540818,-36.168767,67.156335,10.941802,78.142685,87.344045,57.595621,48.914720
1784109474904,4.580000,152.361800,40.211740,-31.907770,-28.245535,68.457275,1.892525,76.986427,86.913031,56.394721,38.968310
1784109474924,4.600000,127.043490,22.575886,-30.205503,-20.217257,42.793143,-8.635017,75.695598,86.296169,54.176335,26.297876
1784109474944,4.620000,150.327850,29.846184,-28.433634,-14.767036,44.613220,-21.674755,74.275816,85.494057,49.646150,12.228703
1784109474964,4.640000,114.489060,9.057220,-26.591913,-9.161974,18.219193,-35.073899,72.733102,84.508421,42.120934,-1.891717
1784109474984,4.660000,124.625770,12.760024,-24.680280,-6.195557,18.955581,-47.076493,71.073848,83.342127,32.197344,-14.922722
1784109475004,4.680000,84.814710,-14.862530,-22.698922,-3.162040,-11.700490,-57.491775,69.304782,81.999175,21.743926,-26.108664
1784109475024,4.700000,88.678710,4.092798,-20.648359,-3.149380,7.242178,-64.364392,67.432928,80.484677,13.092961,-35.164917
1784109475044,4.720000,60.633090,-7.277883,-18.529520,-1.233044,-6.044839,-63.893120,65.465566,78.804815,7.783627,-42.225346
1784109475064,4.740000,80.211800,26.932755,-16.343806,-0.609550,27.542305,-54.857322,63.410193,76.966787,5.595561,-47.636135
1784109475084,4.760000,56.029644,9.016976,-14.093101,3.330500,5.686476,-41.308787,61.274473,74.978737,4.570567,-51.673145
1784109475104,4.780000,77.664850,21.293615,-11.779760,5.088441,16.205174,-31.548598,59.066199,72.849670,1.963950,-54.333570
1784109475124,4.800000,46.711243,6.766593,-9.406577,7.870561,-1.103967,-28.582824,56.793242,70.589357,-4.397656,-55.326954
1784109475144,4.820000,41.471004,24.679348,-6.976770,8.937669,15.741679,-28.135633,54.463512,68.208233,-15.087542,-54.283978
1784109475164,4.840000,9.171083,10.917208,-4.494003,11.652992,-0.735784,-26.547918,52.084909,65.717281,-29.105812,-51.070250
1784109475184,4.860000,0.542617,22.175660,-1.962431,12.730980,9.444680,-24.088502,49.665283,63.127921,-44.745888,-46.011520
1784109475204,4.880000,-26.447958,19.201061,0.613244,14.801516,4.399545,-20.770177,47.212392,60.451890,-60.416254,-39.877525
1784109475224,4.900000,-30.416330,57.540924,3.227740,16.355184,41.185740,-12.520793,44.733866,57.701122,-74.902435,-33.620310
1784109475244,4.920000,-56.777813,41.554740,5.875179,21.434393,20.120347,-0.172316,42.237167,54.887637,-87.101413,-28.023962
1784109475264,4.940000,-44.004967,64.995590,8.549095,24.320041,40.675549,8.888390,39.729562,52.023427,-95.479555,-23.454870
1784109475284,4.960000,-88.069130,40.426056,11.242456,29.084249,11.341807,10.705432,37.218088,49.120355,-97.717178,-19.804720
1784109475304,4.980000,-62.679268,53.859436,13.947708,30.842988,23.016448,5.940954,34.709535,46.190058,-91.421242,-16.619215
1784109475324,5.000000,-73.178820,24.479540,16.656814,33.644358,-9.164818,-2.637958,32.210417,43.243866,-75.848175,-13.305725
1784109475344,5.020000,-27.563421,35.015945,19.361364,33.223671,1.792274,-11.901457,29.726964,40.292727,-53.129514,-9.263901
1784109475364,5.040000,-14.009775,27.932007,22.052740,33.849173,-5.917166,-16.924374,27.265101,37.347145,-27.945809,-3.877823
1784109475384,5.060000,22.367908,49.034680,24.722330,33.677263,15.357417,-13.965603,24.830447,34.417129,-5.819287,3.514599
1784109475404,5.080000,24.725704,32.507400,27.361734,35.533215,-3.025815,-6.633881,22.428307,31.512160,9.029325,13.489882
1784109475424,5.100000,35.459130,66.480960,29.962929,35.500046,30.980914,1.344681,20.063673,28.641158,15.172666,26.215067
1784109475444,5.120000,13.378245,39.440310,32.518347,38.742980,0.697330,8.069880,17.741221,25.812468,14.144028,41.101770
1784109475464,5.140000,14.074654,60.145298,35.020897,38.882680,21.262618,10.069828,15.465325,23.033856,9.187650,56.668407
1784109475484,5.160000,0.420074,29.593569,37.463915,40.992659,-11.399090,6.876855,13.240057,20.312503,3.393573,70.761330
1784109475504,5.180000,18.061205,45.950363,39.841135,39.742679,6.207684,0.819352,11.069200,17.655019,-1.384436,81.116740
1784109475524,5.200000,-7.056443,3.241956,42.146673,40.173149,-36.931193,-7.046074,8.956260,15.067456,-4.246322,86.048300
1784109475544,5.220000,5.851745,24.777681,44.375019,36.112590,-11.334909,-15.102378,6.904477,12.555324,-4.596302,84.927370
1784109475564,5.240000,-10.859548,-14.664824,46.521025,34.489016,-49.153841,-20.483754,4.916843,10.123620,-2.160393,78.236400
1784109475584,5.260000,15.789404,11.306157,48.579894,28.820402,-17.514245,-21.982475,2.996113,7.776851,2.681363,67.269035
1784109475604,5.280000,3.365250,-1.335125,50.547201,26.166201,-27.501326,-17.047794,1.144824,5.519061,9.014579,53.730667
1784109475624,5.300000,36.499043,43.676735,52.418928,22.318744,21.357991,-3.299489,-0.634692,3.353864,16.050086,39.412445
1784109475644,5.320000,9.344296,41.494663,54.191510,23.384277,18.110386,16.952157,-2.340292,1.284469,23.786081,25.935308
1784109475664,5.340000,33.337320,79.980255,55.861862,24.136800,55.843455,37.298971,-3.970005,-0.686290,32.798234,14.507930
1784109475684,5.360000,29.255709,73.948230,57.427384,28.848403,45.099827,51.904407,-5.522022,-2.555926,43.079512,5.741289
1784109475704,5.380000,65.875280,120.877060,58.885974,32.611302,88.265758,60.743163,-6.994682,-4.322278,53.326710,-0.351893
1784109475724,5.400000,50.468440,126.432680,60.236080,41.001154,85.431526,67.709872,-8.386460,-5.983488,61.572582,-4.139595
1784109475744,5.420000,73.434740,159.022460,61.476733,49.380510,109.641950,72.714595,-9.695962,-7.537986,66.255538,-6.102317
1784109475764,5.440000,52.406030,147.214630,62.607559,60.530496,86.684134,71.247772,-10.921914,-8.984469,66.695791,-6.722767
1784109475784,5.460000,65.790650,163.966340,63.628747,69.604432,94.361908,60.850243,-12.063161,-10.321897,63.011369,-6.545094
1784109475804,5.480000,36.317368,145.761760,64.541001,79.667021,66.094739,43.551539,-13.118664,-11.549485,55.811544,-6.240063
1784109475824,5.500000,56.160660,168.993640,65.345463,86.986279,82.007361,25.151014,-14.087498,-12.666695,45.952480,-6.550950
1784109475844,5.520000,15.278236,136.156130,66.043646,96.015185,40.140945,8.420161,-14.968861,-13.673240,34.653489,-8.133999
1784109475864,5.540000,11.662271,157.914080,66.637341,100.808073,57.106007,-7.198038,-15.762073,-14.569083,23.467551,-11.403817
1784109475884,5.560000,-2.911658,134.656480,67.128515,107.291072,27.365408,-19.721738,-16.466584,-15.354441,13.505454,-16.471613
1784109475904,5.580000,10.651181,152.361800,67.519225,110.687959,41.673841,-28.163099,-17.081988,-16.029792,4.988117,-23.138937
1784109475924,5.600000,-31.590277,127.043490,67.811570,115.438902,11.604588,-34.143689,-17.608025,-16.595878,-2.102213,-30.882734
1784109475944,5.620000,-19.080614,150.327850,68.007642,117.017038,33.310812,-38.017869,-18.044602,-17.053710,-7.699722,-38.893850
1784109475964,5.640000,-33.267250,114.489060,68.109479,120.655063,-6.166003,-40.819184,-18.391796,-17.404576,-12.237215,-46.248120
1784109475984,5.660000,-25.648880,124.625770,68.119029,120.138094,4.487676,-45.516228,-18.649876,-17.650044,-16.743241,-52.120136
1784109476004,5.680000,-35.916300,84.814710,68.038155,120.509982,-35.695272,-52.722329,-18.819308,-17.791960,-21.997621,-55.888140
1784109476024,5.700000,-36.904995,88.678710,67.868642,116.612119,-27.933409,-60.808973,-18.900775,-17.832452,-27.571105,-57.143770
1784109476044,5.720000,-66.540140,60.633090,67.612196,113.270820,-52.637730,-66.328881,-18.895184,-17.773930,-31.670370,-55.738663
1784109476064,5.740000,-47.358727,80.211800,67.270408,107.213306,-27.001506,-64.861017,-18.803682,-17.619074,-32.236803,-51.876150
1784109476084,5.760000,-68.364980,56.029644,66.844741,103.535144,-47.505500,-56.092086,-18.627664,-17.370832,-28.471829,-46.106445
1784109476104,5.780000,-36.630130,77.664850,66.336534,97.608508,-19.943658,-43.586840,-18.368783,-17.032410,-21.658329,-39.140594
1784109476124,5.800000,-38.091305,46.711243,65.747060,94.293990,-47.582747,-31.736036,-18.028959,-16.607256,-14.831530,-31.560263
1784109476144,5.820000,-26.459955,41.471004,65.077592,88.052970,-46.581966,-26.209946,-17.610380,-16.099050,-11.373852,-23.613688
1784109476164,5.840000,-40.290270,9.171083,64.329478,81.769608,-72.598525,-28.351653,-17.115513,-15.511683,-13.511801,-15.258469
1784109476184,5.860000,-29.359715,0.542617,63.504165,72.739454,-72.196837,-33.766433,-16.547099,-14.849241,-21.527647,-6.425682
1784109476204,5.880000,-51.585960,-26.447958,62.603199,63.629887,-90.077845,-37.839252,-15.908157,-14.115985,-33.334661,2.691765
1784109476224,5.900000,-83.172195,-30.416330,61.628189,52.627335,-83.043665,-37.680696,-15.201979,-13.316331,-44.708540,11.508081
1784109476244,5.920000,-84.679450,-56.777813,60.580735,42.254971,-99.032784,-33.592970,-14.432123,-12.454828,-51.233839,19.104673
1784109476264,5.940000,-60.214860,-44.004967,59.462343,30.231764,-74.236731,-25.554966,-13.602408,-11.536135,-50.676851,24.474564
1784109476284,5.960000,-72.320670,-88.069130,58.274433,20.669738,-108.738868,-16.299421,-12.716903,-10.565005,-43.326149,26.946585
1784109476304,5.980000,-44.869110,-62.679268,57.018398,7.659578,-70.338846,-8.454521,-11.779912,-9.546261,-30.914721,26.602300
1784109476324,6.000000,-44.691110,-73.178820,55.695672,-1.481461,-71.697359,3.261409,-10.795961,-8.621088,-15.984076,24.363136
1784109476344,6.020000,-8.570436,-27.563421,54.307811,-10.709639,-16.853782,23.408483,-9.769778,-7.515073,-1.554613,21.649752
1784109476364,6.040000,-3.598739,-14.009775,52.856586,-14.403570,0.393795,51.261670,-8.706277,-6.375521,9.713208,19.873589
1784109476384,6.060000,17.049274,22.367908,51.344075,-16.326053,38.693961,80.232273,-7.610534,-5.207369,16.797053,20.046858
1784109476404,6.080000,-4.461819,24.725704,49.772728,-14.393532,39.119236,101.174424,-6.487765,-4.015549,21.000620,22.553368
1784109476424,6.100000,9.736399,35.459130,48.145369,-12.403431,47.862561,108.221880,-5.343302,-2.804977,24.998341,27.030676
1784109476444,6.120000,6.022347,13.378245,46.465156,-9.540450,22.918695,99.649890,-4.182569,-1.580550,30.713951,32.420135
1784109476464,6.140000,32.250973,14.074654,44.735554,-9.161569,23.236223,79.643380,-3.011056,-0.347134,37.765506,37.283474
1784109476484,6.160000,30.869213,0.420074,42.960340,-8.745694,9.165769,57.092391,-1.834292,0.890441,43.504300,40.324430
1784109476504,6.180000,59.668360,18.061205,41.143626,-9.719658,27.780863,40.807647,-0.657822,2.127381,44.435732,40.849580
1784109476524,6.200000,39.584420,-7.056443,39.289879,-8.839286,1.782844,31.456156,0.512822,3.358936,38.354219,38.905804
1784109476544,6.220000,32.677500,5.851745,37.403901,-10.533973,16.385718,23.829606,1.672147,4.580399,25.989958,35.037006
1784109476564,6.240000,1.084899,-10.859548,35.490751,-10.763696,-0.095852,16.540897,2.814720,5.787108,10.851493,29.824457
1784109476584,6.260000,0.924254,15.789404,33.555608,-12.610600,28.400004,12.295215,3.935196,6.974450,-2.595510,23.500513
1784109476604,6.280000,-19.234787,3.365250,31.603637,-11.624011,14.989261,12.456323,5.028343,8.137863,-10.999427,15.891781
1784109476624,6.300000,-5.708553,36.499043,29.639893,-11.972134,48.471177,15.827966,6.089064,9.272835,-13.413655,6.727406
1784109476644,6.320000,-2.663099,9.344296,27.669272,-9.033139,18.377435,18.485176,7.112418,10.374914,-11.438090,-3.913647
1784109476664,6.340000,17.281124,33.337320,25.696518,-9.106857,42.444177,16.206800,8.093646,11.439707,-8.067959,-15.316453
1784109476684,6.360000,4.301682,29.255709,23.726263,-6.832168,36.087877,12.397830,9.028189,12.462892,-5.877394,-26.181131
1784109476704,6.380000,19.651888,65.875280,21.763053,-5.241323,71.116603,13.350511,9.911711,13.440223,-5.818863,-35.003050
1784109476724,6.400000,-4.422772,50.468440,19.811351,-0.289461,50.757901,17.650359,10.740116,14.367542,-7.244607,-40.603848
1784109476744,6.420000,7.590890,73.434740,17.875506,2.527794,70.906946,19.045911,11.509571,15.240791,-8.911524,-42.545650
1784109476764,6.440000,10.004053,52.406030,15.959730,7.196793,45.209237,14.696708,12.216516,16.056027,-10.127420,-41.212490
1784109476784,6.460000,23.989386,65.790650,14.068084,9.198395,56.592255,5.523789,12.857689,16.809441,-10.803017,-37.529500
1784109476804,6.480000,-13.161763,36.317368,12.204495,12.199557,24.117811,-6.777756,13.430137,17.497374,-10.786297,-32.533978
1784109476824,6.500000,24.301012,56.160660,10.372742,11.914302,44.246358,-18.802777,13.931227,18.116340,-10.143011,-27.089270
1784109476844,6.520000,6.952215,15.278236,8.576429,13.533244,1.744992,-28.927144,14.358665,18.663048,-9.829730,-21.817041
1784109476864,6.540000,23.841372,11.662271,6.818998,10.943450,0.718822,-40.697439,14.710503,19.134427,-11.212528,-17.102478
1784109476884,6.560000,14.107697,-2.911658,5.103740,8.302359,-11.214017,-51.960550,14.985150,19.527654,-14.928188,-13.078556
1784109476904,6.580000,12.995116,10.651181,3.433799,4.572956,6.078225,-55.273625,15.181380,19.840178,-20.079509,-9.666261
1784109476924,6.600000,-9.468655,-31.590277,1.812147,2.614415,-34.204692,-53.665729,15.298336,20.069746,-24.292588,-6.737932
1784109476944,6.620000,3.160645,-19.080614,0.241537,-3.151361,-15.929253,-53.931104,15.335539,20.214438,-24.904962,-4.296191
1784109476964,6.640000,1.430733,-33.267250,-1.275535,-6.937599,-26.329651,-52.816838,15.292886,20.272685,-20.364705,-2.500626
1784109476984,6.660000,19.618986,-25.648880,-2.736828,-11.554078,-14.094802,-47.006806,15.170654,20.243301,-10.724472,-1.498536
1784109477004,6.680000,27.959038,-35.916300,-4.140311,-14.787076,-21.129224,-38.663410,14.969493,20.125504,2.683630,-1.184878
1784109477024,6.700000,47.116203,-36.904995,-5.484103,-18.520820,-18.384175,-30.944823,14.690431,19.918943,17.824230,-1.095334
1784109477044,6.720000,53.122060,-66.540140,-6.766403,-21.784289,-44.755851,-28.300181,14.334860,19.623711,32.442108,-0.532627
1784109477064,6.740000,75.040470,-47.358727,-7.985424,-27.337709,-20.021018,-28.825361,13.904529,19.240367,44.372767,1.160153
1784109477084,6.760000,71.825890,-68.364980,-9.139343,-30.199925,-38.165055,-26.265668,13.401534,18.769941,51.876561,4.340600
1784109477104,6.780000,82.752610,-36.630130,-10.226267,-34.548266,-2.081864,-18.197561,12.828304,18.213949,54.030605,8.924260
1784109477124,6.800000,74.879430,-38.091305,-11.244228,-35.169590,-2.921715,-3.983820,12.187582,17.574385,51.035469,14.379056
1784109477144,6.820000,65.267290,-26.459955,-12.191214,-35.751597,9.291642,11.297154,11.482406,16.853722,44.339578,19.829065
1784109477164,6.840000,40.020676,-40.290270,-13.065229,-35.064824,-5.225446,19.831353,10.716090,16.054898,36.122797,24.216087
1784109477184,6.860000,50.700195,-29.359715,-13.864389,-35.694267,6.334552,20.714220,9.892194,15.181308,28.078525,26.491570
1784109477204,6.880000,24.736662,-51.585960,-14.587008,-35.103652,-16.482308,16.721158,9.014498,14.241066,20.587131,25.850046
1784109477224,6.900000,42.158478,-83.172195,-15.231655,-36.596205,-46.575990,5.445626,8.086976,13.233277,13.006531,21.980108
1784109477244,6.920000,6.764702,-84.679450,-15.797197,-40.735721,-43.943729,-10.910194,7.113763,12.162423,4.626177,15.217319
1784109477264,6.940000,13.979056,-60.214860,-16.282830,-44.280960,-15.933900,-17.363854,6.099121,11.033309,-4.569462,6.463904
1784109477284,6.960000,-12.379254,-72.320670,-16.688138,-44.846455,-27.474215,-9.274510,5.047406,9.851023,-13.777650,-3.109928
1784109477304,6.980000,-11.813852,-44.869110,-17.013133,-46.353174,1.484064,4.328810,3.963038,8.620881,-21.628351,-12.401837
1784109477324,7.000000,-32.884632,-44.691110,-17.258295,-44.863622,0.172512,18.138019,2.850460,7.348374,-26.609967,-20.584738
1784109477344,7.020000,-28.390507,-8.570436,-17.424600,-43.404503,34.834067,31.390121,1.714107,6.039111,-27.734523,-27.146734
1784109477364,7.040000,-39.144825,-3.598739,-17.513529,-38.433992,34.835253,43.914718,0.558371,4.698761,-25.239317,-31.821075
1784109477384,7.060000,-18.946703,17.049274,-17.527043,-33.404433,50.453707,52.744086,-0.612431,3.332994,-20.853841,-34.472107
1784109477404,7.080000,-24.699497,-4.461819,-17.467533,-26.744490,22.282671,52.376173,-1.794091,1.947424,-17.166026,-34.983770
1784109477424,7.100000,-22.240757,9.736399,-17.337742,-22.844168,32.580567,42.031932,-2.982539,0.547549,-16.357700,-33.220790
1784109477444,7.120000,-31.888145,6.022347,-17.140715,-17.848512,23.870859,29.338893,-4.173875,-0.861297,-19.267312,-29.122705
1784109477464,7.140000,-37.072020,32.250973,-16.879767,-13.678704,45.929677,22.357119,-5.364391,-2.274004,-25.180056,-22.888030
1784109477484,7.160000,-50.021824,30.869213,-16.558479,-7.232059,38.101272,22.074503,-6.550603,-3.685723,-32.077504,-15.104665
1784109477504,7.180000,-52.520576,59.668360,-16.180702,-1.531967,61.200327,25.113263,-7.729267,-5.091918,-37.134719,-6.700990
1784109477524,7.200000,-71.932540,39.584420,-15.750564,6.533584,33.050836,25.899719,-8.897402,-6.488402,-37.508742,1.271498
1784109477544,7.220000,-50.896713,32.677500,-15.272469,11.755563,20.921937,17.082123,-10.052311,-7.871365,-31.448273,7.912875
1784109477564,7.240000,-53.632538,1.084899,-14.751072,15.693821,-14.608922,-2.724408,-11.191589,-9.237409,-19.149275,12.718285
1784109477584,7.260000,-21.649551,0.924254,-14.191195,15.939843,-15.015589,-25.756257,-12.313141,-10.583566,-2.719544,15.735171
1784109477604,7.280000,-13.072200,-19.234787,-13.597720,16.011402,-35.246189,-42.870288,-13.415190,-11.907315,14.676215,17.573492
1784109477624,7.300000,10.825150,-5.708553,-12.975456,13.910316,-19.618870,-49.479434,-14.496280,-13.206594,30.083125,19.220648
1784109477644,7.320000,-0.681248,-2.663099,-12.329028,13.256036,-15.919135,-44.532130,-15.555289,-14.479809,41.685673,21.678291
1784109477664,7.340000,25.905422,17.281124,-11.662800,12.867988,4.413136,-30.819862,-16.591421,-15.725830,48.786377,25.548660
1784109477684,7.360000,5.861730,4.301682,-10.980839,14.425936,-10.124254,-16.536666,-17.604214,-16.943995,51.283888,30.764006
1784109477704,7.380000,19.898140,19.651888,-10.286900,14.434415,5.217473,-8.108561,-18.593531,-18.134101,49.260562,36.588270
1784109477724,7.400000,4.761797,-4.422772,-9.584440,15.885360,-20.308132,-6.574058,-19.559561,-19.296393,42.791908,41.868760
1784109477744,7.420000,6.145212,7.590890,-8.876640,14.693576,-7.102686,-10.017865,-20.502808,-20.431555,32.182503,45.395065
1784109477764,7.440000,-19.765036,10.004053,-8.166451,14.737000,-4.732947,-11.614763,-21.424083,-21.540689,18.483431,46.207580
1784109477784,7.460000,-30.917340,23.989386,-7.456660,14.933748,9.055638,-6.779733,-22.324493,-22.625299,3.604571,43.762630
1784109477804,7.480000,-53.601173,-13.161763,-6.749980,16.414652,-29.576415,-3.101474,-23.205430,-23.687268,-10.284736,37.947170
1784109477824,7.500000,-52.698616,24.301012,-6.049135,13.979241,10.321771,-4.163130,-24.068552,-24.728837,-21.579881,29.026400
1784109477844,7.520000,-72.132675,6.952215,-5.356928,15.440157,-8.487942,-2.570126,-24.915768,-25.752573,-29.635702,17.619125
1784109477864,7.540000,-60.519524,23.841372,-4.676265,14.953276,8.888096,1.859664,-25.749218,-26.761341,-34.637912,4.694809
1784109477884,7.560000,-81.045650,14.107697,-4.010164,16.109207,-2.001510,5.458028,-26.571247,-27.758277,-37.237642,-8.491630
1784109477904,7.580000,-62.238760,12.995116,-3.361746,16.101701,-3.106585,6.062798,-27.384385,-28.746745,-38.220464,-20.577700
1784109477924,7.600000,-85.797455,-9.468655,-2.734206,15.914850,-25.383505,1.000177,-28.191315,-29.730306,-38.354975,-30.340721
1784109477944,7.620000,-61.154167,3.160645,-2.130793,13.495367,-10.334722,-6.354453,-28.994850,-30.712676,-38.402893,-36.921165
1784109477964,7.640000,-64.401220,1.430733,-1.554765,12.547074,-11.116341,-8.560755,-29.797894,-31.697687,-38.854603,-39.933520
1784109477984,7.660000,-81.497950,19.618986,-1.009345,11.496633,8.122353,-3.040525,-30.603413,-32.689237,-39.341659,-39.449642
1784109478004,7.680000,-70.234000,27.959038,-0.497694,12.286761,15.672277,7.743632,-31.414401,-33.691251,-38.856880,-35.935580
1784109478024,7.700000,-61.949547,47.116203,-0.022897,13.717916,33.398287,20.142718,-32.233837,-34.707628,-36.673797,-30.171890
1784109478044,7.720000,-59.818800,53.122060,0.412067,16.731159,36.390901,30.457688,-33.064655,-35.742190,-32.462693,-23.094656
1784109478064,7.740000,-57.420020,75.040470,0.804384,19.826780,55.213690,37.469951,-33.909698,-36.798637,-25.876497,-15.562976
1784109478084,7.760000,-46.778877,71.825890,1.151440,24.488944,47.336946,40.773649,-34.771686,-37.880486,-16.746434,-8.190223
1784109478104,7.780000,-33.219270,82.752610,1.450869,28.064739,54.687871,39.123682,-35.653169,-38.991023,-5.616406,-1.332326
1784109478124,7.800000,-21.199190,74.879430,1.700599,32.024604,42.854826,32.948609,-36.556495,-40.133245,6.141292,4.850115
1784109478144,7.820000,-4.163567,65.267290,1.898925,34.497379,30.769911,22.292704,-37.483768,-41.309808,16.739536,10.351777
1784109478164,7.840000,-6.134045,40.020676,2.044562,35.517327,4.503349,6.160941,-38.436814,-42.522972,24.581649,15.272645
1784109478184,7.860000,8.876330,50.700195,2.136687,33.820831,16.879364,-10.300593,-39.417144,-43.774550,28.663250,19.706057
1784109478204,7.880000,4.834073,24.736662,2.174946,33.204397,-8.467735,-21.091304,-40.425924,-45.065855,28.798366,23.607956
1784109478224,7.900000,4.586643,42.158478,2.159453,30.068012,12.090466,-25.691068,-41.463943,-46.397654,25.884277,26.733496
1784109478244,7.920000,-13.744055,6.764702,2.090746,28.875113,-22.110411,-27.048723,-42.531589,-47.770127,21.794883,28.665564
1784109478264,7.940000,-2.101457,13.979056,1.969729,24.406800,-10.427744,-29.754266,-43.628824,-49.182819,18.598614,28.906763
1784109478284,7.960000,-15.454582,-12.379254,1.797602,21.183621,-33.562875,-33.716336,-44.755165,-50.634613,17.776736,27.024042
1784109478304,7.980000,0.513076,-11.813852,1.575819,15.928427,-27.742279,-37.076299,-45.909670,-52.123701,20.029264,22.838560
1784109478324,8.000000,-15.683935,-32.884632,1.306057,11.515025,-44.399657,-39.106541,-47.090926,-53.647558,25.349885,16.582287
1784109478344,8.020000,9.926247,-28.390507,0.990202,5.871812,-34.262319,-38.645170,-48.297044,-55.202934,32.941003,8.908978
1784109478364,8.040000,5.950948,-39.144825,0.630337,1.615806,-40.760631,-34.789835,-49.525653,-56.785846,41.237596,0.751278
1784109478384,8.060000,23.296955,-18.946703,0.228763,-2.822854,-16.123849,-26.235244,-50.773910,-58.391583,48.445963,-6.881236
1784109478404,8.080000,10.593393,-24.699497,-0.211991,-4.562399,-20.137098,-13.625249,-52.038500,-60.014722,53.202245,-13.100814
1784109478424,8.100000,27.886698,-22.240757,-0.689168,-6.411714,-15.829043,-2.436657,-53.315653,-61.649151,54.830562,-17.327509
1784109478444,8.120000,10.740850,-31.888145,-1.199809,-7.577985,-24.310160,2.746685,-54.601160,-63.288104,53.409495,-19.421774
1784109478464,8.140000,4.453335,-37.072020,-1.740781,-9.246311,-27.825709,2.114188,-55.890394,-64.924209,49.684621,-19.703718
1784109478484,8.160000,-5.393284,-50.021824,-2.308851,-10.903218,-39.118606,-2.270055,-57.178337,-66.549544,44.431685,-18.854918
1784109478504,8.180000,-12.072849,-52.520576,-2.900756,-13.290680,-39.229896,-7.301309,-58.459609,-68.155699,37.647273,-17.738535
1784109478524,8.200000,-23.212180,-71.932540,-3.513275,-15.414223,-56.518317,-11.645744,-59.728503,-69.733853,28.353269,-17.170680
1784109478544,8.220000,-27.108376,-50.896713,-4.143294,-19.153547,-31.743166,-12.612604,-60.979022,-71.274857,15.214434,-17.695710
1784109478564,8.240000,-55.348130,-53.632538,-4.787856,-20.408259,-33.224279,-6.199623,-62.204918,-72.769322,-2.282016,-19.462616
1784109478584,8.260000,-75.279200,-21.649551,-5.444241,-21.911236,0.261685,7.161596,-63.399737,-74.207711,-22.857423,-22.280853
1784109478604,8.280000,-112.161285,-13.072200,-6.110066,-19.900022,6.827822,24.491840,-64.556859,-75.580436,-43.534263,-25.821380
1784109478624,8.300000,-124.819340,10.825150,-6.783400,-17.014518,27.839669,40.779860,-65.669550,-76.877959,-60.769428,-29.821619
1784109478644,8.320000,-140.548300,-0.681248,-7.462870,-11.606568,10.925321,49.368434,-66.731004,-78.090887,-71.761380,-34.134365
1784109478664,8.340000,-143.479950,25.905422,-8.147714,-7.683931,33.589353,49.118528,-67.734391,-79.210068,-75.123468,-38.574398
1784109478684,8.360000,-143.640200,5.861730,-8.837771,-1.090466,6.952196,43.426522,-68.672902,-80.226685,-70.932726,-42.696940
1784109478704,8.380000,-132.123980,19.898140,-9.533442,2.938737,16.959403,33.728308,-69.539797,-81.132341,-60.515726,-45.700180
1784109478724,8.400000,-119.589386,4.761797,-10.235594,8.130713,-3.368916,22.400697,-70.328448,-81.919141,-46.030701,-46.534733
1784109478744,8.420000,-104.882256,6.145212,-10.945447,11.238678,-5.093466,11.044300,-71.032382,-82.579767,-29.867878,-44.160904
1784109478764,8.440000,-97.641754,-19.765036,-11.664437,14.086173,-33.851209,-1.604898,-71.645322,-83.107537,-14.175421,-37.846542
1784109478784,8.460000,-76.831180,-30.917340,-12.394103,13.717595,-44.634935,-16.418559,-72.161226,-83.496467,-0.727471,-27.415384
1784109478804,8.480000,-75.090195,-53.601173,-13.135974,11.837648,-65.438821,-31.409667,-72.574326,-83.741316,9.145721,-13.365138
1784109478824,8.500000,-65.203080,-52.698616,-13.891487,7.282976,-59.981592,-41.687769,-72.879158,-83.837620,14.753857,3.186312
1784109478844,8.520000,-71.259420,-72.132675,-14.661922,2.718275,-74.850950,-44.815530,-73.070603,-83.781720,16.114744,20.691212
1784109478864,8.540000,-64.221410,-60.519524,-15.448379,-3.995084,-56.524440,-41.334069,-73.143910,-83.570782,13.843210,37.424023
1784109478884,8.560000,-81.987430,-81.045650,-16.251775,-9.412147,-71.633503,-33.576668,-73.094728,-83.202796,9.023853,51.740177
1784109478904,8.580000,-77.240200,-62.238760,-17.072864,-16.976532,-45.262228,-24.012888,-72.919131,-82.676580,2.980289,62.307770
1784109478924,8.600000,-91.359550,-85.797455,-17.912273,-22.368351,-63.429104,-14.288495,-72.613642,-81.991763,-3.059207,68.280420
1784109478944,8.620000,-80.837860,-61.154167,-18.770528,-30.152466,-31.001701,-5.199071,-72.175252,-81.148762,-8.062462,69.395070
1784109478964,8.640000,-101.630720,-64.401220,-19.648077,-35.066420,-29.334800,5.952906,-71.601441,-80.148756,-11.030784,65.987890
1784109478984,8.660000,-92.206010,-81.497950,-20.545307,-40.170050,-41.327900,14.926778,-70.890193,-78.993642,-11.132449,58.904522
1784109479004,8.680000,-95.120026,-70.234000,-21.462565,-46.890000,-23.344000,17.565067,-70.040008,-77.685994,-8.303637,49.310333
1784109479024,8.700000,-79.259540,-61.949547,-22.400146,-52.116010,-9.833537,21.101330,-69.049914,-76.229009,-3.616602,38.481980
1784109479044,8.720000,-72.391430,-59.818800,-23.358264,-56.208671,-3.610129,28.402386,-67.919476,-74.626454,1.134495,27.663050
1784109479064,8.740000,-66.941280,-57.420020,-24.336999,-59.849574,2.429554,35.110153,-66.648797,-72.882600,4.387347,17.970093
1784109479084,8.760000,-68.944496,-46.778877,-25.336256,-63.010599,16.231722,39.642132,-65.238526,-71.002168,5.558191,10.268165
1784109479104,8.780000,-66.730100,-33.219270,-26.355749,-64.829382,31.610112,44.292534,-63.689855,-68.990257,5.038857,5.003281
1784109479124,8.800000,-65.512820,-21.199190,-27.395006,-65.055836,43.856646,50.008294,-62.004520,-66.852283,3.687384,2.094197
1784109479144,8.820000,-73.452530,-4.163567,-28.453376,-63.927998,59.764431,55.625475,-60.184792,-64.593917,2.246457,0.985621
1784109479164,8.840000,-64.571920,-6.134045,-29.530052,-60.989245,54.855200,58.092517,-58.233475,-62.221018,0.759871,0.854351
1784109479184,8.860000,-52.165077,8.876330,-30.624080,-58.330244,67.206574,55.249065,-56.153896,-59.739580,-1.524924,0.882110
1784109479204,8.880000,-69.318040,4.834073,-31.734350,-54.156338,58.990411,48.503192,-53.949891,-57.155670,-5.319133,0.494641
1784109479224,8.900000,-63.173690,4.586643,-32.859604,-50.549895,55.136538,38.250292,-51.625796,-54.475385,-10.501550,-0.540409
1784109479244,8.920000,-63.693756,-13.744055,-33.998451,-47.082360,33.338305,23.422217,-49.186432,-51.704797,-16.094655,-2.193513
1784109479264,8.940000,-71.646760,-2.101457,-35.149404,-45.633340,43.531883,7.264996,-46.637085,-48.849923,-20.374266,-4.332231
1784109479284,8.960000,-75.964780,-15.454582,-36.310899,-42.956077,27.501495,-5.009451,-43.983491,-45.916685,-21.207347,-6.827395
1784109479304,8.980000,-56.340427,0.513076,-37.481324,-41.734500,42.247577,-11.938457,-41.231817,-42.910884,-16.976641,-9.563085
1784109479324,9.000000,-50.137300,-15.683935,-38.659017,-38.830662,23.146727,-15.377721,-38.388634,-39.968717,-7.212165,-12.374515
1784109479344,9.020000,-33.142467,9.926247,-39.842228,-37.702846,47.629093,-16.672208,-35.460903,-36.834869,7.468148,-14.955579
1784109479364,9.040000,-11.090385,5.950948,-41.029057,-33.900250,39.851197,-14.638527,-32.455945,-33.643494,25.435332,-16.816782
1784109479384,9.060000,10.143053,23.296955,-42.217386,-30.679065,53.976020,-10.755705,-29.381419,-30.399719,44.079622,-17.367817
1784109479404,9.080000,29.062178,10.593393,-43.404798,-25.799246,36.392639,-9.176382,-26.245300,-27.108545,60.158337,-16.094913
1784109479424,9.100000,52.044740,27.886698,-44.588502,-22.495564,50.382262,-11.062243,-23.055848,-23.774865,70.494816,-12.735226
1784109479444,9.120000,49.989082,10.740850,-45.765279,-17.563022,28.303872,-15.156368,-19.821589,-20.403489,72.960860,-7.397041
1784109479464,9.140000,53.313564,4.453335,-46.931471,-14.683843,19.137178,-22.867058,-16.551285,-16.999171,67.312149,-0.627856
1784109479484,9.160000,32.829190,-5.393284,-48.083023,-12.596364,7.203080,-33.467404,-13.253910,-13.566646,55.278255,6.579854
1784109479504,9.180000,17.031597,-12.072849,-49.215589,-11.614030,-0.458819,-42.734588,-9.938626,-10.110665,39.719168,12.876327
1784109479524,9.200000,8.681671,-23.212180,-50.324666,-11.330915,-11.881265,-49.054192,-6.614758,-6.636039,23.225733,16.774126
1784109479544,9.220000,3.082776,-27.108376,-51.405732,-12.154668,-14.953708,-52.259845,-3.291766,-3.147683,7.243409,17.010130
1784109479564,9.240000,-14.038634,-55.348130,-52.454350,-13.255404,-42.092726,-54.886586,0.020779,0.349340,-7.641971,12.948536
1784109479584,9.260000,-23.298847,-75.279200,-53.466256,-17.114622,-58.164578,-60.993977,3.313218,3.849765,-21.048795,4.821132
1784109479604,9.280000,-27.141483,-112.161285,-54.437442,-22.665333,-89.495952,-71.085642,6.575837,7.348086,-32.514037,-6.336156
1784109479624,9.300000,-36.529984,-124.819340,-55.364220,-31.512731,-93.306609,-80.920898,9.798885,10.838501,-41.331262,-18.990175
1784109479644,9.320000,-49.123460,-140.548300,-56.243271,-40.905909,-99.642391,-83.674504,12.972612,14.314872,-46.584771,-31.482428
1784109479664,9.340000,-37.689064,-143.479950,-57.071673,-51.104744,-92.375206,-76.268443,16.087291,17.770676,-47.780807,-42.337390
1784109479684,9.360000,-32.687970,-143.640200,-57.846919,-60.721882,-82.918318,-60.327096,19.133251,21.198971,-45.428985,-50.444263
1784109479704,9.380000,-26.282898,-132.123980,-58.566877,-69.508144,-62.615836,-38.360378,22.100911,24.592357,-40.829190,-55.090120
1784109479724,9.400000,-16.271122,-119.589386,-59.229741,-76.326485,-43.262901,-12.997336,24.980809,27.942948,-35.523389,-55.906710
1784109479744,9.420000,-1.877560,-104.882256,-59.833969,-81.226687,-23.655569,12.503797,27.763640,31.242353,-30.822521,-52.836758
1784109479764,9.440000,-7.330692,-97.641754,-60.378226,-84.142783,-13.498971,34.037108,30.440292,34.481654,-27.327767,-46.153930
1784109479784,9.460000,8.936438,-76.831180,-60.861336,-86.003948,9.172768,50.186477,33.001879,37.651413,-24.775713,-36.485043
1784109479804,9.480000,4.721236,-75.090195,-61.282251,-85.521447,10.431252,61.424031,35.439785,40.741665,-22.339370,-24.775846
1784109479824,9.500000,15.710751,-65.203080,-61.640029,-84.845250,19.642170,66.745469,37.745696,43.741946,-19.066308,-12.178707
1784109479844,9.520000,21.467487,-71.259420,-61.933812,-83.175353,11.915933,65.669066,39.911647,46.641313,-14.330681,0.130032
1784109479864,9.540000,39.729805,-64.221410,-62.162806,-82.231662,18.010252,59.864594,41.930053,49.428393,-8.046871,11.162023
1784109479884,9.560000,36.042225,-81.987430,-62.326236,-80.634051,-1.353379,50.717413,43.793755,52.091431,-0.521661,20.281725
1784109479904,9.580000,56.440174,-77.240200,-62.423322,-80.969573,3.729373,39.300103,45.496056,54.618362,7.562559,27.254095
1784109479924,9.600000,62.208412,-91.359550,-62.453242,-80.794004,-10.565546,28.271561,47.030760,56.996889,14.957117,32.168000
1784109479944,9.620000,82.727460,-80.837860,-62.415110,-82.070977,1.233117,20.229787,48.392210,59.214579,20.087268,35.304848
1784109479964,9.640000,79.584724,-101.630720,-62.307933,-82.178564,-19.452156,14.717968,49.575320,61.258968,21.876851,37.026320
1784109479984,9.660000,78.561325,-92.206010,-62.130602,-84.390649,-7.815361,9.674775,50.575614,63.117676,20.409856,37.671620
1784109480004,9.680000,77.056625,-95.120026,-61.881907,-85.457625,-9.662401,6.840090,51.389256,64.778537,16.751129,37.429920
1784109480024,9.700000,77.898140,-79.259540,-61.560593,-86.723752,7.464212,8.610551,52.013078,66.229730,12.280243,36.251015
1784109480044,9.720000,69.540570,-72.391430,-61.165398,-86.267347,13.875917,14.580612,52.444608,67.459925,8.197802,33.893513
1784109480064,9.740000,64.808400,-66.941280,-60.695111,-85.146348,18.205068,21.194736,52.682095,68.458429,5.069403,30.094988
1784109480084,9.760000,70.207860,-68.944496,-60.148619,-83.556859,14.612363,23.677985,52.724528,69.215332,2.278804,24.748459
1784109480104,9.780000,82.382040,-66.730100,-59.524945,-82.283813,15.553713,21.037061,52.571656,69.721660,-1.778700,18.016424
1784109480124,9.800000,68.057940,-65.512820,-58.823246,-80.862709,15.349889,15.942540,52.223997,69.969521,-8.265102,10.376750
1784109480144,9.820000,60.545975,-73.452530,-58.042829,-79.397895,5.945365,9.952807,51.682857,69.952250,-16.475980,2.548611
1784109480164,9.840000,39.856340,-64.571920,-57.183190,-78.802968,14.231048,4.154835,50.950327,69.664543,-23.931843,-4.748712
1784109480184,9.860000,39.005306,-52.165077,-56.244095,-77.296928,25.131851,2.672513,50.029294,69.102614,-27.890019,-11.087097
1784109480204,9.880000,48.485260,-69.318040,-55.225635,-74.610276,5.292236,3.374518,48.923436,68.278076,-26.906509,-16.426370
1784109480224,9.900000,50.976390,-63.173690,-54.128239,-73.815448,10.641758,0.213806,47.637218,67.175012,-21.206821,-20.907923
1784109480244,9.920000,52.803010,-63.693756,-52.952641,-72.390014,8.696258,-4.615604,46.175881,65.794459,-12.158435,-24.534143
1784109480264,9.940000,71.953690,-71.646760,-51.699841,-71.062763,-0.583997,-8.774308,44.545431,64.139346,-1.859249,-27.018473
1784109480284,9.960000,79.682590,-75.964780,-50.371049,-70.566058,-5.398722,-13.774531,42.752623,62.214548,7.347664,-27.887583
1784109480304,9.980000,83.224785,-56.340427,-48.967622,-70.452955,14.112528,-15.951923,40.804932,60.026914,13.839832,-26.706055
1784109480324,10.000000,76.439545,-50.137300,-47.491019,-68.302565,18.165265,-10.979868,38.710535,57.585271,17.392284,-23.291954
1784109480344,10.020000,82.276910,-33.142467,-45.942788,-65.670891,32.528424,-1.490365,36.478274,54.900404,18.951773,-17.875920
1784109480364,10.040000,71.935020,-11.090385,-44.324574,-61.546741,50.456356,9.622511,34.117623,51.985010,19.991135,-11.145942
1784109480384,10.060000,70.862885,10.143053,-42.638141,-55.602051,65.745104,21.587810,31.638646,48.853622,21.873592,-4.113755
1784109480404,10.080000,78.177530,29.062178,-40.885386,-48.133391,77.195569,32.043976,29.051957,45.522517,25.307518,2.162066
1784109480424,10.100000,72.163140,52.044740,-39.068348,-39.558880,91.603620,39.331231,26.368664,42.009584,30.240439,6.872564
1784109480444,10.120000,68.263180,49.989082,-37.189202,-29.624798,79.613880,41.025075,23.600323,38.334178,36.010749,9.644588
1784109480464,10.140000,75.197690,53.313564,-35.250265,-20.983785,74.297349,33.924234,20.758876,34.516951,41.206587,10.550694
1784109480484,10.160000,75.969574,32.829190,-33.253990,-12.986150,45.815340,17.932950,17.856593,30.579652,43.736704,9.982264
1784109480504,10.180000,75.131730,17.031597,-31.202954,-7.927431,24.959028,-4.863672,14.906008,26.544926,41.791051,8.488498
1784109480524,10.200000,53.628727,8.681671,-29.099849,-5.025079,13.706750,-28.174725,11.919847,22.436080,35.107363,6.629427
1784109480544,10.220000,41.096542,3.082776,-26.947509,-3.307049,6.389825,-44.313582,8.910966,18.276852,25.429515,4.809103
1784109480564,10.240000,20.594662,-14.038634,-24.748975,-2.370426,-11.668208,-52.898407,5.892271,14.091165,15.877580,3.114011
1784109480584,10.260000,-2.036718,-23.298847,-22.507573,-3.253447,-20.045400,-58.124132,2.876648,9.902878,9.640982,1.278465
1784109480604,10.280000,-2.697816,-27.141483,-20.226982,-4.965771,-22.175712,-60.538127,-0.123113,5.735539,8.367385,-1.153369
1784109480624,10.300000,4.604385,-36.529984,-17.911276,-6.871636,-29.658348,-59.282621,-3.094393,1.612142,11.169946,-4.520844
1784109480644,10.320000,0.935183,-49.123460,-15.564900,-9.480577,-39.642883,-56.771321,-6.024821,-2.445104,15.248149,-8.736360
1784109480664,10.340000,-1.663556,-37.689064,-13.192608,-13.007130,-24.681934,-52.446589,-8.902352,-6.414998,17.479542,-13.158909
1784109480684,10.360000,-10.135258,-32.687970,-10.799421,-14.989134,-17.698836,-42.324375,-11.715336,-10.277551,15.633581,-16.780420
1784109480704,10.380000,-18.169939,-26.282898,-8.390592,-16.240057,-10.042841,-27.817565,-14.452592,-14.014166,8.941322,-18.651722
1784109480724,10.400000,-37.922188,-16.271122,-5.971604,-16.714566,0.443444,-13.132991,-17.103479,-17.607800,-1.678757,-18.290258
1784109480744,10.420000,-63.049590,-1.877560,-3.548185,-16.165785,14.288225,0.656552,-19.657965,-21.043100,-13.917325,-15.859390
1784109480764,10.440000,-74.271780,-7.330692,-1.126346,-14.312117,6.981425,11.343615,-22.106685,-24.306511,-25.127356,-12.094437
1784109480784,10.460000,-87.290280,8.936438,1.287570,-13.251178,22.187616,17.206225,-24.441002,-27.386351,-33.514528,-8.037159
1784109480804,10.480000,-92.088840,4.721236,3.686883,-10.800007,15.521243,20.203596,-26.653065,-30.272864,-38.621409,-4.658536
1784109480824,10.500000,-102.667244,15.710751,6.064588,-9.132633,24.843384,21.534506,-28.735851,-32.958242,-41.137133,-2.508262
1784109480844,10.520000,-98.323810,21.467487,8.413398,-6.702329,28.169816,22.762432,-30.683214,-35.436615,-42.462896,-1.553789
1784109480864,10.540000,-106.178560,39.729805,10.725799,-4.138534,43.868339,26.177545,-32.489916,-37.704017,-44.096349,-1.267815
1784109480884,10.560000,-107.103440,36.042225,12.994113,-0.290369,36.332594,30.247650,-34.151662,-39.758329,-46.895116,-0.882375
1784109480904,10.580000,-118.694280,56.440174,15.210558,2.535376,53.904798,32.591095,-35.665117,-41.599198,-50.617009,0.314829
1784109480924,10.600000,-119.010120,62.208412,17.367297,6.754167,55.454245,34.486417,-37.027929,-43.227935,-53.997933,2.739285
1784109480944,10.620000,-130.304870,82.727460,19.456477,10.743129,71.984331,37.196984,-38.238729,-44.647399,-55.270691,6.396246
1784109480964,10.640000,-121.651640,79.584724,21.470269,15.916716,63.668008,38.867225,-39.297139,-45.861870,-52.923080,10.931145
1784109480984,10.660000,-119.009000,78.561325,23.400920,19.823960,58.737365,35.355681,-40.203762,-46.876909,-46.358946,15.816193
1784109481004,10.680000,-106.005970,77.056625,25.240834,22.828706,54.227919,26.274620,-40.960166,-47.699220,-36.149201,20.584532
1784109481024,10.700000,-93.726240,77.898140,26.982665,25.002411,52.895729,16.053200,-41.568870,-48.336503,-23.911974,25.003237
1784109481044,10.720000,-67.976380,69.540570,28.619428,26.686648,42.853922,6.989789,-42.033310,-48.797312,-11.798770,29.118440
1784109481064,10.740000,-66.385440,64.808400,30.144624,27.063170,37.745230,-1.456178,-42.357807,-49.090921,-1.514196,33.171910
1784109481084,10.760000,-53.469420,70.207860,31.552339,26.663483,43.544377,-7.698470,-42.547530,-49.227192,6.487991,37.422638
1784109481104,10.780000,-49.087173,82.382040,32.837316,26.602309,55.779731,-7.964747,-42.608444,-49.216458,12.952324,41.933400
1784109481124,10.800000,-48.451860,68.057940,33.994996,27.555262,40.502678,-4.944344,-42.547267,-49.069413,19.064112,46.420788
1784109481144,10.820000,-38.506638,60.545975,35.021531,26.807645,33.738330,-6.366070,-42.371410,-48.797019,25.341757,50.263653
1784109481164,10.840000,-14.580423,39.856340,35.913799,25.238291,14.618049,-14.592995,-42.088918,-48.410424,30.889488,52.696888
1784109481184,10.860000,-12.733263,39.005306,36.669434,21.610695,17.394611,-25.085948,-41.708412,-47.920891,33.977608,53.110410
1784109481204,10.880000,-13.874703,48.485260,37.286867,18.147537,30.337723,-29.266109,-41.239020,-47.339747,33.408052,51.276844
1784109481224,10.900000,-12.952890,50.976390,37.765311,15.925661,35.050729,-23.602204,-40.690310,-46.678335,29.182188,47.348540
1784109481244,10.920000,-16.311312,52.803010,38.104728,14.161234,38.641776,-13.815059,-40.072223,-45.947986,22.347162,41.646183
1784109481264,10.940000,-28.104101,71.953690,38.305765,12.776168,59.177522,-3.681505,-39.395003,-45.159993,14.628476,34.439075
1784109481284,10.960000,-38.483510,79.682590,38.369679,13.546607,66.135983,7.185241,-38.669124,-44.325596,7.688027,25.872694
1784109481304,10.980000,-30.708668,83.224785,38.298248,15.146175,68.078610,15.798068,-37.905219,-43.455975,2.053101,16.034964
1784109481324,11.000000,-27.705402,76.439545,38.093708,17.083367,59.356178,17.662645,-37.114013,-42.562239,-3.184448,5.100840
1784109481344,11.020000,-28.333075,82.276910,37.758719,18.267699,64.009211,13.475543,-36.306247,-41.655428,-9.298136,-6.506094
1784109481364,11.040000,-28.388916,71.935020,37.296348,20.050648,51.884372,6.983354,-35.492612,-40.746500,-16.366435,-18.053865
1784109481384,11.060000,-47.069170,70.862885,36.710039,20.721014,50.141871,-0.228123,-34.683683,-39.846330,-22.457490,-28.650414
1784109481404,11.080000,-44.130207,78.177530,36.003547,21.313510,56.864020,-5.258511,-33.889847,-38.965697,-24.246111,-37.544785
1784109481424,11.100000,-45.304794,72.163140,35.180879,22.687326,49.475814,-6.502281,-33.121245,-38.115267,-18.767365,-44.365234
1784109481444,11.120000,-24.108473,68.263180,34.246250,23.409824,44.853356,-7.598391,-32.387709,-37.305568,-5.175702,-49.110870
1784109481464,11.140000,-3.730300,75.197690,33.204106,23.743661,51.454029,-9.220406,-31.698702,-36.540943,14.414095,-51.908783
1784109481484,11.160000,31.915365,75.969574,32.059180,24.814367,51.155207,-8.844302,-31.063265,-35.837910,35.395740,-52.722336
1784109481504,11.180000,54.661907,75.131730,30.816606,25.919278,49.212452,-7.369635,-30.489965,-35.206418,52.459707,-51.224976
1784109481524,11.200000,60.664482,53.628727,29.482014,26.878060,26.750667,-9.504207,-29.986850,-34.656093,61.937634,-46.946655
1784109481544,11.220000,50.519430,41.096542,28.061580,25.607764,15.488778,-18.210729,-29.561405,-34.196188,63.145407,-39.655150
1784109481564,11.240000,42.121643,20.594662,26.561987,23.220510,-2.625848,-30.507239,-29.220514,-33.835519,57.748287,-29.789389
1784109481584,11.260000,43.825974,-2.036718,24.990326,19.029767,-21.066485,-42.807726,-28.970429,-33.582400,48.083780,-18.653326
1784109481604,11.280000,28.464176,-2.697816,23.353985,13.015982,-15.713797,-50.956379,-28.816745,-33.444567,36.186579,-8.162517
1784109481624,11.300000,22.082735,4.604385,21.660544,7.582163,-2.977777,-48.516766,-28.764371,-33.429108,23.872642,-0.244677
1784109481644,11.320000,1.418554,0.935183,19.917670,3.482844,-2.547661,-36.287670,-28.817521,-33.542387,12.965434,3.749545
1784109481664,11.340000,-9.851088,-1.663556,18.132997,-0.499081,-1.164475,-22.671743,-28.979698,-33.789975,4.970357,3.330446
1784109481684,11.360000,-11.996325,-10.135258,16.314015,-4.256291,-5.878967,-13.704509,-29.253690,-34.176581,0.318018,-1.167660
1784109481704,11.380000,-15.844244,-18.169939,14.467984,-8.381511,-9.788428,-10.318281,-29.641564,-34.705989,-2.044145,-8.770568
1784109481724,11.400000,-14.007360,-37.922188,12.601892,-12.775258,-25.146930,-11.762688,-30.144673,-35.381003,-4.200161,-18.068825
1784109481744,11.420000,-15.772234,-63.049590,10.722435,-18.543634,-44.505956,-18.126898,-30.763662,-36.203395,-8.169962,-27.441477
1784109481764,11.440000,-23.852419,-74.271780,8.836008,-26.029963,-48.241817,-26.567837,-31.498476,-37.173870,-14.625663,-35.334763
1784109481784,11.460000,-48.607025,-87.290280,6.948681,-33.633194,-53.657086,-31.203538,-32.348378,-38.292033,-22.217711,-40.581210
1784109481804,11.480000,-57.274950,-92.088840,5.066140,-41.478053,-50.610787,-29.442414,-33.311964,-39.556371,-28.337919,-42.670100
1784109481824,11.500000,-48.760970,-102.667244,3.193624,-48.694542,-53.972702,-23.019441,-34.387188,-40.964249,-30.682086,-41.822567
1784109481844,11.520000,-58.557930,-98.323810,1.335893,-55.887669,-42.436141,-14.084052,-35.571380,-42.511912,-28.020153,-38.766530
1784109481864,11.540000,-61.744020,-106.178560,-0.502760,-61.576306,-44.602254,-4.027555,-36.861278,-44.194504,-20.282578,-34.319786
1784109481884,11.560000,-39.916718,-107.103440,-2.318492,-67.108366,-39.995074,4.727122,-38.253050,-46.006095,-8.981635,-29.051435
1784109481904,11.580000,-33.647568,-118.694280,-4.107864,-71.809009,-46.885271,10.143402,-39.742329,-47.939723,2.720843,-23.170866
1784109481924,11.600000,-19.872140,-119.010120,-5.867759,-76.796005,-42.214115,12.507758,-41.324242,-49.987444,11.137642,-16.587550
1784109481944,11.620000,-34.223473,-130.304870,-7.595309,-80.923700,-49.381170,13.356062,-42.993442,-52.140398,13.506467,-9.071045
1784109481964,11.640000,-29.170065,-121.651640,-9.287853,-85.345816,-36.305824,14.840016,-44.744145,-54.388875,8.734641,-0.510820
1784109481984,11.660000,-47.249910,-119.009000,-10.942945,-88.090509,-30.918491,19.593709,-46.570158,-56.722400,-2.403581,8.812419
1784109482004,11.680000,-62.296560,-106.005970,-12.558383,-89.956701,-16.049269,27.829330,-48.464922,-59.129819,-17.158412,18.128340
1784109482024,11.700000,-89.331215,-93.726240,-14.132274,-90.072623,-3.653617,37.970604,-50.421541,-61.599395,-31.160005,26.317795
1784109482044,11.720000,-107.982730,-67.976380,-15.663117,-88.758612,20.782232,49.579196,-52.432820,-64.118903,-39.818324,32.192780
1784109482064,11.740000,-111.552260,-66.385440,-17.149892,-84.938579,18.553139,59.958550,-54.491299,-66.675734,-40.453266,34.805233
1784109482084,11.760000,-95.825300,-53.469420,-18.592097,-81.295998,27.826578,64.278313,-56.589290,-69.256999,-33.824718,33.756030
1784109482104,11.780000,-79.484800,-49.087173,-19.989716,-76.739308,27.652135,62.278527,-58.718904,-71.849632,-23.710551,29.463793
1784109482124,11.800000,-73.697105,-48.451860,-21.343110,-72.230629,23.778769,55.857861,-60.872092,-74.440491,-14.698252,23.237558
1784109482144,11.820000,-76.790770,-38.506638,-22.652906,-68.140871,29.634233,47.299180,-63.040669,-77.016462,-9.904415,16.976858
1784109482164,11.840000,-83.082380,-14.580423,-23.919934,-63.518639,48.938216,42.369603,-65.216349,-79.564552,-10.090440,12.524258
1784109482184,11.860000,-92.375850,-12.733263,-25.145200,-57.047816,44.314553,42.319204,-67.390773,-82.071985,-14.190036,10.977829
1784109482204,11.880000,-101.442370,-13.874703,-26.329899,-51.101389,37.226686,39.970649,-69.555536,-84.526290,-20.415539,12.340838
1784109482224,11.900000,-107.858300,-12.952890,-27.475433,-45.909760,32.956870,31.301844,-71.702214,-86.915377,-27.213299,15.661140
1784109482244,11.920000,-107.623690,-16.311312,-28.583428,-41.181480,24.870168,19.080693,-73.822391,-89.227620,-33.587154,19.520386
1784109482264,11.940000,-118.163590,-28.104101,-29.655732,-37.302611,9.198510,5.331720,-75.907680,-91.451920,-38.681114,22.595490
1784109482284,11.960000,-123.751780,-38.483510,-30.694406,-35.067262,-3.416248,-9.518035,-77.949748,-93.577767,-41.243077,24.046957
1784109482304,11.980000,-121.233410,-30.708668,-31.701722,-34.212383,3.503715,-21.396715,-79.940334,-95.595293,-39.645158,23.629808
1784109482324,12.000000,-112.655520,-27.705402,-32.680142,-32.766464,5.061062,-25.334363,-81.871278,-96.912346,-32.240301,21.597971
1784109482344,12.020000,-115.746910,-28.333075,-33.632272,-31.264470,2.931395,-23.335826,-83.734531,-98.677328,-17.808468,18.542715
1784109482364,12.040000,-87.265625,-28.388916,-34.560802,-30.088128,1.699212,-20.780000,-85.522181,-100.312046,3.550907,15.237704
1784109482384,12.060000,-74.519390,-47.069170,-35.468418,-29.156810,-17.912360,-22.061750,-87.226469,-101.809777,29.362249,12.498399
1784109482404,12.080000,-9.175575,-44.130207,-36.357679,-30.393775,-13.736432,-27.527102,-88.839809,-103.164571,54.859294,11.085046
1784109482424,12.100000,-19.350681,-45.304794,-37.230849,-31.402049,-13.902745,-31.307236,-90.354807,-104.371263,74.956061,11.664025
1784109482444,12.120000,-0.951948,-24.108473,-38.089743,-32.614413,8.505940,-27.595625,-91.764281,-105.425474,86.532499,14.706177
1784109482464,12.140000,-4.332485,-3.730300,-38.935667,-31.679176,27.948876,-14.415626,-93.061281,-106.323607,88.999138,20.212420
1784109482484,12.160000,-7.421115,31.915365,-39.769419,-28.815218,60.730583,6.284481,-94.239111,-107.062845,83.656178,27.423440
1784109482504,12.180000,-25.449830,54.661907,-40.591345,-22.564923,77.226830,29.108786,-95.291353,-107.641137,73.011068,34.807180
1784109482524,12.200000,-41.243880,60.664482,-41.401423,-14.501456,75.165938,44.883930,-96.211887,-108.057177,59.905206,40.414030
1784109482544,12.220000,-49.223312,50.519430,-42.199383,-6.493311,57.012741,45.050195,-96.994922,-108.310383,46.479181,42.409450
1784109482564,12.240000,-61.853806,42.121643,-42.984822,-0.213214,42.334857,29.891234,-97.635020,-108.400868,33.690784,39.560238
1784109482584,12.260000,-76.716930,43.825974,-43.757287,4.642749,39.183225,9.329008,-98.127122,-108.329401,21.595758,31.552011
1784109482604,12.280000,-78.484530,28.464176,-44.516362,9.225808,19.238368,-8.157057,-98.466577,-108.097371,9.926063,19.054900
1784109482624,12.300000,-101.233660,22.082735,-45.261728,11.807073,10.275662,-21.955584,-98.649174,-107.706731,-1.303630,3.518185
1784109482644,12.320000,-106.958220,1.418554,-45.993219,13.472723,-12.054168,-33.870040,-98.671165,-107.159954,-11.451175,-13.219287
1784109482664,12.340000,-119.033570,-9.851088,-46.710882,12.839346,-22.690434,-44.928394,-98.529299,-106.459964,-19.454985,-29.349167
1784109482684,12.360000,-120.778420,-11.996325,-47.415011,11.065047,-23.061372,-52.361613,-98.220844,-105.610082,-24.261489,-43.401783
1784109482704,12.380000,-140.740220,-15.844244,-48.106173,9.191488,-25.035732,-52.823815,-97.743619,-104.613954,-25.339520,-54.383390
1784109482724,12.400000,-118.212220,-14.007360,-48.785211,7.067051,-21.074411,-47.349767,-97.096019,-103.475479,-23.437102,-61.768555
1784109482744,12.420000,-118.725500,-15.772234,-49.453226,5.305400,-21.077634,-38.915502,-96.277036,-102.198744,-20.755556,-65.395510
1784109482764,12.440000,-108.123170,-23.852419,-50.111507,3.517600,-27.370019,-31.422403,-95.286281,-100.787951,-19.787591,-65.314920
1784109482784,12.460000,-118.042650,-48.607025,-50.761465,1.066057,-49.673082,-29.791787,-94.124008,-99.247344,-21.733216,-61.690365
1784109482804,12.480000,-119.012840,-57.274950,-51.404587,-3.693225,-53.581725,-34.499483,-92.791126,-97.581149,-25.766431,-54.847424
1784109482824,12.500000,-129.916990,-48.760970,-52.042423,-8.925840,-39.835130,-36.841186,-91.289215,-95.793509,-29.425719,-45.423954
1784109482844,12.520000,-132.424010,-58.557930,-52.676598,-12.839733,-45.718197,-31.096715,-89.620538,-93.888432,-29.815519,-34.435060
1784109482864,12.540000,-129.362230,-61.744020,-53.308816,-17.412270,-44.331750,-22.179864,-87.788048,-91.869742,-25.155272,-23.125814
1784109482884,12.560000,-110.492386,-39.916718,-53.940848,-21.919179,-17.997539,-11.344355,-85.795395,-89.741046,-15.922537,-12.652469
1784109482904,12.580000,-99.825320,-33.647568,-54.574468,-23.827307,-9.820261,4.058776,-83.646921,-87.505703,-4.846502,-3.739244
1784109482924,12.600000,-76.504330,-19.872140,-55.211374,-24.948897,5.076757,20.519108,-81.347666,-85.166814,4.265041,3.516841
1784109482944,12.620000,-78.250380,-34.223473,-55.853081,-24.598828,-9.624645,30.933324,-78.903354,-82.727218,8.247219,9.574508
1784109482964,12.640000,-75.884150,-29.170065,-56.500859,-25.771625,-3.398440,31.889425,-76.320391,-80.189507,5.976324,15.115590
1784109482984,12.660000,-89.619490,-47.249910,-57.155713,-26.374154,-20.875756,26.088777,-73.605844,-77.556048,-1.291260,20.603691
1784109483004,12.680000,-92.780014,-62.296560,-57.818409,-28.810718,-33.485842,15.717663,-70.767429,-74.829025,-10.630321,25.964201
1784109483024,12.700000,-112.176865,-89.331215,-58.489535,-32.617610,-56.713605,1.602195,-67.813491,-72.010492,-18.727890,30.553339
1784109483044,12.720000,-97.785800,-107.982730,-59.169559,-38.891448,-69.091282,-13.593996,-64.752976,-69.102441,-23.240909,33.427933
1784109483064,12.740000,-103.887375,-111.552260,-59.858870,-46.562764,-64.989496,-23.956666,-61.595404,-66.106872,-23.532609,33.782380
1784109483084,12.760000,-74.060960,-95.825300,-60.557770,-53.973420,-41.851880,-21.931155,-58.350841,-63.025893,-20.274472,31.354544
1784109483104,12.780000,-103.596750,-79.484800,-61.266444,-59.182118,-20.302682,-5.864560,-55.029858,-59.861807,-14.510377,26.607513
1784109483124,12.800000,-74.101210,-73.697105,-61.984936,-62.311634,-11.385471,16.078828,-51.643500,-56.617223,-7.591152,20.571083
1784109483144,12.820000,-60.443260,-76.790770,-62.713130,-64.605301,-12.185469,32.107509,-48.203236,-53.295165,-1.775917,14.447951
1784109483164,12.840000,-46.959923,-83.082380,-63.450708,-67.026779,-16.055601,36.551828,-44.720923,-49.899185,0.395859,9.268698
1784109483184,12.860000,-51.829400,-92.375850,-64.197089,-69.877999,-22.497851,31.536604,-41.208752,-46.433494,-2.098370,5.741013
1784109483204,12.880000,-53.273050,-101.442370,-64.951399,-73.413519,-28.028851,22.278327,-37.679201,-42.912153,-7.721137,4.181421
1784109483224,12.900000,-72.926180,-107.858300,-65.712509,-77.537799,-30.320501,13.489385,-34.144982,-39.329831,-12.991612,4.406852
1784109483244,12.920000,-57.621280,-107.623690,-66.479093,-81.918198,-25.705492,8.546975,-30.618986,-35.693258,-14.349620,5.688293
1784109483264,12.940000,-55.485977,-118.163590,-67.249686,-85.846996,-32.316594,7.257292,-27.114229,-32.010296,-9.983972,6.960472
1784109483284,12.960000,-23.610163,-123.751780,-68.022681,-90.443840,-33.307940,6.331383,-23.643792,-28.290006,-0.363725,7.276179
1784109483304,12.980000,-18.825974,-121.233410,-68.796289,-95.137418,-26.095992,5.661814,-20.220764,-24.542709,12.535346,6.258034
1784109483324,13.000000,3.105617,-112.655520,-69.568474,-99.088751,-13.566769,8.444254,-16.858180,-20.780021,26.258054,4.258562
1784109483344,13.020000,9.767424,-115.746910,-70.336897,-101.741640,-14.005270,14.114083,-13.568966,-17.014865,38.250416,2.125458
1784109483364,13.040000,42.241558,-87.265625,-71.098886,-104.383950,17.118325,21.736628,-10.365875,-13.261460,45.921922,0.753911
1784109483384,13.060000,26.109894,-74.519390,-71.851394,-103.813720,29.294330,33.103462,-7.261427,-9.535286,47.172243,0.709988
1784109483404,13.080000,48.339740,-9.175575,-72.591001,-101.902071,92.726496,51.122572,-4.267855,-5.853017,41.136776,2.057450
1784109483424,13.100000,26.574966,-19.350681,-73.313940,-93.440907,74.090226,71.465608,-1.397045,-2.232432,28.709653,4.354402
1784109483444,13.120000,18.513336,-0.951948,-74.016172,-86.648764,85.696816,79.564571,1.339524,1.307696,12.757324,6.753128
1784109483464,13.140000,-3.992483,-4.332485,-74.693494,-78.478799,74.146314,71.628513,3.930829,4.747751,-2.504135,8.173402
1784109483484,13.160000,-6.479188,-7.421115,-75.341675,-71.250589,63.829474,53.939029,6.366356,8.067428,-13.053110,7.543043
1784109483504,13.180000,-7.974922,-25.449830,-75.956570,-64.843712,39.393882,30.450869,8.636156,11.245929,-16.609855,4.093588
1784109483524,13.200000,4.707733,-41.243880,-76.534190,-60.688927,19.445047,4.283774,10.730887,14.262166,-13.344408,-2.331913
1784109483544,13.220000,16.796854,-49.223312,-77.070714,-58.351929,9.128617,-19.778721,12.641866,17.094986,-5.553173,-11.079174
1784109483564,13.240000,35.499416,-61.853806,-77.562459,-56.874177,-4.979629,-37.283619,14.361106,19.723409,3.424597,-20.736944
1784109483584,13.260000,40.785965,-76.716930,-78.005826,-56.644216,-20.072714,-49.066495,15.881363,22.126879,10.560395,-29.480803
1784109483604,13.280000,50.594630,-78.484530,-78.397254,-57.771383,-20.713147,-56.398384,17.196172,24.285516,14.161736,-35.595060
1784109483624,13.300000,42.519760,-101.233660,-78.733200,-58.807564,-42.426096,-60.454666,18.299877,26.180380,14.133073,-37.979465
1784109483644,13.320000,49.987877,-106.958220,-79.010156,-61.878211,-45.080009,-63.828620,19.187669,27.793727,11.487713,-36.453037
1784109483664,13.340000,36.047134,-119.033570,-79.224681,-65.077708,-53.955862,-65.692639,19.855613,29.109261,7.513169,-31.747498
1784109483684,13.360000,48.336230,-120.778420,-79.373445,-69.034792,-51.743628,-63.961298,20.300666,30.112380,3.061304,-25.211020
1784109483704,13.380000,34.897070,-140.740220,-79.453273,-72.637945,-68.102275,-60.128365,20.520707,30.790401,-1.686560,-18.357552
1784109483724,13.400000,37.959300,-118.212220,-79.461182,-77.757425,-40.454795,-53.511789,20.514547,31.132778,-7.007840,-12.447825
1784109483744,13.420000,28.775940,-118.725500,-79.394414,-79.971209,-38.754291,-40.294536,20.281947,31.131292,-13.338710,-8.247924
1784109483764,13.440000,25.258337,-108.123170,-79.250482,-81.875168,-26.248002,-23.450597,19.823624,30.780212,-20.985453,-5.999522
1784109483784,13.460000,3.100586,-118.042650,-79.027214,-82.383656,-35.658994,-10.153242,19.141260,30.076442,-29.958345,-5.545129
1784109483804,13.480000,13.249555,-119.012840,-78.722804,-83.699453,-35.313387,-4.186269,18.237501,29.019625,-40.062891,-6.511982
1784109483824,13.500000,-9.530659,-129.916990,-78.335863,-84.851913,-45.065077,-4.423303,17.115959,27.612218,-50.732907,-8.457152
1784109483844,13.520000,-17.731201,-132.424010,-77.865455,-86.861932,-45.562078,-7.141676,15.781204,25.859538,-60.538975,-10.938782
1784109483864,13.540000,-33.152412,-129.362230,-77.311136,-88.810319,-40.551911,-7.932998,14.238757,23.769768,-67.264965,-13.553647
1784109483884,13.560000,-25.354841,-110.492386,-76.672997,-90.151270,-20.341116,-2.167967,12.495076,21.353925,-68.613155,-15.969892
1784109483904,13.580000,-33.676617,-99.825320,-75.951674,-89.366301,-10.459019,10.517741,10.557540,18.625800,-62.775300,-17.915045
1784109483924,13.600000,-18.909842,-76.504330,-75.148320,-87.497326,10.992996,26.108117,8.434431,15.601853,-48.858217,-19.095957
1784109483944,13.620000,-4.032803,-78.250380,-74.264547,-83.396680,5.146300,38.775260,6.134906,12.301080,-27.452683,-19.120098
1784109483964,13.640000,31.504976,-75.884150,-73.302329,-79.812328,3.928178,42.659694,3.668976,8.744844,-0.853233,-17.487160
1784109483984,13.660000,44.171272,-89.619490,-72.263860,-76.298221,-13.321269,36.332074,1.047468,4.956672,27.525692,-13.649587
1784109484004,13.680000,78.602390,-92.780014,-71.151399,-74.473800,-18.306214,23.517791,-1.718009,0.962025,54.059239,-7.140360
1784109484024,13.700000,84.919490,-112.176865,-69.967134,-73.125237,-39.051628,8.817698,-4.615104,-3.211959,75.611859,2.225267
1784109484044,13.720000,106.120810,-97.785800,-68.713074,-73.836414,-23.949386,-2.363937,-7.630769,-7.536752,90.029879,14.135499
1784109484064,13.740000,89.266624,-103.887375,-67.390989,-73.031912,-30.855463,-5.498519,-10.751310,-11.982735,96.359440,27.667948
1784109484084,13.760000,104.557020,-74.060960,-66.002403,-72.916752,-1.144208,-0.088817,-13.962443,-16.519517,94.690693,41.345566
1784109484104,13.780000,77.410870,-103.596750,-64.548633,-69.843611,-33.753139,7.437179,-17.249350,-21.116271,86.040164,53.364136
1784109484124,13.800000,61.427895,-74.101210,-63.030861,-70.034842,-4.066368,10.312555,-20.596749,-25.742065,72.385267,61.929386
1784109484144,13.820000,32.013880,-60.443260,-61.450249,-67.275013,6.831753,14.305810,-23.988955,-30.366206,56.198698,65.587600
1784109484164,13.840000,24.285263,-46.959923,-59.808079,-63.450700,16.490777,22.945642,-27.409962,-34.958568,39.592914,63.466660
1784109484184,13.860000,-9.435617,-51.829400,-58.105881,-58.693710,6.864310,28.884734,-30.843510,-39.489917,23.944597,55.427320
1784109484204,13.880000,-22.227938,-53.273050,-56.345542,-54.925940,1.652890,26.609931,-34.273171,-43.932211,9.942498,42.124970
1784109484224,13.900000,-49.955650,-72.926180,-54.529401,-51.699732,-21.226448,15.733547,-37.682429,-48.258885,-2.521095,24.926010
1784109484244,13.920000,-49.020905,-57.621280,-52.660328,-50.756196,-6.865084,2.454335,-41.054760,-52.445103,-14.386885,5.665095
1784109484264,13.940000,-76.627560,-55.485977,-50.741765,-48.380525,-7.105452,-3.991834,-44.373723,-56.467976,-26.796080,-13.660005
1784109484284,13.960000,-86.151210,-23.610163,-48.777743,-46.029871,22.419708,0.295438,-47.623037,-60.306744,-40.036979,-31.169355
1784109484304,13.980000,-119.822120,-18.825974,-46.772904,-40.765220,21.939246,11.895299,-50.786673,-63.942920,-53.007439,-45.358597
1784109484324,14.000000,-124.363785,3.105617,-44.732524,-35.593653,38.699270,23.211351,-53.848931,-67.360387,-63.611968,-55.319427
1784109484344,14.020000,-140.922160,9.767424,-42.662532,-28.826478,38.593902,29.772488,-56.794527,-70.545459,-69.565576,-60.820835
1784109484364,14.040000,-134.736560,42.241558,-40.569489,-22.166605,64.408163,33.501011,-59.608670,-73.486885,-68.894009,-62.166687
1784109484384,14.060000,-152.364790,26.109894,-38.460533,-13.086844,39.196738,34.107576,-62.277139,-76.175825,-60.258047,-59.904680
1784109484404,14.080000,-120.757310,48.339740,-36.343294,-6.671772,55.011512,28.713097,-64.786356,-78.605776,-43.653923,-54.566517
1784109484424,14.100000,-116.082150,26.574966,-34.225778,1.123604,25.451362,18.332116,-67.123458,-80.772463,-21.083632,-46.536120
1784109484444,14.120000,-74.741610,18.513336,-32.116199,5.790839,12.722497,2.656345,-69.276361,-82.673695,3.658429,-36.019566
1784109484464,14.140000,-70.598700,-3.992483,-30.022784,9.012837,-13.005320,-17.351419,-71.233823,-84.307477,26.052514,-23.089590
1784109484484,14.160000,-39.155293,-6.479188,-27.953585,9.522811,-16.001999,-35.781464,-72.985501,-85.678653,42.168222,-7.834738
1784109484504,14.180000,-43.845314,-7.974922,-25.916324,9.579717,-17.554639,-46.152178,-74.522003,-86.789972,49.830917,9.397826
1784109484524,14.200000,-37.114310,4.707733,-23.918284,9.311870,-4.604137,-45.224410,-75.834939,-87.645389,49.417720,27.781107
1784109484544,14.220000,-72.740234,16.796854,-21.966275,10.116593,6.680261,-34.712271,-76.916963,-88.249846,43.678814,45.926357
1784109484564,14.240000,-58.829117,35.499416,-20.066662,11.777345,23.722071,-18.974232,-77.761812,-88.609042,36.201035,61.992905
1784109484584,14.260000,-90.460860,40.785965,-18.225425,14.802541,25.983424,-3.812044,-78.364339,-88.729209,29.474617,74.010110
1784109484604,14.280000,-71.851710,50.594630,-16.448216,17.691121,32.903509,6.040834,-78.720544,-88.616896,23.786480,80.365800
1784109484624,14.300000,-94.793884,42.519760,-14.740388,20.874734,21.645026,8.593456,-78.827599,-88.278773,17.251325,80.290230
1784109484644,14.320000,-74.892430,49.987877,-13.107006,22.565453,27.422424,5.366513,-78.683858,-87.721447,6.952699,74.104760
1784109484664,14.340000,-107.390870,36.047134,-11.552847,24.445297,11.601837,-0.446664,-78.288877,-86.951307,-9.074483,63.108967
1784109484684,14.360000,-117.236115,48.336230,-10.082417,24.415124,23.921106,-5.816526,-77.643418,-85.974385,-30.041120,49.153820
1784109484704,14.380000,-168.402920,34.897070,-8.700020,25.250863,9.646207,-8.719963,-76.749447,-84.796264,-52.194683,34.058254
1784109484724,14.400000,-167.675770,37.959300,-7.409866,24.360389,13.598911,-10.551510,-75.610127,-83.421993,-70.575068,19.106424
1784109484744,14.420000,-186.444890,28.775940,-6.216180,23.565029,5.210911,-12.425404,-74.229808,-81.856056,-81.299095,4.887605
1784109484764,14.440000,-168.844640,25.258337,-5.123242,21.682702,3.575635,-14.391249,-72.614003,-80.102360,-82.670556,-8.425785
1784109484784,14.460000,-173.333180,3.100586,-4.135359,19.413466,-16.312880,-18.283592,-70.769365,-78.164262,-74.982469,-20.578875
1784109484804,14.480000,-141.854400,13.249555,-3.256783,15.043296,-1.793741,-22.580499,-68.703652,-76.044621,-59.916607,-30.893198
1784109484824,14.500000,-132.698070,-9.530659,-2.491599,11.961335,-21.491994,-24.171448,-66.425686,-73.745893,-40.033520,-38.298640
1784109484844,14.520000,-99.044860,-17.731201,-1.843582,6.862451,-24.593652,-25.578730,-63.945312,-71.270236,-18.369546,-41.657990
1784109484864,14.540000,-76.817665,-33.152412,-1.316055,1.440655,-34.593067,-28.344701,-61.273338,-68.619653,1.977858,-40.159214
1784109484884,14.560000,-44.433080,-25.354841,-0.911731,-4.921435,-20.433406,-28.464784,-58.421486,-65.796149,18.607949,-33.594913
1784109484904,14.580000,-51.887270,-33.676617,-0.632590,-9.873333,-23.803284,-23.176534,-55.402326,-62.801904,30.679254,-22.476622
1784109484924,14.600000,-16.603384,-18.909842,-0.479790,-15.134724,-3.775118,-13.446121,-52.229209,-59.639459,38.978148,-8.019107
1784109484944,14.620000,-35.110500,-4.032803,-0.453637,-18.479720,14.446917,0.705579,-48.916200,-56.311905,45.146186,7.989009
1784109484964,14.640000,-9.586820,31.504976,-0.553591,-20.200334,51.705310,20.535637,-45.478002,-52.823078,50.555935,23.445885
1784109484984,14.660000,-11.587075,44.171272,-0.778285,-18.643017,62.814289,42.909013,-41.929879,-49.177741,55.164404,36.316257
1784109485004,14.680000,20.395258,78.602390,-1.125547,-16.500282,95.102672,62.166310,-38.287582,-45.381762,57.242961,45.046143
1784109485024,14.700000,9.873375,84.919490,-1.592409,-11.891779,96.811269,74.947436,-34.567263,-41.442277,54.558384,48.874744
1784109485044,14.720000,17.917450,106.120810,-2.175120,-7.883359,114.004169,79.584530,-30.785402,-37.367832,46.101704,47.904728
1784109485064,14.740000,-1.888663,89.266624,-2.869209,-3.053456,92.320080,74.665703,-26.958716,-33.168500,33.070964,42.868540
1784109485084,14.760000,-6.549445,104.557020,-3.669584,-1.084497,105.641517,61.734826,-23.104084,-28.855973,18.687409,34.710342
1784109485104,14.780000,-37.708050,77.410870,-4.570671,1.441938,75.968932,44.845060,-19.238463,-24.443622,6.900494,24.229715
1784109485124,14.800000,-12.357042,61.427895,-5.566551,0.543864,60.884031,23.846655,-15.378803,-19.946529,0.401093,11.971771
1784109485144,14.820000,-22.562756,32.013880,-6.651069,-2.119110,34.132990,-0.767348,-11.541970,-15.381474,-0.671505,-1.607318
1784109485164,14.840000,6.516483,24.285263,-7.817872,-7.394880,31.680143,-23.154844,-7.744660,-10.766902,1.622281,-15.836619
1784109485184,14.860000,-4.969125,-9.435617,-9.060407,-12.756576,3.320959,-39.825322,-4.003327,-6.122837,4.297443,-29.637192
1784109485204,14.880000,22.907223,-22.227938,-10.371919,-20.484389,-1.743549,-52.107050,-0.334098,-1.470774,4.636026,-41.633392
1784109485224,14.900000,3.349086,-49.955650,-11.745449,-28.170193,-21.785457,-60.971747,3.247302,3.166469,1.021820,-50.532764
1784109485244,14.920000,24.481739,-49.020905,-13.173855,-37.201225,-11.819680,-64.763221,6.725622,7.764932,-6.580833,-55.540060
1784109485264,14.940000,-7.572971,-76.627560,-14.649848,-44.635797,-31.991763,-63.384764,10.086161,12.299722,-16.598090,-56.592987
1784109485284,14.960000,10.357253,-86.151210,-16.166062,-53.541763,-32.609447,-60.759454,13.314838,16.745251,-26.405601,-54.354190
1784109485304,14.980000,-15.235422,-119.822120,-17.715128,-62.054474,-57.767646,-60.442782,16.398259,21.075496,-33.334177,-49.992107
1784109485324,15.000000,6.967707,-124.363785,-19.289746,-72.862637,-51.501148,-61.570981,19.323783,25.242800,-35.692537,-44.826138
1784109485344,15.020000,-5.756350,-140.922160,-20.882728,-82.870076,-58.052084,-59.500513,22.079583,29.292966,-33.493429,-39.946440
1784109485364,15.040000,30.464514,-134.736560,-22.487016,-93.462109,-41.274451,-50.925150,24.654707,33.144906,-28.592584,-35.928745
1784109485384,15.060000,25.180560,-152.364790,-24.095660,-102.185487,-50.179303,-37.874006,27.039133,36.773535,-23.907887,-32.730290
1784109485404,15.080000,51.346020,-120.757310,-25.701777,-111.687364,-9.069946,-21.451795,29.223819,40.154951,-21.914273,-29.797424
1784109485424,15.100000,29.732376,-116.082150,-27.298521,-116.612385,0.530235,0.347762,31.200755,43.266738,-23.330821,-26.364601
1784109485444,15.120000,34.887620,-74.741610,-28.879089,-120.025746,45.284136,26.232894,32.963002,46.088265,-27.013465,-21.859917
1784109485464,15.140000,33.386864,-70.598700,-30.436772,-118.059170,47.460470,51.070487,34.504731,48.600957,-31.039175,-16.235401
1784109485484,15.160000,42.038960,-39.155293,-31.965006,-114.965162,75.809869,68.992385,35.821261,50.788550,-33.679187,-10.013833
1784109485504,15.180000,34.226944,-43.845314,-33.457394,-107.942543,64.097229,76.822648,36.909084,52.637314,-33.547009,-4.017585
1784109485524,15.200000,44.981410,-37.114310,-34.907732,-101.106751,63.992441,73.135606,37.765889,54.136252,-29.653989,1.015612
1784109485544,15.220000,45.445220,-72.740234,-36.310024,-93.329097,20.588863,56.462902,38.390580,55.277253,-21.865113,4.684765
1784109485564,15.240000,76.075320,-58.829117,-37.658486,-89.238955,30.409838,31.887254,38.783287,56.055216,-11.206642,6.984809
1784109485584,15.260000,65.338180,-90.460860,-38.947514,-83.480935,-6.979925,8.829257,38.945372,56.468125,0.469946,8.259152
1784109485604,15.280000,101.828060,-71.851710,-40.171649,-81.010651,9.158941,-7.783741,38.879425,56.517094,11.117574,9.086996
1784109485624,15.300000,86.773150,-94.793884,-41.325542,-76.408227,-18.385657,-16.975227,38.589258,56.206353,19.071264,10.096274
1784109485644,15.320000,108.380585,-74.892430,-42.403935,-74.202079,-0.690351,-20.503023,38.079890,55.543203,23.551030,11.739770
1784109485664,15.340000,87.264850,-107.390870,-43.401668,-69.798435,-37.592435,-22.651014,37.357523,54.537924,24.806050,14.118579
1784109485684,15.360000,107.928925,-117.236115,-44.313711,-68.842246,-48.393869,-29.780331,36.429510,53.203640,23.891000,16.926977
1784109485704,15.380000,78.313940,-168.402920,-45.135204,-68.776322,-99.626598,-45.467563,35.304325,51.556147,22.413267,19.541964
1784109485724,15.400000,94.700200,-167.675770,-45.861522,-73.853124,-93.822646,-64.235473,33.991510,49.613706,22.175626,21.222000
1784109485744,15.420000,78.057130,-186.444890,-46.488325,-78.330501,-108.114389,-74.488502,32.501628,47.396807,24.636051,21.337790
1784109485764,15.440000,93.494900,-168.844640,-47.011604,-84.253531,-84.591109,-69.837849,30.846203,44.927896,30.531566,19.563812
1784109485784,15.460000,87.187170,-173.333180,-47.427708,-87.737890,-85.595290,-52.977290,29.037650,42.231092,39.799011,15.990010
1784109485804,15.480000,104.427980,-141.854400,-47.733341,-91.223582,-50.630818,-29.409603,27.089210,39.331878,51.651689,11.125771
1784109485824,15.500000,103.098230,-132.698070,-47.925551,-90.991377,-41.706693,-3.362059,25.014859,36.256788,64.751483,5.783506
1784109485844,15.520000,118.902985,-99.044860,-48.001706,-89.614783,-9.430077,21.621212,22.829232,33.033085,77.432307,0.875802
1784109485864,15.540000,103.151170,-76.817665,-47.959469,-84.671842,7.854177,43.924597,20.547526,29.688439,87.777078,-2.813727
1784109485884,15.560000,130.051850,-44.433080,-47.796795,-77.629720,33.196640,62.929273,18.185405,26.250617,93.509052,-4.825887
1784109485904,15.580000,108.833090,-51.887270,-47.511925,-67.642997,15.755727,73.478955,15.758896,22.747179,92.368911,-5.116819
1784109485924,15.600000,109.235830,-16.603384,-47.103393,-59.053491,42.450107,73.587533,13.284285,19.205194,83.254699,-4.022575
1784109485944,15.620000,57.834633,-35.110500,-46.570076,-47.420440,12.309940,66.739386,10.778010,15.650980,66.997605,-2.175626
1784109485964,15.640000,51.392757,-9.586820,-45.911300,-38.512067,28.925247,55.143321,8.256543,12.109868,45.830470,-0.453965
1784109485984,15.660000,4.156076,-11.587075,-45.126983,-27.652255,16.065180,43.484833,5.736283,8.605991,22.198239,0.092014
1784109486004,15.680000,-2.319952,20.395258,-44.217768,-17.838080,38.233338,36.504695,3.233443,5.162115,-1.899291,-1.541262
1784109486024,15.700000,-63.666325,9.873375,-43.185143,-5.571639,15.445014,32.651803,0.763930,1.799492,-24.958548,-5.978462
1784109486044,15.720000,-55.364258,17.917450,-42.031543,4.588142,13.329308,25.593086,-1.656756,-1.462245,-46.061921,-13.218770
1784109486064,15.740000,-99.721350,-1.888663,-40.760429,14.670958,-16.559621,11.823960,-4.013637,-4.605159,-64.766701,-22.597971
1784109486084,15.760000,-105.750940,-6.549445,-39.376318,21.843228,-28.392673,-7.026678,-6.292358,-7.613051,-80.423996,-32.923306
1784109486104,15.780000,-141.798300,-37.708050,-37.884797,27.875275,-65.583325,-28.335634,-8.479287,-10.471469,-91.769250,-42.717052
1784109486124,15.800000,-133.251560,-12.357042,-36.292514,30.193545,-42.550587,-44.899829,-10.561605,-13.167696,-97.329462,-50.519817
1784109486144,15.820000,-156.311250,-22.562756,-34.607136,34.803169,-57.365925,-48.868918,-12.527394,-15.690710,-96.079727,-55.157930
1784109486164,15.840000,-142.339780,6.516483,-32.837270,37.890006,-31.373523,-41.427701,-14.365711,-18.031127,-88.056174,-55.871870
1784109486184,15.860000,-141.406070,-4.969125,-30.992345,43.497507,-48.466632,-29.551421,-16.066663,-20.181115,-74.960957,-52.305546
1784109486204,15.880000,-106.910126,22.907223,-29.082457,47.282985,-24.375762,-18.912046,-17.621459,-22.131820,-60.149924,-44.429394
1784109486224,15.900000,-114.458910,3.349086,-27.118173,53.310124,-49.961039,-12.346460,-19.022465,-23.880881,-47.500331,-32.459180
1784109486244,15.920000,-78.185000,24.481739,-25.110334,56.584108,-32.102369,-10.563179,-20.263245,-25.425058,-39.726231,-16.829850
1784109486264,15.940000,-120.424590,-7.572971,-23.069882,61.391142,-68.964113,-13.276858,-21.338586,-26.762276,-37.168563,1.726504
1784109486284,15.960000,-94.169390,10.357253,-21.007762,62.259021,-51.901768,-19.076947,-22.244524,-27.891524,-37.996784,22.032053
1784109486304,15.980000,-115.455610,-15.235422,-18.934855,64.526712,-79.762134,-24.284437,-22.978351,-28.812756,-39.589615,42.412220
1784109486324,16.000000,-92.312546,6.967707,-16.861939,63.713316,-56.745609,-25.832070,-23.538615,-29.526820,-39.586552,60.914936
1784109486344,16.020000,-112.854890,-5.756350,-14.799620,64.845840,-70.602190,-22.194991,-23.925111,-30.035389,-36.166692,75.766075
1784109486364,16.040000,-81.926140,30.464514,-12.758269,64.239733,-33.775219,-12.574313,-24.138864,-30.340911,-28.298724,85.819580
1784109486384,16.060000,-91.553350,25.180560,-10.747954,66.867473,-41.686913,1.698751,-24.182097,-30.446580,-16.140007,90.771220
1784109486404,16.080000,-45.506200,51.346020,-8.778343,68.248544,-16.902524,15.846283,-24.058196,-30.356311,-1.163956,91.109780
1784109486424,16.100000,-53.653670,29.732376,-6.858602,71.571573,-41.839197,23.907733,-23.771669,-30.074739,14.274927,87.915520
1784109486444,16.120000,-10.449471,34.887620,-4.997268,71.913450,-37.025830,22.360105,-23.328087,-29.607226,27.727452,82.575380
1784109486464,16.140000,-12.944254,33.386864,-3.202148,72.231503,-38.844639,15.985318,-22.734029,-28.959876,37.490306,76.452080
1784109486484,16.160000,-3.103084,42.038960,-1.480230,71.870213,-29.831253,12.583833,-21.997019,-28.139556,43.217327,70.567100
1784109486504,16.180000,-8.314918,34.226944,0.162348,71.891733,-37.664789,12.645211,-21.125449,-27.153923,45.606993,65.365776
1784109486524,16.200000,18.716732,44.981410,1.720298,70.653180,-25.671770,13.900605,-20.128511,-26.011451,45.419092,60.652500
1784109486544,16.220000,-2.376381,45.445220,3.189163,70.114197,-24.668977,16.306580,-19.016111,-24.721450,43.094113,55.760998
1784109486564,16.240000,19.491968,76.075320,4.565310,69.196152,6.879168,22.418595,-17.798795,-23.294083,38.978883,49.893040
1784109486584,16.260000,-4.104195,65.338180,5.845886,70.846314,-5.508134,31.061835,-16.487653,-21.740375,33.389788,42.437660
1784109486604,16.280000,21.262388,101.828060,7.028773,70.748382,31.079678,38.646391,-15.094242,-20.072201,26.586475,33.127808
1784109486624,16.300000,-1.705533,86.773150,8.112534,73.654275,13.118875,43.909463,-13.630491,-18.302271,19.045556,22.058317
1784109486644,16.320000,8.180251,108.380585,9.096364,74.217666,34.162919,44.570673,-12.108615,-16.444091,11.822347,9.638686
1784109486664,16.340000,-15.291174,87.264850,9.980031,76.257006,11.007844,39.715781,-10.541025,-14.511908,6.285357,-3.516246
1784109486684,16.360000,13.957821,107.928925,10.763800,75.502387,32.426538,31.711713,-8.940237,-12.520638,3.271154,-16.732176
1784109486704,16.380000,-6.929483,78.313940,11.448389,76.322922,1.991018,22.540557,-7.318785,-10.485778,2.624103,-29.364813
1784109486724,16.400000,26.969067,94.700200,12.034947,73.740049,20.960151,12.746597,-5.689136,-8.423294,3.463125,-40.792233
1784109486744,16.420000,11.449974,78.057130,12.525054,72.618160,5.438970,4.985116,-4.063601,-6.349499,4.806414,-50.385640
1784109486764,16.440000,36.505424,93.494900,12.920719,69.637275,23.857625,1.150314,-2.454254,-4.280911,6.222080,-57.559050
1784109486784,16.460000,12.072694,87.187170,13.224379,68.113364,19.073806,1.081406,-0.872854,-2.234104,7.977622,-61.910034
1784109486804,16.480000,46.449596,104.427980,13.438874,65.789650,38.638330,4.063685,0.669235,-0.225543,10.422298,-63.368053
1784109486824,16.500000,25.330658,103.098230,13.567419,65.015385,38.082845,8.594335,2.161118,1.728583,13.238783,-62.241480
1784109486844,16.520000,61.451614,118.902985,13.613591,63.818407,55.084578,13.201718,3.592433,3.612534,15.243506,-59.112064
1784109486864,16.540000,33.336674,103.151170,13.581321,63.898509,39.252661,14.825738,4.953419,5.411195,14.721621,-54.641310
1784109486884,16.560000,62.478287,130.051850,13.474872,62.103596,67.948254,13.633337,6.234980,7.110240,9.964312,-49.423940
1784109486904,16.580000,33.711590,108.833090,13.298804,62.802140,46.030950,11.953563,7.428730,8.696301,-0.074792,-43.956055
1784109486924,16.600000,48.804830,109.235830,13.057925,61.083756,48.152074,6.762790,8.527054,10.157115,-14.895565,-38.672657
1784109486944,16.620000,8.130535,57.834633,12.757216,59.403176,-1.568543,-7.169383,9.523145,11.481671,-31.687303,-33.988790
1784109486964,16.640000,2.751219,51.392757,12.401732,52.755884,-1.363127,-29.017945,10.411044,12.660328,-45.571955,-30.325142
1784109486984,16.660000,-29.354544,4.156076,11.996472,46.171494,-42.015418,-51.475113,11.185675,13.684920,-51.461026,-28.109938
1784109487004,16.680000,-1.261213,-2.319952,11.546256,35.639882,-37.959834,-68.623076,11.842871,14.548846,-46.769338,-27.693186
1784109487024,16.700000,6.404722,-63.666325,11.055681,25.658949,-89.325274,-80.984405,12.379395,15.247129,-33.006122,-29.106287
1784109487044,16.720000,53.701393,-55.364258,10.529161,10.715710,-66.079968,-89.005688,12.792955,15.776455,-14.877140,-31.748085
1784109487064,16.740000,44.749676,-99.721350,9.971052,-1.675943,-98.045407,-89.421287,13.082214,16.135194,2.396065,-34.265095
1784109487084,16.760000,82.644470,-105.750940,9.385758,-17.011334,-88.739606,-84.355156,13.246792,16.323385,15.537112,-34.868010
1784109487104,16.780000,55.037754,-141.798300,8.777810,-31.094617,-110.703683,-77.843243,13.287261,16.342709,24.183389,-32.016685
1784109487124,16.800000,84.225870,-133.251560,8.151878,-47.004403,-86.247157,-68.757757,13.205137,16.196432,30.320640,-25.099386
1784109487144,16.820000,57.848990,-156.311250,7.512753,-60.006842,-96.304408,-55.137454,13.002863,15.889333,36.736601,-14.719310
1784109487164,16.840000,86.209410,-142.339780,6.865312,-73.495252,-68.844528,-37.785945,12.683782,15.427603,45.263909,-2.464324
1784109487184,16.860000,77.096570,-141.406070,6.214489,-83.644103,-57.761967,-17.077373,12.252114,14.818737,55.520364,9.677657
1784109487204,16.880000,113.472460,-106.910126,5.565268,-92.046992,-14.863134,8.112172,11.712911,14.071407,64.843336,19.976730
1784109487224,16.900000,95.791420,-114.458910,4.922698,-95.501354,-18.957556,33.770392,11.072021,13.195321,69.625849,27.428040
1784109487244,16.920000,108.229645,-78.185000,4.291909,-98.708920,20.523920,54.181588,10.336038,12.201081,67.159876,31.855316
1784109487264,16.940000,69.983100,-120.424590,3.678074,-97.347311,-23.077279,63.632827,9.512244,11.100031,56.762569,33.638820
1784109487284,16.960000,77.017800,-94.169390,3.086320,-99.712881,5.543491,59.443961,8.608555,9.904101,39.880352,33.256924
1784109487304,16.980000,21.318380,-115.455610,2.521610,-98.625495,-16.830115,49.764005,7.633452,8.625663,19.657265,30.934900
1784109487324,17.000000,21.083532,-92.312546,1.988594,-99.173412,6.860866,42.406754,6.595914,7.277382,0.098075,26.576140
1784109487344,17.020000,-19.318398,-112.854890,1.491466,-96.808083,-16.046807,37.885648,5.505349,5.872079,-15.160769,19.946320
1784109487364,17.040000,-5.593170,-81.926140,1.033835,-96.168214,14.242074,35.582713,4.371512,4.422605,-23.816737,10.980640
1784109487384,17.060000,-41.396435,-91.553350,0.618660,-92.028924,0.475574,35.950737,3.204436,2.941724,-25.233349,0.071294
1784109487404,17.080000,-22.099014,-45.506200,0.248219,-88.797154,43.290954,40.028791,2.014348,1.442014,-20.663234,-11.808351
1784109487424,17.100000,-28.158802,-53.653670,-0.075887,-80.985391,27.331721,46.757132,0.811593,-0.064222,-13.455164,-23.219263
1784109487444,17.120000,-0.680926,-10.449471,-0.352676,-74.480327,64.030856,52.557767,-0.393447,-1.565027,-8.286163,-32.537760
1784109487464,17.140000,-25.255720,-12.944254,-0.581702,-64.211964,51.267710,55.846989,-1.590428,-3.043147,-9.172321,-38.278040
1784109487484,17.160000,-18.941437,-3.103084,-0.762971,-55.153322,52.050238,53.003292,-2.769123,-4.493977,-17.566608,-39.424206
1784109487504,17.180000,-56.089390,-8.314918,-0.896928,-46.023935,37.709016,41.734311,-3.919496,-5.906859,-31.683565,-35.757275
1784109487524,17.200000,-64.805954,18.716732,-0.984480,-38.337106,57.053838,28.776472,-5.031773,-7.271598,-47.131722,-28.047262
1784109487544,17.220000,-109.619225,-2.376381,-1.027058,-28.885633,26.509252,18.040770,-6.096510,-8.578487,-58.723651,-17.945436
1784109487564,17.240000,-86.248260,19.491968,-1.026688,-22.560670,42.052638,7.584522,-7.104659,-9.818310,-62.953308,-7.546445
1784109487584,17.260000,-106.118810,-4.104195,-0.986015,-14.899199,10.795004,-3.163054,-8.047625,-10.982345,-59.651917,1.255276
1784109487604,17.280000,-65.573456,21.262388,-0.908245,-10.444552,31.706940,-12.847519,-8.917325,-12.062359,-51.713885,7.389502
1784109487624,17.300000,-86.258260,-1.705533,-0.797046,-4.165491,2.459958,-20.012421,-9.706234,-13.050607,-43.343391,10.940261
1784109487644,17.320000,-54.922043,8.180251,-0.656412,-0.920499,9.100750,-26.541763,-10.407432,-13.939822,-38.054637,12.987617
1784109487664,17.340000,-77.127495,-15.291174,-0.490561,2.791519,-18.082693,-34.208191,-11.014642,-14.723214,-37.269985,15.025509
1784109487684,17.360000,-63.348694,13.957821,-0.303856,3.775912,10.181909,-39.217059,-11.522260,-15.394469,-39.720223,18.269203
1784109487704,17.380000,-87.467260,-6.929483,-0.100758,7.306550,-14.236034,-38.399778,-11.925389,-15.947752,-41.785189,23.179459
1784109487724,17.400000,-71.805040,26.969067,0.114195,8.312200,18.656867,-33.060586,-12.219851,-16.377713,-38.807117,29.362940
1784109487744,17.420000,-98.326256,11.449974,0.336398,12.172547,-0.722573,-25.117315,-12.402207,-16.679500,-27.214299,35.814774
1784109487764,17.440000,-37.641530,36.505424,0.561210,13.836484,22.668940,-17.547562,-12.469770,-16.848778,-6.904000,41.365982
1784109487784,17.460000,-24.215294,12.072694,0.784042,17.292703,-5.220009,-13.632800,-12.420600,-16.881748,17.896968,45.198180
1784109487804,17.480000,29.756374,46.449596,1.000531,17.730486,28.719110,-12.190799,-12.253511,-16.775181,40.603439,47.254070
1784109487824,17.500000,17.725153,25.330658,1.206730,20.889827,4.440831,-9.778170,-11.968063,-16.526444,55.621597,48.301440
1784109487844,17.520000,44.004295,61.451614,1.399251,21.266530,40.185084,-5.407511,-11.564550,-16.133538,60.621411,49.499950
1784109487864,17.540000,6.157301,33.336674,1.575308,24.391298,8.945376,-0.813172,-11.043986,-15.595137,56.728417,51.649220
1784109487884,17.560000,30.690107,62.478287,1.732682,24.014460,38.463827,1.443420,-10.408087,-14.910625,47.162628,54.590855
1784109487904,17.580000,-12.726983,33.711590,1.869644,25.919489,7.792101,1.087895,-9.659252,-14.080141,35.544315,57.151062
1784109487924,17.600000,13.046255,48.804830,1.984867,24.481414,24.323416,-1.989481,-8.800535,-13.104613,24.696008,57.623016
1784109487944,17.620000,-27.298760,8.130535,2.077343,24.400272,-16.269737,-8.866021,-7.835615,-11.985800,16.026435,54.474415
1784109487964,17.640000,6.584860,2.751219,2.146309,20.124500,-17.373281,-20.546745,-6.768774,-10.726321,9.438831,46.922928
1784109487984,17.660000,-21.365026,-29.354544,2.191205,15.612706,-44.967250,-34.222960,-5.604855,-9.329689,3.892056,35.186886
1784109488004,17.680000,2.533627,-1.261213,2.211653,8.162922,-9.424136,-40.694171,-4.349234,-7.800328,-1.479321,20.401419
1784109488024,17.700000,-29.635565,6.404722,2.207437,4.302966,2.101756,-31.395387,-3.007777,-6.143588,-6.446455,4.273572
1784109488044,17.720000,-12.234858,53.701393,2.178483,1.725874,51.975519,-6.693753,-1.586806,-4.365751,-9.748234,-11.401768
1784109488064,17.740000,-27.832548,44.749676,2.124815,4.464067,40.285609,21.806461,-0.093055,-2.474028,-10.008422,-25.182653
1784109488084,17.760000,-1.928905,82.644470,2.046542,6.240657,76.403813,41.956838,1.466371,-0.476539,-6.645792,-36.193800
1784109488104,17.780000,-10.117494,55.037754,1.943867,11.849922,43.187832,48.991458,3.084037,1.617709,-0.188859,-44.066486
1784109488124,17.800000,25.890710,84.225870,1.817126,14.161073,70.064797,44.384086,4.752226,3.798864,7.972476,-48.733500
1784109488144,17.820000,9.887234,57.848990,1.666839,19.137762,38.711228,34.282134,6.462981,6.056277,16.145370,-50.259950
1784109488164,17.840000,41.054264,86.209410,1.493756,20.822514,65.386896,24.256060,8.208152,8.378564,22.732536,-48.810070
1784109488184,17.860000,32.616590,77.096570,1.298890,24.961752,52.134818,18.615448,9.979440,10.753676,26.320672,-44.716510
1784109488204,17.880000,52.570316,113.472460,1.083540,27.471819,86.000641,19.507337,11.768443,13.168985,25.923006,-38.544106
1784109488224,17.900000,34.347805,95.791420,0.849294,32.974479,62.816941,23.338402,13.566701,15.611370,21.419716,-31.077270
1784109488244,17.920000,51.373447,108.229645,0.598015,35.678649,72.550996,22.828533,15.365740,18.067323,13.823829,-23.239115
1784109488264,17.940000,5.105531,69.983100,0.331793,38.804855,31.178245,13.053194,17.157113,20.523049,5.045870,-15.995029
1784109488284,17.960000,47.309296,77.017800,0.052866,37.220795,39.797005,-3.917107,18.932449,22.964582,-2.986531,-10.256150
1784109488304,17.980000,2.028051,21.318380,-0.236441,35.915424,-14.597044,-23.937902,20.683486,25.377899,-9.072533,-6.737249
1784109488324,18.000000,30.171057,21.083532,-0.533773,28.617765,-7.534233,-44.330278,22.402118,27.462077,-12.879923,-5.779798
1784109488344,18.020000,10.663282,-19.318398,-0.836781,21.524891,-40.843289,-60.008834,24.080430,29.771522,-15.019618,-7.236834
1784109488364,18.040000,43.066757,-5.593170,-1.143139,10.647997,-16.241167,-65.967899,25.710735,32.010086,-16.723733,-10.489793
1784109488384,18.060000,14.349230,-41.396435,-1.450546,1.869854,-43.266289,-62.521808,27.285613,34.164631,-18.775203,-14.589351
1784109488404,18.080000,32.721516,-22.099014,-1.756711,-9.935688,-12.163326,-53.368642,28.797940,36.222591,-20.740045,-18.483550
1784109488424,18.100000,7.774671,-28.158802,-2.059382,-18.826829,-9.331973,-38.649116,30.240925,38.172084,-21.379829,-21.301820
1784109488444,18.120000,40.736946,-0.680926,-2.356368,-27.560360,26.879434,-18.063737,31.608138,40.002011,-19.700112,-22.586050
1784109488464,18.140000,21.024853,-25.255720,-2.645547,-32.647716,7.391996,1.696603,32.893538,41.702155,-15.567434,-22.312660
1784109488484,18.160000,54.543990,-18.941437,-2.924851,-39.671267,20.729830,12.227642,34.091501,43.263267,-9.652744,-20.705770
1784109488504,18.180000,33.062874,-56.089390,-3.192235,-45.252772,-10.836618,11.230064,35.196842,44.677135,-3.195723,-18.019205
1784109488524,18.200000,75.280840,-64.805954,-3.445655,-53.946285,-10.859669,1.436541,36.204838,45.936649,2.212564,-14.440160
1784109488544,18.220000,44.264984,-109.619225,-3.683037,-62.532728,-47.086497,-12.933675,37.111249,47.035852,5.053462,-10.114825
1784109488564,18.240000,68.519910,-86.248260,-3.902265,-74.707054,-11.541206,-23.200097,37.912329,47.969967,4.272693,-5.228622
1784109488584,18.260000,47.988136,-106.118810,-4.101193,-83.060407,-23.058403,-20.933249,38.604847,48.735427,-0.691858,-0.090034
1784109488604,18.280000,69.112495,-65.573456,-4.277668,-92.278019,26.704563,-6.059141,39.186094,49.329876,-9.635972,4.841684
1784109488624,18.300000,20.450546,-86.258260,-4.429564,-95.955561,9.697301,14.378177,39.653892,49.752162,-20.896565,9.017576
1784109488644,18.320000,40.974740,-54.922043,-4.554841,-100.799576,45.877533,31.349523,40.006603,50.002320,-31.344437,11.896659
1784109488664,18.340000,-0.821242,-77.127495,-4.651626,-101.302672,24.175177,40.598719,40.243126,50.081533,-37.434566,13.020053
1784109488684,18.360000,31.113281,-63.348694,-4.718288,-103.318945,39.970251,41.291364,40.362903,49.992088,-36.522348,12.093189
1784109488704,18.380000,12.345406,-87.467260,-4.753466,-103.014067,15.546807,34.885575,40.365912,49.737318,-27.768835,9.136062
1784109488724,18.400000,55.677593,-71.805040,-4.756057,-104.483244,32.678204,25.879570,40.252663,49.321534,-12.316395,4.647232
1784109488744,18.420000,52.182100,-98.326256,-4.725144,-103.491120,5.164864,17.292496,40.024191,48.749948,7.244252,-0.360471
1784109488764,18.440000,88.239815,-37.641530,-4.659906,-104.577346,66.935816,15.356190,39.682039,48.028585,27.718805,-4.536781
1784109488784,18.460000,82.530210,-24.215294,-4.559517,-98.619501,74.404207,27.915578,39.228250,47.164195,45.913159,-6.554514
1784109488804,18.480000,120.104385,29.756374,-4.423070,-91.061602,120.817976,50.375329,38.665345,46.164152,58.913673,-5.518288
1784109488824,18.500000,103.442970,17.725153,-4.249516,-77.951500,95.676653,68.047664,37.996301,45.036355,64.563947,-1.243699
1784109488844,18.520000,119.340610,44.004295,-4.037634,-66.584933,110.589228,69.908903,37.224532,43.789128,62.209294,5.686958
1784109488864,18.540000,82.276670,6.157301,-3.786041,-53.007043,59.164344,54.092210,36.353854,42.431111,53.067014,14.052783
1784109488884,18.560000,89.034040,30.690107,-3.493273,-44.014512,74.704619,27.691915,35.388464,40.971164,39.835279,22.219574
1784109488904,18.580000,48.850956,-12.726983,-3.157887,-32.943732,20.216749,0.114560,34.332898,39.418268,25.835654,28.433786
1784109488924,18.600000,65.989456,13.046255,-2.778574,-26.905478,39.951733,-23.197305,33.192002,37.781428,14.264048,31.189438
1784109488944,18.620000,19.041933,-27.298760,-2.354253,-18.484536,-8.814224,-40.088669,31.970891,36.069593,7.752094,29.600660
1784109488964,18.640000,40.823840,6.584860,-1.884151,-14.576065,21.160925,-50.170602,30.674908,34.291568,7.742405,23.632803
1784109488984,18.660000,18.944067,-21.365026,-1.367858,-7.299106,-14.065920,-53.239915,29.309587,32.455950,13.523353,14.098885
1784109489004,18.680000,62.362460,2.533627,-0.805332,-3.182582,5.716208,-52.249031,27.880608,30.571061,21.947580,2.475098
1784109489024,18.700000,30.608000,-29.635565,-0.196856,3.274839,-32.910404,-51.757659,26.393753,28.644895,28.517149,-9.365546
1784109489044,18.720000,64.725510,-12.234858,0.457029,6.250116,-18.484974,-53.583165,24.854867,26.685078,29.045681,-19.492043
1784109489064,18.740000,27.075718,-27.832548,1.155560,11.059687,-38.892235,-54.904163,23.269809,24.698828,21.077219,-26.341469
1784109489084,18.760000,32.715440,-1.928905,1.897762,14.241251,-16.170156,-51.519900,21.644416,22.692933,4.928163,-29.130981
1784109489104,18.780000,-25.719570,-10.117494,2.682405,20.110538,-30.228032,-43.019595,19.984457,20.673736,-16.130892,-28.084467
1784109489124,18.800000,-24.136356,25.890710,3.507908,24.988028,0.902682,-30.706126,18.295597,18.647123,-37.022397,-24.372904
1784109489144,18.820000,-75.519990,9.887234,4.372226,33.397753,-23.510519,-18.031549,16.583358,16.618519,-52.842604,-19.769514
1784109489164,18.840000,-49.723816,41.054264,5.272756,39.742150,1.312114,-9.021120,14.853081,14.592901,-60.662659,-16.088068
1784109489184,18.860000,-82.757500,32.616590,6.206301,48.968418,-16.351828,-3.284881,13.109902,12.574804,-60.333319,-14.561444
1784109489204,18.880000,-43.362778,52.570316,7.169100,56.750603,-4.180287,0.025546,11.358714,10.571149,-54.134384,-15.403956
1784109489224,18.900000,-71.510420,34.347805,8.156909,66.082435,-31.734630,-0.480918,9.604150,8.584136,-45.748764,-17.758295
1784109489244,18.920000,-30.416906,51.373447,9.165097,72.814371,-21.440924,-4.452300,7.850557,6.617019,-39.078097,-20.051088
1784109489264,18.940000,-44.848990,5.105531,10.188763,80.734059,-75.628528,-13.024335,6.101984,4.672668,-36.874562,-20.578287
1784109489284,18.960000,-38.502660,47.309296,11.222839,82.978843,-35.669547,-22.864737,4.362165,2.753595,-39.217151,-18.067965
1784109489304,18.980000,-75.515045,2.028051,12.262159,89.176807,-87.148755,-27.495551,2.634514,0.861978,-43.107569,-12.074496
1784109489324,19.000000,-58.322647,30.171057,13.301459,89.741595,-59.570538,-28.703580,0.922120,-1.000317,-44.161975,-3.145311
1784109489344,19.020000,-80.608770,10.663282,14.335367,92.735660,-82.072378,-26.634784,-0.772251,-2.831707,-39.226576,7.321357
1784109489364,19.040000,-32.312195,43.066757,15.358424,92.931382,-49.864625,-19.040489,-2.446155,-4.630871,-28.069916,17.572676
1784109489384,19.060000,-41.611805,14.349230,16.365162,96.012145,-81.662915,-9.395863,-4.097457,-6.396731,-13.226658,26.190756
1784109489404,19.080000,2.981667,32.721516,17.350237,95.304603,-62.583087,-3.231187,-5.724324,-8.128430,1.649525,32.609470
1784109489424,19.100000,-17.299229,7.774671,18.308556,96.018519,-88.243848,-1.435648,-7.325206,-9.825310,13.611075,37.162884
1784109489444,19.120000,15.001375,40.736946,19.235375,93.481096,-52.744150,0.855362,-8.898822,-11.486899,21.352902,40.674812
1784109489464,19.140000,-4.159640,21.024853,20.126358,94.050701,-73.025848,7.259448,-10.444136,-13.112893,25.198400,43.876873
1784109489484,19.160000,19.675194,54.543990,20.977603,92.008708,-37.464718,16.656702,-11.960335,-14.703137,26.700694,47.002670
1784109489504,19.180000,-13.253744,33.062874,21.785651,93.168743,-60.105869,25.988581,-13.446808,-16.257615,28.003296,49.716980
1784109489524,19.200000,23.227392,75.280840,22.547466,91.570951,-16.290111,34.324863,-14.903116,-17.776432,30.783332,51.310745
1784109489544,19.220000,-0.120824,44.264984,23.260419,94.120877,-49.855893,40.836502,-16.328972,-19.259803,35.354574,51.020966
1784109489564,19.240000,32.215115,68.519910,23.922285,92.892343,-24.372433,42.016812,-17.724206,-20.708039,40.559297,48.353718
1784109489584,19.260000,12.957739,47.988136,24.531257,93.933484,-45.945348,38.760189,-19.088747,-22.121534,44.213312,43.293827
1784109489604,19.280000,44.809486,69.112495,25.085956,92.436754,-23.324259,34.945768,-20.422590,-23.500754,43.886311,36.312817
1784109489624,19.300000,7.092826,20.450546,25.585426,92.942561,-72.492015,28.315331,-21.725772,-24.846221,37.953852,28.180350
1784109489644,19.320000,23.506287,40.974740,26.029117,88.064684,-47.089944,17.067049,-22.998347,-26.158506,26.342527,19.673166
1784109489664,19.340000,-20.923683,-0.821242,26.416810,85.397960,-86.219203,5.563181,-24.240360,-27.438211,10.529452,11.301490
1784109489684,19.360000,-6.764508,31.113281,26.748530,78.359316,-47.246035,-1.125796,-25.451824,-28.685965,-6.892668,3.169748
1784109489704,19.380000,-54.957840,12.345406,27.024439,74.945272,-62.599866,0.795376,-26.632700,-29.902402,-22.712325,-4.956009
1784109489724,19.400000,-38.179893,55.677593,27.244742,69.696417,-14.018824,11.506300,-27.782872,-31.088159,-33.748081,-13.416867
1784109489744,19.420000,-72.670715,52.182100,27.409605,69.199119,-17.017019,27.963322,-28.902130,-32.243859,-37.744850,-22.395630
1784109489764,19.440000,-45.166862,88.239815,27.519103,68.299387,19.940428,44.807874,-29.990150,-33.370098,-34.275228,-31.724846
1784109489784,19.460000,-55.640377,82.530210,27.573213,71.112278,11.417932,56.721985,-31.046480,-34.467440,-25.234232,-40.808790
1784109489804,19.480000,-10.127841,120.104385,27.571860,73.063116,47.041269,62.943402,-32.070522,-35.536394,-14.352666,-48.660526
1784109489824,19.500000,-21.204594,103.442970,27.515013,78.653143,24.789827,63.798948,-33.061520,-36.577409,-5.469740,-54.057210
1784109489844,19.520000,-19.442171,119.340610,27.402774,82.024521,37.316089,57.444585,-34.018548,-37.590856,-0.731257,-55.842700
1784109489864,19.540000,-25.594290,82.276670,27.235422,86.669441,-4.392771,42.304130,-34.940502,-38.577012,-0.392653,-53.359150
1784109489884,19.560000,1.833702,89.034040,27.013407,87.063331,1.970709,20.561513,-35.826090,-39.536046,-3.554057,-46.801167
1784109489904,19.580000,-46.001305,48.850956,26.737356,88.019678,-39.168722,-2.701164,-36.673829,-40.467999,-8.195372,-37.229137
1784109489924,19.600000,-17.851295,65.989456,26.408055,84.712950,-18.723494,-21.710513,-37.482043,-41.372764,-11.348787,-26.239334
1784109489944,19.620000,-54.628532,19.041933,26.026400,83.336386,-64.294453,-34.556999,-38.248861,-42.250069,-10.391701,-15.529681
1784109489964,19.640000,-10.491027,40.823840,25.593357,77.227372,-36.403532,-42.686362,-38.972220,-43.099451,-4.393223,-6.533731
1784109489984,19.660000,-29.596333,18.944067,25.109970,73.775940,-54.831873,-44.093750,-39.649872,-43.920236,5.579507,-0.118296
1784109490004,19.680000,9.485359,62.362460,24.577395,68.335845,-5.973385,-35.729430,-40.279389,-44.711512,17.192995,3.622496
1784109490024,19.700000,-7.184026,30.608000,23.996962,67.682923,-37.074923,-21.600061,-40.858179,-45.472107,27.908874,5.330390
1784109490044,19.720000,26.988462,64.725510,23.370221,63.795472,0.930038,-9.864948,-41.383494,-46.200558,35.824443,6.066235
1784109490064,19.740000,-0.358650,27.075718,22.698978,63.605735,-36.530017,-4.386724,-41.852451,-46.895091,40.182796,6.863055
1784109490084,19.760000,19.858640,32.715440,21.985298,59.550387,-26.834947,-7.353829,-42.262050,-47.553590,41.333024,8.347978
1784109490104,19.780000,-2.455126,-25.719570,21.231482,56.354243,-82.073813,-20.026920,-42.609195,-48.173577,40.127477,10.564801
1784109490124,19.800000,20.226637,-24.136356,20.440024,47.534563,-71.670919,-38.362222,-42.890723,-48.752186,37.416966,13.039811
1784109490144,19.820000,-21.284010,-75.519990,19.613576,39.681769,-115.201759,-54.952797,-43.103430,-49.286150,33.957437,15.035481
1784109490164,19.840000,6.489515,-49.723816,18.754897,27.446576,-77.170392,-62.332345,-43.244098,-49.771781,30.175800,15.844414
1784109490184,19.860000,-36.855804,-82.757500,17.866786,19.007558,-101.765058,-56.954557,-43.309534,-50.204966,25.686958,14.990006
1784109490204,19.880000,7.928140,-43.362778,16.952037,8.151411,-51.514189,-41.223302,-43.296596,-50.581165,19.299343,12.318397
1784109490224,19.900000,-46.840263,-71.510420,16.013397,2.358810,-73.869230,-20.762203,-43.202236,-50.895416,10.012594,8.032995
1784109490244,19.920000,-26.846245,-30.416906,15.053545,-5.583462,-24.833444,-1.046649,-43.023529,-51.142351,-1.750938,2.647457
1784109490264,19.940000,-80.331210,-44.848990,14.075019,-8.564606,-36.284384,16.580012,-42.757716,-51.316222,-13.988837,-3.200792
1784109490284,19.960000,-55.265892,-38.502660,13.080144,-12.603314,-25.899346,28.157004,-42.402239,-51.410942,-24.020423,-8.997096
1784109490304,19.980000,-96.062070,-75.515045,12.070952,-15.514842,-60.000203,27.452010,-41.954776,-51.420125,-29.461992,-14.467404
1784109490324,20.000000,-73.205215,-58.322647,11.049151,-21.676327,-36.646320,18.317441,-41.413277,-51.337154,-28.924638,-19.481321
1784109490344,20.020000,-92.089570,-80.608770,10.016113,-25.363886,-55.244884,10.645881,-40.776003,-51.155247,-22.641199,-23.856455
1784109490364,20.040000,-46.254288,-32.312195,8.972900,-30.721631,-1.590564,12.538389,-40.041552,-50.867547,-12.628629,-27.219284
1784109490384,20.060000,-63.262290,-41.611805,7.920345,-30.628186,-10.983619,25.547745,-39.208897,-50.467208,-1.755869,-28.977530
1784109490404,20.080000,-40.156036,2.981667,6.859146,-31.369578,34.351245,42.872328,-38.277409,-49.947505,7.583921,-28.429056
1784109490424,20.100000,-61.042667,-17.299229,5.789939,-27.594047,10.294818,55.825717,-37.246885,-49.301946,13.799912,-25.029459
1784109490444,20.120000,-27.428705,15.001375,4.713333,-26.193162,41.194537,59.569375,-36.117573,-48.524389,15.541016,-18.714739
1784109490464,20.140000,-46.472595,-4.159640,3.629941,-21.775784,17.616143,55.584658,-34.890187,-47.603977,11.706716,-10.047036
1784109490484,20.160000,-30.487633,19.675194,2.540414,-19.738281,39.413475,47.546738,-33.565929,-46.539828,2.554848,-0.068103
1784109490504,20.180000,-84.146416,-13.253744,1.445446,-15.632126,2.378382,36.306305,-32.146494,-45.327801,-9.423571,9.979618
1784109490524,20.200000,-66.024880,23.227392,0.345712,-15.231338,38.458730,24.594172,-30.634088,-43.964626,-20.343443,18.839035
1784109490544,20.220000,-106.757460,-0.120824,-0.758213,-11.370190,11.249367,17.098709,-29.031422,-42.448028,-27.071766,25.335135
1784109490564,20.240000,-61.839270,32.215115,-1.865921,-10.292290,42.507405,13.819691,-27.341721,-40.776844,-28.913240,28.558905
1784109490584,20.260000,-95.401620,12.957739,-2.977170,-6.292757,19.250496,12.418662,-25.568715,-38.951121,-27.705324,28.184074
1784109490604,20.280000,-47.957767,44.809486,-4.091849,-4.744507,49.553993,11.560581,-23.716628,-36.972207,-26.590574,24.708715
1784109490624,20.300000,-86.970480,7.092826,-5.209920,-0.439389,7.532215,8.127628,-21.790168,-34.842816,-28.394957,19.376572
1784109490644,20.320000,-51.598380,23.506287,-6.331371,-0.436011,23.942298,-1.131847,-19.794508,-32.567088,-34.352258,13.756740
1784109490664,20.340000,-96.844505,-20.923683,-7.456204,1.027178,-21.950861,-15.373841,-17.735258,-30.150612,-43.567872,9.193553
1784109490684,20.360000,-76.222550,-6.764508,-8.584440,-2.071157,-4.693351,-30.812975,-15.618443,-27.600435,-53.383392,6.390630
1784109490704,20.380000,-106.568750,-54.957840,-9.716158,-3.494127,-51.463713,-44.416375,-13.450467,-24.925044,-60.502400,5.289045
1784109490724,20.400000,-78.604004,-38.179893,-10.851520,-9.436301,-28.743592,-54.559895,-11.238075,-22.134322,-62.239563,5.261566
1784109490744,20.420000,-94.975860,-72.670715,-11.990771,-13.050028,-59.620687,-59.063317,-8.988316,-19.239474,-57.321847,5.514713
1784109490764,20.440000,-51.978523,-45.166862,-13.134200,-19.589741,-25.577121,-56.471909,-6.708495,-16.252933,-46.183476,5.504978
1784109490784,20.460000,-56.796112,-55.640377,-14.282070,-22.695815,-32.944562,-45.942797,-4.406130,-13.188239,-30.774498,5.186854
1784109490804,20.480000,2.699509,-10.127841,-15.434513,-26.509058,16.381217,-27.423788,-2.088894,-10.059892,-13.796707,5.016803
1784109490824,20.500000,-14.064330,-21.204594,-16.591407,-25.447580,4.242986,-5.268638,0.235431,-6.883188,2.488803,5.752188
1784109490844,20.520000,40.204810,-19.442171,-17.752262,-25.635801,6.193630,9.284576,2.559010,-3.674038,17.162842,8.125187
1784109490864,20.540000,8.127546,-25.594290,-18.916142,-25.654293,0.060003,11.153427,4.874013,-0.448771,30.509473,12.492587
1784109490884,20.560000,66.124176,1.833702,-20.081626,-26.312833,28.146535,9.796890,7.172665,2.776067,42.853195,18.596975
1784109490904,20.580000,55.947865,-46.001305,-21.246789,-24.099388,-21.901917,7.589327,9.447308,5.983926,53.446560,25.580595
1784109490924,20.600000,100.860470,-17.851295,-22.409163,-26.990671,9.139376,0.769861,11.690447,9.158455,60.646883,32.279236
1784109490944,20.620000,77.563480,-54.628532,-23.565714,-26.745935,-27.882597,-6.689225,13.894810,12.283712,63.076170,37.614820
1784109490964,20.640000,99.381570,-10.491027,-24.712841,-30.342039,19.851012,-9.074687,16.053391,15.344354,60.421596,40.826880
1784109490984,20.660000,75.260190,-29.596333,-25.846446,-29.052223,-0.544110,-3.305750,18.159502,18.325819,53.326154,41.447937
1784109491004,20.680000,98.677430,9.485359,-26.962012,-29.785479,39.270838,7.572502,20.206814,21.214494,43.008279,39.177680
1784109491024,20.700000,63.840843,-7.184026,-28.054704,-26.290249,19.106223,18.045109,22.189400,23.997858,31.297455,33.854603
1784109491044,20.720000,70.894066,26.988462,-29.119468,-24.662060,51.650522,25.051589,24.101766,26.664608,20.622593,25.531530
1784109491064,20.740000,45.370773,-0.358650,-30.151154,-19.442178,19.083528,26.612253,25.938888,29.204759,13.198220,14.532170
1784109491084,20.760000,74.119240,19.858640,-31.144624,-17.305502,37.164142,21.667118,27.696238,31.609723,9.957281,1.448721
1784109491104,20.780000,46.391520,-2.455126,-32.094829,-13.083358,10.628232,12.771833,29.369807,33.872358,10.251444,-12.858508
1784109491124,20.800000,85.634020,20.226637,-32.996838,-11.361228,31.587865,4.534047,30.956121,35.986996,12.277549,-27.259140
1784109491144,20.820000,55.357710,-21.284010,-33.845859,-7.279002,-14.005008,-3.532474,32.452259,37.949450,13.771310,-40.441570
1784109491164,20.840000,87.342850,6.489515,-34.637240,-7.694082,14.183597,-12.522364,33.855862,39.756994,12.734245,-51.142290
1784109491184,20.860000,58.192825,-36.855804,-35.366492,-5.091533,-31.764271,-20.669609,35.165132,41.408319,8.021871,-58.434414
1784109491204,20.880000,79.896545,7.928140,-36.029307,-7.069336,14.997475,-25.006715,36.378842,42.903483,-0.142284,-61.940075
1784109491224,20.900000,32.631300,-46.840263,-36.621604,-4.157247,-42.683016,-25.540109,37.496321,44.243828,-9.942990,-61.896435
1784109491244,20.920000,56.722687,-26.846245,-37.139594,-7.013672,-19.832573,-28.604653,38.517455,45.431891,-18.558515,-59.078400
1784109491264,20.940000,13.608011,-80.331210,-37.579859,-7.490221,-72.840989,-36.551696,39.442669,46.471309,-23.378137,-54.600616
1784109491284,20.960000,51.878235,-55.265892,-37.939413,-13.342802,-41.923090,-44.947210,40.272912,47.366701,-23.128919,-49.620190
1784109491304,20.980000,15.186425,-96.062070,-38.215733,-16.062764,-79.999306,-48.582316,41.009640,48.123558,-18.448258,-45.001663
1784109491324,21.000000,77.743960,-73.205215,-38.406739,-22.653783,-50.551432,-46.455045,41.654787,48.250267,-11.622769,-41.065540
1784109491344,21.020000,42.154030,-92.089570,-38.510750,-26.266055,-65.823515,-38.784417,42.210745,48.735357,-5.214026,-37.524895
1784109491364,21.040000,69.159240,-46.254288,-38.526413,-31.405782,-14.848506,-23.629506,42.680331,49.103201,-0.383773,-33.660180
1784109491384,21.060000,37.692772,-63.262290,-38.452673,-31.319767,-31.942523,-3.174969,43.066755,49.361694,3.387019,-28.708315
1784109491404,21.080000,68.103210,-40.156036,-38.288778,-32.863496,-7.292540,14.075755,43.373588,49.518989,7.138043,-22.292038
1784109491424,21.100000,45.409750,-61.042667,-38.034279,-31.819556,-29.223111,22.370662,43.604723,49.583384,11.294359,-14.624691
1784109491444,21.120000,80.204990,-27.428705,-37.689021,-32.902101,5.473396,25.042122,43.764337,49.563228,15.407075,-6.362808
1784109491464,21.140000,53.373690,-46.472595,-37.253107,-30.398753,-16.073842,27.156783,43.856853,49.466827,18.680788,1.741593
1784109491484,21.160000,81.597540,-30.487633,-36.726874,-29.986068,-0.501565,27.859964,43.886894,49.302360,20.702633,9.115689
1784109491504,21.180000,47.354965,-84.146416,-36.110878,-27.942890,-56.203526,20.944590,43.859244,49.077811,21.759078,15.432350
1784109491524,21.200000,67.910194,-66.024880,-35.405900,-31.477127,-34.547753,5.858381,43.778804,48.800906,22.457961,20.517319
1784109491544,21.220000,36.625786,-106.757460,-34.612971,-32.825511,-73.931949,-9.157365,43.650546,48.479058,22.796556,24.229050
1784109491564,21.240000,80.291200,-61.839270,-33.733388,-38.124321,-23.714949,-15.159853,43.479471,48.119325,21.559971,26.433480
1784109491584,21.260000,37.213270,-95.401620,-32.768707,-38.363395,-57.038225,-9.918123,43.270565,47.728376,17.035001,27.101677
1784109491604,21.280000,62.792500,-47.957767,-31.720726,-41.912665,-6.045102,1.383022,43.028757,47.312463,8.514310,26.414871
1784109491624,21.300000,1.974218,-86.970480,-30.591499,-40.309375,-46.661105,12.232732,42.758875,46.877400,-2.958370,24.716684
1784109491644,21.320000,28.255035,-51.598380,-29.383393,-42.723792,-8.874588,17.667735,42.465607,46.428553,-15.183277,22.303910
1784109491664,21.340000,-20.163230,-96.844505,-28.099155,-41.303010,-55.541495,16.472577,42.153465,45.970828,-25.938847,19.251930
1784109491684,21.360000,3.217369,-76.222550,-26.741961,-44.483962,-31.738588,9.569483,41.826745,45.508671,-33.730549,15.459850
1784109491704,21.380000,-33.538230,-106.568750,-25.315436,-45.210288,-61.358462,1.252613,41.489499,45.046064,-38.085712,10.873197
1784109491724,21.400000,-1.453584,-78.604004,-23.823658,-48.799275,-29.804729,-2.827111,41.145502,44.586534,-39.541419,5.695343
1784109491744,21.420000,-31.887661,-94.975860,-22.271122,-49.135566,-45.840294,-0.523482,40.798225,44.133150,-39.215992,0.453010
1784109491764,21.440000,-1.289845,-51.978523,-20.662695,-50.955825,-1.022698,8.308236,40.450819,43.688537,-38.128321,-4.096928
1784109491784,21.460000,-34.146830,-56.796112,-19.003554,-48.209458,-8.586654,22.016004,40.106088,43.254880,-36.723164,-7.168959
1784109491804,21.480000,6.886734,2.699509,-17.299133,-46.130310,48.829819,38.857899,39.766484,42.833938,-34.758224,-8.179623
1784109491824,21.500000,-37.307056,-14.064330,-15.555066,-38.307122,24.242792,54.595569,39.434089,42.427048,-31.414108,-6.909351
1784109491844,21.520000,6.544567,40.204810,-13.777139,-32.928075,73.132885,64.060857,39.110615,42.035141,-25.819905,-3.542212
1784109491864,21.540000,-20.932858,8.127546,-11.971233,-22.754509,30.882055,65.047540,38.797403,41.658754,-17.929499,1.412246
1784109491884,21.560000,31.381676,66.124176,-10.143270,-16.855623,82.979799,59.476494,38.495422,41.298045,-8.899097,7.291309
1784109491904,21.580000,1.790771,55.947865,-8.299114,-5.936505,61.884370,54.627078,38.205282,40.952805,-0.561272,13.490163
1784109491924,21.600000,40.640945,100.860470,-6.444490,2.688079,98.172391,52.840203,37.927241,40.622484,5.358013,19.598452
1784109491944,21.620000,21.179045,77.563480,-4.584918,14.623725,62.939755,49.185568,37.661221,40.306202,7.736303,25.374947
1784109491964,21.640000,47.254906,99.381570,-2.725660,22.765641,76.615929,38.761071,37.406828,40.002783,6.514835,30.615545
1784109491984,21.660000,14.962902,75.260190,-0.871695,31.927747,43.332443,21.958822,37.163372,39.710774,3.079874,35.039580
1784109492004,21.680000,33.291595,98.677430,0.972281,37.481765,61.195665,4.304527,36.929894,39.428476,-0.099522,38.250700
1784109492024,21.700000,-1.718465,63.840843,2.801823,44.458336,19.382507,-11.451292,36.705190,39.153983,-0.794991,39.763935
1784109492044,21.720000,47.117645,70.894066,4.612701,47.012381,23.881685,-27.098016,36.487843,38.885209,1.477457,39.116238
1784109492064,21.740000,24.954983,45.370773,6.400907,49.750356,-4.379583,-41.912065,36.276252,38.619935,5.190725,36.088806
1784109492084,21.760000,59.444447,74.119240,8.162696,49.500494,24.618746,-50.181663,36.068669,38.355846,8.094663,30.940348
1784109492104,21.780000,28.867592,46.391520,9.894635,51.877220,-5.485700,-50.301478,35.863232,38.090575,8.660284,24.439062
1784109492124,21.800000,58.400757,85.634020,11.593614,51.094603,34.539417,-44.975941,35.657998,37.821750,6.617777,17.596949
1784109492144,21.820000,19.130064,55.357710,13.256838,54.007042,1.350668,-37.182842,35.450983,37.547038,2.703960,11.261215
1784109492164,21.840000,54.991364,87.342850,14.881799,53.436793,33.906057,-30.789792,35.240196,37.264188,-1.944963,5.834442
1784109492184,21.860000,16.779340,58.192825,16.466247,55.835351,2.357474,-27.093557,35.023676,36.971077,-6.259311,1.265615
1784109492204,21.880000,51.155865,79.896545,18.008163,54.931180,24.965365,-26.060388,34.799531,36.663401,-9.335120,-2.753401
1784109492224,21.900000,13.685685,32.631300,19.505748,56.071081,-23.439781,-29.384649,34.565966,36.341855,-10.454497,-6.545874
1784109492244,21.920000,52.744755,56.722687,20.957402,52.338201,4.384486,-36.106033,34.321328,36.004963,-9.256814,-10.288528
1784109492264,21.940000,24.493633,13.608011,22.361720,51.286376,-37.678365,-41.918834,34.064128,35.651527,-5.888532,-13.958634
1784109492284,21.960000,65.568474,51.878235,23.717501,46.040061,5.838174,-42.736939,33.793082,35.280657,-0.884949,-17.348635
1784109492304,21.980000,38.594010,15.186425,25.023773,45.088476,-29.902051,-37.195775,33.507131,34.891791,5.143564,-20.119814
1784109492324,22.000000,80.041900,77.743960,26.279821,40.548710,37.195250,-24.993504,33.205478,34.484714,11.758470,-21.896423
1784109492344,22.020000,54.993923,42.154030,27.485208,42.710177,-0.556147,-7.871176,32.887605,34.059564,18.778902,-22.385056
1784109492364,22.040000,80.714870,69.159240,28.639796,41.085156,28.074084,4.759010,32.553295,33.616841,26.058382,-21.481760
1784109492384,22.060000,70.052560,37.692772,29.743747,42.373393,-4.680621,7.713437,32.202656,33.157406,32.833073,-19.330027
1784109492404,22.080000,110.305340,68.103210,30.797530,40.379284,27.723926,5.797449,31.836129,32.682474,37.446376,-16.286270
1784109492424,22.100000,79.610650,45.409750,31.801940,41.723669,3.686081,4.767166,31.454502,32.193606,38.242284,-12.789058
1784109492444,22.120000,98.735780,80.204990,32.758109,40.694525,39.510465,7.299692,31.058918,31.692695,34.687826,-9.235886
1784109492464,22.140000,64.226910,53.373690,33.667466,43.420232,9.953458,11.665865,30.650878,31.181951,27.494188,-5.988815
1784109492484,22.160000,85.834100,81.597540,34.531665,43.253964,38.343576,14.366375,30.232239,30.663881,18.080858,-3.470689
1784109492504,22.180000,42.262550,47.354965,35.352513,46.111579,1.243386,13.225976,29.805210,30.141273,8.192866,-2.182155
1784109492524,22.200000,63.236755,67.910194,36.131885,45.294028,22.616166,8.005921,29.372346,29.617178,-0.376793,-2.570986
1784109492544,22.220000,20.206968,36.625786,36.871652,46.741756,-10.115970,0.938250,28.936530,29.094891,-6.281798,-4.859033
1784109492564,22.240000,56.582830,80.291200,37.573611,44.914927,35.376273,-2.303190,28.500964,28.577937,-9.135898,-8.935943
1784109492584,22.260000,17.291582,37.213270,38.239444,47.821601,-10.608331,-0.681674,28.069142,28.070060,-9.566886,-14.330958
1784109492604,22.280000,62.572952,62.792500,38.870713,46.136588,16.655912,-0.623806,27.644834,27.575209,-8.669535,-20.249880
1784109492624,22.300000,19.564983,1.974218,39.468866,47.291622,-45.317403,-7.282574,27.232055,27.097538,-7.153454,-25.695250
1784109492644,22.320000,44.653700,28.255035,40.035252,42.146153,-13.891118,-19.272099,26.835041,26.641395,-4.930626,-29.687904
1784109492664,22.340000,21.436422,-20.163230,40.571112,40.161071,-60.324301,-29.801281,26.458211,26.211327,-1.693510,-31.536577
1784109492684,22.360000,53.682808,3.217369,41.077573,33.408711,-30.191342,-35.081230,26.106142,25.812078,2.315890,-31.009146
1784109492704,22.380000,17.308105,-33.538230,41.555668,29.654781,-63.193011,-34.918483,25.783525,25.448591,6.169521,-28.303879
1784109492724,22.400000,62.390450,-1.453584,42.006351,22.498928,-23.952512,-29.364507,25.495132,25.126015,8.427604,-23.877485
1784109492744,22.420000,25.588726,-31.887661,42.430515,19.287850,-51.175511,-19.867082,25.245776,24.849702,7.652525,-18.267187
1784109492764,22.440000,54.770680,-1.289845,42.829019,13.308279,-14.598123,-9.237176,25.040270,24.625206,3.422732,-11.992486
1784109492784,22.460000,6.607513,-34.146830,43.202678,11.038511,-45.185341,-0.354591,24.883385,24.458286,-2.952846,-5.543349
1784109492804,22.480000,30.538439,6.886734,43.552243,5.689656,1.197078,7.108739,24.779812,24.354890,-8.734179,0.570985
1784109492824,22.500000,-21.884373,-37.307056,43.878335,5.063962,-42.371018,13.085799,24.734112,24.321141,-11.028744,5.778042
1784109492844,22.520000,27.048729,6.544567,44.181402,0.068830,6.475737,16.602640,24.750682,24.363316,-8.466854,9.503991
1784109492864,22.540000,-3.112040,-20.932858,44.461700,0.041068,-20.973926,20.703010,24.833706,24.487810,-2.057909,11.381368
1784109492884,22.560000,46.234154,31.381676,44.719335,-2.709871,34.091547,28.253418,24.987120,24.701094,5.555150,11.501595
1784109492904,22.580000,11.707273,1.790771,44.954333,0.156343,1.634428,37.566911,25.214566,25.009661,11.732268,10.513845
1784109492924,22.600000,49.961926,40.640945,45.166698,-0.181600,40.822545,43.715272,25.519357,25.419959,15.155958,9.430656
1784109492944,22.620000,10.765608,21.179045,45.356454,3.490010,17.689035,45.575291,25.904438,25.938313,16.267287,9.208222
1784109492964,22.640000,36.663204,47.254906,45.523648,4.889607,42.365299,44.204306,26.372350,26.570835,16.770954,10.343751
1784109492984,22.660000,-0.648159,14.962902,45.668335,8.819526,6.143376,38.170101,26.925200,27.323320,18.343791,12.702522
1784109493004,22.680000,42.325607,33.291595,45.790555,9.130608,24.160987,27.470111,27.564622,28.201137,21.193479,15.635806
1784109493024,22.700000,19.952753,-1.718465,45.890339,11.260622,-12.979087,14.400947,28.291761,29.209102,23.667607,18.321785
1784109493044,22.720000,52.514490,47.117645,45.967743,9.645121,37.472524,5.665691,29.107235,30.351355,23.380147,20.157999
1784109493064,22.740000,1.195894,24.954983,46.022885,13.092443,11.862540,6.713854,30.011123,31.631223,18.666185,20.968956
1784109493084,22.760000,42.222214,59.444447,46.055930,13.964934,45.479513,12.810110,31.002941,33.051084,9.082066,20.898750
1784109493104,22.780000,-20.402466,28.867592,46.067059,18.211575,10.656017,16.044729,32.081630,34.612235,-4.705644,20.121714
1784109493124,22.800000,4.110341,58.400757,46.056411,18.954171,39.446586,13.726376,33.245546,36.314756,-21.107675,18.626616
1784109493144,22.820000,-44.795452,19.130064,46.024017,22.574191,-3.444127,6.720956,34.492453,38.157398,-38.047051,16.202948
1784109493164,22.840000,-23.946238,54.991364,45.969730,21.870261,33.121103,-1.657564,35.819522,40.137464,-53.339669,12.584752
1784109493184,22.860000,-74.629036,16.779340,45.893168,24.811423,-8.032083,-7.916055,37.223335,42.250724,-64.889910,7.640460
1784109493204,22.880000,-31.636280,51.155865,45.793680,23.599395,27.556470,-11.669918,38.699893,44.491342,-71.029827,1.522746
1784109493224,22.900000,-78.642470,13.685685,45.670338,25.927112,-12.241427,-13.840669,40.244634,46.851824,-70.809721,-5.270009
1784109493244,22.920000,-22.365383,52.744755,45.521962,24.234575,28.510180,-14.547437,41.852446,49.323006,-64.146714,-11.932521
1784109493264,22.940000,-44.530450,24.493633,45.347189,26.593054,-2.099421,-12.750800,43.517696,51.894056,-51.875161,-17.464005
1784109493284,22.960000,7.974915,65.568474,45.144570,25.851286,39.717188,-8.359209,45.234257,54.552522,-35.482592,-20.826914
1784109493304,22.980000,-3.822114,38.594010,44.912695,29.262048,9.331962,-2.914487,46.995543,57.284401,-16.800183,-21.139310
1784109493324,23.000000,45.276160,80.041900,44.650316,29.591279,50.450621,2.122083,48.794549,60.074251,1.979202,-17.873354
1784109493344,23.020000,40.796480,54.993923,44.356464,33.993398,21.000525,6.223189,50.623891,62.905327,18.171298,-11.011554
1784109493364,23.040000,87.868590,80.714870,44.030553,35.399837,45.315033,7.489620,52.475852,65.759747,28.868595,-1.091507
1784109493384,23.060000,68.574740,70.052560,43.672478,39.184792,30.867768,6.623910,54.342435,68.618697,31.837469,10.882427
1784109493404,23.080000,100.688065,110.305340,43.282662,41.465529,68.839811,8.571320,56.215409,71.462639,26.640866,23.593191
1784109493424,23.100000,57.689770,79.610650,42.862061,47.479378,32.131272,11.908339,58.086368,74.271562,15.321314,35.553528
1784109493444,23.120000,75.007416,98.735780,42.412107,49.754403,48.981377,9.808444,59.946785,77.025231,2.077762,45.222477
1784109493464,23.140000,28.694958,64.226910,41.934597,53.642836,10.584074,0.682341,61.788067,79.706793,-8.255340,51.147740
1784109493484,23.160000,62.572190,85.834100,41.431582,53.625173,32.208927,-10.934184,63.601612,82.292767,-12.353651,52.193073
1784109493504,23.180000,46.191406,42.262550,40.905275,55.702555,-13.440005,-21.755181,65.378869,84.763971,-9.921358,47.851930
1784109493524,23.200000,98.961525,63.236755,40.358035,53.164340,10.072415,-31.052515,67.111394,87.102103,-3.436111,38.550800
1784109493544,23.220000,68.479260,20.206968,39.792404,52.928894,-32.721926,-38.050095,68.790904,89.289986,3.639342,25.743560
1784109493564,23.240000,122.904510,56.582830,39.211155,48.392200,8.190630,-40.612388,70.409336,91.311799,8.711204,11.624481
1784109493584,23.260000,75.921370,17.291582,38.617314,47.922502,-30.630920,-37.583513,71.958899,93.153300,11.000044,-1.494987
1784109493604,23.280000,116.788940,62.572952,38.014162,43.579274,18.993678,-30.221379,73.432126,94.802011,11.332642,-11.872044
1784109493624,23.300000,88.786740,19.564983,37.405189,44.198270,-24.633287,-21.191949,74.821923,96.247378,11.090553,-18.755407
1784109493644,23.320000,120.128020,44.653700,36.794066,40.495878,4.157822,-15.858357,76.121615,97.480895,11.329022,-22.379084
1784109493664,23.340000,98.069460,21.436422,36.184613,39.715199,-18.278777,-13.902967,77.324992,98.496200,12.495944,-23.610870
1784109493684,23.360000,134.016080,53.682808,35.580778,36.767551,16.915257,-9.994162,78.426344,99.289122,14.512955,-23.487000
1784109493704,23.380000,105.377440,17.308105,34.986625,37.409435,-20.101330,-4.934600,79.420501,99.857702,17.116188,-22.855608
1784109493724,23.400000,140.777080,62.390450,34.406311,34.466560,27.923890,-0.146878,80.302865,100.202167,20.128792,-22.228424
1784109493744,23.420000,106.875470,25.588726,33.844071,36.420749,-10.832023,5.139997,81.069434,100.324871,23.337435,-21.810575
1784109493764,23.440000,151.030410,54.770680,33.304182,34.642548,20.128132,8.149226,81.716826,100.230203,26.153296,-21.619362
1784109493784,23.460000,124.629776,6.607513,32.790946,36.088891,-29.481379,5.683721,82.242298,99.924463,27.671126,-21.584215
1784109493804,23.480000,148.163600,30.538439,32.308677,32.762674,-2.224235,-1.724431,82.643761,99.415701,27.311580,-21.585123
1784109493824,23.500000,111.799680,-21.884373,31.861675,32.333975,-54.218348,-11.344381,82.919783,98.713543,25.171365,-21.493464
1784109493844,23.520000,149.381790,27.048729,31.454175,26.941103,0.107626,-17.366363,83.069597,97.828988,21.687921,-21.256744
1784109493864,23.540000,104.917140,-3.112040,31.090295,27.163705,-30.275745,-13.654813,83.093098,96.774195,17.430191,-20.957222
1784109493884,23.560000,127.681290,46.234154,30.773990,24.568307,21.665847,-1.774945,82.990839,95.562259,13.118419,-20.775654
1784109493904,23.580000,86.146610,11.707273,30.508985,27.328657,-15.621383,11.242109,82.764014,94.206977,9.143111,-20.905653
1784109493924,23.600000,131.433990,49.961926,30.298714,26.565028,23.396898,19.322422,82.414449,92.722622,5.004348,-21.483353
1784109493944,23.620000,84.225040,10.765608,30.146291,29.859225,-19.093617,20.605055,81.944582,91.123714,-0.188409,-22.512793
1784109493964,23.640000,108.009460,36.663204,30.054492,29.109284,7.553920,16.024180,81.357434,89.424811,-6.551561,-23.799295
1784109493984,23.660000,64.458300,-0.648159,30.025721,31.192741,-31.840900,8.246537,80.656589,87.640299,-12.997668,-24.993864
1784109494004,23.680000,85.926820,42.325607,30.061961,29.549105,12.776502,2.926741,79.846159,85.784214,-17.768818,-25.765585
1784109494024,23.700000,44.187540,19.952753,30.164729,32.519277,-12.566524,4.582267,78.930753,83.870074,-19.378494,-25.957697
1784109494044,23.720000,80.878660,52.514490,30.335041,33.131161,19.383329,10.588563,77.915439,81.910735,-17.569179,-25.588684
1784109494064,23.740000,50.963350,1.195894,30.573410,37.068495,-35.872601,12.021614,76.805707,79.918275,-13.689825,-24.711676
1784109494084,23.760000,91.267290,42.222214,30.879882,35.663408,6.558806,6.357050,75.607429,77.903897,-10.066444,-23.252100
1784109494104,23.780000,53.179077,-20.402466,31.254086,38.624819,-59.027285,-2.735845,74.326816,75.877862,-8.737414,-20.947279
1784109494124,23.800000,81.092260,4.110341,31.695281,35.201773,-31.091432,-14.661486,72.970376,73.849440,-10.399156,-17.457989
1784109494144,23.820000,38.579643,-44.795452,32.202371,34.697105,-79.492557,-26.386211,71.544867,71.826892,-14.138335,-12.605756
1784109494164,23.840000,64.354750,-23.946238,32.773905,29.492499,-53.438737,-34.288311,70.057257,69.817470,-17.874558,-6.576562
1784109494184,23.860000,24.312439,-74.629036,33.408058,26.981344,-101.610380,-38.928795,68.514674,67.827438,-19.148997,0.056270
1784109494204,23.880000,68.649445,-31.636280,34.102640,19.735940,-51.372220,-38.747915,66.924362,65.862111,-15.855449,6.518986
1784109494224,23.900000,7.056528,-78.642470,34.855100,17.530892,-96.173362,-32.418717,65.293636,63.925911,-6.892244,12.123355
1784109494244,23.920000,81.359360,-22.365383,35.662565,10.839386,-33.204769,-21.310537,63.629838,62.022439,6.812955,16.486414
1784109494264,23.940000,66.949940,-44.530450,36.521891,10.382782,-54.913232,-4.772886,61.940289,60.154550,21.931265,19.634802
1784109494284,23.960000,103.353940,7.974915,37.429788,7.661128,0.313786,15.055278,60.232250,58.324442,34.431587,22.026580
1784109494304,23.980000,66.914850,-3.822114,38.382938,10.343042,-14.165156,34.146057,58.512875,56.533749,41.665420,24.423624
1784109494324,24.000000,100.987960,45.276160,39.378055,11.433189,33.842971,50.208345,56.789172,54.358489,42.718388,27.531729
1784109494344,24.020000,61.208557,40.796480,40.411886,17.186041,23.610439,62.491969,55.067963,52.668995,37.786306,31.556803
1784109494364,24.040000,82.180770,87.868590,41.481205,21.765581,66.103009,71.513150,53.355843,51.021530,27.844806,36.007572
1784109494384,24.060000,34.635925,68.574740,42.582776,30.478201,38.096539,75.330954,51.659146,49.416242,14.579061,39.879160
1784109494404,24.080000,49.197098,100.688065,43.713298,36.253728,64.434337,71.438731,49.983908,47.853160,0.196019,42.029194
1784109494424,24.100000,-8.621622,57.689770,44.869334,44.562835,13.126935,58.475236,48.335836,46.332267,-13.106200,41.515194
1784109494444,24.120000,30.112011,75.007416,46.047239,47.581819,27.425597,37.401405,46.720276,44.853557,-23.888056,37.817875
1784109494464,24.140000,-22.595070,28.694958,47.243113,51.892396,-23.197438,12.945586,45.142188,43.417084,-31.681538,30.977953
1784109494484,24.160000,14.312557,62.572190,48.452790,50.922071,11.650119,-7.369847,43.606121,42.022995,-36.452016,21.645720
1784109494504,24.180000,-30.795519,46.191406,49.671849,53.272547,-7.081141,-15.811772,42.116195,40.671554,-38.075664,10.987363
1784109494524,24.200000,3.895197,98.961525,50.895635,53.552462,45.409063,-10.101381,40.676080,39.363156,-36.326164,0.425930
1784109494544,24.220000,-31.278543,68.479260,52.119290,58.986087,9.493173,2.132664,39.288984,38.098317,-31.349319,-8.695209
1784109494564,24.240000,17.057724,122.904510,53.337798,60.667799,62.236711,12.070460,37.957648,36.877668,-24.223070,-15.369891
1784109494584,24.260000,-8.861913,75.921370,54.546054,67.576704,8.344666,15.538094,36.684335,35.701931,-16.906882,-19.017626
1784109494604,24.280000,32.013440,116.788940,55.738962,68.941644,47.847296,10.825064,35.470831,34.571883,-11.433752,-19.441505
1784109494624,24.300000,7.690180,88.786740,56.911521,74.189426,14.597314,3.240296,34.318448,33.488325,-8.869981,-16.763578
1784109494644,24.320000,18.907904,120.128020,58.058895,75.974930,44.153090,-2.248120,33.228028,32.452034,-8.750154,-11.420573
1784109494664,24.340000,-15.448645,98.069460,59.176427,80.644617,17.424843,-5.424101,32.199955,31.463723,-9.796779,-4.214666
1784109494684,24.360000,31.200087,134.016080,60.259631,82.511426,51.504654,-5.917445,31.234166,30.523988,-11.488171,3.700069
1784109494704,24.380000,-4.208772,105.377440,61.304195,87.730926,17.646514,-5.386625,30.330168,29.633268,-14.477519,11.034291
1784109494724,24.400000,24.411182,140.777080,62.306018,89.433728,51.343352,-5.810931,29.487059,28.791801,-19.427353,16.734861
1784109494744,24.420000,-13.719659,106.875470,63.261224,94.447128,12.428342,-7.818749,28.703546,27.999586,-25.870182,20.258108
1784109494764,24.440000,8.324865,151.030410,64.166160,95.423740,55.606670,-9.962458,27.977976,27.256351,-31.983816,21.551966
1784109494784,24.460000,-32.713688,124.629776,65.017363,100.662221,23.967555,-9.482465,27.308359,26.561526,-35.200303,20.831541
1784109494804,24.480000,12.879390,148.163600,65.811538,102.611596,45.552004,-8.807888,26.692396,25.914229,-33.288682,18.392170
1784109494824,24.500000,-19.029463,111.799680,66.545559,106.635419,5.164261,-12.462482,26.127513,25.313249,-25.136071,14.593858
1784109494844,24.520000,31.039621,149.381790,67.216504,106.453417,42.928373,-18.045929,25.610894,24.757051,-10.979116,9.956253
1784109494864,24.540000,16.330452,104.917140,67.821722,109.952770,-5.035630,-22.223058,25.139510,24.243782,7.508438,5.218977
1784109494884,24.560000,79.939095,127.681290,68.358920,108.469846,19.211444,-26.996348,24.710155,23.771282,27.440849,1.278813
1784109494904,24.580000,62.292057,86.146610,68.826271,109.272676,-23.126066,-33.068419,24.319480,23.337106,45.637905,-0.974858
1784109494924,24.600000,105.713180,131.433990,69.222521,105.633481,25.800509,-35.555156,23.964025,22.938554,59.693459,-0.872409
1784109494944,24.620000,82.472580,84.225040,69.547056,106.769302,-22.544262,-32.403890,23.640254,22.572703,68.330877,1.805635
1784109494964,24.640000,123.111534,108.009460,69.799916,102.883780,5.125680,-29.588520,23.344582,22.236442,71.181640,6.658747
1784109494984,24.660000,76.154410,64.458300,69.981793,101.634757,-37.176457,-30.513663,23.073408,21.926513,68.555631,12.675740
1784109495004,24.680000,110.752570,85.926820,70.093975,95.978355,-10.051535,-33.114233,22.823143,21.639548,61.090905,18.446524
1784109495024,24.700000,60.429947,44.187540,70.138265,92.914813,-48.727273,-35.092630,22.590232,21.372116,49.294919,22.482573
1784109495044,24.720000,92.653046,80.878660,70.116882,85.833860,-4.955200,-33.303303,22.371180,21.120757,33.552315,23.540480
1784109495064,24.740000,35.935345,50.963350,70.032362,83.057809,-32.094459,-25.441484,22.162573,20.882025,14.806248,20.882689
1784109495084,24.760000,44.026505,91.267290,69.887446,77.485135,13.782155,-13.007445,21.961094,20.652522,-4.756877,14.400692
1784109495104,24.780000,-12.337116,53.179077,69.684946,76.488709,-23.309632,-0.778012,21.763545,20.428929,-22.025250,4.541708
1784109495124,24.800000,15.647947,81.092260,69.427602,71.753095,9.339165,6.290321,21.566854,20.208040,-34.190498,-7.885491
1784109495144,24.820000,-27.051376,38.579643,69.117982,70.302514,-31.722871,7.046456,21.368092,19.986784,-39.703718,-21.853521
1784109495164,24.840000,12.882169,64.354750,68.758429,64.748783,-0.394033,3.980425,21.164481,19.762250,-38.408491,-36.133144
1784109495184,24.860000,-26.726591,24.312439,68.351060,62.373870,-38.061431,0.409148,20.953403,19.531708,-31.328447,-49.292114
1784109495204,24.880000,28.134610,68.649445,67.897790,56.268111,12.381334,0.579153,20.732410,19.294919,-20.569179,-59.822315
1784109495224,24.900000,10.158026,7.056528,67.400389,55.288662,-48.232134,3.103572,20.499222,19.047207,-8.949068,-66.382576
1784109495244,24.920000,45.002037,81.359360,66.860570,48.308911,33.050449,7.028860,20.251737,18.786414,1.054854,-68.035675
1784109495264,24.940000,25.944164,66.949940,66.280064,49.566680,17.383260,20.277507,19.988033,18.510602,8.315317,-64.423540
1784109495284,24.960000,67.201310,103.353940,65.660686,49.362368,53.991572,38.817604,19.706365,18.218047,13.483206,-55.873005
1784109495304,24.980000,-6.797346,66.914850,65.004357,52.933297,13.981553,48.487244,19.405167,17.907247,18.607808,-43.413067
1784109495324,25.000000,58.077187,100.987960,64.313085,52.603591,48.384369,46.016154,19.083052,17.576907,25.099188,-28.677576
1784109495344,25.020000,40.399560,61.208557,63.588931,55.814849,5.393708,36.587566,18.738804,17.225941,31.557720,-13.620597
1784109495364,25.040000,83.320620,82.180770,62.834038,54.816620,27.364150,24.164564,18.371378,16.853459,34.538412,-0.015080
1784109495384,25.060000,35.559387,34.635925,62.050698,56.098543,-21.462618,10.060823,17.979894,16.458755,31.400629,11.047582
1784109495404,25.080000,60.707695,49.197098,61.241360,52.577079,-3.379981,-4.654379,17.563628,16.041299,22.107417,19.278326
1784109495424,25.100000,0.373999,-8.621622,60.408566,50.935743,-59.557365,-19.639241,17.122007,15.600721,9.080663,24.825022
1784109495444,25.120000,19.935250,30.112011,59.554854,43.756606,-13.644595,-30.948294,16.654601,15.136801,-4.149047,27.785217
1784109495464,25.140000,-25.843048,-22.595070,58.682644,41.233442,-63.828512,-34.389458,16.161114,14.649449,-14.622963,28.022493
1784109495484,25.160000,7.945585,14.312557,57.794152,33.771195,-19.458638,-32.211408,15.641375,14.138698,-20.994192,25.360662
1784109495504,25.180000,-32.602474,-30.795519,56.891348,30.805082,-61.600601,-27.391025,15.095330,13.604686,-23.455906,19.937849
1784109495524,25.200000,6.262519,3.895197,55.975946,23.702845,-19.807648,-21.775465,14.523034,13.047643,-23.007682,12.445178
1784109495544,25.220000,-29.924950,-31.278543,55.049422,20.834519,-52.113062,-15.716356,13.924644,12.467880,-20.680714,4.087373
1784109495564,25.240000,6.736417,17.057724,54.113038,14.810078,2.247646,-7.148265,13.300408,11.865777,-17.034774,-3.706949
1784109495584,25.260000,-32.135643,-8.861913,53.167868,14.258526,-23.120439,4.932176,12.650666,11.241772,-12.180585,-9.664602
1784109495604,25.280000,15.493903,32.013440,52.214824,11.224537,20.788903,17.510212,11.975836,10.596348,-6.296676,-12.965782
1784109495624,25.300000,-16.949179,7.690180,51.254690,12.598628,-4.908448,27.123407,11.276416,9.930030,-0.040733,-13.354259
1784109495644,25.320000,20.358677,18.907904,50.288169,11.440341,7.467563,29.700165,10.552980,9.243370,5.477661,-11.059150
1784109495664,25.340000,-3.927753,-15.448645,49.315921,11.544391,-26.993036,22.741839,9.806174,8.536946,8.886064,-6.625448
1784109495684,25.360000,27.464230,31.200087,48.338605,8.261317,22.938770,14.811434,9.036716,7.811352,8.904644,-0.757681
1784109495704,25.380000,-13.448135,-4.208772,47.356898,9.976859,-14.185631,13.659038,8.245398,7.067190,4.859124,5.777850
1784109495724,25.400000,13.864274,24.411182,46.371493,8.023998,16.387184,14.964068,7.433089,6.305072,-3.120069,12.197745
1784109495744,25.420000,-29.695293,-13.719659,45.383069,9.134055,-22.853714,13.286228,6.600733,5.525609,-14.225174,17.726559
1784109495764,25.440000,-12.027143,8.324865,44.392248,6.370042,1.954823,7.828573,5.749361,4.729409,-27.084172,21.646800
1784109495784,25.460000,-58.288586,-32.713688,43.399541,6.101845,-38.815533,-0.057855,4.880090,3.917074,-39.961946,23.392557
1784109495804,25.480000,-25.724756,12.879390,42.405289,1.822007,11.057383,-5.166558,3.994137,3.089200,-51.038260,22.660294
1784109495824,25.500000,-72.152695,-19.029463,41.409631,2.521569,-21.551032,-3.106832,3.092822,2.246369,-58.379031,19.501840
1784109495844,25.520000,-47.093910,31.039621,40.412476,-0.006631,31.046252,4.536041,2.177581,1.389153,-59.940838,14.360187
1784109495864,25.540000,-79.156540,16.330452,39.413502,2.673422,13.657030,15.791306,1.249979,0.518109,-54.419489,8.002418
1784109495884,25.560000,-20.601446,79.939095,38.412155,3.581902,76.357193,30.273100,0.311716,-0.366215,-42.455786,1.377282
1784109495904,25.580000,-37.558678,62.292057,37.407729,10.619056,51.673001,45.185002,-0.635355,-1.263279,-26.746718,-4.493892
1784109495924,25.600000,7.373098,105.713180,36.399471,15.076754,90.636426,54.346002,-1.589213,-2.172548,-10.924011,-8.570167
1784109495944,25.620000,-7.164073,82.472580,35.386709,23.244163,59.228417,54.522118,-2.547662,-3.093480,1.600237,-9.912910
1784109495964,25.640000,39.079445,123.111534,34.368941,28.129735,94.981799,48.303029,-3.508312,-4.025520,8.463410,-7.938284
1784109495984,25.660000,11.006363,76.154410,33.345914,36.377653,39.776757,36.872366,-4.468568,-4.968083,9.346323,-2.666049
1784109496004,25.680000,25.238531,110.752570,32.317667,38.988021,71.764549,20.714382,-5.425617,-5.920533,6.631658,5.190506
1784109496024,25.700000,-14.343550,60.429947,31.284510,44.615944,15.814003,3.103520,-6.376420,-6.882165,4.482875,14.301379
1784109496044,25.720000,24.127851,92.653046,30.246954,44.574980,48.078066,-13.033050,-7.317698,-7.852175,6.501706,22.935303
1784109496064,25.740000,-4.155029,35.935345,29.205664,47.622236,-11.686891,-26.904257,-8.245932,-8.829627,13.716163,29.352740
1784109496084,25.760000,50.271935,44.026505,28.161450,44.679378,-0.652873,-41.493218,-9.157354,-9.813413,24.081187,32.330696
1784109496104,25.780000,28.231262,-12.337116,27.115301,42.807096,-55.144212,-57.920848,-10.047944,-10.802212,33.468395,31.584505
1784109496124,25.800000,70.904236,15.647947,26.068443,35.576964,-19.929017,-70.338057,-10.913438,-11.794438,37.632520,27.825485
1784109496144,25.820000,33.175484,-27.051376,25.022374,31.888937,-58.940313,-73.165766,-11.749323,-12.788187,34.269470,22.398310
1784109496164,25.840000,57.579113,12.882169,23.978862,24.417885,-11.535716,-66.187659,-12.550855,-13.781172,24.328810,16.684217
1784109496184,25.860000,-0.493597,-26.726591,22.939890,21.703721,-48.430312,-53.218170,-13.313062,-14.770664,12.085866,11.551852
1784109496204,25.880000,18.009068,28.134610,21.907549,15.415099,12.719511,-37.380027,-14.030767,-15.753421,3.678531,7.086142
1784109496224,25.900000,-27.512781,10.158026,20.883922,15.215743,-5.057717,-18.046526,-14.698599,-16.725617,4.379950,2.691592
1784109496244,25.920000,25.211103,45.002037,19.870980,13.267276,31.734761,1.081896,-15.311026,-17.682776,15.797873,-2.478270
1784109496264,25.940000,19.033163,25.944164,18.870568,14.940376,11.003788,14.348529,-15.862373,-18.619699,34.707026,-8.927499
1784109496284,25.960000,84.459755,67.201310,17.884478,14.547209,52.654101,22.655737,-16.346858,-19.530401,54.543881,-16.320540
1784109496304,25.980000,58.654404,-6.797346,16.914581,18.220581,-25.017927,21.940185,-16.758623,-20.408049,68.737009,-23.378723
1784109496324,26.000000,94.748726,58.077187,15.962933,14.257053,43.820134,12.402042,-17.091776,-21.244916,73.706699,-28.325958
1784109496344,26.020000,41.303240,40.399560,15.031811,17.119448,23.280112,10.035894,-17.340427,-22.032335,69.898887,-29.717794
1784109496364,26.040000,59.961662,83.320620,14.123658,17.939367,65.381253,19.195932,-17.498736,-22.760681,60.671817,-27.207916
1784109496384,26.060000,17.368847,35.559387,13.240979,22.859602,12.699785,26.621147,-17.560962,-23.419363,50.077683,-21.807146
1784109496404,26.080000,33.205578,60.707695,12.386230,22.573316,38.134379,22.826671,-17.521506,-23.996838,40.979898,-15.494365
1784109496424,26.100000,-5.845692,0.373999,11.561719,24.816493,-24.442494,8.310973,-17.374968,-24.480656,34.085284,-10.425294
1784109496444,26.120000,33.391790,19.935250,10.769541,21.001104,-1.065854,-11.218589,-17.116199,-24.857524,27.938620,-8.156572
1784109496464,26.140000,-16.015064,-25.843048,10.011540,19.648945,-45.491993,-27.873791,-16.740354,-25.114078,20.117566,-9.200344
1784109496484,26.160000,8.236158,7.945585,9.289293,14.139951,-6.194366,-35.493901,-16.242945,-25.234399,8.966725,-13.025060
1784109496504,26.180000,-52.089890,-32.602474,8.604065,12.708330,-45.310804,-34.061381,-15.619893,-25.203408,-5.446669,-18.440485
1784109496524,26.200000,-33.448770,6.262519,7.956749,7.658676,-1.396157,-27.360203,-14.867585,-25.005770,-21.542139,-24.161879
1784109496544,26.220000,-88.637950,-29.924950,7.347783,7.126273,-37.051223,-18.763425,-13.982919,-24.626106,-37.084105,-29.265886
1784109496564,26.240000,-67.276360,6.736417,6.777080,3.291107,3.445310,-10.795137,-12.963349,-24.049238,-50.066124,-33.334380
1784109496584,26.260000,-111.221850,-32.135643,6.243983,3.600398,-35.736041,-5.173443,-11.806938,-23.260454,-59.287629,-36.306255
1784109496604,26.280000,-83.760650,15.493903,5.747252,0.242483,15.251420,-0.575823,-10.512385,-22.245795,-64.554561,-38.211567
1784109496624,26.300000,-112.837310,-16.949179,5.285075,2.007418,-18.956597,5.529780,-9.079069,-20.992348,-66.493587,-38.959010
1784109496644,26.320000,-85.628920,20.358677,4.855119,0.514582,19.844095,11.662384,-7.507074,-19.488551,-66.047100,-38.262825
1784109496664,26.340000,-116.668560,-3.927753,4.454593,2.875280,-6.803034,16.310988,-5.797214,-17.724491,-64.045219,-35.719513
1784109496684,26.360000,-71.942810,27.464230,4.080318,2.652991,24.811239,19.500456,-3.951049,-15.692200,-61.098028,-30.979998
1784109496704,26.380000,-109.277664,-13.448135,3.728808,5.504179,-18.952314,18.733839,-1.970898,-13.385927,-57.471664,-23.914377
1784109496724,26.400000,-68.134830,13.864274,3.396353,4.088963,9.775311,13.017613,0.140161,-10.802392,-53.015624,-14.696534
1784109496744,26.420000,-97.375946,-29.695293,3.079095,5.490945,-35.186238,4.688387,2.378286,-7.941006,-47.532782,-3.802886
1784109496764,26.440000,-43.960476,-12.027143,2.773103,2.557644,-14.584787,-4.694261,4.738890,-4.804051,-41.176703,8.061132
1784109496784,26.460000,-67.025635,-58.288586,2.474467,1.714507,-60.003093,-14.450856,7.216646,-1.396819,-34.191090,20.107277
1784109496804,26.480000,-31.024899,-25.724756,2.179394,-3.407364,-22.317392,-21.355683,9.805519,2.272297,-26.296273,31.634740
1784109496824,26.500000,-48.554050,-72.152695,1.884287,-4.733264,-67.419431,-23.343533,12.498787,6.191769,-16.726590,42.112514
1784109496844,26.520000,-3.132165,-47.093910,1.585815,-10.295551,-36.798359,-23.148549,15.289079,10.346954,-5.028676,51.145580
1784109496864,26.540000,-19.936169,-79.156540,1.280969,-12.726810,-66.429730,-21.625603,18.168416,14.720168,8.146036,58.425663
1784109496884,26.560000,33.099674,-20.601446,0.967141,-17.884621,-2.716825,-13.782866,21.128250,19.290819,20.666591,63.751680
1784109496904,26.580000,25.729359,-37.558678,0.642192,-16.859412,-20.699266,3.256574,24.159520,24.035598,29.275615,67.093360
1784109496924,26.600000,71.849580,7.373098,0.304544,-17.712255,25.085354,23.121805,27.252699,28.928709,31.049977,68.616660
1784109496944,26.620000,26.575453,-7.164073,-0.046772,-14.383344,7.219271,38.664133,30.397856,33.942168,25.273610,68.604760
1784109496964,26.640000,52.053825,39.079445,-0.412116,-13.111794,52.191239,48.864066,33.584711,39.046120,14.063491,67.249940
1784109496984,26.660000,8.215398,11.006363,-0.791323,-7.927780,18.934143,53.439881,36.802701,44.209212,1.215584,64.412630
1784109497004,26.680000,41.863102,25.238531,-1.183806,-6.394991,31.633522,48.987507,40.041039,49.398985,-9.525291,59.567220
1784109497024,26.700000,8.581576,-14.343550,-1.588644,-3.993407,-10.350143,34.619368,43.288781,54.582292,-15.570437,52.068700
1784109497044,26.720000,52.956300,24.127851,-2.004644,-5.852691,29.980542,18.812806,46.534894,59.725726,-15.743448,41.606823
1784109497064,26.740000,27.256857,-4.155029,-2.430355,-4.024738,-0.130292,10.657515,49.768317,64.796058,-10.034528,28.551397
1784109497084,26.760000,79.281900,50.271935,-2.864066,-5.294368,55.566303,12.285871,52.978031,69.760668,0.699001,13.991100
1784109497104,26.780000,58.070217,28.231262,-3.303782,-1.452534,29.683796,20.998634,56.153118,74.587968,14.815445,-0.520034
1784109497124,26.800000,122.824690,70.904236,-3.747179,-0.410562,71.314798,30.073050,59.282832,79.247806,29.879485,-13.355372
1784109497144,26.820000,110.342560,33.175484,-4.191547,4.386155,28.789329,32.791009,62.356653,83.711836,43.107622,-23.171022
1784109497164,26.840000,156.585280,57.579113,-4.633730,4.860892,52.718221,26.216908,65.364349,87.953859,52.437485,-29.131144
1784109497184,26.860000,125.255960,-0.493597,-5.070076,7.626298,-8.119895,10.645544,68.296032,91.950120,57.328357,-31.030378
1784109497204,26.880000,163.320900,18.009068,-5.496459,4.477442,13.531626,-10.247043,71.142208,95.679564,58.463820,-29.359125
1784109497224,26.900000,132.752560,-27.512781,-5.908323,3.634310,-31.147091,-29.159403,73.893827,99.124032,56.768937,-25.263277
1784109497244,26.920000,171.045680,25.211103,-6.300756,-1.515566,26.726669,-37.177181,76.542325,102.268416,52.732845,-20.306372
1784109497264,26.940000,144.277480,19.033163,-6.668544,-0.660930,19.694093,-28.044975,79.079666,105.100751,46.606257,-16.056559
1784109497284,26.960000,156.254100,84.459755,-7.006245,-0.273854,84.733609,-4.637362,81.498374,107.612259,39.121003,-13.685604
1784109497304,26.980000,120.045960,58.654404,-7.308270,7.102162,51.552242,20.201873,83.791563,109.797345,31.556569,-13.788119
1784109497324,27.000000,151.354610,94.748726,-7.569000,11.538770,83.209956,32.806177,85.952963,110.992640,24.868041,-16.445608
1784109497344,27.020000,115.275940,41.303240,-7.782883,19.649741,21.653499,27.509276,87.976939,112.483181,19.088984,-21.367294
1784109497364,27.040000,142.267620,59.961662,-7.944507,21.801284,38.160378,7.667227,89.858506,113.651476,13.556761,-27.966822
1784109497384,27.060000,108.448944,17.368847,-8.048660,25.837765,-8.468918,-16.216079,91.593340,114.503838,7.365197,-35.408740
1784109497404,27.080000,136.302630,33.205578,-8.090388,25.197519,8.008059,-35.240872,93.177785,115.049043,-0.175228,-42.726030
1784109497424,27.100000,93.418230,-5.845692,-8.065040,26.232839,-32.078531,-47.249857,94.608852,115.298097,-9.009349,-49.008423
1784109497444,27.120000,108.667145,33.391790,-7.968330,23.105287,10.286503,-50.470348,95.884221,115.263984,-18.187179,-53.585570
1784109497464,27.140000,65.157960,-16.015064,-7.796403,24.200524,-40.215588,-46.926530,97.002234,114.961401,-26.555198,-56.153340
1784109497484,27.160000,96.680580,8.236158,-7.545917,20.048717,-11.812559,-43.977529,97.961889,114.406494,-33.813710,-56.794235
1784109497504,27.180000,56.004260,-52.089890,-7.214082,18.629087,-70.718977,-46.078108,98.762822,113.616583,-40.876802,-55.844990
1784109497524,27.200000,92.377530,-33.448770,-6.798683,11.077594,-44.526364,-52.525105,99.405305,112.609896,-49.140975,-53.660095
1784109497544,27.220000,45.325275,-88.637950,-6.298078,6.009695,-94.647645,-59.082718,99.890218,111.405309,-59.112839,-50.424010
1784109497564,27.240000,51.836502,-67.276360,-5.711201,-4.234854,-63.041506,-61.915293,100.219043,110.022097,-69.460073,-46.152973
1784109497584,27.260000,18.704508,-111.221850,-5.037602,-11.353314,-99.868536,-59.160528,100.393837,108.479698,-77.508181,-40.876633
1784109497604,27.280000,39.215508,-83.760650,-4.277488,-22.140407,-61.620243,-50.832691,100.417220,106.797495,-80.646942,-34.812480
1784109497624,27.300000,5.585762,-112.837310,-3.431734,-28.963262,-83.874048,-37.761770,100.292348,104.994613,-77.489530,-28.349184
1784109497644,27.320000,62.407932,-85.628920,-2.501859,-37.794361,-47.834559,-22.043805,100.022896,103.089737,-68.447601,-21.834366
1784109497664,27.340000,34.880608,-116.668560,-1.489945,-42.714158,-73.954402,-7.499249,99.613035,101.100947,-55.340917,-15.326058
1784109497684,27.360000,84.939530,-71.942810,-0.398521,-49.861394,-22.081416,5.927708,99.067409,99.045576,-40.205050,-8.498075
1784109497704,27.380000,61.096424,-109.277664,0.769559,-51.382110,-57.895554,18.650137,98.391116,96.940084,-24.423893,-0.782386
1784109497724,27.400000,110.440630,-68.134830,2.011220,-55.983945,-12.150885,28.226288,97.589681,94.799948,-8.610007,8.318904
1784109497744,27.420000,79.271910,-97.375946,3.323267,-55.472430,-41.903516,34.878665,96.669034,92.639582,7.019348,18.926710
1784109497764,27.440000,146.562030,-43.960476,4.702461,-57.360559,13.400083,41.557974,95.635483,90.472262,22.091388,30.659857
1784109497784,27.460000,111.621990,-67.025635,6.145609,-53.092814,-13.932821,49.837959,94.495691,88.310080,36.003388,42.741160
1784109497804,27.480000,159.136630,-31.024899,7.649642,-50.933192,19.908293,56.038117,93.256646,86.163907,48.273928,54.228226
1784109497824,27.500000,125.740960,-48.554050,9.211667,-44.685946,-3.868104,57.306531,91.925633,84.043385,58.439855,64.211190
1784109497844,27.520000,171.842380,-3.132165,10.828984,-40.144705,37.012540,56.480067,90.510202,81.956925,65.531222,71.906400
1784109497864,27.540000,138.481890,-19.936169,12.499104,-30.676557,10.740388,55.827402,89.018140,79.911730,67.969212,76.701620
1784109497884,27.560000,176.354830,33.099674,14.219744,-23.076730,56.176404,55.860627,87.457431,77.913831,64.267381,78.222824
1784109497904,27.580000,125.546920,25.729359,15.988819,-9.897826,35.627185,57.261821,85.836222,75.968140,54.202219,76.385310
1784109497924,27.600000,136.466160,71.849580,17.804387,2.177426,69.672154,58.312827,84.162786,74.078522,39.546579,71.340910
1784109497944,27.620000,80.540800,26.575453,19.664546,18.877953,7.697500,51.809569,82.445482,72.247868,23.573479,63.326360
1784109497964,27.640000,97.424255,52.053825,21.567310,30.174330,21.879495,32.584834,80.692710,70.478193,9.627174,52.541030
1784109497984,27.660000,52.067490,8.215398,23.510484,43.806907,-35.591509,5.628115,78.912872,68.770737,-0.200809,39.190800
1784109498004,27.680000,90.536470,41.863102,25.491593,52.161790,-10.298688,-19.476014,77.114327,67.126074,-5.493894,23.702112
1784109498024,27.700000,48.649178,8.581576,27.507854,63.725545,-55.143969,-36.226441,75.305343,65.544219,-6.826198,6.950025
1784109498044,27.720000,87.769010,52.956300,29.556193,71.125706,-18.169406,-43.094115,73.494058,64.024746,-4.594482,-9.700494
1784109498064,27.740000,38.602238,27.256857,31.633268,82.845770,-55.588913,-42.130087,71.688425,62.566896,1.521850,-24.626734
1784109498084,27.760000,82.053630,79.281900,33.735489,91.151133,-11.869233,-36.416214,69.896174,61.169681,11.842303,-36.360840
1784109498104,27.780000,68.389626,58.070217,35.859051,104.495911,-46.425694,-28.519834,68.124762,59.831980,25.432525,-43.948720
1784109498124,27.800000,113.842430,122.824690,38.000003,114.785022,8.039668,-19.122889,66.381330,58.552624,39.873424,-47.045895
1784109498144,27.820000,85.008770,110.342560,40.154359,131.315865,-20.973305,-7.818116,64.672657,57.330467,52.190743,-45.777496
1784109498164,27.840000,128.627010,156.585280,42.318180,145.516715,11.068565,1.606146,63.005116,56.164444,59.725312,-40.585040
1784109498184,27.860000,92.129944,125.255960,44.487640,163.697912,-38.441952,3.182228,61.384633,55.053612,60.619375,-32.205082
1784109498204,27.880000,125.394050,163.320900,46.659051,177.346234,-14.025334,-3.945602,59.816648,53.998822,54.374532,-21.706245
1784109498224,27.900000,60.685143,132.752560,48.828868,193.989872,-61.237312,-15.231772,58.306070,52.997935,42.292337,-10.449348
1784109498244,27.920000,82.672844,171.045680,50.993625,206.140287,-35.094607,-25.644919,56.857249,52.050438,27.068876,0.041713
1784109498264,27.940000,29.842823,144.277480,53.149855,221.265739,-76.988259,-32.484369,55.473936,51.155926,11.623103,8.264749
1784109498284,27.960000,45.030410,156.254100,55.293990,232.286603,-76.032503,-38.756486,54.159255,50.314053,-1.917492,12.991536
1784109498304,27.980000,-1.236254,120.045960,57.422297,243.467370,-123.421410,-48.728930,52.915673,49.524474,-12.786079,13.553252
1784109498324,28.000000,22.175632,151.354610,59.530816,249.689763,-98.335153,-58.241067,51.744983,48.786772,-21.857269,10.036046
1784109498344,28.020000,-12.178380,115.275940,61.615335,258.314709,-143.038769,-62.047297,50.648281,48.100380,-31.310545,3.281770
1784109498364,28.040000,4.947147,142.267620,63.671399,262.116226,-119.848606,-61.131990,49.625954,47.464492,-43.451532,-5.304547
1784109498384,28.060000,-48.523680,108.448944,65.694309,267.984458,-159.535514,-57.755462,48.677673,46.877980,-59.355536,-14.088891
1784109498404,28.080000,-26.166416,136.302630,67.679120,269.431332,-133.128702,-52.832868,47.802391,46.339308,-78.173435,-21.617277
1784109498424,28.100000,-87.588310,93.418230,69.620608,273.180322,-179.762092,-47.987097,46.998349,45.846456,-97.073204,-26.963440
1784109498444,28.120000,-57.192375,108.667145,71.513244,271.716867,-163.049722,-45.735809,46.263084,45.396851,-111.553875,-29.860315
1784109498464,28.140000,-138.731350,65.157960,73.351173,271.448265,-206.290305,-45.990361,45.593451,44.987313,-116.608955,-30.585032
1784109498484,28.160000,-69.474884,96.680580,75.128190,266.206828,-169.526248,-44.136499,44.985644,44.614022,-109.209645,-29.704119
1784109498504,28.180000,-80.362400,56.004260,76.837784,264.147027,-208.142767,-36.883485,44.435228,44.272496,-90.457636,-27.741766
1784109498524,28.200000,-17.267395,92.377530,78.473287,257.593486,-165.215956,-25.308421,43.937177,43.957601,-65.071152,-24.799020
1784109498544,28.220000,-23.185280,45.325275,80.028099,254.868745,-209.543470,-12.771920,43.485921,43.663577,-39.000964,-20.322016
1784109498564,28.240000,36.325676,51.836502,81.495916,247.102746,-195.266244,-5.807170,43.075389,43.384086,-17.294622,-13.283089
1784109498584,28.260000,16.215054,18.704508,82.870914,240.219092,-221.514584,-4.889228,42.699069,43.112286,-2.707644,-2.767729
1784109498604,28.280000,59.035454,39.215508,84.147896,230.096476,-190.880968,-2.546382,42.350068,42.840923,4.929575,11.386254
1784109498624,28.300000,25.829170,5.585762,85.322367,222.534797,-216.949035,4.428750,42.021171,42.562442,8.401291,28.266495
1784109498644,28.320000,55.056194,62.407932,86.390560,211.803153,-149.395221,18.370327,41.704912,42.269111,11.827620,45.987232
1784109498664,28.340000,33.899387,34.880608,87.349419,207.469317,-172.588709,39.798227,41.393640,41.953157,18.690296,62.130420
1784109498684,28.360000,84.389130,84.939530,88.196583,200.405914,-115.466384,61.946511,41.079590,41.606909,30.130294,74.382065
1784109498704,28.380000,66.355034,61.096424,88.930400,198.800240,-137.703816,79.370481,40.754959,41.222943,44.498162,81.169495
1784109498724,28.400000,124.675230,110.440630,89.549969,194.667780,-84.227150,91.140108,40.411969,40.794223,58.114346,82.068665
1784109498744,28.420000,104.200700,79.271910,90.055197,195.709518,-116.437608,97.126763,40.042947,40.314236,66.785482,77.813660
1784109498764,28.440000,138.798610,146.562030,90.446834,193.290174,-46.728144,100.318123,39.640390,39.777115,67.608149,69.909904
1784109498784,28.460000,90.808760,111.621990,90.726462,197.750451,-86.128461,103.424867,39.197034,39.177748,60.108447,60.020275
1784109498804,28.480000,120.545490,159.136630,90.896426,198.103388,-38.966758,102.773206,38.705920,38.511864,46.133716,49.376064
1784109498824,28.500000,62.749832,125.740960,90.959708,203.095453,-77.354493,96.219574,38.160457,37.776100,29.058946,38.455280
1784109498844,28.520000,82.206990,171.842380,90.919789,204.107940,-32.265560,86.239666,37.554482,36.968044,12.839678,27.046050
1784109498864,28.540000,36.623580,138.481890,90.780501,209.565177,-71.083287,75.355330,36.882310,36.086256,0.883091,14.610753
1784109498884,28.560000,60.670640,176.354830,90.545890,211.020238,-34.665408,63.997084,36.138794,35.130256,-5.033837,0.739472
1784109498904,28.580000,40.112488,125.546920,90.220124,216.050566,-90.503646,49.820352,35.319365,34.100496,-5.314277,-14.490766
1784109498924,28.600000,74.458740,136.466160,89.807453,215.361458,-78.895298,29.316053,34.420076,32.998305,-2.143496,-30.342340
1784109498944,28.620000,43.106552,80.540800,89.312199,215.718351,-135.177551,3.231953,33.437642,31.825810,1.651221,-45.485096
1784109498964,28.640000,91.727600,97.424255,88.738774,210.280377,-112.856122,-21.976841,32.369470,30.585841,3.739992,-58.311756
1784109498984,28.660000,37.817326,52.067490,88.091686,206.941048,-154.873558,-39.975482,31.213686,29.281818,3.127649,-67.393700
1784109499004,28.680000,76.416600,90.536470,87.375524,199.239511,-108.703041,-46.830180,29.969159,27.917629,0.334414,-71.906136
1784109499024,28.700000,30.271791,48.649178,86.594920,196.038072,-147.388894,-43.604969,28.635518,26.497492,-3.307016,-71.860090
1784109499044,28.720000,57.922005,87.769010,85.754495,188.827274,-101.058264,-35.832325,27.213159,25.025826,-6.614030,-68.056786
1784109499064,28.740000,22.993502,38.602238,84.858813,186.135202,-147.532964,-28.930723,25.703257,23.507107,-9.285423,-61.796010
1784109499084,28.760000,60.402874,82.053630,83.912337,178.653675,-96.600045,-24.660891,24.107761,21.945742,-12.035987,-54.457580
1784109499104,28.780000,26.483114,68.389626,82.919423,176.136417,-107.746791,-17.290120,22.429391,20.345946,-15.696293,-47.121410
1784109499124,28.800000,54.819786,113.842430,81.884314,172.358200,-58.515770,-3.222810,20.671626,18.711633,-19.711541,-40.365180
1784109499144,28.820000,0.072254,85.008770,80.811134,173.349028,-88.340258,11.305248,18.838691,17.046329,-21.358372,-34.307620
1784109499164,28.840000,25.425255,128.627010,79.703840,171.178828,-42.551818,20.439920,16.935527,15.353099,-16.865717,-28.858053
1784109499184,28.860000,13.724112,92.129944,78.566165,173.389355,-81.259411,23.271669,14.967775,13.634503,-3.929040,-23.969110
1784109499204,28.880000,59.606790,125.394050,77.401626,171.512258,-46.118208,20.360653,12.941732,11.892575,16.550089,-19.651619
1784109499224,28.900000,55.126290,60.685143,76.213585,172.909352,-112.224209,10.521245,10.864322,10.128830,40.624499,-15.743690
1784109499244,28.920000,112.778200,82.672844,75.005377,167.457033,-84.784189,-6.348565,8.743049,8.344298,62.754279,-11.699525
1784109499264,28.940000,85.231895,29.842823,73.780419,164.493729,-134.650906,-24.025272,6.585950,6.539587,77.793519,-6.670126
1784109499284,28.960000,121.782360,45.030410,72.542308,156.304299,-111.273889,-37.383992,4.401542,4.714967,82.672488,0.102677
1784109499304,28.980000,82.140440,-1.236254,71.294836,150.202936,-151.439189,-45.535634,2.198764,2.870485,77.191544,8.809098
1784109499324,29.000000,90.474945,22.175632,70.041958,139.861748,-117.686116,-47.848880,-0.013080,1.006095,64.085451,18.785606
1784109499344,29.020000,23.233265,-12.178380,68.787689,132.658901,-144.837281,-44.115700,-2.224396,-0.878193,48.123279,28.557531
1784109499364,29.040000,48.307083,4.947147,67.535958,122.532234,-117.585087,-36.889973,-4.425358,-2.782151,34.039436,36.187405
1784109499384,29.060000,-3.187128,-48.523680,66.290453,114.912730,-163.436410,-32.257239,-6.605987,-4.705164,24.531557,39.827530
1784109499404,29.080000,30.270130,-26.166416,65.054531,102.543576,-128.709992,-32.002562,-8.756226,-6.646066,19.616952,38.331005
1784109499424,29.100000,-11.167628,-87.588310,63.831158,93.468018,-181.056328,-33.868251,-10.866009,-8.602972,17.239141,31.699293
1784109499444,29.120000,16.567398,-57.192375,62.622898,79.048903,-136.241278,-35.235174,-12.925342,-10.573133,14.432300,21.136185
1784109499464,29.140000,-35.644670,-138.731350,61.431906,68.975337,-207.706687,-36.437275,-14.924381,-12.546289,8.346414,8.653026
1784109499484,29.160000,-12.285436,-69.474884,60.259903,51.718842,-121.193726,-34.585549,-16.853505,-14.524148,-3.286158,-3.584226
1784109499504,29.180000,-63.388780,-80.362400,59.108142,42.996001,-123.358401,-16.872632,-18.703388,-16.500818,-21.832940,-13.863782
1784109499524,29.200000,-52.634155,-17.267395,57.977371,33.956054,-51.223449,16.990086,-20.465077,-18.469166,-46.956650,-21.264124
1784109499544,29.220000,-132.529360,-23.185280,56.867775,31.947973,-55.133253,53.482617,-22.130053,-20.420813,-75.767130,-25.685028
1784109499564,29.240000,-129.883760,36.325676,55.778883,29.380481,6.945195,82.903031,-23.690305,-22.346161,-103.173421,-27.700602
1784109499584,29.260000,-194.650420,16.215054,54.709447,32.773234,-16.558180,100.249595,-25.138378,-24.234459,-123.669094,-28.327784
1784109499604,29.280000,-161.648800,59.035454,53.657359,33.606963,25.428491,104.205357,-26.467437,-26.073902,-133.319195,-28.680399
1784109499624,29.300000,-195.129750,25.829170,52.619636,38.374691,-12.545521,96.803204,-27.671313,-27.851774,-130.654841,-29.500113
1784109499644,29.320000,-154.557500,55.056194,51.592499,39.143911,15.912283,81.539905,-28.744541,-29.554618,-116.416056,-30.739738
1784109499664,29.340000,-160.859250,33.899387,50.571509,42.520599,-8.621212,64.432260,-29.682400,-31.168446,-93.032838,-31.460823
1784109499684,29.360000,-103.125336,84.389130,49.551757,43.251848,41.137282,53.329579,-30.480937,-32.678958,-64.163429,-30.128320
1784109499704,29.380000,-108.557890,66.355034,48.528083,48.692596,17.662438,50.292607,-31.136989,-34.071790,-34.056854,-25.142752
1784109499724,29.400000,-43.308090,124.675230,47.495307,51.565146,73.110084,52.096028,-31.648201,-35.332769,-6.831461,-15.373693
1784109499744,29.420000,-57.068596,104.200700,46.448444,59.673615,44.527085,54.715950,-32.013025,-36.448172,14.313950,-0.533717
1784109499764,29.440000,-12.110873,138.798610,45.382891,64.670721,74.127889,52.226508,-32.230729,-37.404987,27.866506,18.662987
1784109499784,29.460000,-37.186750,90.808760,44.294544,72.329121,18.479639,39.186182,-32.301385,-38.191158,34.289005,40.557575
1784109499804,29.480000,-5.242456,120.545490,43.179869,74.232297,46.313193,17.147809,-32.225862,-38.795823,35.712816,62.795338
1784109499824,29.500000,-45.747600,62.749832,42.035906,78.686838,-15.937006,-7.933081,-32.005810,-39.209532,35.133077,82.721150
1784109499844,29.520000,-8.667251,82.206990,40.860249,76.812901,5.394089,-32.422050,-31.643637,-39.424441,35.142365,97.853800
1784109499864,29.540000,-35.363297,36.623580,39.651001,76.942705,-40.319125,-52.452236,-31.142481,-39.434473,36.802287,106.352820
1784109499884,29.560000,14.186485,60.670640,38.406759,72.478513,-11.807873,-64.789189,-30.506188,-39.235461,39.590068,107.388450
1784109499904,29.580000,-26.968975,40.112488,37.126622,70.807022,-30.694534,-67.412912,-29.739273,-38.825248,42.396577,101.307960
1784109499924,29.600000,10.384408,74.458740,35.810193,67.249645,7.209095,-60.191832,-28.846886,-38.203756,44.336789,89.482640
1784109499944,29.620000,-19.472166,43.106552,34.457552,67.432017,-24.325465,-49.196438,-27.834772,-37.373022,44.637950,73.850220
1784109499964,29.640000,20.671532,91.727600,33.069233,64.502624,27.224976,-38.650744,-26.709233,-36.337197,42.414610,56.379257
1784109499984,29.660000,-21.421679,37.817326,31.646195,66.685603,-28.868277,-31.361017,-25.477079,-35.102511,37.033948,38.705190
1784109500004,29.680000,11.162764,76.416600,30.189792,63.366211,13.050389,-30.815980,-24.145590,-33.677209,28.589400,21.989527
1784109500024,29.700000,-27.331470,30.271791,28.701722,64.278184,-34.006393,-34.128852,-22.722463,-32.071449,18.080433,6.903933
1784109500044,29.720000,-8.471224,57.922005,27.183966,60.658074,-2.736069,-38.054908,-21.215768,-30.297177,7.411688,-6.324835
1784109500064,29.740000,-46.163307,22.993502,25.638710,60.290269,-37.296767,-40.587462,-19.633899,-28.367975,-1.005407,-17.808357
1784109500084,29.760000,-8.689028,60.402874,24.068282,56.698878,3.703996,-38.787293,-17.985522,-26.298884,-5.060837,-27.830576
1784109500104,29.780000,-53.446404,26.483114,22.475099,57.359422,-30.876308,-32.963661,-16.279530,-24.106209,-3.696002,-36.653927
1784109500124,29.800000,10.389955,54.819786,20.861641,54.819834,-0.000048,-26.936671,-14.524987,-21.807310,2.531907,-44.348114
1784109500144,29.820000,-14.266780,0.072254,19.230474,55.558813,-55.486559,-25.986773,-12.731082,-19.420374,11.506958,-50.684605
1784109500164,29.840000,32.749462,25.425255,17.584300,51.101565,-25.676310,-31.362888,-10.907078,-16.964190,20.590565,-55.142902
1784109500184,29.860000,4.368419,13.724112,15.926020,49.902226,-36.178114,-33.886189,-9.062261,-14.457909,27.635941,-57.073383
1784109500204,29.880000,41.756790,59.606790,14.258763,47.961474,11.645316,-24.429295,-7.205892,-11.920810,31.103700,-55.998400
1784109500224,29.900000,15.480277,55.126290,12.585885,50.962347,4.163943,-5.092817,-5.347159,-9.372068,29.693050,-51.916218
1784109500244,29.920000,53.560590,112.778200,10.910969,53.382834,59.395366,17.885464,-3.495127,-6.830528,22.384154,-45.410390
1784109500264,29.940000,6.117178,85.231895,9.237796,61.293133,23.938762,36.406549,-1.658697,-4.314494,9.226980,-37.504826
1784109500284,29.960000,13.990564,121.782360,7.570298,65.713190,56.069170,42.871501,0.153443,-1.841528,-8.071876,-29.417420
1784109500304,29.980000,-29.079563,82.140440,5.912450,73.257840,8.882600,36.925609,1.932859,0.571737,-26.782287,-22.376623
1784109500324,30.000000,-9.982905,90.474945,4.268146,76.132353,14.342592,20.959158,3.671414,3.340808,-44.342040,-17.487095
1784109500344,30.020000,-55.740190,23.233265,2.641091,79.551522,-56.318257,-3.839381,5.361309,5.577284,-58.945951,-15.535876
1784109500364,30.040000,-22.382416,48.307083,1.034723,76.156676,-27.849593,-30.419470,6.995119,7.710161,-69.483547,-16.750011
1784109500384,30.060000,-69.799736,-3.187128,-0.547830,75.729787,-78.916915,-48.463853,8.565832,9.728084,-75.239037,-20.661920
1784109500404,30.080000,-18.750130,30.270130,-2.103781,70.520704,-40.250574,-54.618427,10.066886,11.621232,-75.606881,-26.196304
1784109500424,30.100000,-56.642460,-11.167628,-3.630666,69.325734,-80.493362,-51.292758,11.492199,13.381372,-69.858872,-31.925325
1784109500444,30.120000,-8.502853,16.567398,-5.126314,64.429465,-47.862067,-43.866116,12.836203,15.001890,-57.131911,-36.374454
1784109500464,30.140000,-23.660795,-35.644670,-6.588781,62.962007,-98.606677,-38.482117,14.093872,16.477788,-37.032998,-38.298650
1784109500484,30.160000,34.388783,-12.285436,-8.016277,56.828607,-69.114043,-37.565418,15.260751,17.805673,-10.584026,-36.867893
1784109500504,30.180000,40.125362,-63.388780,-9.407045,53.907003,-117.295783,-39.194825,16.332977,18.983709,19.254298,-31.720535
1784109500524,30.200000,106.595530,-52.634155,-10.759215,46.674127,-99.308282,-42.130858,17.307303,20.011554,48.018033,-22.894838
1784109500544,30.220000,96.092950,-132.529360,-12.070652,41.654529,-174.183889,-49.510729,18.181110,20.890282,71.095184,-10.734141
1784109500564,30.240000,135.610200,-129.883760,-13.338825,29.945584,-159.829344,-62.622894,18.952429,21.622278,85.041954,4.110683
1784109500584,30.260000,117.670300,-194.650420,-14.560757,20.385809,-215.036229,-75.322105,19.619941,22.211123,88.111634,20.571182
1784109500604,30.280000,138.035490,-161.648800,-15.733026,6.268411,-167.917211,-78.295080,20.182986,22.661468,80.455453,37.085210
1784109500624,30.300000,84.894260,-195.129750,-16.851834,-2.447090,-192.682660,-65.932177,20.641563,22.978895,64.275652,51.702362
1784109500644,30.320000,95.225750,-154.557500,-17.913134,-12.906587,-141.650913,-41.552900,20.996325,23.169777,43.325280,62.370342
1784109500664,30.340000,39.348656,-160.859250,-18.912802,-17.819174,-143.040076,-11.016873,21.248568,23.241132,21.735304,67.298840
1784109500684,30.360000,49.605507,-103.125336,-19.846825,-22.514862,-80.610474,22.698704,21.400217,23.200485,2.855839,65.321280
1784109500704,30.380000,-6.636997,-108.557890,-20.711465,-20.865964,-87.691926,55.122127,21.453810,23.055728,-11.674075,56.192425
1784109500724,30.400000,43.325966,-43.308090,-21.503396,-19.885758,-23.422332,82.602789,21.412473,22.814994,-22.321291,40.739880
1784109500744,30.420000,-1.631014,-57.068596,-22.219769,-12.557967,-44.510629,102.949622,21.279895,22.486540,-30.510859,20.821737
1784109500764,30.440000,14.724836,-12.110873,-22.858223,-7.454977,-4.655896,112.784485,21.060298,22.078643,-36.409869,-0.938699
1784109500784,30.460000,-32.809715,-37.186750,-23.416909,1.516560,-38.703310,111.112751,20.758403,21.599508,-38.134403,-21.678156
1784109500804,30.480000,3.525174,-5.242456,-23.894525,6.893084,-12.135540,100.374000,20.379398,21.057198,-33.275779,-38.966522
1784109500824,30.500000,-22.890553,-45.747600,-24.290341,14.769824,-60.517424,83.148993,19.928895,20.459572,-21.049463,-51.295837
1784109500844,30.520000,34.214440,-8.667251,-24.604156,17.512464,-26.179715,63.750964,19.412895,19.814242,-3.446218,-58.109814
1784109500864,30.540000,25.799973,-35.363297,-24.836198,23.479898,-58.843195,48.513382,18.837744,19.128548,15.173235,-59.460087
1784109500884,30.560000,71.541210,14.186485,-24.986988,25.865485,-11.679000,41.187725,18.210088,18.409545,29.844769,-55.639650
1784109500904,30.580000,41.196810,-26.968975,-25.057207,32.798275,-59.767250,38.329255,17.536830,17.663997,37.034043,-47.070360
1784109500924,30.600000,86.428520,10.384408,-25.047616,34.596736,-24.212328,33.084669,16.825084,16.898396,35.957888,-34.456030
1784109500944,30.620000,4.959177,-19.472166,-24.959025,39.739547,-59.211713,25.199907,16.082128,16.118973,28.865768,-19.010040
1784109500964,30.640000,36.293594,20.671532,-24.792349,41.065942,-20.394410,18.508390,15.315355,15.331734,19.547185,-2.552995
1784109500984,30.660000,3.464509,-21.421679,-24.548697,46.072400,-67.494079,12.707944,14.532226,14.542491,10.698739,12.666537
1784109501004,30.680000,31.714369,11.162764,-24.229443,46.039159,-34.876395,5.296762,13.740226,13.756895,2.882088,24.479010
1784109501024,30.700000,-17.268684,-27.331470,-23.836238,49.027433,-76.358903,-3.107482,12.946808,12.980482,-4.408778,31.444620
1784109501044,30.720000,7.143815,-8.471224,-23.371028,47.535263,-56.006487,-11.969522,12.159356,12.218702,-11.694748,33.255962
1784109501064,30.740000,-34.285366,-46.163307,-22.836082,47.802284,-93.965591,-21.251095,11.385134,11.476958,-19.331233,30.637085
1784109501084,30.760000,-9.539372,-8.689028,-22.234024,43.939594,-52.628622,-26.908738,10.631242,10.760637,-27.479717,24.898600
1784109501104,30.780000,-53.252920,-53.446404,-21.567844,43.964062,-97.410466,-27.532576,9.904577,10.075130,-35.860899,17.495485
1784109501124,30.800000,-26.075592,10.389955,-20.840907,39.212963,-28.823007,-22.844071,9.211790,9.425850,-43.519035,9.744576
1784109501144,30.820000,-73.825230,-14.266780,-20.056953,41.123118,-55.389898,-10.375182,8.559253,8.818239,-48.850275,2.671066
1784109501164,30.840000,-42.330140,32.749462,-19.220103,40.151853,-7.402391,5.070661,7.953019,8.257766,-50.100246,-3.058987
1784109501184,30.860000,-72.719420,4.368419,-18.334845,43.792324,-39.423905,16.116648,7.398797,7.749921,-46.202462,-7.118314
1784109501204,30.880000,-30.548012,41.756790,-17.405994,44.018039,-2.261249,20.262749,6.901919,7.302375,-37.368672,-9.406301
1784109501224,30.900000,-48.983734,15.480277,-16.438614,47.757491,-32.277214,19.192551,6.467316,6.918783,-25.073068,-9.888629
1784109501244,30.920000,-0.749254,53.560590,-15.437915,48.281786,5.278804,16.586698,6.099500,6.604546,-11.509417,-8.477954
1784109501264,30.940000,-26.593443,6.117178,-14.409139,52.341027,-46.223849,11.857247,5.802541,6.364938,1.158980,-5.038666
1784109501284,30.960000,16.932018,13.990564,-13.357448,51.040866,-37.050302,0.175672,5.580057,6.205059,11.260113,0.476035
1784109501304,30.980000,1.824350,-29.079563,-12.287848,50.455216,-79.534779,-17.460966,5.435199,6.129772,17.806880,7.849222
1784109501324,31.000000,23.950106,-9.982905,-11.205112,45.466835,-55.449740,-33.111374,5.370643,6.143646,20.848892,16.511175
1784109501344,31.020000,-6.487301,-55.740190,-10.113741,42.735273,-98.475463,-42.557156,5.388587,6.250888,21.527638,25.573263
1784109501364,31.040000,33.991234,-22.382416,-9.017956,35.626606,-58.009022,-45.226736,5.490743,6.455280,21.414753,33.948720
1784109501384,31.060000,-3.043437,-69.799736,-7.921702,32.465281,-102.265017,-42.460925,5.678343,6.760114,21.935539,40.541553
1784109501404,31.080000,31.256939,-18.750130,-6.828647,24.878084,-43.628214,-35.571547,5.952133,7.168127,24.159658,44.482224
1784109501424,31.100000,6.439184,-56.642460,-5.742183,23.076297,-79.718757,-24.301566,6.312385,7.681442,28.420554,45.328840
1784109501444,31.120000,38.200222,-8.502853,-4.665428,17.680159,-26.183012,-11.327565,6.758898,8.301516,33.878723,43.140260
1784109501464,31.140000,18.695782,-23.660795,-3.601215,17.550310,-41.211105,2.732802,7.291009,9.029085,38.375021,38.412663
1784109501484,31.160000,61.092170,34.388783,-2.552074,15.875820,18.512963,19.422719,7.907602,9.864126,38.872060,31.945107
1784109501504,31.180000,23.324910,40.125362,-1.520206,19.971691,20.153671,39.204089,8.607120,10.805821,32.765543,24.672323
1784109501524,31.200000,44.010345,106.595530,-0.507481,24.011782,82.583748,61.203449,9.387578,11.852529,19.394458,17.455128
1784109501544,31.220000,-11.557409,96.092950,0.484520,33.854188,62.238762,79.623034,10.246580,13.001771,0.617836,10.837245
1784109501564,31.240000,-0.865837,135.610200,1.454409,41.257831,94.352369,86.621432,11.181335,14.250224,-19.866511,4.851548
1784109501584,31.260000,-48.470450,117.670300,2.400869,51.322752,66.347548,80.728576,12.188673,15.593726,-37.967345,-0.981070
1784109501604,31.280000,-25.243977,138.035490,3.322541,58.116225,79.919265,65.518033,13.265068,17.027289,-50.569998,-7.383971
1784109501624,31.300000,-63.131233,84.894260,4.217956,65.720891,19.173369,41.657224,14.406660,18.545129,-56.287210,-14.893130
1784109501644,31.320000,-18.715229,95.225750,5.085504,66.956409,28.269341,11.091816,15.609276,20.140702,-55.560413,-23.482460
1784109501664,31.340000,-43.945686,39.348656,5.923456,68.773868,-29.425212,-19.911651,16.868454,21.806756,-50.100803,-32.423386
1784109501684,31.360000,-3.854229,49.605507,6.730027,64.778465,-15.172958,-45.991437,18.179473,23.535388,-41.925250,-40.432310
1784109501704,31.380000,-19.446356,-6.636997,7.503452,62.122110,-68.759107,-65.133701,19.537376,25.318116,-32.631064,-46.040700
1784109501724,31.400000,25.236950,43.325966,8.242063,54.310228,-10.984262,-73.082403,20.937003,27.145955,-23.016583,-48.034836
1784109501744,31.420000,-6.452636,-1.631014,8.944370,52.217476,-53.848490,-67.278559,22.373016,29.009503,-12.965117,-45.799057
1784109501764,31.440000,31.688854,14.724836,9.609112,46.006142,-31.281306,-57.770305,23.839930,30.899030,-2.153463,-39.473927
1784109501784,31.460000,33.996710,-32.809715,10.235300,42.121882,-74.931597,-54.262691,25.332145,32.804572,8.696982,-29.906675
1784109501804,31.480000,72.898970,3.525174,10.822268,34.145252,-30.620078,-53.485029,26.843973,34.716023,17.708857,-18.386948
1784109501824,31.500000,51.367386,-22.890553,11.369747,30.677069,-53.567622,-47.483094,28.369666,36.623235,23.178964,-6.258749
1784109501844,31.520000,80.895420,34.214440,11.877917,25.064890,9.149550,-32.274129,29.903448,38.516104,24.707815,5.363726
1784109501864,31.540000,62.194473,25.799973,12.347397,25.666127,0.133846,-8.833443,31.439540,40.384663,23.402797,15.629037
1784109501884,31.560000,76.986020,71.541210,12.779232,25.331241,46.209969,15.971024,32.972184,42.219161,21.660662,23.839808
1784109501904,31.580000,39.789017,41.196810,13.174835,29.508927,11.687883,32.378814,34.495668,44.010140,22.284338,29.392136
1784109501924,31.600000,86.313530,86.428520,13.535923,30.184530,56.243990,37.668668,36.004347,45.748503,26.702848,31.821640
1784109501944,31.620000,71.852360,4.959177,13.864465,35.292383,-30.333206,30.160944,37.492663,47.425570,33.822563,30.945990
1784109501964,31.640000,108.833725,36.293594,14.162697,31.651655,4.641939,9.384461,38.955161,49.033132,40.780181,27.061213
1784109501984,31.660000,88.261640,3.464509,14.433141,31.473519,-28.009010,-10.440902,40.386502,50.563483,44.637681,21.032545
1784109502004,31.680000,121.669650,31.714369,14.678623,27.927676,3.786693,-18.094280,41.781478,52.009454,43.800031,14.108319
1784109502024,31.700000,71.473910,-17.268684,14.902254,27.548795,-44.817479,-18.944397,43.135018,53.364429,38.752380,7.493703
1784109502044,31.720000,101.789215,7.143815,15.107368,22.162465,-15.018650,-20.394515,44.442196,54.622358,31.668160,1.923578
1784109502064,31.740000,55.620995,-34.285366,15.297429,19.716969,-54.002335,-23.056554,45.698234,55.777754,25.076619,-2.532540
1784109502084,31.760000,89.379020,-9.539372,15.475944,13.223340,-22.762712,-24.734861,46.898504,56.825690,20.582690,-6.349606
1784109502104,31.780000,59.602028,-53.252920,15.646391,9.829492,-63.082412,-25.077470,48.038524,57.761783,18.327617,-10.182465
1784109502124,31.800000,89.229270,-26.075592,15.812185,2.269642,-28.345234,-24.297340,49.113962,58.582182,17.336159,-14.454909
1784109502144,31.820000,57.329070,-73.825230,15.976652,-1.810888,-72.014342,-22.979937,50.120624,59.283540,16.297670,-19.128874
1784109502164,31.840000,78.041120,-42.330140,16.143014,-10.364978,-31.965162,-21.309665,51.054451,59.862992,14.051541,-23.754908
1784109502184,31.860000,41.726692,-72.719420,16.314350,-14.871288,-57.848132,-16.692069,51.911512,60.318135,9.495726,-27.731537
1784109502204,31.880000,97.974510,-30.548012,16.493561,-21.978242,-8.569770,-6.960486,52.687995,60.646993,1.689669,-30.574173
1784109502224,31.900000,29.210941,-48.983734,16.683369,-24.014629,-24.969105,7.265499,53.380199,60.848004,-8.864202,-32.021465
1784109502244,31.920000,32.980366,-0.749254,16.886284,-27.585302,26.836048,23.693655,53.984523,60.919989,-19.357286,-32.039700
1784109502264,31.940000,-5.419734,-26.593443,17.104515,-25.735848,-0.857595,38.042180,54.497460,60.862139,-26.542822,-30.882965
1784109502284,31.960000,32.167294,16.932018,17.339868,-26.489983,43.422001,46.705882,54.915590,60.674001,-29.628834,-29.131180
1784109502304,31.980000,3.512493,1.824350,17.593712,-22.555650,24.379999,51.108514,55.235570,60.355463,-30.991089,-27.470068
1784109502324,32.000000,43.317924,23.950106,17.867017,-20.321232,44.271338,51.509874,55.454131,59.906752,-34.426376,-26.245842
1784109502344,32.020000,-0.924808,-6.487301,18.160407,-15.865377,9.378076,44.963355,55.568073,59.328434,-42.509571,-25.187600
1784109502364,32.040000,13.802120,33.991234,18.474190,-14.752434,48.743668,35.189450,55.574264,58.621411,-54.647988,-23.594706
1784109502384,32.060000,-44.360596,-3.043437,18.808335,-9.494347,6.450910,27.035941,55.469645,57.786932,-67.025065,-20.852617
1784109502404,32.080000,-25.612999,31.256939,19.162412,-8.353025,39.609964,19.715696,55.251223,56.826596,-74.524823,-16.890917
1784109502424,32.100000,-55.076782,6.439184,19.535522,-3.738138,10.177322,13.750911,54.916090,55.742368,-73.423095,-12.267990
1784109502444,32.120000,-3.893927,38.200222,19.926293,-1.977555,40.177777,10.056648,54.461419,54.536585,-63.106380,-7.812982
1784109502464,32.140000,-16.723210,18.695782,20.332955,2.907957,15.787825,8.044695,53.884485,53.213191,-45.867539,-4.048546
1784109502484,32.160000,34.593204,61.092170,20.753470,5.421298,55.670872,8.524250,53.182675,51.774694,-25.376262,-0.782054
1784109502504,32.180000,25.334538,23.324910,21.185685,12.040535,11.284375,8.992072,52.353503,50.224570,-5.076598,2.858360
1784109502524,32.200000,62.612347,44.010345,21.627475,14.248986,29.761359,3.569027,51.394632,48.566692,12.754734,7.974239
1784109502544,32.220000,54.367570,-11.557409,22.076851,18.348195,-29.905604,-10.238190,50.303894,46.805315,27.141181,15.319188
1784109502564,32.240000,81.784910,-0.865837,22.532045,16.410194,-17.276030,-29.960640,49.079311,44.945063,38.007513,24.906546
1784109502584,32.260000,60.430450,-48.470450,22.991555,15.670336,-64.140786,-49.120761,47.719121,42.990899,45.521028,35.944225
1784109502604,32.280000,101.891960,-25.243977,23.454170,10.086771,-35.330748,-60.974163,46.221801,40.948090,49.443717,47.059418
1784109502624,32.300000,66.038216,-63.131233,23.918976,7.260831,-70.392064,-63.077875,44.586092,38.822162,49.130483,56.689762
1784109502644,32.320000,94.678660,-18.715229,24.385353,0.734003,-19.449232,-55.543509,42.811027,36.618848,44.150894,63.475983
1784109502664,32.340000,54.853730,-43.945686,24.852945,-0.817784,-43.127902,-39.929095,40.895954,34.344023,34.853567,66.511520
1784109502684,32.360000,71.455020,-3.854229,25.321593,-4.904542,1.050313,-21.541168,38.840565,32.003639,22.684528,65.399870
1784109502704,32.380000,11.722567,-19.446356,25.791258,-4.669503,-14.776853,-4.500636,36.644916,29.603646,10.004370,60.172970
1784109502724,32.400000,43.983654,25.236950,26.261911,-6.142170,31.379120,10.803204,34.309457,27.149912,-0.900054,51.172302
1784109502744,32.420000,3.280804,-6.452636,26.733438,-3.042034,-3.410602,22.003976,31.835050,24.648137,-8.736232,38.989060
1784109502764,32.440000,26.796118,31.688854,27.205589,-3.520698,35.209552,26.562531,29.222998,22.103762,-13.159455,24.495500
1784109502784,32.460000,-3.783748,33.996710,27.677946,-0.162555,34.159265,30.239294,26.475060,19.521881,-14.320188,8.880847
1784109502804,32.480000,27.209955,72.898970,28.149918,3.072284,69.826686,38.513546,23.593475,16.907148,-12.601866,-6.435331
1784109502824,32.500000,0.592078,51.367386,28.620753,9.930153,41.437233,45.814374,20.580981,14.263689,-8.387570,-20.024406
1784109502844,32.520000,26.088394,80.895420,29.089560,13.965899,66.929521,45.701405,17.440832,11.595013,-1.975057,-30.698599
1784109502864,32.540000,9.412967,62.194473,29.555341,20.625002,41.569471,39.378255,14.176813,8.903930,6.074691,-37.697260
1784109502884,32.560000,40.338440,76.986020,30.017023,24.787588,52.198432,29.452918,10.793254,6.192480,14.493229,-40.770023
1784109502904,32.580000,22.400883,39.789017,30.473508,30.081403,9.707614,15.301147,7.295042,3.461866,21.290088,-40.139300
1784109502924,32.600000,46.509422,86.313530,30.923717,31.126742,55.186788,2.218435,3.687628,0.712398,24.160798,-36.377360
1784109502944,32.620000,23.552206,71.852360,31.366625,36.808339,35.044021,-0.949724,-0.022963,-2.056543,21.107097,-30.279968
1784109502964,32.640000,43.951720,108.833725,31.801271,40.533670,68.300055,4.196187,-3.830129,-4.846534,11.347601,-22.780584
1784109502984,32.660000,-17.996641,88.261640,32.226747,47.703964,40.557676,9.680582,-7.726694,-7.660112,-3.784045,-14.896785
1784109503004,32.680000,2.351025,121.669650,32.642131,52.172209,69.497441,11.126023,-11.704904,-10.500761,-20.924373,-7.698132
1784109503024,32.700000,-52.447430,71.473910,33.046389,59.654340,11.819570,5.188464,-15.756437,-13.372881,-35.768814,-2.249140
1784109503044,32.720000,-24.269352,101.789215,33.438293,61.387609,40.401606,-8.247662,-19.872410,-16.281729,-44.158651,0.553498
1784109503064,32.740000,-74.179000,55.620995,33.816355,66.039617,-10.418622,-23.180682,-24.043389,-19.233337,-42.962485,0.247470
1784109503084,32.760000,-39.697930,89.379020,34.178807,65.580401,23.798619,-34.320169,-28.259405,-22.234409,-31.353384,-2.975039
1784109503104,32.780000,-35.124970,59.602028,34.523612,68.560146,-8.958118,-38.391736,-32.509975,-25.292195,-12.126919,-8.231542
1784109503124,32.800000,23.867857,89.229270,34.848559,68.221476,21.007794,-36.235840,-36.784118,-28.414331,8.790295,-14.058904
1784109503144,32.820000,4.275856,57.329070,35.151432,70.873014,-13.543944,-32.285682,-41.070388,-31.608673,25.200561,-18.616436
1784109503164,32.840000,38.571310,78.041120,35.430164,70.002760,8.038360,-30.154912,-45.356896,-34.883086,33.651104,-20.072638
1784109503184,32.860000,-8.892984,41.726692,35.682926,71.247079,-29.520387,-31.215526,-49.631348,-38.245234,34.490724,-17.214500
1784109503204,32.880000,11.622243,97.974510,35.908122,68.632634,29.341876,-29.585140,-53.881080,-41.702334,30.755221,-10.034966
1784109503224,32.900000,-29.992030,29.210941,36.104332,71.874638,-42.663697,-24.694126,-58.093100,-45.260903,25.920112,0.103011
1784109503244,32.920000,-0.318614,32.980366,36.270248,67.787444,-34.807078,-28.912357,-62.254132,-48.926489,22.026352,10.902332
1784109503264,32.940000,-34.773026,-5.419734,36.404628,64.366198,-69.785932,-41.869368,-66.350665,-52.703397,19.165255,19.956388
1784109503284,32.960000,-6.869621,32.167294,36.506280,57.286739,-25.119445,-48.287206,-70.369006,-56.594405,16.236800,25.543488
1784109503304,32.980000,-45.062355,3.512493,36.574050,54.567540,-51.055047,-41.121983,-74.295336,-60.600495,12.244016,27.038221
1784109503324,33.000000,-31.002562,43.317924,36.606809,49.122245,-5.804321,-25.111476,-78.115768,-65.496611,7.289337,24.835790
1784109503344,33.020000,-73.429665,-0.924808,36.603419,48.118926,-49.043734,-9.639214,-81.816413,-69.716376,2.666112,19.938608
1784109503364,33.040000,-49.424854,13.802120,36.562681,42.668230,-28.866110,-3.321675,-85.383438,-74.036469,0.115465,13.479735
1784109503384,33.060000,-97.548256,-44.360596,36.483296,39.134753,-83.495349,-8.353862,-88.803142,-78.447961,0.796755,6.412624
1784109503404,33.080000,-57.877842,-25.612999,36.363837,29.996794,-55.609793,-18.998468,-92.062016,-82.939018,4.310180,-0.565062
1784109503424,33.100000,-83.323780,-55.076782,36.202752,23.537139,-78.613921,-24.750060,-95.146821,-87.494771,8.409852,-6.919281
1784109503444,33.120000,-57.498604,-3.893927,35.998402,14.658796,-18.552723,-16.982249,-98.044655,-92.097230,10.054732,-12.144488
1784109503464,33.140000,-92.984580,-16.723210,35.749108,11.716371,-28.439581,4.246137,-100.743026,-96.725257,7.074232,-15.723916
1784109503484,33.160000,-90.194916,34.593204,35.453170,7.713370,26.879834,30.815432,-103.229922,-101.354581,-0.866491,-17.266905
1784109503504,33.180000,-132.563220,25.334538,35.108832,9.201685,16.132853,54.635392,-105.493886,-105.957887,-12.505301,-16.760908
1784109503524,33.200000,-116.322650,62.612347,34.714232,9.567765,53.044582,70.565645,-107.524083,-110.504951,-25.812486,-14.722482
1784109503544,33.220000,-161.185090,54.367570,34.267344,13.587799,40.779771,77.592800,-109.310367,-114.962848,-38.325041,-12.068340
1784109503564,33.240000,-155.082610,81.784910,33.765946,16.333576,65.451334,77.799640,-110.843353,-119.296218,-47.051377,-9.768300
1784109503584,33.260000,-182.657100,60.430450,33.207588,21.495813,38.934637,71.895078,-112.114473,-123.467596,-48.873593,-8.505823
1784109503604,33.280000,-169.527800,101.891960,32.589575,23.941846,77.950114,63.529045,-113.116041,-127.437796,-41.568640,-8.503197
1784109503624,33.300000,-176.260930,66.038216,31.908989,30.214619,35.823597,55.187961,-113.841308,-131.166352,-25.032223,-9.501636
1784109503644,33.320000,-126.746490,94.678660,31.162761,32.186520,62.492140,44.393208,-114.284513,-134.612012,-2.051104,-10.807939
1784109503664,33.340000,-134.379520,54.853730,30.347804,36.718586,18.135144,30.530881,-114.440931,-137.733263,22.175843,-11.381759
1784109503684,33.360000,-80.434840,71.455020,29.461182,36.702539,34.752481,14.448757,-114.306915,-140.488900,41.614633,-10.021071
1784109503704,33.380000,-105.588440,11.722567,28.500265,38.216397,-26.493830,-4.612748,-113.879936,-142.838616,51.311897,-5.687610
1784109503724,33.400000,-76.377594,43.983654,27.462842,33.490199,10.493455,-23.381276,-113.158610,-144.743610,49.055131,2.081262
1784109503744,33.420000,-134.998660,3.280804,26.347162,32.320331,-29.039527,-34.449100,-112.142730,-146.167199,36.078052,12.829810
1784109503764,33.440000,-118.353350,26.796118,25.151888,27.074935,-0.278817,-37.402137,-110.833280,-147.075431,16.399578,25.084520
1784109503784,33.460000,-177.494140,-3.783748,23.875991,24.557816,-28.341564,-35.871211,-109.232455,-147.437680,-4.698203,36.599964
1784109503804,33.480000,-171.439060,27.209955,22.518628,19.110509,8.099446,-30.965092,-107.343665,-147.227221,-22.350532,44.920574
1784109503824,33.500000,-198.299300,0.592078,21.079031,17.144421,-16.552343,-23.705337,-105.171537,-146.421764,-33.612318,48.078900
1784109503844,33.520000,-167.235670,26.088394,19.556437,12.578092,13.510302,-16.448773,-102.721908,-145.003946,-37.978636,45.196180
1784109503864,33.540000,-195.106320,9.412967,17.950091,10.842662,-1.429695,-9.872243,-100.001816,-142.961763,-36.483572,36.786670
1784109503884,33.560000,-161.290370,40.338440,16.259289,7.458181,32.880259,-2.477622,-97.019475,-140.288933,-30.551088,24.636978
1784109503904,33.580000,-178.157990,22.400883,14.483434,7.290294,15.110589,5.365328,-93.784250,-136.985182,-21.671766,11.274005
1784109503924,33.600000,-131.675140,46.509422,12.622098,5.157202,41.352220,11.371262,-90.306622,-133.056452,-11.543415,-0.755481
1784109503944,33.620000,-146.652480,23.552206,10.675110,5.402741,18.149465,13.773018,-86.598145,-128.515008,-1.967934,-9.473144
1784109503964,33.640000,-97.801550,43.951720,8.642651,3.125334,40.826386,12.743252,-82.671401,-123.379452,5.612124,-13.756825
1784109503984,33.660000,-122.807144,-17.996641,6.525342,2.855699,-20.852340,5.102638,-78.539941,-117.674648,10.630774,-13.377812
1784109504004,33.680000,-82.762200,2.351025,4.324304,-3.687916,6.038941,-10.019413,-74.218225,-111.431535,13.507976,-8.905387
1784109504024,33.700000,-104.776120,-52.447430,2.041187,-7.708954,-44.738476,-25.658146,-69.721558,-104.686851,15.161867,-1.533896
1784109504044,33.720000,-70.666600,-24.269352,-0.321812,-16.817160,-7.452192,-35.655789,-65.066011,-97.482764,16.253169,7.169725
1784109504064,33.740000,-88.002500,-74.179000,-2.761957,-22.296452,-51.882548,-38.460849,-60.268350,-89.866409,16.519970,15.582902
1784109504084,33.760000,-47.282900,-39.697930,-5.275971,-32.160551,-7.537379,-35.615081,-55.345949,-81.889352,14.568025,22.347204
1784109504104,33.780000,-58.605927,-35.124970,-7.860032,-37.651394,2.526424,-23.177894,-50.316708,-73.606974,8.642160,26.609314
1784109504124,33.800000,-41.631140,23.867857,-10.509763,-42.216476,66.084333,2.868082,-45.198960,-65.077796,-1.784682,28.108185
1784109504144,33.820000,-70.380310,4.275856,-13.220260,-40.709418,44.985274,32.653443,-40.011383,-56.362753,-14.893780,27.056044
1784109504164,33.840000,-54.622130,38.571310,-15.986160,-41.523328,80.094638,51.621653,-34.772900,-47.524430,-26.895564,23.855309
1784109504184,33.860000,-81.846490,-8.892984,-18.801735,-39.135537,30.242553,53.046699,-29.502586,-38.626250,-33.627275,18.830475
1784109504204,33.880000,-43.492733,11.622243,-21.660978,-41.884407,53.506650,39.509079,-24.219570,-29.721399,-32.506977,12.170268
1784109504224,33.900000,-58.207855,-29.992030,-24.557654,-42.492227,12.500197,20.547380,-18.942933,-20.882343,-24.010328,4.110424
1784109504244,33.920000,16.541872,-0.318614,-27.485290,-47.282700,46.964086,5.628440,-13.691616,-12.170421,-11.889903,-4.799309
1784109504264,33.940000,3.959958,-34.773026,-30.437105,-48.719301,13.946275,-1.448852,-8.484314,-3.644697,-1.549816,-13.542652
1784109504284,33.960000,52.723804,-6.869621,-33.405921,-53.502655,46.633034,-2.754947,-3.339386,4.638758,2.769041,-20.748340
1784109504304,33.980000,15.432996,-45.062355,-36.384106,-55.003156,9.940801,-2.699596,1.725245,12.627530,0.038329,-25.109848
1784109504324,34.000000,45.756750,-31.002562,-39.363597,-60.175634,29.173072,-5.400919,6.692182,20.273458,-7.498320,-25.960321
1784109504344,34.020000,13.128893,-73.429665,-42.335981,-63.344673,-10.084992,-12.220642,11.544643,27.533156,-15.792102,-23.670477
1784109504364,34.040000,43.273323,-49.424854,-45.292596,-70.468336,21.043482,-19.518950,16.266547,34.368452,-20.804979,-19.579697
1784109504384,34.060000,25.661736,-97.548256,-48.224620,-74.353886,-23.194370,-24.502557,20.842594,40.746737,-19.894833,-15.469527
1784109504404,34.080000,65.560776,-57.877842,-51.123132,-82.732945,24.855103,-25.714049,25.258344,46.641214,-12.520233,-12.871227
1784109504424,34.100000,63.268480,-83.323780,-53.979138,-86.102172,2.778392,-19.827498,29.500284,52.031054,-0.200711,-12.540673
1784109504444,34.120000,108.478890,-57.498604,-56.783556,-91.577598,34.078994,-9.535088,33.555891,56.901451,14.208327,-14.284233
1784109504464,34.140000,107.210976,-92.984580,-59.527184,-93.620928,0.636348,-2.217584,37.413697,61.243582,27.698039,-17.139038
1784109504484,34.160000,135.565100,-90.194916,-62.200669,-98.888693,8.693777,-3.056724,41.063330,65.054467,38.224978,-19.799635
1784109504504,34.180000,126.135710,-132.563220,-64.794502,-103.169045,-29.394175,-12.272178,44.495564,68.336744,45.139714,-21.129065
1784109504524,34.200000,153.296340,-116.322650,-67.299044,-111.282992,-5.039658,-23.038756,47.702353,71.098359,48.906335,-20.565470
1784109504544,34.220000,129.512150,-161.185090,-69.704582,-116.829298,-44.355792,-29.780369,50.676857,73.352182,50.580468,-18.272802
1784109504564,34.240000,157.728400,-155.082610,-72.001399,-126.373849,-28.708761,-33.741170,53.413459,75.115563,51.209636,-15.008954
1784109504584,34.260000,129.904370,-182.657100,-74.179849,-134.311180,-48.345920,-35.014982,55.907784,76.409828,51.250749,-11.813436
1784109504604,34.280000,161.048610,-169.527800,-76.230449,-144.245129,-25.282671,-31.517316,58.156689,77.259739,50.305633,-9.662030
1784109504624,34.300000,129.242370,-176.260930,-78.143947,-151.762515,-24.498415,-21.987333,60.158267,77.692927,47.349489,-9.199241
1784109504644,34.320000,157.692840,-126.746490,-79.911401,-159.062429,32.315939,-3.362482,61.911830,77.739307,41.400295,-10.611924
1784109504664,34.340000,103.589280,-134.379520,-81.524255,-160.265223,25.885703,22.053952,63.417884,77.430491,32.211084,-13.672996
1784109504684,34.360000,123.496860,-80.434840,-82.974446,-161.716094,81.281254,46.774621,64.678103,76.799212,20.306562,-17.929762
1784109504704,34.380000,89.741196,-105.588440,-84.254518,-157.003782,51.415342,63.969111,65.695291,75.878764,6.570317,-22.922188
1784109504724,34.400000,90.115830,-76.377594,-85.357729,-154.780386,78.402792,67.967148,66.473340,74.702486,-7.683474,-28.287703
1784109504744,34.420000,48.240140,-134.998660,-86.278144,-149.268764,14.270104,56.212850,67.017181,73.303265,-20.496139,-33.733140
1784109504764,34.440000,59.746162,-118.353350,-87.010735,-149.813086,31.459736,31.955278,67.332729,71.713108,-29.795314,-38.975613
1784109504784,34.460000,17.701609,-177.494140,-87.551465,-148.222491,-29.271649,3.923602,67.426828,69.962753,-34.390720,-43.720776
1784109504804,34.480000,48.799800,-171.439060,-87.897341,-152.473397,-18.965663,-21.723819,67.307182,68.081341,-34.808354,-47.642660
1784109504824,34.500000,30.243233,-198.299300,-88.046422,-155.418125,-42.881175,-38.950894,66.982297,66.096148,-33.277835,-50.316970
1784109504844,34.520000,43.406303,-167.235670,-87.997774,-160.530937,-6.704733,-41.635896,66.461408,64.032380,-32.519101,-51.167603
1784109504864,34.540000,19.642008,-195.106320,-87.751414,-161.699863,-33.406457,-32.967259,65.754410,61.913019,-34.339760,-49.547270
1784109504884,34.560000,32.241077,-161.290370,-87.308272,-165.270588,3.980218,-20.875243,64.871787,59.758737,-38.981490,-44.979710
1784109504904,34.580000,2.693655,-178.157990,-86.670168,-164.749766,-13.408224,-8.995199,63.824541,57.587853,-44.984251,-37.432247
1784109504924,34.600000,5.772478,-131.675140,-85.839795,-165.653999,33.978859,3.338666,62.624117,55.416352,-49.476228,-27.433458
1784109504944,34.620000,-23.917458,-146.652480,-84.820718,-161.429456,14.776976,16.170743,61.282336,53.257942,-49.292414,-15.972055
1784109504964,34.640000,13.175700,-97.801550,-83.617363,-158.786472,60.984922,27.857595,59.811318,51.124149,-42.559322,-4.235622
1784109504984,34.660000,-4.238690,-122.807144,-82.234967,-151.141015,28.333871,35.784090,58.223416,49.024455,-29.492038,6.743323
1784109505004,34.680000,30.899591,-82.762200,-80.679469,-146.454261,63.692061,37.565816,56.531148,46.966455,-12.112217,16.419474
1784109505024,34.700000,33.379715,-104.776120,-78.957381,-137.918008,33.141888,34.565028,54.747127,44.956041,6.362391,24.869333
1784109505044,34.720000,72.975680,-70.666600,-77.075644,-132.190336,61.523736,29.276747,52.883999,42.997598,22.491402,32.648937
1784109505064,34.740000,49.811523,-88.002500,-75.041472,-123.391263,35.388763,23.588672,50.954380,41.094212,33.978439,40.461567
1784109505084,34.760000,80.013070,-47.282900,-72.862245,-117.027779,69.744879,19.802212,48.970796,39.247881,40.396424,48.779907
1784109505104,34.780000,52.145546,-58.605927,-70.545439,-107.071892,48.465965,18.979449,46.945624,37.459723,42.827966,57.547820
1784109505124,34.800000,61.168930,-41.631140,-68.098603,-99.134601,57.503461,17.181260,44.891037,35.730188,42.868281,66.076600
1784109505144,34.820000,52.740906,-70.380310,-65.529360,-90.218923,19.838613,8.737188,42.818953,34.059248,41.409213,73.207820
1784109505164,34.840000,58.759180,-54.622130,-62.845411,-85.025143,30.403013,-5.496788,40.740981,32.446581,38.025652,77.694214
1784109505184,34.860000,42.352715,-81.846490,-60.054528,-78.753807,-3.092683,-20.265269,38.668379,30.891743,31.430899,78.621700
1784109505204,34.880000,53.079292,-43.492733,-57.164550,-75.816052,32.323319,-29.033855,36.612004,29.394314,20.542503,75.680420
1784109505224,34.900000,10.166841,-58.207855,-54.183387,-69.350518,11.142663,-27.965157,34.582279,27.954029,5.640503,69.178160
1784109505244,34.920000,15.261468,16.541872,-51.119062,-65.016714,81.558586,-15.615972,32.589146,26.570883,-11.102605,59.820130
1784109505264,34.940000,-27.568352,3.959958,-47.979766,-53.731744,57.691701,5.242430,30.642040,25.245222,-26.155573,48.410770
1784109505284,34.960000,-18.438139,52.723804,-44.773924,-44.927382,97.651186,23.434110,28.749854,23.977803,-35.830480,35.654278
1784109505304,34.980000,-49.548588,15.432996,-41.510246,-32.294694,47.727690,28.905010,26.920918,22.769831,-37.745268,22.142006
1784109505324,35.000000,-20.340248,45.756750,-38.197732,-24.780762,70.537512,20.101301,25.162970,21.622986,-32.184101,8.488185
1784109505344,35.020000,-17.172590,13.128893,-34.845627,-15.164824,28.293717,3.980030,23.483145,20.539411,-22.500120,-4.503163
1784109505364,35.040000,16.087984,43.273323,-31.463316,-9.895758,53.169081,-11.025883,21.887957,19.521697,-13.737190,-15.749202
1784109505384,35.060000,-14.032350,25.661736,-28.060178,-2.318534,27.980270,-19.661457,20.383294,18.572840,-10.235110,-23.991007
1784109505404,35.080000,14.054060,65.560776,-24.645485,2.600888,62.959888,-19.958335,18.974408,17.696191,-14.080075,-28.156240
1784109505424,35.100000,-25.460590,63.268480,-21.228357,10.788313,52.480167,-12.875004,17.665919,16.895382,-24.804191,-27.843610
1784109505444,35.120000,-17.653687,108.478890,-17.817753,17.704709,90.774181,-1.063686,16.461814,16.174257,-39.649203,-23.625853
1784109505464,35.140000,-54.270454,107.210976,-14.422498,28.103360,79.107616,11.479284,15.365457,15.534613,-54.314273,-16.964132
1784109505484,35.160000,-47.742027,135.565100,-11.051333,36.991153,98.573947,19.784142,14.379600,14.982440,-64.161359,-9.784318
1784109505504,35.180000,-67.682470,126.135710,-7.712944,47.391405,78.744305,20.803353,13.506394,14.521679,-65.568042,-3.918855
1784109505524,35.200000,-43.100792,153.296340,-4.415975,55.406245,97.890095,16.541774,12.747410,14.156131,-57.114607,-0.598135
1784109505544,35.220000,-33.932210,129.512150,-1.168977,64.836305,64.675845,9.072879,12.103656,13.889378,-40.132642,-0.121247
1784109505564,35.240000,11.652208,157.728400,2.019703,70.536210,87.192190,0.044605,11.575602,13.724697,-18.111715,-1.784200
1784109505584,35.260000,16.155481,129.904370,5.142082,77.966555,51.937815,-8.389021,11.163205,13.664991,4.909941,-4.091526
1784109505604,35.280000,54.710472,161.048610,8.190703,81.467802,79.580808,-14.921544,10.865935,13.712716,25.934535,-5.230961
1784109505624,35.300000,50.744587,129.242370,11.158778,87.192685,42.049685,-19.350561,10.682802,13.869824,43.658750,-3.692667
1784109505644,35.320000,81.618000,157.692840,14.040277,88.771303,68.921537,-22.749701,10.612381,14.137712,58.154603,1.196290
1784109505664,35.340000,67.793670,103.589280,16.829987,92.508883,11.080397,-28.217462,10.652849,14.517176,69.917852,9.046054
1784109505684,35.360000,106.914310,123.496860,19.523532,90.202687,33.294173,-37.978257,10.802001,15.008383,78.802087,18.562250
1784109505704,35.380000,87.756790,89.741196,22.117386,89.754702,-0.013506,-46.881218,11.057285,15.610839,83.597598,27.987100
1784109505724,35.400000,120.424670,90.115830,24.608871,85.786311,4.329519,-52.209006,11.415821,16.323373,82.586551,35.619022
1784109505744,35.420000,93.822044,48.240140,26.996142,82.055609,-33.815469,-57.301088,11.874428,17.144125,74.781080,40.205463
1784109505764,35.440000,91.740250,59.746162,29.278133,74.522949,-14.776787,-61.326630,12.429643,18.070536,61.134924,41.082424
1784109505784,35.460000,51.475178,17.701609,31.454453,68.833439,-51.131830,-61.971483,13.077743,19.099351,44.629387,38.062240
1784109505804,35.480000,56.011440,48.799800,33.525234,59.637433,-10.837633,-57.235211,13.814755,20.226616,28.987424,31.219057
1784109505824,35.500000,27.158707,30.243233,35.490978,54.438226,-24.194993,-44.142310,14.636479,21.447691,17.162438,20.780981
1784109505844,35.520000,37.866657,43.406303,37.352439,47.941289,-4.534986,-26.934491,15.538496,22.757255,10.526395,7.223964
1784109505864,35.540000,20.153010,19.642008,39.110541,43.398119,-23.756111,-13.457386,16.516177,24.149321,8.704223,-8.548219
1784109505884,35.560000,43.101200,32.241077,40.766336,36.988850,-4.747773,-5.517857,17.564696,25.617252,9.868062,-25.144989
1784109505904,35.580000,28.533176,2.693655,42.320997,32.513464,-29.819809,-1.832921,18.679036,27.153780,11.516279,-40.844128
1784109505924,35.600000,45.035080,5.772478,43.775828,25.601412,-19.828934,-1.710143,19.853993,28.751026,11.485180,-53.907978
1784109505944,35.620000,21.214518,-23.917458,45.132267,19.761498,-43.678956,-3.896212,21.084186,30.400528,8.624733,-62.956980
1784109505964,35.640000,40.060467,13.175700,46.391880,11.594348,1.581352,-2.070289,22.364054,32.093268,2.924754,-67.283550
1784109505984,35.660000,8.332315,-4.238690,47.556336,8.082884,-12.321575,8.741369,23.687868,33.819705,-4.603678,-66.986800
1784109506004,35.680000,16.234774,30.899591,48.627368,3.295410,27.604181,24.631356,25.049728,35.569812,-12.267843,-62.880047
1784109506024,35.700000,-2.358119,33.379715,49.606731,2.734536,30.645179,41.767666,26.443572,37.333118,-18.414539,-56.227040
1784109506044,35.720000,13.509365,72.975680,50.496158,2.734681,70.240999,58.926491,27.863176,39.098757,-22.023627,-48.398530
1784109506064,35.740000,-14.107508,49.811523,51.297347,7.088585,42.722938,70.381136,29.302163,40.855521,-22.850524,-40.541134
1784109506084,35.760000,11.119842,80.013070,52.011952,8.988281,71.024789,71.342679,30.754009,42.591923,-21.618112,-33.361294
1784109506104,35.780000,-1.792012,52.145546,52.641584,14.106395,38.039151,63.813258,32.212044,44.296262,-20.183348,-27.082777
1784109506124,35.800000,20.523935,61.168930,53.187834,16.182646,44.986284,50.014375,33.669473,45.956702,-20.962869,-21.539106
1784109506144,35.820000,1.475863,52.740906,53.652316,19.218002,33.522904,34.817700,35.119375,47.561354,-25.691355,-16.330032
1784109506164,35.840000,6.482755,58.759180,54.036680,21.313124,37.446056,23.541965,36.554724,49.098361,-34.332224,-11.025818
1784109506184,35.860000,-26.907300,42.352715,54.342602,23.998488,18.354227,14.840552,37.968401,50.556002,-44.922339,-5.409597
1784109506204,35.880000,-15.617085,53.079292,54.571732,24.893333,28.185959,7.191989,39.353211,51.922786,-54.512882,0.341966
1784109506224,35.900000,-32.153090,10.166841,54.725647,26.899996,-16.733155,-2.379315,40.701907,53.187567,-60.371624,5.684001
1784109506244,35.920000,-15.979377,15.261468,54.805821,24.405951,-9.144483,-16.390717,42.007205,54.339649,-60.552459,9.968719
1784109506264,35.940000,-30.743837,-27.568352,54.813642,22.676543,-50.244895,-31.767708,43.261816,55.368903,-54.074022,12.797854
1784109506284,35.960000,4.266901,-18.438139,54.750433,16.744510,-35.182649,-44.193494,44.458469,56.265882,-41.326000,14.240044
1784109506304,35.980000,6.241829,-49.548588,54.617514,12.267103,-61.815691,-50.261054,45.589943,57.021928,-24.409687,14.823982
1784109506324,36.000000,48.965374,-20.340248,54.416294,5.029106,-25.369354,-47.452878,46.649096,57.415167,-6.754356,15.382932
1784109506344,36.020000,40.896454,-17.172590,54.148385,1.416968,-18.589558,-33.246631,47.628902,57.881689,7.891354,16.835516
1784109506364,36.040000,77.250780,16.087984,53.815696,-1.521903,17.609887,-10.092847,48.522483,58.189666,16.463376,19.917994
1784109506384,36.060000,60.417900,-14.032350,53.420499,-0.792121,-13.240229,10.024857,49.323146,58.334556,17.349574,24.907293
1784109506404,36.080000,74.641610,14.054060,52.965457,-3.146181,17.200241,18.586325,50.024422,58.313019,10.977032,31.443365
1784109506424,36.100000,41.019710,-25.460590,52.453591,-2.418645,-23.041945,17.105985,50.620101,58.122967,-0.128174,38.534046
1784109506444,36.120000,49.284317,-17.653687,51.888213,-5.722820,-11.930867,8.161119,51.104273,57.763603,-12.131868,44.742096
1784109506464,36.140000,12.408864,-54.270454,51.272816,-7.907032,-46.363422,-4.373071,51.471365,57.235430,-21.312458,48.506840
1784109506484,36.160000,45.412987,-47.742027,50.610977,-13.544984,-34.197043,-15.605958,51.716177,56.540255,-25.472478,48.547030
1784109506504,36.180000,28.195980,-67.682470,49.906295,-17.954886,-49.727584,-21.535553,51.833923,55.681168,-24.365806,44.268707
1784109506524,36.200000,54.411728,-43.100792,49.162382,-23.901070,-19.199722,-18.888352,51.820261,54.662497,-18.891920,36.033350
1784109506544,36.220000,38.444770,-33.932210,48.382883,-26.751356,-7.180854,-6.009351,51.671334,53.489752,-10.196933,25.119760
1784109506564,36.240000,65.048450,11.652208,47.571487,-28.345065,39.997273,16.346872,51.383801,52.169542,0.377088,13.341731
1784109506584,36.260000,65.475480,16.155481,46.731944,-25.155837,41.311318,41.660047,50.954866,50.709480,10.896075,2.504005
1784109506604,36.280000,102.868576,54.710472,45.868102,-21.774219,76.484691,61.565397,50.382309,49.118062,19.097961,-6.014931
1784109506624,36.300000,78.089020,50.744587,44.983960,-14.822926,65.567513,71.971081,49.664512,47.404541,23.596000,-11.424190
1784109506644,36.320000,89.321815,81.618000,44.083689,-8.919073,90.537073,73.147081,48.800482,45.578779,24.638414,-13.544487
1784109506664,36.340000,78.376980,67.793670,43.171600,-0.490319,68.283989,67.212909,47.789869,43.651091,23.447579,-12.821216
1784109506684,36.360000,93.364426,106.914310,42.252096,5.739205,101.175105,58.384713,46.632985,41.632081,21.274344,-10.257092
1784109506704,36.380000,69.316310,87.756790,41.329630,15.259095,72.497695,49.957794,45.330813,39.532477,19.199577,-7.146557
1784109506724,36.400000,84.008470,120.424670,40.408658,21.918650,98.506020,41.308381,43.885016,37.362962,18.102299,-4.690047
1784109506744,36.420000,66.817764,93.822044,39.493589,31.160896,62.661148,31.023222,42.297941,35.134005,18.355871,-3.699967
1784109506764,36.440000,80.243650,91.740250,38.588745,36.819882,54.920368,15.140634,40.572615,32.855707,19.624722,-4.496660
1784109506784,36.460000,72.661760,51.475178,37.698325,41.709503,9.765675,-8.561788,38.712745,30.537651,21.029787,-6.936221
1784109506804,36.480000,82.626580,56.011440,36.826397,42.131511,13.879929,-34.257944,36.722701,28.188766,21.728937,-10.506497
1784109506824,36.500000,61.848840,27.158707,35.976880,43.012817,-15.854110,-53.781760,34.607504,25.817214,21.569282,-14.489682
1784109506844,36.520000,75.262140,37.866657,35.153523,41.006234,-3.139577,-63.630137,32.372807,23.430284,21.214588,-18.179453
1784109506864,36.540000,52.641754,20.153010,34.359867,40.346776,-20.193766,-64.571893,30.024866,21.034327,21.762931,-21.079020
1784109506884,36.560000,69.840000,43.101200,33.599215,38.083041,5.018159,-58.308067,27.570518,18.634696,24.240406,-22.988440
1784109506904,36.580000,55.530167,28.533176,32.874614,38.410427,-9.877251,-47.685833,25.017138,16.235723,29.200351,-23.945297
1784109506924,36.600000,75.093020,45.035080,32.188848,37.339843,7.695237,-37.117535,22.372607,13.840718,36.590802,-24.076210
1784109506944,36.620000,58.467910,21.214518,31.544448,38.092217,-16.877699,-30.484011,19.645269,11.451997,45.760291,-23.464900
1784109506964,36.640000,89.727905,40.060467,30.943714,36.490802,3.569665,-27.792954,16.843879,9.070930,55.427088,-22.103502
1784109506984,36.660000,71.598045,8.332315,30.388740,37.004884,-28.672569,-27.432549,13.977560,6.698019,63.881918,-19.921268
1784109507004,36.680000,94.069150,16.234774,29.881445,34.419040,-18.184266,-29.651833,11.055744,4.332995,69.508180,-16.852858
1784109507024,36.700000,64.567276,-2.358119,29.423591,32.988860,-35.346979,-32.100463,8.088118,1.974936,71.147649,-12.926967
1784109507044,36.720000,80.452350,13.509365,29.016775,29.979152,-16.469787,-30.729395,5.084562,-0.377601,68.037531,-8.363228
1784109507064,36.740000,46.139910,-14.107508,28.662390,28.958671,-43.066179,-26.580387,2.055089,-2.726430,59.621696,-3.625773
1784109507084,36.760000,52.238632,11.119842,28.361582,25.426219,-14.306377,-21.598208,-0.990218,-5.073579,45.642825,0.627584
1784109507104,36.780000,5.771673,-1.792012,28.115181,24.860021,-26.652033,-14.067914,-4.041272,-7.421135,26.510833,3.686992
1784109507124,36.800000,-2.320562,20.523935,27.923612,23.167338,-2.643403,-4.221619,-7.088045,-9.771076,3.566883,4.939633
1784109507144,36.820000,-45.422215,1.475863,27.786795,23.931820,-22.455957,4.393635,-10.120633,-12.125124,-20.967542,3.967550
1784109507164,36.840000,-68.919380,6.482755,27.704030,22.801558,-16.318803,7.711969,-13.129318,-14.484593,-44.317559,0.601971
1784109507184,36.860000,-88.304016,-26.907300,27.673894,22.351400,-49.258700,3.475772,-16.104630,-16.850257,-63.709607,-5.032476
1784109507204,36.880000,-130.557310,-15.617085,27.694160,18.724648,-34.341733,-4.947928,-19.037403,-19.224108,-77.109131,-12.479558
1784109507224,36.900000,-135.630830,-32.153090,27.761743,16.666640,-48.819730,-10.261553,-21.918831,-21.606246,-84.437217,-20.964586
1784109507244,36.920000,-108.371155,-15.979377,27.872678,13.249586,-29.228963,-8.859225,-24.740518,-23.994997,-88.384709,-29.448370
1784109507264,36.940000,-129.832860,-30.743837,28.022202,11.830132,-42.573969,-2.837167,-27.494523,-26.387772,-92.724320,-36.656560
1784109507284,36.960000,-126.123436,4.266901,28.204884,9.120349,-4.853448,6.553401,-30.173396,-28.781056,-99.022523,-41.157227
1784109507304,36.980000,-173.580500,6.241829,28.414715,10.148795,-3.906966,20.329279,-32.770219,-31.170430,-105.137855,-41.670240
1784109507324,37.000000,-160.806920,48.965374,28.645139,11.222217,37.743157,37.442644,-35.278626,-33.550618,-106.780423,-37.591140
1784109507344,37.020000,-175.884920,40.896454,28.889071,16.339189,24.557265,53.018070,-37.692829,-35.915557,-100.523370,-29.343946
1784109507364,37.040000,-135.045750,77.250780,29.138960,20.025035,57.225745,62.270576,-40.007628,-38.258485,-85.872402,-18.181590
1784109507384,37.060000,-131.331530,60.417900,29.386938,26.816867,33.601033,63.988989,-42.218425,-40.572052,-65.295574,-5.530037
1784109507404,37.080000,-90.244320,74.641610,29.625012,31.104991,43.536619,57.501093,-44.321218,-42.848438,-42.797362,7.647539
1784109507424,37.100000,-84.841156,41.019710,29.845271,36.225783,4.793927,42.714425,-46.312603,-45.079485,-22.164956,21.060152
1784109507444,37.120000,-61.640934,49.284317,30.040077,37.332989,11.951328,22.882063,-48.189760,-47.256829,-5.702312,34.825336
1784109507464,37.140000,-63.526848,12.408864,30.202202,38.993812,-26.584948,2.733944,-49.950437,-49.372036,6.111114,48.985370
1784109507484,37.160000,-45.613327,45.412987,30.324927,36.644623,8.768364,-11.302044,-51.592934,-51.416729,14.129799,63.121002
1784109507504,37.180000,-48.260567,28.195980,30.402100,37.635108,-9.439128,-13.820880,-53.116072,-53.382720,19.820378,76.261850
1784109507524,37.200000,-29.464165,54.411728,30.428180,36.601650,17.810078,-8.020369,-54.519171,-55.262117,24.805749,87.106140
1784109507544,37.220000,-49.470420,38.444770,30.398259,38.066872,0.377898,-0.773479,-55.802015,-57.047431,30.535173,94.397060
1784109507564,37.240000,-16.867767,65.048450,30.308070,37.558152,27.490298,4.711060,-56.964819,-58.731664,37.641126,97.251520
1784109507584,37.260000,-26.302730,65.475480,30.153986,39.518228,25.957252,10.031017,-58.008198,-60.308381,45.383475,95.345024
1784109507604,37.280000,2.450021,102.868576,29.933038,41.081593,61.786983,18.320415,-58.933123,-61.771770,51.924421,88.967020
1784109507624,37.300000,-17.290363,78.089020,29.642938,45.983508,32.105512,25.712641,-59.740892,-63.116685,55.133587,78.953514
1784109507644,37.320000,13.321459,89.321815,29.282075,47.681488,41.640327,24.246397,-60.433085,-64.338669,53.338590,66.477190
1784109507664,37.340000,-15.858038,78.376980,28.849503,50.105163,28.271817,15.383970,-61.011534,-65.433973,46.118229,52.743410
1784109507684,37.360000,-11.900755,93.364426,28.344896,50.976645,42.387781,6.820346,-61.478283,-66.399546,34.948017,38.711224
1784109507704,37.380000,-44.926895,69.316310,27.768469,53.057478,16.258832,0.144356,-61.835551,-67.233028,22.886559,24.922720
1784109507724,37.400000,-36.529423,84.008470,27.120861,52.342321,31.666149,-6.192333,-62.085703,-67.932724,13.269161,11.477483
1784109507744,37.420000,-62.769043,66.817764,26.403031,53.001499,13.816265,-11.161294,-62.231218,-68.497570,8.244991,-1.818209
1784109507764,37.440000,-53.055220,80.243650,25.616169,51.732318,28.511332,-13.892592,-62.274653,-68.927089,7.611845,-15.162513
1784109507784,37.460000,-17.195791,72.661760,24.761656,51.806104,20.855656,-13.959765,-62.218622,-69.221352,8.700457,-28.444983
1784109507804,37.480000,-22.937864,82.626580,23.841089,51.009243,31.617337,-11.887748,-62.065765,-69.380919,8.596869,-41.032420
1784109507824,37.500000,-56.269276,61.848840,22.856335,51.196829,10.652011,-11.226917,-61.818732,-69.406792,7.014999,-51.818940
1784109507844,37.520000,-39.122185,75.262140,21.809509,49.222472,26.039668,-13.239105,-61.480152,-69.300352,6.208447,-59.655502
1784109507864,37.540000,-50.248810,52.641754,20.702898,48.727566,3.914188,-16.127029,-61.052627,-69.063315,8.507384,-63.933758
1784109507884,37.560000,-26.351244,69.840000,19.538935,45.988765,23.851235,-18.165217,-60.538707,-68.697670,14.617131,-64.843315
1784109507904,37.580000,-33.857790,55.530167,18.320198,45.207315,10.322852,-17.472795,-59.940883,-68.205633,23.339955,-63.096110
1784109507924,37.600000,1.290994,75.093020,17.049447,43.055873,32.037147,-13.724782,-59.261578,-67.589599,32.022793,-59.434357
1784109507944,37.620000,-18.635868,58.467910,15.729660,43.038582,15.429328,-8.896765,-58.503136,-66.852103,37.493509,-54.342680
1784109507964,37.640000,7.522795,89.727905,14.364063,41.341352,48.386553,-3.448605,-57.667826,-65.995778,37.108090,-48.070568
1784109507984,37.660000,-21.349987,71.598045,12.956130,42.869677,28.728368,2.778791,-56.757832,-65.023332,29.543498,-40.834774
1784109508004,37.680000,-10.969660,94.069150,11.509548,42.378942,51.690208,7.330543,-55.775263,-63.937518,15.380699,-33.033485
1784109508024,37.700000,-52.346240,64.567276,10.028149,44.078390,20.488886,7.440518,-54.722151,-62.741122,-2.620621,-25.346704
1784109508044,37.720000,-62.619950,80.452350,8.515806,42.593213,37.859137,2.670731,-53.600464,-61.436951,-20.046738,-18.685785
1784109508064,37.740000,-90.436420,46.139910,6.976302,42.732810,3.407100,-5.112118,-52.412109,-60.027829,-32.425964,-14.026408
1784109508084,37.760000,-76.096720,52.238632,5.413210,39.379210,12.859422,-14.462838,-51.158948,-58.516604,-37.085521,-12.146474
1784109508104,37.780000,-89.261360,5.771673,3.829831,36.895453,-31.123780,-25.476258,-49.842806,-56.906153,-34.038599,-13.301178
1784109508124,37.800000,-57.066505,-2.320562,2.229198,30.051638,-32.372200,-38.790580,-48.465487,-55.199397,-25.642325,-16.964369
1784109508144,37.820000,-53.839752,-45.422215,0.614126,23.136946,-68.559161,-52.467591,-47.028788,-53.399323,-15.299991,-21.810060
1784109508164,37.840000,-44.179085,-68.919380,-1.012698,12.783418,-81.702798,-64.966857,-45.534515,-51.509002,-5.744811,-26.017400
1784109508184,37.860000,-51.080692,-88.304016,-2.648647,1.367447,-89.671463,-73.231708,-43.984498,-49.531616,1.826308,-27.823158
1784109508204,37.880000,-30.041328,-130.557310,-4.291120,-10.531953,-120.025357,-76.401888,-42.380608,-47.470487,7.283895,-26.099634
1784109508224,37.900000,-34.793700,-135.630830,-5.937517,-25.007278,-110.623552,-76.403867,-40.724775,-45.329105,10.926258,-20.681116
1784109508244,37.920000,-24.378162,-108.371155,-7.585209,-38.072851,-70.298304,-64.303663,-39.019003,-43.111162,13.424137,-12.293363
1784109508264,37.940000,-39.920128,-129.832860,-9.231527,-46.753922,-83.078938,-38.900779,-37.265387,-40.820576,15.707179,-2.205676
1784109508284,37.960000,-15.804489,-126.123436,-10.873768,-56.291720,-69.831716,-14.979921,-35.466132,-38.461531,18.360690,8.150684
1784109508304,37.980000,-27.065370,-173.580500,-12.509201,-64.117263,-109.463237,-4.151352,-33.623564,-36.038502,21.209137,17.484003
1784109508324,38.000000,-14.034802,-160.806920,-14.135060,-75.360933,-85.445987,-5.053032,-31.740152,-33.556284,23.495339,24.866995
1784109508344,38.020000,-23.673150,-175.884920,-15.748547,-83.742121,-92.142799,-5.211626,-29.818518,-31.020017,24.133390,29.851984
1784109508364,38.040000,-8.820800,-135.045750,-17.346833,-92.321793,-42.723957,5.718756,-27.861451,-28.435211,21.883890,32.432545
1784109508384,38.060000,-24.737225,-131.331530,-18.927077,-95.652778,-35.678752,28.426169,-25.871921,-25.807763,15.835147,32.895187
1784109508404,38.080000,-20.940758,-90.244320,-20.486439,-98.010544,7.766224,55.629559,-23.853090,-23.143969,6.083813,31.652570
1784109508424,38.100000,-50.201520,-84.841156,-22.022123,-95.845160,11.004004,79.247401,-21.808318,-20.450532,-5.974044,29.097204
1784109508444,38.120000,-50.450066,-61.640934,-23.531448,-93.182491,31.541557,93.565562,-19.741175,-17.734563,-18.140028,25.483078
1784109508464,38.140000,-70.945460,-63.526848,-25.011924,-88.287718,24.760870,96.582407,-17.655441,-15.007181,-28.444530,20.886130
1784109508484,38.160000,-57.215675,-45.613327,-26.461320,-83.885347,38.272020,91.219212,-15.555113,-12.272615,-35.906216,15.302242
1784109508504,38.180000,-71.976440,-48.260567,-27.877692,-77.909283,29.648716,81.783013,-13.444399,-9.539079,-40.453763,8.852088
1784109508524,38.200000,-65.578550,-29.464165,-29.259383,-72.580665,43.116500,71.747454,-11.327722,-6.815121,-42.389886,1.949976
1784109508544,38.220000,-72.898865,-49.470420,-30.605018,-65.635937,16.165517,60.465623,-9.209705,-4.109567,-42.198687,-4.705673
1784109508564,38.240000,-54.383820,-16.867767,-31.913488,-61.213833,44.346066,48.448404,-7.095169,-1.431470,-40.676203,-10.312955
1784109508584,38.260000,-59.268578,-26.302730,-33.183919,-53.681046,27.378316,39.849621,-4.989116,1.209948,-38.746543,-14.175728
1784109508604,38.280000,-38.074480,2.450021,-34.415618,-47.630738,50.080759,34.847212,-2.896715,3.805371,-36.845192,-15.827630
1784109508624,38.300000,-58.412964,-17.290363,-35.608023,-38.993666,21.703303,29.532253,-0.823282,6.345462,-34.442893,-15.084630
1784109508644,38.320000,-39.684020,13.321459,-36.760673,-33.023857,46.345316,22.001839,1.225744,8.820948,-30.455988,-12.091805
1784109508664,38.340000,-41.445860,-15.858038,-37.873191,-24.311089,8.453051,12.435116,3.244821,11.222703,-24.426073,-7.341967
1784109508684,38.360000,-3.540096,-11.900755,-38.945256,-19.305040,7.404285,-1.686683,5.228337,13.541845,-17.145207,-1.565490
1784109508704,38.380000,-9.883069,-44.926895,-39.976527,-14.337333,-30.589562,-20.665987,7.170637,15.769818,-9.876236,4.522709
1784109508724,38.400000,2.309138,-36.529423,-40.966575,-13.286320,-23.243103,-39.357591,9.066057,17.898491,-3.204792,10.447519
1784109508744,38.420000,2.307090,-62.769043,-41.914842,-11.588610,-51.180433,-52.627435,10.908952,19.920237,2.979714,15.973682
1784109508764,38.440000,31.784650,-53.055220,-42.820626,-12.895319,-40.159901,-59.127829,12.693740,21.828018,8.765004,20.928364
1784109508784,38.460000,25.930828,-17.195791,-43.683053,-13.262424,-3.933367,-53.149162,14.414930,23.615463,14.128423,25.083000
1784109508804,38.480000,31.796013,-22.937864,-44.501051,-10.026903,-12.910961,-34.788805,16.067162,25.276932,19.203884,28.191072
1784109508824,38.500000,34.964428,-56.269276,-45.273347,-7.750729,-48.518547,-23.434853,17.645244,26.807572,23.767746,30.053144
1784109508844,38.520000,62.872536,-39.122185,-45.998485,-9.228352,-29.893833,-26.759030,19.144185,28.203367,26.571156,30.525840
1784109508864,38.540000,54.369900,-50.248810,-46.674815,-8.966520,-41.282290,-31.902062,20.559233,29.461171,25.960522,29.553015
1784109508884,38.560000,60.350500,-26.351244,-47.300481,-10.000231,-16.351013,-29.862138,21.885909,30.578729,21.317641,27.234903
1784109508904,38.580000,35.131927,-33.857790,-47.873454,-8.612775,-25.245015,-21.010407,23.120039,31.554687,13.651232,23.799920
1784109508924,38.600000,43.339314,1.290994,-48.391599,-8.209508,9.500501,-8.288679,24.257788,32.388588,4.864242,19.430658
1784109508944,38.620000,34.100760,-18.635868,-48.852766,-4.322938,-14.312930,3.799361,25.295686,33.080856,-3.245745,14.127056
1784109508964,38.640000,35.549286,7.522795,-49.254852,-2.871310,10.394105,10.381610,26.230658,33.632768,-9.239466,7.787549
1784109508984,38.660000,16.378790,-21.349987,-49.595849,1.066275,-22.416262,10.309880,27.060047,34.046416,-12.003724,0.429639
1784109509004,38.680000,35.684364,-10.969660,-49.873896,1.664404,-12.634064,4.019168,27.781640,34.324658,-11.252517,-7.665736
1784109509024,38.700000,43.069473,-52.346240,-50.087304,3.215806,-55.562046,-7.508124,28.393681,34.471059,-7.834990,-15.953326
1784109509044,38.720000,46.089264,-62.619950,-50.234542,0.371538,-62.991488,-23.528158,28.894895,34.489828,-2.959736,-23.682817
1784109509064,38.740000,44.997505,-90.436420,-50.314202,-3.311756,-87.124664,-39.819748,29.284497,34.385745,2.683541,-30.001364
1784109509084,38.760000,56.860940,-76.096720,-50.324993,-9.524930,-66.571790,-47.885858,29.562202,34.164084,8.805309,-34.155090
1784109509104,38.780000,57.649284,-89.261360,-50.265729,-13.737385,-75.523975,-43.785591,29.728235,33.830540,14.944868,-35.728687
1784109509124,38.800000,78.274090,-57.066505,-50.135318,-18.891338,-38.175167,-29.364438,29.783331,33.391142,20.340916,-34.750080
1784109509144,38.820000,67.662930,-53.839752,-49.932731,-20.281201,-33.558551,-8.093688,29.728735,32.852175,24.361220,-31.598864
1784109509164,38.840000,82.211320,-44.179085,-49.656987,-21.161649,-23.017436,12.083297,29.566200,32.220106,26.951340,-26.845854
1784109509184,38.860000,65.607480,-51.080692,-49.307154,-20.917910,-30.162782,23.277718,29.297975,31.501501,28.574860,-21.153341
1784109509204,38.880000,79.253390,-30.041328,-48.882371,-21.319948,-8.721380,27.270662,28.926796,30.702963,29.691662,-15.234857
1784109509224,38.900000,65.480060,-34.793700,-48.381877,-19.482911,-15.310789,29.596054,28.455868,29.831061,30.191399,-9.799369
1784109509244,38.920000,79.524414,-24.378162,-47.805032,-18.215271,-6.162891,30.990087,27.888847,28.892276,29.213612,-5.440369
1784109509264,38.940000,62.127310,-39.920128,-47.151341,-15.936822,-23.983306,29.014447,27.229813,27.892952,25.516453,-2.515038
1784109509284,38.960000,65.464300,-15.804489,-46.420470,-15.357663,-0.446826,25.229062,26.483247,26.839252,18.152729,-1.095456
1784109509304,38.980000,46.160538,-27.065370,-45.612286,-12.331299,-14.734071,23.418083,25.654001,25.737128,7.125017,-1.029874
1784109509324,39.000000,33.214830,-14.034802,-44.726909,-10.651177,-3.383625,22.471268,24.747259,24.604855,-6.189557,-2.076348
1784109509344,39.020000,3.822598,-23.673150,-43.764783,-7.754515,-15.918635,20.234372,23.768507,23.426363,-19.242399,-4.037261
1784109509364,39.040000,2.555953,-8.820800,-42.726760,-6.037810,-2.782990,17.292204,22.723493,22.215777,-29.304516,-6.827052
1784109509384,39.060000,-4.206752,-24.737225,-41.614175,-2.938391,-21.798834,13.737709,21.618184,20.978012,-34.393460,-10.413703
1784109509404,39.080000,-10.406746,-20.940758,-40.428867,-1.676481,-19.264277,8.014832,20.458725,19.717731,-33.402932,-14.640292
1784109509424,39.100000,-9.458579,-50.201520,-39.173164,-0.101081,-50.100439,-1.491841,19.251397,18.439355,-26.053728,-19.056147
1784109509444,39.120000,12.277367,-50.450066,-37.849857,-1.541608,-48.908458,-14.040030,18.002570,17.147077,-13.128468,-22.900770
1784109509464,39.140000,10.647597,-70.945460,-36.462121,-2.792540,-68.152920,-25.467624,16.718659,15.844882,3.560921,-25.245628
1784109509484,39.160000,35.088413,-57.215675,-35.013416,-5.882481,-51.333194,-30.913499,15.406075,14.536558,21.466597,-25.203240
1784109509504,39.180000,46.848540,-71.976440,-33.507385,-7.210556,-64.765884,-29.162997,14.071183,13.225718,37.572706,-22.133636
1784109509524,39.200000,60.845170,-65.578550,-31.947743,-9.787456,-55.791094,-24.131042,12.720253,11.915812,49.034190,-15.811878
1784109509544,39.220000,54.848328,-72.898865,-30.338184,-11.376134,-61.522731,-19.016742,11.359413,10.610139,54.085940,-6.526091
1784109509564,39.240000,53.573260,-54.383820,-28.682332,-13.437930,-40.945890,-12.657193,9.994606,9.311858,52.466190,4.900811
1784109509584,39.260000,30.790897,-59.268578,-26.983741,-13.365249,-45.903329,-4.278605,8.631543,8.023986,45.068255,17.157629
1784109509604,39.280000,34.886414,-38.074480,-25.245938,-13.706888,-24.367592,4.844266,7.275660,6.749401,33.245451,28.598770
1784109509624,39.300000,4.752246,-58.412964,-23.472484,-11.849292,-46.563672,11.252242,5.932076,5.490834,18.507053,37.547570
1784109509644,39.320000,3.211007,-39.684020,-21.667031,-12.134755,-27.549265,12.542578,4.605553,4.250858,2.776610,42.675660
1784109509664,39.340000,-38.808006,-41.445860,-19.833391,-10.479245,-30.966615,12.748611,3.300456,3.031869,-11.473144,43.290833
1784109509684,39.360000,-41.867730,-3.540096,-17.975619,-9.125385,5.585289,18.001622,2.020720,1.836066,-21.925512,39.410030
1784109509704,39.380000,-51.509224,-9.883069,-16.098080,-4.161839,-5.721230,27.905272,0.769817,0.665424,-27.636398,31.657015
1784109509724,39.400000,-47.780853,2.309138,-14.205485,-0.363587,2.672725,34.423650,-0.449274,-0.478333,-29.497577,21.134186
1784109509744,39.420000,-56.181120,2.307090,-12.302859,4.206432,-1.899342,33.874839,-1.634087,-1.593764,-29.590893,9.322598
1784109509764,39.440000,-47.579260,31.784650,-10.395496,8.250185,23.534465,31.952913,-2.782693,-2.679744,-30.208831,-2.079750
1784109509784,39.460000,-63.003470,25.930828,-8.488908,14.683527,11.247301,32.146856,-3.893713,-3.735496,-33.005278,-11.453891
1784109509804,39.480000,-60.041610,31.796013,-6.588779,19.752442,12.043571,30.077321,-4.966328,-4.760621,-38.451518,-17.616520
1784109509824,39.500000,-77.430130,34.964428,-4.700932,24.747988,10.216440,23.997302,-6.000284,-5.755126,-45.738993,-20.075810
1784109509844,39.520000,-84.504295,62.872536,-2.831321,29.399545,33.472991,20.001847,-6.995891,-6.719446,-53.116730,-19.086557
1784109509864,39.540000,-96.585250,54.369900,-0.986022,36.118237,18.251663,19.929245,-7.954016,-7.654467,-58.670106,-15.505609
1784109509884,39.560000,-79.644780,60.350500,0.828768,41.092601,19.257899,17.597073,-8.876073,-8.561534,-61.061709,-10.493047
1784109509904,39.580000,-94.355760,35.131927,2.606774,45.925424,-10.793497,8.023020,-9.764001,-9.442456,-59.506312,-5.139446
1784109509924,39.600000,-75.871290,43.339314,4.341703,47.619316,-4.280002,-6.639781,-10.620247,-10.299503,-53.361827,-0.157148
1784109509944,39.620000,-87.535960,34.100760,6.027307,49.795757,-15.694997,-18.859096,-11.447733,-11.135395,-42.303718,4.225460
1784109509964,39.640000,-54.181053,35.549286,7.657459,50.703517,-15.154231,-25.330163,-12.249822,-11.953279,-27.136693,8.150865
1784109509984,39.660000,-40.508858,16.378790,9.226241,51.528538,-35.149748,-29.531344,-13.030285,-12.756704,-10.281212,11.946754
1784109510004,39.680000,-17.105240,35.684364,10.728068,50.304734,-14.620370,-31.860215,-13.793255,-13.549583,4.881999,16.007510
1784109510024,39.700000,-6.645419,43.069473,12.157817,50.979793,-7.910320,-27.396463,-14.543179,-14.336148,15.385717,20.714163
1784109510044,39.720000,4.080595,46.089264,13.510934,52.128094,-6.038830,-17.734742,-15.284776,-15.120900,19.906713,26.294989
1784109510064,39.740000,2.908262,44.997505,14.783489,53.244758,-8.247253,-10.229655,-16.022977,-15.908557,19.502646,32.633045
1784109510084,39.760000,-10.727503,56.860940,15.972191,53.921711,2.939229,-6.183975,-16.762875,-16.703994,17.460935,39.135624
1784109510104,39.780000,-13.726503,57.649284,17.074351,55.434228,2.215056,-2.939598,-17.509672,-17.512182,17.781054,44.765340
1784109510124,39.800000,-3.437167,78.274090,18.087819,56.587040,21.687050,1.701790,-18.268616,-18.338123,22.856812,48.266575
1784109510144,39.820000,7.206802,67.662930,19.010946,59.309130,8.353800,6.708387,-19.044950,-19.186794,31.937834,48.566680
1784109510164,39.840000,31.094124,82.211320,19.842598,60.376479,21.834841,8.900107,-19.843853,-20.063081,41.326177,45.222614
1784109510184,39.860000,40.168064,65.607480,20.582201,62.427400,3.180080,7.360758,-20.670384,-20.971720,46.144809,38.677887
1784109510204,39.880000,45.073364,79.253390,21.229790,62.316833,16.936557,3.380818,-21.529426,-21.914337,42.889163,30.139780
1784109510224,39.900000,14.540155,65.480060,21.786011,63.265442,2.214618,-0.514790,-22.425634,-22.897954,31.349550,21.087156
1784109510244,39.920000,10.909048,79.524414,22.252054,62.468146,17.056268,-2.757661,-23.363385,-23.926534,14.686357,12.635266
1784109510264,39.940000,-31.288322,62.127310,22.629523,62.885810,-0.758500,-3.904347,-24.346726,-25.003708,-2.170937,5.087750
1784109510284,39.960000,-23.789103,65.464300,22.920283,61.279047,4.185253,-6.223011,-25.379329,-26.132743,-14.769248,-2.075826
1784109510304,39.980000,-42.274593,46.160538,23.126332,59.946200,-13.785662,-10.731826,-26.464446,-27.316514,-20.931551,-9.766496
1784109510324,40.000000,-19.838263,33.214830,23.249724,56.598585,-23.383755,-17.905160,-27.604874,-28.557486,-21.197854,-18.647870
1784109510344,40.020000,-21.010650,3.822598,23.292561,52.080464,-48.257867,-28.390717,-28.802912,-29.857691,-17.757011,-28.632973
1784109510364,40.040000,-17.546087,2.555953,23.257017,44.842292,-42.286340,-38.524314,-30.060332,-31.218723,-12.723717,-38.769040
1784109510384,40.060000,-19.956543,-4.206752,23.145365,38.012015,-42.218768,-41.533802,-31.378348,-32.641724,-7.141667,-47.569614
1784109510404,40.080000,-6.903645,-10.406746,22.959988,31.032634,-41.439380,-36.620548,-32.757591,-34.127383,-1.163828,-53.599730
1784109510424,40.100000,-2.769299,-9.458579,22.703387,24.012556,-33.471135,-27.825402,-34.198089,-35.675931,5.516406,-55.971020
1784109510444,40.120000,-4.403071,12.277367,22.378206,17.724879,-5.447512,-14.633683,-35.699251,-37.287141,13.449661,-54.522015
1784109510464,40.140000,6.321757,10.647597,21.987244,14.268933,-3.621336,2.362994,-37.259857,-38.960326,22.906940,-49.718760
1784109510484,40.160000,13.295286,35.088413,21.533463,11.045833,24.042580,18.829515,-38.878047,-40.694343,33.108696,-42.434578
1784109510504,40.180000,23.259655,46.848540,21.020002,10.706551,36.141989,33.764494,-40.551324,-42.487587,41.957952,-33.703945
1784109510524,40.200000,36.755203,60.845170,20.450205,11.711829,49.133341,45.944326,-42.276557,-44.337996,46.647578,-24.487630
1784109510544,40.220000,30.101768,54.848328,19.827642,14.157753,40.690575,51.110856,-44.049988,-46.243041,45.029795,-15.515821
1784109510564,40.240000,19.329746,53.573260,19.156109,15.866195,37.707065,46.850629,-45.867249,-48.199726,37.012039,-7.289139
1784109510584,40.260000,-4.165260,30.790897,18.439570,17.359989,13.430908,33.911657,-47.723378,-50.204583,24.907371,-0.230470
1784109510604,40.280000,-16.427135,34.886414,17.682058,16.468356,18.418058,17.155496,-49.612848,-52.253658,12.507361,5.141410
1784109510624,40.300000,-45.884617,4.752246,16.887547,16.116338,-11.364092,1.512226,-51.529590,-54.342506,3.436479,8.182556
1784109510644,40.320000,-39.954712,3.211007,16.059837,12.804519,-9.593512,-12.210714,-53.467033,-56.466180,-0.607462,8.308241
1784109510664,40.340000,-35.680397,-38.808006,15.202479,9.697955,-48.505961,-25.336765,-55.418139,-58.619221,-0.700163,5.315717
1784109510684,40.360000,-34.543854,-41.867730,14.318760,2.735211,-44.602941,-38.356547,-57.375441,-60.795645,0.308908,-0.325876
1784109510704,40.380000,-45.222614,-51.509224,13.411732,-3.773159,-47.736065,-45.660346,-59.331097,-62.988939,-0.222527,-7.425580
1784109510724,40.400000,-48.187096,-47.780853,12.484218,-10.502818,-37.278035,-42.883446,-61.276930,-65.192051,-3.453658,-14.379086
1784109510744,40.420000,-67.797810,-56.181120,11.538803,-16.074228,-40.106892,-33.568676,-63.204483,-67.397388,-8.917804,-19.719217
1784109510764,40.440000,-73.227356,-47.579260,10.577796,-21.793105,-25.786155,-22.365170,-65.105070,-69.596821,-15.108756,-22.598328
1784109510784,40.460000,-87.294940,-63.003470,9.603192,-25.939433,-37.064037,-12.888912,-66.969835,-71.781687,-20.361485,-22.948640
1784109510804,40.480000,-81.804410,-60.041610,8.616643,-31.045578,-28.996032,-7.596055,-68.789804,-73.942810,-23.457944,-21.300364
1784109510824,40.500000,-91.861600,-77.430130,7.619456,-35.172299,-42.257831,-6.166285,-70.555943,-76.070518,-23.594692,-18.413193
1784109510844,40.520000,-100.582504,-84.504295,6.612601,-40.416937,-44.087358,-7.850132,-72.259221,-78.154677,-20.214109,-14.933419
1784109510864,40.540000,-92.443184,-96.585250,5.596728,-45.615571,-50.969679,-10.940936,-73.890658,-80.184725,-13.456008,-11.233840
1784109510884,40.560000,-82.641550,-79.644780,4.572191,-51.242195,-28.402585,-10.092978,-75.441391,-82.149727,-4.717568,-7.424801
1784109510904,40.580000,-77.949380,-94.355760,3.539112,-54.391270,-39.964490,-3.582989,-76.902729,-84.038429,3.686560,-3.415187
1784109510924,40.600000,-73.254750,-75.871290,2.497450,-58.441357,-17.429933,4.865051,-78.266204,-85.839330,9.502628,1.024716
1784109510944,40.620000,-83.026860,-87.535960,1.447070,-60.042813,-27.493147,12.645861,-79.523631,-87.540751,11.255535,6.137372
1784109510964,40.640000,-76.007360,-54.181053,0.387768,-62.430094,8.249041,20.570747,-80.667155,-89.130931,8.442793,11.976026
1784109510984,40.660000,-94.963300,-40.508858,-0.680717,-61.147451,20.638593,32.482973,-81.689306,-90.598114,1.588430,18.250267
1784109511004,40.680000,-106.260635,-17.105240,-1.758716,-58.596080,41.490840,47.116106,-82.583043,-91.930653,-7.785333,24.328570
1784109511024,40.700000,-120.989174,-6.645419,-2.846664,-54.036110,47.390691,58.625595,-83.341800,-93.117117,-17.679143,29.377329
1784109511044,40.720000,-134.356370,4.080595,-3.945158,-49.021050,53.101645,63.281915,-83.959528,-94.146400,-26.488193,32.563126
1784109511064,40.740000,-132.080220,2.908262,-5.054992,-43.628197,46.536459,59.789093,-84.430734,-95.007842,-33.577831,33.274933
1784109511084,40.760000,-139.216800,-10.727503,-6.177180,-39.089835,28.362332,47.802522,-84.750512,-95.691334,-39.052426,31.335330
1784109511104,40.780000,-140.929840,-13.726503,-7.312932,-36.513154,22.786651,29.770315,-84.914577,-96.187444,-42.846821,27.116583
1784109511124,40.800000,-150.083180,-3.437167,-8.463643,-34.630487,31.193320,14.289522,-84.919291,-96.487520,-44.025582,21.465155
1784109511144,40.820000,-154.968930,7.206802,-9.630871,-32.091280,39.298082,8.328250,-84.761682,-96.583801,-41.064142,15.438636
1784109511164,40.840000,-145.723110,31.094124,-10.816321,-28.965219,60.059343,12.069210,-84.439465,-96.469517,-33.038204,9.991417
1784109511184,40.860000,-122.000510,40.168064,-12.021810,-24.061949,64.230013,20.782196,-83.951052,-96.138981,-20.644178,5.800713
1784109511204,40.880000,-107.621570,45.073364,-13.249167,-19.033105,64.106469,26.519261,-83.295562,-95.587669,-5.937750,3.311076
1784109511224,40.900000,-96.091000,14.540155,-14.500117,-14.269207,28.809362,20.715114,-82.472826,-94.812292,8.798745,2.864789
1784109511244,40.920000,-78.132630,10.909048,-15.776169,-13.178090,24.087138,2.317907,-81.483384,-93.810852,21.823287,4.713579
1784109511264,40.940000,-71.141890,-31.288322,-17.078528,-12.668682,-18.619640,-22.045877,-80.328483,-92.582688,32.084582,8.868202
1784109511284,40.960000,-58.752754,-23.789103,-18.408032,-16.538839,-7.250264,-44.189800,-79.010069,-91.128504,39.159480,14.937465
1784109511304,40.980000,-55.785620,-42.274593,-19.765104,-19.379130,-22.895463,-55.895808,-77.530774,-89.450387,43.111514,22.112417
1784109511324,41.000000,-49.973290,-19.838263,-21.149736,-23.943566,4.105303,-54.303272,-75.893904,-87.551805,44.301461,29.307306
1784109511344,41.020000,-48.816673,-21.010650,-22.561484,-25.879968,4.869318,-41.956219,-74.103416,-85.437597,43.214813,35.375256
1784109511364,41.040000,-51.865020,-17.546087,-23.999491,-27.800518,10.254431,-26.915207,-72.163901,-83.113943,40.301656,39.321106
1784109511384,41.060000,-52.650932,-19.956543,-25.462514,-29.205565,9.249022,-16.777473,-70.080560,-80.588323,35.745600,40.457260
1784109511404,41.080000,-51.984474,-6.903645,-26.948976,-30.728985,23.825340,-10.648678,-67.859174,-77.869464,29.282141,38.481834
1784109511424,41.100000,-52.051594,-2.769299,-28.457002,-30.713419,27.944120,-4.622503,-65.506082,-74.967273,20.463440,33.494247
1784109511444,41.120000,-60.544598,-4.403071,-29.984463,-30.165671,25.762600,0.645663,-63.028141,-71.892758,9.398834,25.958603
1784109511464,41.140000,-73.919380,6.321757,-31.529026,-29.717530,36.039287,3.717736,-60.432700,-68.669311,-2.696789,16.595125
1784109511484,41.160000,-88.350050,13.295286,-33.088225,-28.048126,41.343412,6.858529,-57.727560,-65.297562,-13.875365,6.194290
1784109511504,41.180000,-88.633990,23.259655,-34.659550,-25.612055,48.871710,10.993208,-54.920939,-61.790907,-22.628600,-4.567471
1784109511524,41.200000,-81.908030,36.755203,-36.240513,-22.132436,58.887639,15.706267,-52.021429,-58.163496,-28.752272,-15.178441
1784109511544,41.220000,-80.218010,30.101768,-37.828665,-17.293620,47.395388,18.366675,-49.037960,-54.430099,-32.991659,-25.170898
1784109511564,41.240000,-84.757110,19.329746,-39.421596,-13.307367,32.637113,13.705544,-45.979749,-50.605984,-36.008475,-33.972187
1784109511584,41.260000,-78.969510,-4.165260,-41.016921,-10.577649,6.412389,-0.249862,-42.856261,-46.706790,-37.863644,-40.916400
1784109511604,41.280000,-77.638050,-16.427135,-42.612288,-10.387908,-6.039227,-19.349253,-39.677160,-42.748404,-38.202939,-45.430830
1784109511624,41.300000,-64.119280,-45.884617,-44.205367,-11.418493,-34.466124,-38.020075,-36.452260,-38.746829,-36.525777,-47.225850
1784109511644,41.320000,-67.613846,-39.954712,-45.793826,-15.403854,-24.550858,-50.885047,-33.191477,-34.718055,-32.327961,-46.343180
1784109511664,41.340000,-51.513004,-35.680397,-47.375309,-18.450337,-17.230060,-51.332957,-29.904781,-30.677934,-25.474965,-43.085285
1784109511684,41.360000,-35.948093,-34.543854,-48.947407,-20.774804,-13.769050,-40.550410,-26.602142,-26.642051,-16.734697,-37.912693
1784109511704,41.380000,-16.909563,-45.222614,-50.507611,-22.742406,-22.480208,-28.498787,-23.293482,-22.625610,-7.724286,-31.333311
1784109511724,41.400000,-9.287957,-48.187096,-52.053247,-25.606846,-22.580250,-21.826010,-19.988626,-18.643318,-0.141133,-23.798326
1784109511744,41.420000,4.192886,-67.797810,-53.581428,-28.505701,-39.292109,-21.153324,-16.697250,-14.709279,4.983573,-15.668640
1784109511764,41.440000,8.411848,-73.227356,-55.089023,-33.169915,-40.057441,-24.254453,-13.428834,-10.836901,7.594931,-7.288478
1784109511784,41.460000,18.036823,-87.294940,-56.572654,-38.006951,-49.287989,-27.160227,-10.192614,-7.038808,8.637368,0.906013
1784109511804,41.480000,11.982857,-81.804410,-58.028701,-43.899114,-37.905296,-26.068239,-6.997540,-3.326768,9.808513,8.351356
1784109511824,41.500000,18.491383,-91.861600,-59.453341,-48.740780,-43.120820,-20.086404,-3.852230,0.288373,12.771972,14.418576
1784109511844,41.520000,42.064198,-100.582504,-60.842578,-54.210640,-46.371864,-13.328300,-0.764932,3.796738,18.194886,18.545265
1784109511864,41.540000,38.399887,-92.443184,-62.192260,-60.122003,-32.321181,-7.236128,2.256513,7.189456,25.563255,20.414270
1784109511884,41.560000,60.044304,-82.641550,-63.498065,-64.693404,-17.948146,2.296208,5.204708,10.458688,33.615293,20.100554
1784109511904,41.580000,66.238785,-77.949380,-64.755508,-67.842260,-10.107120,15.209819,8.072725,13.597640,40.684027,18.075098
1784109511924,41.600000,76.212814,-73.254750,-65.959928,-70.194110,-3.060640,26.909155,10.854138,16.600559,45.092459,15.041135
1784109511944,41.620000,81.215590,-83.026860,-67.106503,-71.803479,-11.223381,32.911922,13.543037,19.462724,45.698833,11.697429
1784109511964,41.640000,73.714340,-76.007360,-68.190268,-74.211218,-1.796142,32.858866,16.134056,22.180425,42.277216,8.539604
1784109511984,41.660000,67.380320,-94.963300,-69.206173,-75.624802,-19.338498,29.013261,18.622381,24.750926,35.422051,5.735601
1784109512004,41.680000,64.647940,-106.260635,-70.149165,-78.781924,-27.478711,20.951289,21.003762,27.172428,26.020021,3.098012
1784109512024,41.700000,55.704884,-120.989174,-71.014271,-82.752664,-38.236510,10.054113,23.274520,29.444022,14.926987,0.191409
1784109512044,41.720000,41.429947,-134.356370,-71.796691,-87.812282,-46.544088,-0.158560,25.431546,31.565632,3.080277,-3.455445
1784109512064,41.740000,37.868565,-132.080220,-72.491877,-93.719601,-38.360619,-6.038390,27.472302,33.537956,-8.403545,-8.140350
1784109512084,41.760000,22.517689,-139.216800,-73.095623,-98.789016,-40.427784,-5.445323,29.394815,35.362409,-18.268225,-13.876010
1784109512104,41.780000,19.314148,-140.929840,-73.604135,-104.033524,-36.896316,-1.237808,31.197667,37.041052,-25.224829,-20.386602
1784109512124,41.800000,17.392940,-150.083180,-74.014088,-108.869494,-41.213686,2.589127,32.879983,38.576535,-28.180380,-27.162590
1784109512144,41.820000,17.203854,-154.968930,-74.322657,-114.075131,-40.893799,4.152727,34.441415,39.972024,-26.450494,-33.533840
1784109512164,41.840000,16.388050,-145.723110,-74.527520,-119.171282,-26.551828,5.954778,35.882127,41.231143,-20.031218,-38.757660
1784109512184,41.860000,37.320760,-122.000510,-74.626845,-122.717418,0.716908,14.011408,37.202772,42.357909,-10.035830,-42.120354
1784109512204,41.880000,49.678776,-107.621570,-74.619244,-123.367441,15.745871,29.245595,38.404471,43.356674,1.342668,-43.024822
1784109512224,41.900000,55.713380,-96.091000,-74.503690,-122.320587,26.229587,44.634705,39.488787,44.232067,11.665053,-41.049313
1784109512244,41.920000,66.951690,-78.132630,-74.279450,-120.019661,41.887031,54.743237,40.457701,44.988941,19.078954,-36.016125
1784109512264,41.940000,62.427430,-71.141890,-73.946028,-115.934120,44.792230,59.101804,41.313583,45.632324,22.595268,-28.104223
1784109512284,41.960000,51.593810,-58.752754,-73.503149,-111.348030,52.595276,58.262956,42.059164,46.167370,21.778440,-17.958527
1784109512304,41.980000,64.280100,-55.785620,-72.950774,-105.777786,49.992166,53.386661,42.697506,46.599319,16.075237,-6.684689
1784109512324,42.000000,52.136930,-49.973290,-72.289119,-100.284255,50.310965,45.512354,43.231968,46.825021,4.876383,4.346494
1784109512344,42.020000,43.630272,-48.816673,-71.518669,-94.593232,45.776559,35.757425,43.666180,47.083427,-11.177964,13.824901
1784109512364,42.040000,4.480929,-51.865020,-70.640221,-89.212593,37.347573,24.667535,44.004007,47.254224,-29.099537,20.770662
1784109512384,42.060000,-12.251593,-52.650932,-69.654973,-84.555883,31.904951,12.604193,44.249519,47.342524,-44.261042,24.589758
1784109512404,42.080000,-20.129381,-51.984474,-68.564637,-80.344406,28.359932,1.487868,44.406959,47.353389,-52.566479,24.986944
1784109512424,42.100000,-9.683975,-52.051594,-67.371507,-76.405781,24.354187,-7.112716,44.480715,47.291808,-52.140568,21.983118
1784109512444,42.120000,-15.264961,-60.544598,-66.078455,-72.802316,12.257718,-14.391381,44.475286,47.162682,-43.513254,16.113394
1784109512464,42.140000,9.164064,-73.919380,-64.688864,-70.359288,-3.560092,-23.332970,44.395256,46.970816,-29.134385,8.579375
1784109512484,42.160000,30.499949,-88.350050,-63.206535,-69.460605,-18.889445,-34.923122,44.245268,46.720900,-12.691619,1.120145
1784109512504,42.180000,45.558180,-88.633990,-61.635554,-70.062832,-18.571158,-45.330881,44.029993,46.417508,2.235170,-4.378372
1784109512524,42.200000,45.064470,-81.908030,-59.980155,-70.602411,-11.305619,-48.363580,43.754111,46.065087,13.582230,-6.361876
1784109512544,42.220000,52.749756,-80.218010,-58.244628,-70.386699,-9.831311,-42.995499,43.422286,45.667954,20.992306,-4.038447
1784109512564,42.240000,55.816692,-84.757110,-56.433271,-69.996294,-14.760816,-35.154606,43.039140,45.230288,24.936486,2.359322
1784109512584,42.260000,56.563280,-78.969510,-54.550361,-70.069386,-8.900124,-29.231812,42.609241,44.756133,25.891956,11.624512
1784109512604,42.280000,57.092210,-77.638050,-52.600136,-69.528714,-8.109336,-24.399821,42.137077,44.249387,24.051321,21.956789
1784109512624,42.300000,55.028130,-64.119280,-50.586793,-68.880775,4.761495,-18.439002,41.627042,43.713808,19.462463,31.485743
1784109512644,42.320000,42.621803,-67.613846,-48.514490,-66.927342,-0.686504,-11.570223,41.083418,43.153004,12.386649,38.696250
1784109512664,42.340000,37.218765,-51.513004,-46.387374,-65.496554,13.983550,-5.331692,40.510362,42.570439,3.495792,42.636738
1784109512684,42.360000,18.066198,-35.948093,-44.209627,-62.593137,26.645044,2.228013,39.911893,41.969426,-6.296506,42.930508
1784109512704,42.380000,27.951363,-16.909563,-41.985512,-58.437787,41.528224,12.620231,39.291879,41.353128,-16.055541,39.686207
1784109512724,42.400000,1.213698,-9.287957,-39.719407,-52.836416,43.548459,22.583394,38.654027,40.724559,-24.660109,33.404003
1784109512744,42.420000,-5.352272,4.192886,-37.415834,-47.090000,51.282886,28.401991,38.001875,40.086581,-30.723276,24.882807
1784109512764,42.440000,-7.079876,8.411848,-35.079495,-40.652106,49.063954,29.373923,37.338788,39.441907,-33.301660,15.083912
1784109512784,42.460000,8.649573,18.036823,-32.715280,-34.528301,52.565124,26.749247,36.667945,38.793097,-32.484277,4.994285
1784109512804,42.480000,4.866578,11.982857,-30.328235,-28.166685,40.149542,21.168512,35.992345,38.142565,-28.756230,-4.423666
1784109512824,42.500000,5.965593,18.491383,-27.923493,-23.146941,41.638324,13.252597,35.314799,37.492575,-22.052414,-12.237346
1784109512844,42.520000,13.220375,42.064198,-25.506230,-18.091713,60.155911,8.530059,34.637928,36.845247,-11.914807,-17.644463
1784109512864,42.540000,27.680940,38.399887,-23.081611,-11.351787,49.751674,9.396894,33.964170,36.202555,1.517176,-20.164774
1784109512884,42.560000,42.149480,60.044304,-20.654731,-5.807162,65.851466,11.505367,33.295776,35.566331,16.821642,-19.743185
1784109512904,42.580000,69.711460,66.238785,-18.230517,1.138459,65.100326,13.583385,32.634814,34.938269,31.479431,-16.660946
1784109512924,42.600000,68.572400,76.212814,-15.813628,7.787126,68.425688,14.672673,31.983174,34.319923,42.828238,-11.361027
1784109512944,42.620000,85.290770,81.215590,-13.408370,14.521872,66.693718,13.203334,31.342570,33.712712,49.076192,-4.362347
1784109512964,42.640000,80.124565,73.714340,-11.018647,20.827024,52.887316,7.972599,30.714545,33.117922,49.816014,3.692515
1784109512984,42.660000,77.734390,67.380320,-8.647957,25.526606,41.853714,-2.161939,30.100474,32.536705,46.131079,11.956063
1784109513004,42.680000,66.949170,64.647940,-6.299410,28.925799,35.722141,-14.225460,29.501568,31.970082,40.255412,19.380310
1784109513024,42.700000,55.701912,55.704884,-3.975790,31.529306,24.175578,-24.459335,28.918880,31.418946,34.647501,24.847230
1784109513044,42.720000,51.263580,41.429947,-1.679627,32.833907,8.596040,-33.174280,28.353306,30.884059,30.722393,27.382273
1784109513064,42.740000,60.619095,37.868565,0.586741,32.496534,5.372031,-40.637004,27.805591,30.366054,28.001595,26.398407
1784109513084,42.760000,42.898330,22.517689,2.821138,31.767630,-9.249941,-45.717128,27.276328,29.865436,24.359720,21.904032
1784109513104,42.780000,53.772310,19.314148,5.021525,29.575052,-10.260904,-48.412439,26.765966,29.382584,17.009743,14.557132
1784109513124,42.800000,44.805504,17.392940,7.185988,27.291668,-9.898728,-47.474349,26.274812,28.917750,3.873570,5.499304
1784109513144,42.820000,14.897875,17.203854,9.312711,25.060975,-7.857121,-42.163822,25.803030,28.471059,-14.771748,-3.977085
1784109513164,42.840000,-16.129183,16.388050,11.399907,23.049197,-6.661147,-34.384169,25.350652,28.042514,-35.752689,-12.818995
1784109513184,42.860000,-30.416450,37.320760,13.445707,21.174106,16.146654,-23.764779,24.917575,27.631997,-54.456078,-20.521452
1784109513204,42.880000,-44.198190,49.678776,15.448032,21.486435,28.192341,-8.530847,24.503571,27.239443,-66.853358,-27.181421
1784109513224,42.900000,-48.293510,55.713380,17.404533,22.851466,32.861914,7.294664,24.108286,26.864273,-70.666528,-33.204563
1784109513244,42.920000,-41.321045,66.951690,19.312573,24.512066,42.439624,18.533282,23.731256,26.506027,-65.734733,-38.823112
1784109513264,42.940000,-28.500040,62.427430,21.169268,26.916308,35.511122,23.661479,23.371903,26.164148,-53.860013,-43.746185
1784109513284,42.960000,-13.641663,51.593810,22.971573,28.459339,23.134471,21.068460,23.029553,25.837981,-38.176820,-47.133850
1784109513304,42.980000,13.159698,64.280100,24.716406,28.668952,35.611148,14.398273,22.703439,25.526787,-22.159439,-47.852170
1784109513324,43.000000,15.242229,52.136930,26.400773,29.989487,22.147443,9.628565,22.392712,25.229751,-8.442979,-44.863080
1784109513344,43.020000,32.838074,43.630272,28.021892,29.898574,13.731698,4.973177,22.096456,24.945989,2.002363,-37.615814
1784109513364,43.040000,32.716440,4.480929,29.577273,28.942680,-24.461750,-5.444239,21.813691,24.674565,9.888479,-26.321686
1784109513384,43.060000,41.242540,-12.251593,31.064767,24.238272,-36.489865,-22.755837,21.543394,24.414495,17.004557,-12.012001
1784109513404,43.080000,35.270990,-20.129381,32.482593,18.395614,-38.524995,-38.030731,21.284500,24.164760,25.147359,3.653196
1784109513424,43.100000,59.865770,-9.683975,33.829342,12.381154,-22.065129,-40.619902,21.035922,23.924318,34.817307,18.765915
1784109513444,43.120000,60.852757,-15.264961,35.103995,8.020993,-23.285954,-30.621073,20.796555,23.692112,44.546489,31.620779
1784109513464,43.140000,78.390280,9.164064,36.305955,3.525304,5.638760,-14.063831,20.565291,23.467080,51.364264,41.092667
1784109513484,43.160000,82.352810,30.499949,37.435077,1.956827,28.543122,7.031866,20.341022,23.248164,52.067382,46.806580
1784109513504,43.180000,76.978226,45.558180,38.491686,2.777214,42.780966,29.147757,20.122655,23.034317,44.871590,49.033310
1784109513524,43.200000,52.561966,45.064470,39.476546,5.170645,39.893825,43.989447,19.909112,22.824507,30.663388,48.362946
1784109513544,43.220000,35.839980,52.749756,40.390780,7.417039,45.332717,47.732475,19.699342,22.617728,12.899051,45.314167
1784109513564,43.240000,8.829126,55.816692,41.235731,10.368915,45.447777,44.287581,19.492323,22.413000,-3.783167,40.075825
1784109513584,43.260000,-0.395071,56.563280,42.012822,13.491178,43.072102,38.215892,19.287065,22.209373,-15.418905,32.524982
1784109513604,43.280000,-3.744797,57.092210,42.723443,16.520995,40.571215,31.221627,19.082613,22.005932,-20.212207,22.523012
1784109513624,43.300000,5.726246,55.028130,43.368890,19.431655,35.596475,23.979485,18.878053,21.801798,-18.919550,10.321189
1784109513644,43.320000,4.716364,42.621803,43.950364,21.953296,20.668507,15.345851,18.672508,21.596125,-14.030559,-3.169715
1784109513664,43.340000,26.908112,37.218765,44.469007,23.034930,14.183835,4.588411,18.465141,21.388109,-8.380253,-16.418379
1784109513684,43.360000,15.934416,18.066198,44.925963,23.501788,-5.435590,-7.328968,18.255158,21.176981,-3.755462,-27.624277
1784109513704,43.380000,21.263260,27.951363,45.322413,21.981965,5.969398,-16.966403,18.041803,20.962010,-0.172063,-35.234173
1784109513724,43.400000,11.749240,1.213698,45.659598,21.626296,-20.412597,-22.477729,17.824362,20.742503,3.521523,-38.408740
1784109513744,43.420000,20.144321,-5.352272,45.938803,18.587117,-23.939390,-27.803722,17.602159,20.517802,8.128896,-37.244633
1784109513764,43.440000,29.324518,-7.079876,46.161364,15.157307,-22.237183,-32.013318,17.374556,20.287286,12.905668,-32.649480
1784109513784,43.460000,42.497353,8.649573,46.328684,11.881151,-3.231578,-28.764304,17.140952,20.050366,15.695462,-25.925318
1784109513804,43.480000,31.296171,4.866578,46.442281,10.549717,-5.683139,-18.258656,16.900783,19.806486,14.277843,-18.299036
1784109513824,43.500000,35.817450,5.965593,46.503806,9.017568,-3.051975,-7.807194,16.653518,19.555123,7.718644,-10.670631
1784109513844,43.520000,7.086636,13.220375,46.515024,7.802922,5.417453,-0.829217,16.398659,19.295781,-3.120301,-3.659611
1784109513864,43.540000,2.900039,27.680940,46.477754,7.507527,20.173413,6.001018,16.135739,19.027995,-15.995492,2.198066
1784109513884,43.560000,-16.222110,42.149480,46.393788,8.783452,33.366028,15.264358,15.864321,18.751327,-28.262084,6.330799
1784109513904,43.580000,-19.918663,69.711460,46.264816,11.487051,58.224409,27.395139,15.583998,18.465365,-37.721952,8.208755
1784109513924,43.600000,-33.068954,68.572400,46.092367,16.808497,51.763903,38.700196,15.294393,18.169724,-43.070065,7.555298
1784109513944,43.620000,-19.429754,85.290770,45.877777,21.585449,63.705321,43.557648,14.995155,17.864046,-44.027851,4.542396
1784109513964,43.640000,-34.463455,80.124565,45.622193,27.653252,52.471313,41.224730,14.685967,17.548001,-41.122681,-0.152064
1784109513984,43.660000,-18.359055,77.734390,45.326590,32.659359,45.075031,32.505822,14.366539,17.221289,-35.441841,-5.465812
1784109514004,43.680000,-12.419199,66.949170,44.991811,36.961379,29.987791,18.810945,14.036618,16.883640,-28.522642,-10.198863
1784109514024,43.700000,-0.783352,55.701912,44.618618,39.761008,15.940904,2.920043,13.695984,16.534818,-21.849982,-13.276830
1784109514044,43.720000,-4.734112,51.263580,44.207759,41.140286,10.123294,-11.702829,13.344456,16.174626,-16.084256,-13.952309
1784109514064,43.740000,5.153075,60.619095,43.760019,41.911237,18.707858,-19.760464,12.981895,15.802906,-10.841078,-11.935710
1784109514084,43.760000,6.180651,42.898330,43.276244,43.513514,-0.615184,-21.637303,12.608209,15.419542,-5.095838,-7.455536
1784109514104,43.780000,17.174381,53.772310,42.757374,43.142540,10.629770,-22.001339,12.223351,15.024468,2.315863,-1.198426
1784109514124,43.800000,21.665298,44.805504,42.204464,43.857724,0.947780,-21.369874,11.827331,14.617668,12.303994,5.894715
1784109514144,43.820000,24.399710,14.897875,41.618719,43.561948,-28.664073,-24.201850,11.420208,14.199176,24.987389,12.886952
1784109514164,43.840000,50.334110,-16.129183,41.001517,40.259522,-56.388705,-36.700045,11.002104,13.769085,38.978510,19.040504
1784109514184,43.860000,79.486946,-30.416450,40.354455,34.145746,-64.562196,-53.652110,10.573196,13.327543,51.542613,23.936264
1784109514204,43.880000,63.796608,-44.198190,39.679429,27.188448,-71.386638,-64.331499,10.133721,12.874755,60.204554,27.531092
1784109514224,43.900000,78.412250,-48.293510,38.978679,19.537033,-67.830543,-64.067558,9.683974,12.410983,64.065851,30.068682
1784109514244,43.920000,68.761500,-41.321045,38.254777,12.242735,-53.563780,-53.309104,9.224308,11.936544,63.608819,31.806017
1784109514264,43.940000,57.285862,-28.500040,37.510578,6.384641,-34.884681,-34.104647,8.755128,11.451806,59.832647,32.718060
1784109514284,43.960000,59.659610,-13.641663,36.749154,2.406213,-16.047876,-10.545814,8.276887,10.957184,53.351485,32.413883
1784109514304,43.980000,59.502834,13.159698,35.973721,0.320882,12.838816,13.948811,7.790084,10.453136,44.074534,30.332285
1784109514324,44.000000,33.948967,15.242229,35.187575,1.120669,14.121560,35.152315,7.295249,9.940155,31.985419,26.057386
1784109514344,44.020000,33.881477,32.838074,34.394032,2.046015,30.792059,48.345914,6.792942,9.418759,18.028918,19.534075
1784109514364,44.040000,-5.915392,32.716440,33.596327,4.624915,28.091525,53.489848,6.283743,8.889487,4.118935,11.069710
1784109514384,44.060000,-4.612665,41.242540,32.797512,6.923953,34.318587,52.659471,5.768237,8.352888,-7.726157,1.171881
1784109514404,44.080000,-14.793604,35.270990,32.000359,9.832688,25.438302,47.520750,5.247011,7.809511,-16.433690,-9.592574
1784109514424,44.100000,-15.260084,59.865770,31.207300,11.852587,48.013183,42.308466,4.720643,7.259898,-22.039815,-20.588316
1784109514444,44.120000,-33.547096,60.852757,30.420413,16.108422,44.744335,41.083787,4.189688,6.704571,-25.151152,-31.032698
1784109514464,44.140000,-23.021355,78.390280,29.641415,20.021357,58.368923,42.183303,3.654676,6.142221,-26.769418,-40.015785
1784109514484,44.160000,-28.488888,82.352810,28.871658,25.265074,57.087736,42.632897,3.116100,5.575177,-28.289227,-46.663193
1784109514504,44.180000,-29.671963,76.978226,28.112156,30.349849,46.628377,38.948790,2.574411,5.003879,-31.013439,-50.327953
1784109514524,44.200000,-40.594420,52.561966,27.363609,34.370885,18.191081,26.205438,2.030015,4.428713,-35.607159,-50.711597
1784109514544,44.220000,-44.304596,35.839980,26.626415,35.570824,0.269156,4.607286,1.483266,3.850019,-42.053628,-47.923900
1784109514564,44.240000,-52.283455,8.829126,25.900666,35.028787,-26.199661,-19.958400,0.934468,3.268086,-49.858638,-42.488750
1784109514584,44.260000,-56.108604,-0.395071,25.186146,31.932801,-32.327872,-40.583956,0.383873,2.683153,-58.050454,-35.247370
1784109514604,44.280000,-70.959240,-3.744797,24.482339,28.327512,-32.072309,-51.086147,-0.168312,2.095412,-65.043608,-27.162569
1784109514624,44.300000,-70.878120,5.726246,23.788417,24.849234,-19.122988,-48.739945,-0.721926,1.505012,-68.819807,-19.116524
1784109514644,44.320000,-76.059530,4.716364,23.103252,22.739607,-18.023243,-37.449011,-1.276842,0.912067,-67.531811,-11.773335
1784109514664,44.340000,-63.027245,26.908112,22.425430,20.804228,6.103884,-22.476661,-1.832963,0.316662,-60.159105,-5.498328
1784109514684,44.360000,-59.172585,15.934416,21.753308,21.289151,-5.354735,-8.499286,-2.390206,-0.281135,-46.942863,-0.309034
1784109514704,44.380000,-26.653050,21.263260,21.085093,20.646281,0.616979,-1.000943,-2.948493,-0.881260,-29.479836,4.127133
1784109514724,44.400000,-16.596980,11.749240,20.418959,20.593507,-8.844267,-0.397950,-3.507738,-1.483639,-10.257477,8.417666
1784109514744,44.420000,9.738732,20.144321,19.753175,19.594465,0.549856,-2.290467,-4.067829,-2.088175,8.231562,13.280411
1784109514764,44.440000,25.484278,29.324518,19.086232,19.501160,9.823358,-1.145067,-4.628618,-2.694732,24.306340,19.311910
1784109514784,44.460000,36.037960,42.497353,18.416941,20.267605,22.229748,5.498019,-5.189899,-3.303118,37.623510,26.753199
1784109514804,44.480000,37.738850,31.296171,17.744509,22.165839,9.130332,12.354835,-5.751398,-3.913067,49.072139,35.332664
1784109514824,44.500000,54.425980,35.817450,17.068560,22.666017,13.151433,13.459261,-6.312757,-4.524229,59.795143,44.252857
1784109514844,44.520000,61.370888,7.086636,16.389152,23.462630,-16.375994,7.150537,-6.873522,-5.136150,70.076392,52.357788
1784109514864,44.540000,76.669320,2.900039,15.706782,21.270723,-18.370684,-5.211166,-7.433128,-5.748264,78.952829,58.451813
1784109514884,44.560000,79.831530,-16.222110,15.022405,18.848157,-35.070267,-18.075466,-7.990892,-6.359875,84.569651,61.644558
1784109514904,44.580000,88.620730,-19.918663,14.337426,14.771157,-34.689820,-26.686795,-8.546004,-6.970153,84.956141,61.551258
1784109514924,44.600000,65.495255,-33.068954,13.653681,10.752413,-43.821367,-30.097199,-9.097522,-7.578122,78.800023,58.260437
1784109514944,44.620000,65.479690,-19.429754,12.973365,5.874382,-25.304136,-27.393269,-9.644367,-8.182657,65.691687,52.122210
1784109514964,44.640000,36.800343,-34.463455,12.298928,2.860058,-37.323513,-19.920999,-10.185323,-8.782479,45.973638,43.507008
1784109514984,44.660000,31.816154,-18.359055,11.632948,-1.297165,-17.061890,-11.307154,-10.719039,-9.376154,20.924527,32.684357
1784109515004,44.680000,-27.325138,-12.419199,10.977995,-3.415218,-9.003981,-1.094278,-11.244031,-9.962094,-6.818806,19.856913
1784109515024,44.700000,-29.756030,-0.783352,10.336467,-4.724291,3.940939,10.794655,-11.758687,-10.538563,-33.560840,5.252867
1784109515044,44.720000,-73.144264,-4.734112,9.710424,-4.760621,0.026509,20.158561,-12.261274,-11.103673,-55.580329,-10.798458
1784109515064,44.740000,-65.183590,5.153075,9.101451,-5.182630,10.335705,24.645162,-12.749948,-11.655401,-69.930668,-27.774511
1784109515084,44.760000,-93.283554,6.180651,8.510585,-4.586140,10.766791,26.080541,-13.222758,-12.191587,-74.748994,-44.831966
1784109515104,44.780000,-82.795350,17.174381,7.938281,-3.946327,21.120708,26.988859,-13.677662,-12.709947,-69.648236,-60.745056
1784109515124,44.800000,-66.554660,21.665298,7.384438,-2.293090,23.958388,28.462008,-14.112530,-13.208080,-56.299942,-74.011024
1784109515144,44.820000,-40.172560,24.399710,6.848479,-0.377379,24.777089,29.341332,-14.525162,-13.683477,-38.231221,-83.069680
1784109515164,44.840000,-34.137480,50.334110,6.329499,1.603929,48.730181,30.814390,-14.913293,-14.133534,-19.507957,-86.544120
1784109515184,44.860000,-0.986786,79.486946,5.826418,5.882612,73.604334,38.141533,-15.274603,-14.555557,-3.376169,-83.502450
1784109515204,44.880000,-6.558126,63.796608,5.338117,12.458912,51.337696,46.047278,-15.606734,-14.946778,8.573130,-73.741490
1784109515224,44.900000,2.125810,78.412250,4.863534,16.698562,61.713688,44.405584,-15.907295,-15.304362,16.569895,-58.000626
1784109515244,44.920000,-4.168330,68.761500,4.401721,21.818214,46.943286,34.706969,-16.173874,-15.625425,21.765482,-37.974080
1784109515264,44.940000,13.654399,57.285862,3.951852,25.351092,31.934770,20.208096,-16.404053,-15.907039,24.877468,-16.055323
1784109515284,44.960000,9.342327,59.659610,3.513236,27.321986,32.337624,4.201162,-16.595415,-16.146252,25.696198,5.152065
1784109515304,44.980000,18.381495,59.502834,3.085337,29.255803,30.247031,-6.963662,-16.745561,-16.340101,23.748428,23.407060
1784109515324,45.000000,-1.069460,33.948967,2.667780,30.896136,3.052831,-15.177349,-16.852116,-16.516638,19.237590,37.240604
1784109515344,45.020000,11.967262,33.881477,2.260328,29.838855,4.042622,-24.982576,-16.912749,-16.612773,13.475900,46.039623
1784109515364,45.040000,-22.943342,-5.915392,1.862842,28.883904,-34.799296,-36.983220,-16.925179,-16.654935,8.689131,49.870870
1784109515384,45.060000,-17.879318,-4.612665,1.475221,24.222671,-28.835336,-49.857698,-16.887193,-16.640301,6.961994,49.221573
1784109515404,45.080000,-12.803566,-14.793604,1.097345,20.298852,-35.092456,-56.910094,-16.796658,-16.566128,8.629713,44.806408
1784109515424,45.100000,-3.361670,-15.260084,0.729046,15.916637,-31.176721,-54.924418,-16.651532,-16.429771,11.725581,37.521530
1784109515444,45.120000,-8.091116,-33.547096,0.370139,12.069136,-45.616232,-49.152510,-16.449881,-16.228702,13.026593,28.491860
1784109515464,45.140000,2.162841,-23.021355,0.020451,6.999043,-30.020398,-42.914542,-16.189889,-15.960533,9.558761,19.037947
1784109515484,45.160000,-18.628296,-28.488888,-0.320171,3.623031,-32.111919,-34.654309,-15.869870,-15.623036,-0.102444,10.443191
1784109515504,45.180000,-25.425260,-29.671963,-0.651872,0.187327,-29.859290,-25.568749,-15.488281,-15.214161,-14.993902,3.605476
1784109515524,45.200000,-55.984886,-40.594420,-0.974843,-2.882614,-37.711806,-19.301554,-15.043737,-14.732062,-31.848466,-1.219783
1784109515544,45.220000,-58.551178,-44.304596,-1.289410,-6.542061,-37.762535,-16.619456,-14.535013,-14.175108,-46.079038,-4.444635
1784109515564,45.240000,-87.995960,-52.283455,-1.596110,-10.003255,-42.280200,-15.680304,-13.961060,-13.541910,-53.254216,-6.921797
1784109515584,45.260000,-67.357080,-56.108604,-1.895757,-13.676001,-42.432603,-14.549375,-13.321012,-12.831333,-50.742445,-9.545396
1784109515604,45.280000,-70.762940,-70.959240,-2.189448,-17.116830,-53.842410,-13.634222,-12.614192,-12.042510,-38.945012,-12.827720
1784109515624,45.300000,-22.596167,-70.878120,-2.478511,-21.369850,-49.508270,-13.207454,-11.840119,-11.174861,-21.287496,-16.603410
1784109515644,45.320000,-21.335167,-76.059530,-2.764378,-24.891683,-51.167847,-11.273556,-10.998512,-10.228100,-2.719755,-19.973204
1784109515664,45.340000,18.165306,-63.027245,-3.048432,-28.275715,-34.751530,-5.502364,-10.089293,-9.202247,12.503883,-21.552460
1784109515684,45.360000,1.590650,-59.172585,-3.331877,-29.837801,-29.334784,4.580844,-9.112590,-8.097633,22.516504,-19.990486
1784109515704,45.380000,15.024778,-26.653050,-3.615659,-30.725971,4.072921,18.889608,-8.068739,-6.914909,28.031725,-14.577541
1784109515724,45.400000,7.858767,-16.596980,-3.900446,-28.364496,11.767516,36.251086,-6.958282,-5.655046,31.000527,-5.657509
1784109515744,45.420000,27.172550,9.738732,-4.186644,-25.364897,35.103629,52.200382,-5.781972,-4.319339,32.996562,5.390705
1784109515764,45.440000,16.409983,25.484278,-4.474397,-20.266761,45.751039,63.941229,-4.540766,-2.909404,34.530378,16.614117
1784109515784,45.460000,33.111206,36.037960,-4.763587,-14.340713,50.378673,69.899524,-3.235829,-1.427182,35.155720,26.133192
1784109515804,45.480000,25.130780,37.738850,-5.053846,-8.140899,45.879749,67.890346,-1.868527,0.125071,33.890839,32.642365
1784109515824,45.500000,32.740890,54.425980,-5.344564,-2.500630,56.926610,60.450849,-0.440431,1.744784,29.859825,35.591255
1784109515844,45.520000,17.703016,61.370888,-5.634915,4.201190,57.169698,52.905133,1.046690,3.429081,22.914724,35.088330
1784109515864,45.540000,19.037169,76.669320,-5.923896,10.964303,65.705017,47.322638,2.590869,5.174787,13.893452,31.658377
1784109515884,45.560000,-1.325978,79.831530,-6.210391,18.708559,61.122971,42.395170,4.189947,6.978438,4.416468,25.978548
1784109515904,45.580000,1.338350,88.620730,-6.493237,26.173760,62.446970,35.995504,5.841576,8.836295,-3.708084,18.691273
1784109515924,45.600000,-15.292157,65.495255,-6.771287,34.002809,31.492446,24.460849,7.543222,10.744352,-9.269947,10.343026
1784109515944,45.620000,0.739699,65.479690,-7.043464,38.863531,26.616159,6.316184,9.292170,12.698358,-12.245997,1.432974
1784109515964,45.640000,-14.182867,36.800343,-7.308782,43.352213,-6.551870,-14.911697,11.085535,14.693832,-13.830198,-7.491627
1784109515984,45.660000,11.248926,31.816154,-7.566344,44.482678,-12.666524,-35.304290,12.920263,16.726081,-15.839136,-15.775291
1784109516004,45.680000,-11.634142,-27.325138,-7.815325,44.932232,-72.257370,-55.953094,14.793142,18.790224,-19.700388,-22.692093
1784109516024,45.700000,1.481675,-29.756030,-8.054958,39.064143,-68.820173,-77.295348,16.700811,20.881216,-25.583526,-27.595222
1784109516044,45.720000,-27.684391,-73.144264,-8.284548,33.211531,-106.355795,-93.204022,18.639770,22.993873,-32.351798,-30.125937
1784109516064,45.740000,-15.487506,-65.183590,-8.503502,23.118498,-88.302088,-98.806081,20.606391,25.122901,-38.398617,-30.370535
1784109516084,45.760000,-32.324253,-93.283554,-8.711366,14.453274,-107.736828,-93.520533,22.596932,27.262929,-42.731335,-28.850424
1784109516104,45.780000,-8.726381,-82.795350,-8.907841,3.408162,-86.203512,-80.490629,24.607550,29.408534,-45.442521,-26.308930
1784109516124,45.800000,-20.220385,-66.554660,-9.092769,-5.799663,-60.754997,-59.486360,26.634318,31.554280,-47.132909,-23.394402
1784109516144,45.820000,-3.551980,-40.172560,-9.266098,-12.653098,-27.519462,-29.127293,28.673238,33.694752,-47.751331,-20.425080
1784109516164,45.840000,-18.844566,-34.137480,-9.427849,-16.231540,-17.905940,3.213606,30.720259,35.824585,-45.861715,-17.372377
1784109516184,45.860000,0.205411,-0.986786,-9.578094,-18.857173,17.870387,30.368330,32.771298,37.938493,-38.998896,-14.041912
1784109516204,45.880000,-6.087807,-6.558126,-9.716945,-17.790421,11.232295,49.427761,34.822256,40.025336,-25.019207,-10.291195
1784109516224,45.900000,42.506012,2.125810,-9.844508,-17.304461,19.430271,57.101377,36.869034,42.086073,-3.677873,-6.112311
1784109516244,45.920000,49.786247,-4.168330,-9.960810,-15.899794,11.731464,54.474311,38.907559,44.115985,22.624406,-1.530198
1784109516264,45.940000,110.475800,13.654399,-10.065664,-15.200548,28.854947,48.496360,40.933794,46.110574,49.404686,3.571020
1784109516284,45.960000,114.801910,9.342327,-10.158525,-12.686689,22.029016,44.377678,42.943761,48.065587,71.687675,9.514092
1784109516304,45.980000,145.133540,18.381495,-10.238355,-10.784468,29.165963,41.460726,44.933558,49.977033,85.815295,16.672798
1784109516324,46.000000,132.592580,-1.069460,-10.303555,-8.090568,7.021109,35.728935,46.899370,51.841203,90.405499,25.133219
1784109516344,46.020000,147.285110,11.967262,-10.351966,-7.596394,19.563656,26.599403,48.837486,53.654676,86.203713,34.367477
1784109516364,46.040000,122.159850,-22.943342,-10.380925,-5.810035,-17.133307,15.188271,50.744308,55.414333,75.464418,43.145573
1784109516384,46.060000,115.410835,-17.879318,-10.387373,-7.737096,-10.142222,1.351322,52.616364,57.117353,61.158836,49.771526
1784109516404,46.080000,90.880490,-12.803566,-10.367992,-8.989992,-3.813574,-8.008163,54.450313,58.761212,45.869442,52.530090
1784109516424,46.100000,99.610780,-3.361670,-10.319349,-9.618122,6.256452,-7.075118,56.242951,60.343681,30.867019,50.159650
1784109516444,46.120000,72.000200,-8.091116,-10.238024,-9.225256,1.134140,-1.053463,57.991215,61.862817,16.226184,42.223600
1784109516464,46.140000,70.946180,2.162841,-10.120700,-9.333647,11.496488,3.907672,59.692185,63.316948,1.698362,29.275377
1784109516484,46.160000,39.972710,-18.628296,-9.964265,-8.374179,-10.254117,4.271098,61.343086,64.704665,-12.726455,12.726729
1784109516504,46.180000,49.830307,-25.425260,-9.765908,-9.577941,-15.847319,-2.429123,62.941285,66.024803,-26.790007,-5.539786
1784109516524,46.200000,14.783161,-55.984886,-9.523192,-11.321734,-44.663152,-15.245306,64.484293,67.276432,-39.936055,-23.613780
1784109516544,46.220000,30.229788,-58.551178,-9.234119,-15.934469,-42.616709,-29.382492,65.969760,68.458837,-51.158655,-39.869137
1784109516564,46.240000,-2.668284,-87.995960,-8.897171,-20.301525,-67.694435,-40.149910,67.395479,69.571505,-58.978232,-53.108105
1784109516584,46.260000,13.667543,-67.357080,-8.511336,-27.117783,-40.239297,-43.527260,68.759377,70.614110,-61.754883,-62.595600
1784109516604,46.280000,-10.642900,-70.762940,-8.076119,-31.086491,-39.676449,-35.769747,70.059517,71.586504,-58.516243,-68.030560
1784109516624,46.300000,32.708190,-22.596167,-7.591529,-34.870280,12.274113,-16.274121,71.294100,72.488697,-49.904721,-69.455480
1784109516644,46.320000,35.012460,-21.335167,-7.058009,-33.316421,11.981254,10.122360,72.461460,73.320852,-38.091874,-67.092080
1784109516664,46.340000,56.957176,18.165306,-6.476319,-31.649567,49.814873,34.371506,73.560067,74.083274,-25.367645,-61.161500
1784109516684,46.360000,46.958736,1.590650,-5.847422,-26.084759,27.675408,48.761145,74.588527,74.776396,-13.004522,-51.846363
1784109516704,46.380000,89.479890,15.024778,-5.172396,-22.625434,37.650212,49.239994,75.545586,75.400777,-1.423071,-39.462902
1784109516724,46.400000,66.014450,7.858767,-4.452365,-18.088546,25.947313,40.036740,76.430129,75.957089,9.270549,-24.677084
1784109516744,46.420000,96.630990,27.172550,-3.688437,-14.652677,41.825227,30.242897,77.241187,76.446110,18.773507,-8.553806
1784109516764,46.440000,95.799774,16.409983,-2.881663,-9.606034,26.016017,23.519143,77.977936,76.868721,25.930176,7.596616
1784109516784,46.460000,114.339950,33.111206,-2.032999,-6.123542,39.234748,18.680831,78.639705,77.225893,28.774531,22.469368
1784109516804,46.480000,100.861120,25.130780,-1.143268,-1.353649,26.484429,14.604904,79.225975,77.518684,25.528277,34.997005
1784109516824,46.500000,115.414960,32.740890,-0.213151,2.099161,30.641729,10.004342,79.736387,77.748231,15.797849,44.475033
1784109516844,46.520000,73.492800,17.703016,0.756782,5.889452,11.813564,3.215010,80.170741,77.915746,1.453791,50.531770
1784109516864,46.540000,74.777420,19.037169,1.766010,7.734856,11.302313,-5.859646,80.529005,78.022508,-13.493433,52.986683
1784109516884,46.560000,34.583206,-1.325978,2.813943,9.451843,-10.777821,-16.250619,80.811311,78.069857,-24.463081,51.726505
1784109516904,46.580000,61.849583,1.338350,3.899817,8.923497,-7.585148,-26.047939,81.017967,78.059192,-28.449720,46.721450
1784109516924,46.600000,48.726112,-15.292157,5.022635,8.667480,-23.959637,-33.034697,81.149450,77.991963,-25.207172,38.228855
1784109516944,46.620000,75.038390,0.739699,6.181176,6.761948,-6.022249,-34.959603,81.206417,77.869673,-16.876177,27.068583
1784109516964,46.640000,63.996643,-14.182867,7.374046,6.608140,-20.791007,-31.683532,81.189703,77.693868,-6.957639,14.710292
1784109516984,46.660000,109.170440,11.248926,8.599746,4.960477,6.288449,-24.825141,81.100322,77.466139,0.720913,3.021452
1784109517004,46.680000,86.541170,-11.634142,9.856742,5.983242,-17.617384,-17.205216,80.939471,77.188118,3.474720,-6.205451
1784109517024,46.700000,105.403690,1.481675,11.143539,4.591180,-3.109506,-13.161083,80.708529,76.861477,1.295264,-11.717571
1784109517044,46.720000,66.361480,-27.684391,12.458693,4.636780,-32.321171,-14.314097,80.409057,76.487924,-2.955918,-13.124576
1784109517064,46.740000,80.661360,-15.487506,13.800774,1.705471,-17.192977,-18.599714,80.042799,76.069207,-5.202865,-11.022015
1784109517084,46.760000,63.976670,-32.324253,15.168306,0.258405,-32.582658,-21.470574,79.611678,75.607107,-2.660987,-6.825014
1784109517104,46.780000,96.434845,-8.726381,16.559735,-2.816354,-5.910027,-18.980078,79.117795,75.103439,4.444146,-2.269626
1784109517124,46.800000,96.272125,-20.220385,17.973458,-3.205684,-17.014701,-11.147783,78.563421,74.560056,13.001478,1.247647
1784109517144,46.820000,126.350510,-3.551980,19.407884,-4.742385,1.190405,-1.997327,77.950999,73.978841,18.861878,3.161155
1784109517164,46.840000,99.399080,-18.844566,20.861512,-4.391246,-14.453320,4.344860,77.283130,73.361710,19.222755,3.788731
1784109517184,46.860000,107.825935,0.205411,22.332957,-5.631639,5.837051,7.509772,76.562571,72.710614,13.922254,3.921385
1784109517204,46.880000,80.680950,-6.087807,23.820923,-4.737599,-1.350208,10.210991,75.792221,72.027532,5.067086,4.213249
1784109517224,46.900000,88.528760,42.506012,25.324134,-4.503929,47.009941,17.716922,74.975113,71.314476,-4.095335,4.759293
1784109517244,46.920000,49.369476,49.786247,26.841273,0.956430,48.829817,32.731896,74.114402,70.573483,-10.357382,5.084574
1784109517264,46.940000,77.544760,110.475800,28.370913,7.002932,103.472868,52.403313,73.213348,69.806620,-11.834288,4.465562
1784109517284,46.960000,57.746010,114.801910,29.911479,19.288323,95.513587,71.148012,72.275304,69.015977,-8.787295,2.351741
1784109517304,46.980000,86.604700,145.133540,31.461252,31.491815,113.641725,80.453546,71.303699,68.203663,-3.261727,-1.305717
1784109517324,47.000000,80.178430,132.592580,33.018418,46.330999,86.261581,75.207419,70.302019,67.371804,2.198077,-5.935663
1784109517344,47.020000,94.279670,147.285110,34.581117,59.064628,88.220482,57.715910,69.273787,66.522538,6.110528,-10.495852
1784109517364,47.040000,73.042620,122.159850,36.147491,72.624895,49.534955,33.070262,68.222544,65.658008,9.018123,-13.851227
1784109517384,47.060000,82.451390,115.410835,37.715691,82.697476,32.713359,4.616755,67.151827,64.780350,13.002512,-15.217441
1784109517404,47.080000,77.165695,90.880490,39.283865,91.358816,-0.478326,-24.181430,66.065146,63.891688,20.111414,-14.444995
1784109517424,47.100000,102.370590,99.610780,40.850158,96.774029,2.836751,-46.806409,64.965958,62.994121,31.032752,-11.981479
1784109517444,47.120000,100.170240,72.000200,42.412753,102.607680,-30.607480,-60.556005,63.857644,62.089709,44.823173,-8.539094
1784109517464,47.140000,120.069824,70.946180,43.969923,105.000861,-34.054681,-69.192250,62.743482,61.189781,59.279876,-4.708934
1784109517484,47.160000,125.878920,39.972710,45.520094,106.935224,-66.962514,-76.411203,61.626619,60.286151,71.360043,-0.774538
1784109517504,47.180000,137.845720,49.830307,47.061894,105.300869,-55.470562,-81.195251,60.510046,59.380636,77.805917,3.225982
1784109517524,47.200000,120.580960,14.783161,48.594183,104.597336,-89.814175,-82.142317,59.396566,58.474973,76.023439,7.304589
1784109517544,47.220000,134.893700,30.229788,50.116054,100.083986,-69.854198,-79.593292,58.288767,57.570773,64.912035,11.324872
1784109517564,47.240000,90.249820,-2.668284,51.626788,97.288190,-99.956475,-73.760075,57.188995,56.669502,45.725319,14.884503
1784109517584,47.260000,71.610230,13.667543,53.125772,91.077959,-77.410416,-65.688405,56.099324,55.772451,22.432614,17.302930
1784109517604,47.280000,12.291139,-10.642900,54.612344,86.822202,-97.465102,-55.565849,55.021530,54.880715,0.324765,17.692476
1784109517624,47.300000,31.514982,32.708190,56.085621,80.186470,-47.478280,-40.383518,53.957065,53.995162,-16.716351,15.124732
1784109517644,47.320000,-3.161634,35.012460,57.544363,78.381165,-43.368705,-16.636136,52.907032,53.116412,-27.903373,8.964698
1784109517664,47.340000,15.043698,56.957176,58.986924,76.838122,-19.880946,9.969941,51.872165,52.244811,-34.973908,-0.682551
1784109517684,47.360000,-9.225990,46.958736,60.411262,77.584893,-30.626157,29.167468,50.852813,51.380413,-40.463991,-12.707385
1784109517704,47.380000,-4.160615,89.479890,61.814959,77.160497,12.319393,41.238144,49.848918,50.522957,-46.141936,-25.185880
1784109517724,47.400000,-31.813364,66.014450,63.195243,81.083080,-15.068630,49.527861,48.860012,49.671853,-52.311282,-35.974087
1784109517744,47.420000,-24.064053,96.630990,64.548996,82.224289,14.406701,52.542343,47.885207,48.826171,-58.152711,-43.372425
1784109517764,47.440000,-51.873695,95.799774,65.872758,86.364146,9.435628,53.402183,46.923194,47.984631,-62.617114,-46.537632
1784109517784,47.460000,-30.871773,114.339950,67.162744,90.037434,24.302516,54.790638,45.972244,47.145605,-65.273251,-45.520535
1784109517804,47.480000,-43.793587,100.861120,68.414880,95.267249,5.593871,53.265562,45.030220,46.307112,-66.501551,-40.995850
1784109517824,47.500000,-24.982130,115.414960,69.624871,98.633492,16.781468,47.138348,44.094590,45.466831,-66.729413,-33.869810
1784109517844,47.520000,-70.121315,73.492800,70.788273,103.149753,-29.656953,34.819289,43.162446,44.622110,-65.748918,-24.990408
1784109517864,47.540000,-16.990215,74.777420,71.900535,102.917701,-28.140281,15.422043,42.230527,43.769985,-63.245268,-15.081233
1784109517884,47.560000,-34.681454,34.583206,72.957053,102.730987,-68.147781,-6.424975,41.295251,42.907204,-59.253696,-4.783532
1784109517904,47.580000,-22.049736,61.849583,73.953261,98.329681,-36.480098,-21.937800,40.352749,42.030251,-53.377261,5.370772
1784109517924,47.600000,-39.315300,48.726112,74.884710,96.955020,-48.228908,-23.781840,39.398906,41.135382,-44.601184,15.015884
1784109517944,47.620000,-0.763202,75.038390,75.747111,94.230754,-19.192364,-14.161217,38.429402,40.218657,-32.689332,23.903742
1784109517964,47.640000,1.270133,63.996643,76.536404,94.294195,-30.297552,-1.019341,37.439763,39.275983,-19.212517,31.814299
1784109517984,47.660000,40.906940,109.170440,77.248853,93.097902,16.072538,12.670635,36.425409,38.303152,-6.813729,38.601280
1784109518004,47.680000,26.748165,86.541170,77.881174,96.476542,-9.935372,25.002263,35.381708,37.295888,2.499401,44.318455
1784109518024,47.700000,49.686020,105.403690,78.430614,97.128492,8.275198,29.885591,34.304036,36.249889,8.487853,49.182953
1784109518044,47.720000,36.326935,66.361480,78.894988,99.501490,-33.140010,23.912341,33.187827,35.160878,12.552335,53.329407
1784109518064,47.740000,54.471867,80.661360,79.272684,97.551336,-16.889976,10.386894,32.028637,34.024643,16.818444,56.577580
1784109518084,47.760000,46.878870,63.976670,79.562651,97.072120,-33.095450,-1.732074,30.822198,32.837089,23.071589,58.426296
1784109518104,47.780000,68.301315,96.434845,79.764388,94.793541,1.641304,-4.446795,29.564476,31.594279,31.859105,58.278430
1784109518124,47.800000,70.596220,96.272125,79.877946,95.868270,0.403855,3.542228,28.251729,30.292481,42.029377,55.739086
1784109518144,47.820000,103.610810,126.350510,79.903944,96.701342,29.649168,17.137802,26.880557,28.928208,51.087848,50.830097
1784109518164,47.840000,94.188034,99.399080,79.843603,100.386649,-0.987569,26.367934,25.447954,27.498262,56.490698,44.039623
1784109518184,47.860000,112.764390,107.825935,79.698763,100.903383,6.922552,23.808651,23.951359,25.999773,57.152647,36.176315
1784109518204,47.880000,76.710260,80.680950,79.471866,102.127144,-21.446194,11.695037,22.388696,24.430233,54.009664,28.058060
1784109518224,47.900000,91.399220,88.528760,79.165881,100.412355,-11.883595,-2.670347,20.758415,22.787541,49.078896,20.163380
1784109518244,47.920000,76.042840,49.369476,78.784197,99.579002,-50.209526,-15.917302,19.059528,21.070026,43.877132,12.460309
1784109518264,47.940000,90.701584,77.544760,78.330541,94.821237,-17.276477,-25.033342,17.291639,19.276492,38.787409,4.558955
1784109518284,47.960000,67.805970,57.746010,77.808920,93.313986,-35.567976,-25.364183,15.454967,17.406240,33.625242,-3.915055
1784109518304,47.980000,79.785580,86.604700,77.223562,89.939165,-3.334465,-17.991743,13.550368,15.459103,28.368559,-13.010844
1784109518324,48.000000,39.667620,80.178430,76.578846,89.788877,-9.610447,-6.599222,11.579349,13.368465,23.242340,-22.412895
1784109518344,48.020000,65.673790,94.279670,75.879220,89.022017,5.257653,4.067413,9.544074,11.273878,18.068242,-31.626059
1784109518364,48.040000,34.493145,73.042620,75.129125,89.772546,-16.729926,8.221158,7.447367,9.105934,11.746848,-40.169247
1784109518384,48.060000,54.353935,82.451390,74.332942,88.355508,-5.904118,5.118402,5.292712,6.866862,2.766508,-47.637024
1784109518404,48.080000,20.391058,77.165695,73.494956,88.065754,-10.900059,0.423650,3.084244,4.559539,-9.536599,-53.671734
1784109518424,48.100000,17.362858,102.370590,72.619305,87.326548,15.044042,0.925550,0.826733,2.187514,-23.896110,-57.977940
1784109518444,48.120000,-29.679474,100.170240,71.709908,89.239996,10.930244,7.550617,-1.474431,-0.244980,-37.206983,-60.443066
1784109518464,48.140000,-17.041271,120.069824,70.770352,90.798378,29.271446,15.765242,-3.813264,-2.733008,-46.031174,-61.264877
1784109518484,48.160000,-43.752182,125.878920,69.803812,94.242958,31.635962,22.562636,-6.183212,-5.270927,-48.331100,-60.911926
1784109518504,48.180000,-16.754118,137.845720,68.813015,97.966866,39.878854,26.822597,-8.577189,-7.852378,-44.183071,-59.859640
1784109518524,48.200000,-32.615143,120.580960,67.800264,102.544783,18.036177,24.981974,-10.987607,-10.470286,-35.385721,-58.253857
1784109518544,48.220000,-1.757140,134.893700,66.767496,104.959265,29.934435,16.925018,-13.406419,-13.116867,-24.506325,-55.750885
1784109518564,48.240000,-19.453438,90.249820,65.716358,108.567010,-18.317190,3.804024,-15.825162,-15.783635,-13.890752,-51.656880
1784109518584,48.260000,13.167086,71.610230,64.648287,107.357055,-35.746825,-17.129614,-18.235005,-18.461425,-4.929555,-45.272570
1784109518604,48.280000,-13.401318,12.291139,63.564570,104.410114,-92.118975,-45.259796,-20.626798,-21.140420,2.358945,-36.246014
1784109518624,48.300000,7.178637,31.514982,62.466394,95.855927,-64.340945,-69.525693,-22.991124,-23.810185,9.187471,-24.785437
1784109518644,48.320000,-14.297914,-3.161634,61.354862,90.090682,-93.252316,-77.890077,-25.318359,-26.459711,17.078729,-11.678505
1784109518664,48.340000,16.292843,15.043698,60.231007,81.460807,-66.417109,-71.578194,-27.598726,-29.077472,26.706759,1.881140
1784109518684,48.360000,-0.359274,-9.225990,59.095810,75.518095,-84.744085,-58.059016,-29.822360,-31.651489,37.347327,14.615369
1784109518704,48.380000,30.007536,-4.160615,57.950244,67.756742,-71.917357,-44.562746,-31.979369,-34.169402,47.132263,25.511995
1784109518724,48.400000,20.720060,-31.813364,56.795317,61.277727,-93.091091,-35.897896,-34.059900,-36.618559,53.925070,34.046417
1784109518744,48.420000,19.724009,-24.064053,55.632113,52.698734,-76.762787,-31.026250,-36.054206,-38.986107,56.419877,40.176815
1784109518764,48.440000,18.599289,-51.873695,54.461795,45.753089,-97.626784,-27.200204,-37.952714,-41.259096,54.744723,44.139935
1784109518784,48.460000,9.274689,-30.871773,53.285589,36.744985,-67.616758,-21.434631,-39.746092,-43.424592,50.537847,46.191677
1784109518804,48.480000,-34.347740,-43.793587,52.104738,30.730117,-74.523704,-10.858604,-41.425322,-45.469798,46.374113,46.426655
1784109518824,48.500000,-11.652797,-24.982130,50.920417,24.027730,-49.009860,3.108149,-42.981767,-47.382176,43.879059,44.728170
1784109518844,48.520000,-31.615921,-70.121315,49.733652,19.851199,-89.972514,12.402814,-44.407236,-49.149582,41.929087,40.884370
1784109518864,48.540000,-8.527553,-16.990215,48.545307,11.612932,-28.603147,16.849953,-45.694059,-50.760396,37.114511,34.864510
1784109518884,48.560000,-42.805830,-34.681454,47.356089,9.467820,-44.149274,26.243811,-46.835143,-52.203659,26.083747,27.097162
1784109518904,48.580000,-43.036690,-22.049736,46.166558,5.752362,-27.802098,37.354347,-47.824041,-53.469201,7.914777,18.478483
1784109518924,48.600000,-103.120384,-39.315300,44.977068,3.638401,-42.953701,41.797535,-48.655009,-54.547776,-14.913766,10.010408
1784109518944,48.620000,-107.295530,-0.763202,43.787664,0.007637,-0.770839,43.599782,-49.323060,-55.431184,-37.479597,2.315028
1784109518964,48.640000,-155.218410,1.270133,42.597958,0.533115,0.737018,50.229044,-49.824016,-56.112381,-54.648106,-4.609922
1784109518984,48.660000,-143.358630,40.906940,41.407020,1.150939,39.756001,61.975294,-50.154550,-56.585590,-63.335522,-11.220989
1784109519004,48.680000,-158.879240,26.748165,40.213341,5.549645,21.198520,71.973218,-50.312231,-56.846388,-63.822681,-17.954160
1784109519024,48.700000,-130.236020,49.686020,39.014862,8.007988,41.678032,73.367876,-50.295547,-56.891782,-59.518143,-24.735092
1784109519044,48.720000,-138.504180,36.326935,37.809071,12.394813,23.932122,66.343180,-50.103940,-56.720271,-55.241575,-30.761560
1784109519064,48.740000,-123.683730,54.471867,36.593131,14.922240,39.549627,55.306633,-49.737815,-56.331881,-54.956044,-34.693005
1784109519084,48.760000,-145.161480,46.878870,35.363979,18.895970,27.982900,44.392344,-49.198555,-55.728193,-60.113811,-35.176178
1784109519104,48.780000,-133.201110,68.301315,34.118397,21.618244,46.683071,36.354745,-48.488519,-54.912339,-69.131853,-31.451956
1784109519124,48.800000,-178.880570,70.596220,32.853044,26.072797,44.523423,32.240094,-47.611037,-53.888983,-77.986781,-23.739990
1784109519144,48.820000,-155.386630,103.610810,31.564445,30.171223,73.439587,32.639016,-46.570397,-52.664286,-82.018289,-13.235668
1784109519164,48.840000,-172.265820,94.188034,30.248990,36.948744,57.239290,34.476871,-45.371816,-51.245840,-78.240778,-1.730228
1784109519184,48.860000,-128.964360,112.764390,28.902977,41.918572,70.845818,32.121655,-44.021415,-49.642586,-66.653030,9.006206
1784109519204,48.880000,-123.769820,76.710260,27.522711,48.017875,28.692385,21.240419,-42.526177,-47.859241,-49.902866,17.841415
1784109519224,48.900000,-79.056496,91.399220,26.104664,49.758997,41.640223,2.786711,-40.893900,-45.913201,-31.749044,24.620737
1784109519244,48.920000,-83.082985,76.042840,24.645631,52.610014,23.432826,-14.540245,-39.133150,-43.816975,-15.289760,30.051752
1784109519264,48.940000,-50.756332,90.701584,23.142870,53.491321,37.210263,-24.535730,-37.253191,-41.583951,-2.018562,35.199657
1784109519284,48.960000,-59.449554,67.805970,21.594197,55.556503,12.249467,-29.439769,-35.263933,-39.228255,7.937283,40.869620
1784109519304,48.980000,-16.408836,79.785580,19.998037,54.991446,24.794134,-33.222032,-33.175853,-36.764601,15.087800,47.196180
1784109519324,49.000000,-37.131615,39.667620,18.353477,55.506896,-15.839276,-39.256277,-30.999925,-34.208142,20.252787,53.616848
1784109519344,49.020000,4.548197,65.673790,16.660292,51.900598,13.773192,-46.397937,-28.747547,-31.574321,24.600050,59.155476
1784109519364,49.040000,-18.055890,34.493145,14.918958,51.111234,-16.618089,-49.555604,-26.430455,-28.878720,29.562242,62.791400
1784109519384,49.060000,19.055073,54.353935,13.130643,47.236832,7.117103,-48.467536,-24.060649,-26.136923,36.456765,63.736908
1784109519404,49.080000,11.652355,20.391058,11.297197,45.622451,-25.231393,-46.203598,-21.650308,-23.364383,45.897417,61.585438
1784109519424,49.100000,50.943398,17.362858,9.421145,40.778104,-23.415246,-47.117840,-19.211710,-20.576295,57.418367,56.374928
1784109519444,49.120000,46.639260,-29.679474,7.505697,36.130614,-65.810088,-54.234689,-16.757155,-17.787483,69.560326,48.583730
1784109519464,49.140000,91.852810,-17.041271,5.554762,27.431984,-44.473255,-62.920071,-14.298879,-15.012303,80.316849,39.042934
1784109519484,49.160000,71.230700,-43.752182,3.572960,21.003940,-64.756122,-64.858675,-11.848984,-12.264550,87.792875,28.755125
1784109519504,49.180000,99.705440,-16.754118,1.565610,12.790860,-29.544978,-56.540050,-9.419364,-9.557384,90.531595,18.638842
1784109519524,49.200000,79.874466,-32.615143,-0.461327,8.233126,-40.848269,-40.197061,-7.021630,-6.903268,87.207002,9.275489
1784109519544,49.220000,103.559040,-1.757140,-2.501323,2.753362,-4.510502,-20.673489,-4.667049,-4.313919,76.462954,0.777371
1784109519564,49.240000,71.296950,-19.453438,-4.547376,0.989974,-20.443412,-2.837420,-2.366478,-1.800269,57.648449,-7.148845
1784109519584,49.260000,70.445180,13.167086,-6.592127,-2.192305,15.359391,10.993059,-0.130309,0.627562,32.037076,-15.005508
1784109519604,49.280000,7.533764,-13.401318,-8.628015,-1.755496,-11.645822,19.945987,2.031585,2.960277,3.279650,-23.337357
1784109519624,49.300000,7.282010,7.178637,-10.647490,-3.842198,11.020835,22.798950,4.109900,5.189413,-23.783635,-32.672394
1784109519644,49.320000,-22.997417,-14.297914,-12.643233,-3.569098,-10.728816,21.340118,6.095943,7.307341,-45.074039,-43.453777
1784109519664,49.340000,-14.372563,16.292843,-14.608314,-5.266633,21.559476,20.316157,7.981669,9.307255,-58.240657,-55.817400
1784109519684,49.360000,-41.298960,-0.359274,-16.536288,-3.658664,3.299390,22.396221,9.759723,11.183162,-62.542498,-69.289560
1784109519704,49.380000,-0.584579,30.007536,-18.421235,-3.713252,33.720788,26.506111,11.423461,12.929867,-58.591935,-82.655260
1784109519724,49.400000,-25.389196,20.720060,-20.257754,-0.671947,21.392007,31.241137,12.966983,14.542953,-48.023312,-94.142240
1784109519744,49.420000,14.737497,19.724009,-22.040914,1.243710,18.480299,31.958667,14.385152,16.018763,-33.227693,-101.841990
1784109519764,49.440000,19.753730,18.599289,-23.766181,2.990084,15.609205,26.427145,15.673610,17.354379,-17.382022,-104.176384
1784109519784,49.460000,53.448803,9.274689,-25.429323,4.580586,4.694103,17.949911,16.828793,18.547600,-3.979253,-100.244240
1784109519804,49.480000,43.962807,-34.347740,-27.026314,5.225855,-39.573595,3.559694,17.847942,19.596926,4.325707,-89.980260
1784109519824,49.500000,60.951443,-11.652797,-28.553251,1.609123,-13.261920,-13.764573,18.729102,20.501539,6.538403,-74.164760
1784109519844,49.520000,32.183346,-31.615921,-30.006343,0.754311,-32.370232,-22.543973,19.471127,21.261282,3.193892,-54.357270
1784109519864,49.540000,61.720947,-8.527553,-31.381937,-1.924487,-6.603066,-20.546839,20.073674,21.876648,-4.323048,-32.729042
1784109519884,49.560000,11.757235,-42.805830,-32.676557,-1.928686,-40.877144,-15.168327,20.537195,22.348762,-14.186431,-11.716746
1784109519904,49.580000,38.139874,-43.036690,-33.886967,-5.366771,-37.669919,-15.350560,20.862924,22.679370,-24.303511,6.440458
1784109519924,49.600000,-2.773642,-103.120384,-35.010238,-8.511661,-94.608723,-25.953369,21.052862,22.870826,-32.655738,20.108412
1784109519944,49.620000,19.446909,-107.295530,-36.043811,-17.592861,-89.702669,-44.145903,21.109751,22.926079,-37.589014,28.488867
1784109519964,49.640000,-10.929026,-155.218410,-36.985543,-26.428429,-128.789981,-60.878154,21.037058,22.848663,-38.020982,31.658112
1784109519984,49.660000,24.576696,-143.358630,-37.833727,-39.575917,-103.782713,-68.178532,20.838938,22.642685,-33.614862,30.457952
1784109520004,49.680000,-0.391173,-158.879240,-38.587083,-50.521098,-108.358142,-61.463314,20.520207,22.312815,-24.694782,26.281500
1784109520024,49.700000,32.612790,-130.236020,-39.244721,-62.227749,-68.008271,-41.322332,20.086303,21.864266,-12.127789,20.789263
1784109520044,49.720000,23.008572,-138.504180,-39.806097,-70.025278,-68.478902,-14.295886,19.543249,21.302784,2.505950,15.597898
1784109520064,49.740000,69.590460,-123.683730,-40.270945,-77.982881,-45.700849,10.377885,18.897610,20.634625,16.988537,12.012173
1784109520084,49.760000,55.882515,-145.161480,-40.639188,-83.673015,-61.488465,25.540564,18.156446,19.866536,29.417807,10.876512
1784109520104,49.780000,68.755104,-133.201110,-40.910858,-90.993816,-42.207294,30.980612,17.327263,19.005725,39.253744,12.524730
1784109520124,49.800000,56.022660,-178.880570,-41.086060,-96.350171,-82.530399,28.112896,16.417959,18.059832,47.052068,16.733892
1784109520144,49.820000,80.546875,-155.386630,-41.164971,-105.812200,-49.574430,20.732458,15.436772,17.036894,53.216364,22.705002
1784109520164,49.840000,65.055850,-172.265820,-41.147849,-111.915429,-60.350391,18.176274,14.392218,15.945297,57.332011,29.214912
1784109520184,49.860000,82.873900,-128.964360,-41.035019,-119.037493,-9.926867,26.229666,13.293033,14.793737,58.500681,34.964920
1784109520204,49.880000,55.522644,-123.769820,-40.826884,-120.896061,-2.873759,44.158029,12.148107,13.591159,55.983457,38.932545
1784109520224,49.900000,68.476820,-79.056496,-40.523949,-121.801753,42.745257,66.237907,10.966419,12.346701,49.646414,40.523804
1784109520244,49.920000,30.666600,-83.082985,-40.126871,-117.791834,34.708849,84.084316,9.756971,11.069630,40.148021,39.523120
1784109520264,49.940000,48.777590,-50.756332,-39.636523,-114.263009,63.506677,92.004441,8.528720,9.769269,29.014259,35.976807
1784109520284,49.960000,-7.754524,-59.449554,-39.054060,-107.492856,48.043302,89.885211,7.290506,8.454928,18.585802,30.110756
1784109520304,49.980000,14.489046,-16.408836,-38.380995,-101.958856,85.550020,83.129245,6.050987,7.135820,11.396968,22.287468
1784109520324,50.000000,-18.985806,-37.131615,-37.619267,-92.332470,55.200855,75.116064,4.818567,5.820988,9.090605,12.991672
1784109520344,50.020000,7.287774,4.548197,-36.771272,-85.474387,90.022584,65.477928,3.601330,4.519218,11.778130,2.861094
1784109520364,50.040000,-13.382420,-18.055890,-35.839852,-74.858279,56.802389,54.634099,2.406972,3.238957,18.116199,-7.259352
1784109520384,50.060000,11.217215,19.055073,-34.828254,-67.357400,86.412473,42.832239,1.242741,1.988234,25.690465,-16.330140
1784109520404,50.080000,-10.711981,11.652355,-33.740073,-56.697759,68.350114,32.484114,0.115373,0.774581,31.393555,-23.276240
1784109520424,50.100000,20.947376,50.943398,-32.579200,-47.695357,98.638755,25.939786,-0.968968,-0.395048,31.879572,-27.246557
1784109520444,50.120000,-16.062428,46.639260,-31.349769,-35.540477,82.179737,22.310008,-2.004736,-1.514344,24.503419,-27.840017
1784109520464,50.140000,0.123925,91.852810,-30.056125,-24.955405,116.808215,20.548091,-2.987059,-2.574233,8.610388,-25.218573
1784109520484,50.160000,-66.212814,71.230700,-28.702835,-10.874993,82.105693,17.594481,-3.911779,-3.573358,-13.678059,-20.116064
1784109520504,50.180000,-68.493410,99.705440,-27.294759,-0.276886,99.982326,9.055130,-4.775492,-4.507783,-38.052362,-13.776215
1784109520524,50.200000,-120.370160,79.874466,-25.837160,12.047301,67.827165,-4.363146,-5.575576,-5.374423,-59.933441,-7.785875
1784109520544,50.220000,-104.514240,103.559040,-24.335809,21.066358,82.492682,-18.807529,-6.310221,-6.171088,-76.381723,-3.725935
1784109520564,50.240000,-139.548650,71.296950,-22.797030,31.412946,39.884004,-33.139652,-6.978438,-6.896498,-86.745314,-2.674521
1784109520584,50.260000,-112.447890,70.445180,-21.227690,37.359252,33.085928,-49.801468,-7.580078,-7.550302,-92.023653,-4.775667
1784109520604,50.280000,-149.007840,7.533764,-19.635142,42.466778,-34.933014,-72.448802,-8.115824,-8.133077,-93.737794,-9.134853
1784109520624,50.300000,-115.494750,7.282010,-18.027154,40.682166,-33.400156,-98.800071,-8.587189,-8.646319,-93.150141,-14.129723
1784109520644,50.320000,-141.551860,-22.997417,-16.411822,38.958611,-61.956028,-117.780104,-8.996498,-9.092422,-90.988635,-17.965094
1784109520664,50.340000,-117.463380,-14.372563,-14.797477,34.336328,-48.708891,-122.050905,-9.346863,-9.474653,-87.436252,-19.199041
1784109520684,50.360000,-130.601430,-41.298960,-13.192593,30.979163,-72.278123,-114.735153,-9.642152,-9.797106,-82.436837,-17.058807
1784109520704,50.380000,-94.369510,-0.584579,-11.605683,25.259318,-25.843897,-98.406175,-9.886946,-10.064662,-76.008651,-11.499167
1784109520724,50.400000,-110.787415,-25.389196,-10.045190,24.081740,-49.470936,-75.384423,-10.086488,-10.282923,-68.066776,-3.052717
1784109520744,50.420000,-75.241610,14.737497,-8.519369,20.493997,-5.756500,-51.630452,-10.246635,-10.458157,-58.129292,7.414884
1784109520764,50.440000,-78.847160,19.753730,-7.036177,21.115871,-1.362141,-27.524906,-10.373786,-10.597217,-45.382200,18.926186
1784109520784,50.460000,-40.117737,53.448803,-5.603168,21.990319,31.458484,-2.815138,-10.474820,-10.707472,-28.889399,30.543116
1784109520804,50.480000,-45.931286,43.962807,-4.227381,25.845555,18.117252,16.979038,-10.557020,-10.796725,-7.944093,41.468975
1784109520824,50.500000,0.577797,60.951443,-2.915230,28.086111,32.865332,27.155150,-10.627998,-10.873125,17.072033,51.109420
1784109520844,50.520000,15.528775,32.183346,-1.672407,31.453348,0.729998,26.389914,-10.695609,-10.945083,43.719611,59.091110
1784109520864,50.540000,80.469600,61.720947,-0.503749,31.359800,30.361147,19.898779,-10.767875,-11.021184,67.697596,65.277930
1784109520884,50.560000,66.438430,11.757235,0.586898,33.862012,-22.104777,12.074584,-10.852898,-11.110099,84.626920,69.785576
1784109520904,50.580000,101.725250,38.139874,1.596788,30.956800,7.183074,2.866927,-10.958777,-11.220499,91.929698,72.878790
1784109520924,50.600000,73.050110,-2.773642,2.524288,30.703137,-33.476779,-4.914194,-11.093521,-11.360968,89.364520,74.684800
1784109520944,50.620000,98.595795,19.446909,3.368828,26.298084,-6.851175,-9.568254,-11.264975,-11.539922,78.622503,74.888725
1784109520964,50.640000,48.835280,-10.929026,4.130793,24.364338,-35.293364,-10.814671,-11.480735,-11.765528,62.834729,72.675224
1784109520984,50.660000,63.129486,24.576696,4.811383,19.556885,5.019811,-7.162902,-11.748077,-12.045628,45.871916,66.984230
1784109521004,50.680000,24.583130,-0.391173,5.412448,18.566767,-18.957941,1.059843,-12.073883,-12.387669,31.288416,56.918655
1784109521024,50.700000,41.210480,32.612790,5.936328,15.118433,17.494357,10.663863,-12.464574,-12.798634,21.435801,42.123234
1784109521044,50.720000,9.297890,23.008572,6.385727,15.072721,7.935851,20.510310,-12.926052,-13.284977,16.994974,23.030548
1784109521064,50.740000,48.512600,69.590460,6.763613,13.907816,55.682644,32.473128,-13.463636,-13.852570,16.897544,0.912304
1784109521084,50.760000,17.831540,55.882515,7.073174,17.075857,38.806658,45.336516,-14.082019,-14.506642,18.920867,-22.285734
1784109521104,50.780000,58.066110,68.755104,7.317793,18.238585,50.516519,51.736012,-14.785219,-15.251736,20.824625,-44.289337
1784109521124,50.800000,23.299799,56.022660,7.501050,20.194605,35.828055,48.297916,-15.576540,-16.091663,21.403366,-62.941074
1784109521144,50.820000,49.465200,80.546875,7.626694,20.427933,60.118942,41.380663,-16.458541,-17.029464,20.949105,-76.643810
1784109521164,50.840000,11.539741,65.055850,7.698611,22.684290,42.371560,36.173637,-17.433008,-18.067380,20.773467,-84.679405
1784109521184,50.860000,46.051006,82.873900,7.720770,22.913849,59.960051,32.144598,-18.500940,-19.206820,22.031832,-87.283875
1784109521204,50.880000,19.331123,55.522644,7.697175,24.545807,30.976837,26.365789,-19.662529,-20.448344,24.794701,-85.435270
1784109521224,50.900000,46.553463,68.476820,7.631849,23.171136,45.305684,17.460688,-20.917161,-21.791645,27.925937,-80.443300
1784109521244,50.920000,29.744453,30.666600,7.528821,23.049775,7.616825,5.858705,-22.263412,-23.235542,29.557121,-73.537730
1784109521264,50.940000,50.447464,48.777590,7.392123,19.286588,29.491002,-6.149943,-23.699057,-24.777977,28.002106,-65.629845
1784109521284,50.960000,8.026039,-7.754524,7.225777,17.723974,-25.478498,-17.989018,-25.221084,-26.416016,22.719451,-57.300846
1784109521304,50.980000,25.865465,14.489046,7.033751,11.045045,3.444001,-29.898474,-26.825714,-28.145862,14.459805,-48.958040
1784109521324,51.000000,-18.693020,-18.985806,6.819879,7.494857,-26.480663,-36.941519,-28.508421,-30.079310,4.603493,-41.023136
1784109521344,51.020000,0.424802,7.287774,6.587782,1.331431,5.956343,-36.228283,-30.263970,-31.979454,-5.506649,-34.004710
1784109521364,51.040000,-38.487446,-13.382420,6.340798,-1.321678,-12.060742,-29.252249,-32.086448,-33.954660,-14.781819,-28.392454
1784109521384,51.060000,-23.475904,11.217215,6.081925,-5.462682,16.679897,-19.285994,-33.969305,-35.997783,-22.205102,-24.462326
1784109521404,51.080000,-65.607370,-10.711981,5.813778,-6.459788,-4.252193,-10.354138,-35.905399,-38.100951,-26.740982,-22.152674
1784109521424,51.100000,-41.546540,20.947376,5.538543,-9.268141,30.215517,-3.246693,-37.887040,-40.255618,-27.743875,-21.086306
1784109521444,51.120000,-73.380066,-16.062428,5.257963,-8.357073,-7.705355,0.973755,-39.906048,-42.452613,-25.543686,-20.686453
1784109521464,51.140000,-33.612420,0.123925,4.973336,-10.992413,11.116337,-0.678430,-41.953798,-44.682205,-21.517594,-20.285614
1784109521484,51.160000,-70.477490,-66.212814,4.685564,-11.498659,-54.714155,-10.966469,-44.021284,-46.934168,-17.396620,-19.189291
1784109521504,51.180000,-31.295609,-68.493410,4.395203,-18.393739,-50.099671,-30.178850,-46.099168,-49.197848,-14.294537,-16.752512
1784109521524,51.200000,-80.314440,-120.370160,4.102512,-24.608654,-95.761506,-51.082594,-48.177844,-51.462238,-12.169237,-12.524611
1784109521544,51.220000,-57.400047,-104.514240,3.807471,-35.164541,-69.349699,-63.715436,-50.247494,-53.716052,-10.283805,-6.432289
1784109521564,51.240000,-80.132460,-139.548650,3.509780,-42.796797,-96.751853,-63.706278,-52.298151,-55.947803,-8.501207,1.116260
1784109521584,51.260000,-47.696420,-112.447890,3.208867,-52.850509,-59.597381,-53.001573,-54.319752,-58.145882,-7.937354,9.336120
1784109521604,51.280000,-85.872810,-149.007840,2.903929,-58.836233,-90.171607,-37.706084,-56.302205,-60.298639,-10.118208,17.362875
1784109521624,51.300000,-57.739723,-115.494750,2.593974,-67.487376,-48.007374,-22.785762,-58.235440,-62.394461,-15.655995,24.540693
1784109521644,51.320000,-114.987656,-141.551860,2.277824,-71.538469,-70.013391,-8.699180,-60.109469,-64.421849,-23.574782,30.496702
1784109521664,51.340000,-88.557330,-117.463380,1.954100,-77.376439,-40.086941,3.496536,-61.914439,-66.369499,-31.656007,35.003510
1784109521684,51.360000,-128.650270,-130.601430,1.621181,-79.846010,-50.755420,13.571032,-63.640689,-68.226371,-37.402679,37.835255
1784109521704,51.380000,-107.217560,-94.369510,1.277185,-82.996373,-11.373137,24.413564,-65.278796,-69.981765,-38.822371,38.785984
1784109521724,51.400000,-131.426390,-110.787415,0.919975,-81.920945,-28.866470,35.822100,-66.819626,-71.625384,-34.935436,37.823814
1784109521744,51.420000,-98.572235,-75.241610,0.547185,-82.293329,7.051719,45.131181,-68.254378,-73.147399,-26.139548,35.241817
1784109521764,51.440000,-118.070490,-78.847160,0.156278,-78.899865,0.052705,52.696968,-69.574627,-74.538505,-14.252426,31.689337
1784109521784,51.460000,-72.923020,-40.117737,-0.255368,-76.050280,35.932543,60.035449,-70.772363,-75.789975,-2.190450,28.064340
1784109521804,51.480000,-94.407715,-45.931286,-0.690368,-69.617781,23.686495,66.176493,-71.840029,-76.893706,6.803996,25.315521
1784109521824,51.500000,-56.407250,0.577797,-1.151233,-64.416353,64.994150,70.707463,-72.770548,-77.842257,10.345123,24.207514
1784109521844,51.520000,-91.884895,15.528775,-1.640295,-55.291257,70.820032,76.558156,-73.557360,-78.628888,8.032350,25.102670
1784109521864,51.540000,-74.035220,80.469600,-2.159678,-45.857693,126.327293,86.906159,-74.194442,-79.247586,1.894614,27.808847
1784109521884,51.560000,-112.934730,66.438430,-2.711310,-31.410155,97.848585,96.392644,-74.676333,-79.693087,-4.295020,31.546824
1784109521904,51.580000,-88.658430,101.725250,-3.296969,-20.247034,121.972284,94.655221,-74.998154,-79.960896,-6.587767,35.100338
1784109521924,51.600000,-129.531100,73.050110,-3.918325,-7.186058,80.236168,79.145686,-75.155624,-80.047293,-2.722309,37.151814
1784109521944,51.620000,-65.689800,98.595795,-4.576961,1.381973,97.213822,55.030771,-75.145073,-79.949339,6.350942,36.709595
1784109521964,51.640000,-82.331250,48.835280,-5.274335,11.356516,37.478764,26.934527,-74.963452,-79.664880,16.591376,33.489548
1784109521984,51.660000,-45.163650,63.129486,-6.011689,15.273033,47.856453,-2.766193,-74.608340,-79.192535,23.065954,28.087591
1784109522004,51.680000,-62.810246,24.583130,-6.789957,20.211960,4.371170,-29.179547,-74.077949,-78.531688,22.579859,21.793879
1784109522024,51.700000,-55.633820,41.210480,-7.609719,20.816913,20.393567,-48.028573,-73.371124,-77.682476,15.283389,16.055748
1784109522044,51.720000,-95.377960,9.297890,-8.471217,23.111374,-13.813484,-58.905650,-72.487345,-76.645764,4.675453,11.826776
1784109522064,51.740000,-86.584410,48.512600,-9.374429,21.958149,26.554451,-60.940794,-71.426717,-75.423126,-4.211094,9.153107
1784109522084,51.760000,-105.459290,17.831540,-10.319165,25.049294,-7.217754,-55.323957,-70.189972,-74.016820,-7.424900,7.224308
1784109522104,51.780000,-63.304676,58.066110,-11.305116,24.775367,33.290743,-46.709703,-68.778455,-72.429757,-3.698183,4.871127
1784109522124,51.800000,-84.679115,23.299799,-12.331846,28.885911,-5.586112,-39.057706,-67.194115,-70.665469,5.760146,1.256734
1784109522144,51.820000,-39.795437,49.465200,-13.398735,29.151765,20.313435,-35.682571,-65.439493,-68.728081,18.299851,-3.641396
1784109522164,51.840000,-54.680710,11.539741,-14.504920,32.276982,-20.737241,-37.200415,-63.517707,-66.622269,30.572944,-9.031711
1784109522184,51.860000,-7.636376,46.051006,-15.649233,31.221121,14.829885,-39.772266,-61.432437,-64.353226,39.139612,-13.715346
1784109522204,51.880000,-35.752800,19.331123,-16.830142,33.951316,-14.620193,-38.673868,-59.187904,-61.924355,41.329688,-16.601446
1784109522224,51.900000,-4.920829,46.553463,-18.045723,33.717193,12.836270,-34.045872,-56.788853,-59.344381,36.064364,-17.096228
1784109522244,51.920000,-52.737793,29.744453,-19.293675,36.437284,-6.692831,-27.822148,-54.240534,-56.619876,24.117898,-15.302844
1784109522264,51.940000,-20.774601,50.447464,-20.571380,37.251256,13.196208,-21.440243,-51.548676,-53.757781,7.789279,-12.024910
1784109522284,51.960000,-78.124880,8.026039,-21.875994,40.254325,-32.228286,-19.832157,-48.719467,-50.765371,-9.561620,-8.555344
1784109522304,51.980000,-60.125824,25.865465,-23.204547,38.557048,-12.691583,-24.927391,-45.759528,-47.650214,-24.169998,-6.304693
1784109522324,52.000000,-99.059530,-18.693020,-24.554055,38.793144,-57.486164,-32.945946,-42.675888,-44.420146,-33.134153,-6.408552
1784109522344,52.020000,-64.212250,0.424802,-25.921606,34.194917,-33.770114,-39.800897,-39.475959,-41.083228,-35.731357,-9.424501
1784109522364,52.040000,-72.534966,-38.487446,-27.304399,31.770818,-70.258264,-42.723984,-36.167504,-37.647716,-33.599048,-15.145108
1784109522384,52.060000,-42.459550,-23.475904,-28.699708,25.243727,-48.719631,-41.928110,-32.758611,-34.122033,-29.431509,-22.553879
1784109522404,52.080000,-60.181686,-65.607370,-30.104831,20.550517,-86.157887,-39.761821,-29.257663,-30.514733,-25.250457,-30.022058
1784109522424,52.100000,-37.356117,-41.546540,-31.517040,11.549568,-53.096108,-36.284814,-25.673305,-26.834475,-21.663290,-35.783566
1784109522444,52.120000,-51.459710,-73.380066,-32.933572,5.489934,-78.870000,-29.434814,-22.014415,-23.089994,-18.342956,-38.512020
1784109522464,52.140000,-14.823980,-33.612420,-34.351610,-3.668540,-29.943880,-17.455852,-18.290065,-19.290076,-14.807505,-37.695850
1784109522484,52.160000,-34.111057,-70.477490,-35.768265,-8.177484,-62.300006,-2.347346,-14.509495,-15.443530,-10.657669,-33.633076
1784109522504,52.180000,3.047733,-31.295609,-37.180541,-16.348249,-14.947360,11.494406,-10.682077,-11.559168,-5.421992,-27.142282
1784109522524,52.200000,-26.206814,-80.314440,-38.585317,-19.958251,-60.356189,20.683395,-6.817276,-7.645779,1.304865,-19.231924
1784109522544,52.220000,32.399970,-57.400047,-39.979331,-28.522768,-28.877279,22.552351,-2.924625,-3.712111,9.345238,-10.876961
1784109522564,52.240000,5.079711,-80.132460,-41.359162,-34.195673,-45.936787,21.736983,0.986316,0.233149,17.790712,-2.880942
1784109522584,52.260000,56.028350,-47.696420,-42.721190,-41.914808,-5.781612,25.549295,4.905989,4.181395,25.524823,4.225012
1784109522604,52.280000,23.273020,-85.872810,-44.061570,-45.770594,-40.102216,31.984345,8.824871,8.124115,31.715011,10.206374
1784109522624,52.300000,70.254270,-57.739723,-45.376221,-53.366950,-4.372773,35.677023,12.733505,12.052907,35.811078,15.027381
1784109522644,52.320000,47.270600,-114.987656,-46.660837,-57.540423,-57.447233,33.321695,16.622533,15.959496,37.442951,18.697021
1784109522664,52.340000,71.275055,-88.557330,-47.910896,-67.393449,-21.163881,25.121460,20.482720,19.835742,36.583402,21.176900
1784109522684,52.360000,46.866100,-128.650270,-49.121698,-73.835040,-54.815230,17.317823,24.304985,23.673657,33.551738,22.370836
1784109522704,52.380000,71.612180,-107.217560,-50.288414,-83.984555,-23.233005,13.724699,28.080425,27.465408,28.632024,22.146240
1784109522724,52.400000,44.958775,-131.426390,-51.406149,-91.188529,-40.237861,14.691878,31.800342,31.203336,21.848210,20.375372
1784109522744,52.420000,67.020660,-98.572235,-52.470002,-100.358096,1.785861,20.913412,35.456263,34.879958,13.166888,17.010233
1784109522764,52.440000,33.146652,-118.070490,-53.475123,-105.430881,-12.639609,30.652244,39.039963,38.487979,2.880474,12.158656
1784109522784,52.460000,54.550854,-72.923020,-54.416788,-112.090715,39.167695,42.069552,42.543483,42.020299,-8.117517,6.097935
1784109522804,52.480000,11.729500,-94.407715,-55.290465,-113.535259,19.127544,53.141767,45.959153,45.470022,-18.372582,-0.782870
1784109522824,52.500000,43.210476,-56.407250,-56.091891,-117.004317,60.597067,60.422136,49.279605,48.830465,-26.290858,-8.060501
1784109522844,52.520000,5.994839,-91.884895,-56.817134,-116.214595,24.329700,60.925833,52.497790,52.095164,-30.661711,-15.315545
1784109522864,52.540000,40.798355,-74.035220,-57.462630,-119.037052,45.001832,52.678308,55.606997,55.257886,-31.010001,-22.114584
1784109522884,52.560000,16.100782,-112.934730,-58.025196,-119.711739,6.777009,37.530721,58.600863,58.312636,-27.814204,-27.974663
1784109522904,52.580000,56.630590,-88.658430,-58.502016,-124.218432,35.560002,21.511017,61.473388,61.253667,-22.488144,-32.360830
1784109522924,52.600000,37.045685,-129.531100,-58.890610,-125.773867,-3.757233,8.699901,64.218950,64.075493,-16.962243,-34.739376
1784109522944,52.620000,73.017610,-65.689800,-59.188781,-131.270997,65.581197,4.152000,66.832315,66.772896,-12.993866,-34.677460
1784109522964,52.640000,46.655750,-82.331250,-59.394573,-129.682698,47.351448,12.510848,69.308648,69.340943,-11.548389,-31.971611
1784109522984,52.660000,82.622590,-45.163650,-59.506247,-129.806135,84.642485,25.799772,71.643524,71.774995,-12.470618,-26.766897
1784109523004,52.680000,46.154335,-62.810246,-59.522262,-126.020258,63.210012,33.532503,73.832942,74.070723,-14.431901,-19.602816
1784109523024,52.700000,72.185810,-55.633820,-59.441290,-124.246580,68.612760,30.794652,75.873326,76.224119,-15.370372,-11.352013
1784109523044,52.720000,51.644047,-95.377960,-59.262228,-121.800688,26.422728,15.639976,77.761541,78.231511,-13.526567,-3.062783
1784109523064,52.740000,77.760830,-86.584410,-58.984221,-123.515858,36.931448,-6.417332,79.494894,80.089579,-8.466134,4.266723
1784109523084,52.760000,82.951440,-105.459290,-58.606648,-124.108601,18.649311,-24.740699,81.071145,81.795366,-1.365725,9.940293
1784109523104,52.780000,107.520500,-63.304676,-58.129074,-126.484801,63.180125,-29.841378,82.488507,83.346297,5.814064,13.764857
1784109523124,52.800000,83.713980,-84.679115,-57.551193,-124.311834,39.632719,-22.405212,83.745655,84.740186,11.582208,16.072193
1784109523144,52.820000,123.510230,-39.795437,-56.872802,-124.431484,84.636047,-10.687683,84.841725,85.975257,15.322397,17.493402
1784109523164,52.840000,90.680940,-54.680710,-56.093785,-119.952591,65.271881,0.343230,85.776313,87.050148,17.021907,18.609816
1784109523184,52.860000,125.281006,-7.636376,-55.214117,-117.341369,109.704993,9.317013,86.549478,87.963931,17.051973,19.698542
1784109523204,52.880000,89.302570,-35.752800,-54.233870,-110.198814,74.446014,14.289857,87.161741,88.716114,15.894370,20.690079
1784109523224,52.900000,125.281430,-4.920829,-53.153237,-106.531814,101.610985,12.455221,87.614073,89.306655,13.808286,21.283676
1784109523244,52.920000,86.663810,-52.737793,-51.972554,-100.097047,47.359254,2.458433,87.907897,89.735963,10.713214,21.111547
1784109523264,52.940000,122.958830,-20.774601,-50.692318,-99.065516,78.290915,-12.653975,88.045079,90.004910,6.361166,19.891806
1784109523284,52.960000,81.331920,-78.124880,-49.313216,-94.914959,16.790079,-28.403930,88.027914,90.114825,0.725383,17.528070
1784109523304,52.980000,107.154650,-60.125824,-47.836142,-96.895315,36.769491,-44.100750,87.859120,90.067501,-5.652407,14.122342
1784109523324,53.000000,58.695390,-99.059530,-46.262243,-96.850721,-2.208809,-56.777845,87.541825,89.865188,-11.820719,9.903544
1784109523344,53.020000,95.996414,-64.212250,-44.592961,-100.660264,36.448014,-60.993593,87.079549,89.510589,-17.094558,5.125992
1784109523364,53.040000,59.299026,-72.534966,-42.830074,-100.559455,28.024489,-53.260970,86.476190,89.006857,-21.428170,0.027273
1784109523384,53.060000,85.791855,-42.459550,-40.975699,-101.245957,58.786407,-36.776460,85.736010,88.357578,-25.007672,-5.121935
1784109523404,53.080000,49.009922,-60.181686,-39.032292,-98.815462,38.633776,-20.751025,84.863611,87.566766,-27.725780,-9.961282
1784109523424,53.100000,80.559074,-37.356117,-37.002654,-98.345209,60.989092,-11.037741,83.863916,86.638841,-29.093730,-14.075786
1784109523444,53.120000,52.547050,-51.459710,-34.889920,-95.604840,44.145130,-6.990901,82.742151,85.578619,-28.271575,-17.099073
1784109523464,53.140000,71.557700,-14.823980,-32.697543,-94.501472,79.677492,-3.447128,81.503818,84.385180,-24.109212,-18.789665
1784109523484,53.160000,48.476370,-34.111057,-30.429271,-89.846831,55.735774,1.867039,80.154675,83.070801,-15.774014,-19.054932
1784109523504,53.180000,100.685450,3.047733,-28.089127,-87.569240,90.616974,7.261086,78.700706,81.641417,-3.718934,-17.937292
1784109523524,53.200000,80.658165,-26.206814,-25.681335,-81.852853,55.646039,10.346980,77.148099,80.103231,10.317256,-15.537038
1784109523544,53.220000,120.587330,32.399970,-23.210225,-79.642863,112.042833,12.753124,75.503214,78.462701,24.332062,-11.898726
1784109523564,53.240000,98.496060,5.079711,-20.680146,-71.925163,77.004874,17.714377,73.772556,76.726501,36.815064,-6.990520
1784109523584,53.260000,137.564380,56.028350,-18.095398,-67.801152,123.829502,23.068907,71.962743,74.901493,46.817791,-0.844385
1784109523604,53.280000,111.287260,23.273020,-15.460187,-59.214062,82.487082,25.509504,70.080475,72.994687,53.859941,6.262831
1784109523624,53.300000,142.480830,70.254270,-12.778590,-54.916687,125.170957,24.128414,68.132497,71.013207,57.925417,13.753552
1784109523644,53.320000,110.181030,47.270600,-10.054548,-46.644917,93.915517,21.507265,66.125568,68.964244,59.417274,20.841116
1784109523664,53.340000,136.688770,71.275055,-7.291867,-41.744194,113.019249,17.482306,64.066418,66.855020,58.984509,26.685186
1784109523684,53.360000,98.334090,46.866100,-4.494249,-35.265629,82.131729,10.129167,61.961717,64.692738,57.243963,30.544416
1784109523704,53.380000,132.139360,71.612180,-1.665322,-32.144516,103.756696,1.593122,59.818031,62.484540,54.544399,31.905014
1784109523724,53.400000,74.486664,44.958775,1.191325,-27.226095,72.184870,-6.024497,57.641783,60.237457,50.854267,30.568230
1784109523744,53.420000,113.378880,67.020660,4.072093,-25.746518,92.767178,-12.278278,55.439214,57.958361,45.512770,26.664938
1784109523764,53.440000,68.359406,33.146652,6.973329,-22.582919,55.729571,-18.093017,53.216340,55.653918,37.136117,20.603834
1784109523784,53.460000,86.758060,54.550854,9.891292,-23.373522,77.924376,-23.932371,50.978917,53.330539,24.344288,12.994929
1784109523804,53.480000,35.110874,11.729500,12.822112,-22.288730,34.018230,-30.001936,48.732394,50.994330,6.842679,4.553528
1784109523824,53.500000,45.669740,43.210476,15.761733,-25.766493,68.976969,-34.895325,46.481883,48.651052,-13.918853,-4.037110
1784109523844,53.520000,-30.527521,5.994839,18.705828,-26.057561,32.052399,-35.893457,44.232118,46.306069,-34.855925,-12.289418
1784109523864,53.540000,-18.402702,40.798355,21.649691,-30.193698,70.992053,-32.786710,41.987421,43.964313,-52.600792,-20.022700
1784109523884,53.560000,-55.962685,16.100782,24.588138,-30.730668,46.831450,-25.799639,39.751676,41.630246,-65.435082,-27.317480
1784109523904,53.580000,-27.168420,56.630590,27.515454,-33.868053,90.498643,-15.379453,37.528295,39.307823,-73.843023,-34.266720
1784109523924,53.600000,-68.677650,37.045685,30.425433,-32.951176,69.996861,-3.208671,35.320203,37.000467,-79.197238,-40.638954
1784109523944,53.620000,-49.393875,73.017610,33.311423,-34.292635,107.310245,8.069513,33.129810,34.711040,-82.242419,-45.726013
1784109523964,53.640000,-76.631226,46.655750,36.166387,-32.153645,78.809395,15.594053,30.959005,32.441834,-82.660169,-48.549625
1784109523984,53.660000,-50.871338,82.622590,38.982955,-32.991554,115.614144,18.995821,28.809140,30.194550,-79.368469,-48.271840
1784109524004,53.680000,-81.402760,46.154335,41.753497,-30.235155,76.389490,18.762456,26.681031,27.970295,-71.084246,-44.502716
1784109524024,53.700000,-33.580000,72.185810,44.470213,-31.392369,103.578179,14.491533,24.574956,25.769585,-57.228370,-37.363340
1784109524044,53.720000,-58.111510,51.644047,47.125235,-29.720577,81.364624,9.471648,22.490662,23.592343,-38.819735,-27.360422
1784109524064,53.740000,2.408571,77.760830,49.710758,-30.119079,107.879909,7.369216,20.427377,21.437919,-18.819065,-15.186151
1784109524084,53.760000,-5.196616,82.951440,52.219194,-27.580820,110.532260,10.658562,18.383822,19.305099,-1.530838,-1.528804
1784109524104,53.780000,42.288000,107.520500,54.643339,-24.422314,131.942814,19.130422,16.358235,17.192133,9.216159,13.034439
1784109524124,53.800000,-1.051066,83.713980,56.976508,-18.638064,102.352044,24.496612,14.348395,15.096755,12.171614,27.991562
1784109524144,53.820000,33.461895,123.510230,59.212609,-15.426337,138.936567,23.521552,12.351647,13.016219,9.392727,42.693592
1784109524164,53.840000,-22.681034,90.680940,61.346131,-7.990146,98.671086,19.342469,10.364934,10.947326,5.211007,56.133180
1784109524184,53.860000,16.746475,125.281006,63.372102,-4.207603,129.488609,12.824553,8.384832,8.886466,4.197230,66.928060
1784109524204,53.880000,-17.422731,89.302570,65.286033,3.167530,86.135040,4.832844,6.407587,6.829654,9.139012,73.633064
1784109524224,53.900000,28.676430,125.281430,67.083904,6.490678,118.790752,-3.169566,4.429150,4.772571,19.928474,75.258450
1784109524244,53.920000,18.191284,86.663810,68.762185,13.499203,73.164607,-10.225950,2.445218,2.710609,33.671390,71.713390
1784109524264,53.940000,63.856537,122.958830,70.317904,16.130732,106.828098,-16.190830,0.451276,0.638911,45.975951,63.941620
1784109524284,53.960000,39.181053,81.331920,71.748718,22.449083,58.882837,-21.279543,-1.557362,-1.447585,52.931717,53.669025
1784109524304,53.980000,67.017910,107.154650,73.052960,24.067491,83.087159,-27.005568,-3.585513,-3.554097,52.715265,42.849640
1784109524324,54.000000,27.075552,58.695390,74.229641,28.294061,30.401329,-34.615886,-5.638082,-5.594783,46.140736,33.030193
1784109524344,54.020000,35.020690,95.996414,75.278386,27.225291,68.771123,-41.496839,-7.720021,-7.750376,36.084296,24.892761
1784109524364,54.040000,-1.253694,59.299026,76.199338,30.118276,29.180750,-43.228978,-9.836288,-9.941533,26.006446,18.160150
1784109524384,54.060000,23.265247,85.791855,76.993051,29.038499,56.753356,-40.792989,-11.991813,-12.173649,18.439931,11.891982
1784109524404,54.080000,-10.068939,49.009922,77.660407,30.808894,18.201028,-37.947609,-14.191452,-14.452059,14.429563,5.031784
1784109524424,54.100000,11.804630,80.559074,78.202567,28.704726,51.854348,-35.095550,-16.439957,-16.782001,13.758962,-3.056233
1784109524444,54.120000,-11.743957,52.547050,78.620931,30.067130,22.479920,-30.472586,-18.741939,-19.168581,15.207332,-12.313968
1784109524464,54.140000,17.451723,71.557700,78.917123,28.523150,43.034550,-25.200902,-21.101835,-21.616728,16.847373,-22.054369
1784109524484,54.160000,-9.129510,48.476370,79.092979,29.138390,19.337980,-21.100243,-23.523876,-24.131169,16.741021,-31.239817
1784109524504,54.180000,13.301362,100.685450,79.150557,27.442300,73.243150,-13.399754,-26.012059,-26.716386,13.824708,-38.811134
1784109524524,54.200000,-32.025320,80.658165,79.092117,31.332773,49.325392,0.832186,-28.570118,-29.376591,8.348590,-43.988140
1784109524544,54.220000,1.336152,120.587330,78.920080,32.975297,87.612033,15.784915,-31.201498,-32.115693,1.583081,-46.489704
1784109524564,54.240000,-48.115147,98.496060,78.636978,38.665825,59.830235,25.845586,-33.909335,-34.937269,-4.699714,-46.585255
1784109524584,54.260000,-16.145820,137.564380,78.245411,41.736166,95.828214,30.550233,-36.696430,-37.844540,-8.610191,-44.941147
1784109524604,54.280000,-63.479713,111.287260,77.748004,48.615201,62.672059,31.332103,-39.565230,-40.840341,-8.707298,-42.349083
1784109524624,54.300000,-27.507320,142.480830,77.147371,52.318704,90.162126,28.866281,-42.517815,-43.927103,-4.895878,-39.478096
1784109524644,54.320000,-46.954468,110.181030,76.446102,58.934069,51.246961,23.428223,-45.555873,-47.106830,0.921926,-36.717625
1784109524664,54.340000,-9.772364,136.688770,75.646786,61.751900,74.936870,15.845426,-48.680694,-50.381075,5.386528,-34.092950
1784109524684,54.360000,-47.725525,98.334090,74.752059,67.042925,31.291165,6.959719,-51.893154,-53.750928,5.301102,-31.277520
1784109524704,54.380000,-29.797335,132.139360,73.764628,68.012743,64.126617,-1.122708,-55.193704,-57.216993,-1.041128,-27.781265
1784109524724,54.400000,-75.226456,74.486664,72.687253,72.323170,2.163494,-8.800825,-58.582361,-60.779379,-13.594923,-23.292310
1784109524744,54.420000,-61.087692,113.378880,71.522681,70.435557,42.943323,-17.093092,-62.058699,-64.437682,-30.840230,-17.972680
1784109524764,54.440000,-120.245680,68.359406,70.273573,72.639590,-4.280184,-22.466871,-65.621845,-68.190973,-50.023986,-12.497265
1784109524784,54.460000,-104.517760,86.758060,68.942413,70.102290,16.655770,-25.672423,-69.270474,-72.037793,-67.511570,-7.825447
1784109524804,54.480000,-169.729810,35.110874,67.531416,69.640305,-34.529431,-30.689407,-73.002800,-75.976137,-79.589790,-4.866591
1784109524824,54.500000,-134.538640,45.669740,66.042440,64.026673,-18.356933,-38.161395,-76.816581,-80.003452,-83.743909,-4.191192
1784109524844,54.520000,-167.400100,-30.527521,64.476947,59.999624,-90.527145,-49.287906,-80.709109,-84.116626,-79.693744,-5.828383
1784109524864,54.540000,-119.248530,-18.402702,62.836026,48.734982,-67.137684,-62.952471,-84.677215,-88.311990,-69.205517,-9.148879
1784109524884,54.560000,-140.606870,-55.962685,61.120486,39.799199,-95.761884,-69.821678,-88.717270,-92.585308,-54.755612,-12.891009
1784109524904,54.580000,-101.012450,-27.168420,59.330968,28.013478,-55.181898,-62.703225,-92.825180,-96.931783,-38.075008,-15.414601
1784109524924,54.600000,-121.192276,-68.677650,57.468056,20.294400,-88.972050,-46.093304,-96.996397,-101.346057,-19.546561,-15.169410
1784109524944,54.620000,-78.783110,-49.393875,55.532381,9.234522,-58.628397,-29.425710,-101.225919,-105.822211,1.302297,-11.191800
1784109524964,54.640000,-91.806960,-76.631226,53.524699,1.239075,-77.870301,-15.900073,-105.508299,-110.353782,24.729273,-3.384691
1784109524984,54.660000,-35.692608,-50.871338,51.445993,-8.625294,-42.246044,-3.083674,-109.837654,-114.933767,49.880057,7.539037
1784109525004,54.680000,-48.418730,-81.402760,49.297572,-14.896529,-66.506231,9.260166,-114.207677,-119.554648,74.619068,20.376440
1784109525024,54.700000,-0.004412,-33.580000,47.081177,-23.531425,-10.048575,22.476799,-118.611652,-124.208404,96.021901,33.812225
1784109525044,54.720000,-22.023580,-58.111510,44.799065,-26.521277,-31.590233,38.276830,-123.042475,-128.886547,111.043307,46.663300
1784109525064,54.740000,19.718075,2.408571,42.454051,-31.639085,34.047656,55.799853,-127.492672,-133.580145,117.250115,57.936020
1784109525084,54.760000,-28.697190,-5.196616,40.049517,-30.265981,25.069365,74.918808,-131.954427,-138.279871,113.708872,66.771416
1784109525104,54.780000,-23.468029,42.288000,37.589352,-29.860717,72.148717,92.153071,-136.419614,-142.976037,101.413466,72.365550
1784109525124,54.800000,-73.537770,-1.051066,35.077827,-24.911381,23.860314,98.690318,-140.879824,-147.658646,82.616553,73.915670
1784109525144,54.820000,-59.835526,33.461895,32.519432,-24.877750,58.339645,90.623485,-145.326409,-152.317448,59.942241,70.671510
1784109525164,54.840000,-128.575580,-22.681034,29.918711,-21.558289,-1.122745,72.190531,-149.750517,-156.941997,36.382729,62.150620
1784109525184,54.860000,-138.864400,16.746475,27.280101,-24.222834,40.969309,50.888815,-154.143136,-161.521710,15.283132,48.405125
1784109525204,54.880000,-190.685490,-17.422731,24.607753,-22.808007,5.385276,35.548450,-158.495141,-166.044847,-0.985502,30.129454
1784109525224,54.900000,-149.254800,28.676430,21.905372,-24.991496,53.667926,29.889007,-162.797338,-170.502193,-12.418093,8.591023
1784109525244,54.920000,-202.988620,18.191284,19.176157,-22.506314,40.697598,33.263833,-167.040512,-174.883150,-20.627009,-14.445575
1784109525264,54.940000,-184.771150,63.856537,16.422799,-21.442232,85.298769,42.272297,-171.215478,-179.177241,-26.731046,-36.798460
1784109525284,54.960000,-236.645650,39.181053,13.647474,-16.173797,55.354850,49.333153,-175.313127,-183.374181,-30.502134,-56.161438
1784109525304,54.980000,-220.052030,67.017910,10.851821,-14.069860,81.087770,48.183634,-179.324474,-187.463934,-31.446953,-70.640560
1784109525324,55.000000,-232.744230,27.075552,8.036926,-9.650378,36.725930,37.376412,-183.240705,-191.436779,-30.341882,-79.210526
1784109525344,55.020000,-207.630340,35.020690,5.203362,-9.779091,44.799781,18.553903,-187.053221,-195.283363,-29.333172,-81.756480
1784109525364,55.040000,-249.328740,-1.253694,2.351268,-9.241681,7.987987,-3.307862,-190.753680,-198.994752,-30.522134,-78.769585
1784109525384,55.060000,-222.690960,23.265247,-0.519584,-12.389514,35.654761,-20.169678,-194.334037,-202.562481,-34.844297,-71.053635
1784109525404,55.080000,-263.741760,-10.068939,-3.409754,-12.883807,2.814868,-28.349920,-197.786581,-205.978594,-41.889465,-59.642426
1784109525424,55.100000,-253.098940,11.804630,-6.320117,-16.647491,28.452121,-30.710724,-201.103965,-209.235678,-50.064596,-45.820465
1784109525444,55.120000,-297.868230,-11.743957,-9.251865,-17.948949,6.204992,-29.950810,-204.279238,-212.326890,-57.261437,-31.061316
1784109525464,55.140000,-263.874760,17.451723,-12.206512,-21.492969,38.944692,-26.302917,-207.305868,-215.245981,-61.967863,-16.836466
1784109525484,55.160000,-301.999700,-9.129510,-15.185884,-21.944917,12.815407,-21.168913,-210.177764,-217.987310,-63.769167,-4.349949
1784109525504,55.180000,-269.339320,13.301362,-18.192071,-25.093777,38.395139,-17.380400,-212.889290,-220.545851,-62.933036,5.714827
1784109525524,55.200000,-305.401700,-32.025320,-21.227367,-25.908523,-6.116797,-18.286122,-215.435275,-222.917193,-59.912074,13.305224
1784109525544,55.220000,-268.206150,1.336152,-24.294215,-31.216379,32.552532,-22.666634,-217.811026,-225.097538,-55.264927,18.879545
1784109525564,55.240000,-302.632630,-48.115147,-27.395139,-32.892861,-15.222286,-26.558060,-220.012321,-227.083687,-49.829960,23.131640
1784109525584,55.260000,-253.562870,-16.145820,-30.532679,-39.400109,23.254289,-29.093853,-222.035415,-228.873022,-44.783780,26.729650
1784109525604,55.280000,-283.152860,-63.479713,-33.709314,-42.281469,-21.198244,-30.052816,-223.877030,-230.463490,-41.130459,30.175476
1784109525624,55.300000,-254.425000,-27.507320,-36.927376,-49.699896,22.192576,-29.001714,-225.534343,-231.853569,-38.786403,33.763950
1784109525644,55.320000,-290.123440,-46.954468,-40.188997,-53.001257,6.046789,-22.772286,-227.004977,-233.042245,-36.331029,37.553738
1784109525664,55.340000,-252.265140,-9.772364,-43.496082,-58.111368,48.339004,-10.347849,-228.286979,-234.028977,-31.861415,41.324750
1784109525684,55.360000,-268.976320,-47.725525,-46.850290,-59.196683,11.471158,1.565551,-229.378806,-234.813664,-23.984355,44.614033
1784109525704,55.380000,-223.118100,-29.797335,-50.252977,-64.159847,34.362512,5.561731,-230.279300,-235.396610,-11.968367,46.914288
1784109525724,55.400000,-251.553710,-75.226456,-53.705127,-66.964050,-8.262406,0.591592,-230.987666,-235.778488,4.572825,47.939117
1784109525744,55.420000,-191.221680,-61.087692,-57.207282,-74.258151,13.170459,-9.118579,-231.503448,-235.960304,25.429737,47.749603
1784109525764,55.440000,-200.806090,-120.245680,-60.759471,-79.551112,-40.694568,-20.502210,-231.826505,-235.943367,49.151981,46.682507
1784109525784,55.460000,-133.338800,-104.517760,-64.361114,-90.613949,-13.903811,-31.530930,-231.956986,-235.729257,73.099261,45.209106
1784109525804,55.480000,-153.259840,-169.729810,-68.010912,-99.252273,-70.477537,-40.529042,-231.895310,-235.319793,94.329497,43.828632
1784109525824,55.500000,-93.605010,-134.538640,-71.706764,-114.119949,-20.418691,-44.758131,-231.642142,-234.717013,110.527391,42.955800
1784109525844,55.520000,-127.279520,-167.400100,-75.445707,-124.264213,-43.135887,-38.545377,-231.198372,-233.923149,120.468022,42.749160
1784109525864,55.540000,-79.677020,-119.248530,-79.223923,-137.088397,17.839867,-20.878291,-230.565103,-232.940609,124.025908,42.950153
1784109525884,55.560000,-123.455610,-140.606870,-83.036773,-143.840100,3.233230,3.273914,-229.743631,-231.771967,121.898442,42.856020
1784109525904,55.580000,-97.114180,-101.012450,-86.878878,-152.145520,51.133070,26.489395,-228.735440,-230.419948,115.096756,41.462070
1784109525924,55.600000,-136.557750,-121.192276,-90.744240,-155.448251,34.255975,43.488995,-227.542188,-228.887428,104.235319,37.710360
1784109525944,55.620000,-112.329155,-78.783110,-94.626372,-160.303689,81.520579,54.451869,-226.165710,-227.177427,89.173604,30.769218
1784109525964,55.640000,-164.368420,-91.806960,-98.518429,-160.007254,68.200294,62.091142,-224.608008,-225.293107,69.479971,20.273008
1784109525984,55.660000,-148.920580,-35.692608,-102.413346,-160.672864,124.980256,69.747148,-222.871260,-223.237780,45.292418,6.437120
1784109526004,55.680000,-213.952600,-48.418730,-106.303997,-154.966701,106.547971,77.941266,-220.957820,-221.014908,17.941570,-10.011120
1784109526024,55.700000,-214.196440,-0.004412,-110.183367,-150.493704,150.489292,83.263555,-218.870225,-218.628108,-10.122384,-28.056204
1784109526044,55.720000,-263.784200,-22.023580,-114.044734,-140.782427,118.758847,82.274014,-216.611200,-216.081157,-36.183307,-46.642040
1784109526064,55.740000,-259.372500,19.718075,-117.881833,-133.549138,153.267213,74.338187,-214.183673,-213.377996,-58.195095,-64.800820
1784109526084,55.760000,-300.709900,-28.697190,-121.688981,-122.000551,93.303361,58.686801,-211.590776,-210.522735,-75.241028,-81.627365
1784109526104,55.780000,-271.732420,-23.468029,-125.461151,-115.857551,92.389522,32.396473,-208.835858,-207.519653,-87.463229,-96.180176
1784109526124,55.800000,-320.412960,-73.537770,-129.193999,-109.215456,35.677686,-1.641101,-205.922491,-204.373200,-95.472783,-107.435524
1784109526144,55.820000,-284.554870,-59.835526,-132.883856,-107.895237,48.059711,-33.770848,-202.854477,-201.087995,-99.812380,-114.379430
1784109526164,55.840000,-310.574160,-128.575580,-136.527707,-104.933324,-23.642256,-60.041257,-199.635851,-197.668821,-100.809169,-116.205540
1784109526184,55.860000,-275.357060,-138.864400,-140.123131,-109.025705,-29.838695,-84.530841,-196.270884,-194.120618,-98.290233,-112.501890
1784109526204,55.880000,-301.666800,-190.685490,-143.668220,-113.643610,-77.041880,-106.436212,-192.764082,-190.448478,-91.302702,-103.338554
1784109526224,55.900000,-261.589630,-149.254800,-147.161498,-123.064757,-26.190043,-114.779103,-189.120185,-186.657631,-78.623189,-89.260230
1784109526244,55.920000,-274.299160,-202.988620,-150.601835,-127.301394,-75.687226,-106.078157,-185.344159,-182.753433,-60.060067,-71.222404
1784109526264,55.940000,-208.753500,-184.771150,-153.988336,-136.571425,-48.199725,-92.092400,-181.441186,-178.741355,-37.619816,-50.448948
1784109526284,55.960000,-200.017040,-236.645650,-157.320200,-143.093128,-93.552522,-81.958410,-177.416658,-174.626963,-15.301971,-28.183813
1784109526304,55.980000,-146.632700,-220.052030,-160.596526,-154.313855,-65.738175,-75.784200,-173.276162,-170.415908,2.839413,-5.434162
1784109526324,56.000000,-177.848570,-232.744230,-163.816157,-162.842595,-69.901635,-66.247869,-169.025459,-166.113903,14.837587,17.092562
1784109526344,56.020000,-124.640564,-207.630340,-166.977584,-171.907912,-35.722428,-47.596077,-164.670478,-161.726709,21.303617,38.763462
1784109526364,56.040000,-154.804380,-249.328740,-170.078919,-177.593043,-71.735697,-27.499393,-160.217285,-157.260123,24.569074,58.699512
1784109526384,56.060000,-116.426860,-222.690960,-173.117894,-187.041241,-35.649719,-13.898739,-155.672073,-152.719951,27.707924,75.678840
1784109526404,56.080000,-150.132130,-263.741760,-176.091886,-192.958355,-70.783405,-5.930603,-151.041138,-148.112004,33.363783,88.366700
1784109526424,56.100000,-94.235440,-253.098940,-178.997945,-202.576284,-50.522656,-2.532710,-146.330855,-143.442073,42.231055,95.698390
1784109526444,56.120000,-112.946594,-297.868230,-181.832819,-210.311344,-87.556886,-3.223681,-141.547663,-138.715920,52.198576,97.213250
1784109526464,56.140000,-56.875595,-263.874760,-184.592939,-221.990848,-41.883912,-2.601798,-136.698040,-133.943056,59.015954,93.247030
1784109526484,56.160000,-80.154640,-301.999700,-187.274386,-229.229573,-72.770127,3.980110,-131.788483,-129.125225,58.250474,84.912530
1784109526504,56.180000,-57.332750,-269.339320,-189.872882,-239.750610,-29.588710,14.441119,-126.825487,-124.267982,47.584046,73.802760
1784109526524,56.200000,-108.347270,-305.401700,-192.383840,-246.035848,-59.365852,24.998558,-121.815528,-119.376813,28.151553,61.469640
1784109526544,56.220000,-94.766590,-268.206150,-194.802481,-255.431359,-12.774791,34.174247,-116.765040,-114.457117,4.213219,48.901947
1784109526564,56.240000,-151.402440,-302.632630,-197.123999,-260.179627,-42.453003,41.900914,-111.680403,-109.514198,-18.349567,36.280933
1784109526584,56.260000,-138.329820,-253.562870,-199.343739,-267.945977,14.383107,49.447442,-106.567918,-104.553259,-34.098630,23.149115
1784109526604,56.280000,-155.326770,-283.152860,-201.457342,-269.939688,-13.213172,57.958330,-101.433797,-99.579391,-40.102448,8.901134
1784109526624,56.300000,-110.920530,-254.425000,-203.460823,-274.631972,20.206972,63.643227,-96.284142,-94.597567,-36.730356,-6.631483
1784109526644,56.320000,-129.922240,-290.123440,-205.350560,-275.832799,-14.290641,62.506843,-91.124934,-89.612637,-26.662701,-22.763360
1784109526664,56.340000,-75.732050,-252.265140,-207.123229,-280.370285,28.105145,57.219454,-85.962015,-84.629317,-13.374496,-37.930588
1784109526684,56.360000,-95.806530,-268.976320,-208.775728,-280.457989,11.481669,54.214152,-80.801074,-79.652187,-0.159530,-50.116283
1784109526704,56.380000,-42.849020,-223.118100,-210.305100,-282.005447,58.887347,56.734622,-75.647635,-74.685686,10.335222,-57.523014
1784109526724,56.400000,-63.578610,-251.553710,-211.708472,-278.518843,26.965133,60.802369,-70.507044,-69.734100,16.386507,-59.148010
1784109526744,56.420000,-31.777810,-191.221680,-212.983000,-277.968936,86.747256,63.394838,-65.384458,-64.801564,17.402420,-55.043514
1784109526764,56.440000,-60.869750,-200.806090,-214.125864,-271.092158,70.286068,67.335129,-60.284831,-59.892054,13.766397,-46.267090
1784109526784,56.460000,-18.933214,-133.338800,-215.134285,-265.536718,132.197918,74.142791,-55.212909,-55.009382,6.465528,-34.606556
1784109526804,56.480000,-65.777440,-153.259840,-216.005558,-253.389587,100.129747,80.048010,-50.173218,-50.157195,-2.844674,-22.159533
1784109526824,56.500000,-34.635100,-93.605010,-216.737098,-244.102164,150.497154,80.249522,-45.170057,-45.338969,-11.708025,-10.885609
1784109526844,56.520000,-78.385160,-127.279520,-217.326505,-229.386421,102.106901,72.678183,-40.207494,-40.558007,-17.507841,-2.272495
1784109526864,56.540000,-25.326862,-79.677020,-217.771632,-219.193592,139.516572,57.636038,-35.289359,-35.817438,-18.501341,2.832163
1784109526884,56.560000,-64.962840,-123.455610,-218.070616,-204.923935,81.468325,37.369900,-30.419241,-31.120213,-14.307331,4.288824
1784109526904,56.580000,-2.966560,-97.114180,-218.221870,-196.204696,99.090516,13.066712,-25.600485,-26.469105,-5.776272,2.669266
1784109526924,56.600000,-26.324000,-136.557750,-218.224053,-185.471616,48.913866,-12.473981,-20.836190,-21.866709,5.448129,-0.861581
1784109526944,56.620000,26.886854,-112.329155,-218.076003,-179.568706,67.239551,-34.815391,-16.129213,-17.315437,17.614542,-4.817509
1784109526964,56.640000,-6.119943,-164.368420,-217.776685,-171.646267,7.277847,-53.819201,-11.482165,-12.817527,29.262278,-7.763548
1784109526984,56.660000,52.883007,-148.920580,-217.325147,-169.593913,20.673333,-71.465750,-6.897418,-8.375036,38.862162,-8.680944
1784109527004,56.680000,30.597908,-213.952600,-216.720494,-166.075690,-47.876910,-89.064743,-2.377106,-3.989848,44.492392,-7.189878
1784109527024,56.700000,72.537150,-214.196440,-215.961849,-169.337780,-44.858660,-107.561210,2.076866,0.336328,44.459738,-3.538879
1784109527044,56.720000,28.880196,-263.784200,-215.048337,-172.221443,-91.562757,-123.350158,6.462817,4.601950,38.315116,1.575089
1784109527064,56.740000,54.927433,-259.372500,-213.979121,-179.720671,-79.651829,-131.294364,10.779280,8.805641,27.129939,7.185069
1784109527084,56.760000,12.530009,-300.709900,-212.753474,-185.959886,-114.750014,-130.485968,15.024996,12.946183,12.934492,12.165837
1784109527104,56.780000,37.254060,-271.732420,-211.370876,-195.643999,-76.088421,-120.169199,19.198897,17.022508,-1.909865,15.375748
1784109527124,56.800000,-13.043505,-320.412960,-209.831098,-201.369763,-119.043197,-103.184728,23.300100,21.033696,-15.071237,15.894597
1784109527144,56.820000,17.768919,-284.554870,-208.134291,-211.298332,-73.256538,-84.780574,27.327891,24.978964,-24.700503,13.269104
1784109527164,56.840000,-22.666656,-310.574160,-206.281055,-216.529484,-94.044676,-64.453200,31.281716,28.857656,-30.033966,7.641082
1784109527184,56.860000,25.589530,-275.357060,-204.272477,-223.712037,-51.645023,-41.891839,35.161163,32.669241,-31.623773,-0.266713
1784109527204,56.880000,-9.831737,-301.666800,-202.110129,-226.511017,-75.155783,-20.366854,38.965952,36.413294,-30.811867,-9.262168
1784109527224,56.900000,27.605064,-261.589630,-199.796030,-231.510731,-30.078899,-1.635414,42.695923,40.089498,-28.870849,-17.885855
1784109527244,56.920000,0.806012,-274.299160,-197.332618,-231.846370,-42.452790,15.756424,46.351021,43.697627,-26.591073,-24.714730
1784109527264,56.940000,39.415710,-208.753500,-194.722711,-233.259802,24.506302,35.706452,49.931285,47.237541,-24.295563,-28.689875
1784109527284,56.960000,17.360810,-200.017040,-191.969467,-227.827980,27.810940,60.865048,53.436839,50.709175,-21.780231,-29.324005
1784109527304,56.980000,50.051434,-146.632700,-189.076340,-221.924637,75.291937,86.430292,56.867877,54.112535,-18.167289,-26.711922
1784109527324,57.000000,27.040180,-177.848570,-186.047034,-211.155911,33.307341,100.515631,60.224657,57.574020,-12.097202,-21.400870
1784109527344,57.020000,63.089430,-124.640564,-182.885472,-204.467943,79.827379,98.927623,63.507489,60.825075,-2.521125,-14.219403
1784109527364,57.040000,53.766900,-154.804380,-179.595757,-193.041932,38.237552,88.766684,66.716729,64.008031,10.256116,-6.097836
1784109527384,57.060000,100.883000,-116.426860,-176.182110,-185.684912,69.258052,75.230549,69.852769,67.123138,24.056871,2.127781
1784109527404,57.080000,87.797320,-150.132130,-172.648795,-175.166653,25.034523,59.988096,72.916031,70.170673,35.274321,9.891261
1784109527424,57.100000,142.122450,-94.235440,-169.000031,-169.000022,74.764582,47.172470,75.906960,73.150944,40.199078,16.965502
1784109527444,57.120000,96.861850,-112.946594,-165.239915,-157.837749,44.891155,41.276907,78.826018,76.064277,36.840410,23.366112
1784109527464,57.140000,123.780334,-56.875595,-161.372405,-149.635748,92.760153,41.379122,81.673679,78.911016,26.137716,29.104334
1784109527484,57.160000,71.218230,-80.154640,-157.401360,-136.676855,56.522215,42.562663,84.450424,81.691514,11.593084,33.904490
1784109527504,57.180000,89.376820,-57.332750,-153.330639,-127.359783,70.027033,37.472331,87.156735,84.406135,-2.308068,37.071655
1784109527524,57.200000,48.297120,-108.347270,-149.164210,-116.740491,8.393221,20.348682,89.793092,87.055244,-12.021217,37.646160
1784109527544,57.220000,90.848145,-94.766590,-144.906226,-112.283067,17.516477,-6.222115,92.359972,89.639206,-16.326985,34.817947
1784109527564,57.240000,49.807680,-151.402440,-140.561067,-106.929752,-44.472688,-34.827869,94.857841,92.158386,-16.489631,28.390610
1784109527584,57.260000,104.290180,-138.329820,-136.133324,-107.721567,-30.608253,-59.427681,97.287158,94.613138,-15.436354,19.033054
1784109527604,57.280000,69.997750,-155.326770,-131.627767,-107.087734,-48.239036,-72.428113,99.648370,97.003814,-16.368045,8.182529
1784109527624,57.300000,109.220410,-110.920530,-127.049292,-108.149522,-2.771008,-67.525889,101.941913,99.330752,-21.002996,-2.353468
1784109527644,57.320000,53.675346,-129.922240,-122.402895,-104.657119,-25.265121,-49.688259,104.168216,101.594283,-28.384722,-10.931283
1784109527664,57.340000,79.652780,-75.732050,-117.693679,-103.369230,27.637180,-28.286404,106.327699,103.794728,-35.381983,-16.556917
1784109527684,57.360000,42.095080,-95.806530,-112.926905,-96.827625,1.021095,-8.947375,108.420775,105.932397,-38.701850,-19.144106
1784109527704,57.380000,94.121765,-42.849020,-108.108022,-92.938937,50.089917,5.593623,110.447860,108.007596,-36.777683,-19.388885
1784109527724,57.400000,65.909160,-63.578610,-103.242647,-84.222255,20.643645,15.382263,112.409369,110.020625,-30.122665,-18.282928
1784109527744,57.420000,113.637540,-31.777810,-98.336494,-78.477859,46.700049,19.154860,114.305729,111.971782,-20.485861,-16.556250
1784109527764,57.440000,92.532260,-60.869750,-93.395296,-70.210234,9.340484,15.767304,116.137377,113.861369,-9.964989,-14.399318
1784109527784,57.460000,150.199360,-18.933214,-88.424724,-65.688965,46.755751,9.504419,117.904773,115.689697,-0.289844,-11.564693
1784109527804,57.480000,111.119990,-65.777440,-83.430300,-57.522396,-8.255044,2.826603,119.608403,117.457088,7.943744,-7.673682
1784109527824,57.500000,155.880430,-34.635100,-78.417339,-54.835175,20.200075,-6.141076,121.248785,119.163885,15.418348,-2.524658
1784109527844,57.520000,129.665770,-78.385160,-73.390918,-49.351959,-29.033201,-16.358608,122.826473,120.810454,23.173179,3.703728
1784109527864,57.540000,170.181000,-25.326862,-68.355859,-48.724264,23.397402,-22.346872,124.342067,122.397195,31.439479,10.423327
1784109527884,57.560000,153.636800,-64.962840,-63.316709,-42.924898,-22.037942,-20.960708,125.796213,123.924543,39.037759,16.809587
1784109527904,57.580000,199.386600,-2.966560,-58.277707,-41.624253,38.657692,-13.957325,127.189611,125.392975,43.673815,22.094812
1784109527924,57.600000,166.977190,-26.324000,-53.242748,-34.386116,8.062116,-2.585232,128.523012,126.803017,43.162510,25.805948
1784109527944,57.620000,189.946150,26.886854,-48.215372,-30.259633,57.146487,9.938164,129.797224,128.155244,36.719321,27.803870
1784109527964,57.640000,146.205110,-6.119943,-43.198798,-21.436630,15.316687,18.291453,131.013107,129.450287,25.312504,28.118143
1784109527984,57.660000,163.317500,52.883007,-38.196004,-16.885557,69.768564,21.887878,132.171577,130.688830,11.098312,26.717108
1784109528004,57.680000,118.251340,30.597908,-33.209828,-7.168041,37.765949,24.724946,133.273599,131.871616,-3.422729,23.407074
1784109528024,57.700000,140.082670,72.537150,-28.243062,-0.829178,73.366328,26.913858,134.320184,132.999440,-16.069108,17.945980
1784109528044,57.720000,98.756500,28.880196,-23.298536,8.754950,20.125246,23.612058,135.312382,134.073150,-25.303013,10.281150
1784109528064,57.740000,139.642840,54.927433,-18.379171,12.894298,42.033135,12.340499,136.251278,135.093646,-30.135127,0.755678
1784109528084,57.760000,92.668030,12.530009,-13.488002,19.018062,-6.488053,-3.485010,137.137981,136.061868,-29.686793,-9.821492
1784109528104,57.780000,135.312970,37.254060,-8.628174,20.283083,16.970977,-18.405156,137.973619,136.978797,-23.099725,-20.283928
1784109528124,57.800000,109.717730,-13.043505,-3.802931,23.794792,-36.838297,-30.663361,138.759323,137.845444,-10.258149,-29.355658
1784109528144,57.820000,163.766080,17.768919,0.984430,22.070964,-4.302045,-39.742218,139.496223,138.662842,7.367653,-35.912150
1784109528164,57.840000,152.792970,-22.666656,5.730635,23.609097,-46.275753,-43.838094,140.185434,139.432041,26.579401,-39.131805
1784109528184,57.860000,206.843600,25.589530,10.432546,21.166398,4.423132,-41.011745,140.828042,140.154074,43.207086,-38.529415
1784109528204,57.880000,182.415800,-9.831737,15.087273,23.771630,-33.603367,-31.856751,141.425092,140.820049,53.451942,-33.975420
1784109528224,57.900000,221.988400,27.605064,19.692257,22.749168,4.855896,-21.591480,141.977575,141.440572,55.179487,-25.779058
1784109528244,57.920000,174.643250,0.806012,24.245296,25.552918,-24.746905,-13.398319,142.486416,142.016681,48.661874,-14.797352
1784109528264,57.940000,197.174560,39.415710,28.744523,25.535300,13.880410,-6.460559,142.952452,142.549374,36.496477,-2.463513
1784109528284,57.960000,143.185380,17.360810,33.188324,29.310715,-11.949905,0.194590,143.376422,143.039593,22.683377,9.358875
1784109528304,57.980000,152.837840,50.051434,37.575226,30.571715,19.479719,6.110619,143.758952,143.488209,11.059323,18.704834
1784109528324,58.000000,117.062380,27.040180,41.903780,34.869934,-7.829754,10.052816,144.100535,143.896007,3.416710,23.936457
1784109528344,58.020000,162.982120,63.089430,46.172474,36.473992,26.615438,12.631946,144.401519,144.263668,-1.495104,24.167440
1784109528364,58.040000,128.354200,53.766900,50.379715,41.378474,12.388426,16.509752,144.662090,144.591759,-6.718299,19.574389
1784109528384,58.060000,144.487060,100.883000,54.523853,44.787128,56.095872,24.081899,144.882262,144.880710,-14.454535,11.425725
1784109528404,58.080000,98.557640,87.797320,58.603181,52.314216,35.483104,33.617206,145.061860,145.130802,-24.498138,1.684818
1784109528424,58.100000,115.179320,142.122450,62.615886,57.632061,84.490389,42.501168,145.200511,145.342155,-34.631799,-7.697754
1784109528444,58.120000,68.357390,96.861850,66.559994,67.603852,29.257998,45.869141,145.297636,145.514707,-42.104541,-15.408305
1784109528464,58.140000,101.795870,123.780334,70.433315,71.969128,51.811206,37.432780,145.352441,145.648207,-45.235969,-20.966526
1784109528484,58.160000,80.610630,71.218230,74.233432,78.523661,-7.305431,18.710241,145.363915,145.742204,-44.239744,-24.477674
1784109528504,58.180000,113.843020,89.376820,77.957742,79.115729,10.261091,-3.931641,145.330825,145.796032,-40.647667,-26.191473
1784109528524,58.200000,77.441190,48.297120,81.603517,81.434073,-33.136953,-23.515990,145.251719,145.808810,-36.147768,-26.178879
1784109528544,58.220000,124.012860,90.848145,85.167964,79.280996,11.567149,-32.985419,145.124928,145.779433,-32.054636,-24.307450
1784109528564,58.240000,89.240370,49.807680,88.648275,81.589093,-31.781413,-31.828810,144.948574,145.706567,-29.185614,-20.446710
1784109528584,58.260000,124.400760,104.290180,92.041680,79.393213,24.896967,-24.314095,144.720578,145.588654,-27.587984,-14.682687
1784109528604,58.280000,88.630450,69.997750,95.345487,82.922014,-12.924264,-13.486489,144.438673,145.423913,-26.494946,-7.401351
1784109528624,58.300000,132.221390,109.220410,98.557109,82.558883,26.661527,-4.192265,144.100417,145.210342,-24.651557,0.751404
1784109528644,58.320000,90.667480,53.675346,101.674089,86.221509,-32.546163,-2.307373,143.703214,144.945730,-20.642337,8.989212
1784109528664,58.340000,134.661100,79.652780,104.694126,83.750110,-4.097330,-9.438371,143.244327,144.627662,-13.359648,16.549034
1784109528684,58.360000,105.164390,42.095080,107.615098,84.039286,-41.944206,-19.134909,142.720909,144.253538,-2.801764,22.843954
1784109528704,58.380000,169.127240,94.121765,110.435104,80.281684,13.840081,-21.325139,142.130017,143.820582,9.472198,27.569769
1784109528724,58.400000,140.996770,65.909160,113.152530,82.088771,-16.179611,-12.771818,141.468643,143.325863,21.014454,30.770120
1784109528744,58.420000,186.395570,113.637540,115.766141,80.740675,32.896865,0.990367,140.733740,142.766313,29.855136,32.820040
1784109528764,58.440000,151.430420,92.532260,118.275129,84.347795,8.184465,14.287089,139.922245,142.138749,35.334435,34.251236
1784109528784,58.460000,190.520690,150.199360,120.679132,85.418666,64.780694,26.308179,139.031114,141.439896,37.969620,35.456997
1784109528804,58.480000,151.988530,111.119990,122.978222,92.294977,18.825013,34.846654,138.057343,140.666408,38.818842,36.458675
1784109528824,58.500000,187.899780,155.880430,125.172882,94.534685,61.345745,36.086799,136.998000,139.814899,38.759323,36.889370
1784109528844,58.520000,157.020750,129.665770,127.263963,101.130700,28.535070,32.641181,135.850253,138.881963,37.989439,36.185900
1784109528864,58.540000,186.884520,170.181000,129.252662,104.428122,65.752878,28.911777,134.611398,137.864209,36.043502,33.858036
1784109528884,58.560000,148.171510,153.636800,131.140483,111.547653,42.089147,26.877245,133.278882,136.758280,32.137024,29.690811
1784109528904,58.580000,173.370090,199.386600,132.929197,116.321397,83.065203,27.712241,131.850333,135.560887,25.393901,23.794046
1784109528924,58.600000,137.446780,166.977190,134.620783,125.332212,41.644978,28.186575,130.323584,134.268836,15.029457,16.514372
1784109528944,58.620000,156.819000,189.946150,136.217368,130.218502,59.727648,22.387028,128.696697,132.879054,0.913052,8.305682
1784109528964,58.640000,93.780780,146.205110,137.721165,136.981273,9.223837,8.518478,126.967985,131.388623,-15.801486,-0.377281
1784109528984,58.660000,119.300170,163.317500,139.134372,138.636117,24.681383,-9.880880,125.136035,129.794802,-32.827759,-9.170941
1784109529004,58.680000,58.099000,118.251340,140.459067,141.827599,-23.576259,-27.925434,123.199730,128.095061,-47.578957,-17.864096
1784109529024,58.700000,91.415085,140.082670,141.697120,140.083916,-0.001246,-41.701038,121.158266,126.287110,-57.937852,-26.360586
1784109529044,58.720000,55.813557,98.756500,142.850132,140.656329,-41.899829,-49.495543,119.011173,124.368923,-62.522053,-34.519370
1784109529064,58.740000,82.097320,139.642840,143.919427,136.923974,2.718866,-49.981767,116.758332,122.338775,-60.380563,-41.967724
1784109529084,58.760000,49.029057,92.668030,144.906065,137.642235,-44.974205,-44.699471,114.399991,120.195264,-50.943184,-48.047320
1784109529104,58.780000,106.404370,135.312970,145.810881,133.500276,1.812694,-37.895782,111.936779,117.937349,-34.763723,-51.944730
1784109529124,58.800000,86.956406,109.717730,146.634552,134.040495,-24.322765,-28.982368,109.369723,115.564370,-14.054148,-52.894170
1784109529144,58.820000,150.281000,163.766080,147.377713,131.931001,31.835079,-15.642099,106.700256,113.076086,7.791116,-50.317646
1784109529164,58.840000,125.805115,152.792970,148.041100,135.492898,17.300072,2.010136,103.930229,110.472698,27.248845,-43.898180
1784109529184,58.860000,176.390560,206.843600,148.625659,137.629416,69.214184,21.146392,101.061917,107.754880,41.606984,-33.683900
1784109529204,58.880000,143.367800,182.415800,149.132638,145.050766,37.365034,35.990214,98.098025,104.923801,49.456772,-20.236937
1784109529224,58.900000,177.563310,221.988400,149.563618,149.323943,72.664457,41.881278,95.041692,101.981151,50.786204,-4.713838
1784109529244,58.920000,137.340000,174.643250,149.920513,157.194633,17.448617,36.965306,91.896486,98.929160,46.837410,11.224881
1784109529264,58.940000,143.855970,197.174560,150.205520,159.530661,37.643899,22.217161,88.666404,95.770614,39.621183,25.669662
1784109529284,58.960000,114.533844,143.185380,150.421034,163.884257,-20.698877,2.139961,85.355863,92.508868,30.945763,36.793957
1784109529304,58.980000,145.230960,152.837840,150.569564,162.330697,-9.492857,-19.049350,81.969690,89.147854,21.877496,43.203390
1784109529324,59.000000,83.858030,117.062380,150.653664,161.830623,-44.768243,-36.173501,78.513106,85.692080,13.453901,44.248425
1784109529344,59.020000,113.182236,162.982120,150.675879,157.700577,5.281543,-41.015891,74.991713,82.146633,7.333330,40.162563
1784109529364,59.040000,69.719210,128.354200,150.638663,158.513561,-30.159361,-32.826754,71.411471,78.517164,5.299817,31.925170
1784109529384,59.060000,96.833090,144.487060,150.544326,155.690802,-11.203742,-22.971888,67.778674,74.809878,8.391052,20.943240
1784109529404,59.080000,66.483040,98.557640,150.395002,154.686986,-56.129346,-21.178468,64.099926,71.031512,16.146226,8.757787
1784109529424,59.100000,114.061020,115.179320,150.192648,149.088227,-33.908907,-26.433641,60.382112,67.189308,26.188743,-3.124143
1784109529444,59.120000,79.088486,68.357390,149.939084,145.630059,-77.272669,-33.343804,56.632366,63.290985,34.714450,-13.327991
1784109529464,59.140000,118.634735,101.795870,149.636049,137.739612,-35.943742,-36.206259,52.858037,59.340813,37.707203,-20.726255
1784109529484,59.160000,68.796585,80.610630,149.285230,133.918017,-53.307387,-29.718971,49.066657,55.351377,32.179015,-24.609016
1784109529504,59.180000,92.351270,113.843020,148.888266,128.298669,-14.455649,-15.040732,45.265901,51.331634,17.140230,-24.880194
1784109529524,59.200000,29.981453,77.441190,148.446699,126.528655,-49.087465,-0.502081,41.463552,47.290827,-5.694895,-22.164490
1784109529544,59.220000,17.855968,124.012860,147.961891,121.257027,2.755833,10.045615,37.667460,43.238438,-31.815458,-17.730656
1784109529564,59.240000,-39.391030,89.240370,147.434880,121.155593,-31.915223,18.538913,33.885503,39.184124,-55.126738,-13.244035
1784109529584,59.260000,-36.666103,124.400760,146.866241,117.570351,6.830409,24.363346,30.125549,35.137665,-70.178804,-10.392739
1784109529604,59.280000,-68.727844,88.630450,146.255968,117.856054,-29.225604,26.512357,26.395418,31.108894,-74.137567,-10.424519
1784109529624,59.300000,-31.584013,132.221390,145.603450,114.528621,17.692769,27.295458,22.702840,27.107641,-67.549342,-13.689441
1784109529644,59.320000,-47.442677,90.667480,144.907526,115.890980,-25.223500,28.084137,19.055424,23.143669,-53.603017,-19.377058
1784109529664,59.340000,-1.425142,134.661100,144.166606,112.952143,21.708957,28.200798,15.460618,19.226614,-36.371019,-25.634607
1784109529684,59.360000,-33.092136,105.164390,143.378825,114.692803,-9.528413,29.089223,11.925676,15.365930,-19.189764,-30.096306
1784109529704,59.380000,17.151054,169.127240,142.542169,113.285960,55.841280,34.185535,8.457630,11.570826,-4.105912,-30.648180
1784109529724,59.400000,-16.241535,140.996770,141.654590,118.377387,22.619383,43.547272,5.063256,7.850221,7.812782,-26.108938
1784109529744,59.420000,33.897465,186.395570,140.714095,120.094318,66.301252,50.949318,1.749045,4.212688,16.150247,-16.538288
1784109529764,59.440000,-11.565849,151.430420,139.718825,126.105609,25.324811,51.274609,-1.478819,0.666413,21.105186,-3.104249
1784109529784,59.460000,20.988330,190.520690,138.667098,127.934110,62.586580,44.986283,-4.614485,-2.780854,23.289224,12.320682
1784109529804,59.480000,-16.953651,151.988530,137.557425,133.380552,18.607978,34.968724,-7.652458,-6.121834,23.047695,27.610437
1784109529824,59.500000,29.030746,187.899780,136.388500,134.315267,53.584513,24.001089,-10.587619,-9.349757,20.113310,40.792545
1784109529844,59.520000,-21.673218,157.020750,135.159214,138.611546,18.409204,14.846366,-13.415243,-12.458390,14.447436,50.402332
1784109529864,59.540000,-4.763508,186.884520,133.868653,139.252626,47.631894,8.203479,-16.131016,-15.442067,7.311510,55.696644
1784109529884,59.560000,-55.114796,148.171510,132.516054,142.658989,5.512521,1.715902,-18.731046,-18.295714,0.942384,56.607555
1784109529904,59.580000,-23.427584,173.370090,131.100736,141.704158,31.665932,-6.156432,-21.211881,-21.014860,-2.973196,53.498460
1784109529924,59.600000,-53.241600,137.446780,129.622053,143.199783,-5.753003,-14.275490,-23.570513,-23.595660,-4.354510,46.971313
1784109529944,59.620000,-21.658974,156.819000,128.079393,140.801985,16.017015,-21.476576,-25.804391,-26.034897,-4.375954,37.867954
1784109529964,59.640000,-60.310204,93.780780,126.472198,140.418699,-46.637919,-30.942832,-27.911423,-28.329995,-4.373944,27.323746
1784109529984,59.660000,-23.723760,119.300170,124.799990,133.642133,-14.341963,-43.252251,-29.889981,-30.479010,-5.065060,16.657106
1784109530004,59.680000,-68.709740,58.099000,123.062379,129.955107,-71.856107,-53.907140,-31.738901,-32.480636,-6.288092,7.085319
1784109530024,59.700000,-35.620350,91.415085,121.259068,120.418762,-29.003677,-59.550437,-33.457485,-34.334191,-7.180011,-0.561027
1784109530044,59.720000,-74.264950,55.813557,119.389848,115.053387,-59.239830,-56.649121,-35.045493,-36.039607,-6.774487,-5.968907
1784109530064,59.740000,-37.587540,82.097320,117.454599,106.582228,-24.484908,-46.528884,-36.503142,-37.597415,-4.672219,-9.284842
1784109530084,59.760000,-65.503970,49.029057,115.453298,101.492896,-52.463839,-34.798633,-37.831094,-39.008723,-1.333259,-10.923451
1784109530104,59.780000,-14.951967,106.404370,113.386059,93.547304,12.857066,-20.559528,-39.030451,-40.275201,2.372870,-11.327824
1784109530124,59.800000,-74.393690,86.956406,111.253173,92.036692,-5.080286,-0.871028,-40.102740,-41.399047,6.059084,-10.798225
1784109530144,59.820000,-17.002030,150.281000,109.055139,88.661832,61.619168,22.040501,-41.049901,-42.382966,9.937723,-9.491995
1784109530164,59.840000,-58.259790,125.805115,106.792666,91.835841,33.969274,42.939099,-41.874272,-43.230137,14.118379,-7.553070
1784109530184,59.860000,-18.864233,176.390560,104.466692,92.155483,84.235077,56.516042,-42.578572,-43.944184,18.199014,-5.212766
1784109530204,59.880000,-48.425533,143.367800,102.078393,97.365767,46.002033,60.769871,-43.165883,-44.529143,21.203382,-2.769576
1784109530224,59.900000,3.305395,177.563310,99.629209,98.657073,78.906237,56.294500,-43.639628,-44.989428,21.885720,-0.491683
1784109530244,59.920000,-47.664670,137.340000,97.120861,103.106301,34.233699,45.243845,-44.003556,-45.329795,19.783774,1.458892
1784109530264,59.940000,-15.621216,143.855970,94.555366,103.005202,40.850768,28.437552,-44.261716,-45.555311,16.001900,3.012781
1784109530284,59.960000,-55.399350,114.533844,91.934994,103.474095,11.059749,8.979229,-44.418435,-45.671317,12.673089,4.087668
1784109530304,59.980000,-27.412750,145.230960,89.262226,100.909913,44.321047,-4.323163,-44.478294,-45.683393,11.690814,4.483219
1784109530324,60.000000,-57.914360,83.858030,86.539702,101.573958,-17.715928,-12.150772,-44.446107,-45.711035,13.526359,3.910143
1784109530344,60.020000,-9.602504,113.182236,83.770207,96.024369,17.157867,-20.922754,-44.326892,-45.523935,16.635225,2.174028
1784109530364,60.040000,-43.525200,69.719210,80.956675,93.905942,-24.186732,-28.450596,-44.125845,-45.250484,18.024801,-0.618743
1784109530384,60.060000,-3.448961,96.833090,78.102216,87.665087,9.168003,-31.752697,-43.848318,-44.896988,14.729638,-3.995553
1784109530404,60.080000,-57.970670,66.483040,75.210126,84.725691,-18.242651,-30.414363,-43.499788,-44.469815,5.174819,-7.271582
1784109530424,60.100000,-29.659431,114.061020,72.283851,79.064044,34.996976,-22.696308,-43.085832,-43.975365,-10.277877,-9.872269
1784109530444,60.120000,-87.021590,79.088486,69.326916,78.659311,0.429175,-10.552139,-42.612094,-43.420036,-29.522059,-11.636101
1784109530464,60.140000,-70.226450,118.634735,66.342831,74.799026,43.835709,0.077581,-42.084264,-42.810196,-49.213297,-12.901647
1784109530484,60.160000,-123.970500,68.796585,63.334988,75.203929,-6.407344,4.466290,-41.508043,-42.152149,-65.550042,-14.339237
1784109530504,60.180000,-92.448160,92.351270,60.306572,70.613779,21.737491,0.652181,-40.889113,-41.452111,-75.279354,-16.632162
1784109530524,60.200000,-138.832900,29.981453,57.260494,68.816170,-38.834717,-10.168776,-40.233110,-40.716174,-76.592016,-20.150663
1784109530544,60.220000,-84.462970,17.855968,54.199376,61.077528,-43.221560,-28.133493,-39.545593,-39.950284,-69.758935,-24.731024
1784109530564,60.240000,-95.629090,-39.391030,51.125586,53.038180,-92.429210,-50.403229,-38.832007,-39.160208,-57.046649,-29.611404
1784109530584,60.260000,-47.606167,-36.666103,48.041343,40.345587,-77.011690,-68.026914,-38.097658,-38.351510,-41.423694,-33.537040
1784109530604,60.280000,-70.721214,-68.727844,44.948834,29.441163,-98.169007,-73.537829,-37.347682,-37.529520,-25.055370,-35.050667
1784109530624,60.300000,-16.513592,-31.584013,41.850328,16.736502,-48.320515,-63.138498,-36.587009,-36.699314,-8.942111,-32.940315
1784109530644,60.320000,-36.329834,-47.442677,38.748249,9.212992,-56.655669,-39.283507,-35.820337,-35.865685,6.570744,-26.679728
1784109530664,60.340000,13.205232,-1.425142,35.645257,1.082704,-2.507846,-9.623398,-35.052104,-35.033121,21.266805,-16.626585
1784109530684,60.360000,-9.119934,-33.092136,32.544308,-1.557977,-31.534159,16.322840,-34.286460,-34.205784,34.640701,-3.892113
1784109530704,60.380000,44.355500,17.151054,29.448703,-6.940306,24.091360,33.638491,-33.527240,-33.387491,45.617551,9.990912
1784109530724,60.400000,16.983095,-16.241535,26.362117,-6.774237,-9.467298,43.988248,-32.777948,-32.581694,52.750151,23.428320
1784109530744,60.420000,63.442750,33.897465,23.288628,-9.874950,43.772415,49.932027,-32.041731,-31.791470,54.965802,35.049477
1784109530764,60.440000,20.225382,-11.565849,20.232707,-7.747583,-3.818266,51.949819,-31.321369,-31.019502,52.439909,43.860485
1784109530784,60.460000,47.742016,20.988330,17.199181,-10.315188,31.303518,47.991442,-30.619256,-30.268076,46.915029,49.244152
1784109530804,60.480000,2.783466,-16.953651,14.193145,-9.437989,-7.515662,39.690152,-29.937398,-29.539071,41.026473,50.860120
1784109530824,60.500000,28.524384,29.030746,11.219857,-12.365445,41.396191,33.084219,-29.277403,-28.833957,36.931998,48.562428
1784109530844,60.520000,-1.262428,-21.673218,8.284636,-10.518057,-11.155161,29.215607,-28.640482,-28.153794,35.030895,42.427080
1784109530864,60.540000,38.788680,-4.763508,5.392787,-13.826525,9.063017,21.724561,-28.027452,-27.499239,33.658961,32.884480
1784109530884,60.560000,2.194213,-55.114796,2.549569,-15.093743,-40.021053,8.144275,-27.438741,-26.870549,30.147777,20.839422
1784109530904,60.580000,29.713428,-23.427584,-0.239830,-21.022833,-2.404751,-5.314798,-26.874401,-26.267594,22.507711,7.619124
1784109530924,60.600000,-14.502057,-53.241600,-2.970336,-23.102550,-30.139050,-11.204441,-26.334119,-25.689869,10.696577,-5.310985
1784109530944,60.620000,9.106695,-21.658974,-5.637046,-27.722850,6.063876,-8.740112,-25.817238,-25.136514,-2.819329,-16.743140
1784109530964,60.640000,-60.876163,-60.310204,-8.235318,-28.654042,-31.656162,-3.936871,-25.322771,-24.606333,-13.446547,-26.025965
1784109530984,60.660000,-32.498066,-23.723760,-10.760877,-33.082631,9.358871,-0.783989,-24.849433,-24.097818,-16.465001,-33.143036
1784109531004,60.680000,-54.037502,-68.709740,-13.209912,-33.335308,-35.374432,0.022918,-24.395659,-23.609175,-9.971001,-38.544490
1784109531024,60.700000,6.284565,-35.620350,-15.579099,-37.732521,2.112171,-1.741826,-23.959637,-23.138355,3.709285,-42.743540
1784109531044,60.720000,-17.738460,-74.264950,-17.865534,-38.245289,-36.019661,-4.177549,-23.539335,-22.683085,19.263316,-45.829346
1784109531064,60.740000,38.942840,-37.587540,-20.066611,-42.211103,4.623563,-4.966874,-23.132536,-22.240899,30.894830,-47.227160
1784109531084,60.760000,-7.948964,-65.503970,-22.179927,-41.974992,-23.528978,-2.679229,-22.736864,-21.809179,34.465735,-45.952393
1784109531104,60.780000,24.064686,-14.951967,-24.203230,-44.253220,29.301253,3.932068,-22.349828,-21.385188,28.507618,-41.238330
1784109531124,60.800000,-16.603628,-74.393690,-26.134438,-41.243753,-33.149937,9.573698,-21.968846,-20.966108,14.234385,-33.122890
1784109531144,60.820000,-19.944183,-17.002030,-27.971683,-44.136309,27.134279,9.528564,-21.591286,-20.549081,-4.760243,-22.643686
1784109531164,60.840000,-78.790840,-58.259790,-29.713408,-40.979168,-17.280622,8.737566,-21.214499,-20.131247,-23.507170,-11.604893
1784109531184,60.860000,-51.286674,-18.864233,-31.358494,-42.034126,23.169893,8.814501,-20.835853,-19.709776,-37.728067,-2.086289
1784109531204,60.880000,-93.110870,-48.425533,-32.906362,-38.999952,-9.425581,8.687108,-20.452764,-19.279263,-45.436363,4.144016
1784109531224,60.900000,-54.955120,3.305395,-34.357003,-39.070271,42.375666,10.966698,-20.062733,-18.839519,-46.918388,6.180979
1784109531244,60.920000,-91.641914,-47.664670,-35.710969,-33.958352,-13.706318,13.321374,-19.663370,-18.388029,-43.792905,4.302299
1784109531264,60.940000,-46.612470,-15.621216,-36.969315,-34.343925,18.722709,9.533194,-19.252422,-17.922446,-38.081960,-0.135484
1784109531284,60.960000,-77.723370,-55.399350,-38.133544,-31.424837,-23.974513,0.772341,-18.827805,-17.440624,-31.531587,-5.188778
1784109531304,60.980000,-40.178036,-27.412750,-39.205528,-32.725461,5.312711,-7.945086,-18.387618,-16.940637,-25.203606,-8.947764
1784109531324,61.000000,-73.413200,-57.914360,-40.187448,-31.047377,-26.866983,-13.640527,-17.930168,-16.420804,-19.562194,-10.041805
1784109531344,61.020000,-24.737988,-9.602504,-41.081729,-32.606182,23.003678,-12.865283,-17.453987,-15.879700,-14.918992,-7.903683
1784109531364,61.040000,-57.805412,-43.525200,-41.890991,-29.104496,-14.420704,-6.382845,-16.957841,-15.316176,-11.537807,-2.757179
1784109531384,61.060000,-17.956615,-3.448961,-42.617977,-29.383714,25.934753,0.132686,-16.440746,-14.729360,-9.247370,4.610618
1784109531404,61.080000,-56.775475,-57.970670,-43.265514,-25.556212,-32.414458,0.842760,-15.901973,-14.118668,-7.231435,13.142280
1784109531424,61.100000,-19.016756,-29.659431,-43.836481,-27.693484,-1.965947,-6.482089,-15.341054,-13.483802,-4.455168,21.733988
1784109531444,61.120000,-54.819714,-87.021590,-44.333798,-26.820133,-60.201457,-18.585261,-14.757779,-12.824747,-0.540785,29.374690
1784109531464,61.140000,-7.820373,-70.226450,-44.760411,-32.006623,-38.219827,-31.894948,-14.152200,-12.141767,3.478313,35.265200
1784109531484,61.160000,-30.930868,-123.970500,-45.119265,-35.150294,-88.820206,-43.676882,-13.524622,-11.435395,5.276677,38.949055
1784109531504,61.180000,4.194126,-92.448160,-45.413248,-43.665224,-48.782936,-49.760168,-12.875598,-10.706418,2.553212,40.403010
1784109531524,61.200000,-45.892520,-138.832900,-45.645161,-48.340227,-90.492673,-48.132317,-12.205917,-9.955867,-5.373945,39.982647
1784109531544,61.220000,-22.328453,-84.462970,-45.817723,-57.459572,-27.003398,-38.427035,-11.516593,-9.184995,-17.092912,38.176030
1784109531564,61.240000,-65.763660,-95.629090,-45.933629,-60.298696,-35.330394,-18.578281,-10.808848,-8.395257,-29.835081,35.292760
1784109531584,61.260000,-38.408620,-47.606167,-45.995613,-64.055196,16.449029,7.641841,-10.084096,-7.588291,-40.367292,31.325197
1784109531604,61.280000,-79.740776,-70.721214,-46.006488,-62.582959,-8.138255,30.219467,-9.343925,-6.765896,-45.544091,26.090933
1784109531624,61.300000,-43.374676,-16.513592,-45.969178,-63.583760,47.070168,44.995209,-8.590069,-5.930002,-42.904893,19.522580
1784109531644,61.320000,-70.111800,-36.329834,-45.886717,-58.961565,22.631731,54.308064,-7.824395,-5.082647,-31.574012,11.889812
1784109531664,61.340000,-2.782574,13.205232,-45.762211,-56.746205,69.951437,59.972134,-7.048868,-4.225952,-12.998255,3.866811
1784109531684,61.360000,-17.304630,-9.119934,-45.598743,-49.685637,40.565703,62.226217,-6.265534,-3.362095,9.274743,-3.516526
1784109531704,61.380000,49.720850,44.355500,-45.399240,-45.519430,89.874930,62.165977,-5.476489,-2.493282,30.845140,-9.020075
1784109531724,61.400000,24.712198,16.983095,-45.166325,-36.316017,53.299112,60.401982,-4.683856,-1.621722,47.924314,-11.467076
1784109531744,61.420000,75.745415,63.442750,-44.902216,-30.735453,94.178203,55.913552,-3.889756,-0.749601,58.252393,-10.124692
1784109531764,61.440000,42.895020,20.225382,-44.608665,-20.995025,41.220407,46.882344,-3.096282,0.120937,61.318627,-5.047058
1784109531784,61.460000,80.300735,47.742016,-44.286944,-16.554073,64.296089,31.514646,-2.305479,0.987820,58.219506,2.808650
1784109531804,61.480000,31.813244,2.783466,-43.937875,-9.793325,12.576792,11.742219,-1.519316,1.849061,51.321546,11.766734
1784109531824,61.500000,62.368813,28.524384,-43.561894,-8.242424,36.766808,-7.776378,-0.739666,2.702786,43.516508,19.830214
1784109531844,61.520000,22.812485,-1.262428,-43.159143,-4.290940,3.028512,-22.079425,0.031712,3.547240,37.202599,25.143358
1784109531864,61.540000,51.638930,38.788680,-42.729551,-3.751478,42.540158,-27.459374,0.793194,4.380814,33.514464,26.404602
1784109531884,61.560000,23.451040,2.194213,-42.272903,0.723961,1.470252,-26.368637,1.543302,5.202048,32.033035,23.146418
1784109531904,61.580000,60.785942,29.713428,-41.788880,1.062572,28.650856,-25.493688,2.280725,6.009648,31.091196,15.816154
1784109531924,61.600000,22.440233,-14.502057,-41.277078,4.102531,-18.604588,-28.802922,3.004320,6.802494,28.673526,5.627739
1784109531944,61.620000,57.357170,9.106695,-40.737027,2.398091,6.708604,-35.646835,3.713131,7.579647,23.375562,-5.783058
1784109531964,61.640000,3.091671,-60.876163,-40.168223,3.218781,-64.094944,-46.265118,4.406388,8.340356,14.876043,-16.801823
1784109531984,61.660000,32.363865,-32.498066,-39.570184,-3.031998,-29.466068,-59.311011,5.083519,9.084058,3.734223,-26.238852
1784109532004,61.680000,-9.978082,-54.037502,-38.942519,-5.795834,-48.241668,-64.214288,5.744148,9.810387,-9.120066,-33.542446
1784109532024,61.700000,16.163818,6.284565,-38.284987,-10.392926,16.677491,-51.713470,6.388097,10.519167,-22.407112,-38.742943
1784109532044,61.720000,-42.902557,-17.738460,-37.597550,-8.460401,-9.278059,-26.729960,7.015387,11.210421,-34.180794,-42.208620
1784109532064,61.740000,-11.939252,38.942840,-36.880435,-9.068293,48.011133,-1.145550,7.626240,11.884361,-42.212917,-44.395527
1784109532084,61.760000,-53.387592,-7.948964,-36.134183,-3.914369,-4.034595,15.361990,8.221069,12.541391,-45.098489,-45.696125
1784109532104,61.780000,-7.814900,24.064686,-35.359682,-3.900695,27.965381,17.584056,8.800480,13.182103,-43.031925,-46.339386
1784109532124,61.800000,-35.208675,-16.603628,-34.558137,-0.639688,-15.963940,9.728394,9.365270,13.807272,-37.614004,-46.280293
1784109532144,61.820000,4.669032,-19.944183,-33.731010,-1.690159,-18.254024,-4.029513,9.916413,14.417851,-30.951537,-45.145016
1784109532164,61.840000,-26.122519,-78.790840,-32.879948,-2.882169,-75.908671,-24.061769,10.455067,15.014969,-24.839941,-42.349330
1784109532184,61.860000,23.138058,-51.286674,-32.006725,-9.694893,-41.591781,-42.556553,10.982558,15.599922,-20.386044,-37.374123
1784109532204,61.880000,-20.692324,-93.110870,-31.113185,-12.959107,-80.151763,-49.745081,11.500380,16.174167,-17.761793,-30.040133
1784109532224,61.900000,14.394268,-54.955120,-30.201203,-19.919695,-35.035425,-44.743556,12.010186,16.739316,-16.292840,-20.649263
1784109532244,61.920000,-11.289526,-91.641914,-29.272671,-22.260752,-69.381162,-32.424359,12.513781,17.297128,-15.143747,-9.960490
1784109532264,61.940000,25.289534,-46.612470,-28.329485,-27.891148,-18.721322,-17.789737,13.013117,17.849499,-13.776282,0.985291
1784109532284,61.960000,-8.710995,-77.723370,-27.373519,-28.382718,-49.340652,-3.366726,13.510282,18.398454,-11.727223,11.140536
1784109532304,61.980000,29.233006,-40.178036,-26.406603,-31.831138,-8.346898,8.511274,14.007492,18.946134,-8.414881,19.706758
1784109532324,62.000000,-0.531594,-73.413200,-25.430506,-31.145185,-42.268015,16.129534,14.507084,19.494788,-3.351015,26.250230
1784109532344,62.020000,40.778290,-24.737988,-24.446922,-33.775044,9.037056,21.627395,15.011502,20.046757,3.538164,30.677633
1784109532364,62.040000,5.882551,-57.805412,-23.457449,-31.291832,-26.513580,27.358573,15.523293,20.604461,11.586493,33.157185
1784109532384,62.060000,64.752340,-17.956615,-22.463558,-32.331236,14.374621,31.812507,16.045089,21.170386,19.135986,34.036213
1784109532404,62.080000,33.555172,-56.775475,-21.466562,-29.331557,-27.443918,32.723037,16.579597,21.747062,23.979374,33.770610
1784109532424,62.100000,60.947530,-19.016756,-20.467571,-30.492282,11.475526,30.171145,17.129586,22.337051,24.485305,32.851864
1784109532444,62.120000,24.648323,-54.819714,-19.467478,-27.821020,-26.998694,26.303091,17.697874,22.942925,20.195150,31.680603
1784109532464,62.140000,59.664745,-7.820373,-18.466997,-28.981022,21.160649,24.135597,18.287308,23.559838,11.679770,30.403122
1784109532484,62.160000,2.282028,-30.930868,-17.466700,-25.414375,-5.516493,26.160825,18.900754,24.197810,0.524391,28.832407
1784109532504,62.180000,29.802376,4.194126,-16.467081,-24.546282,28.740408,30.162756,19.541073,24.859344,-10.785769,26.533014
1784109532524,62.200000,-12.530303,-45.892520,-15.468631,-20.364254,-25.528266,28.832084,20.211107,25.546854,-19.534060,23.014013
1784109532544,62.220000,16.142128,-22.328453,-14.471902,-21.584539,-0.743914,18.463427,20.913658,26.262658,-23.449317,17.937666
1784109532564,62.240000,-7.482372,-65.763660,-13.477544,-20.358499,-45.405161,3.743282,21.651469,27.008954,-21.011228,11.305458
1784109532584,62.260000,24.796738,-38.408620,-12.486303,-23.501469,-14.907151,-8.631370,22.427202,27.787795,-11.556286,3.577748
1784109532604,62.280000,4.934809,-79.740776,-11.498997,-23.571196,-56.169580,-16.025463,23.243416,28.601071,4.413725,-4.356288
1784109532624,62.300000,68.629300,-43.374676,-10.516459,-27.610932,-15.763744,-18.244490,24.102548,29.450485,24.688457,-11.365031
1784109532644,62.320000,53.593140,-70.111800,-9.539450,-27.564183,-42.547617,-14.893230,25.006886,30.337532,45.446269,-16.311266
1784109532664,62.340000,106.172775,-2.782574,-8.568545,-30.054638,27.272064,-3.762239,25.958551,31.263484,62.301749,-18.259583
1784109532684,62.360000,78.083710,-17.304630,-7.604031,-25.646505,8.341875,15.195847,26.959467,32.229369,71.444754,-16.670881
1784109532704,62.380000,123.268400,49.720850,-6.645851,-23.149676,72.870526,36.453834,28.011344,33.235959,70.465899,-11.602544
1784109532724,62.400000,70.421450,24.712198,-5.693594,-14.453991,39.166189,52.944961,29.115647,34.283756,59.140223,-3.833930
1784109532744,62.420000,89.736980,75.745415,-4.746534,-9.265686,85.011101,59.747472,30.273576,35.372984,39.919447,5.185999
1784109532764,62.440000,18.315138,42.895020,-3.803744,0.182885,42.712135,56.735608,31.486040,36.503580,17.430083,13.567475
1784109532784,62.460000,28.093231,80.300735,-2.864250,5.237504,75.063231,46.574544,32.753631,37.675193,-3.266610,19.315660
1784109532804,62.480000,-7.473885,31.813244,-1.927199,13.218714,18.594530,31.104513,34.076602,38.887182,-18.823875,20.743471
1784109532824,62.500000,18.595540,62.368813,-0.991981,15.483310,46.885503,12.519327,35.454847,40.138622,-28.520090,16.942825
1784109532844,62.520000,-17.286667,22.812485,-0.058271,20.375698,2.436787,-4.576180,36.887875,41.428309,-33.434469,8.167983
1784109532864,62.540000,7.475323,51.638930,0.873963,20.827318,30.811612,-16.983067,38.374794,42.754773,-35.219521,-4.117927
1784109532884,62.560000,-16.255490,23.451040,1.804460,23.981932,-0.530892,-23.834185,39.914294,44.116293,-35.470730,-17.643854
1784109532904,62.580000,19.179365,60.785942,2.732693,24.023523,36.762419,-24.685216,41.504633,45.510914,-35.297350,-29.987015
1784109532924,62.600000,-20.846481,22.440233,3.657906,27.621335,-5.181102,-22.794870,43.143625,46.936469,-34.781324,-39.159542
1784109532944,62.620000,9.342090,57.357170,4.579150,27.072360,30.284810,-22.163834,44.828629,48.390602,-33.073426,-43.963726
1784109532964,62.640000,-14.945587,3.091671,5.495303,29.923641,-26.831970,-25.221490,46.556550,49.870793,-29.439339,-44.116882
1784109532984,62.660000,26.556519,32.363865,6.405089,27.231051,5.132814,-32.502639,48.323833,51.374386,-24.193526,-40.145626
1784109533004,62.680000,5.630627,-9.978082,7.307141,27.723669,-37.701751,-39.739102,50.126465,52.898613,-18.633145,-33.065388
1784109533024,62.700000,48.847908,16.163818,8.200071,24.156098,-7.992280,-43.508767,51.959982,54.440619,-14.161316,-23.985764
1784109533044,62.720000,2.037352,-42.902557,9.082531,23.614466,-66.517023,-46.466867,53.819480,55.997491,-11.445218,-13.858729
1784109533064,62.740000,54.104202,-11.939252,9.953251,17.568578,-29.507830,-50.369958,55.699624,57.566273,-10.415730,-3.464855
1784109533084,62.760000,14.860395,-53.387592,10.811052,15.365782,-68.753374,-51.341668,57.594668,59.143989,-10.711473,6.485860
1784109533104,62.780000,50.755375,-7.814900,11.654860,9.520099,-17.335000,-45.416026,59.498473,60.727658,-11.765383,15.316564
1784109533124,62.800000,13.206929,-35.208675,12.483711,8.866795,-44.075470,-32.197491,61.404531,62.314296,-12.877520,22.448309
1784109533144,62.820000,55.376120,4.669032,13.296750,5.633267,-0.964235,-15.918954,63.305992,63.900932,-13.564892,27.486925
1784109533164,62.840000,23.837770,-26.122519,14.093228,6.690683,-32.813202,-2.221878,65.195697,65.484595,-13.645076,30.275870
1784109533184,62.860000,59.328667,23.138058,14.872511,4.544494,18.593564,8.175061,67.066202,67.062312,-12.894811,30.922623
1784109533204,62.880000,32.878560,-20.692324,15.634097,7.517636,-28.209960,15.326036,68.909825,68.631096,-10.755833,29.784765
1784109533224,62.900000,63.878174,14.394268,16.377622,5.716463,8.677805,16.860702,70.718674,70.187922,-6.422441,27.382612
1784109533244,62.920000,46.443450,-11.289526,17.102869,7.579688,-18.869214,15.645272,72.484694,71.729702,0.689387,24.268160
1784109533264,62.940000,88.783420,25.289534,17.809787,6.572518,18.717016,16.492808,74.199705,73.253258,10.427026,20.931060
1784109533284,62.960000,65.883280,-8.710995,18.498525,9.345079,-18.056074,18.405264,75.855446,74.755284,21.683437,17.778437
1784109533304,62.980000,116.791450,29.233006,19.169471,8.309840,20.923166,19.288168,77.443624,76.232310,32.390404,15.147514
1784109533324,63.000000,103.722640,-0.531594,19.823298,11.219119,-11.750713,19.620804,78.955954,77.435690,39.926437,13.304652
1784109533344,63.020000,139.120740,40.778290,20.461015,10.761584,30.016706,20.554600,80.384209,78.854796,42.317026,12.419736
1784109533364,63.040000,99.576510,5.882551,21.083995,14.585282,-8.702731,21.488632,81.720263,80.239822,39.454966,12.503726
1784109533384,63.060000,124.154040,64.752340,21.693950,14.465635,50.286705,23.428029,82.956144,81.586306,33.100052,13.297703
1784109533404,63.080000,81.412460,33.555172,22.292853,20.455544,13.099628,28.116237,84.084074,82.889381,25.632520,14.180739
1784109533424,63.100000,116.245926,60.947530,22.882853,22.769950,38.177580,30.020772,85.096515,84.143738,18.599317,14.242450
1784109533444,63.120000,85.430390,24.648323,23.466197,27.752118,-3.103795,24.151824,85.986216,85.343595,12.135290,12.583762
1784109533464,63.140000,107.610275,59.664745,24.045190,28.592042,31.072703,14.359979,86.746258,86.482670,5.503264,8.699738
1784109533484,63.160000,74.776370,2.282028,24.622149,32.985979,-30.703951,3.167407,87.370091,87.554163,-2.071977,2.693461
1784109533504,63.180000,101.942090,29.802376,25.199364,31.095393,-1.293017,-10.242645,87.851581,88.550750,-10.861122,-4.798849
1784109533524,63.200000,50.863060,-12.530303,25.779044,32.166462,-44.696765,-22.167628,88.185046,89.464586,-20.337008,-12.882915
1784109533544,63.220000,94.168884,16.142128,26.363269,28.764721,-12.622593,-28.827257,88.365296,90.287320,-29.221240,-20.699293
1784109533564,63.240000,45.219784,-7.482372,26.953944,28.567561,-36.049933,-28.689935,88.387668,91.010125,-35.621773,-27.594152
1784109533584,63.260000,66.734890,24.796738,27.552763,25.951704,-1.154966,-22.193989,88.248064,91.623740,-37.319224,-33.155070
1784109533604,63.280000,37.057953,4.934809,28.161176,26.876204,-21.941395,-12.711123,87.942978,92.118527,-33.029449,-37.182460
1784109533624,63.300000,96.365140,68.629300,28.780368,25.709391,42.919909,0.518198,87.469534,92.484546,-23.923645,-39.620556
1784109533644,63.320000,74.541840,53.593140,29.411303,31.224185,22.368955,18.362771,86.825506,92.711639,-13.462494,-40.413723
1784109533664,63.340000,130.179290,106.172775,30.054822,34.813040,71.359735,35.168635,86.009353,92.789539,-5.392980,-39.337337
1784109533684,63.360000,84.841610,78.083710,30.711739,43.572004,34.511706,44.555302,85.020233,92.707981,-1.537478,-35.995373
1784109533704,63.380000,117.457410,123.268400,31.382886,48.803881,74.464519,44.846251,83.858029,92.456840,-0.994013,-30.106897
1784109533724,63.400000,71.393074,70.421450,32.069105,58.295056,12.126394,36.168245,82.523362,92.026266,-1.257141,-21.909416
1784109533744,63.420000,112.619140,89.736980,32.771200,61.638713,28.098267,17.944345,81.017607,91.406846,-0.265928,-12.340797
1784109533764,63.440000,89.164170,18.315138,33.489910,66.703570,-48.388432,-8.098058,79.342901,90.589758,2.282075,-2.807140
1784109533784,63.460000,129.052380,28.093231,34.225916,64.039356,-35.946125,-37.326746,77.502148,89.566946,5.285156,5.349241
1784109533804,63.480000,91.198586,-7.473885,34.979873,62.567273,-70.041158,-59.551212,75.499023,88.331282,7.606982,11.335514
1784109533824,63.500000,128.996200,18.595540,35.752421,57.543737,-38.948197,-66.388040,73.337964,86.876741,9.063762,15.047513
1784109533844,63.520000,89.757710,-17.286667,36.544183,55.558814,-72.845481,-60.934360,71.024169,85.198568,10.567278,16.853012
1784109533864,63.540000,117.019170,7.475323,37.355745,50.025528,-42.550205,-51.107067,68.563585,83.293434,13.629214,17.249702
1784109533884,63.560000,83.455550,-16.255490,38.187627,47.429123,-63.684613,-40.554492,65.962887,81.159589,19.251461,16.626360
1784109533904,63.580000,130.389190,19.179365,39.040262,42.570799,-23.391434,-28.436217,63.229460,78.796997,26.758584,15.212936
1784109533924,63.600000,100.101090,-20.846481,39.913997,41.681247,-62.527728,-17.067312,60.371372,76.207451,33.653466,13.187122
1784109533944,63.620000,136.816680,9.342090,40.809128,36.722818,-27.380728,-10.231077,57.397345,73.394677,36.653938,10.821761
1784109533964,63.640000,95.881150,-14.945587,41.725919,35.200199,-50.145786,-5.492419,54.316719,70.364404,33.089444,8.516951
1784109533984,63.660000,123.116670,26.556519,42.664593,31.268253,-4.711734,1.998558,51.139413,67.124413,22.128498,6.651830
1784109534004,63.680000,49.958073,5.630627,43.625294,31.847884,-26.217257,12.946376,47.875880,63.684562,5.532767,5.352028
1784109534024,63.700000,66.439020,48.847908,44.607987,30.197254,18.650654,24.831032,44.537063,60.056769,-12.735779,4.325836
1784109534044,63.720000,12.341906,2.037352,45.612339,33.054998,-31.017646,31.884322,41.134340,56.254981,-27.954396,2.885624
1784109534064,63.740000,24.667631,54.104202,46.637602,30.859018,23.245184,32.191444,37.679472,52.295092,-36.071347,0.199579
1784109534084,63.760000,-12.465731,14.860395,47.682542,34.124712,-19.264317,30.832249,34.184544,48.194848,-34.854367,-4.309699
1784109534104,63.780000,30.644224,50.755375,48.745408,33.083080,17.672295,28.859285,30.661906,43.973710,-24.764757,-10.608104
1784109534124,63.800000,17.179749,13.206929,49.823973,35.761847,-22.554918,25.038153,27.124109,39.652691,-8.763896,-17.894114
1784109534144,63.820000,60.515890,55.376120,50.915639,34.356646,21.019474,21.275633,23.583845,35.254170,9.204429,-24.696642
1784109534164,63.840000,28.112118,23.837770,52.017569,37.343069,-13.505299,19.736685,20.053875,30.801674,25.867140,-29.231173
1784109534184,63.860000,68.284110,59.328667,53.126786,36.833784,22.494883,19.543918,16.546967,26.319646,39.107224,-29.963804
1784109534204,63.880000,43.472970,32.878560,54.240243,39.957063,-7.078503,19.260688,13.075826,21.833359,47.545735,-26.163628
1784109534224,63.900000,73.115790,63.878174,55.354883,40.086617,23.791557,18.410217,9.653026,17.366836,50.425081,-18.150766
1784109534244,63.920000,28.766392,46.443450,56.467672,43.328282,3.115168,17.588693,6.290941,12.945747,47.948816,-7.149474
1784109534264,63.940000,45.774765,88.783420,57.575605,44.476256,44.307164,19.262201,3.001677,8.595617,41.270604,5.080141
1784109534284,63.960000,0.160299,65.883280,58.675660,49.799148,16.084132,22.831711,-0.202997,4.341540,31.902896,16.622654
1784109534304,63.980000,22.541315,116.791450,59.764743,52.288083,64.503367,26.625827,-3.311715,0.207887,21.183940,25.744310
1784109534324,64.000000,-27.884518,103.722640,60.839645,59.702663,44.019977,31.449221,-6.313578,-3.781979,10.314046,31.202272
1784109534344,64.020000,-16.484596,139.120740,61.896990,65.102227,74.018513,35.107243,-9.198220,-7.605973,0.552207,32.460224
1784109534364,64.040000,-68.757965,99.576510,62.933184,73.589667,25.986843,31.515944,-11.955865,-11.243542,-7.229090,29.704748
1784109534384,64.060000,-30.775824,124.154040,63.944369,77.255589,46.898451,18.598671,-14.577387,-14.675898,-13.396446,23.679832
1784109534404,64.080000,-77.722640,81.412460,64.926403,83.029278,-1.616818,0.657411,-17.054362,-17.886218,-19.564158,15.487460
1784109534424,64.100000,-54.702675,116.245926,65.874881,83.864261,32.381665,-15.427596,-19.379115,-20.859818,-27.531053,6.435759
1784109534444,64.120000,-93.735954,85.430390,66.785163,88.072643,-2.642253,-24.243968,-21.544766,-23.584295,-38.146607,-2.131984
1784109534464,64.140000,-87.207260,107.610275,67.652380,88.678939,18.931336,-27.449331,-23.545270,-26.049626,-50.629456,-9.085250
1784109534484,64.160000,-134.519680,74.776370,68.471434,91.379028,-16.602658,-29.880675,-25.375443,-28.248234,-62.625816,-13.760167
1784109534504,64.180000,-121.315760,101.942090,69.236973,90.392333,11.549757,-32.257665,-27.030999,-30.175013,-71.305187,-16.082006
1784109534524,64.200000,-144.650860,50.863060,69.943379,92.135382,-41.272322,-35.768526,-28.508560,-31.827311,-74.789627,-16.470383
1784109534544,64.220000,-112.024980,94.168884,70.584796,88.415534,5.753350,-39.452985,-29.805674,-33.204885,-72.695415,-15.536911
1784109534564,64.240000,-132.777050,45.219784,71.155211,89.297280,-44.077496,-39.755171,-30.920823,-34.309808,-65.536574,-13.708328
1784109534584,64.260000,-99.290640,66.734890,71.648568,85.011257,-18.276367,-39.548248,-31.853418,-35.146352,-53.956511,-11.005250
1784109534604,64.280000,-116.045400,37.057953,72.058875,83.162813,-46.104860,-39.620449,-32.603799,-35.720841,-38.723401,-7.116879
1784109534624,64.300000,-59.874290,96.365140,72.380323,78.346309,18.018831,-32.387581,-33.173212,-36.041476,-21.262244,-1.673063
1784109534644,64.320000,-78.076810,74.541840,72.607411,79.850958,-5.309118,-14.869476,-33.563799,-36.118141,-3.813739,5.514545
1784109534664,64.340000,-22.670940,130.179290,72.735092,78.893249,51.286041,6.452298,-33.778565,-35.962195,11.013399,14.359525
1784109534684,64.360000,-46.408394,84.841610,72.758895,83.534296,1.307314,21.832602,-33.821349,-35.586252,20.905192,24.500870
1784109534704,64.380000,-5.135294,117.457410,72.675017,83.042364,34.415046,24.466558,-33.696788,-35.003961,24.479948,35.307285
1784109534724,64.400000,-39.753468,71.393074,72.480380,85.757094,-14.364020,16.538567,-33.410276,-34.229774,21.718891,45.877987
1784109534744,64.420000,-9.997101,112.619140,72.172636,83.426233,29.192907,6.528729,-32.967918,-33.278732,14.066418,55.092830
1784109534764,64.440000,-51.267430,89.164170,71.750134,85.323031,3.841139,2.862755,-32.376480,-32.166250,4.223684,61.745880
1784109534784,64.460000,-33.263905,129.052380,71.211867,84.525548,44.526832,7.129808,-31.643342,-30.907915,-4.473219,64.747280
1784109534804,64.480000,-65.462250,91.198586,70.557386,87.668376,3.530210,12.684737,-30.776438,-29.519297,-9.213985,63.342970
1784109534824,64.500000,-17.717566,128.996200,69.786736,86.547396,42.448804,14.295678,-29.784201,-28.015787,-8.773699,57.315662
1784109534844,64.520000,-49.283670,89.757710,68.900437,89.181877,0.575833,12.171707,-28.675507,-26.412438,-3.518233,47.141820
1784109534864,64.540000,-3.923469,117.019170,67.899494,87.469716,29.549454,7.229860,-27.459616,-24.723842,5.270269,34.019043
1784109534884,64.560000,-16.353672,83.455550,66.785420,88.517778,-5.062228,1.300244,-26.146107,-22.964019,15.864789,19.668032
1784109534904,64.580000,20.036953,130.389190,65.560277,85.962718,44.426472,-0.713704,-24.744824,-21.146331,26.460660,5.942182
1784109534924,64.600000,11.110399,100.101090,64.226705,88.241288,11.859802,3.293655,-23.265815,-19.283420,35.570746,-5.591525
1784109534944,64.620000,50.479282,136.816680,62.787957,87.150789,49.665891,9.035780,-21.719269,-17.387165,42.381334,-13.940766
1784109534964,64.640000,14.190903,95.881150,61.247914,89.743802,6.137348,11.067686,-20.115467,-15.468655,46.982342,-18.804472
1784109534984,64.660000,61.831978,123.116670,59.611063,87.898142,35.218528,7.302369,-18.464720,-13.538191,49.989500,-20.551628
1784109535004,64.680000,24.701998,49.958073,57.882467,88.885975,-38.927902,-4.190463,-16.777319,-11.605295,51.769323,-20.076122
1784109535024,64.700000,73.226930,66.439020,56.067714,82.418858,-15.979838,-23.271005,-15.063486,-9.678740,52.097284,-18.536898
1784109535044,64.720000,39.483593,12.341906,54.172883,78.224219,-65.882313,-41.897853,-13.333323,-7.766586,50.507726,-17.036322
1784109535064,64.740000,65.915740,24.667631,52.204502,69.066656,-44.399025,-53.662124,-11.596771,-5.876233,46.960448,-16.361732
1784109535084,64.760000,29.236992,-12.465731,50.169485,62.103828,-74.569559,-57.209354,-9.863570,-4.014477,42.037643,-16.913235
1784109535104,64.780000,55.298557,30.644224,48.075039,52.221350,-21.577126,-49.904380,-8.143219,-2.187579,36.420688,-18.798960
1784109535124,64.800000,13.531004,17.179749,45.928576,47.719842,-30.540093,-30.866839,-6.444942,-0.401322,30.178926,-21.966720
1784109535144,64.820000,47.892235,60.515890,43.737616,42.430528,18.085362,-5.566292,-4.777661,1.338910,22.341072,-26.262701
1784109535164,64.840000,17.966608,28.112118,41.509717,42.072703,-13.960585,15.768860,-3.149966,3.028070,11.331015,-31.400995
1784109535184,64.860000,26.458696,68.284110,39.252416,38.623827,29.660283,27.402078,-1.570094,4.661378,-3.561924,-36.923317
1784109535204,64.880000,-19.607697,43.472970,36.973155,39.597200,3.875770,32.338987,-0.045904,6.234260,-20.927395,-42.260517
1784109535224,64.900000,-7.936541,73.115790,34.679183,38.089028,35.026762,33.911067,1.415135,7.742288,-37.321843,-46.920880
1784109535244,64.920000,-62.049088,28.766392,32.377431,39.741098,-10.974706,30.639321,2.805965,9.181125,-48.493495,-50.681290
1784109535264,64.940000,-30.425522,45.774765,30.074406,36.915918,8.858847,21.011865,4.119951,10.546481,-51.251446,-53.609100
1784109535284,64.960000,-50.175007,0.160299,27.776124,36.161316,-36.001017,7.492542,5.350885,11.834071,-45.131851,-55.856342
1784109535304,64.980000,3.865698,22.541315,25.488119,31.102449,-8.561134,-5.030335,6.493007,13.039581,-32.586740,-57.335980
1784109535324,65.000000,-24.928682,-27.884518,23.215523,28.915444,-56.799962,-14.287131,7.541002,14.158647,-17.681185,-57.494007
1784109535344,65.020000,33.208090,-16.484596,20.963167,22.151870,-38.636466,-22.285973,8.490010,15.186835,-4.589600,-55.378143
1784109535364,65.040000,5.083780,-68.757965,18.735668,17.417256,-86.175221,-30.661896,9.335632,16.119632,3.539872,-50.019974
1784109535384,65.060000,43.185616,-30.775824,16.537512,8.279942,-39.055766,-35.248246,10.073930,16.952449,5.574981,-40.914112
1784109535404,65.080000,-4.186912,-77.722640,14.373081,4.084156,-81.806796,-32.314658,10.701432,17.680625,2.817367,-28.342293
1784109535424,65.100000,18.212399,-54.702675,12.246645,-4.021683,-50.680992,-26.432169,11.215129,18.299446,-1.839276,-13.439301
1784109535444,65.120000,-18.997180,-93.735954,10.162299,-8.740498,-84.995456,-21.756100,11.612478,18.804165,-5.750305,1.996297
1784109535464,65.140000,24.754246,-87.207260,8.123906,-16.495516,-70.711744,-20.023649,11.891401,19.183545,-7.999978,15.935443
1784109535484,65.160000,-16.060581,-134.519680,6.135078,-22.469453,-112.050227,-23.001299,12.050280,19.439581,-9.380139,26.699806
1784109535504,65.180000,24.482992,-121.315760,4.199176,-32.060428,-89.255332,-28.001229,12.087955,19.567676,-11.289908,33.437824
1784109535524,65.200000,-19.375542,-144.650860,2.319317,-38.931662,-105.719198,-28.491681,12.003722,19.563359,-14.625058,36.247818
1784109535544,65.220000,14.436792,-112.024980,0.498366,-46.930689,-65.094291,-19.704651,11.797327,19.422351,-19.122743,35.921833
1784109535564,65.240000,-25.519302,-132.777050,-1.261079,-50.516940,-82.260110,-3.919189,11.468961,19.140626,-23.204038,33.517826
1784109535584,65.260000,-6.575253,-99.290640,-2.956714,-55.388918,-43.901722,12.802483,11.019257,18.714466,-24.408329,29.998420
1784109535604,65.280000,-31.697092,-116.045400,-4.586551,-56.175133,-59.870267,26.807727,10.449281,18.140534,-20.596579,26.043564
1784109535624,65.300000,8.981182,-59.874290,-6.148939,-58.232133,-1.642157,40.020450,9.760525,17.415933,-11.364750,22.052704
1784109535644,65.320000,-3.971547,-78.076810,-7.642527,-54.447363,-23.629447,53.960010,8.954906,16.538277,1.457291,18.303673
1784109535664,65.340000,40.311626,-22.670940,-9.066198,-52.736428,30.065488,66.040305,8.034750,15.505759,14.494856,15.154654
1784109535684,65.360000,17.794847,-46.408394,-10.418978,-45.842583,-0.565811,73.700647,7.002792,14.317211,24.064770,13.118653
1784109535704,65.380000,57.847570,-5.135294,-11.699961,-42.037677,36.902383,74.664818,5.862162,12.972177,27.349337,12.716430
1784109535724,65.400000,14.227385,-39.753468,-12.908276,-34.745200,-5.008268,68.168436,4.616378,11.470971,23.265476,14.194083
1784109535744,65.420000,36.613853,-9.997101,-14.043078,-31.660555,21.663454,55.545099,3.269336,9.814732,12.766456,17.283064
1784109535764,65.440000,-17.665790,-51.267430,-15.103609,-26.095340,-25.172090,39.264862,1.825300,8.005483,-1.652181,21.133673
1784109535784,65.460000,2.944395,-33.263905,-16.089279,-25.116766,-8.147139,21.225919,0.288888,6.046175,-16.959784,24.467428
1784109535804,65.480000,-39.210682,-65.462250,-16.999755,-22.447620,-43.014630,4.399241,-1.334937,3.940731,-30.440040,25.921675
1784109535824,65.500000,-22.231860,-17.717566,-17.835037,-23.076142,5.358576,-4.566174,-3.040882,1.694077,-39.971366,24.479746
1784109535844,65.520000,-66.170580,-49.283670,-18.595508,-18.964877,-30.318793,-3.798641,-4.823336,-0.687827,-44.191793,19.801691
1784109535864,65.540000,-22.674692,-3.923469,-19.281967,-18.337558,14.414089,1.162206,-6.676384,-3.197972,-42.968283,12.316068
1784109535884,65.560000,-53.865494,-16.353672,-19.895629,-13.378438,-2.975234,7.807771,-8.593825,-5.828291,-37.499002,3.094601
1784109535904,65.580000,-8.968127,20.036953,-20.438072,-10.229844,30.266797,14.787347,-10.569179,-8.569657,-29.586098,-6.383005
1784109535924,65.600000,-42.249077,11.110399,-20.911165,-3.935653,15.046052,19.798169,-12.595714,-11.411893,-20.743670,-14.521156
1784109535944,65.620000,6.839265,50.479282,-21.316997,0.706406,49.772876,23.268829,-14.666451,-14.343798,-11.751764,-19.949210
1784109535964,65.640000,-36.322704,14.190903,-21.657815,8.658397,5.532506,22.423817,-16.774191,-17.353172,-2.702118,-21.839838
1784109535984,65.660000,18.564453,61.831978,-21.935968,12.061843,49.770135,16.437180,-18.911529,-20.426870,6.517543,-20.080175
1784109536004,65.680000,-18.804730,24.701998,-22.153864,19.788917,4.913081,9.394088,-21.070874,-23.550852,15.656852,-15.225360
1784109536024,65.700000,19.238026,73.226930,-22.313924,22.890344,50.336586,3.569497,-23.244471,-26.710257,23.784002,-8.278565
1784109536044,65.720000,7.148622,39.483593,-22.418545,30.472069,9.011524,-0.104610,-25.424422,-29.889489,29.264966,-0.405368
1784109536064,65.740000,24.681679,65.915740,-22.470059,33.771976,32.143764,-4.618984,-27.602713,-33.072312,30.430886,7.322294
1784109536084,65.760000,-6.799174,29.236992,-22.470710,39.287892,-10.050900,-12.848740,-29.771239,-36.241961,26.624631,14.070781
1784109536104,65.780000,18.862870,55.298557,-22.422665,40.374069,14.924488,-22.735903,-31.921828,-39.381270,18.759028,19.248453
1784109536124,65.800000,-29.095741,13.531004,-22.328048,43.812812,-30.281808,-32.062800,-34.046277,-42.472803,9.520162,22.429804
1784109536144,65.820000,-18.677704,47.892235,-22.188997,42.467181,5.425054,-38.710477,-36.136378,-45.499007,3.062421,23.293707
1784109536164,65.840000,-56.227562,17.966608,-22.007735,44.527284,-26.560676,-39.941288,-38.183955,-48.442364,3.460000,21.628866
1784109536184,65.860000,-16.129826,26.458696,-21.786640,43.148778,-16.690082,-39.253928,-40.180897,-51.285563,12.536460,17.414743
1784109536204,65.880000,-34.783184,-19.607697,-21.528252,42.551914,-62.159611,-43.370478,-42.119194,-54.011663,28.613991,10.981030
1784109536224,65.900000,29.600628,-7.936541,-21.235212,37.122944,-45.059485,-51.711402,-43.990979,-56.604280,46.987297,3.186012
1784109536244,65.920000,13.178130,-62.049088,-20.910146,33.181562,-95.230650,-60.512631,-45.788563,-59.047752,62.072610,-4.554879
1784109536264,65.940000,39.146830,-30.425522,-20.555543,23.945238,-54.370760,-65.111242,-47.504481,-61.327327,70.144398,-10.547603
1784109536284,65.960000,-0.668752,-50.175007,-20.173687,18.623090,-68.798097,-58.524469,-49.131531,-63.429329,70.676910,-13.389317
1784109536304,65.980000,24.445880,3.865698,-19.766663,11.698503,-7.832805,-38.331949,-50.662818,-65.341329,65.622095,-12.575412
1784109536324,66.000000,-25.629650,-24.928682,-19.336418,10.808570,-35.737252,-11.912443,-52.091797,-67.524519,57.851398,-8.779357
1784109536344,66.020000,-4.073630,33.208090,-18.884829,7.052233,26.155857,11.769828,-53.412323,-69.028457,49.726781,-3.613127
1784109536364,66.040000,-47.724740,5.083780,-18.413783,9.469570,-4.385789,29.742399,-54.618687,-70.310967,42.000296,0.987087
1784109536384,66.060000,-14.912997,43.185616,-17.925236,8.798393,34.387223,39.764568,-55.705668,-71.366017,33.489144,3.420770
1784109536404,66.080000,-54.417732,-4.186912,-17.421249,11.988042,-16.174953,39.438409,-56.668570,-72.189481,22.044956,2.877782
1784109536424,66.100000,-47.681520,18.212399,-16.904009,10.092764,8.119635,29.472027,-57.503267,-72.779191,6.365757,-0.532041
1784109536444,66.120000,-103.957670,-18.997180,-16.375865,10.607357,-29.604537,15.838537,-58.206240,-73.134973,-12.839464,-6.008814
1784109536464,66.140000,-101.727650,24.754246,-15.839416,7.340924,17.413322,7.551130,-58.774618,-73.258646,-33.240797,-12.535431
1784109536484,66.160000,-142.972690,-16.060581,-15.297605,8.760896,-24.821477,6.941688,-59.206206,-73.153985,-52.129107,-19.310074
1784109536504,66.180000,-126.261795,24.482992,-14.753792,5.962287,18.520705,9.336396,-59.499518,-72.826665,-67.191822,-25.875406
1784109536524,66.200000,-179.681580,-19.375542,-14.211785,7.478676,-26.854218,10.642250,-59.653800,-72.284161,-76.588622,-31.944390
1784109536544,66.220000,-144.550260,14.436792,-13.675847,4.472174,9.964618,8.962760,-59.669055,-71.535631,-79.249815,-37.167416
1784109536564,66.240000,-172.976720,-25.519302,-13.150676,5.129316,-30.648618,5.291196,-59.546050,-70.591765,-75.475800,-41.034130
1784109536584,66.260000,-132.599950,-6.575253,-12.641336,1.748939,-8.324192,0.069136,-59.286333,-69.464616,-66.996310,-42.903637
1784109536604,66.280000,-147.902830,-31.697092,-12.153148,0.598783,-32.295875,-5.068395,-58.892230,-68.167407,-56.406623,-42.089200
1784109536624,66.300000,-102.302986,8.981182,-11.691555,-2.919384,11.900566,-4.578408,-58.366846,-66.714330,-46.281653,-37.985394
1784109536644,66.320000,-137.248600,-3.971547,-11.261990,-2.058948,-1.912599,3.869314,-57.714054,-65.120333,-38.296796,-30.257810
1784109536664,66.340000,-87.533295,40.311626,-10.869764,-2.608532,42.920158,17.149618,-56.938481,-63.400904,-32.974014,-19.051910
1784109536684,66.360000,-118.570710,17.794847,-10.519986,1.204619,16.590228,29.138130,-56.045485,-61.571857,-29.911568,-5.106766
1784109536704,66.380000,-91.411545,57.847570,-10.217494,2.297225,55.550345,35.532864,-55.041130,-59.649122,-28.032096,10.311691
1784109536724,66.400000,-117.413510,14.227385,-9.966814,7.104952,7.122433,34.162554,-53.932149,-57.648549,-26.219951,25.638138
1784109536744,66.420000,-68.978040,36.613853,-9.772140,6.975001,29.638852,23.950719,-52.725913,-55.585726,-24.091999,39.314632
1784109536764,66.440000,-108.757324,-17.665790,-9.637294,8.941151,-26.606941,7.183116,-51.430379,-53.475818,-21.938963,50.100006
1784109536784,66.460000,-53.441025,2.944395,-9.565682,5.246234,-2.301839,-11.380976,-50.054052,-51.333425,-20.053817,57.302216
1784109536804,66.480000,-93.336975,-39.210682,-9.560262,3.882004,-43.092686,-25.866727,-48.605926,-49.172472,-18.086830,60.844955
1784109536824,66.500000,-57.620262,-22.231860,-9.623517,-1.567923,-20.663937,-34.050175,-47.095430,-47.006112,-14.789227,61.132860
1784109536844,66.520000,-83.875046,-66.170580,-9.757449,-4.841075,-61.329505,-38.284922,-45.532374,-44.846673,-8.659039,58.799534
1784109536864,66.540000,-33.232807,-22.674692,-9.963582,-12.149135,-10.525557,-37.441529,-43.926881,-42.705624,0.945435,54.496246
1784109536884,66.560000,-43.563732,-53.865494,-10.242932,-14.475283,-39.390211,-28.965822,-42.289332,-40.593560,13.432785,48.832240
1784109536904,66.580000,1.920175,-8.968127,-10.595950,-19.715513,10.747386,-15.497742,-40.630294,-38.520232,27.594157,42.446037
1784109536924,66.600000,-18.035036,-42.249077,-11.022457,-20.089472,-22.159605,-2.049386,-38.960461,-36.494580,42.269532,36.048084
1784109536944,66.620000,42.004500,6.839265,-11.521604,-23.817761,30.657026,8.851508,-37.290585,-34.524799,56.406829,30.312548
1784109536964,66.640000,15.141346,-36.322704,-12.091833,-22.433420,-13.889284,15.995492,-35.631414,-32.618416,68.976632,25.692724
1784109536984,66.660000,56.774864,18.564453,-12.730857,-25.564590,44.129043,19.765340,-33.993627,-30.782384,78.918661,22.300726
1784109537004,66.680000,47.003635,-18.804730,-13.435662,-23.036754,4.232024,22.998768,-32.387772,-29.023185,84.868212,19.901312
1784109537024,66.700000,76.422830,19.238026,-14.202522,-24.547973,43.785999,24.744145,-30.824207,-27.346933,85.296480,18.000700
1784109537044,66.720000,42.642586,7.148622,-15.027034,-22.163532,29.312154,26.151833,-29.313042,-25.759485,79.266915,15.982849
1784109537064,66.740000,61.508446,24.681679,-15.904188,-21.225763,45.907442,27.786026,-27.864085,-24.266549,66.894026,13.223338
1784109537084,66.760000,19.605486,-6.799174,-16.828484,-18.579851,11.780677,24.163988,-26.486791,-22.873778,49.259003,9.136683
1784109537104,66.780000,24.375696,18.862870,-17.794073,-19.255536,38.118406,15.583401,-25.190211,-21.586865,28.186711,3.201433
1784109537124,66.800000,-15.493205,-29.095741,-18.794917,-17.143927,-11.951814,4.682140,-23.982954,-20.411619,5.976251,-4.960327
1784109537144,66.820000,-17.924034,-18.677704,-19.824945,-19.912833,1.235129,-9.304597,-22.873135,-19.354021,-14.916524,-15.456046
1784109537164,66.840000,-60.761154,-56.227562,-20.878211,-21.199102,-35.028460,-23.724476,-21.868348,-18.420276,-32.399074,-28.025488
1784109537184,66.860000,-35.732517,-16.129826,-21.949027,-26.023577,9.893751,-30.818272,-20.975621,-17.616834,-45.408799,-42.013126
1784109537204,66.880000,-65.998090,-34.783184,-23.032059,-26.143895,-8.639289,-25.745625,-20.201392,-16.950402,-53.894957,-56.387157
1784109537224,66.900000,-44.542362,29.600628,-24.122355,-27.948076,57.548704,-9.411071,-19.551473,-16.427780,-57.908762,-69.801605
1784109537244,66.920000,-76.046486,13.178130,-25.215357,-22.718334,35.896464,12.695023,-19.031029,-16.056061,-56.959397,-80.761110
1784109537264,66.940000,-41.793404,39.146830,-26.306906,-19.285647,58.432477,28.359738,-18.644549,-15.842482,-50.430870,-87.914590
1784109537284,66.960000,-64.912480,-0.668752,-27.393223,-13.121782,12.453030,28.105976,-18.395830,-15.794341,-38.633958,-90.361110
1784109537304,66.980000,-4.466431,24.445880,-28.470864,-11.247857,35.693737,15.165682,-18.287955,-15.918901,-23.576983,-87.785620
1784109537324,67.000000,-14.566714,-25.629650,-29.536629,-6.645058,-18.984592,-2.530891,-18.323279,-16.223271,-8.540741,-80.366170
1784109537344,67.020000,21.400932,-4.073630,-30.587438,-7.335814,3.262184,-19.955344,-18.503414,-16.714273,3.471804,-68.587260
1784109537364,67.040000,-15.307745,-47.724740,-31.620245,-5.548123,-42.176617,-33.458174,-18.829223,-17.398292,10.772564,-53.169860
1784109537384,67.060000,32.367920,-14.912997,-32.632003,-8.253926,-6.659071,-40.289114,-19.300806,-18.281116,12.572705,-35.173794
1784109537404,67.080000,-1.424256,-54.417732,-33.619663,-7.230892,-47.186840,-40.470895,-19.917505,-19.367763,8.489263,-16.078432
1784109537424,67.100000,10.811713,-47.681520,-34.580180,-10.266685,-37.414835,-40.066150,-20.677895,-20.662312,-1.014728,2.361961
1784109537444,67.120000,-29.405327,-103.957670,-35.510555,-12.313093,-91.644577,-45.767398,-21.579788,-22.167716,-14.310277,18.427397
1784109537464,67.140000,-13.669987,-101.727650,-36.407916,-20.000054,-81.727596,-57.021385,-22.620242,-23.885630,-28.988462,30.702429
1784109537484,67.160000,-53.719524,-142.972690,-37.269605,-26.891809,-116.080881,-66.934785,-23.795565,-25.816239,-42.194564,38.244373
1784109537504,67.180000,-29.608790,-126.261795,-38.093251,-37.554837,-88.706958,-68.606908,-25.101328,-27.958090,-50.593406,40.716324
1784109537524,67.200000,-109.208466,-179.681580,-38.876835,-45.727203,-133.954377,-63.384257,-26.532382,-30.307946,-50.953400,38.453080
1784109537544,67.220000,-30.651463,-144.550260,-39.618757,-58.832177,-85.718083,-54.308595,-28.082869,-32.860646,-42.267517,32.363130
1784109537564,67.240000,-40.302063,-172.976720,-40.317854,-67.358948,-105.617772,-39.065407,-29.746251,-35.608991,-27.199789,23.774607
1784109537584,67.260000,-4.635971,-132.599950,-40.973296,-78.183153,-54.416797,-17.845561,-31.515326,-38.543654,-10.318574,14.384102
1784109537604,67.280000,-23.084654,-147.902830,-41.584446,-84.030014,-63.872816,6.171122,-33.382261,-41.653110,4.661701,6.164057
1784109537624,67.300000,13.051337,-102.302986,-42.150778,-90.989088,-11.313898,30.207087,-35.338615,-44.923605,15.835198,0.968947
1784109537644,67.320000,-15.382876,-137.248600,-42.671817,-92.702207,-44.546393,48.819627,-37.375381,-48.339153,22.833733,-0.074312
1784109537664,67.340000,15.203547,-87.533295,-43.147119,-97.835796,10.302501,59.265621,-39.483011,-51.881570,26.342108,3.036654
1784109537684,67.360000,-15.254772,-118.570710,-43.576257,-97.429970,-21.140740,64.776718,-41.651467,-55.530539,27.606873,9.258639
1784109537704,67.380000,4.553921,-91.411545,-43.958841,-100.189343,8.777798,65.438894,-43.870253,-59.263729,28.027279,16.921186
1784109537724,67.400000,-19.697636,-117.413510,-44.294531,-99.898924,-17.514586,61.144576,-46.128468,-63.056934,28.765083,24.229690
1784109537744,67.420000,1.760003,-68.978040,-44.583073,-102.234922,33.256882,57.791051,-48.414856,-66.884265,30.500893,29.694159
1784109537764,67.440000,-30.037080,-108.757324,-44.824314,-99.375308,-9.382016,56.972909,-50.717849,-70.718371,33.406199,32.400967
1784109537784,67.460000,7.584411,-53.441025,-45.018217,-100.748513,47.307488,56.147752,-53.025633,-74.530702,37.167905,32.100360
1784109537804,67.480000,-29.065214,-93.336975,-45.164871,-96.309356,2.972381,54.832715,-55.326198,-78.291799,41.242961,29.136160
1784109537824,67.500000,-1.368192,-57.620262,-45.264484,-96.246057,38.625795,50.138066,-57.607402,-81.971615,45.226155,24.261961
1784109537844,67.520000,-31.512753,-83.875046,-45.317387,-92.499469,8.624423,42.355298,-59.857030,-85.539863,48.804977,18.394848
1784109537864,67.540000,-7.720900,-33.232807,-45.324051,-91.689088,58.456281,37.109173,-62.062861,-88.966382,51.440680,12.375115
1784109537884,67.560000,-33.590343,-43.563732,-45.285087,-85.761054,42.197322,38.149429,-64.212733,-92.221510,52.244605,6.810141
1784109537904,67.580000,-10.747456,1.920175,-45.201253,-81.358789,83.278964,43.305884,-66.294607,-95.276473,50.276004,2.044429
1784109537924,67.600000,-53.262474,-18.035036,-45.073461,-72.706385,54.671349,46.417642,-68.296635,-98.103769,45.116174,-1.793984
1784109537944,67.620000,-45.113377,42.004500,-44.902801,-66.822886,108.827386,46.470019,-70.207230,-100.677540,37.013579,-4.763029
1784109537964,67.640000,-83.317660,15.141346,-44.690600,-55.386712,70.528058,45.032651,-72.015130,-102.973934,26.275285,-7.113745
1784109537984,67.660000,-58.978596,56.774864,-44.438478,-47.701093,104.475957,39.553640,-73.709464,-104.971439,12.858234,-9.253598
1784109538004,67.680000,-115.711280,47.003635,-44.148391,-36.526083,83.529718,31.386519,-75.279816,-106.651190,-2.967682,-11.596748
1784109538024,67.700000,-106.039505,76.422830,-43.822664,-27.386698,103.809528,23.277889,-76.716288,-107.997232,-19.738901,-14.388210
1784109538044,67.720000,-155.232790,42.642586,-43.464054,-16.162829,58.805415,11.780579,-78.009558,-108.996745,-34.882594,-17.653593
1784109538064,67.740000,-141.323760,61.508446,-43.075805,-9.428138,70.936584,-5.386238,-79.150935,-109.640215,-45.553748,-21.274733
1784109538084,67.760000,-183.108640,19.605486,-42.661687,-1.475497,21.080983,-26.018784,-80.132414,-109.921555,-49.663816,-25.051080
1784109538104,67.780000,-150.018040,24.375696,-42.226001,1.461961,22.913735,-47.771873,-80.946717,-109.838164,-46.921514,-28.665863
1784109538124,67.800000,-165.339260,-15.493205,-41.773537,4.545900,-20.039105,-67.930290,-81.587339,-109.390936,-39.324716,-31.607635
1784109538144,67.820000,-122.146484,-17.924034,-41.309473,3.279058,-21.203092,-84.301383,-82.048584,-108.584209,-30.402551,-33.132473
1784109538164,67.840000,-146.539250,-60.761154,-40.839236,1.836108,-62.597262,-96.905853,-82.325594,-107.425649,-23.496437,-32.340622
1784109538184,67.860000,-123.073010,-35.732517,-40.368377,-3.813573,-31.918944,-102.297331,-82.414376,-105.926097,-20.378343,-28.427282
1784109538204,67.880000,-150.839980,-65.998090,-39.902483,-6.464224,-59.533866,-96.964426,-82.311816,-104.099354,-21.145043,-21.058020
1784109538224,67.900000,-110.364760,-44.542362,-39.447126,-11.949038,-32.593324,-84.521580,-82.015695,-101.961924,-24.775798,-10.648414
1784109538244,67.920000,-155.276350,-76.046486,-39.007813,-14.820745,-61.225741,-70.971829,-81.524693,-99.532721,-29.254991,1.671298
1784109538264,67.940000,-131.655440,-41.793404,-38.589944,-20.637908,-21.155496,-57.699041,-80.838388,-96.832744,-31.777430,14.376025
1784109538284,67.960000,-160.567380,-64.912480,-38.198810,-22.547229,-42.365251,-43.011477,-79.957250,-93.884723,-30.064639,25.925879
1784109538304,67.980000,-112.284820,-4.466431,-37.839581,-26.679080,22.212649,-24.086635,-78.882624,-90.712749,-23.960486,35.071568
1784109538324,68.000000,-124.852630,-14.566714,-37.517249,-24.489077,9.922363,0.396260,-77.616718,-87.341899,-15.678657,41.112335
1784109538344,68.020000,-84.685500,21.400932,-37.236533,-23.671953,45.072885,23.419034,-76.162570,-83.797849,-8.512271,44.083584
1784109538364,68.040000,-101.623795,-15.307745,-37.001777,-19.512568,4.204823,34.907066,-74.524022,-80.106505,-5.119204,44.713566
1784109538384,68.060000,-69.464615,32.367920,-36.816872,-19.602080,51.970000,35.513509,-72.705683,-76.293637,-6.257086,44.076740
1784109538404,68.080000,-108.232270,-1.424256,-36.685218,-15.111484,13.687227,33.178588,-70.712890,-72.384535,-10.338596,43.104847
1784109538424,68.100000,-90.844390,10.811713,-36.609730,-14.628556,25.440269,27.689904,-68.551660,-68.403695,-14.343333,42.201347
1784109538444,68.120000,-103.441300,-29.405327,-36.592880,-13.158430,-16.246897,16.149773,-66.228645,-64.374532,-15.864811,41.130010
1784109538464,68.140000,-58.398650,-13.669987,-36.636727,-16.016595,2.346608,2.291201,-63.751077,-60.326507,-14.455254,39.245808
1784109538484,68.160000,-80.642320,-53.719524,-36.742890,-17.181734,-36.537790,-9.358444,-61.126713,-56.272854,-11.020953,35.971090
1784109538504,68.180000,-46.144104,-29.608790,-36.912496,-22.368294,-7.240496,-16.213541,-58.363781,-52.232024,-6.491247,31.210823
1784109538524,68.200000,-63.497208,-109.208466,-37.146162,-24.766867,-84.441599,-23.050530,-55.470917,-48.220639,-1.352539,25.412348
1784109538544,68.220000,-20.430918,-30.651463,-37.443973,-34.966603,4.315140,-28.022699,-52.457102,-44.253390,4.121240,19.291399
1784109538564,68.240000,-42.375942,-40.302063,-37.805469,-36.413661,-3.888402,-15.360582,-49.331606,-40.342997,9.720798,13.508602
1784109538584,68.260000,-1.734887,-4.635971,-38.229627,-38.782540,34.146569,10.917413,-46.103921,-36.500204,15.223681,8.499260
1784109538604,68.280000,-28.443312,-23.084654,-38.714859,-37.450571,14.365917,32.397227,-42.783700,-32.733811,20.057593,4.437375
1784109538624,68.300000,13.522530,13.051337,-39.259020,-38.167408,51.218745,43.248558,-39.380697,-29.050738,22.798198,1.252959
1784109538644,68.320000,8.540031,-15.382876,-39.859419,-35.261309,19.878433,45.214436,-35.904704,-25.456118,21.286856,-1.298763
1784109538664,68.340000,18.595196,15.203547,-40.512823,-35.514359,50.717906,41.239721,-32.365494,-21.953416,13.972140,-3.510742
1784109538684,68.360000,-9.279045,-15.254772,-41.215483,-32.690994,17.436222,34.575675,-28.772767,-18.544565,1.349614,-5.639399
1784109538704,68.380000,-0.498995,4.553921,-41.963212,-33.170544,37.724465,26.398767,-25.136090,-15.230124,-13.901934,-7.954349
1784109538724,68.400000,-37.502247,-19.697636,-42.751508,-31.573006,11.875370,17.936748,-21.464851,-12.009443,-27.851180,-10.847556
1784109538744,68.420000,-20.551405,1.760003,-43.575677,-32.488367,34.248370,11.361603,-17.768207,-8.880831,-36.675425,-14.822179
1784109538764,68.440000,-36.263405,-30.037080,-44.430939,-31.068683,1.031603,5.976744,-14.055043,-5.841735,-37.998633,-20.282185
1784109538784,68.460000,-1.563485,7.584411,-45.312487,-32.859678,40.444089,2.444782,-10.333927,-2.888912,-31.519364,-27.231750
1784109538804,68.480000,-9.082673,-29.065214,-46.215489,-30.563636,1.498422,1.533170,-6.613076,-0.018597,-18.754521,-35.068485
1784109538824,68.500000,42.222960,-1.368192,-47.135048,-32.015221,30.647029,0.072865,-2.900320,2.773340,-2.301424,-42.603817
1784109538844,68.520000,31.653822,-31.512753,-48.066138,-30.370752,-1.142001,-2.809068,0.796923,5.491240,15.096141,-48.334625
1784109538864,68.540000,76.574390,-7.720900,-49.003533,-31.731687,24.010788,-5.949589,4.471675,8.139527,31.304474,-50.870346
1784109538884,68.560000,68.496090,-33.590343,-49.941749,-30.370969,-3.219374,-8.543137,8.117413,10.722587,45.042461,-49.350796
1784109538904,68.580000,99.019936,-10.747456,-50.875013,-31.542310,20.794854,-10.013316,11.728087,13.244667,55.748020,-43.704914
1784109538924,68.600000,86.211525,-53.262474,-51.797250,-30.088971,-23.173503,-12.860590,15.298123,15.709797,63.183814,-34.677135
1784109538944,68.620000,130.602620,-45.113377,-52.702100,-32.854649,-12.258728,-20.405488,18.822431,18.121728,67.138951,-23.624222
1784109538964,68.640000,89.348010,-83.317660,-53.582937,-34.338030,-48.979630,-31.003701,22.296398,20.483887,67.725971,-12.164600
1784109538984,68.660000,121.530790,-58.978596,-54.432912,-39.352460,-19.626136,-38.369507,25.715883,22.799355,65.602658,-1.833214
1784109539004,68.680000,94.742920,-115.711280,-55.245035,-41.254596,-74.456684,-41.740560,29.077201,25.070862,61.564379,6.142651
1784109539024,68.700000,115.183740,-106.039505,-56.012257,-48.544055,-57.495450,-46.409985,32.377105,27.300796,56.295697,10.953865
1784109539044,68.720000,79.788185,-155.232790,-56.727556,-54.023132,-101.209658,-52.701051,35.612764,29.491227,50.459937,12.265926
1784109539064,68.740000,103.482880,-141.323760,-57.384023,-63.828794,-77.494966,-56.832402,38.781730,31.643944,44.524613,10.222992
1784109539084,68.760000,71.851135,-183.108640,-57.974955,-71.186962,-111.921678,-56.339378,41.881913,33.760495,38.485302,5.368986
1784109539104,68.780000,88.799120,-150.018040,-58.493931,-81.964803,-68.053237,-49.210081,44.911537,35.842244,31.875375,-1.484235
1784109539124,68.800000,56.071796,-165.339260,-58.934884,-88.266530,-77.072730,-33.231895,47.869107,37.890421,23.895186,-9.393025
1784109539144,68.820000,76.489380,-122.146484,-59.292166,-95.390938,-26.755546,-9.790930,50.753366,39.906181,13.595444,-17.416817
1784109539164,68.840000,34.425750,-146.539250,-59.560613,-97.326691,-49.212559,14.042069,53.563252,41.890659,0.327346,-24.744583
1784109539184,68.860000,45.320885,-123.073010,-59.735604,-101.377914,-21.695096,29.803725,56.297857,43.845014,-15.746082,-30.791742
1784109539204,68.880000,0.632922,-150.839980,-59.813138,-102.503292,-48.336688,35.025709,58.956378,45.770483,-33.485625,-35.259644
1784109539224,68.900000,7.025243,-110.364760,-59.789911,-106.147848,-4.216912,35.898467,61.538080,47.668412,-50.987829,-38.147568
1784109539244,68.920000,-33.401650,-155.276350,-59.663395,-105.173500,-50.102850,36.041677,64.042251,49.540284,-66.043982,-39.691093
1784109539264,68.940000,-10.184278,-131.655440,-59.431894,-108.631291,-23.024149,32.217153,66.468163,51.387738,-76.583498,-40.214832
1784109539284,68.960000,-51.311770,-160.567380,-59.094565,-109.188051,-51.379329,25.878467,68.815036,53.212571,-80.861290,-39.943570
1784109539304,68.980000,-15.052361,-112.284820,-58.651412,-112.413039,0.128219,24.306069,71.082003,55.016733,-77.704357,-38.861557
1784109539324,69.000000,-32.592430,-124.852630,-58.103239,-110.268161,-14.584469,31.526272,73.268082,55.739231,-66.967217,-36.680850
1784109539344,69.020000,2.049701,-84.685500,-57.451564,-109.393962,24.708462,43.196688,75.372150,57.523904,-49.876108,-32.914240
1784109539364,69.040000,3.274869,-101.623795,-56.698506,-104.368501,2.744706,52.087292,77.392923,59.297257,-29.310088,-27.014350
1784109539384,69.060000,58.925404,-69.464615,-55.846639,-101.349474,31.884859,54.623229,79.328939,61.061577,-9.704418,-18.527658
1784109539404,69.080000,56.101593,-108.232270,-54.898824,-95.228395,-13.003875,48.801825,81.178549,62.819107,4.270316,-7.221367
1784109539424,69.100000,75.425340,-90.844390,-53.858038,-93.453490,2.609100,34.413154,82.939909,64.571971,9.737340,6.805012
1784109539444,69.120000,48.665320,-103.441300,-52.727281,-89.988252,-13.453048,18.926474,84.610981,66.322097,6.586628,22.964203
1784109539464,69.140000,68.780720,-58.398650,-51.509551,-88.026751,29.628101,12.990066,86.189536,68.071127,-3.111134,40.022280
1784109539484,69.160000,28.539679,-80.642320,-50.207873,-81.670221,1.027901,16.425938,87.673167,69.820330,-16.145197,56.133526
1784109539504,69.180000,45.154330,-46.144104,-48.825347,-78.115961,31.971857,20.518607,89.059296,71.570505,-29.029191,69.193860
1784109539524,69.200000,6.933405,-63.497208,-47.365208,-71.435310,7.938102,21.066719,90.345200,73.321882,-38.870940,77.382225
1784109539544,69.220000,43.248665,-20.430918,-45.830872,-67.147740,46.716822,20.229874,91.528027,75.074033,-44.064412,79.639310
1784109539564,69.240000,7.782688,-42.375942,-44.225957,-59.006102,16.630160,19.562609,92.604832,76.825773,-44.382613,75.929726
1784109539584,69.260000,56.389736,-1.734887,-42.554261,-53.909298,52.174411,18.201761,93.572601,78.575072,-40.578174,67.244970
1784109539604,69.280000,24.665659,-28.443312,-40.819723,-45.333313,16.890001,15.244042,94.428287,80.318982,-33.866741,55.355465
1784109539624,69.300000,78.915290,13.522530,-39.026358,-40.358130,53.880660,10.990599,95.168855,82.053561,-25.471411,42.382190
1784109539644,69.320000,52.231304,8.540031,-37.178187,-31.800543,40.340574,9.342125,95.791314,83.773827,-16.260148,30.328150
1784109539664,69.340000,90.555710,18.595196,-35.279165,-24.718955,43.314151,8.494357,96.292768,85.473718,-6.661829,20.701020
1784109539684,69.360000,84.393170,-9.279045,-33.333119,-17.478316,8.199271,0.662765,96.670455,87.146077,2.970342,14.297154
1784109539704,69.380000,122.415240,-0.498995,-31.343690,-13.852767,13.353772,-14.260759,96.921800,88.782658,12.124755,11.185806
1784109539724,69.400000,103.386550,-37.502247,-29.314268,-9.821437,-27.680810,-31.617604,97.044455,90.374163,20.379674,10.871259
1784109539744,69.420000,136.627120,-20.551405,-27.247945,-9.935376,-10.616029,-46.547596,97.036350,91.910293,27.429315,12.523181
1784109539764,69.440000,128.330720,-36.263405,-25.147493,-8.398386,-27.865019,-53.311773,96.895736,93.379834,32.733957,15.170731
1784109539784,69.460000,154.629760,-1.563485,-23.015348,-8.596491,7.033006,-48.971862,96.621231,94.770770,35.540363,17.852964
1784109539804,69.480000,141.193650,-9.082673,-20.853594,-5.368954,-3.713719,-35.983722,96.211861,96.070420,35.441394,19.759680
1784109539824,69.500000,158.644130,42.222960,-18.663968,-3.248392,45.471352,-18.082683,95.667098,97.265599,32.965467,20.330650
1784109539844,69.520000,130.049990,31.653822,-16.447887,3.650879,28.002943,0.659913,94.986899,98.342802,29.672720,19.253458
1784109539864,69.540000,150.867950,76.574390,-14.206507,8.703323,67.871067,15.304651,94.171735,99.288410,27.473906,16.383057
1784109539884,69.560000,128.565000,68.496090,-11.940783,17.532404,50.963686,24.550083,93.222620,100.088913,27.553101,11.683970
1784109539904,69.580000,165.481500,99.019936,-9.651520,24.496355,74.523581,28.336381,92.141135,100.731140,29.769716,5.270637
1784109539924,69.600000,137.618820,86.211525,-7.339389,33.559621,52.651904,26.677593,90.929445,101.202500,32.965254,-2.483529
1784109539944,69.620000,176.857910,130.602620,-5.004929,40.234691,90.367929,23.737922,89.590309,101.491229,35.766996,-10.894333
1784109539964,69.640000,141.603940,89.348010,-2.648549,50.339195,39.008815,19.611697,88.127094,101.586631,37.304826,-19.074661
1784109539984,69.660000,168.096470,121.530790,-0.270547,55.133557,66.397233,10.281098,86.543770,101.479308,37.456031,-26.178946
1784109540004,69.680000,137.068570,94.742920,2.128860,62.383512,32.359408,-1.003259,84.844908,101.161382,36.462344,-31.656677
1784109540024,69.700000,164.493130,115.183740,4.549485,66.073279,49.110461,-10.583651,83.035669,100.626698,34.389783,-35.375603
1784109540044,69.720000,130.687040,79.788185,6.991141,71.212488,8.575697,-19.739425,81.121790,99.870996,31.010345,-37.562010
1784109540064,69.740000,150.240520,103.482880,9.453598,72.246985,31.235895,-28.379455,79.109555,98.892060,26.019009,-38.624474
1784109540084,69.760000,117.439830,71.851135,11.936539,75.404153,-3.553018,-34.554140,77.005776,97.689831,19.281098,-38.984806
1784109540104,69.780000,131.792050,88.799120,14.439517,75.102511,13.696609,-38.412031,74.817752,96.266484,11.101892,-38.988003
1784109540124,69.800000,89.063580,56.071796,16.961898,76.477134,-20.405338,-41.378768,72.553234,94.626466,2.418761,-38.880795
1784109540144,69.820000,102.510080,76.489380,19.502798,74.555834,1.933546,-43.195396,70.220382,92.776491,-5.427943,-38.826390
1784109540164,69.840000,68.427290,34.425750,22.061027,74.889785,-40.464035,-44.442111,67.827714,90.725492,-11.262983,-38.921590
1784109540184,69.860000,85.136734,45.320885,24.635037,71.186305,-25.865420,-47.219280,65.384057,88.484584,-14.477270,-39.179035
1784109540204,69.880000,51.090675,0.632922,27.222898,69.079376,-68.446454,-51.753680,62.898489,86.089408,-15.142171,-39.475610
1784109540224,69.900000,79.222460,7.025243,29.822295,62.972767,-55.947524,-56.764840,60.380285,83.531137,-14.003819,-39.521580
1784109540244,69.920000,47.468680,-33.401650,32.430540,58.294679,-91.696329,-60.339707,57.838850,80.825996,-12.218595,-38.895230
1784109540264,69.940000,72.687500,-10.184278,35.044598,50.220582,-60.404861,-58.979739,55.283661,77.991667,-10.787633,-37.136913
1784109540284,69.960000,34.270462,-51.311770,37.661122,45.341823,-96.653593,-51.967894,52.724199,75.047039,-10.113654,-33.877390
1784109540304,69.980000,60.297646,-15.052361,40.276471,36.806802,-51.859163,-40.878271,50.169888,72.011947,-10.003450,-28.971766
1784109540324,70.000000,19.113344,-32.592430,42.886724,32.684643,-65.277073,-24.540959,47.630024,68.906879,-9.998896,-22.584879
1784109540344,70.020000,42.350930,2.049701,45.487689,27.054052,-25.004351,-4.347519,45.113715,65.752694,-9.855847,-15.174686
1784109540364,70.040000,13.452134,3.274869,48.074910,25.361908,-22.087039,17.172584,42.629812,62.570315,-9.942764,-7.371102
1784109540384,70.060000,38.037630,58.925404,50.643696,23.855180,35.070224,40.998332,40.186848,59.380444,-11.065383,0.203651
1784109540404,70.080000,6.515758,56.101593,53.189151,28.209740,27.891853,65.004427,37.792976,56.203277,-13.599944,7.099277
1784109540424,70.100000,7.596810,75.425340,55.706207,31.953295,43.472045,80.043493,35.455907,53.058230,-16.762322,13.097351
1784109540444,70.120000,-22.831139,48.665320,58.189621,37.438027,11.227293,78.836318,33.182859,49.963696,-19.021741,18.121712
1784109540464,70.140000,7.080051,68.780720,60.633970,39.694333,29.086387,65.291608,30.980495,46.936818,-19.228952,22.098639
1784109540484,70.160000,-22.943918,28.539679,63.033662,43.818112,-15.278433,46.849729,28.854882,43.993291,-16.967333,24.943550
1784109540504,70.180000,-3.557100,45.154330,65.382988,43.330014,1.824316,27.843251,26.811438,41.147201,-12.114248,26.690773
1784109540524,70.200000,-25.399515,6.933405,67.676169,44.459060,-37.525655,11.530174,24.854897,38.410892,-4.832715,27.589950
1784109540544,70.220000,8.265943,43.248665,69.907405,41.343808,1.904857,1.764183,22.989265,35.794870,3.977513,28.048010
1784109540564,70.240000,-10.989605,7.782688,72.070938,42.060764,-34.278076,-0.239351,21.217795,33.307749,12.656760,28.497910
1784109540584,70.260000,19.127638,56.389736,74.161136,38.863768,17.525968,3.535140,19.542957,30.956218,19.348346,29.312174
1784109540604,70.280000,-7.759413,24.665659,76.172563,40.798174,-16.132515,10.799302,17.966419,28.745054,22.632443,30.746063
1784109540624,70.300000,20.200377,78.915290,78.100035,39.157026,39.758264,19.161380,16.489029,26.677161,21.925007,32.855026
1784109540644,70.320000,-21.285105,52.231304,79.938644,43.139813,9.091491,27.479769,15.110809,24.753637,17.622197,35.415910
1784109540664,70.340000,5.238160,90.555710,81.683764,43.952342,46.603368,32.808489,13.830947,22.973862,10.911120,37.920826
1784109540684,70.360000,-42.322334,84.393170,83.331030,48.560083,35.833087,35.605857,12.647805,21.335614,3.265783,39.671505
1784109540704,70.380000,-18.494251,122.415240,84.876307,52.083916,70.331324,39.092274,11.558925,19.835193,-4.234118,39.947163
1784109540724,70.400000,-54.326180,103.386550,86.315656,59.169618,44.216932,41.060627,10.561040,18.467557,-11.521750,38.197853
1784109540744,70.420000,-26.172970,136.627120,87.645310,63.651533,72.975587,38.762325,9.650104,17.226466,-19.558513,34.216720
1784109540764,70.440000,-55.995180,128.330720,88.861686,71.104687,57.226033,34.319616,8.821312,16.104625,-29.405494,28.240019
1784109540784,70.460000,-45.113804,154.629760,89.961384,77.015240,77.614520,29.902129,8.069137,15.093826,-40.827004,20.916786
1784109540804,70.480000,-91.116730,141.193650,90.941192,85.047997,56.145653,24.517678,7.387369,14.185076,-51.655607,13.107670
1784109540824,70.500000,-67.670410,158.644130,91.798042,90.942204,67.701926,16.876341,6.769162,13.368725,-58.691519,5.578954
1784109540844,70.520000,-96.423780,130.049990,92.528980,98.021993,32.027997,5.495638,6.207088,12.634569,-59.350780,-1.212036
1784109540864,70.540000,-59.162064,150.867950,93.131164,101.462398,49.405552,-8.191661,5.693188,11.971938,-52.867691,-7.081564
1784109540884,70.560000,-66.015790,128.565000,93.601919,106.606514,21.958486,-19.729341,5.219044,11.369778,-40.642085,-11.881017
1784109540904,70.580000,-24.151829,165.481500,93.938826,108.902768,56.578732,-24.995040,4.775838,10.816697,-25.750962,-15.270325
1784109540924,70.600000,-20.144333,137.618820,94.139846,114.629125,22.989695,-24.466808,4.354432,10.301007,-11.811079,-16.685488
1784109540944,70.620000,9.670237,176.857910,94.203439,116.888563,59.969347,-21.907144,3.945436,9.810750,-1.546758,-15.520009
1784109540964,70.640000,-7.222878,141.603940,94.128672,122.803014,18.800926,-20.227260,3.539293,9.333699,4.223161,-11.431047
1784109540984,70.660000,17.448973,168.096470,93.915256,124.475912,43.620558,-22.182298,3.126358,8.857363,6.459756,-4.635640
1784109541004,70.680000,-6.378293,137.068570,93.563560,128.542677,8.525893,-26.981093,2.696979,8.368978,6.833646,3.958936
1784109541024,70.700000,25.819809,164.493130,93.074579,128.952974,35.540156,-31.274000,2.241586,7.855499,6.537078,12.898158
1784109541044,70.720000,8.432312,130.687040,92.449920,131.953089,-1.266049,-33.838691,1.750769,7.303594,5.754698,20.574350
1784109541064,70.740000,29.059397,150.240520,91.691783,131.110866,19.129654,-35.939393,1.215363,6.699649,3.996569,25.691248
1784109541084,70.760000,17.503233,117.439830,90.802943,132.170853,-14.731023,-38.284406,0.626536,6.029784,0.793201,27.571909
1784109541104,70.780000,37.046627,131.792050,89.786725,129.673974,2.118076,-40.614777,-0.024140,5.279892,-3.528345,26.207588
1784109541124,70.800000,1.193420,89.063580,88.646970,128.712313,-39.648733,-43.861303,-0.744603,4.435694,-7.304121,22.090796
1784109541144,70.820000,21.454012,102.510080,87.387971,123.399730,-20.889650,-48.014135,-1.542233,3.482824,-8.137626,15.940262
1784109541164,70.840000,5.419066,68.427290,86.014400,119.815547,-51.388257,-50.356743,-2.423777,2.406946,-4.556860,8.453331
1784109541184,70.860000,51.664360,85.136734,84.531258,113.033093,-27.896359,-48.701733,-3.395285,1.193897,2.893909,0.226320
1784109541204,70.880000,37.318676,51.090675,82.943878,108.481228,-57.390553,-43.801605,-4.462050,-0.170144,12.228450,-8.123190
1784109541224,70.900000,63.258636,79.222460,81.257967,100.872778,-21.650318,-36.159620,-5.628554,-1.698441,21.415671,-15.815967
1784109541244,70.920000,47.760740,47.468680,79.479611,96.761065,-49.292385,-26.060111,-6.898415,-3.403483,29.029672,-21.992035
1784109541264,70.940000,84.516136,72.687500,77.615268,89.827201,-17.139701,-15.744085,-8.274352,-5.296717,34.104734,-25.999640
1784109541284,70.960000,56.480568,34.270462,75.671751,86.072613,-51.802151,-7.912527,-9.758144,-7.388286,36.223289,-27.643257
1784109541304,70.980000,86.127700,60.297646,73.656202,78.843562,-18.545916,-3.167529,-11.350611,-9.686740,35.908776,-27.216470
1784109541324,71.000000,44.835518,19.113344,71.576047,74.947053,-55.833709,-0.442313,-13.051587,-12.198751,34.639525,-25.373106
1784109541344,71.020000,72.264984,42.350930,69.438917,67.365872,-25.014942,0.895736,-14.859918,-14.928829,34.165905,-22.967237
1784109541364,71.040000,47.833622,13.452134,67.252572,62.919423,-49.467289,2.986966,-16.773454,-17.879053,35.568155,-20.884820
1784109541384,71.060000,71.936356,38.037630,65.024828,56.116984,-18.079354,7.496613,-18.789062,-21.048823,38.856110,-19.831873
1784109541404,71.080000,57.601030,6.515758,62.763521,52.539569,-46.023811,12.810440,-20.902635,-24.434646,43.290838,-20.126290
1784109541424,71.100000,74.627880,7.596810,60.476475,46.294574,-38.697764,14.176231,-23.109122,-28.029959,48.052303,-21.606928
1784109541444,71.120000,48.923824,-22.831139,58.171477,40.919967,-63.751106,9.685229,-25.402557,-31.825004,52.686223,-23.737417
1784109541464,71.140000,68.792190,7.080051,55.856230,33.222499,-26.142448,6.433518,-27.776102,-35.802995,56.856517,-25.860962
1784109541484,71.160000,46.665450,-22.943918,53.538306,29.437971,-52.381889,9.510998,-30.222093,-39.951226,59.775588,-27.456488
1784109541504,71.180000,67.844100,-3.557100,51.225105,23.226879,-26.783979,14.900269,-32.732099,-44.250207,60.111431,-28.259531
1784109541524,71.200000,35.526657,-25.399515,48.923816,19.745913,-45.145428,19.170193,-35.296983,-48.677362,56.559940,-28.229856
1784109541544,71.220000,46.179170,8.265943,46.641377,14.634841,-6.368898,24.141131,-37.906973,-53.207244,48.621218,-27.469246
1784109541564,71.240000,-14.923298,-10.989605,44.384400,13.546636,-24.536241,31.080912,-40.551733,-57.811792,36.832756,-26.201200
1784109541584,71.260000,5.080645,19.127638,42.159069,10.820059,8.307579,37.855592,-43.220448,-62.460664,22.094254,-24.810595
1784109541604,71.280000,-47.979310,-7.759413,39.971018,11.491577,-19.250990,41.359293,-45.901906,-67.121623,4.979789,-23.824402
1784109541624,71.300000,-46.822746,20.200377,37.825237,9.573816,10.626561,40.537625,-48.584582,-71.760973,-14.049673,-23.754639
1784109541644,71.320000,-96.337850,-21.285105,35.725985,10.741394,-32.026499,35.128273,-51.256734,-76.344036,-34.072013,-24.888617
1784109541664,71.340000,-103.634155,5.238160,33.676695,7.834566,-2.596406,25.910251,-53.906484,-80.835662,-53.460328,-27.182276
1784109541684,71.360000,-154.595800,-42.322334,31.679888,7.986543,-50.308877,15.077723,-56.521917,-85.200751,-70.139521,-30.312180
1784109541704,71.380000,-143.842580,-18.494251,29.737100,3.600355,-22.094606,4.075127,-59.091166,-89.404785,-82.273090,-33.792460
1784109541724,71.400000,-178.594650,-54.326180,27.848842,2.189556,-56.515736,-4.350885,-61.602503,-93.414351,-88.737664,-37.038480
1784109541744,71.420000,-161.816960,-26.172970,26.014620,-2.418627,-23.754343,-8.057234,-64.044418,-97.197650,-88.981795,-39.360020
1784109541764,71.440000,-181.090230,-55.995180,24.232994,-3.609755,-52.385425,-7.516626,-66.405710,-100.724968,-82.691730,-39.958530
1784109541784,71.460000,-178.148740,-45.113804,22.501660,-7.446237,-37.667567,-6.759733,-68.675557,-103.969116,-69.975348,-38.022324
1784109541804,71.480000,-159.645390,-91.116730,20.817549,-9.652225,-81.464505,-11.149798,-70.843589,-106.905812,-52.313877,-32.920094
1784109541824,71.500000,-120.556274,-67.670410,19.176974,-15.944962,-51.725448,-18.950315,-72.899962,-109.514014,-32.911022,-24.345003
1784109541844,71.520000,-141.424270,-96.423780,17.575812,-19.086778,-77.337002,-22.995110,-74.835411,-111.776190,-15.375790,-12.312106
1784109541864,71.540000,-99.137530,-59.162064,16.009697,-24.535151,-34.626913,-19.108705,-76.641311,-113.678516,-2.321512,2.875412
1784109541884,71.560000,-124.632420,-66.015790,14.474151,-25.636097,-40.379693,-6.707030,-78.309726,-115.211014,4.977188,20.552360
1784109541904,71.580000,-94.799706,-24.151829,12.964686,-27.234957,3.083128,11.260487,-79.833449,-116.367618,6.607737,39.574300
1784109541924,71.600000,-134.249800,-20.144333,11.476869,-24.610648,4.466315,30.436287,-81.206042,-117.146171,3.927596,58.346660
1784109541944,71.620000,-105.017590,9.670237,10.006350,-22.003874,31.674111,46.231797,-82.421864,-117.548353,-0.927981,75.056526
1784109541964,71.640000,-135.832300,-7.222878,8.548871,-16.978082,9.755205,52.990300,-83.476095,-117.579554,-5.583834,88.007150
1784109541984,71.660000,-124.804350,17.448973,7.100262,-14.372258,31.821231,49.909094,-84.364754,-117.248680,-7.784391,95.949790
1784109542004,71.680000,-138.862600,-6.378293,5.656448,-9.913517,3.535225,40.819668,-85.084710,-116.567913,-6.049955,98.317530
1784109542024,71.700000,-112.329210,25.819809,4.213451,-8.518561,34.338370,30.897517,-85.633686,-115.552417,-0.473394,95.301994
1784109542044,71.720000,-120.849290,8.432312,2.767430,-4.447540,12.879852,24.518379,-86.010256,-114.220017,7.159090,87.791380
1784109542064,71.740000,-88.029630,29.059397,1.314742,-2.826314,31.885711,20.624664,-86.213843,-112.590835,14.027973,77.208480
1784109542084,71.760000,-101.331550,17.503233,-0.147977,0.283768,17.219465,17.048421,-86.244701,-110.686914,17.364305,65.249010
1784109542104,71.780000,-69.112625,37.046627,-1.623749,1.595101,35.451526,13.881670,-86.103898,-108.531820,15.716912,53.532580
1784109542124,71.800000,-123.554400,1.193420,-3.115215,4.297152,-3.103732,8.031854,-85.793295,-106.150243,9.767401,43.243286
1784109542144,71.820000,-92.288310,21.454012,-4.624650,2.945772,18.508240,-2.020552,-85.315517,-103.567601,1.674577,34.854774
1784109542164,71.840000,-119.935940,5.419066,-6.154023,3.441411,1.977655,-10.491597,-84.673918,-100.809651,-6.533279,28.063416
1784109542184,71.860000,-91.540530,51.664360,-7.705027,2.088472,49.575888,-10.064274,-83.872551,-97.902112,-13.623375,22.037300
1784109542204,71.880000,-122.743790,37.318676,-9.279096,5.024253,32.294423,-0.545957,-82.916123,-94.870325,-18.638541,15.895146
1784109542224,71.900000,-92.480090,63.258636,-10.877402,5.896285,57.362351,9.454601,-81.809954,-91.738924,-20.437191,9.126845
1784109542244,71.920000,-119.234280,47.760740,-12.500871,8.814119,38.946621,13.536547,-80.559930,-88.531550,-17.861855,1.725366
1784109542264,71.940000,-80.476120,84.516136,-14.150180,9.581750,74.934386,14.045957,-79.172458,-85.270600,-10.370612,-5.930412
1784109542284,71.960000,-94.813230,56.480568,-15.825735,13.473995,43.006573,13.230469,-77.654411,-81.977016,1.239872,-13.254846
1784109542304,71.980000,-39.784710,86.127700,-17.527630,13.936286,72.191414,9.963067,-76.013079,-78.670112,14.585927,-19.583939
1784109542324,72.000000,-37.814056,44.835518,-19.255566,17.002275,27.833243,3.116504,-74.256116,-75.186427,26.571296,-24.244324
1784109542344,72.020000,-15.530416,72.264984,-21.008755,15.573480,56.691504,-6.709722,-72.391487,-71.958410,35.155700,-26.626373
1784109542364,72.040000,-31.225693,47.833622,-22.785861,16.948169,30.885453,-14.686862,-70.427414,-68.761375,40.366953,-26.357483
1784109542384,72.060000,-6.595556,71.936356,-24.584999,15.783387,56.152969,-17.989769,-68.372323,-65.606977,43.569780,-23.557808
1784109542404,72.080000,-24.008389,57.601030,-26.403773,17.246311,40.354719,-17.321008,-66.234795,-62.505050,45.957656,-18.984648
1784109542424,72.100000,5.603262,74.627880,-28.239313,17.294197,57.333683,-14.855616,-64.023510,-59.463667,47.452048,-13.878880
1784109542444,72.120000,-3.177252,48.923824,-30.088311,19.310274,29.613550,-14.795805,-61.747204,-56.489218,46.577750,-9.551842
1784109542464,72.140000,16.875017,68.792190,-31.947037,18.783033,50.009157,-17.941900,-59.414619,-53.586520,41.497420,-6.957102
1784109542484,72.160000,-16.782803,46.665450,-33.811377,20.645648,26.019802,-21.503204,-57.034459,-50.758939,31.456846,-6.487165
1784109542504,72.180000,-10.050721,67.844100,-35.676899,20.363574,47.480526,-23.477935,-54.615350,-48.008526,17.383376,-8.073422
1784109542524,72.200000,-47.107864,35.526657,-37.538973,22.612121,12.914536,-25.077247,-52.165794,-45.336164,1.326451,-11.469682
1784109542544,72.220000,-30.743628,46.179170,-39.392896,21.594114,24.585056,-29.095220,-49.694139,-42.741723,-14.433192,-16.476938
1784109542564,72.240000,-72.968346,-14.923298,-41.234008,22.000074,-36.923372,-39.013908,-47.208542,-40.224208,-27.865336,-22.946625
1784109542584,72.260000,-47.640840,5.080645,-43.057785,16.141084,-11.060439,-53.122392,-44.716933,-37.781919,-37.355106,-30.620485
1784109542604,72.280000,-80.233940,-47.979310,-44.859916,12.903118,-60.882428,-64.068404,-42.226992,-35.412595,-41.804967,-38.981450
1784109542624,72.300000,-50.115646,-46.822746,-46.636335,4.426746,-51.249492,-70.935415,-39.746116,-33.113560,-40.686402,-47.225880
1784109542644,72.320000,-77.818890,-96.337850,-48.383247,-3.284790,-93.053060,-75.859169,-37.281396,-30.881854,-34.254605,-54.361446
1784109542664,72.340000,-39.667156,-103.634155,-50.097115,-15.598089,-88.036066,-79.322401,-34.839595,-28.714366,-24.099174,-59.383686
1784109542684,72.360000,-22.468560,-154.595800,-51.774624,-27.791324,-126.804476,-81.758199,-32.427127,-26.607938,-13.203744,-61.445750
1784109542704,72.380000,-6.064785,-143.842580,-53.412596,-44.425024,-99.417556,-80.085346,-30.050040,-24.559473,-4.419800,-59.940968
1784109542724,72.400000,-31.483051,-178.594650,-55.007896,-58.726858,-119.867792,-70.384322,-27.713996,-22.566023,1.331160,-54.564960
1784109542744,72.420000,6.574935,-161.816960,-56.557405,-75.557714,-86.259246,-53.320212,-25.424262,-20.624862,4.960776,-45.478195
1784109542764,72.440000,-19.239202,-181.090230,-58.058027,-89.337306,-91.752924,-31.528498,-23.185697,-18.733547,8.011435,-33.476765
1784109542784,72.460000,4.787724,-178.148740,-59.506690,-103.983567,-74.165173,-9.916601,-21.002745,-16.889964,11.810751,-19.935057
1784109542804,72.480000,-10.404926,-159.645390,-60.900355,-117.098648,-42.546742,11.333900,-18.879423,-15.092361,16.712488,-6.465267
1784109542824,72.500000,28.712990,-120.556274,-62.236027,-127.141228,6.584954,39.230883,-16.819324,-13.339366,21.608689,5.508581
1784109542844,72.520000,6.908922,-141.424270,-63.510736,-132.167574,-9.256696,67.852238,-14.825610,-11.629992,24.498023,15.061946
1784109542864,72.540000,32.222760,-99.137530,-64.721518,-138.738034,39.600504,86.799151,-12.901016,-9.963632,23.691662,21.884848
1784109542884,72.560000,0.373747,-124.632420,-65.865423,-140.214405,15.581985,95.662735,-11.047849,-8.340041,18.617312,26.166193
1784109542904,72.580000,17.695948,-94.799706,-66.939552,-143.976378,49.176672,95.936771,-9.267997,-6.759312,9.905791,28.303220
1784109542924,72.600000,-24.488907,-134.249800,-67.941116,-144.161724,9.911924,88.553823,-7.562932,-5.221836,-1.033582,28.614931
1784109542944,72.620000,0.545592,-105.017590,-68.867519,-148.187734,43.170144,76.180020,-5.933720,-3.728267,-12.648799,27.222890
1784109542964,72.640000,-37.480995,-135.832300,-69.716428,-148.707428,12.875128,63.872812,-4.381033,-2.279472,-23.567921,24.131067
1784109542984,72.660000,-21.528942,-124.804350,-70.485826,-152.166759,27.362409,52.322067,-2.905157,-0.876483,-32.475186,19.410576
1784109543004,72.680000,-46.385094,-138.862600,-71.174063,-154.047823,15.185223,41.721110,-1.506008,0.479556,-38.040116,13.351067
1784109543024,72.700000,-28.743969,-112.329210,-71.779882,-157.047070,44.717860,36.161459,-0.183142,1.787442,-39.077028,6.497326
1784109543044,72.720000,-49.176070,-120.849290,-72.302434,-156.918761,36.069471,36.421270,1.064225,3.045962,-34.896178,-0.419992
1784109543064,72.740000,-14.849181,-88.029630,-72.741262,-157.500535,69.470905,40.107175,2.237206,4.253947,-25.874534,-6.597155
1784109543084,72.760000,-16.770080,-101.331550,-73.096260,-154.513826,53.182276,43.635553,3.337227,5.410320,-13.717342,-11.254971
1784109543104,72.780000,15.897034,-69.112625,-73.367591,-152.964091,83.851466,44.285962,4.366007,6.514140,-0.893673,-13.703892
1784109543124,72.800000,4.391807,-123.554400,-73.555590,-148.098307,24.543907,36.976141,5.325545,7.564643,10.263895,-13.416965
1784109543144,72.820000,34.708088,-92.288310,-73.660694,-149.026379,56.738069,19.950828,6.218098,8.561281,18.029215,-10.163579
1784109543164,72.840000,11.560506,-119.935940,-73.683384,-146.541000,26.605060,3.051828,7.046168,9.503751,21.267916,-4.170492
1784109543184,72.860000,44.518635,-91.540530,-73.624163,-146.925350,55.384820,-6.640636,7.812481,10.392020,19.351654,3.811945
1784109543204,72.880000,14.105425,-122.743790,-73.483549,-144.246401,21.502611,-11.327758,8.519968,11.223462,12.463165,12.625130
1784109543224,72.900000,23.700232,-92.480090,-73.262084,-144.821861,52.341771,-14.270836,9.171746,12.001527,2.157352,20.947447
1784109543244,72.920000,-11.278370,-119.234280,-72.960381,-142.143461,22.909181,-16.291328,9.771097,12.727066,-8.676647,27.535376
1784109543264,72.940000,-4.431914,-80.476120,-72.579195,-142.279592,61.803472,-16.367622,10.321451,13.401265,-16.802283,31.386347
1784109543284,72.960000,-23.279184,-94.813230,-72.119502,-138.362133,43.548903,-12.840205,10.826363,14.025641,-20.008976,31.858946
1784109543304,72.980000,0.158528,-39.784710,-71.582539,-136.134171,96.349461,-4.362863,11.289493,14.602035,-18.016559,28.815252
1784109543324,73.000000,-7.685491,-37.814056,-70.969808,-128.456488,90.642432,9.327190,11.714584,15.132593,-12.355575,22.755219
1784109543344,73.020000,19.639643,-15.530416,-70.283028,-121.202532,105.672115,21.237320,12.105445,15.619752,-5.380791,14.819089
1784109543364,73.040000,4.919996,-31.225693,-69.524076,-112.306870,81.081177,22.447702,12.465924,16.066210,0.917527,6.565399
1784109543384,73.060000,39.090153,-6.595556,-68.694932,-105.763170,99.167614,14.290057,12.799894,16.474902,5.789590,-0.433531
1784109543404,73.080000,6.011883,-24.008389,-67.797632,-97.310459,73.302070,3.145250,13.111225,16.848970,10.099300,-5.014603
1784109543424,73.100000,30.385650,5.603262,-66.834248,-91.368216,96.971478,-6.178848,13.403768,17.191724,15.738485,-6.707071
1784109543444,73.120000,19.550348,-3.177252,-65.806887,-82.989020,79.811769,-10.885364,13.681331,17.506610,24.052645,-5.787404
1784109543464,73.140000,56.290382,16.875017,-64.717682,-76.272089,93.147106,-12.584153,13.947658,17.797173,34.588957,-3.074193
1784109543484,73.160000,40.982580,-16.782803,-63.568748,-68.178381,51.395578,-17.525420,14.206408,18.067019,45.103886,0.463856
1784109543504,73.180000,82.243850,-10.050721,-62.362124,-64.225012,54.174291,-29.521974,14.461133,18.319777,52.415277,4.083564
1784109543524,73.200000,57.110397,-47.107864,-61.099723,-59.963313,12.855449,-45.892726,14.715259,18.559061,53.655443,7.419485
1784109543544,73.220000,69.600716,-30.743628,-59.783305,-59.795325,29.051697,-60.264660,14.972059,18.788441,47.491337,10.365985
1784109543564,73.240000,33.496800,-72.968346,-58.414503,-57.972258,-14.996088,-69.253164,15.234638,19.011400,34.542550,12.812312
1784109543584,73.260000,39.023865,-47.640840,-56.994894,-60.497302,12.856462,-72.781350,15.505908,19.231311,16.965204,14.416148
1784109543604,73.280000,-6.313863,-80.233940,-55.526101,-60.188822,-20.045118,-70.421723,15.788567,19.451403,-2.196724,14.564368
1784109543624,73.300000,-3.879513,-50.115646,-54.009899,-63.098330,12.982684,-63.115682,16.085086,19.674739,-19.755517,12.551862
1784109543644,73.320000,-36.255486,-77.818890,-52.448323,-62.651395,-15.167495,-52.843695,16.397683,19.904192,-33.219498,7.874417
1784109543664,73.340000,-27.680160,-39.667156,-50.843747,-64.941146,25.273990,-40.761785,16.728309,20.142428,-41.385871,0.491885
1784109543684,73.360000,-45.126038,-22.468560,-49.198927,-63.142937,40.674377,-22.574686,17.078634,20.391890,-44.472135,-9.031838
1784109543704,73.380000,-17.275740,-6.064785,-47.516997,-59.780894,53.716109,0.325649,17.450033,20.654794,-43.666431,-19.548600
1784109543724,73.400000,-40.359430,-31.483051,-45.801428,-55.112818,23.629767,14.304716,17.843573,20.933114,-40.120999,-29.509995
1784109543744,73.420000,-17.092667,6.574935,-44.055959,-53.422056,59.996991,16.710518,18.260005,21.228586,-34.188238,-37.294582
1784109543764,73.440000,-26.144775,-19.239202,-42.284547,-48.116486,28.877284,15.787285,18.699760,21.542708,-25.570961,-41.597180
1784109543784,73.460000,0.859646,4.787724,-40.491296,-45.908717,50.696441,13.824298,19.162941,21.876745,-13.937765,-41.729465
1784109543804,73.480000,-10.718626,-10.404926,-38.680386,-41.543697,31.138771,11.751145,19.649324,22.231733,0.423053,-37.705560
1784109543824,73.500000,37.243267,28.712990,-36.855989,-39.134730,67.847720,13.219690,20.158360,22.608488,15.985694,-30.111567
1784109543844,73.520000,29.260221,6.908922,-35.022172,-33.127008,40.035930,17.903251,20.689174,23.007618,30.022683,-19.859062
1784109543864,73.540000,71.366060,32.222760,-33.182787,-29.933047,62.155807,20.648218,21.240575,23.429529,39.662119,-7.939071
1784109543884,73.560000,40.957947,0.373747,-31.341379,-24.613653,24.987400,17.819125,21.811064,23.874434,43.212785,4.719281
1784109543904,73.580000,61.055610,17.695948,-29.501146,-23.032669,40.728617,9.686982,22.398841,24.342362,40.651112,17.220537
1784109543924,73.600000,29.644941,-24.488907,-27.664954,-19.942587,-4.546320,-1.936968,23.001820,24.833160,32.984661,28.573233
1784109543944,73.620000,46.312515,0.545592,-25.835394,-21.349262,21.894854,-13.409867,23.617642,25.346498,21.342218,37.649036
1784109543964,73.640000,15.008152,-37.480995,-24.014838,-20.149716,-17.331279,-20.826507,24.243691,25.881863,6.699005,43.350830
1784109543984,73.660000,21.135770,-21.528942,-22.205509,-22.815927,1.286985,-24.929372,24.877113,26.438560,-9.736714,44.909443
1784109544004,73.680000,-16.338234,-46.385094,-20.409542,-23.613749,-22.771345,-26.458421,25.514835,27.015697,-26.108762,42.108650
1784109544024,73.700000,-22.290615,-28.743969,-18.629079,-26.743952,-2.000017,-24.683343,26.153590,27.612176,-40.190411,35.305252
1784109544044,73.720000,-41.267260,-49.176070,-16.866351,-27.781941,-21.394129,-20.401439,26.789937,28.226674,-50.468827,25.283508
1784109544064,73.740000,-20.900948,-14.849181,-15.123749,-30.682374,15.833193,-12.842919,27.420289,28.857626,-56.986286,13.101097
1784109544084,73.760000,-41.023296,-16.770080,-13.403829,-29.898441,13.128361,-0.026719,28.040944,29.503205,-60.873917,0.029460
1784109544104,73.780000,-20.445875,15.897034,-11.709284,-29.413569,45.310603,16.164980,28.648111,30.161295,-63.094902,-12.484555
1784109544124,73.800000,-43.005573,4.391807,-10.042904,-25.851049,30.242855,29.905968,29.237946,30.829478,-63.580020,-22.981000
1784109544144,73.820000,-27.065025,34.708088,-8.407552,-23.882275,58.590363,37.773976,29.806581,31.505010,-61.304820,-30.289116
1784109544164,73.840000,-32.430717,11.560506,-6.806135,-19.273694,30.834200,39.294164,30.350164,32.184804,-55.173408,-33.803524
1784109544184,73.860000,5.364980,44.518635,-5.241560,-17.527021,62.045656,36.364400,30.864894,32.865426,-44.795214,-33.541477
1784109544204,73.880000,-8.609757,14.105425,-3.716655,-12.874258,26.979683,31.481641,31.347053,33.543088,-30.488909,-29.957542
1784109544224,73.900000,42.237034,23.700232,-2.234071,-11.794415,35.494647,22.933053,31.793050,34.213654,-13.049763,-23.675787
1784109544244,73.920000,34.011963,-11.278370,-0.796184,-9.966525,-1.311845,9.766994,32.199455,34.872655,6.316449,-15.314200
1784109544264,73.940000,76.627690,-4.431914,0.595006,-11.750254,7.318340,-5.005685,32.563033,35.515314,26.029700,-5.451719
1784109544284,73.960000,82.151330,-23.279184,1.937971,-12.640177,-10.639007,-16.212237,32.880781,36.136585,44.141545,5.330438
1784109544304,73.980000,117.515854,0.158528,3.231737,-15.203079,15.361607,-19.050269,33.149962,36.731202,58.617894,16.415121
1784109544324,74.000000,106.343340,-7.685491,4.475951,-15.178500,7.493009,-13.186788,33.368132,37.293732,67.970398,27.139627
1784109544344,74.020000,132.994920,19.639643,5.670917,-15.914808,35.554451,-2.284481,33.533168,37.818652,71.655228,36.788944
1784109544364,74.040000,102.874620,4.919996,6.817576,-13.981325,18.901321,8.181366,33.643297,38.300425,69.961046,44.582672
1784109544384,74.060000,122.683930,39.090153,7.917445,-13.761274,52.851427,15.747803,33.697110,38.733583,63.505641,49.687510
1784109544404,74.080000,96.427450,6.011883,8.972533,-10.402088,16.413971,19.011437,33.693580,39.112819,52.796474,51.315630
1784109544424,74.100000,107.006020,30.385650,9.985243,-10.727640,41.113290,16.090022,33.632078,39.433079,38.481805,48.913010
1784109544444,74.120000,68.089030,19.550348,10.958275,-8.777911,28.328259,11.817526,33.512376,39.689658,22.100111,42.346073
1784109544464,74.140000,73.633000,56.290382,11.894508,-8.220004,64.510386,12.882478,33.334652,39.878083,6.474924,31.969942
1784109544484,74.160000,26.198786,40.982580,12.796869,-4.375459,45.358039,18.654727,33.099487,39.994443,-4.809611,18.538584
1784109544504,74.180000,47.127040,82.243850,13.668208,-2.644415,84.888265,25.404041,32.807864,40.035638,-8.869424,3.039646
1784109544524,74.200000,26.149158,57.110397,14.511196,2.631793,54.478604,29.911426,32.461154,39.999243,-5.124055,-13.409851
1784109544544,74.220000,66.705720,69.600716,15.328291,4.671856,64.928860,27.071139,32.061105,39.883562,4.162598,-29.550323
1784109544564,74.240000,49.575860,33.496800,16.121772,7.554930,25.941870,14.989215,31.609821,39.687673,14.760942,-43.937115
1784109544584,74.260000,86.983790,39.023865,16.893799,6.563747,32.460118,-2.426209,31.109745,39.411458,22.124330,-55.032482
1784109544604,74.280000,71.095600,-6.313863,17.646477,6.265600,-12.579463,-21.024937,30.563632,39.055618,23.219226,-61.501987
1784109544624,74.300000,74.919586,-3.879513,18.381898,1.654703,-5.534215,-38.187604,29.974523,38.621675,18.108924,-62.607807
1784109544644,74.320000,33.759052,-36.255486,19.102133,-2.069737,-34.185749,-50.453496,29.345711,38.111952,10.189250,-58.524860
1784109544664,74.340000,37.452460,-27.680160,19.809156,-8.472033,-19.208127,-55.439879,28.680712,37.529545,4.305183,-50.439330
1784109544684,74.360000,22.218980,-45.126038,20.504747,-13.201889,-31.924149,-52.958736,27.983223,36.878279,3.890674,-40.318950
1784109544704,74.380000,44.166496,-17.275740,21.190433,-19.066725,1.790985,-42.772105,27.257093,36.162642,9.142567,-30.331610
1784109544724,74.400000,33.620310,-40.359430,21.867496,-21.356707,-19.002723,-28.318622,26.506277,35.387722,17.014481,-22.115662
1784109544744,74.420000,65.981680,-17.092667,22.537012,-25.594313,8.501646,-15.597620,25.734797,34.559115,22.562092,-16.280800
1784109544764,74.440000,41.493416,-26.144775,23.199906,-26.864297,0.719522,-5.315716,24.946703,33.682842,21.088105,-12.398974
1784109544784,74.460000,60.593643,0.859646,23.857005,-28.736174,29.595820,4.771903,24.146030,32.765244,10.491598,-9.439954
1784109544804,74.480000,-6.955965,-10.718626,24.509026,-27.441410,16.722784,14.214797,23.336758,31.812888,-7.257167,-6.402381
1784109544824,74.500000,-5.031679,37.243267,25.156504,-27.225383,64.468650,24.185238,22.522768,30.832453,-26.736163,-2.873308
1784109544844,74.520000,-50.139910,29.260221,25.799660,-21.849477,51.109698,36.124622,21.707808,29.830634,-41.630884,0.723617
1784109544864,74.540000,-41.067420,71.366060,26.438283,-17.505659,88.871719,46.982615,20.895449,28.814035,-47.510343,3.348316
1784109544884,74.560000,-51.971180,40.957947,27.071668,-8.959070,49.917017,51.077376,20.089054,27.789077,-43.553705,3.953667
1784109544904,74.580000,-21.707567,61.055610,27.698626,-4.065080,65.120690,44.095197,19.291741,26.761903,-32.774940,2.158766
1784109544924,74.600000,-13.130272,29.644941,28.317577,2.623009,27.021932,28.624191,18.506354,25.738297,-20.524161,-1.383865
1784109544944,74.620000,18.295074,46.312515,28.926683,5.610764,40.701751,11.038655,17.735434,24.723614,-11.622961,-5.101405
1784109544964,74.640000,-38.871826,15.008152,29.523986,10.104879,4.903273,-4.372722,16.981198,23.722718,-7.855885,-7.058813
1784109544984,74.660000,-6.619156,21.135770,30.107455,11.019178,10.116592,-17.251848,16.245513,22.739929,-8.185123,-5.777131
1784109545004,74.680000,-18.131920,-16.338234,30.674979,12.460110,-28.798344,-29.331565,15.529886,21.778985,-10.851774,-0.901489
1784109545024,74.700000,-10.901688,-22.290615,31.224380,9.884825,-32.175440,-41.962047,14.835446,20.843014,-14.201309,6.714247
1784109545044,74.720000,-37.101864,-41.267260,31.753443,6.833944,-48.101204,-52.301062,14.162937,19.934516,-16.332546,15.510810
1784109545064,74.740000,-15.612535,-20.900948,32.259917,2.005686,-22.906634,-53.451742,13.512716,19.055353,-15.511959,23.875860
1784109545084,74.760000,-38.500317,-41.023296,32.741519,-0.419567,-40.603729,-44.939620,12.884749,18.206751,-11.170584,30.559486
1784109545104,74.780000,-7.641746,-20.445875,33.195946,-4.779957,-15.665918,-32.667284,12.278619,17.389309,-4.576404,34.844524
1784109545124,74.800000,-14.631270,-43.005573,33.620914,-6.750940,-36.254633,-21.502273,11.693531,16.603013,1.225469,36.610992
1784109545144,74.820000,9.280933,-27.065025,34.014226,-10.937681,-16.127344,-13.816246,11.128325,15.847261,2.534226,36.301510
1784109545164,74.840000,-11.631522,-32.430717,34.373833,-13.223308,-19.207409,-7.224025,10.581496,15.120884,-3.202133,34.730620
1784109545184,74.860000,-8.475465,5.364980,34.697866,-15.937372,21.302352,3.801620,10.051210,14.422183,-15.916859,32.750430
1784109545204,74.880000,-49.977005,-8.609757,34.984614,-14.638190,6.028433,18.535406,9.535332,13.748959,-32.606938,30.873993
1784109545224,74.900000,-42.109848,42.237034,35.232449,-14.939144,57.176178,33.329105,9.031451,13.098550,-48.324591,29.033957
1784109545244,74.920000,-87.968690,34.011963,35.439743,-10.104252,44.116215,47.436243,8.536914,12.467873,-57.989373,26.630804
1784109545264,74.940000,-55.074554,76.627690,35.604789,-6.585184,83.212874,58.537421,8.048858,11.853460,-58.430058,22.870764
1784109545284,74.960000,-62.281303,82.151330,35.725778,0.894322,81.257008,66.411994,7.564251,11.251508,-49.722227,17.250822
1784109545304,74.980000,-16.802942,117.515854,35.800850,8.215748,109.300106,71.866633,7.079927,10.657918,-34.798787,9.981894
1784109545324,75.000000,-17.182539,106.343340,35.828217,18.411241,87.932099,71.937113,6.592635,10.082940,-17.645360,2.135732
1784109545344,75.020000,12.906725,132.994920,35.806293,26.496306,106.498614,64.831913,6.099076,9.492704,-1.469260,-4.614424
1784109545364,75.040000,11.785503,102.874620,35.733806,36.478669,66.395951,50.740544,5.595954,8.897204,12.119870,-8.592071
1784109545384,75.060000,40.794700,122.683930,35.609883,42.430310,80.253620,31.476532,5.080017,8.291714,22.970573,-8.758078
1784109545404,75.080000,34.711280,96.427450,35.434100,49.756950,46.670500,11.876786,4.548108,7.671491,31.944915,-5.064064
1784109545424,75.100000,51.733856,107.006020,35.206528,53.672215,53.333805,-5.253542,3.997203,7.031836,40.311693,1.595845
1784109545444,75.120000,38.727730,68.089030,34.927730,58.204510,9.884520,-21.357005,3.424462,6.368165,48.645835,9.709937
1784109545464,75.140000,79.581380,73.633000,34.598754,58.302908,15.330092,-37.515607,2.827267,5.676075,55.647060,17.570791
1784109545484,75.160000,73.776566,26.198786,34.221136,58.864851,-32.666065,-53.343060,2.203264,4.951416,58.311135,23.702185
1784109545504,75.180000,92.535490,47.127040,33.796916,54.519122,-7.392082,-65.595940,1.550398,4.190368,53.931323,27.203646
1784109545524,75.200000,51.024216,26.149158,33.328639,52.618901,-26.469743,-68.117139,0.866949,3.389509,42.263557,27.844430
1784109545544,75.220000,53.225624,66.705720,32.819274,48.729466,17.976254,-58.150193,0.151564,2.545892,25.982179,25.814362
1784109545564,75.240000,12.870287,49.575860,32.272070,49.231147,0.344713,-39.784530,-0.596721,1.657113,9.375499,21.316488
1784109545584,75.260000,27.031460,86.983790,31.690415,47.917664,39.066126,-20.517385,-1.378455,0.721379,-3.407749,14.355423
1784109545604,75.280000,-7.569690,71.095600,31.077702,50.439264,20.656336,-5.038251,-2.193752,-0.262432,-9.572908,4.889736
1784109545624,75.300000,20.104784,74.919586,30.437251,51.085324,23.834262,1.926193,-3.042279,-1.294710,-8.326323,-6.819075
1784109545644,75.320000,11.785698,33.759052,29.772269,52.021937,-18.262885,-3.943784,-3.923247,-2.375074,-0.980667,-19.947792
1784109545664,75.340000,40.698174,37.452460,29.085864,48.736738,-11.284278,-18.635897,-4.835402,-3.502325,9.735809,-33.099620
1784109545684,75.360000,25.792030,22.218980,28.381092,46.152212,-23.933232,-30.786891,-5.777025,-4.674423,20.718191,-44.546980
1784109545704,75.380000,55.995720,44.166496,27.660997,42.325915,1.840581,-31.617845,-6.745937,-5.888473,29.080558,-52.652980
1784109545724,75.400000,41.460365,33.620310,26.928649,41.105502,-7.485192,-22.050052,-7.739503,-7.140721,32.464157,-56.317616
1784109545744,75.420000,47.845380,65.981680,26.187158,38.998458,26.983222,-7.287911,-8.754649,-8.426565,29.468783,-55.267470
1784109545764,75.440000,30.382380,41.493416,25.439661,40.373625,1.119791,6.284544,-9.787874,-9.740588,19.981401,-50.099840
1784109545784,75.460000,33.266150,60.593643,24.689281,39.223319,21.370324,12.740430,-10.835270,-11.076597,5.450064,-42.109190
1784109545804,75.480000,-16.759197,-6.955965,23.939062,40.149970,-47.105935,6.893718,-11.892550,-12.427679,-10.881698,-32.981007
1784109545824,75.500000,-22.234282,-5.031679,23.191858,34.352442,-39.384121,-12.186927,-12.955074,-13.786281,-24.789464,-24.459967
1784109545844,75.520000,-46.060368,-50.139910,22.450212,29.457263,-79.597173,-33.936189,-14.017880,-15.144285,-33.115554,-18.057196
1784109545864,75.540000,-23.026573,-41.067420,21.716262,20.730079,-61.797499,-47.377574,-15.075719,-16.493118,-35.268234,-14.764268
1784109545884,75.560000,-35.891876,-51.971180,20.991725,13.964779,-65.935959,-47.164043,-16.123092,-17.823848,-32.780891,-14.753959
1784109545904,75.580000,-19.623104,-21.707567,20.277936,6.982386,-28.689953,-32.393268,-17.154292,-19.127311,-27.624573,-17.224863
1784109545924,75.600000,-33.077680,-13.130272,19.575905,3.872020,-17.002292,-7.548391,-18.163443,-20.394228,-20.863590,-20.610120
1784109545944,75.620000,-15.784884,18.295074,18.886358,2.056173,16.238901,20.138357,-19.144543,-21.615333,-12.394423,-23.128275
1784109545964,75.640000,-30.775920,-38.871826,18.209778,3.626380,-42.498206,35.774339,-20.091516,-22.781501,-1.588279,-23.382942
1784109545984,75.660000,-4.010642,-6.619156,17.546446,-0.522771,-6.096385,32.330303,-20.998250,-23.883876,11.574366,-20.715195
1784109546004,75.680000,0.676078,-18.131920,16.896485,-0.951415,-17.180505,24.863133,-21.858652,-24.913992,25.658043,-15.206505
1784109546024,75.700000,26.210157,-10.901688,16.259948,-2.397138,-8.504550,22.767725,-22.666693,-25.863895,38.061233,-7.422865
1784109546044,75.720000,3.894717,-37.101864,15.636896,-2.911826,-34.190038,20.505562,-23.416457,-26.726246,46.036124,1.888402
1784109546064,75.740000,36.574986,-15.612535,15.027447,-5.885481,-9.727053,16.772816,-24.102194,-27.494426,47.381426,11.952722
1784109546084,75.760000,-3.932364,-38.500317,14.431798,-6.366134,-32.134183,14.532590,-24.718368,-28.162614,40.894023,21.952140
1784109546104,75.780000,20.323853,-7.641746,13.850204,-8.996210,1.354463,15.369852,-25.259703,-28.725864,27.048777,30.976995
1784109546124,75.800000,-30.665035,-14.631270,13.282940,-8.275310,-6.355960,20.760233,-25.721239,-29.180157,8.722694,38.068030
1784109546144,75.820000,-67.159744,9.280933,12.730207,-8.312263,17.593196,28.679883,-26.098372,-29.522436,-9.128211,42.312850
1784109546164,75.840000,-71.807625,-11.631522,12.191995,-6.012374,-5.619148,33.313783,-26.386905,-29.750627,-21.912675,42.919834
1784109546184,75.860000,-62.377860,-8.475465,11.667947,-6.036167,-2.439298,29.874624,-26.583091,-29.863633,-27.958890,39.369072
1784109546204,75.880000,-79.922070,-49.977005,11.157336,-5.759072,-44.217933,16.788385,-26.683673,-29.859919,-28.477717,31.737360
1784109546224,75.900000,-45.609640,-42.109848,10.659094,-9.559273,-32.550575,-1.357731,-26.685927,-29.742481,-25.769336,21.012514
1784109546244,75.920000,-81.238210,-87.968690,10.171880,-12.129121,-75.839569,-18.246033,-26.587693,-29.512953,-21.498876,9.050871
1784109546264,75.940000,-62.257065,-55.074554,9.694125,-18.832184,-36.242370,-28.232310,-26.387409,-29.173723,-16.127031,-1.946867
1784109546284,75.960000,-66.298180,-62.281303,9.224071,-21.505807,-40.775496,-24.536227,-26.084138,-28.727851,-9.800813,-10.143796
1784109546304,75.980000,-44.756668,-16.802942,8.759806,-24.550311,7.747369,-7.207868,-25.677594,-28.178978,-3.233228,-14.528577
1784109546324,76.000000,-57.397125,-17.182539,8.299338,-22.823972,5.641433,16.249804,-25.168161,-27.531227,2.403662,-14.958797
1784109546344,76.020000,-33.377808,12.906725,7.840659,-21.385562,34.292287,36.331471,-24.556902,-26.789109,5.874628,-11.924366
1784109546364,76.040000,-44.565110,11.785503,7.381801,-17.261812,29.047315,47.762505,-23.845580,-25.957428,6.281360,-6.277456
1784109546384,76.060000,-36.421646,40.794700,6.920877,-13.825895,54.620595,52.060677,-23.036650,-25.041186,3.613724,0.951809
1784109546404,76.080000,-65.895615,34.711280,6.456096,-8.091006,42.802286,51.883150,-22.133271,-24.045503,-1.167031,8.667659
1784109546424,76.100000,-43.526670,51.733856,5.985748,-3.754255,55.488111,47.825657,-21.139292,-22.975547,-6.907806,15.782388
1784109546444,76.120000,-66.546610,38.727730,5.508175,1.584542,37.143188,39.864609,-20.059247,-21.836472,-12.966996,21.313547
1784109546464,76.140000,-43.718600,79.581380,5.021766,4.890973,74.690407,32.773193,-18.898335,-20.633377,-18.969146,24.556587
1784109546484,76.160000,-85.402830,73.776566,4.524963,11.602007,62.174559,31.496492,-17.662404,-19.371275,-24.222838,25.253550
1784109546504,76.180000,-59.800920,92.535490,4.016241,16.757586,75.777904,31.838660,-16.357921,-18.055090,-27.926353,23.601501
1784109546524,76.200000,-71.502780,51.024216,3.494091,22.908096,28.116120,24.216188,-14.991946,-16.689657,-29.868192,20.098707
1784109546544,76.220000,-55.214462,53.225624,2.957028,24.123609,29.102015,4.921026,-13.572089,-15.279754,-30.380499,15.395042
1784109546564,76.240000,-66.553170,12.870287,2.403625,25.259775,-12.389488,-19.967109,-12.106476,-13.830135,-29.675477,10.227097
1784109546584,76.260000,-50.164787,27.031460,1.832544,22.249085,4.782375,-40.924943,-10.603698,-12.345595,-27.557674,5.352869
1784109546604,76.280000,-64.010124,-7.569690,1.242556,20.877025,-28.446715,-52.719408,-9.072765,-10.831027,-23.752897,1.412308
1784109546624,76.300000,-32.225037,20.104784,0.632567,16.256771,3.848013,-55.005763,-7.523051,-9.291506,-18.516188,-1.213634
1784109546644,76.320000,-29.307215,11.785698,0.001654,14.786786,-3.001088,-47.464481,-5.964236,-7.732367,-12.722266,-2.418717
1784109546664,76.340000,-15.522978,40.698174,-0.650870,12.586878,28.111296,-32.708158,-4.406246,-6.159290,-7.073736,-2.263111
1784109546684,76.360000,-21.115488,25.792030,-1.325400,13.300440,12.491590,-17.627755,-2.859188,-4.578385,-1.490125,-0.877507
1784109546704,76.380000,6.482450,55.995720,-2.022018,12.336228,43.659492,-6.405926,-1.333285,-2.996266,4.560452,1.523485
1784109546724,76.400000,-3.661118,41.460365,-2.740466,14.218545,27.241820,1.094250,0.161190,-1.420120,11.452693,4.582533
1784109546744,76.420000,22.805048,47.845380,-3.480131,14.279626,33.565754,3.326130,1.613986,0.142239,18.960581,7.818880
1784109546764,76.440000,21.563772,30.382380,-4.240024,14.769912,15.612468,-0.594497,3.014942,1.682332,25.905528,10.741811
1784109546784,76.460000,51.095150,33.266150,-5.018762,13.359786,19.906364,-7.602189,4.354055,3.190999,30.302845,12.976176
1784109546804,76.480000,31.325440,-16.759197,-5.814544,12.263253,-29.022450,-18.589366,5.621555,4.658401,30.156018,14.327504
1784109546824,76.500000,55.338005,-22.234282,-6.625157,6.369444,-28.603726,-34.952141,6.807967,6.074053,24.280056,14.751550
1784109546844,76.520000,23.498428,-46.060368,-7.448009,0.594757,-46.655125,-49.366967,7.904183,7.426873,12.804797,14.236682
1784109546864,76.540000,31.261192,-23.026573,-8.280198,-6.882715,-16.143858,-52.037503,8.901525,8.705264,-2.636543,12.672909
1784109546884,76.560000,0.592479,-35.891876,-9.118606,-11.297097,-24.594779,-41.422702,9.791809,9.897218,-19.149650,9.804652
1784109546904,76.580000,1.391908,-19.623104,-9.960014,-16.553476,-3.069628,-25.012064,10.567405,10.990444,-33.199393,5.307146
1784109546924,76.600000,-19.055609,-33.077680,-10.801207,-19.657242,-13.420438,-10.565092,11.221297,11.972519,-41.494479,-1.048115
1784109546944,76.620000,-3.757344,-15.784884,-11.639058,-23.811028,8.026144,-0.390905,11.747132,12.831058,-41.964290,-9.200738
1784109546964,76.640000,-7.620568,-30.775920,-12.470579,-25.770201,-5.005719,6.206270,12.139274,13.553902,-34.438504,-18.650880
1784109546984,76.660000,27.423157,-4.010642,-13.292908,-29.016612,25.005970,11.662104,12.392852,14.129314,-20.720052,-28.413935
1784109547004,76.680000,33.026480,0.676078,-14.103252,-29.092249,29.768327,20.095803,12.503796,14.546191,-3.927584,-37.118717
1784109547024,76.700000,65.592400,26.210157,-14.898806,-28.472325,54.682482,31.841378,12.468879,14.794268,12.650699,-43.259888
1784109547044,76.720000,63.150948,3.894717,-15.676660,-24.980711,28.875427,39.719626,12.285748,14.864336,26.566623,-45.565426
1784109547064,76.740000,85.706470,36.574986,-16.433739,-23.824284,60.399270,40.125517,11.952946,14.748438,36.608319,-43.375492
1784109547084,76.760000,80.766480,-3.932364,-17.166771,-19.076712,15.144348,34.402603,11.469935,14.440061,42.645834,-36.885870
1784109547104,76.780000,99.166466,20.323853,-17.872282,-18.683104,39.006957,23.264538,10.837111,13.934310,45.392358,-27.135767
1784109547124,76.800000,72.548454,-30.665035,-18.546614,-15.594034,-15.071001,8.598033,10.055805,13.228056,46.176212,-15.746305
1784109547144,76.820000,96.329510,-67.159744,-19.185968,-17.915973,-49.243771,-14.288013,9.128290,12.320061,46.340232,-4.540249
1784109547164,76.840000,63.518368,-71.807625,-19.786475,-23.840122,-47.967503,-40.711425,8.057767,11.211066,46.391899,4.822999
1784109547184,76.860000,90.762695,-62.377860,-20.344253,-29.799601,-32.578259,-52.336503,6.848357,9.903856,45.430550,11.131294
1784109547204,76.880000,77.445550,-79.922070,-20.855471,-34.289640,-45.632430,-46.821024,5.505074,8.403276,41.450620,13.810153
1784109547224,76.900000,86.554565,-45.609640,-21.316373,-40.204755,-5.404885,-31.993733,4.033803,6.716217,32.977311,12.994850
1784109547244,76.920000,47.234646,-81.238210,-21.723315,-42.016037,-39.222173,-15.704723,2.441260,4.851564,21.028626,9.413251
1784109547264,76.940000,30.794200,-62.257065,-22.072851,-47.269922,-14.987143,-6.593277,0.734952,2.820107,9.395090,4.047811
1784109547284,76.960000,4.542574,-66.298180,-22.361864,-50.044844,-16.253336,-1.644849,-1.076866,0.634412,2.605084,-2.291953
1784109547304,76.980000,24.493540,-44.756668,-22.587688,-52.886600,8.129932,6.025827,-2.985252,-1.691329,3.229152,-9.190120
1784109547324,77.000000,12.720770,-57.397125,-22.748168,-53.132141,-4.264984,14.917803,-4.980626,-4.141492,10.679776,-16.440973
1784109547344,77.020000,29.704666,-33.377808,-22.841646,-54.500136,21.122328,21.949509,-7.052843,-6.699227,21.706327,-23.638962
1784109547364,77.040000,27.495441,-44.565110,-22.866910,-53.126480,8.561370,26.764073,-9.191251,-9.346684,31.442209,-29.942041
1784109547384,77.060000,52.244347,-36.421646,-22.823139,-52.846959,16.425313,27.836738,-11.384768,-12.065265,34.840673,-34.214620
1784109547404,77.080000,20.691095,-65.895615,-22.709841,-51.597160,-14.298455,22.219368,-13.621955,-14.835867,28.772490,-35.422546
1784109547424,77.100000,13.509876,-43.526670,-22.526827,-53.314552,9.787882,12.874402,-15.891092,-17.639145,13.732446,-33.056660
1784109547444,77.120000,-31.876102,-66.546610,-22.274265,-52.453786,-14.092824,6.169401,-18.180256,-20.455759,-6.142995,-27.441978
1784109547464,77.140000,-46.246130,-43.718600,-21.952780,-53.861528,10.142928,3.727637,-20.477402,-23.265375,-24.670100,-19.809456
1784109547484,77.160000,-94.485170,-85.402830,-21.563580,-52.673817,-32.729013,1.442049,-22.770445,-26.052498,-36.177010,-12.023689
1784109547504,77.180000,-68.689410,-59.800920,-21.108568,-55.675429,-4.125491,-3.589855,-25.047334,-28.799203,-38.238567,-6.000910
1784109547524,77.200000,-81.520195,-71.502780,-20.590370,-55.665796,-15.836984,-5.904436,-27.296139,-31.488386,-32.952919,-3.013923
1784109547544,77.220000,-43.607080,-55.214462,-20.012276,-56.693289,1.478827,-2.836960,-29.505124,-34.103928,-25.572627,-3.157693
1784109547564,77.240000,-69.155810,-66.553170,-19.378116,-55.837645,-10.715525,1.688185,-31.662821,-36.630842,-21.411005,-5.246642
1784109547584,77.260000,-66.687000,-50.164787,-18.692144,-56.070064,5.905277,5.252404,-33.758105,-39.055378,-23.275654,-7.291604
1784109547604,77.280000,-100.535840,-64.010124,-17.958985,-54.505716,-9.504408,6.943577,-35.780262,-41.365111,-31.021390,-7.395679
1784109547624,77.300000,-90.831345,-32.225037,-17.183641,-54.370312,22.145275,8.847957,-37.719052,-43.548993,-42.687211,-4.585864
1784109547644,77.320000,-125.672120,-29.307215,-16.371499,-50.961089,21.653874,14.929546,-39.564772,-45.597384,-55.525592,0.886280
1784109547664,77.340000,-127.466736,-15.522978,-15.528339,-47.517673,31.994695,22.654914,-41.308307,-47.502053,-66.470019,7.849899
1784109547684,77.360000,-148.664730,-21.115488,-14.660343,-42.984103,21.868615,25.888934,-42.941183,-49.256152,-72.705790,14.817275
1784109547704,77.380000,-135.955230,6.482450,-13.774085,-39.434028,45.916478,25.531745,-44.455612,-50.854177,-72.362785,20.533844
1784109547724,77.400000,-147.450880,-3.661118,-12.876492,-33.488533,29.827414,24.690436,-45.844525,-52.291902,-64.897756,24.325510
1784109547744,77.420000,-111.774640,22.805048,-11.974765,-29.185843,51.990891,23.472263,-47.101610,-53.566299,-51.107149,26.234980
1784109547764,77.440000,-110.709305,21.563772,-11.076249,-22.749206,44.312978,22.867055,-48.221333,-54.675453,-32.688857,26.960703
1784109547784,77.460000,-80.131390,51.095150,-10.188289,-17.191835,68.286985,23.971488,-49.198964,-55.618458,-11.527392,27.615920
1784109547804,77.480000,-82.996750,31.325440,-9.318071,-9.412469,40.737909,23.692635,-50.030582,-56.395319,10.492657,29.357763
1784109547824,77.500000,-35.814410,55.338005,-8.472490,-4.565020,59.903025,18.775393,-50.713093,-57.006845,30.992858,32.997100
1784109547844,77.520000,-30.434607,23.498428,-7.658018,1.961426,21.537002,9.226725,-51.244228,-57.454544,47.072525,38.755684
1784109547864,77.540000,-5.707763,31.261192,-6.880567,4.450274,26.810918,-4.748835,-51.622538,-57.740533,56.401324,46.264782
1784109547884,77.560000,-28.741205,0.592479,-6.145396,7.238468,-6.645989,-20.676662,-51.847394,-57.867438,58.329952,54.701885
1784109547904,77.580000,-12.435303,1.391908,-5.457089,6.512101,-5.120193,-35.351724,-51.918970,-57.838318,53.831837,62.899260
1784109547924,77.600000,-37.221260,-19.055609,-4.819588,5.765852,-24.821461,-46.084382,-51.838227,-57.656592,44.686481,69.430595
1784109547944,77.620000,-27.773655,-3.757344,-4.236251,2.931316,-6.688660,-49.566119,-51.606897,-57.325977,32.905021,72.813120
1784109547964,77.640000,-64.990530,-7.620568,-3.709924,1.752175,-9.372744,-44.272638,-51.227459,-56.850439,20.463471,71.841890
1784109547984,77.660000,-46.060234,27.423157,-3.243027,0.162424,27.260733,-30.471055,-50.703109,-56.234158,8.938710,65.899150
1784109548004,77.680000,-71.565445,33.026480,-2.837632,1.983523,31.042957,-10.770896,-50.037733,-55.481500,-0.660049,55.108660
1784109548024,77.700000,-61.532875,65.592400,-2.495512,3.915968,61.676432,9.477826,-49.235872,-54.597003,-7.553328,40.324730
1784109548044,77.720000,-83.258290,63.150948,-2.218191,8.529790,54.621158,24.878241,-48.302691,-53.585372,-10.978014,22.974740
1784109548064,77.740000,-64.249550,85.706470,-2.006971,12.076189,73.630281,32.627803,-47.243931,-52.451481,-10.571510,4.778625
1784109548084,77.760000,-76.428720,80.766480,-1.862953,17.078231,63.688249,33.718866,-46.065879,-51.200385,-6.930847,-12.568896
1784109548104,77.780000,-42.078167,99.166466,-1.787024,20.679570,78.486896,31.042308,-44.775316,-49.837336,-1.731778,-27.628584
1784109548124,77.800000,-48.212322,72.548454,-1.779814,25.284064,47.264390,24.423013,-43.379477,-48.367802,2.982885,-39.311170
1784109548144,77.820000,-29.427158,96.329510,-1.841638,26.446896,69.882614,14.706545,-41.886000,-46.797489,6.046005,-46.908810
1784109548164,77.840000,-43.791283,63.518368,-1.972456,29.444441,34.073927,4.880428,-40.302882,-45.132368,7.882870,-50.159780
1784109548184,77.860000,-26.760117,90.762695,-2.171862,28.644738,62.117957,-3.370478,-38.638425,-43.378691,10.090729,-49.344770
1784109548204,77.880000,-39.265720,77.445550,-2.439099,30.290279,47.155271,-6.623389,-36.901187,-41.543013,14.251995,-45.303288
1784109548224,77.900000,-7.152311,86.554565,-2.773066,30.191048,56.363517,-6.206315,-35.099932,-39.632207,20.740346,-39.260410
1784109548244,77.920000,-13.062824,47.234646,-3.172310,30.730096,16.504550,-9.932800,-33.243576,-37.653473,28.254281,-32.485220
1784109548264,77.940000,14.368746,30.794200,-3.634999,27.293994,3.500206,-23.153546,-31.341139,-35.614340,34.258021,-25.946077
1784109548284,77.960000,4.742484,4.542574,-4.158890,22.690113,-18.147539,-41.448872,-29.401688,-33.522662,35.867640,-20.144398
1784109548304,77.980000,30.714962,24.493540,-4.741319,16.233668,8.259872,-52.069338,-27.434292,-31.386603,30.939048,-15.185249
1784109548324,78.000000,-7.163595,12.720770,-5.379209,12.571537,0.149233,-48.141733,-25.447971,-29.268463,19.232785,-11.002667
1784109548344,78.020000,-2.021991,29.704666,-6.069125,8.333004,21.371662,-34.882180,-23.451641,-27.065751,2.846672,-7.615286
1784109548364,78.040000,-41.589813,27.495441,-6.807382,6.348785,21.146656,-19.446836,-21.454074,-24.844036,-14.676258,-5.305721
1784109548384,78.060000,-33.703293,52.244347,-7.590181,4.526708,47.717639,-4.458516,-19.463844,-22.612603,-29.948208,-4.624784
1784109548404,78.080000,-63.287693,20.691095,-8.413722,5.516581,15.174514,5.239072,-17.489285,-20.380852,-41.114450,-6.171599
1784109548424,78.100000,-34.698193,13.509876,-9.274298,3.595349,9.914527,2.654686,-15.538445,-18.158230,-48.394148,-10.233184
1784109548444,78.120000,-52.382020,-31.876102,-10.168325,1.546064,-33.422166,-12.338517,-13.619043,-15.954159,-53.344884,-16.477730
1784109548464,78.140000,-35.871350,-46.246130,-11.092338,-4.501251,-41.744879,-33.334120,-11.738427,-13.777954,-57.226018,-23.886679
1784109548484,78.160000,-61.062256,-94.485170,-12.042983,-11.155698,-83.329472,-53.586127,-9.903532,-11.638742,-59.824408,-31.002403
1784109548504,78.180000,-50.354763,-68.689410,-13.017026,-22.056102,-46.633308,-64.087233,-8.120846,-9.545371,-59.759991,-36.402970
1784109548524,78.200000,-49.936165,-81.520195,-14.011377,-29.266186,-52.254009,-56.697899,-6.396367,-7.506328,-55.846265,-39.151430
1784109548544,78.220000,-28.766146,-43.607080,-15.023080,-37.106762,-6.500318,-33.851214,-4.735574,-5.529645,-48.117437,-38.955380
1784109548564,78.240000,-19.044563,-69.155810,-16.049269,-40.133030,-29.022780,-7.348784,-3.143392,-3.622814,-37.740334,-35.993480
1784109548584,78.260000,-3.488436,-66.687000,-17.087092,-45.340159,-21.346841,8.791285,-1.624161,-1.792707,-26.260228,-30.620407
1784109548604,78.280000,10.316433,-100.535840,-18.133645,-49.654375,-50.881465,9.685672,-0.181613,-0.045493,-14.909600,-23.196222
1784109548624,78.300000,35.953780,-90.831345,-19.185903,-57.016626,-33.814719,2.719708,1.181151,1.613432,-4.035957,-14.095112
1784109548644,78.320000,18.007797,-125.672120,-20.240659,-62.644618,-63.027502,-3.890575,2.461686,3.179507,7.282083,-3.790222
1784109548664,78.340000,50.925820,-127.466736,-21.294499,-71.370503,-56.096233,-8.714448,3.658210,4.649064,20.584492,7.072012
1784109548684,78.360000,58.120678,-148.664730,-22.343793,-79.529283,-69.135447,-11.216336,4.769621,6.019366,36.583310,17.671501
1784109548704,78.380000,85.454470,-135.955230,-23.384664,-89.198135,-46.757095,-8.426639,5.795498,7.288640,54.410144,27.150145
1784109548724,78.400000,93.546040,-147.450880,-24.412946,-96.685587,-50.765293,0.372920,6.736106,8.456099,71.772796,34.846386
1784109548744,78.420000,126.001880,-111.774640,-25.424144,-104.646404,-7.128236,15.087103,7.592386,9.521942,85.492083,40.469864
1784109548764,78.440000,117.487820,-110.709305,-26.413396,-108.051170,-2.658135,34.866397,8.365948,10.487348,92.470537,44.083410
1784109548784,78.460000,129.966080,-80.131390,-27.375477,-110.785737,30.654347,54.769096,9.059051,11.354458,90.803705,45.914825
1784109548804,78.480000,102.890440,-82.996750,-28.304840,-109.780712,26.783962,69.282158,9.674585,12.126336,80.406279,46.111910
1784109548824,78.500000,102.459595,-35.814410,-29.195724,-108.772624,72.958214,78.984384,10.216035,12.806927,63.064248,44.554290
1784109548844,78.520000,61.465958,-30.434607,-30.042289,-102.526420,72.091813,87.541825,10.687457,13.401001,42.133733,40.821888
1784109548864,78.540000,48.722885,-5.707763,-30.838785,-95.756230,90.048467,92.416668,11.093429,13.914084,21.810179,34.347700
1784109548884,78.560000,14.280860,-28.741205,-31.579732,-86.505066,57.763861,86.738602,11.439013,14.352388,5.816800,24.679276
1784109548904,78.580000,22.414557,-12.435303,-32.260080,-79.946304,67.511001,69.519751,11.729704,14.722730,-3.969908,11.755009
1784109548924,78.600000,3.862936,-37.221260,-32.875318,-71.840455,34.619195,46.714182,11.971376,15.032450,-8.021948,-3.868380
1784109548944,78.620000,24.724415,-27.773655,-33.421519,-66.585964,38.812309,23.754528,12.170227,15.289319,-8.453904,-20.913588
1784109548964,78.640000,3.236328,-64.990530,-33.895331,-60.458194,-4.532336,1.797328,12.332722,15.501459,-7.615229,-37.506187
1784109548984,78.660000,15.505155,-46.060234,-34.293965,-58.364122,12.303888,-17.578377,12.465529,15.677250,-6.923469,-51.562580
1784109549004,78.680000,-9.665035,-71.565445,-34.615178,-54.221957,-17.343488,-30.665354,12.575455,15.825245,-6.667063,-61.329166
1784109549024,78.700000,10.767577,-61.532875,-34.857271,-52.771419,-8.761456,-38.175561,12.669388,15.954087,-6.605342,-65.837130
1784109549044,78.720000,-12.042794,-83.258290,-35.019088,-50.158202,-33.100088,-43.060253,12.754227,16.072427,-6.556012,-65.063710
1784109549064,78.740000,1.099314,-64.249550,-35.099993,-49.740735,-14.508815,-45.157307,12.836822,16.188848,-6.624671,-59.769867
1784109549084,78.760000,-12.364086,-76.428720,-35.099855,-47.174945,-29.253775,-43.166577,12.923909,16.311791,-7.270646,-51.163544
1784109549104,78.780000,2.283163,-42.078167,-35.019019,-45.835967,3.757800,-35.957488,13.022049,16.449483,-9.072402,-40.562916
1784109549124,78.800000,-26.963383,-48.212322,-34.858280,-40.882305,-7.330017,-24.228673,13.137569,16.609878,-12.195156,-29.157408
1784109549144,78.820000,-6.642378,-29.427158,-34.618865,-36.768479,7.341321,-13.220279,13.276504,16.800587,-16.133935,-17.897179
1784109549164,78.840000,-39.426453,-43.791283,-34.302426,-30.914784,-12.876499,-8.095001,13.444542,17.028828,-19.863930,-7.488211
1784109549184,78.860000,-29.096094,-26.760117,-33.911038,-26.876615,0.116498,-8.646008,13.646976,17.301369,-22.294582,1.565420
1784109549204,78.880000,-47.153023,-39.265720,-33.447202,-21.342848,-17.922872,-11.456588,13.888655,17.626634,-23.103288,8.932874
1784109549224,78.900000,-22.022512,-7.152311,-32.913831,-17.478145,10.325834,-11.866723,14.173942,18.007976,-23.279013,14.476289
1784109549244,78.920000,-33.507233,-13.062824,-32.314205,-10.653812,-2.409012,-7.276767,14.506677,18.450442,-24.456975,18.313510
1784109549264,78.940000,-35.585506,14.368746,-31.651913,-5.026177,19.394923,-0.189843,14.890146,18.958427,-27.519007,20.846840
1784109549284,78.960000,-55.585724,4.742484,-30.930808,2.835784,1.906700,5.393389,15.327050,19.535632,-32.039032,22.636040
1784109549304,78.980000,-41.149498,30.714962,-30.155007,8.941210,21.773752,7.930455,15.819488,20.185025,-36.960165,24.132975
1784109549324,79.000000,-60.153550,-7.163595,-29.328887,16.993739,-24.157334,4.743019,16.368939,20.908805,-41.260967,25.489740
1784109549344,79.020000,-46.582848,-2.021991,-28.457055,20.347637,-22.369628,-7.216178,16.976254,21.708375,-43.998235,26.599495
1784109549364,79.040000,-70.260056,-41.589813,-27.544323,23.745249,-65.335062,-24.828143,17.641650,22.584309,-44.352942,27.286041
1784109549384,79.060000,-36.975450,-33.703293,-26.595679,22.680269,-56.383562,-41.368752,18.364716,23.536337,-41.988758,27.456390
1784109549404,79.080000,-45.411312,-63.287693,-25.616232,22.333909,-85.621602,-51.536733,19.144417,24.563331,-37.047476,27.167910
1784109549424,79.100000,-16.806435,-34.698193,-24.611132,18.884391,-53.582584,-51.865430,19.979114,25.663294,-29.392577,26.660334
1784109549444,79.120000,-56.568832,-52.382020,-23.585487,18.450127,-70.832147,-42.278385,20.866577,26.833365,-18.359362,26.314941
1784109549464,79.140000,0.932642,-35.871350,-22.544316,16.106538,-51.977888,-28.924692,21.804016,28.069830,-4.243049,26.480448
1784109549484,79.160000,9.817637,-61.062256,-21.492488,15.453777,-76.516033,-18.972535,22.788107,29.368143,10.229501,27.302582
1784109549504,79.180000,54.390835,-50.354763,-20.434604,12.172491,-62.527254,-14.630566,23.815029,30.722954,21.087089,28.772223
1784109549524,79.200000,30.633251,-49.936165,-19.374853,10.110163,-60.046328,-10.860583,24.880502,32.128152,26.015357,30.914598
1784109549544,79.220000,40.650670,-28.766146,-18.316931,8.119288,-36.885434,-1.659668,25.979828,33.576918,25.787401,33.781357
1784109549564,79.240000,23.921204,-19.044563,-17.264053,8.244254,-27.288817,12.976234,27.107936,35.061785,23.084921,37.140020
1784109549584,79.260000,44.060120,-3.488436,-16.219009,9.116174,-12.604610,28.696313,28.259434,36.574712,20.340724,40.212513
1784109549604,79.280000,35.369965,10.316433,-15.184199,11.220782,-0.904349,41.576719,29.428654,38.107162,18.539414,41.832413
1784109549624,79.300000,50.188164,35.953780,-14.161649,14.237727,21.716053,52.170239,30.609705,39.650196,17.296844,40.947994
1784109549644,79.320000,45.181137,18.007797,-13.153019,19.212660,-1.204863,57.583616,31.796527,41.194567,15.512307,37.082104
1784109549664,79.340000,62.526855,50.925820,-12.159612,21.635584,29.290236,55.901069,32.982946,42.730826,12.216544,30.470606
1784109549684,79.360000,40.780746,58.120678,-11.182381,26.782817,31.337861,54.398196,34.162725,44.249428,7.425268,21.889246
1784109549704,79.380000,49.579384,85.454470,-10.221958,31.803703,53.650767,56.889809,35.329617,45.740843,2.318615,12.322970
1784109549724,79.400000,34.234932,93.546040,-9.278706,38.667314,54.878726,60.584180,36.477422,47.195670,-1.572760,2.638537
1784109549744,79.420000,49.160580,126.001880,-8.352776,45.260167,80.741713,63.713858,37.600039,48.604749,-3.464538,-6.600174
1784109549764,79.440000,43.571190,117.487820,-7.444138,53.969096,63.518724,63.657797,38.691513,49.959268,-3.879167,-15.103726
1784109549784,79.460000,70.759890,129.966080,-6.552591,60.537333,69.428747,56.371485,39.746091,51.250870,-4.260514,-22.676530
1784109549804,79.480000,50.016506,102.890440,-5.677745,67.263003,35.627437,40.474484,40.758261,52.471753,-5.786887,-29.050554
1784109549824,79.500000,61.630737,102.459595,-4.819020,70.301195,32.158400,18.130801,41.722808,53.614759,-8.444884,-33.883648
1784109549844,79.520000,45.346737,61.465958,-3.975670,72.715363,-11.249405,-7.258189,42.634845,54.673458,-11.246519,-36.929703
1784109549864,79.540000,69.905250,48.722885,-3.146816,70.702513,-21.979628,-33.229652,43.489863,55.642219,-12.976613,-38.219444
1784109549884,79.560000,39.426315,14.280860,-2.331476,67.606468,-53.325608,-56.120645,44.283760,56.516269,-12.639186,-38.075970
1784109549904,79.580000,65.784874,22.414557,-1.528586,61.535526,-39.120969,-70.121005,45.012876,57.291738,-9.965184,-36.967280
1784109549924,79.600000,64.231926,3.862936,-0.737016,57.019806,-53.156870,-71.990159,45.674024,57.965692,-5.978946,-35.324497
1784109549944,79.620000,83.335880,24.724415,0.044437,51.335324,-26.610909,-63.445946,46.264513,58.536155,-2.591376,-33.403095
1784109549964,79.640000,84.065340,3.236328,0.817083,48.442039,-45.205711,-50.126429,46.782167,59.002107,-1.158115,-31.210077
1784109549984,79.660000,74.367210,15.505155,1.582360,43.945968,-28.440813,-38.740192,47.225343,59.363480,-1.224188,-28.555573
1784109550004,79.680000,58.442104,-9.665035,2.341817,41.317929,-50.982964,-32.369706,47.592942,59.621130,-0.796528,-25.274857
1784109550024,79.700000,88.697075,10.767577,3.097056,36.770651,-26.003074,-28.795062,47.884417,59.776804,1.981202,-21.481833
1784109550044,79.720000,70.206260,-12.042794,3.849699,34.931535,-46.974329,-24.682435,48.099770,59.833090,7.687479,-17.597950
1784109550064,79.740000,95.063140,1.099314,4.601391,31.340462,-30.241148,-20.346949,48.239550,59.793358,15.708387,-14.107219
1784109550084,79.760000,90.897320,-12.364086,5.353813,29.677149,-42.041235,-16.075676,48.304847,59.661694,24.595661,-11.261539
1784109550104,79.780000,118.929260,2.283163,6.108707,27.165608,-24.882445,-10.941837,48.297271,59.442821,32.654788,-8.969437
1784109550124,79.800000,101.324524,-26.963383,6.867897,26.598052,-53.561435,-7.486533,48.218938,59.142018,38.945518,-6.894163
1784109550144,79.820000,124.421860,-6.642378,7.633317,23.562912,-30.205290,-6.998651,48.072444,58.765033,43.966496,-4.652061
1784109550164,79.840000,101.856080,-39.426453,8.406994,23.114522,-62.540975,-7.850870,47.860831,58.317995,49.496856,-2.020780
1784109550184,79.860000,113.109180,-29.096094,9.191027,19.848719,-48.944813,-10.361929,47.587554,57.807318,57.553048,0.918964
1784109550204,79.880000,115.199745,-47.153023,9.987542,18.252291,-65.405314,-12.694710,47.256443,57.239616,68.762904,3.791977
1784109550224,79.900000,143.460980,-22.022512,10.798682,15.344718,-37.367230,-10.460917,46.871653,56.621611,81.379256,6.119993
1784109550244,79.920000,136.455230,-33.507233,11.626631,15.416626,-48.923859,-2.706619,46.437621,55.960044,91.865038,7.606655
1784109550264,79.940000,159.403120,-35.585506,12.473645,14.481574,-50.067080,4.208519,45.959007,55.261599,96.415040,8.322429
1784109550284,79.960000,128.400910,-55.585724,13.342072,13.510732,-69.096456,3.926884,45.440642,54.532816,92.404669,8.628854
1784109550304,79.980000,125.757960,-41.149498,14.234310,10.623697,-51.773195,0.044271,44.887466,53.780029,79.124720,8.864778
1784109550324,80.000000,83.815060,-60.153550,15.152711,9.395186,-69.548736,-1.683320,44.304468,53.009292,57.565435,9.006713
1784109550344,80.020000,66.192180,-46.582848,16.099445,6.188909,-52.771757,-0.610694,43.696626,52.226321,29.715721,8.530420
1784109550364,80.040000,22.338781,-70.260056,17.076337,4.458024,-74.718080,1.213497,43.068837,51.436442,-2.008167,6.557849
1784109550384,80.060000,5.041424,-36.975450,18.084703,0.173158,-37.148608,4.684716,42.425863,50.644541,-34.866206,2.213113
1784109550404,80.080000,-50.860905,-45.411312,19.125201,-0.552986,-44.858326,13.155584,41.772262,49.855029,-65.568104,-4.997094
1784109550424,80.100000,-63.271023,-16.806435,20.197692,-2.311898,-14.494537,24.943202,41.112336,49.071802,-90.452721,-14.958657
1784109550444,80.120000,-107.553795,-56.568832,21.301119,-1.125117,-55.443715,31.741910,40.450069,48.298216,-106.473936,-26.939217
1784109550464,80.140000,-90.285900,0.932642,22.433434,-4.382646,5.315288,32.976061,39.789081,47.539606,-112.450854,-39.714108
1784109550484,80.160000,-105.441770,9.817637,23.591604,-1.544686,11.362323,40.840643,39.132581,46.795440,-109.606324,-51.707355
1784109550504,80.180000,-75.752235,54.390835,24.771698,1.953804,52.437031,57.621781,38.483325,46.067227,-100.896117,-61.118880
1784109550524,80.200000,-85.872390,30.633251,25.969027,9.863266,20.769985,70.351706,37.843584,45.355926,-89.645943,-66.125496
1784109550544,80.220000,-71.431180,40.650670,27.178309,14.717106,25.933564,67.250104,37.215116,44.661940,-78.564809,-65.230140
1784109550564,80.240000,-63.249264,23.921204,28.393806,20.221981,3.699223,50.457992,36.599150,43.985118,-69.613824,-57.683548
1784109550584,80.260000,-42.321285,44.060120,29.609473,23.503248,20.556872,31.797669,35.996369,43.324756,-63.879153,-43.753690
1784109550604,80.280000,-64.615710,35.369965,30.819089,28.552781,6.817184,19.308263,35.406910,42.679617,-60.939680,-24.688316
1784109550624,80.300000,-41.537537,50.188164,32.016365,32.224479,17.963685,12.910434,34.830365,42.047945,-58.781991,-2.441630
1784109550644,80.320000,-61.802540,45.181137,33.195012,37.050566,8.130571,9.296199,34.265791,41.427487,-54.730572,20.676722
1784109550664,80.340000,-36.123810,62.526855,34.348792,40.867686,21.659169,6.922344,33.711730,40.815528,-46.703484,42.363873
1784109550684,80.360000,-39.160076,40.780746,35.471581,46.060812,-5.280066,2.966680,33.166229,40.208925,-34.290456,60.702927
1784109550704,80.380000,7.054438,49.579384,36.557455,48.440171,1.139213,-5.193910,32.626878,39.604150,-19.077509,74.506905
1784109550724,80.400000,4.906565,34.234932,37.600810,51.356458,-17.121526,-15.131003,32.090838,38.997344,-3.732843,83.505940
1784109550744,80.420000,33.586983,49.160580,38.596489,52.250175,-3.089595,-22.352262,31.554889,38.384367,9.462264,88.273160
1784109550764,80.440000,24.918804,43.571190,39.539880,54.400522,-10.829332,-24.235819,31.015474,37.760864,19.372722,89.869354
1784109550784,80.460000,52.993460,70.759890,40.426972,55.592430,15.167460,-20.006690,30.468751,37.122322,25.825053,89.345280
1784109550804,80.480000,40.216385,50.016506,41.254382,59.295516,-9.279010,-13.656894,29.910643,36.464147,29.202063,87.359250
1784109550824,80.500000,56.661873,61.630737,42.019369,60.373185,1.257552,-11.840970,29.336898,35.781724,30.165804,84.076730
1784109550844,80.520000,44.670450,45.346737,42.719821,62.365693,-17.018956,-15.096008,28.743147,35.070490,29.343333,79.306984
1784109550864,80.540000,60.744590,69.905250,43.354224,62.339183,7.566067,-17.907435,28.124959,34.326004,27.084053,72.730965
1784109550884,80.560000,51.731430,39.426315,43.921630,64.673908,-25.247593,-18.704896,27.477905,33.544007,23.634691,64.120720
1784109550904,80.580000,58.168260,65.784874,44.421629,63.546937,2.237937,-19.437173,26.797614,32.720492,19.673519,53.497578
1784109550924,80.600000,34.380905,64.231926,44.854299,65.093316,-0.861390,-16.523149,26.079832,31.851749,16.497177,41.172504
1784109550944,80.620000,65.078720,83.335880,45.220151,66.269322,17.066558,-8.631721,25.320482,30.934428,15.494708,27.663786
1784109550964,80.640000,44.387054,84.065340,45.520075,69.249193,14.816147,0.229501,24.515712,29.965571,17.711790,13.593854
1784109550984,80.660000,67.982530,74.367210,45.755323,72.031024,2.336186,4.109879,23.661952,28.942654,23.860307,-0.350292
1784109551004,80.680000,57.254070,58.442104,45.927494,73.583980,-15.141876,-1.779990,22.755962,27.863608,34.031281,-13.431254
1784109551024,80.700000,101.325920,88.697075,46.038528,73.391979,15.305096,-9.460272,21.794875,26.726843,47.190306,-24.916159
1784109551044,80.720000,85.877310,70.206260,46.090732,76.332370,-6.126110,-10.255489,20.776239,25.531250,61.254602,-34.154910
1784109551064,80.740000,128.057660,95.063140,46.086821,77.188365,17.874775,-6.736523,19.698054,24.276203,73.646819,-40.644165
1784109551084,80.760000,114.892975,90.897320,46.029943,80.559012,10.338308,-1.367265,18.558801,22.961555,81.905459,-44.100025
1784109551104,80.780000,137.629560,118.929260,45.923699,83.281349,35.647911,5.598881,17.357467,21.587617,84.370727,-44.558548
1784109551124,80.800000,106.688736,101.324524,45.772124,88.680240,12.644284,10.921631,16.093569,20.155141,80.616381,-42.463917
1784109551144,80.820000,116.132416,124.421860,45.579617,91.883585,32.538275,11.596744,14.767164,18.665293,71.168290,-38.689938
1784109551164,80.840000,86.789505,101.856080,45.350844,97.201505,4.654575,8.009226,13.378862,17.119621,56.872717,-34.451153
1784109551184,80.860000,82.500595,113.109180,45.090610,99.810355,13.298825,0.901283,11.929823,15.520026,38.625132,-31.077500
1784109551204,80.880000,44.001907,115.199745,44.803740,103.363976,11.835769,-5.165972,10.421762,13.868732,17.473163,-29.709084
1784109551224,80.900000,39.806030,143.460980,44.494934,106.838285,36.622695,-3.790661,8.856935,12.168247,-5.259148,-31.043676
1784109551244,80.920000,-2.154502,136.455230,44.168626,112.866644,23.588586,3.138270,7.238127,10.421342,-27.819521,-35.225674
1784109551264,80.940000,-17.983180,159.403120,43.828856,117.637451,41.765669,9.203170,5.568641,8.631016,-48.035251,-41.875210
1784109551284,80.960000,-46.842884,128.400910,43.479143,124.266153,4.134757,8.743045,3.852268,6.800482,-63.895454,-50.211720
1784109551304,80.980000,-42.576782,125.757960,43.122380,127.128964,-1.371004,-2.121759,2.093270,4.933141,-74.281501,-59.202625
1784109551324,81.000000,-72.788930,83.815060,42.760791,129.421409,-45.606349,-21.559305,0.296347,2.840348,-79.157772,-67.674416
1784109551344,81.020000,-54.410470,66.192180,42.395913,127.240698,-61.048518,-44.729235,-1.533389,0.919978,-79.438024,-74.395386
1784109551364,81.040000,-66.880646,22.338781,42.028631,123.456823,-101.118042,-66.939045,-3.390449,-1.024676,-76.681738,-78.186470
1784109551384,81.060000,-52.155870,5.041424,41.659230,115.596800,-110.555375,-84.164789,-5.269001,-2.989649,-72.344799,-78.076520
1784109551404,81.080000,-55.920273,-50.860905,41.287487,106.726814,-157.587719,-96.461609,-7.162905,-4.970826,-66.852191,-73.461494
1784109551424,81.100000,-53.804375,-63.271023,40.912745,93.090511,-156.361534,-104.720844,-9.065750,-6.963929,-59.105705,-64.231300
1784109551444,81.120000,-64.009270,-107.553795,40.533994,79.524441,-187.078236,-106.947167,-10.970892,-8.964508,-47.079909,-50.851900
1784109551464,81.140000,-25.883883,-90.285900,40.149919,62.846725,-153.132625,-99.154167,-12.871494,-10.967916,-29.415258,-34.341520
1784109551484,81.160000,-23.220612,-105.441770,39.758996,49.527927,-154.969697,-78.252774,-14.760565,-12.969300,-6.536565,-16.052900
1784109551504,81.180000,18.052464,-75.752235,39.359623,35.994119,-111.746354,-47.088193,-16.631001,-14.963579,19.523942,2.698661
1784109551524,81.200000,20.949753,-85.872390,38.950265,26.739077,-112.611467,-12.934914,-18.475627,-16.945431,45.836261,20.955406
1784109551544,81.220000,64.538536,-71.431180,38.529604,17.349367,-88.780547,15.837920,-20.287239,-18.909274,69.217702,38.186115
1784109551564,81.240000,51.031320,-63.249264,38.096648,10.278037,-73.527301,37.342542,-22.058648,-20.849259,86.821102,54.106487
1784109551584,81.260000,76.559510,-42.321285,37.650818,4.650877,-46.972162,55.708264,-23.782723,-22.759265,96.451364,68.413124
1784109551604,81.280000,59.571740,-64.615710,37.191975,1.573290,-66.189000,68.349620,-25.452439,-24.632895,96.559746,80.584145
1784109551624,81.300000,66.836310,-41.537537,36.720405,-3.530138,-38.007399,72.419869,-27.060919,-26.463491,86.494485,89.833190
1784109551644,81.320000,27.600600,-61.802540,36.236759,-5.944654,-55.857886,71.588952,-28.601484,-28.244143,67.184511,95.225580
1784109551664,81.340000,4.409870,-36.123810,35.741947,-10.265293,-25.858517,69.690170,-30.067698,-29.967718,41.480957,95.870180
1784109551684,81.360000,-45.463104,-39.160076,35.236965,-11.729789,-27.430287,70.357306,-31.453414,-31.626894,13.390939,91.078710
1784109551704,81.380000,-43.796370,7.054438,34.722703,-13.491133,20.545571,76.913665,-32.752822,-33.214208,-13.286573,80.499230
1784109551724,81.400000,-92.518900,4.906565,34.199779,-10.628646,15.535211,87.839138,-33.960492,-34.722107,-35.558444,64.309235
1784109551744,81.420000,-98.297590,33.586983,33.668417,-8.427473,42.014456,95.867071,-35.071416,-36.143020,-51.104611,43.423230
1784109551764,81.440000,-119.240906,24.918804,33.128361,-3.750161,28.668965,95.749937,-36.081052,-37.469431,-58.505649,19.534828
1784109551784,81.460000,-107.253710,52.993460,32.578828,-0.550486,53.543946,88.800365,-36.985360,-38.693962,-57.674357,-5.089507
1784109551804,81.480000,-114.799194,40.216385,32.018526,4.987103,35.229282,78.401446,-37.780837,-39.809468,-49.827386,-27.959960
1784109551824,81.500000,-94.220215,56.661873,31.445725,8.581841,48.080032,65.644522,-38.464549,-40.809132,-37.191769,-46.720554
1784109551844,81.520000,-95.597180,44.670450,30.858353,13.356254,31.314196,51.395189,-39.034157,-41.686566,-22.799690,-59.479460
1784109551864,81.540000,-57.212030,60.744590,30.254116,16.385658,44.358932,37.657890,-39.487943,-42.435913,-10.120125,-65.087870
1784109551884,81.560000,-63.044273,51.731430,29.630634,20.652711,31.078719,25.914521,-39.824825,-43.051952,-1.958443,-63.286030
1784109551904,81.580000,-56.610497,58.168260,28.985559,23.553526,34.614734,15.399020,-40.044373,-43.530196,0.936151,-54.699000
1784109551924,81.600000,-73.393875,34.380905,28.316657,26.774927,7.605978,2.998865,-40.146817,-43.866984,0.123173,-40.758755
1784109551944,81.620000,-57.051697,65.078720,27.621814,27.301991,37.776729,-8.663919,-40.133056,-44.059575,-1.625802,-23.567320
1784109551964,81.640000,-89.074680,44.387054,26.899040,30.815509,13.571545,-14.763383,-40.004650,-44.106219,-1.758573,-5.612907
1784109551984,81.660000,-53.672580,67.982530,26.146458,31.907371,36.075159,-17.139542,-39.763823,-44.006233,0.758011,10.689206
1784109552004,81.680000,-68.140690,57.254070,25.362312,35.211227,22.042843,-17.840378,-39.413449,-43.760048,4.794790,23.504654
1784109552024,81.700000,-42.204980,101.325920,24.545008,37.083810,64.242110,-14.571340,-38.957038,-43.369257,7.688072,31.936905
1784109552044,81.720000,-55.153450,85.877310,23.693163,43.072254,42.805056,-7.553987,-38.398720,-42.836635,6.626543,36.089157
1784109552064,81.740000,-38.165405,128.057660,22.805645,46.829652,81.228008,-0.793097,-37.743220,-42.166147,0.087114,36.810368
1784109552084,81.760000,-74.468240,114.892975,21.881577,54.262074,60.630901,3.878161,-36.995827,-41.362945,-11.109379,35.233310
1784109552104,81.780000,-72.723480,137.629560,20.920311,59.482609,78.146951,4.297855,-36.162370,-40.433333,-23.906058,32.300777
1784109552124,81.800000,-101.774790,106.688736,19.921349,66.253679,40.435057,-2.474870,-35.249174,-39.384732,-34.513977,28.470108
1784109552144,81.820000,-82.164400,116.132416,18.884269,69.106243,47.026173,-16.166029,-34.263025,-38.225610,-40.271304,23.716639
1784109552164,81.840000,-87.107320,86.789505,17.808683,72.447835,14.341670,-32.446936,-33.211128,-36.965412,-40.511640,17.841608
1784109552184,81.860000,-65.133410,82.500595,16.694261,72.411154,10.089441,-47.984334,-32.101055,-35.614457,-36.043360,10.906049
1784109552204,81.880000,-70.583450,44.001907,15.540780,71.849671,-27.847764,-62.832617,-30.940700,-34.181686,-28.107326,3.493644
1784109552224,81.900000,-52.036660,39.806030,14.348183,67.486132,-27.680102,-76.067283,-29.738225,-32.681408,-17.957247,-3.381841
1784109552244,81.920000,-43.118187,-2.154502,13.116624,63.145148,-65.299650,-86.357178,-28.502005,-31.126079,-7.211200,-8.639112
1784109552264,81.940000,-19.540136,-17.983180,11.846526,55.158678,-73.141858,-94.679892,-27.240572,-29.528524,1.892901,-11.496039
1784109552284,81.960000,-12.771360,-46.842884,10.538647,46.550578,-93.393462,-100.115455,-25.962555,-27.901791,7.028439,-11.642021
1784109552304,81.980000,4.185873,-42.576782,9.194142,36.163425,-78.740207,-98.147905,-24.676627,-26.259004,6.944526,-9.223907
1784109552324,82.000000,-21.097513,-72.788930,7.814593,27.478155,-100.267085,-88.611199,-23.391438,-24.613218,2.438348,-4.779411
1784109552344,82.020000,-0.633564,-54.410470,6.401991,16.970175,-71.380645,-74.283066,-22.115562,-22.977277,-3.756976,0.799798
1784109552364,82.040000,-41.564728,-66.880646,4.958673,9.622915,-76.503561,-55.467928,-20.857436,-21.363684,-8.218800,6.329573
1784109552384,82.060000,-10.318869,-52.155870,3.487248,2.077072,-54.232942,-34.584247,-19.625303,-19.784467,-8.697052,10.512416
1784109552404,82.080000,-5.852511,-55.920273,1.990530,-2.979684,-52.940589,-14.787220,-18.427157,-18.251074,-5.441047,12.268449
1784109552424,82.100000,13.993078,-53.804375,0.471548,-7.632088,-46.172287,1.205860,-17.270692,-16.774267,-0.579918,11.129716
1784109552444,82.120000,9.781128,-64.009270,-1.066429,-11.341579,-52.667691,10.766272,-16.163247,-15.364037,3.773303,7.466651
1784109552464,82.140000,18.851050,-25.883883,-2.619866,-15.396152,-10.487731,19.425464,-15.111758,-14.029528,6.748438,2.340217
1784109552484,82.160000,11.332336,-23.220612,-4.184977,-15.082160,-8.138452,33.974234,-14.122721,-12.778985,8.669928,-2.983553
1784109552504,82.180000,30.493525,18.052464,-5.757759,-14.389594,32.442058,52.678206,-13.202141,-11.619712,10.387980,-7.545920
1784109552524,82.200000,18.396300,20.949753,-7.334014,-9.662743,30.612496,70.343054,-12.355507,-10.558047,12.786809,-10.925743
1784109552544,82.220000,32.715440,64.538536,-8.909379,-5.141541,69.680077,83.697999,-11.587749,-9.599352,16.515285,-13.161583
1784109552564,82.240000,38.937172,51.031320,-10.479347,3.094906,47.936414,90.160915,-10.903223,-8.748020,21.733712,-14.533321
1784109552584,82.260000,50.974310,76.559510,-12.039275,9.047945,67.511565,87.046122,-10.305681,-8.007489,28.261729,-15.346463
1784109552604,82.280000,43.699120,59.571740,-13.584390,16.771028,42.800712,75.933782,-9.798261,-7.380276,35.978607,-15.793797
1784109552624,82.300000,63.998665,66.836310,-15.109795,21.930524,44.905786,59.611467,-9.383472,-6.868014,44.694617,-15.932152
1784109552644,82.320000,57.750930,27.600600,-16.610494,27.208081,0.392519,38.037739,-9.063195,-6.471503,53.619291,-15.753924
1784109552664,82.340000,83.355510,4.409870,-18.081395,28.074682,-23.664812,9.822235,-8.838682,-6.190764,61.159534,-15.263301
1784109552684,82.360000,73.885010,-45.463104,-19.517322,26.621522,-72.084626,-23.432362,-8.710564,-6.025100,65.367794,-14.486123
1784109552704,82.380000,89.431610,-43.796370,-20.913014,20.455524,-64.251894,-52.487944,-8.678866,-5.973163,64.880491,-13.450410
1784109552724,82.400000,63.096573,-92.518900,-22.263161,15.147800,-107.666700,-70.172283,-8.743024,-6.033016,59.788060,-12.216704
1784109552744,82.420000,63.186115,-98.297590,-23.562457,5.504844,-103.802434,-79.055532,-8.901913,-6.202202,51.774824,-10.968651
1784109552764,82.440000,36.439697,-119.240906,-24.805709,-3.813926,-115.426980,-80.318051,-9.153877,-6.477812,43.340444,-10.089599
1784109552784,82.460000,37.176865,-107.253710,-25.987939,-14.444782,-92.808928,-71.819666,-9.496763,-6.856544,36.581826,-10.123910
1784109552804,82.480000,17.734913,-114.799194,-27.104489,-22.955322,-91.843872,-54.782218,-9.927960,-7.334771,32.165747,-11.589635
1784109552824,82.500000,35.674570,-94.220215,-28.151090,-31.539509,-62.680706,-32.904311,-10.444447,-7.908591,29.033202,-14.717282
1784109552844,82.520000,11.174993,-95.597180,-29.123900,-37.286346,-58.310834,-10.105779,-11.042834,-8.573888,25.163832,-19.253588
1784109552864,82.540000,16.024973,-57.212030,-30.019520,-42.662233,-14.549797,12.629973,-11.719418,-9.326379,18.836369,-24.462618
1784109552884,82.560000,-11.836475,-63.044273,-30.835024,-43.542251,-19.502022,34.017399,-12.470230,-10.161661,9.420981,-29.361448
1784109552904,82.580000,-22.496260,-56.610497,-31.568010,-44.819046,-11.791451,47.157934,-13.291091,-11.075253,-2.594596,-33.084820
1784109552924,82.600000,-46.944023,-73.393875,-32.216662,-45.192183,-28.201692,47.689902,-14.177662,-12.062634,-16.161364,-35.183765
1784109552944,82.620000,-54.261400,-57.051697,-32.779818,-47.143642,-9.908055,41.055639,-15.125503,-13.119282,-30.308766,-35.701893
1784109552964,82.640000,-76.041460,-89.074680,-33.257022,-47.124341,-41.950339,32.457638,-16.130120,-14.240703,-44.288024,-35.020226
1784109552984,82.660000,-84.718760,-53.672580,-33.648557,-50.298323,-3.374257,25.474452,-17.187018,-15.422461,-57.226380,-33.593487
1784109553004,82.680000,-108.053740,-68.140690,-33.955468,-49.450565,-18.690125,25.101674,-18.291752,-16.660212,-67.797166,-31.736540
1784109553024,82.700000,-96.376390,-42.204980,-34.179564,-50.036193,7.831213,29.481116,-19.439966,-17.949722,-74.135070,-29.542353
1784109553044,82.720000,-151.810550,-55.153450,-34.323417,-47.787631,-7.365819,33.445349,-20.627440,-19.286898,-74.234759,-26.914629
1784109553064,82.740000,-109.426560,-38.165405,-34.390345,-46.946203,8.780798,34.012287,-21.850126,-20.667805,-67.496080,-23.669043
1784109553084,82.760000,-107.201870,-74.468240,-34.384370,-44.345314,-30.122926,27.819070,-23.104178,-22.088692,-56.227891,-19.600914
1784109553104,82.780000,-75.598920,-72.723480,-34.310091,-45.625466,-27.098014,13.472358,-24.385984,-23.546007,-44.714139,-14.422181
1784109553124,82.800000,-88.793594,-101.774790,-34.172507,-46.596963,-55.177827,-4.167607,-25.692184,-25.036413,-36.544702,-7.668685
1784109553144,82.820000,-74.820160,-82.164400,-33.976872,-50.452716,-31.711684,-16.739228,-27.019686,-26.556807,-32.821118,1.175394
1784109553164,82.840000,-107.588730,-87.107320,-33.728616,-51.989778,-35.117542,-18.186068,-28.365685,-28.104326,-32.306539,12.272941
1784109553184,82.860000,-81.127750,-65.133410,-33.433310,-53.917533,-11.215877,-9.765998,-29.727656,-29.676358,-33.009124,25.050283
1784109553204,82.880000,-93.639110,-70.583450,-33.096647,-53.475159,-17.108291,1.800613,-31.103366,-31.270548,-33.604931,38.205853
1784109553224,82.900000,-74.993410,-52.036660,-32.724389,-53.676240,1.639580,11.050159,-32.490860,-32.884797,-33.433460,50.150310
1784109553244,82.920000,-96.652210,-43.118187,-32.322310,-52.049574,8.931387,17.995580,-33.888454,-34.517259,-31.778433,59.569240
1784109553264,82.940000,-77.534880,-19.540136,-31.896150,-49.758069,30.217933,25.271414,-35.294718,-36.166336,-27.807036,65.752075
1784109553284,82.960000,-95.868095,-12.771360,-31.451590,-45.404760,32.633400,32.487652,-36.708458,-37.830663,-21.365888,68.581230
1784109553304,82.980000,-54.208153,4.185873,-30.994213,-40.906963,45.092836,37.176507,-38.128687,-39.509094,-13.784130,68.358440
1784109553324,83.000000,-57.617730,-21.097513,-30.529441,-35.279434,14.181921,34.328115,-39.554598,-41.200676,-7.500167,65.681970
1784109553344,83.020000,-49.085323,-0.633564,-30.062446,-32.912046,32.278482,23.363811,-40.985533,-42.904629,-4.478371,61.383305
1784109553364,83.040000,-63.273150,-41.564728,-29.598086,-28.909557,-12.655171,8.308093,-42.420947,-44.620309,-5.108700,56.371670
1784109553384,83.060000,-39.150085,-10.318869,-29.140890,-29.612703,19.293834,-6.383811,-43.860368,-46.347176,-8.322688,51.349560
1784109553404,83.080000,-72.861950,-5.852511,-28.695061,-27.323483,21.470973,-11.079708,-45.303360,-48.084754,-11.956486,46.579254
1784109553424,83.100000,-54.495550,13.993078,-28.264488,-25.024727,39.017805,-4.259027,-46.749483,-49.832587,-13.330293,41.873505
1784109553444,83.120000,-66.969680,9.781128,-27.852777,-21.181347,30.962475,4.526259,-48.198246,-51.590195,-10.454420,36.791443
1784109553464,83.140000,-41.574608,18.851050,-27.463258,-18.356632,37.207682,8.146604,-49.649072,-53.352574,-3.050219,30.913607
1784109553484,83.160000,-38.402004,11.332336,-27.098968,-15.119349,26.451685,5.458722,-51.101252,-55.122176,7.355191,24.103521
1784109553504,83.180000,-7.519701,30.493525,-26.762591,-13.162172,43.655697,0.870092,-52.553905,-56.898141,18.240247,16.673735
1784109553524,83.200000,-17.012976,18.396300,-26.456395,-9.686117,28.082417,-2.214045,-54.005941,-58.679381,27.363552,9.349074
1784109553544,83.220000,11.028486,32.715440,-26.182173,-7.952539,40.667979,-4.598149,-55.456025,-60.464536,33.721367,3.005144
1784109553564,83.240000,-12.793776,38.937172,-25.941225,-5.138883,44.076055,-4.946582,-56.902540,-62.251924,37.727164,-1.694224
1784109553584,83.260000,11.285400,50.974310,-25.734363,-2.151776,53.126086,-2.076456,-58.343562,-64.039493,40.614078,-4.579490
1784109553604,83.280000,-3.302668,43.699120,-25.561941,1.580672,42.118448,0.137056,-59.776831,-65.824777,43.461560,-6.035479
1784109553624,83.300000,21.550583,63.998665,-25.423882,4.075984,59.922681,0.105917,-61.199731,-67.604853,46.609953,-6.811957
1784109553644,83.320000,1.528319,57.750930,-25.319699,8.216992,49.533938,-0.203030,-62.609272,-69.376308,49.683484,-7.700659
1784109553664,83.340000,26.893234,83.355510,-25.248517,11.209894,72.145616,0.617796,-64.002081,-71.135202,51.807702,-9.259928
1784109553684,83.360000,5.139278,73.885010,-25.209101,16.351397,57.533613,2.341938,-65.374394,-72.877046,51.873899,-11.706825
1784109553704,83.380000,26.715340,89.431610,-25.199888,19.951096,69.480514,2.430154,-66.722058,-74.596784,48.990434,-14.966183
1784109553724,83.400000,-3.315000,63.096573,-25.219031,24.672920,38.423653,-2.268280,-68.040534,-76.288780,43.054934,-18.793264
1784109553744,83.420000,-4.143153,63.186115,-25.264455,26.268302,36.917813,-13.274156,-69.324912,-77.946812,34.960611,-22.916860
1784109553764,83.440000,-25.773417,36.439697,-25.333950,27.715714,8.723983,-27.899946,-70.569927,-79.564085,26.027433,-27.171670
1784109553784,83.460000,-16.511166,37.176865,-25.425264,26.395808,10.781057,-41.340512,-71.769980,-81.133242,17.296595,-31.546356
1784109553804,83.480000,-48.845303,17.734913,-25.536176,25.351893,-7.616980,-50.051419,-72.919171,-82.646386,9.480723,-36.094300
1784109553824,83.500000,-41.431320,35.674570,-25.664563,22.574277,13.100293,-51.278341,-74.011331,-84.095122,3.116044,-40.778750
1784109553844,83.520000,-61.722340,11.174993,-25.808461,21.972170,-10.797177,-46.449127,-75.040059,-85.470597,-1.575309,-45.384342
1784109553864,83.540000,-49.236060,16.024973,-25.966109,19.119433,-3.094460,-41.726863,-75.998768,-86.763559,-4.654327,-49.534170
1784109553884,83.560000,-74.545105,-11.836475,-26.135971,17.181076,-29.017551,-40.740161,-76.880733,-87.964420,-6.075599,-52.754070
1784109553904,83.580000,-62.539944,-22.496260,-26.316748,12.821723,-35.317983,-44.207968,-77.679139,-89.063336,-5.511878,-54.555622
1784109553924,83.600000,-74.756660,-46.944023,-26.507388,8.010429,-54.954452,-50.255527,-78.387141,-90.050291,-2.610676,-54.543545
1784109553944,83.620000,-58.007202,-54.261400,-26.707075,1.423183,-55.684583,-54.703622,-78.997916,-90.915193,2.803530,-52.501110
1784109553964,83.640000,-75.438900,-76.041460,-26.915208,-5.056222,-70.985238,-55.401420,-79.504728,-91.647978,10.702080,-48.402790
1784109553984,83.660000,-42.370155,-84.718760,-27.131362,-12.889426,-71.829334,-52.951092,-79.900985,-92.238719,20.696004,-42.375607
1784109554004,83.680000,-65.915820,-108.053740,-27.355242,-20.646368,-87.407372,-49.204851,-80.180306,-92.677747,31.854752,-34.659200
1784109554024,83.700000,-37.633324,-96.376390,-27.586641,-29.816055,-66.560335,-42.762631,-80.336584,-92.955771,42.498439,-25.588661
1784109554044,83.720000,-45.366592,-151.810550,-27.825395,-36.782226,-115.028324,-36.321545,-80.364049,-93.064004,49.973012,-15.588684
1784109554064,83.740000,-25.923693,-109.426560,-28.071337,-48.497428,-60.929132,-30.844005,-80.257333,-92.994290,51.124028,-5.153225
1784109554084,83.760000,-52.626800,-107.201870,-28.324263,-54.733689,-52.468181,-15.189215,-80.011533,-92.739235,43.618393,5.185646
1784109554104,83.780000,-58.214317,-75.598920,-28.583933,-60.077411,-15.521509,11.941195,-79.622274,-92.292325,27.144373,14.852849
1784109554124,83.800000,-93.780550,-88.793594,-28.850128,-61.694561,-27.099033,37.875387,-79.085766,-91.648052,3.806193,23.165138
1784109554144,83.820000,-124.288420,-74.820160,-29.122757,-64.457706,-10.362454,52.663334,-78.398862,-90.802023,-22.321218,29.282015
1784109554164,83.840000,-154.653530,-107.588730,-29.401992,-65.547150,-42.041580,53.443493,-77.559111,-89.751065,-46.476584,32.285305
1784109554184,83.860000,-173.475310,-81.127750,-29.688408,-69.832787,-11.294963,46.183499,-76.564808,-88.493315,-64.931751,31.418432
1784109554204,83.880000,-182.346400,-93.639110,-29.983083,-71.074542,-22.564568,41.589277,-75.415035,-87.028298,-76.221175,26.415384
1784109554224,83.900000,-173.746400,-74.993410,-30.287631,-73.493086,-1.500324,42.603046,-74.109702,-85.356987,-81.151213,17.792719
1784109554244,83.920000,-187.119380,-96.652210,-30.604174,-73.855412,-22.796798,44.149042,-72.649576,-83.481844,-81.640203,6.946887
1784109554264,83.940000,-171.331760,-77.534880,-30.935265,-76.421608,-1.113272,42.947519,-71.036307,-81.406842,-79.396758,-4.070070
1784109554284,83.960000,-186.510250,-95.868095,-31.283820,-76.889872,-18.978223,39.937848,-69.272447,-79.137467,-75.342310,-13.063176
1784109554304,83.980000,-160.709260,-54.208153,-31.653030,-79.237271,25.029118,39.544516,-67.361456,-76.680697,-69.759626,-18.279165
1784109554324,84.000000,-171.072140,-57.617730,-32.046276,-77.251826,19.634096,45.614953,-65.307710,-73.821774,-62.695490,-18.799448
1784109554344,84.020000,-134.208470,-49.085323,-32.467031,-75.884372,26.799049,51.899159,-63.116488,-70.983968,-54.172488,-14.609009
1784109554364,84.040000,-148.892060,-63.273150,-32.918750,-73.879340,10.606190,49.884627,-60.793967,-67.991761,-44.121371,-6.404958
1784109554384,84.060000,-113.106674,-39.150085,-33.404764,-73.593776,34.443691,42.391861,-58.347195,-64.857806,-32.434059,4.689440
1784109554404,84.080000,-119.526474,-72.861950,-33.928189,-71.009869,-1.852081,33.173652,-55.784062,-61.595791,-19.406059,17.375670
1784109554424,84.100000,-80.933520,-54.495550,-34.491830,-72.183750,17.688200,21.732677,-53.113270,-58.220301,-6.203615,30.368734
1784109554444,84.120000,-75.868910,-66.969680,-35.098096,-71.521128,4.551448,12.178587,-50.344286,-54.746678,5.205311,42.553917
1784109554464,84.140000,-42.180443,-41.574608,-35.748895,-72.312022,30.737414,8.882659,-47.487294,-51.190866,12.937206,53.113340
1784109554484,84.160000,-59.853390,-38.402004,-36.445558,-70.602709,32.200705,12.347672,-44.553143,-47.569261,16.398423,61.559803
1784109554504,84.180000,-36.386894,-7.519701,-37.188799,-68.868401,61.348700,20.735998,-41.553286,-43.898555,16.707171,67.626830
1784109554524,84.200000,-49.639220,-17.012976,-37.978725,-64.306663,47.293687,28.481717,-38.499715,-40.195583,16.074242,71.084620
1784109554544,84.220000,-33.424150,11.028486,-38.814864,-61.253009,72.281495,31.222140,-35.404894,-36.477178,16.810179,71.641174
1784109554564,84.240000,-36.767670,-12.793776,-39.696202,-55.764175,42.970399,27.771925,-32.281689,-32.760034,20.344904,69.022470
1784109554584,84.260000,-5.117740,11.285400,-40.621202,-53.300564,64.585964,19.078212,-29.143292,-29.060576,26.592007,63.175750
1784109554604,84.280000,-5.559969,-3.302668,-41.587810,-48.725525,45.422857,9.705566,-26.003144,-25.394849,34.153725,54.457623
1784109554624,84.300000,22.549060,21.550583,-42.593426,-46.127791,67.678374,3.270707,-22.874859,-21.778409,41.175553,43.684963
1784109554644,84.320000,13.115904,1.528319,-43.634897,-41.308687,42.837005,-1.035254,-19.772145,-18.226244,46.100209,31.988325
1784109554664,84.340000,38.476986,26.893234,-44.708520,-38.991188,65.884422,-4.933690,-16.708723,-14.752701,47.913946,20.506704
1784109554684,84.360000,29.830410,5.139278,-45.810068,-34.317306,39.456584,-8.937333,-13.698248,-11.371426,46.153961,10.077358
1784109554704,84.380000,45.954678,26.715340,-46.934827,-32.245948,58.961288,-13.425202,-10.754233,-8.095330,41.100952,1.078596
1784109554724,84.400000,13.827186,-3.315000,-48.077652,-28.112624,24.797625,-19.217894,-7.889969,-4.936562,33.835980,-6.552597
1784109554744,84.420000,32.845505,-4.143153,-49.233058,-27.309146,23.165994,-28.831676,-5.118451,-1.906496,25.519145,-13.214143
1784109554764,84.440000,17.542686,-25.773417,-50.395319,-26.549326,0.775909,-41.121320,-2.452302,0.984266,16.460111,-19.485641
1784109554784,84.460000,38.866210,-16.511166,-51.558555,-27.917587,11.406421,-50.178427,0.096295,3.725881,6.294422,-25.901922
1784109554804,84.480000,0.506760,-48.845303,-52.716783,-28.058543,-20.786760,-54.895771,2.515668,6.309251,-4.877372,-32.709988
1784109554824,84.500000,17.351889,-41.431320,-53.863998,-31.289162,-10.142158,-57.944684,4.794723,8.725990,-15.887186,-39.780872
1784109554844,84.520000,-6.172637,-61.722340,-54.994259,-33.278257,-28.444083,-58.756707,6.923002,10.968394,-24.892203,-46.741497
1784109554864,84.540000,-0.231785,-49.236060,-56.101770,-36.935015,-12.301045,-55.640131,8.890750,13.029412,-30.053685,-53.174810
1784109554884,84.560000,-6.252436,-74.545105,-57.180948,-38.762366,-35.782739,-50.177146,10.688963,14.902609,-30.293367,-58.715595
1784109554904,84.580000,14.190548,-62.539944,-58.226458,-42.755370,-19.784574,-44.883052,12.309446,16.582138,-25.933488,-63.019910
1784109554924,84.600000,9.565765,-74.756660,-59.233213,-44.921016,-29.835644,-38.853774,13.744856,18.062715,-18.725192,-65.697640
1784109554944,84.620000,38.574500,-58.007202,-60.196346,-47.876380,-10.130822,-30.335491,14.988753,19.339594,-11.340681,-66.295230
1784109554964,84.640000,30.621063,-75.438900,-61.111173,-48.600578,-26.838322,-21.016626,16.035631,20.408564,-6.543949,-64.370510
1784109554984,84.660000,55.779490,-42.370155,-61.973151,-50.767239,8.397084,-11.275469,16.880960,21.265935,-6.103160,-59.650120
1784109555004,84.680000,33.767464,-65.915820,-62.777857,-49.113353,-16.802467,-1.216895,17.521214,21.908553,-9.754074,-52.199326
1784109555024,84.700000,36.236626,-37.633324,-63.520995,-49.737375,12.104051,6.424086,17.953893,22.333816,-14.902870,-42.536000
1784109555044,84.720000,9.267466,-45.366592,-64.198451,-47.180673,1.814081,12.705297,18.177548,22.539695,-17.765467,-31.649480
1784109555064,84.740000,35.832940,-25.923693,-64.806368,-45.393479,19.469786,18.623743,18.191792,22.524782,-15.497184,-20.864420
1784109555084,84.760000,27.639473,-52.626800,-65.341190,-41.561981,-11.064819,20.269366,17.997310,22.288330,-7.701311,-11.500626
1784109555104,84.780000,53.985320,-58.214317,-65.799657,-40.575228,-17.639089,13.238932,17.595862,21.830312,3.529370,-4.422155
1784109555124,84.800000,60.034843,-93.780550,-66.178756,-40.063438,-53.717112,-2.062422,16.990282,21.151487,14.574663,0.276603
1784109555144,84.820000,82.546960,-124.288420,-66.475670,-43.051408,-81.237012,-23.004263,16.184467,20.253467,21.875166,3.247626
1784109555164,84.840000,61.917380,-154.653530,-66.687717,-48.738131,-105.915399,-45.199768,15.183365,19.138794,23.673577,5.538298
1784109555184,84.860000,65.336555,-173.475310,-66.812344,-56.884017,-116.591293,-61.374891,13.992955,17.811001,20.732924,8.083626
1784109555204,84.880000,52.337135,-182.346400,-66.847165,-66.106834,-116.239566,-66.194663,12.620218,16.270486,15.671142,11.270317
1784109555224,84.900000,49.792980,-173.746400,-66.790021,-75.302412,-98.443988,-57.238164,11.073108,14.526650,11.864397,14.786835
1784109555244,84.920000,27.826736,-187.119380,-66.639045,-82.700307,-104.419073,-39.164309,9.360511,12.586268,12.310848,17.827158
1784109555264,84.940000,47.298756,-171.331760,-66.392716,-90.680984,-80.650776,-19.539765,7.492206,10.457378,18.211131,19.501585
1784109555284,84.960000,43.995483,-186.510250,-66.049889,-96.236840,-90.273410,-2.387598,5.478809,8.149340,27.996698,19.242037
1784109555304,84.980000,62.593307,-160.709260,-65.609783,-102.710708,-57.998552,11.935062,3.331726,5.672864,37.696609,17.067068
1784109555324,85.000000,59.504050,-171.072140,-65.071926,-105.873640,-65.198500,25.178579,1.063086,3.040040,42.385231,13.625340
1784109555344,85.020000,76.825520,-134.208470,-64.436115,-109.673120,-24.535350,38.688565,-1.314317,0.264327,38.279211,9.977817
1784109555364,85.040000,25.476435,-148.892060,-63.702387,-109.285037,-39.607023,51.570924,-3.787095,-2.639458,24.918279,7.177672
1784109555384,85.060000,16.742283,-113.106674,-62.871067,-110.290642,-2.816032,61.258650,-6.341338,-5.655192,5.850471,5.797265
1784109555404,85.080000,-17.300577,-119.526474,-61.942876,-107.479605,-12.046869,68.008839,-8.962690,-8.765509,-12.771121,5.611925
1784109555424,85.100000,-49.624740,-80.933520,-60.919068,-105.460633,24.527113,73.355753,-11.636428,-11.951894,-24.536391,5.639578
1784109555444,85.120000,-50.362694,-75.868910,-59.801545,-99.643253,23.774343,78.722910,-14.347542,-15.194797,-25.455191,4.572814
1784109555464,85.140000,-22.704607,-42.180443,-58.592916,-93.770821,51.590378,83.615866,-17.080819,-18.473770,-15.865308,1.437139
1784109555484,85.160000,-30.131218,-59.853390,-57.296449,-84.995822,25.142432,83.079853,-19.820926,-21.767631,0.114865,-3.816517
1784109555504,85.180000,-0.630389,-36.386894,-55.915948,-78.764531,42.377637,73.849382,-22.552496,-25.054634,16.727217,-10.094331
1784109555524,85.200000,-3.135228,-49.639220,-54.455624,-70.726844,21.087624,59.445637,-25.260211,-28.312674,28.521423,-15.485852
1784109555544,85.220000,-1.525769,-33.424150,-52.919983,-64.752089,31.327939,44.232115,-27.928889,-31.519486,31.832329,-18.015741
1784109555564,85.240000,-24.800617,-36.767670,-51.313755,-57.709191,20.941521,31.203445,-30.543564,-34.652872,25.512194,-16.444597
1784109555584,85.260000,-18.651371,-5.117740,-49.641884,-51.678099,46.560359,23.943667,-33.089573,-37.690922,10.845847,-10.744626
1784109555604,85.280000,-70.303970,-5.559969,-47.909550,-43.094027,37.534059,22.644060,-35.552630,-40.612244,-8.641865,-2.099084
1784109555624,85.300000,-84.818040,22.549060,-46.122236,-35.443227,57.992287,23.482826,-37.918909,-43.396194,-27.824797,7.491600
1784109555644,85.320000,-119.683044,13.115904,-44.285818,-25.820928,38.936832,22.095758,-40.175116,-46.023089,-41.810549,15.788612
1784109555664,85.340000,-112.109090,38.476986,-42.406660,-18.193327,56.670313,16.893422,-42.308559,-48.474428,-48.039720,20.901953
1784109555684,85.360000,-118.711880,29.830410,-40.491631,-8.929373,38.759783,9.649669,-44.307216,-50.733078,-47.105263,21.806662
1784109555704,85.380000,-100.905500,45.954678,-38.548061,-1.606031,47.560709,1.522569,-46.159794,-52.783463,-41.863378,18.685825
1784109555724,85.400000,-105.127890,13.827186,-36.583635,6.406566,7.420620,-9.918136,-47.855790,-54.611711,-35.551484,12.916491
1784109555744,85.420000,-95.961170,32.845505,-34.606274,10.240898,22.604607,-24.569815,-49.385540,-56.205791,-30.074255,6.615927
1784109555764,85.440000,-120.293560,17.542686,-32.624044,15.384559,2.158127,-36.201039,-50.740262,-57.555622,-25.509377,1.904177
1784109555784,85.460000,-97.600920,38.866210,-30.645094,18.285604,20.580606,-40.880319,-51.912099,-58.653143,-21.129103,0.202286
1784109555804,85.480000,-109.490110,0.506760,-28.677601,22.779076,-22.272316,-43.186878,-52.894149,-59.492367,-16.801048,1.883990
1784109555824,85.500000,-84.869095,17.351889,-26.729706,22.801103,-5.449214,-48.291273,-53.680496,-60.069396,-13.391860,6.401749
1784109555844,85.520000,-96.768130,-6.172637,-24.809423,24.274320,-30.446957,-53.440112,-54.266224,-60.382411,-12.086711,12.724200
1784109555864,85.540000,-78.508580,-0.231785,-22.924566,23.060931,-23.292716,-56.130301,-54.647440,-60.431630,-13.282068,19.773367
1784109555884,85.560000,-110.328870,-6.252436,-21.082686,22.354347,-28.606782,-55.277141,-54.821273,-60.219243,-15.858624,26.641190
1784109555904,85.580000,-89.156750,14.190548,-19.291050,20.916452,-6.725904,-48.073861,-54.785882,-59.749315,-17.540809,32.587383
1784109555924,85.600000,-111.066160,9.565765,-17.556639,21.405699,-11.839934,-35.693326,-54.540451,-59.027672,-16.089900,36.977814
1784109555944,85.620000,-80.021570,38.574500,-15.886136,21.131817,17.442683,-21.122918,-54.085176,-58.061763,-10.395686,39.317326
1784109555964,85.640000,-87.741020,30.621063,-14.285885,23.444183,7.176880,-7.081217,-53.421252,-56.860508,-0.927884,39.399883
1784109555984,85.660000,-50.448273,55.779490,-12.761824,24.413392,31.366098,3.743484,-52.550853,-55.434128,10.527882,37.457333
1784109556004,85.680000,-55.463990,33.767464,-11.319398,27.401813,6.365651,9.175630,-51.477104,-53.793968,21.665699,34.162690
1784109556024,85.700000,-26.812397,36.236626,-9.963474,27.571831,8.664795,6.701481,-50.204050,-51.952314,30.546746,30.443193
1784109556044,85.720000,-39.502502,9.267466,-8.698276,27.647024,-18.379558,-2.735923,-48.736626,-49.922206,36.092249,27.169882
1784109556064,85.740000,-10.593669,35.832940,-7.527348,24.800776,11.032164,-11.171660,-47.080612,-47.717250,38.093238,24.858755
1784109556084,85.760000,-34.592663,27.639473,-6.453539,24.572210,3.067263,-10.560805,-45.242594,-45.351436,37.038460,23.518562
1784109556104,85.780000,-11.695051,53.985320,-5.479017,23.264566,30.720754,-1.568569,-43.229919,-42.838968,33.819922,22.693430
1784109556124,85.800000,-25.310200,60.034843,-4.605293,24.329808,35.705035,11.628717,-41.050648,-40.194090,29.393129,21.656006
1784109556144,85.820000,-19.424696,82.546960,-3.833262,25.486827,57.060133,25.275777,-38.713500,-37.430940,24.661719,19.662022
1784109556164,85.840000,-34.759750,61.917380,-3.163241,28.281188,33.636192,32.665251,-36.227806,-34.563407,20.249330,16.165550
1784109556184,85.860000,-11.860995,65.336555,-2.595030,28.362703,36.973852,28.994834,-33.603448,-31.605009,16.027913,10.937413
1784109556204,85.880000,-22.963755,52.337135,-2.127944,28.408717,23.928418,18.286683,-30.850808,-28.568790,11.261072,4.103950
1784109556224,85.900000,-15.555160,49.792980,-1.760838,26.872716,22.920264,7.052315,-27.980707,-25.467228,5.518510,-3.867045
1784109556244,85.920000,-32.873790,27.826736,-1.492134,24.989161,2.837575,-3.196737,-25.004348,-22.312167,-0.732265,-12.268298
1784109556264,85.940000,-18.866066,47.298756,-1.319872,20.996240,26.302516,-9.698455,-21.933253,-19.114768,-6.395124,-20.361970
1784109556284,85.960000,-45.072113,43.995483,-1.241762,19.133127,24.862356,-7.966722,-18.779206,-15.885474,-10.464741,-27.594202
1784109556304,85.980000,-5.958872,62.593307,-1.255234,16.943916,45.649391,0.515177,-15.554190,-12.634000,-12.698337,-33.673000
1784109556324,86.000000,-38.217186,59.504050,-1.357461,16.536237,42.967813,10.426678,-12.270326,-9.369328,-13.715459,-38.480564
1784109556344,86.020000,-1.340026,76.825520,-1.545367,15.604095,61.221425,18.213150,-8.939811,-6.099734,-14.579087,-41.933636
1784109556364,86.040000,-16.861435,25.476435,-1.815629,16.129714,9.346721,17.046472,-5.574857,-2.832812,-16.254814,-43.912550
1784109556384,86.060000,-1.048661,16.742283,-2.164672,11.518692,5.223591,1.225103,-2.187631,0.424479,-18.918237,-44.290802
1784109556404,86.080000,-19.181025,-17.300577,-2.588684,6.605608,-23.906185,-21.443451,1.209811,3.665760,-21.604676,-43.034496
1784109556424,86.100000,-1.788491,-49.624740,-3.083637,-0.843878,-48.780862,-42.883670,4.605574,6.885173,-22.753860,-40.305416
1784109556444,86.120000,-18.716133,-50.362694,-3.645330,-10.168517,-40.194177,-57.622879,7.987994,10.077310,-21.268130,-36.496395
1784109556464,86.140000,18.569345,-22.704607,-4.269409,-18.084117,-4.620490,-54.436575,11.345685,13.250127,-17.390857,-32.141922
1784109556484,86.160000,12.485624,-30.131218,-4.951367,-22.208534,-7.922684,-34.178479,14.667605,16.389867,-12.656017,-27.711653
1784109556504,86.180000,38.436290,-0.630389,-5.686508,-26.388862,25.758472,-9.654653,17.943100,19.491459,-8.788510,-23.412012
1784109556524,86.200000,18.076580,-3.135228,-6.469920,-27.230118,24.094890,11.360044,21.161965,22.549957,-6.652572,-19.155977
1784109556544,86.220000,41.330975,-1.525769,-7.296483,-28.219291,26.693522,23.454302,24.314488,25.560489,-6.213395,-14.747494
1784109556564,86.240000,30.019804,-24.800617,-8.160893,-28.909999,4.109382,22.736237,27.391498,28.518211,-7.118122,-10.138106
1784109556584,86.260000,52.082310,-18.651371,-9.057688,-31.605574,12.954203,13.441749,30.384411,31.418290,-8.925488,-5.538835
1784109556604,86.280000,30.855230,-70.303970,-9.981268,-33.193882,-37.110088,-0.407131,33.285266,34.255883,-10.875853,-1.326701
1784109556624,86.300000,51.831200,-84.818040,-10.925925,-39.383035,-45.435005,-19.589465,36.086768,37.026132,-11.870419,2.120503
1784109556644,86.320000,39.000350,-119.683044,-11.885886,-46.128488,-73.554556,-39.251481,38.782317,39.724174,-10.851046,4.530749
1784109556664,86.340000,66.732740,-112.109090,-12.855334,-55.626638,-56.482452,-50.293212,41.366040,42.345151,-7.103200,5.787617
1784109556684,86.360000,46.211380,-118.711880,-13.828429,-63.493402,-55.218478,-47.172585,43.832814,44.884242,-0.374806,5.966854
1784109556704,86.380000,86.805120,-100.905500,-14.799312,-71.418543,-29.486957,-31.570464,46.178287,47.336701,8.830636,5.341284
1784109556724,86.400000,79.603930,-105.127890,-15.762102,-76.855136,-28.272754,-10.873051,48.398896,49.697898,19.068635,4.332396
1784109556744,86.420000,107.235030,-95.961170,-16.710867,-82.259503,-13.701667,7.156237,50.491875,51.963379,28.360080,3.430896
1784109556764,86.440000,107.762955,-120.293560,-17.639603,-86.187783,-34.105777,16.461988,52.455265,54.128923,34.892885,3.102620
1784109556784,86.460000,117.300600,-97.600920,-18.542217,-92.268908,-5.332012,18.572376,54.287911,56.190612,37.652009,3.671061
1784109556804,86.480000,108.071270,-109.490110,-19.412540,-95.363397,-14.126713,20.894444,55.989458,58.144896,36.715239,5.185603
1784109556824,86.500000,108.422680,-84.869095,-20.244370,-99.265210,14.396115,26.526555,57.560346,59.988667,32.927168,7.336911
1784109556844,86.520000,95.294040,-96.768130,-21.031542,-100.033815,3.265685,33.607015,59.001788,61.719325,27.145567,9.485021
1784109556864,86.540000,118.795230,-78.508580,-21.768003,-101.684505,23.175925,38.737825,60.315755,63.334844,19.857534,10.831902
1784109556884,86.560000,87.622730,-110.328870,-22.447866,-100.977211,-9.351659,37.767930,61.504946,64.833835,11.855594,10.704654
1784109556904,86.580000,95.219830,-89.156750,-23.065459,-103.320930,14.164180,30.614065,62.572763,66.215599,5.130177,8.794547
1784109556924,86.600000,46.508400,-111.066160,-23.615406,-102.965983,-8.100177,22.770119,63.523271,67.480172,2.234228,5.181451
1784109556944,86.620000,90.697784,-80.021570,-24.092727,-104.584765,24.563195,18.996043,64.361160,68.628361,4.095918,0.167074
1784109556964,86.640000,84.146850,-87.741020,-24.492895,-102.513820,14.772800,21.160264,65.091701,69.661766,8.717106,-5.833405
1784109556984,86.660000,111.357080,-50.448273,-24.811808,-101.034503,50.586230,28.080514,65.720697,70.582792,12.609236,-12.183690
1784109557004,86.680000,79.692250,-55.463990,-25.045727,-95.435358,39.971368,36.359629,66.254435,71.394650,13.362016,-17.916319
1784109557024,86.700000,99.088090,-26.812397,-25.191264,-90.410309,63.597912,41.857070,66.699626,72.101337,10.795560,-21.935701
1784109557044,86.720000,65.297806,-39.502502,-25.245401,-82.463474,42.960972,41.592819,67.063352,72.707615,6.459706,-23.493723
1784109557064,86.740000,85.898100,-10.593669,-25.205536,-76.112872,65.519203,36.376148,67.353004,73.218963,2.559146,-22.552261
1784109557084,86.760000,50.744656,-34.592663,-25.069523,-66.991577,32.398914,27.721023,67.576219,73.641528,0.911591,-19.752306
1784109557104,86.780000,76.593000,-11.695051,-24.835703,-60.791769,49.096718,16.195138,67.740820,73.982060,2.021275,-16.072325
1784109557124,86.800000,64.114740,-25.310200,-24.502912,-52.511940,27.201740,4.959952,67.854747,74.247837,4.634113,-12.418064
1784109557144,86.820000,81.771910,-19.424696,-24.070463,-46.093511,26.668815,-5.217211,67.925996,74.446579,6.334024,-9.316289
1784109557164,86.840000,68.176630,-34.759750,-23.538108,-39.426538,4.666788,-16.090757,67.962550,74.586364,4.884771,-6.807239
1784109557184,86.860000,71.593340,-11.860995,-22.906005,-34.724282,22.863287,-24.613384,67.972315,74.675526,-0.531276,-4.570136
1784109557204,86.880000,40.976723,-22.963755,-22.174718,-27.957449,4.993694,-27.683015,67.963058,74.722563,-8.827123,-2.222066
1784109557224,86.900000,48.443184,-15.555160,-21.345246,-22.785830,7.230670,-28.561381,67.942338,74.736030,-17.538651,0.376679
1784109557244,86.920000,14.418608,-32.873790,-20.419066,-17.218776,-15.655014,-31.757911,67.917453,74.724445,-23.965531,2.994547
1784109557264,86.940000,39.650764,-18.866066,-19.398166,-13.812730,-5.053336,-36.421253,67.895374,74.696191,-26.278873,5.146790
1784109557284,86.960000,17.767572,-45.072113,-18.285053,-9.226291,-35.845822,-40.873912,67.882690,74.659420,-24.053616,6.387209
1784109557304,86.980000,41.727356,-5.958872,-17.082712,-7.630525,1.671653,-41.859947,67.885557,74.621971,-18.112732,6.599126
1784109557324,87.000000,31.924640,-38.217186,-15.794556,-2.192510,-36.024676,-37.628183,67.909645,74.442167,-10.145455,6.113897
1784109557344,87.020000,57.660103,-1.340026,-14.424351,-0.454590,-0.885436,-31.838319,67.960095,74.416074,-2.271192,5.607340
1784109557364,87.040000,44.633247,-16.861435,-12.976139,4.852901,-21.714336,-24.853957,68.041473,74.408859,3.546032,5.850508
1784109557384,87.060000,59.076454,-1.048661,-11.454164,8.122663,-9.171324,-18.502306,68.157735,74.426582,5.954066,7.434696
1784109557404,87.080000,44.460650,-19.181025,-9.862826,12.673028,-31.854053,-16.288800,68.312194,74.474678,4.293599,10.559726
1784109557424,87.100000,51.424440,-1.788491,-8.206652,14.989363,-16.777854,-16.852519,68.507491,74.557928,-1.487618,14.944079
1784109557444,87.120000,30.381207,-18.716133,-6.490290,18.828285,-37.544418,-17.549085,68.745572,74.680428,-10.838911,19.889368
1784109557464,87.140000,34.477974,18.569345,-4.718515,20.627907,-2.058562,-14.652244,69.027668,74.845582,-22.530953,24.471048
1784109557484,87.160000,3.087584,12.485624,-2.896250,25.958530,-13.472906,-5.590187,69.354289,75.056090,-34.652135,27.771769
1784109557504,87.180000,6.119884,38.436290,-1.028604,30.136710,8.299580,5.745349,69.725208,75.313947,-44.982787,29.074148
1784109557524,87.200000,-13.549410,18.076580,0.879096,36.427433,-18.350853,12.566833,70.139466,75.620452,-51.757272,27.985290
1784109557544,87.220000,7.016858,41.330975,2.821286,40.029724,1.301251,12.795553,70.595377,75.976219,-54.180608,24.518690
1784109557564,87.240000,-14.466560,30.019804,4.792191,45.521307,-15.501503,10.416529,71.090533,76.381188,-52.303344,19.143793
1784109557584,87.260000,17.375116,52.082310,6.785869,49.285582,2.796728,9.188315,71.621822,76.834641,-46.677710,12.751264
1784109557604,87.280000,7.443571,30.855230,8.796285,54.777950,-23.922720,8.181376,72.185450,77.335221,-38.081221,6.488602
1784109557624,87.300000,37.681667,51.831200,10.817392,57.555708,-5.724508,5.797611,72.776969,77.880948,-27.185490,1.507671
1784109557644,87.320000,27.040411,39.000350,12.843227,62.059011,-23.058661,3.632717,73.391302,78.469232,-14.440260,-1.285470
1784109557664,87.340000,60.663620,66.732740,14.867992,64.770336,1.962404,4.140373,74.022786,79.096889,-0.484506,-1.413037
1784109557684,87.360000,63.657460,46.211380,16.886140,69.859852,-23.648472,6.272221,74.665207,79.760148,13.342781,1.103249
1784109557704,87.380000,96.338470,86.805120,18.892466,72.307872,14.497248,9.218361,75.311846,80.454661,25.129556,5.814704
1784109557724,87.400000,94.370730,79.603930,20.882194,78.417837,1.186093,15.145478,75.955525,81.175505,33.249242,12.020981
1784109557744,87.420000,116.271410,107.235030,22.851060,83.053612,24.181418,22.127059,76.588656,81.917185,37.382793,18.931269
1784109557764,87.440000,91.439990,107.762955,24.795335,89.830104,17.932851,27.396450,77.203295,82.673628,38.939849,25.722336
1784109557784,87.460000,110.098236,117.300600,26.711823,95.826270,21.474330,29.070663,77.791191,83.438183,40.284169,31.515070
1784109557804,87.480000,106.101810,108.071270,28.597813,102.030881,6.040389,24.831747,78.343845,84.203609,43.273628,35.395290
1784109557824,87.500000,123.426770,108.422680,30.451059,106.527822,1.894858,15.436211,78.852562,84.962073,48.406731,36.584633
1784109557844,87.520000,120.746060,95.294040,32.269767,110.439816,-15.145776,3.443600,79.308506,85.705140,54.844064,34.706043
1784109557864,87.540000,149.126220,118.795230,34.052604,112.426290,6.368940,-5.165955,79.702758,86.423765,60.853538,29.960848
1784109557884,87.560000,136.477510,87.622730,35.798710,116.426162,-28.803432,-9.030161,80.026366,87.108295,64.618468,23.084566
1784109557904,87.580000,152.358500,95.219830,37.507693,116.629650,-21.409820,-14.071881,80.270403,87.748464,65.051309,15.100765
1784109557924,87.600000,125.745190,46.508400,39.179611,117.333501,-70.825101,-24.357080,80.426016,88.333401,61.900151,6.985090
1784109557944,87.620000,146.051280,90.697784,40.814908,112.628029,-21.930245,-33.861997,80.484478,88.851641,55.172441,-0.627244
1784109557964,87.640000,112.920560,84.146850,42.414342,112.604484,-28.457634,-30.067636,80.437237,89.291140,44.657637,-7.559677
1784109557984,87.660000,129.691390,111.357080,43.978911,111.706644,-0.349564,-14.285046,80.275966,89.639305,30.055849,-13.993968
1784109558004,87.680000,87.223200,79.692250,45.509771,113.563389,-33.871139,-0.557886,79.992604,89.883025,11.569896,-20.251091
1784109558024,87.700000,83.197845,99.088090,47.008141,111.863959,-12.775869,3.121076,79.579406,90.008718,-9.600619,-26.612772
1784109558044,87.720000,49.811500,65.297806,48.475184,112.201904,-46.904098,-1.070521,79.028980,90.002386,-31.345463,-33.258010
1784109558064,87.740000,46.802628,85.898100,49.911887,108.913250,-23.015150,-7.494933,78.334332,89.849677,-51.005397,-40.254230
1784109558084,87.760000,5.227235,50.744656,51.318963,107.942384,-57.197728,-12.445564,77.488904,89.535972,-65.764645,-47.524918
1784109558104,87.780000,19.621685,76.593000,52.696758,103.348562,-26.755562,-14.472835,76.486614,89.046466,-73.484640,-54.796124
1784109558124,87.800000,3.355188,64.114740,54.045206,101.756971,-37.642231,-10.917466,75.321887,88.366278,-73.658303,-61.558690
1784109558144,87.820000,28.813316,81.771910,55.363831,99.005216,-17.233306,-2.730580,73.989701,87.480570,-67.591175,-67.057810
1784109558164,87.840000,17.752047,68.176630,56.651808,98.322319,-30.145689,5.156368,72.485610,86.374669,-57.840268,-70.331170
1784109558184,87.860000,54.420536,71.593340,57.908047,96.330727,-24.737387,8.824437,70.805788,85.034226,-47.429388,-70.354530
1784109558204,87.880000,38.469820,40.976723,59.131297,94.887267,-53.910544,5.385484,68.947051,83.446659,-38.940518,-66.303010
1784109558224,87.900000,68.841580,48.443184,60.320236,90.425108,-41.981924,-2.956344,66.906895,81.597706,-33.621929,-57.832840
1784109558244,87.920000,49.262836,14.418608,61.473549,87.097092,-72.678484,-11.580757,64.683518,79.474864,-30.835941,-45.263515
1784109558264,87.940000,64.441696,39.650764,62.589979,80.531486,-40.880722,-16.075669,62.275852,77.066620,-28.089896,-29.597890
1784109558284,87.960000,40.014698,17.767572,63.668336,77.078592,-59.311020,-13.152106,59.683580,74.362650,-22.027194,-12.379421
1784109558304,87.980000,67.933655,41.727356,64.707501,71.647515,-29.920159,-4.977763,56.907164,71.354015,-10.359685,4.588005
1784109558324,88.000000,69.442630,31.924640,65.706431,69.098870,-37.174230,5.391152,53.947855,68.033360,6.351318,19.623735
1784109558344,88.020000,110.964990,57.660103,66.664214,65.732299,-8.072196,16.412588,50.807716,64.395114,24.415499,31.587332
1784109558364,88.040000,113.990654,44.633247,67.580166,65.248658,-20.615411,25.712730,47.489626,60.435679,38.581694,40.173355
1784109558384,88.060000,131.926210,59.076454,68.453934,63.432413,-4.355959,30.545255,43.997289,56.153610,44.579164,45.891727
1784109558404,88.080000,101.164930,44.460650,69.285549,63.189576,-18.728926,30.320731,40.335240,51.549786,41.097303,49.667187
1784109558424,88.100000,99.409080,51.424440,70.075403,61.407525,-9.983085,26.412343,36.508835,46.627555,30.060215,52.231274
1784109558444,88.120000,57.326240,30.381207,70.824144,60.407940,-30.026733,19.791056,32.524254,41.392860,15.332686,53.646454
1784109558464,88.140000,62.418250,34.477974,71.532551,57.260392,-22.782418,11.735321,28.388483,35.854346,0.912940,53.245710
1784109558484,88.160000,34.977573,3.087584,72.201401,54.707414,-51.619830,2.656195,24.109300,30.023425,-10.242592,50.026430
1784109558504,88.180000,41.749363,6.119884,72.831385,49.085489,-42.965605,-7.030104,19.695252,23.914320,-16.272410,43.264140
1784109558524,88.200000,3.121425,-13.549410,73.423048,44.169599,-57.719009,-14.230183,15.155636,17.544067,-16.147724,32.984844
1784109558544,88.220000,32.406950,7.016858,73.976735,37.604122,-30.587264,-14.870459,10.500459,10.932490,-10.106522,20.058860
1784109558564,88.240000,19.570795,-14.466560,74.492579,33.640372,-48.106932,-9.428235,5.740413,4.102126,-0.158856,5.968566
1784109558584,88.260000,44.913420,17.375116,74.970531,27.799460,-10.424344,-0.847375,0.886827,-2.921877,10.491120,-7.527437
1784109558604,88.280000,26.175365,7.443571,75.410426,25.678537,-18.234967,10.144343,-4.048367,-10.111906,18.726594,-18.709991
1784109558624,88.300000,49.338020,37.681667,75.812034,22.730862,14.950805,21.777485,-9.052690,-17.438068,22.590914,-26.217325
1784109558644,88.320000,14.089076,27.040411,76.175095,23.117472,3.922939,31.281615,-14.113160,-24.868409,21.944182,-29.355225
1784109558664,88.340000,14.398237,60.663620,76.499312,22.411943,38.251677,37.951235,-19.216352,-32.369172,18.370391,-28.289698
1784109558684,88.360000,-16.981533,63.657460,76.784307,25.202489,38.454971,44.003468,-24.348452,-39.905082,13.985408,-24.024124
1784109558704,88.380000,-0.635942,96.338470,77.029558,28.079424,68.259046,50.548868,-29.495323,-47.439671,10.014149,-18.131485
1784109558724,88.400000,-22.344463,94.370730,77.234368,34.036302,60.334428,55.303520,-34.642562,-54.935615,6.560355,-12.279748
1784109558744,88.420000,-26.942710,116.271410,77.397856,39.285057,76.986353,55.343397,-39.775573,-62.355105,3.541589,-7.721780
1784109558764,88.440000,-52.305405,91.439990,77.518947,46.291304,45.148686,47.608583,-44.879634,-69.660227,1.317481,-5.019089
1784109558784,88.460000,-49.877037,110.098236,77.596342,50.162685,59.935551,32.712065,-49.939964,-76.813350,0.306279,-4.117619
1784109558804,88.480000,-67.527030,106.101810,77.628496,55.562516,50.539294,18.258523,-54.941796,-83.777530,0.359663,-4.612655
1784109558824,88.500000,-54.047543,123.426770,77.613617,60.048798,63.377972,9.599221,-59.870450,-90.516898,0.759359,-5.956523
1784109558844,88.520000,-79.594390,120.746060,77.549689,65.838145,54.907915,5.420123,-64.711404,-96.997055,0.916071,-7.537569
1784109558864,88.540000,-67.016020,149.126220,77.434505,70.774176,78.352044,4.496231,-69.450366,-103.185440,1.139992,-8.736194
1784109558884,88.560000,-106.617040,136.477510,77.265683,78.043698,58.433812,4.574866,-74.073348,-109.051690,2.705845,-9.047042
1784109558904,88.580000,-80.126970,152.358500,77.040670,83.275613,69.082887,1.437012,-78.566734,-114.567967,6.978750,-8.227527
1784109558924,88.600000,-106.444680,125.745190,76.756750,89.510906,36.234284,-7.250208,-82.917349,-119.709261,14.303569,-6.346637
1784109558944,88.620000,-74.515790,146.051280,76.411085,92.361826,53.689454,-19.111411,-87.112532,-124.453650,23.566641,-3.664177
1784109558964,88.640000,-93.876915,112.920560,76.000781,96.847674,16.072886,-30.470112,-91.140195,-128.782530,32.564972,-0.421018
1784109558984,88.660000,-70.178930,129.691390,75.522958,97.428822,32.262568,-40.312846,-94.988890,-132.680794,38.830166,3.296607
1784109559004,88.680000,-100.082040,87.223200,74.974817,99.477245,-12.254045,-49.268311,-98.647869,-136.136970,40.416433,7.515716
1784109559024,88.700000,-83.302280,83.197845,74.353671,96.898232,-13.700387,-60.098018,-102.107141,-139.143308,36.291676,12.200835
1784109559044,88.720000,-113.745300,49.811500,73.656958,93.991716,-44.180216,-71.843680,-105.357523,-141.695817,26.564277,17.086233
1784109559064,88.740000,-114.650930,46.802628,72.882224,87.845685,-41.043057,-80.162454,-108.390694,-143.794254,12.831556,21.635147
1784109559084,88.760000,-158.834930,5.227235,72.027090,81.821620,-76.594385,-84.737188,-111.199238,-145.442059,-1.842195,25.131460
1784109559104,88.780000,-160.666260,19.621685,71.089180,72.051587,-52.429902,-84.797239,-113.776684,-146.646241,-13.955003,26.827790
1784109559124,88.800000,-181.667920,3.355188,70.066050,64.511049,-61.155860,-76.280637,-116.117541,-147.417220,-21.165713,26.114836
1784109559144,88.820000,-167.423540,28.813316,68.955148,55.915927,-27.102611,-58.507045,-118.217330,-147.768614,-23.238192,22.737220
1784109559164,88.840000,-182.558550,17.752047,67.753834,50.542416,-32.790369,-35.829697,-120.072609,-147.716996,-21.800760,17.011930
1784109559184,88.860000,-156.767180,54.420536,66.459431,44.420085,10.000451,-12.205823,-121.680986,-147.281608,-19.358919,9.896926
1784109559204,88.880000,-184.107470,38.469820,65.069296,42.385022,-3.915202,9.161923,-123.041137,-146.484043,-18.150159,2.793925
1784109559224,88.900000,-152.684360,68.841580,63.580886,38.771410,30.070170,24.971610,-124.152805,-145.347905,-19.313522,-2.861685
1784109559244,88.920000,-183.032170,49.262836,61.991809,38.353516,10.909320,34.422542,-125.016807,-143.898451,-22.445939,-6.027489
1784109559264,88.940000,-179.069890,64.441696,60.299864,35.825811,28.615885,37.356115,-125.635016,-142.162216,-25.721656,-6.325520
1784109559284,88.960000,-196.600540,40.014698,58.503041,34.864285,5.150413,34.446461,-126.010357,-140.166641,-27.157558,-4.101636
1784109559304,88.980000,-163.427610,67.933655,56.599522,31.369073,36.564582,30.338771,-126.146776,-137.939692,-26.222994,-0.259123
1784109559324,89.000000,-179.891170,69.442630,54.587707,30.804286,38.638344,31.962906,-126.049219,-135.509500,-24.078363,4.113262
1784109559344,89.020000,-156.481220,110.964990,52.466289,30.231744,80.733246,42.199815,-125.723598,-132.904008,-22.543527,8.167832
1784109559364,89.040000,-172.759250,113.990654,50.234298,33.605771,80.384883,57.042392,-125.176744,-130.150639,-23.114679,11.525993
1784109559384,89.060000,-151.210530,131.926210,47.891149,36.670837,95.255373,67.709989,-124.416370,-127.275996,-26.416913,14.190928
1784109559404,89.080000,-163.802220,101.164930,45.436659,40.917480,60.247450,65.290927,-123.451013,-124.305586,-31.710091,16.297682
1784109559424,89.100000,-165.456150,99.409080,42.871065,41.390847,58.018233,48.053918,-122.289978,-121.263586,-36.575418,17.913809
1784109559444,89.120000,-176.947190,57.326240,40.195010,41.363679,15.962561,21.839396,-120.943280,-118.172640,-37.623261,18.948850
1784109559464,89.140000,-159.915010,62.418250,37.409513,36.914609,25.503641,-4.309741,-119.421573,-115.082975,-32.303169,19.159029
1784109559484,89.160000,-152.117190,34.977573,34.515957,33.189103,1.788470,-22.272343,-117.736081,-111.985126,-20.585459,18.274195
1784109559504,89.180000,-108.795090,41.749363,31.516135,26.907933,14.841430,-30.262274,-115.898527,-108.895602,-5.314046,16.243376
1784109559524,89.200000,-100.585526,3.121425,28.412342,21.729411,-18.607986,-33.416151,-113.921054,-105.829084,9.096533,13.463590
1784109559544,89.220000,-74.389590,32.406950,25.207481,13.082998,19.323952,-33.645744,-111.816146,-102.798381,18.808022,10.778645
1784109559564,89.240000,-88.923355,19.570795,21.905137,8.034991,11.535804,-26.722632,-109.596550,-99.814467,22.047752,9.154216
1784109559584,89.260000,-69.157455,44.913420,18.509583,2.041187,42.872233,-13.467690,-107.275190,-96.886560,19.219660,9.178491
1784109559604,89.280000,-84.170780,26.175365,15.025749,-1.056859,27.232224,-0.323254,-104.865092,-94.022212,12.283664,10.700813
1784109559624,89.300000,-76.535550,49.338020,11.459160,-5.907380,55.245400,8.632365,-102.379294,-91.227433,4.208765,12.841809
1784109559644,89.320000,-103.429350,14.089076,7.815857,-8.216994,22.306070,11.381213,-99.830772,-88.506821,-1.746676,14.332207
1784109559664,89.340000,-82.399720,14.398237,4.102300,-13.971932,28.370169,5.769067,-97.232357,-85.863712,-3.374386,13.951508
1784109559684,89.360000,-84.944310,-16.981533,0.325289,-19.274946,2.293413,-5.587132,-94.596657,-83.300331,-0.709615,10.900331
1784109559704,89.380000,-55.838470,-0.635942,-3.508080,-27.232950,26.597008,-14.775892,-91.935983,-80.817944,4.097669,5.064184
1784109559724,89.400000,-67.552580,-22.344463,-7.390407,-32.870877,10.526414,-16.554436,-89.262273,-78.417014,8.095338,-2.891673
1784109559744,89.420000,-36.857162,-26.942710,-11.313984,-40.147644,13.204934,-14.811811,-86.587027,-76.097346,8.984255,-11.698564
1784109559764,89.440000,-60.042630,-52.305405,-15.270805,-47.175671,-5.129734,-15.613844,-83.921235,-73.858222,6.198977,-19.912552
1784109559784,89.460000,-45.477380,-49.877037,-19.252601,-55.961547,6.084510,-18.333530,-81.275322,-71.698522,1.353178,-26.402239
1784109559804,89.480000,-70.057550,-67.527030,-23.250901,-63.568398,-3.958632,-19.339517,-78.659084,-69.616838,-2.352288,-30.676966
1784109559824,89.500000,-47.773544,-54.047543,-27.257115,-72.058626,18.011083,-16.036468,-76.081639,-67.611557,-1.556748,-32.937748
1784109559844,89.520000,-62.637863,-79.594390,-31.262608,-78.290335,-1.304055,-10.072323,-73.551379,-65.680940,5.714278,-33.852215
1784109559864,89.540000,-18.677107,-67.016020,-35.258732,-86.299441,19.283421,-5.090442,-71.075926,-63.823172,18.993542,-34.156612
1784109559884,89.560000,-19.595790,-106.617040,-39.236824,-92.140970,-14.476070,-3.841875,-68.662098,-62.036397,35.325889,-34.264107
1784109559904,89.580000,27.888826,-80.126970,-43.188152,-101.131117,21.004147,-5.013953,-66.315878,-60.318739,50.410981,-34.059430
1784109559924,89.600000,6.608728,-106.444680,-47.103861,-106.409352,-0.035328,-3.361212,-64.042388,-58.668298,60.301037,-32.981735
1784109559944,89.620000,36.507120,-74.515790,-50.974942,-113.570276,39.054486,2.926412,-61.845871,-57.083139,62.572933,-30.377600
1784109559964,89.640000,17.589525,-93.876915,-54.792252,-116.606198,22.729283,12.307010,-59.729684,-55.561268,56.729568,-25.948920
1784109559984,89.660000,15.004536,-70.178930,-58.546576,-121.023198,50.844268,21.086067,-57.696284,-54.100589,44.361713,-20.042246
1784109560004,89.680000,-18.683084,-100.082040,-62.228722,-122.311149,22.229109,24.942621,-55.747238,-52.698866,28.804005,-13.647530
1784109560024,89.700000,-20.739332,-83.302280,-65.829673,-126.160500,42.858220,22.571027,-53.883226,-51.353672,13.834885,-8.152958
1784109560044,89.720000,-42.081980,-113.745300,-69.340728,-127.563270,13.817970,16.176183,-52.104055,-50.062334,2.148145,-4.961034
1784109560064,89.740000,-29.473862,-114.650930,-72.753633,-131.564490,16.913560,6.809730,-50.408676,-48.821891,-5.355978,-5.048669
1784109560084,89.760000,-55.492363,-158.834930,-76.060644,-134.927941,-23.906989,-6.526831,-48.795215,-47.629037,-9.307545,-8.599815
1784109560104,89.780000,-35.077286,-160.666260,-79.254583,-142.222319,-18.443941,-22.047584,-47.260994,-46.480087,-11.296035,-14.896549
1784109560124,89.800000,-52.582350,-181.667920,-82.328858,-148.792945,-32.874975,-33.244980,-45.802571,-45.370945,-13.297362,-22.536829
1784109560144,89.820000,-31.612526,-167.423540,-85.277472,-156.697586,-10.725954,-34.419456,-44.415780,-44.297074,-16.789223,-29.850449
1784109560164,89.840000,-65.259514,-182.558550,-88.095016,-162.164011,-20.394539,-26.679625,-43.095765,-43.253494,-21.780501,-35.328457
1784109560184,89.860000,-53.195650,-156.767180,-90.776677,-168.418573,11.651393,-13.963265,-41.837035,-42.234778,-26.658563,-37.964040
1784109560204,89.880000,-81.771710,-184.107470,-93.318278,-171.129842,-12.977628,-1.643387,-40.633506,-41.235067,-29.208441,-37.453700
1784109560224,89.900000,-59.605637,-152.684360,-95.716305,-176.085554,23.401194,6.801973,-39.478558,-40.248100,-28.099829,-34.184128
1784109560244,89.920000,-63.766296,-183.032170,-97.967912,-177.016714,-6.015456,11.872433,-38.365081,-39.267256,-23.745378,-28.966140
1784109560264,89.940000,-36.008026,-179.069890,-100.070875,-180.644500,1.574610,11.062078,-37.285538,-38.285603,-17.810798,-22.619263
1784109560284,89.960000,-54.613377,-196.600540,-102.023521,-183.240427,-13.360113,5.210427,-36.232019,-37.295970,-11.857004,-15.642646
1784109560304,89.980000,-29.007374,-163.427610,-103.824659,-187.126784,23.699174,3.184197,-35.196294,-36.291014,-6.451169,-8.169742
1784109560324,90.000000,-59.108270,-179.891170,-105.473540,-186.965631,7.074461,8.889210,-34.169880,-35.242044,-1.416072,-0.194958
1784109560344,90.020000,-22.572777,-156.481220,-106.969840,-188.206629,31.725409,16.885249,-33.144094,-34.189515,3.155174,8.139163
1784109560364,90.040000,-36.828163,-172.759250,-108.313630,-186.650720,13.891470,21.985391,-32.110115,-33.097572,6.216633,16.433935
1784109560384,90.060000,-12.897775,-151.210530,-109.505336,-186.630681,35.420151,23.318707,-31.059043,-31.959219,6.288486,24.162750
1784109560404,90.080000,-40.569195,-163.802220,-110.545689,-184.161596,20.359376,22.485717,-29.981957,-30.767768,2.570334,30.870657
1784109560424,90.100000,-30.891222,-165.456150,-111.435717,-182.974394,17.518244,18.437946,-28.869976,-29.516934,-4.547230,36.245870
1784109560444,90.120000,-58.590015,-176.947190,-112.176769,-181.877283,4.930093,10.178469,-27.714311,-28.200919,-13.840779,40.033390
1784109560464,90.140000,-36.880795,-159.915010,-112.770546,-181.899222,21.984212,3.071987,-26.506330,-26.814503,-23.756222,41.951588
1784109560484,90.160000,-73.365170,-152.117190,-113.219128,-180.049355,27.932165,3.202935,-25.237604,-25.353109,-32.391716,41.754036
1784109560504,90.180000,-64.788720,-108.795090,-113.524992,-177.443902,68.648812,13.374181,-23.899965,-23.812872,-37.546497,39.376667
1784109560524,90.200000,-78.861510,-100.585526,-113.691038,-170.536269,69.950743,30.249642,-22.485557,-22.190684,-37.626389,35.021633
1784109560544,90.220000,-46.437980,-74.389590,-113.720588,-163.293932,88.904342,44.470024,-20.986885,-20.484231,-32.588917,29.155594
1784109560564,90.240000,-62.031647,-88.923355,-113.617345,-153.942363,65.019008,47.822212,-19.396861,-18.692013,-23.860346,22.500875
1784109560584,90.260000,-27.754845,-69.157455,-113.385309,-146.836411,77.678956,39.707732,-17.708848,-16.813344,-13.694883,16.009773
1784109560604,90.280000,-34.007473,-84.170780,-113.028693,-138.321557,54.150777,26.037639,-15.916704,-14.848347,-4.640282,10.725080
1784109560624,90.300000,-5.940242,-76.535550,-112.551839,-132.073246,55.537696,11.107678,-14.014816,-12.797918,1.100725,7.525108
1784109560644,90.320000,-18.974838,-103.429350,-111.959135,-125.612371,22.183021,-4.744180,-11.998145,-10.663691,2.480966,6.878741
1784109560664,90.340000,-10.408574,-82.399720,-111.254966,-122.467180,40.067460,-18.929170,-9.862253,-8.447971,0.087343,8.708379
1784109560684,90.360000,-26.085438,-84.944310,-110.443699,-117.498611,32.554301,-25.330824,-7.603334,-6.153669,-4.159852,12.373164
1784109560704,90.380000,-3.993508,-55.838470,-109.529695,-113.262077,57.423607,-21.961146,-5.218249,-3.784209,-7.737038,16.792854
1784109560724,90.400000,-26.737871,-67.552580,-108.517312,-106.504399,38.951819,-14.364832,-2.704546,-1.343438,-7.977281,20.731490
1784109560744,90.420000,-4.063519,-36.857162,-107.410905,-101.585003,64.727841,-8.197099,-0.060486,1.164489,-2.525582,23.152048
1784109560764,90.440000,-13.414147,-60.042630,-106.214819,-94.070210,34.027580,-6.043266,2.714937,3.735215,9.632647,23.482530
1784109560784,90.460000,39.764700,-45.477380,-104.933363,-89.635826,44.158446,-9.913714,5.621977,6.364309,27.180574,21.719550
1784109560804,90.480000,29.260273,-70.057550,-103.570728,-84.199915,14.142365,-18.483482,8.660118,9.047389,46.531093,18.411789
1784109560824,90.500000,84.889110,-47.773544,-102.130887,-81.792980,34.019436,-26.721179,11.828064,11.780246,62.867754,14.541904
1784109560844,90.520000,73.102980,-62.637863,-100.617491,-77.422074,14.784211,-30.112821,15.123724,14.558971,71.666375,11.268356
1784109560864,90.540000,98.486340,-18.677107,-99.033786,-75.003715,56.326608,-25.700457,18.544206,17.380078,70.423161,9.547936
1784109560884,90.560000,51.175460,-19.595790,-97.382601,-68.459574,48.863784,-13.098555,22.085809,20.240618,59.658075,9.750073
1784109560904,90.580000,73.244070,27.888826,-95.666405,-62.695269,90.584095,3.831473,25.744015,23.138285,42.411214,11.412070
1784109560924,90.600000,26.775520,6.608728,-93.887420,-52.804300,59.413028,17.430881,29.513493,26.071519,23.043900,13.283307
1784109560944,90.620000,30.472263,36.507120,-92.047747,-46.075395,82.582515,21.136264,33.388094,29.039578,6.214835,13.710556
1784109560964,90.640000,0.217561,17.589525,-90.149481,-37.085268,54.674793,16.394065,37.360858,32.042613,-4.303293,11.216077
1784109560984,90.660000,23.766474,15.004536,-88.194823,-30.931828,45.936364,5.107004,41.424016,35.081707,-6.885743,5.013387
1784109561004,90.680000,12.672985,-18.683084,-86.186119,-25.690410,7.007326,-12.988399,45.569006,38.158897,-2.540352,-4.703085
1784109561024,90.700000,46.223120,-20.739332,-84.125852,-24.348234,3.608902,-33.459289,49.786480,41.277178,5.645575,-16.734838
1784109561044,90.720000,41.121330,-42.081980,-82.016583,-23.337085,-18.744895,-49.355171,54.066323,44.440468,13.721358,-29.132345
1784109561064,90.740000,67.873580,-29.473862,-79.860882,-24.520413,-4.953449,-55.705246,58.397676,47.653552,18.298754,-39.691420
1784109561084,90.760000,46.361813,-55.492363,-77.661265,-24.281423,-31.210940,-54.063750,62.768957,50.921989,17.640827,-46.555023
1784109561104,90.780000,65.252760,-35.077286,-75.420168,-26.585891,-8.491395,-48.560338,67.167895,54.251998,11.953191,-48.721508
1784109561124,90.800000,34.004707,-52.582350,-73.139956,-26.547888,-26.034462,-40.485294,71.581560,57.650296,2.931590,-46.287373
1784109561144,90.820000,50.702217,-31.612526,-70.822961,-28.164042,-3.448484,-30.933850,75.996405,61.123920,-7.073073,-40.346424
1784109561164,90.840000,25.656770,-65.259514,-68.471526,-27.442518,-37.816996,-23.625592,80.398308,64.680006,-15.900607,-32.593590
1784109561184,90.860000,38.376980,-53.195650,-66.088044,-30.027447,-23.168203,-21.771945,84.772619,68.325537,-22.192865,-24.794610
1784109561204,90.880000,22.012543,-81.771710,-63.674986,-31.032569,-50.739141,-23.349558,89.104216,72.061324,-25.845627,-18.320608
1784109561224,90.900000,47.944440,-59.605637,-61.234917,-34.633775,-24.971862,-23.391023,93.377563,75.898196,-28.175921,-13.877454
1784109561244,90.920000,26.889610,-63.766296,-58.770476,-35.535756,-28.230540,-16.851614,97.576773,79.841366,-31.454117,-11.459645
1784109561264,90.940000,56.113144,-36.008026,-56.284359,-36.636360,0.628334,-3.004756,101.685678,83.894754,-37.928268,-10.497898
1784109561284,90.960000,25.527622,-54.613377,-53.779285,-34.779876,-19.833501,11.534133,105.687902,88.060637,-48.687910,-10.141136
1784109561304,90.980000,36.869320,-29.007374,-51.257999,-34.866345,5.858971,20.884837,109.566942,92.339301,-62.818428,-9.595606
1784109561324,91.000000,1.810906,-59.108270,-48.723289,-32.339416,-26.768854,23.627297,113.306249,96.728696,-77.470445,-8.417481
1784109561344,91.020000,17.332201,-22.572777,-46.178039,-32.972067,10.399290,22.666070,116.889318,101.224096,-88.879560,-6.646376
1784109561364,91.040000,-5.416823,-36.828163,-43.625265,-29.875500,-6.952663,24.137875,120.299778,105.817790,-93.728635,-4.710572
1784109561384,91.060000,28.419674,-12.897775,-41.068136,-28.474164,15.576389,28.248453,123.521490,110.498798,-90.273850,-3.131065
1784109561404,91.080000,27.928644,-40.569195,-38.509928,-24.845954,-15.723241,29.594511,126.538644,115.252633,-78.838612,-2.163891
1784109561424,91.100000,70.244870,-30.891222,-35.953945,-24.307014,-6.584208,24.564462,129.335862,120.061105,-61.565049,-1.564081
1784109561444,91.120000,73.815994,-58.590015,-33.403393,-22.845441,-35.744574,14.555115,131.898298,124.902203,-41.803601,-0.596174
1784109561464,91.140000,131.122850,-36.880795,-30.861249,-24.217500,-12.663295,5.373423,134.211744,129.750030,-23.390591,1.713345
1784109561484,91.160000,132.205960,-73.365170,-28.330124,-23.267244,-50.097926,-0.476222,136.262732,134.574832,-9.457542,6.214698
1784109561504,91.180000,163.759920,-64.788720,-25.812128,-25.936628,-38.852092,-6.212375,138.038638,139.343100,-0.955500,13.313619
1784109561524,91.200000,142.751970,-78.861510,-23.308806,-27.388589,-51.472921,-10.779691,139.527779,144.017776,3.852522,22.753290
1784109561544,91.220000,184.440120,-46.437980,-20.821121,-29.964753,-16.473227,-8.184266,140.719511,148.558538,8.381931,33.536175
1784109561564,91.240000,166.972320,-62.031647,-18.349476,-29.014902,-33.016745,1.540316,141.604324,152.922194,16.217035,44.079120
1784109561584,91.260000,211.672520,-27.754845,-15.893724,-29.632595,1.877750,13.165549,142.173922,157.063152,29.951591,52.638393
1784109561604,91.280000,206.422300,-34.007473,-13.453166,-26.795644,-7.211829,24.125014,142.421311,160.933992,50.264212,57.845158
1784109561624,91.300000,262.831240,-5.940242,-11.026532,-24.865667,18.925425,32.979805,142.340864,164.486109,75.237844,59.096410
1784109561644,91.320000,281.585700,-18.974838,-8.611929,-20.417791,1.442953,37.575187,141.928390,167.670426,100.534847,56.669570
1784109561664,91.340000,316.083300,-10.408574,-6.206774,-17.738131,7.329557,35.631822,141.181186,170.438170,120.797095,51.578800
1784109561684,91.360000,319.029630,-26.085438,-3.807726,-14.504819,-11.580619,27.452501,140.098080,172.741686,131.493807,45.212100
1784109561704,91.380000,336.891540,-3.993508,-1.410684,-13.101118,9.107610,18.701618,138.679467,174.535280,130.335763,38.823980
1784109561724,91.400000,302.292720,-26.737871,0.989150,-9.643256,-17.094615,12.748250,136.927328,175.776068,118.098232,33.056175
1784109561744,91.420000,294.732500,-4.063519,3.397138,-8.676725,4.613206,8.549256,134.845238,176.424810,98.456506,27.682325
1784109561764,91.440000,248.680420,-13.414147,5.819000,-5.491630,-7.922517,6.865996,132.438367,176.446719,76.552710,21.679794
1784109561784,91.460000,250.493150,39.764700,8.260570,-3.424229,43.188929,11.862067,129.713460,175.812210,57.032241,13.611722
1784109561804,91.480000,213.766720,29.260273,10.727583,3.650308,25.609965,23.519730,126.678814,174.497583,42.655289,2.216643
1784109561824,91.500000,219.179290,84.889110,13.225492,8.978634,75.910476,36.385260,123.344234,172.485621,33.875426,-13.000153
1784109561844,91.520000,190.860530,73.102980,15.759343,19.099738,54.003242,46.457838,119.720988,169.766080,29.020142,-31.437536
1784109561864,91.540000,207.624700,98.486340,18.333675,26.936507,71.549833,48.625174,115.821740,166.336068,24.904105,-51.473423
1784109561884,91.560000,172.192430,51.175460,20.952464,36.366098,14.809362,37.146049,111.660481,162.200300,18.019377,-70.875656
1784109561904,91.580000,187.753390,73.244070,23.619080,40.293495,32.950575,14.473442,107.252450,157.371223,6.114047,-87.363464
1784109561924,91.600000,122.508120,26.775520,26.336240,46.138758,-19.363238,-10.235212,102.614039,151.868997,-10.472426,-99.149300
1784109561944,91.620000,119.423190,30.472263,29.105925,47.124440,-16.652177,-32.754640,97.762700,145.721357,-28.709771,-105.351100
1784109561964,91.640000,56.016727,0.217561,31.929254,48.736306,-48.518745,-50.705076,92.716839,138.963323,-44.478466,-106.171684
1784109561984,91.660000,69.712750,23.766474,34.806364,47.598030,-23.831556,-59.199585,87.495707,131.636799,-54.890761,-102.742430
1784109562004,91.680000,35.298824,12.672985,37.736331,49.253713,-36.580728,-56.177829,82.119286,123.790043,-59.687477,-96.622370
1784109562024,91.700000,45.819320,46.223120,40.717158,49.922020,-3.698900,-44.076538,76.608172,115.477038,-60.931515,-89.143800
1784109562044,91.720000,24.216568,41.121330,43.745823,54.112677,-12.991347,-27.879590,70.983452,106.756764,-61.573858,-80.943825
1784109562064,91.740000,20.616638,67.873580,46.818335,57.556210,10.317370,-13.053365,65.266586,97.692396,-63.821981,-71.919410
1784109562084,91.760000,-10.335814,46.361813,49.929794,63.534056,-17.172243,-4.766480,59.479284,88.350440,-68.071113,-61.574814
1784109562104,91.780000,-14.592790,65.252760,53.074424,66.824132,-1.571372,-4.541311,53.643386,78.799827,-72.868212,-49.513340
1784109562124,91.800000,-47.443295,34.004707,56.245599,71.752076,-37.747369,-10.261978,47.780743,69.110981,-75.687709,-35.791363
1784109562144,91.820000,-38.970406,50.702217,59.435867,72.892573,-22.190356,-18.571962,41.913097,59.354882,-74.024842,-20.978788
1784109562164,91.840000,-64.543720,25.656770,62.637000,75.440740,-49.783970,-25.301769,36.061972,49.602138,-66.418822,-5.942965
1784109562184,91.860000,-34.494180,38.376980,65.840072,74.855029,-36.478049,-28.746773,30.248565,39.922084,-53.079790,8.493553
1784109562204,91.880000,-51.651470,22.012543,69.035577,75.245110,-53.232567,-28.803273,24.493635,30.381929,-35.871056,21.845453
1784109562224,91.900000,-18.007065,47.944440,72.213580,73.447783,-25.503343,-24.075327,18.817413,21.045953,-17.717748,34.083370
1784109562244,91.920000,-42.754790,26.889610,75.363872,74.028954,-47.139344,-15.884635,13.239499,11.974779,-1.925832,45.530550
1784109562264,91.940000,-5.639386,56.113144,78.476113,71.879761,-15.766617,-7.200694,7.778785,3.224722,8.331584,56.591534
1784109562284,91.960000,-41.134860,25.527622,81.539950,72.444621,-46.916999,-0.442674,2.453363,-5.152776,10.665787,67.455360
1784109562304,91.980000,-31.149302,36.869320,84.545113,69.264661,-32.395341,1.072463,-2.719540,-13.111612,4.254167,77.903720
1784109562324,92.000000,-67.523330,1.810906,87.481448,66.963772,-65.152866,-3.021895,-7.723633,-20.611396,-9.716576,87.267450
1784109562344,92.020000,-72.126434,17.332201,90.338918,60.628817,-43.296616,-8.651118,-12.543621,-27.617720,-27.910725,94.527160
1784109562364,92.040000,-124.824740,-5.416823,93.107565,55.827817,-61.244640,-10.615333,-17.165259,-34.102330,-45.088934,98.533850
1784109562384,92.060000,-119.285130,28.419674,95.777456,48.495738,-20.076064,-5.106906,-21.575391,-40.043196,-55.342096,98.296240
1784109562404,92.080000,-148.550450,27.928644,98.338628,44.744140,-16.815496,9.357265,-25.761996,-45.424486,-54.087837,93.274010
1784109562424,92.100000,-108.634360,70.244870,100.781093,40.805142,29.439728,30.290494,-29.714211,-50.236454,-39.740442,83.641580
1784109562444,92.120000,-102.915460,73.815994,103.094927,41.185426,32.630568,52.279682,-33.422360,-54.475237,-14.159211,70.478980
1784109562464,92.140000,-58.147717,131.122850,105.270438,41.598550,89.524300,72.607569,-36.877963,-58.134865,18.162948,55.765630
1784109562484,92.160000,-44.086273,132.205960,107.298380,47.643093,84.562867,89.863294,-40.073750,-61.230747,51.312666,42.045773
1784109562504,92.180000,19.651619,163.759920,109.170169,53.115379,110.644541,98.829317,-43.003664,-63.775043,79.243429,31.814062
1784109562524,92.200000,7.450282,142.751970,110.878101,61.214183,81.537787,94.717824,-45.662853,-65.784291,97.579742,26.857595
1784109562544,92.220000,30.588470,184.440120,112.415513,66.323224,118.116896,81.591796,-48.047664,-67.278936,105.136312,27.771955
1784109562564,92.240000,8.003740,166.972320,113.776853,75.134075,91.838245,67.776187,-50.155631,-68.282826,103.766298,33.742430
1784109562584,92.260000,17.960860,211.672520,114.957657,81.281719,130.390801,57.196848,-51.985451,-68.822691,96.867386,42.646120
1784109562604,92.280000,-18.734886,206.422300,115.954481,91.365002,115.057298,51.138592,-53.536968,-68.927620,87.580002,51.523438
1784109562624,92.300000,8.250198,262.831240,116.764805,99.950928,162.880312,50.019099,-54.811143,-68.628530,77.256182,57.338040
1784109562644,92.320000,-22.842976,281.585700,117.386943,113.476653,168.109047,54.610256,-55.810025,-67.957659,65.077324,57.776050
1784109562664,92.340000,-9.495361,316.083300,117.819976,127.682989,188.400311,60.397410,-56.536718,-66.948062,49.176273,51.797695
1784109562684,92.360000,-45.416374,319.029630,118.063685,144.107253,174.922377,58.964812,-56.995344,-65.633135,28.343468,39.755608
1784109562704,92.380000,-49.995500,336.891540,118.118457,159.323709,177.567831,47.270001,-57.191007,-64.046167,3.363997,23.067171
1784109562724,92.400000,-100.942276,302.292720,117.985172,174.931517,127.361203,24.106822,-57.129745,-62.219918,-22.625093,3.619377
1784109562744,92.420000,-107.474210,294.732500,117.665050,185.533992,109.198508,-9.961406,-56.818488,-60.186241,-45.176884,-16.807251
1784109562764,92.440000,-132.399430,248.680420,117.159508,194.296328,54.384092,-49.261677,-56.265013,-57.975736,-60.455937,-36.857018
1784109562784,92.460000,-109.217680,250.493150,116.470062,197.463496,53.029654,-84.639253,-55.477884,-55.617448,-66.603325,-55.564160
1784109562804,92.480000,-130.900220,213.766720,115.598307,200.387132,13.379588,-108.752155,-54.466405,-53.138615,-63.822204,-72.069916
1784109562824,92.500000,-96.509540,219.179290,114.545944,199.193637,19.985653,-120.661290,-53.240563,-50.564453,-54.001582,-85.371605
1784109562844,92.520000,-92.869200,190.860530,113.314848,198.531510,-7.670980,-122.967886,-51.810962,-47.918002,-40.467014,-94.326990
1784109562864,92.540000,-48.918266,207.624700,111.907166,194.958463,12.666237,-117.773011,-50.188768,-45.220007,-27.194130,-97.885370
1784109562884,92.560000,-64.086810,172.192430,110.325444,193.309004,-21.116574,-108.636872,-48.385640,-42.488857,-17.345175,-95.376180
1784109562904,92.580000,-28.387693,187.753390,108.572723,188.155445,-0.402055,-99.500086,-46.413666,-39.740563,-12.186732,-86.758690
1784109562924,92.600000,-57.347110,122.508120,106.652598,184.976345,-62.468225,-94.962665,-44.285293,-36.988791,-11.057514,-72.800964
1784109562944,92.620000,-35.475030,119.423190,104.569216,175.470966,-56.047776,-98.718184,-42.013262,-34.244920,-12.279305,-55.108840
1784109562964,92.640000,-51.194588,56.016727,102.327254,166.511592,-110.494865,-107.096627,-39.610535,-31.518154,-14.531419,-35.907192
1784109562984,92.660000,-26.448257,69.712750,99.931875,152.015433,-82.302683,-111.591986,-37.090228,-28.815656,-17.682403,-17.580282
1784109563004,92.680000,-37.417360,35.298824,97.388718,140.277155,-104.978331,-104.403631,-34.465538,-26.142712,-22.377180,-2.124583
1784109563024,92.700000,-16.059260,45.819320,94.703878,126.228003,-80.408683,-86.326950,-31.749678,-23.502924,-28.659858,9.266396
1784109563044,92.720000,-60.963623,24.216568,91.883886,114.609703,-90.393135,-63.385088,-28.955803,-20.898407,-34.810522,16.301315
1784109563064,92.740000,-27.268663,20.616638,88.935648,101.982941,-81.366303,-41.638949,-26.096949,-18.330016,-37.736520,19.352697
1784109563084,92.760000,-53.194820,-10.335814,85.866370,90.260826,-100.596640,-26.477940,-23.185964,-15.797561,-34.566756,19.094671
1784109563104,92.780000,-14.557036,-14.592790,82.683506,76.642941,-91.235731,-17.731496,-20.235444,-13.300039,-24.044857,16.286924
1784109563124,92.800000,-18.685972,-47.443295,79.394761,64.003958,-111.447253,-12.321775,-17.257675,-10.835846,-7.303822,11.782471
1784109563144,92.820000,38.300907,-38.970406,76.008122,49.425848,-88.396254,-6.235156,-14.264571,-8.402997,12.143184,6.617433
1784109563164,92.840000,37.973267,-64.543720,72.531933,37.244017,-101.787737,3.416011,-11.267623,-5.999318,29.608902,2.003738
1784109563184,92.860000,71.496630,-34.494180,68.974985,23.857397,-58.351577,18.078792,-8.277845,-3.622630,41.135362,-0.849242
1784109563204,92.880000,59.319725,-51.651470,65.346563,14.930093,-66.581563,37.324727,-5.305728,-1.270913,44.901273,-1.062840
1784109563224,92.900000,73.977360,-18.007065,61.656441,5.332835,-23.339900,57.464051,-2.361199,1.057563,41.604337,1.552828
1784109563244,92.920000,39.256950,-42.754790,57.914814,0.177597,-42.932387,73.746030,0.546418,3.364119,33.868794,6.306067
1784109563264,92.940000,59.057130,-5.639386,54.132185,-6.765716,1.126330,84.099315,3.408437,5.649579,24.845274,11.737475
1784109563284,92.960000,35.710365,-41.134860,50.319246,-9.184221,-31.950639,88.484169,6.216833,7.914216,16.877452,16.038452
1784109563304,92.980000,54.003822,-31.149302,46.486763,-14.710434,-16.438868,84.254007,8.964267,10.157709,11.142275,17.628807
1784109563324,93.000000,33.909500,-67.523330,42.645503,-18.492412,-49.030918,71.864516,11.644100,12.483968,8.019964,15.657944
1784109563344,93.020000,45.860010,-72.126434,38.806155,-25.245899,-46.880535,54.917257,14.250409,14.649656,7.406752,10.210495
1784109563364,93.040000,31.052185,-124.824740,34.979267,-31.473095,-93.351645,34.539294,16.777986,16.789686,8.557683,2.156764
1784109563384,93.060000,64.395470,-119.285130,31.175193,-41.890165,-77.394965,14.217312,19.222344,18.901878,9.913481,-7.196783
1784109563404,93.080000,43.410236,-148.550450,27.404067,-50.261086,-98.289364,1.106063,21.579710,20.983573,9.766303,-16.442366
1784109563424,93.100000,65.021310,-108.634360,23.675799,-60.180721,-48.453639,1.399624,23.847014,23.031713,7.496359,-24.313879
1784109563444,93.120000,32.876800,-102.915460,20.000049,-64.696621,-38.218839,17.250006,26.021878,25.042929,4.205991,-29.889982
1784109563464,93.140000,51.139810,-58.147717,16.386176,-67.786783,9.639066,42.838973,28.102590,27.013640,2.189433,-32.778957
1784109563484,93.160000,27.914000,-44.086273,12.843175,-65.842821,21.756548,68.923138,30.088086,28.940150,3.605998,-33.187756
1784109563504,93.180000,58.855385,19.651619,9.379626,-62.488600,82.140219,92.089744,31.977917,30.818747,9.189111,-31.767996
1784109563524,93.200000,39.545910,7.450282,6.003680,-53.137740,60.588021,108.218453,33.772221,32.645803,17.612263,-29.283998
1784109563544,93.220000,91.919570,30.588470,2.723067,-45.928729,76.517199,108.718455,35.471682,34.417863,25.782863,-26.276834
1784109563564,93.240000,73.887535,8.003740,-0.454851,-37.205007,45.208747,92.615738,37.077493,36.131731,30.383658,-22.881378
1784109563584,93.260000,85.703820,17.960860,-3.523033,-31.584591,49.545451,66.969376,38.591312,37.784542,30.002676,-18.881622
1784109563604,93.280000,49.252014,-18.734886,-6.474752,-25.545230,6.810344,37.770915,40.015217,39.373823,25.861790,-14.010425
1784109563624,93.300000,63.967445,8.250198,-9.303659,-23.615574,31.865772,11.719629,41.351659,40.897547,20.422568,-8.346091
1784109563644,93.320000,40.630646,-22.842976,-12.003866,-19.154059,-3.688917,-5.847330,42.603410,42.354166,15.427441,-2.512710
1784109563664,93.340000,62.662964,-9.495361,-14.569999,-18.060589,8.565228,-17.607033,43.773513,43.742635,11.028774,2.519177
1784109563684,93.360000,40.101900,-45.416374,-16.997227,-15.632650,-29.783724,-28.577626,44.865228,45.062417,6.307692,5.903165
1784109563704,93.380000,49.863960,-49.995500,-19.281268,-16.737035,-33.258465,-41.961147,45.881979,46.313482,0.414611,7.300411
1784109563724,93.400000,25.449718,-100.942276,-21.418409,-17.875916,-83.066360,-59.445633,46.827304,47.496287,-6.619058,6.934219
1784109563744,93.420000,32.750168,-107.474210,-23.405531,-23.404334,-84.069876,-78.702898,47.704798,48.611749,-13.720811,5.363645
1784109563764,93.440000,-1.863183,-132.399430,-25.240149,-28.439330,-103.960100,-92.250694,48.518065,49.661201,-19.227761,3.185672
1784109563784,93.460000,16.353380,-109.217680,-26.920449,-34.759374,-74.458306,-92.241624,49.270663,50.646349,-21.935725,0.839652
1784109563804,93.480000,0.236264,-130.900220,-28.445311,-37.612283,-93.287937,-79.660023,49.966061,51.569213,-22.102887,-1.417563
1784109563824,93.500000,26.395662,-96.509540,-29.814293,-41.741723,-54.767817,-61.060411,50.607592,52.432067,-21.404107,-3.390782
1784109563844,93.520000,3.048803,-92.869200,-31.027585,-41.659419,-51.209781,-38.805661,51.198407,53.237374,-21.833270,-4.793758
1784109563864,93.540000,25.943403,-48.918266,-32.085950,-40.912520,-8.005746,-13.653842,51.741438,53.987718,-24.458225,-5.218710
1784109563884,93.560000,-16.159805,-64.086810,-32.990692,-35.785961,-28.300849,8.487794,52.239363,54.685740,-28.839021,-4.293133
1784109563904,93.580000,10.105368,-28.387693,-33.743648,-32.566719,4.179026,21.766173,52.694571,55.334066,-33.452828,-1.919630
1784109563924,93.600000,-21.888102,-57.347110,-34.347189,-26.133209,-31.213901,25.272219,53.109137,55.935245,-36.659326,1.596445
1784109563944,93.620000,6.820481,-35.475030,-34.804212,-23.190145,-12.284885,20.345662,53.484796,56.491683,-37.350490,5.645708
1784109563964,93.640000,-14.851121,-51.194588,-35.118107,-18.385654,-32.808934,12.518881,53.822928,57.005585,-35.057461,9.581235
1784109563984,93.660000,8.763941,-26.448257,-35.292707,-15.669215,-10.779042,7.694361,54.124540,57.478904,-29.841428,12.978283
1784109564004,93.680000,6.577503,-37.417360,-35.332231,-10.834353,-26.583007,7.117302,54.390258,57.913281,-22.201221,15.744840
1784109564024,93.700000,25.816525,-16.059260,-35.241206,-7.694850,-8.364410,8.854328,54.620324,58.310009,-12.874130,18.077108
1784109564044,93.720000,16.914875,-60.963623,-35.024384,-2.862111,-58.101512,6.235690,54.814595,58.669984,-2.700574,20.322790
1784109564064,93.740000,51.231934,-27.268663,-34.686674,-3.215961,-24.052702,-2.257295,54.972548,58.993677,7.141612,22.812120
1784109564084,93.760000,33.821518,-53.194820,-34.233065,-0.340780,-52.854040,-8.610483,55.093288,59.281094,14.964397,25.720300
1784109564104,93.780000,76.247930,-14.557036,-33.668555,-0.587129,-13.969907,-8.078273,55.175564,59.531761,18.919220,29.012087
1784109564124,93.800000,40.901620,-18.685972,-32.998089,2.883623,-21.569595,0.013853,55.217786,59.744692,17.796789,32.467030
1784109564144,93.820000,69.252815,38.300907,-32.226522,5.397221,32.903686,15.533564,55.218043,59.918381,11.764480,35.716354
1784109564164,93.840000,28.851753,37.973267,-31.358624,13.253738,24.719529,34.897583,55.174132,60.050787,2.497470,38.249230
1784109564184,93.860000,44.149002,71.496630,-30.399112,20.142888,51.353742,49.839098,55.083585,60.139307,-7.325268,39.431620
1784109564204,93.880000,7.966171,59.319725,-29.352708,29.563310,29.756415,54.070942,54.943697,60.169820,-15.031507,38.598248
1784109564224,93.900000,36.850906,73.977360,-28.224191,36.625237,37.352123,47.235483,54.751563,60.150913,-19.088116,35.236040
1784109564244,93.920000,13.797292,39.256950,-27.018424,44.235172,-4.978222,30.796133,54.504115,60.078694,-19.588930,29.211641
1784109564264,93.940000,49.284595,59.057130,-25.740338,47.337515,11.719615,10.145231,54.198158,59.948774,-17.765987,20.943598
1784109564284,93.960000,19.128145,35.710365,-24.394899,51.852725,-16.142360,-6.502880,53.830408,59.756293,-15.020495,11.403263
1784109564304,93.980000,57.658050,54.003822,-22.987062,53.309325,0.694497,-16.050988,53.397542,59.495937,-12.230202,1.886946
1784109564324,94.000000,31.689350,33.909500,-21.521740,56.198151,-22.288651,-20.234405,52.896230,59.161982,-9.483012,-6.350316
1784109564344,94.020000,63.496100,45.860010,-20.003768,56.545546,-10.685536,-22.202533,52.323189,58.748330,-6.010245,-12.416987
1784109564364,94.040000,35.682526,31.052185,-18.437874,57.830452,-26.778267,-23.628185,51.675217,58.248562,-0.509336,-15.942101
1784109564384,94.060000,73.700700,64.395470,-16.828656,57.308152,7.087318,-21.471699,50.949246,57.656001,7.976209,-17.060366
1784109564404,94.080000,58.116318,43.410236,-15.180565,59.975338,-16.565102,-15.106450,50.142376,56.963781,19.107329,-16.267103
1784109564424,94.100000,102.305695,65.021310,-13.497854,60.109881,4.911429,-9.540076,49.251925,56.164926,30.920685,-14.188920
1784109564444,94.120000,96.308334,32.876800,-11.784516,62.217775,-29.340975,-8.910643,48.275462,55.252441,40.479508,-11.348496
1784109564464,94.140000,124.269135,51.139810,-10.044213,60.784696,-9.644886,-13.122541,47.210853,54.219410,45.341857,-8.036368
1784109564484,94.160000,89.655060,27.914000,-8.280233,61.198041,-33.284041,-17.952471,46.056289,53.059099,44.828988,-4.376455
1784109564504,94.180000,108.546450,58.855385,-6.495495,59.186376,-0.330991,-18.464505,44.810327,51.765070,39.963011,-0.558498
1784109564524,94.200000,72.629730,39.545910,-4.692621,60.362914,-20.817004,-13.525600,43.471915,50.331299,32.305843,2.936105
1784109564544,94.220000,99.945400,91.919570,-2.874002,59.442873,32.476697,-3.274074,42.040423,48.752298,22.964631,5.326046
1784109564564,94.240000,61.485424,73.887535,-1.041867,63.678425,10.209110,10.822632,40.515663,47.023235,12.597589,5.793040
1784109564584,94.260000,76.651170,85.703820,0.801663,65.568820,20.135000,19.565641,38.897912,45.140059,2.089168,3.831661
1784109564604,94.280000,39.586914,49.252014,2.654517,68.303967,-19.051953,15.212097,37.187927,43.099619,-7.029081,-0.560956
1784109564624,94.300000,57.908184,63.967445,4.514603,67.102678,-3.135233,1.822583,35.386958,40.899782,-12.750693,-6.930050
1784109564644,94.320000,23.361360,40.630646,6.379759,67.435336,-26.804690,-10.762439,33.496757,38.539543,-13.181811,-14.533231
1784109564664,94.340000,49.602432,62.662964,8.247713,65.441104,-2.778140,-16.330633,31.519584,36.019124,-7.487827,-22.500792
1784109564684,94.360000,42.458855,40.101900,10.116076,65.814694,-25.712794,-15.492034,29.458205,33.340069,3.198459,-29.928434
1784109564704,94.380000,76.623100,49.863960,11.982376,63.959255,-14.095295,-13.438007,27.315894,30.505317,15.785352,-35.908520
1784109564724,94.400000,58.368515,25.449718,13.844141,63.297709,-37.847991,-14.025156,25.096425,27.519270,26.229815,-39.561756
1784109564744,94.420000,90.289840,32.750168,15.698958,60.396152,-27.645984,-17.010779,22.804060,24.387838,30.726134,-40.160920
1784109564764,94.440000,61.720030,-1.863183,17.544530,58.620123,-60.483306,-21.946510,20.443543,21.118466,26.790772,-37.357483
1784109564784,94.460000,72.306740,16.353380,19.378685,53.785449,-37.432069,-26.658793,18.020074,17.720146,14.341930,-31.395903
1784109564804,94.480000,14.779342,0.236264,21.199343,51.399784,-51.163520,-26.234839,15.539299,14.203404,-3.807832,-23.189253
1784109564824,94.500000,13.917841,26.395662,23.004418,47.807701,-21.412039,-18.876043,13.007281,10.580266,-22.833800,-14.223736
1784109564844,94.520000,-35.459866,3.048803,24.791692,47.272902,-44.224099,-8.685298,10.430475,6.864205,-37.966732,-6.298048
1784109564864,94.540000,-12.335461,25.943403,26.558688,44.544706,-18.601303,-0.724779,7.815707,3.070066,-46.491225,-1.091372
1784109564884,94.560000,-42.813630,-16.159805,28.302610,44.422693,-60.582498,1.399312,5.170134,-0.786029,-48.444227,0.367502
1784109564904,94.580000,-14.051335,10.105368,30.020344,40.088309,-29.982941,-1.948345,2.501222,-4.686795,-45.867174,-1.889530
1784109564924,94.600000,-43.731620,-21.888102,31.708495,38.794534,-60.682636,-5.328489,-0.183294,-8.613914,-41.476077,-6.727338
1784109564944,94.620000,-7.141598,6.820481,33.363452,34.297478,-27.476997,-5.193526,-2.875439,-12.548187,-37.483241,-12.291847
1784109564964,94.640000,-44.073624,-14.851121,34.981443,33.048087,-47.899208,-0.912164,-5.567039,-16.469690,-34.685714,-16.629740
1784109564984,94.660000,-25.174080,8.763941,36.558588,29.576261,-20.812320,5.567064,-8.249750,-20.357954,-32.180350,-18.270296
1784109565004,94.680000,-58.356950,6.577503,38.090924,28.720781,-22.143278,13.547121,-10.915101,-24.192148,-28.263272,-16.587189
1784109565024,94.700000,-22.943213,25.816525,39.574416,27.615132,-1.798607,22.850616,-13.554530,-27.951272,-21.969672,-11.856067
1784109565044,94.720000,-38.858490,16.914875,41.004988,28.509497,-11.594622,30.014894,-16.159418,-31.614364,-13.829601,-4.992253
1784109565064,94.740000,-2.962343,51.231934,42.378598,28.328363,22.903571,35.269473,-18.721134,-35.160698,-5.180787,2.917130
1784109565084,94.760000,-30.128570,33.821518,43.691321,31.659312,2.162206,39.567037,-21.231065,-38.569998,3.186171,11.024170
1784109565104,94.780000,-7.779566,76.247930,44.939414,32.862571,43.385359,42.658461,-23.680664,-41.822646,11.673187,18.841210
1784109565124,94.800000,-32.290268,40.901620,46.119349,38.319065,2.582555,43.039822,-26.061482,-44.899890,21.170399,26.079016
1784109565144,94.820000,9.238588,69.252815,47.227828,39.617974,29.634841,37.322253,-28.365211,-47.784045,31.788878,32.437310
1784109565164,94.840000,-5.920739,28.851753,48.261821,43.655601,-14.803848,25.976445,-30.583721,-50.458694,42.444474,37.576885
1784109565184,94.860000,19.996717,44.149002,49.218624,43.076913,1.072089,11.143813,-32.709103,-52.908874,51.571486,41.267742
1784109565204,94.880000,-0.886457,7.966171,50.095913,43.976293,-36.010122,-4.080206,-34.733706,-55.121252,57.906152,43.504610
1784109565224,94.900000,32.341454,36.850906,50.891762,40.908079,-4.057173,-14.609686,-36.650179,-57.084292,60.835649,44.448185
1784109565244,94.920000,-14.847063,13.797292,51.604647,40.902042,-27.104750,-17.111868,-38.451510,-58.788395,60.594901,44.258595
1784109565264,94.940000,13.961509,49.284595,52.233428,38.376434,10.908161,-12.420290,-40.131066,-60.226031,57.978261,42.958110
1784109565284,94.960000,-14.624266,19.128145,52.777297,39.572390,-20.444245,-5.368274,-41.682635,-61.391840,53.632122,40.403050
1784109565304,94.980000,-4.186902,57.658050,53.235734,37.453242,20.204808,0.168351,-43.100461,-62.282707,47.858280,36.377820
1784109565324,95.000000,-31.152536,31.689350,53.608468,39.350377,-7.661027,4.297510,-44.379284,-62.897818,40.851580,30.755999
1784109565344,95.020000,-16.257217,63.496100,53.895428,38.334974,25.161126,6.993071,-45.514380,-63.238676,32.875227,23.627047
1784109565364,95.040000,-52.830322,35.682526,54.096694,40.573151,-4.890625,7.594256,-46.501593,-63.309086,24.483813,15.315267
1784109565384,95.060000,-45.044403,73.700700,54.212452,39.707407,33.993293,7.482659,-47.337370,-63.115117,16.495949,6.303853
1784109565404,95.080000,-71.455950,58.116318,54.242934,42.734268,15.382050,9.567050,-48.018793,-62.665017,9.407079,-2.875599
1784109565424,95.100000,-52.965700,102.305695,54.188374,43.867879,58.437816,15.149201,-48.543606,-61.969098,2.885280,-11.724945
1784109565444,95.120000,-88.003800,96.308334,54.048983,49.368170,46.940164,23.524293,-48.910246,-61.039595,-4.083001,-19.791319
1784109565464,95.140000,-59.979145,124.269135,53.824941,53.753749,70.515386,30.659963,-49.117856,-59.886947,-12.647097,-26.642344
1784109565484,95.160000,-106.584190,89.655060,53.516392,60.567608,29.087452,29.347229,-49.166313,-58.531659,-23.436332,-31.884210
1784109565504,95.180000,-91.420290,108.546450,53.123425,63.234440,45.312010,17.637673,-49.056235,-56.990564,-36.165456,-35.254980
1784109565524,95.200000,-128.675000,72.629730,52.646044,67.539269,5.090461,0.815415,-48.788992,-55.281511,-49.853798,-36.737030
1784109565544,95.220000,-118.771900,99.945400,52.084127,67.778885,32.166515,-14.056224,-48.366711,-53.423098,-63.275191,-36.595066
1784109565564,95.240000,-147.715420,61.485424,51.437401,70.712139,-9.226715,-23.735269,-47.792274,-51.434396,-75.221191,-35.291040
1784109565584,95.260000,-135.936190,76.651170,50.705423,69.442750,7.208420,-30.849843,-47.069310,-49.334668,-84.585774,-33.308743
1784109565604,95.280000,-159.697100,39.586914,49.887578,69.765757,-30.178843,-37.722341,-46.202183,-47.143085,-90.380737,-30.986490
1784109565624,95.300000,-138.431610,57.908184,48.983100,66.266121,-8.357937,-43.284308,-45.195973,-44.878459,-91.816060,-28.434252
1784109565644,95.320000,-158.112370,23.361360,47.991103,64.876458,-41.515098,-46.134894,-44.056455,-42.558985,-88.493485,-25.541174
1784109565664,95.340000,-117.802370,49.602432,46.910640,60.078363,-10.475931,-45.273853,-42.790061,-40.202004,-80.618368,-22.040735
1784109565684,95.360000,-130.714630,42.458855,45.740781,58.299149,-15.840294,-37.754995,-41.403853,-37.823802,-68.961915,-17.590530
1784109565704,95.380000,-85.615395,76.623100,44.480725,55.887702,20.735398,-22.709907,-39.905476,-35.439426,-54.527724,-11.850575
1784109565724,95.400000,-99.507680,58.368515,43.129908,57.027220,1.341295,-6.113399,-38.303117,-33.062550,-38.311561,-4.576112
1784109565744,95.420000,-43.034630,90.289840,41.688114,56.103603,34.186237,6.132665,-36.605451,-30.705367,-21.317030,4.275643
1784109565764,95.440000,-53.704220,61.720030,40.155579,58.315685,3.404345,12.038855,-34.821591,-28.378531,-4.462407,14.474148
1784109565784,95.460000,-3.886721,72.306740,38.533097,57.291771,15.014969,10.120088,-32.961030,-26.091130,11.776736,25.525871
1784109565804,95.480000,-24.120724,14.779342,36.822106,57.251816,-42.472474,-1.440805,-31.033581,-23.850709,27.472706,36.739708
1784109565824,95.500000,27.693720,13.917841,35.024739,51.316681,-37.398840,-20.971564,-29.049322,-21.663314,42.705053,47.293140
1784109565844,95.520000,23.048504,-35.459866,33.143861,45.745897,-81.205763,-41.106384,-27.018526,-19.533589,56.955042,56.313830
1784109565864,95.540000,65.145860,-12.335461,31.183102,35.708231,-48.043692,-52.597867,-24.951609,-17.464886,69.270175,63.024967
1784109565884,95.560000,47.954727,-42.813630,29.146894,28.888198,-71.701828,-50.632607,-22.859063,-15.459408,78.903232,66.906310
1784109565904,95.580000,82.210450,-14.051335,27.040458,19.657814,-33.709149,-38.202361,-20.751399,-13.518373,85.523832,67.748470
1784109565924,95.600000,55.165314,-43.731620,24.869768,14.157016,-57.888636,-22.191985,-18.639088,-11.642190,88.806153,65.562996
1784109565944,95.620000,92.082760,-7.141598,22.641485,6.234509,-13.376107,-6.852589,-16.532508,-9.830641,87.867671,60.453900
1784109565964,95.640000,73.472015,-44.073624,20.362877,2.713237,-46.786861,5.602278,-14.441888,-8.083072,81.412039,52.583008
1784109565984,95.660000,78.803800,-25.174080,18.041751,-4.105813,-21.068267,11.811429,-12.377260,-6.398578,68.898365,42.231777
1784109566004,95.680000,40.674175,-58.356950,15.686346,-8.326281,-50.030669,12.069361,-10.348412,-4.776186,51.557150,29.827261
1784109566024,95.700000,44.164738,-22.943213,13.305181,-15.313452,-7.629761,12.324244,-8.364846,-3.215022,32.189966,15.845711
1784109566044,95.720000,-1.944992,-38.858490,10.906879,-17.992988,-20.865502,18.162529,-6.435735,-1.714470,14.113967,0.677398
1784109566064,95.740000,11.479382,-2.962343,8.499996,-21.859885,18.897542,29.109522,-4.569892,-0.274307,-0.132074,-15.387576
1784109566084,95.760000,-15.131154,-30.128570,6.092872,-21.692139,-8.436431,39.138396,-2.775733,1.105171,-9.755625,-32.001682
1784109566104,95.780000,13.601197,-7.779566,3.693544,-24.092075,16.312509,42.525969,-1.061249,2.423054,-15.611205,-48.537506
1784109566124,95.800000,-23.170374,-32.290268,1.309699,-23.900817,-8.389451,39.372230,0.566022,3.677739,-19.141283,-63.968426
1784109566144,95.820000,10.720078,9.238588,-1.051342,-25.958430,35.197018,36.022073,2.099017,4.866872,-21.412132,-76.977890
1784109566164,95.840000,-32.952860,-5.920739,-3.382648,-23.568494,17.647755,37.608994,3.531169,5.987320,-22.896872,-86.288055
1784109566184,95.860000,1.010358,19.996717,-5.677700,-22.772793,42.769510,41.081951,4.856430,7.035155,-23.950885,-91.041970
1784109566204,95.880000,-21.859524,-0.886457,-7.930410,-19.396778,18.510321,40.920236,6.069279,8.005671,-25.401593,-91.024790
1784109566224,95.900000,11.409361,32.341454,-10.135109,-18.286294,50.627748,37.400829,7.164745,8.893413,-28.282328,-86.620200
1784109566244,95.920000,-26.843546,-14.847063,-12.286529,-13.943777,-0.903286,30.033072,8.138412,9.692235,-32.752929,-78.591070
1784109566264,95.940000,-6.648681,13.961509,-14.379791,-14.530014,28.491523,17.508196,8.986434,10.395370,-37.515739,-67.877740
1784109566284,95.960000,-41.990734,-14.624266,-16.410431,-12.090710,-2.533556,5.331068,9.705538,10.995524,-40.483111,-55.523396
1784109566304,95.980000,-5.579922,-4.186902,-18.374429,-12.551194,8.364292,-4.045802,10.293038,11.484983,-40.036857,-42.640045
1784109566324,96.000000,-30.660099,-31.152536,-20.268215,-11.784858,-19.367678,-12.681462,10.746832,11.883330,-35.767567,-30.263494
1784109566344,96.020000,10.652007,-16.257217,-22.088632,-13.558572,-2.698645,-19.780202,11.065409,12.130578,-28.354736,-19.108429
1784109566364,96.040000,-13.383099,-52.830322,-23.832893,-13.524289,-39.306033,-25.741453,11.247852,12.242862,-19.055689,-9.397449
1784109566384,96.060000,28.825838,-45.044403,-25.498513,-16.897564,-28.146839,-32.510157,11.293834,12.212166,-9.291616,-0.901961
1784109566404,96.080000,10.022105,-71.455950,-27.083255,-18.973493,-52.482457,-38.679230,11.203620,12.030780,-0.373696,6.837631
1784109566424,96.100000,35.145910,-52.965700,-28.585078,-23.268054,-29.697646,-40.580753,10.978061,11.691467,6.674513,14.248593
1784109566444,96.120000,14.506843,-88.003800,-30.002102,-25.166499,-62.837301,-38.851945,10.618589,11.187628,10.926721,21.522352
1784109566464,96.140000,54.630570,-59.979145,-31.332590,-30.252299,-29.726846,-35.426175,10.127212,10.513474,11.312715,28.528418
1784109566484,96.160000,12.309611,-106.584190,-32.574940,-31.979032,-74.605158,-32.016324,9.506503,9.664185,7.129350,34.871220
1784109566504,96.180000,32.665573,-91.420290,-33.727681,-38.187132,-53.233158,-32.033985,8.759586,8.636068,-1.199953,40.028760
1784109566524,96.200000,-6.005988,-128.675000,-34.789521,-42.286864,-86.388136,-34.324934,7.890129,7.426701,-12.088508,43.464222
1784109566544,96.220000,17.043636,-118.771900,-35.759405,-49.818937,-68.952963,-35.950793,6.902325,6.035070,-23.080151,44.689560
1784109566564,96.240000,-32.479935,-147.715420,-36.636575,-55.724485,-91.990935,-35.357840,5.800872,4.461685,-30.995425,43.353780
1784109566584,96.260000,-13.193811,-135.936190,-37.420627,-64.131940,-71.804250,-31.604381,4.590961,2.708682,-32.615697,39.364980
1784109566604,96.280000,-26.225370,-159.697100,-38.111558,-70.670459,-89.026641,-25.230012,3.278248,0.779904,-26.116710,32.976055
1784109566624,96.300000,12.518474,-138.431610,-38.709776,-79.135691,-59.295919,-16.282488,1.868833,-1.319043,-11.977589,24.829641
1784109566644,96.320000,2.606558,-158.112370,-39.216028,-84.721627,-73.390743,-5.208687,0.369235,-3.580749,7.357738,15.983460
1784109566664,96.340000,44.808586,-117.802370,-39.631305,-91.845387,-25.956983,8.467360,-1.213636,-5.995998,28.262532,7.832438
1784109566684,96.360000,37.200077,-130.714630,-39.956738,-94.172121,-36.542509,24.996172,-2.872507,-8.553783,46.545194,1.832100
1784109566704,96.380000,81.900444,-85.615395,-40.193498,-97.529379,11.913984,42.072327,-4.599778,-11.241352,58.262191,-0.899161
1784109566724,96.400000,51.736015,-99.507680,-40.342708,-95.843127,-3.664553,56.777070,-6.387549,-14.044288,61.021808,0.098048
1784109566744,96.420000,69.341064,-43.034630,-40.405401,-95.569191,52.534561,68.569444,-8.227663,-16.946611,55.129408,4.478444
1784109566764,96.440000,15.002648,-53.704220,-40.382547,-89.364190,35.659970,78.481895,-10.111738,-19.930913,43.551182,11.099896
1784109566784,96.460000,32.243427,-3.886721,-40.275141,-84.604824,80.718104,85.167619,-12.031212,-22.978521,30.551578,18.181343
1784109566804,96.480000,-18.853138,-24.120724,-40.084320,-74.998680,50.877956,86.116895,-13.977381,-26.069682,19.881196,23.661540
1784109566824,96.500000,20.491697,27.693720,-39.811460,-68.143358,95.837078,81.662230,-15.941444,-29.183774,13.590934,25.743980
1784109566844,96.520000,-31.938630,23.048504,-39.458235,-56.485065,79.533569,76.423817,-17.914545,-32.299535,11.944372,23.453074
1784109566864,96.540000,6.378347,65.145860,-39.026636,-46.227107,111.372967,72.124804,-19.887823,-35.395307,13.847198,16.936499
1784109566884,96.560000,-26.875227,47.954727,-38.518976,-32.535924,80.490651,65.195480,-21.852453,-38.449293,17.159832,7.366758
1784109566904,96.580000,7.057653,82.210450,-37.937876,-21.785208,103.995658,53.387310,-23.799696,-41.439817,19.214029,-3.469268
1784109566924,96.600000,-29.044035,55.165314,-37.286229,-8.542045,63.707359,37.150694,-25.720941,-44.345594,17.722122,-13.680827
1784109566944,96.620000,-14.333306,92.082760,-36.567177,0.715954,91.366806,19.397282,-27.607752,-47.145983,11.528651,-21.724420
1784109566964,96.640000,-54.752052,73.472015,-35.784118,12.780157,60.691858,4.647010,-29.451915,-49.821249,0.746053,-26.730146
1784109566984,96.660000,-38.931236,78.803800,-34.940732,21.747667,57.056133,-9.150611,-31.245474,-52.352793,-13.475164,-28.638985
1784109567004,96.680000,-92.601944,40.674175,-34.041022,30.289584,10.384591,-27.892399,-32.980778,-54.723381,-29.081383,-28.094612
1784109567024,96.700000,-84.480640,44.164738,-33.089360,34.050679,10.114059,-50.523433,-34.650519,-56.917337,-43.456491,-26.148443
1784109567044,96.720000,-123.075440,-1.944992,-32.090541,37.660998,-39.605990,-72.598638,-36.247765,-58.920720,-54.292031,-23.915060
1784109567064,96.740000,-94.861550,11.479382,-31.049820,36.158099,-24.678717,-89.668865,-37.765997,-60.721460,-60.265076,-22.263586
1784109567084,96.760000,-133.644240,-15.131154,-29.972898,36.014583,-51.145737,-96.818332,-39.199135,-62.309473,-60.897978,-21.574203
1784109567104,96.780000,-98.526370,13.601197,-28.865876,33.097296,-19.496099,-92.246971,-40.541568,-63.676736,-56.176198,-21.628908
1784109567124,96.800000,-122.230100,-23.170374,-27.735186,33.216160,-56.386534,-81.054193,-41.788173,-64.817330,-46.536412,-21.712929
1784109567144,96.820000,-79.211040,10.720078,-26.587507,29.532133,-18.812055,-69.291664,-42.934338,-65.727450,-32.996574,-20.882948
1784109567164,96.840000,-96.408540,-32.952860,-25.429645,29.473239,-62.426099,-59.522641,-43.975971,-66.405384,-17.163853,-18.258642
1784109567184,96.860000,-40.524830,1.010358,-24.268407,24.948533,-23.938175,-52.400482,-44.909517,-66.851421,-1.030095,-13.230844
1784109567204,96.880000,-68.372660,-21.859524,-23.110466,24.134478,-45.994002,-44.046943,-45.731960,-67.050353,13.526374,-5.574659
1784109567224,96.900000,-29.707409,11.409361,-21.962239,20.991667,-9.582306,-31.985280,-46.440828,-67.024864,25.015647,4.490215
1784109567244,96.920000,-43.774174,-26.843546,-20.829806,21.315559,-48.159105,-20.548767,-47.034193,-66.781129,32.021167,16.276392
1784109567264,96.940000,-8.432737,-6.648681,-19.718847,17.647637,-24.296317,-14.877747,-47.510668,-66.326889,33.194434,28.695816
1784109567284,96.960000,-45.181400,-41.990734,-18.634590,16.191140,-58.181874,-14.460927,-47.869400,-65.671289,28.099223,40.451420
1784109567304,96.980000,-28.091732,-5.579922,-17.581802,11.222548,-16.802469,-13.401001,-48.110059,-64.824696,17.917652,50.268260
1784109567324,97.000000,-73.210960,-30.660099,-16.564829,10.194141,-40.854240,-7.014154,-48.232828,-63.798527,5.160058,57.038250
1784109567344,97.020000,-50.187874,10.652007,-15.587670,6.607360,4.044647,4.257432,-48.238388,-62.605050,-7.283184,59.886448
1784109567364,97.040000,-90.506580,-13.383099,-14.654054,7.263801,-20.646900,17.058136,-48.127900,-61.257203,-16.959911,58.277912
1784109567384,97.060000,-61.868385,28.825838,-13.767493,5.258537,23.567301,28.393922,-47.902986,-59.768404,-22.232366,52.191395
1784109567404,97.080000,-86.268900,10.022105,-12.931313,7.377709,2.644396,37.641438,-47.565709,-58.152369,-22.320757,42.249050
1784109567424,97.100000,-60.678993,35.145910,-12.148653,7.160514,27.985396,43.064670,-47.118547,-56.422937,-17.201964,29.686514
1784109567444,97.120000,-75.519990,14.506843,-11.422445,9.168404,5.338439,43.154352,-46.564373,-54.593902,-7.744963,16.138063
1784109567464,97.140000,-27.703243,54.630570,-10.755379,8.672032,45.958538,41.889564,-45.906425,-52.678867,4.023413,3.319599
1784109567484,97.160000,-40.978363,12.309611,-10.149833,11.883094,0.426517,40.073885,-45.148279,-50.691096,15.311936,-7.261343
1784109567504,97.180000,-4.112537,32.665573,-9.607787,10.338744,22.326829,33.026059,-44.293824,-48.643401,23.628654,-14.504649
1784109567524,97.200000,-21.504540,-6.005988,-9.130760,10.724851,-16.730839,21.161676,-43.347229,-46.548030,27.701239,-17.855232
1784109567544,97.220000,3.075001,17.043636,-8.719770,7.098699,9.944937,9.414217,-42.312919,-44.416581,27.871642,-17.407299
1784109567564,97.240000,-26.346220,-32.479935,-8.375334,5.958660,-38.438595,-0.657055,-41.195541,-42.259931,25.891823,-13.924855
1784109567584,97.260000,0.811164,-13.193811,-8.097500,0.003878,-13.197689,-10.156954,-39.999939,-40.088180,24.088708,-8.705774
1784109567604,97.280000,-28.917233,-26.225370,-7.885888,-3.476639,-22.748731,-14.396268,-38.731125,-37.910617,24.254700,-3.288059
1784109567624,97.300000,8.188941,12.518474,-7.739736,-7.900813,20.419287,-7.650087,-37.394250,-35.735693,26.753676,0.924992
1784109567644,97.320000,-15.471279,2.606558,-7.657920,-8.158186,10.764744,7.268665,-35.994578,-33.571018,30.205565,3.007218
1784109567664,97.340000,23.747845,44.808586,-7.638965,-9.472565,54.281151,23.871083,-34.537462,-31.423360,31.950740,2.702025
1784109567684,97.360000,-1.756417,37.200077,-7.681035,-6.704647,43.904724,37.987928,-33.028314,-29.298661,29.210656,0.395647
1784109567704,97.380000,19.131360,81.900444,-7.781940,-5.180524,87.080968,48.472698,-31.472588,-27.202069,20.533610,-3.116531
1784109567724,97.400000,-25.539066,51.736015,-7.939173,0.273159,51.462856,52.872246,-29.875753,-25.137962,6.741311,-6.991239
1784109567744,97.420000,-20.231990,69.341064,-8.149988,1.967340,67.373724,46.844394,-28.243271,-23.109997,-9.339844,-10.694743
1784109567764,97.440000,-58.998226,15.002648,-8.411522,5.004610,9.998038,29.163268,-26.580579,-21.121152,-24.269599,-14.198963
1784109567784,97.460000,-38.157906,32.243427,-8.720910,2.354713,29.888714,4.954066,-24.893068,-19.173776,-35.510938,-17.896791
1784109567804,97.480000,-70.555504,-18.853138,-9.075370,1.672285,-20.525423,-17.604303,-23.186064,-17.269644,-42.122771,-22.259460
1784109567824,97.500000,-35.407830,20.491697,-9.472243,-3.821248,24.312945,-31.486131,-21.464812,-15.410012,-44.539935,-27.432495
1784109567844,97.520000,-62.639736,-31.938630,-9.908998,-4.786951,-27.151679,-35.477302,-19.734455,-13.595673,-43.787552,-33.007710
1784109567864,97.540000,-31.948189,6.378347,-10.383209,-10.620694,16.999041,-34.532827,-18.000022,-11.827014,-40.631310,-38.088540
1784109567884,97.560000,-52.028200,-26.875227,-10.892536,-11.928849,-14.946378,-30.400035,-16.266406,-10.104078,-35.240634,-41.589806
1784109567904,97.580000,-18.185170,7.057653,-11.434687,-16.192242,23.249895,-23.822008,-14.538355,-8.426614,-27.413197,-42.599760
1784109567924,97.600000,-45.371100,-29.044035,-12.007395,-16.505409,-12.538626,-17.917509,-12.820453,-6.794139,-17.194564,-40.641850
1784109567944,97.620000,6.570366,-14.333306,-12.608374,-20.158331,5.825025,-16.414206,-11.117105,-5.205989,-5.773275,-35.757343
1784109567964,97.640000,-7.311066,-54.752052,-13.235283,-21.772440,-32.979612,-20.704118,-9.432526,-3.661371,4.185934,-28.408346
1784109567984,97.660000,33.515793,-38.931236,-13.885647,-27.022615,-11.908621,-27.522313,-7.770727,-2.159408,9.528521,-19.271122
1784109568004,97.680000,-7.161150,-92.601944,-14.556808,-29.962973,-62.638971,-34.992238,-6.135505,-0.699188,8.126340,-9.061858
1784109568024,97.700000,28.351505,-84.480640,-15.245910,-37.816231,-46.664409,-43.560178,-4.530428,0.720203,-0.293908,1.479188
1784109568044,97.720000,-26.772493,-123.075440,-15.949941,-43.965582,-79.109858,-50.244022,-2.958829,2.099641,-14.047813,11.485751
1784109568064,97.740000,-5.785202,-94.861550,-16.665810,-53.361872,-41.499678,-49.577924,-1.423796,3.439940,-29.808188,19.921053
1784109568084,97.760000,-51.517063,-133.644240,-17.390441,-58.991623,-74.652617,-41.330966,0.071835,4.741825,-43.369001,25.705360
1784109568104,97.780000,-26.342571,-98.526370,-18.120871,-68.057967,-30.468403,-29.333166,1.525484,6.005918,-50.582664,27.981558
1784109568124,97.800000,-56.617310,-122.230100,-18.854321,-72.747388,-49.482712,-14.925921,2.934835,7.232723,-48.201942,26.405281
1784109568144,97.820000,-15.767174,-79.211040,-19.588223,-79.462056,0.251016,1.633481,4.297839,8.422622,-34.711139,21.344992
1784109568164,97.840000,-23.481365,-96.408540,-20.320196,-81.176120,-15.232420,18.987421,5.612710,9.575875,-11.106467,13.906289
1784109568184,97.860000,44.791340,-40.524830,-21.047974,-84.466896,43.942066,36.547816,6.877934,10.692619,18.817374,5.768259
1784109568204,97.880000,49.766160,-68.372660,-21.769264,-81.649458,13.276798,51.859945,8.092257,11.772880,49.290889,-1.108998
1784109568224,97.900000,110.872180,-29.707409,-22.481584,-81.811436,52.104027,59.731796,9.254689,12.816585,74.504350,-4.854408
1784109568244,97.920000,102.160324,-43.774174,-23.182100,-77.850009,34.075835,61.018138,10.364493,13.823576,90.848860,-4.106406
1784109568264,97.940000,119.056690,-8.432737,-23.867535,-75.508657,67.075920,60.058810,11.421178,14.793625,98.294473,1.570650
1784109568284,97.960000,86.116670,-45.181400,-24.534155,-69.552797,24.371397,55.320693,12.424486,15.726459,99.736351,11.393041
1784109568304,97.980000,111.913960,-28.091732,-25.177855,-67.702094,39.610362,43.291502,13.374378,16.621776,98.496945,23.368760
1784109568324,98.000000,89.148705,-73.210960,-25.794259,-64.099232,-9.111728,24.758099,14.271020,17.479267,95.989749,34.751180
1784109568344,98.020000,111.707825,-50.187874,-26.378805,-65.304867,15.116993,5.147597,15.114759,18.298634,91.122538,42.848145
1784109568364,98.040000,82.121270,-90.506580,-26.926811,-63.929568,-26.577012,-10.056714,15.906102,19.079607,81.250118,45.826940
1784109568384,98.060000,99.742720,-61.868385,-27.433548,-66.694484,4.826099,-18.895410,16.645696,19.821957,63.925429,43.120240
1784109568404,98.080000,36.429170,-86.268900,-27.894328,-66.173547,-20.095353,-20.722542,17.334298,20.525510,38.755820,35.301160
1784109568424,98.100000,33.333923,-60.678993,-28.304644,-68.064372,7.385379,-17.480513,17.972752,21.190147,8.273348,23.588898
1784109568444,98.120000,-42.713257,-75.519990,-28.660353,-67.029083,-8.490907,-12.081413,18.561960,21.815810,-22.916163,9.274678
1784109568464,98.140000,-25.438370,-27.703243,-28.957882,-67.437212,39.733969,-3.226240,19.102854,22.398437,-50.069282,-6.648808
1784109568484,98.160000,-74.901520,-40.978363,-29.194394,-62.734813,21.756450,9.185035,19.596374,22.942239,-69.762166,-23.478233
1784109568504,98.180000,-72.273346,-4.112537,-29.367884,-59.586399,55.473862,20.198120,20.043439,23.447284,-80.286865,-40.490597
1784109568524,98.200000,-87.826510,-21.504540,-29.477230,-52.737537,31.232997,25.735593,20.444927,23.913653,-81.933789,-56.644470
1784109568544,98.220000,-50.233420,3.075001,-29.522180,-48.047233,51.122234,24.710884,20.801653,24.341431,-77.062263,-70.519630
1784109568564,98.240000,-80.879540,-26.346220,-29.503272,-41.065526,14.719306,17.251550,21.114353,24.730683,-69.106360,-80.490590
1784109568584,98.260000,-40.637913,0.811164,-29.421721,-37.508707,38.319870,6.414575,21.383670,25.081434,-61.409996,-85.045660
1784109568604,98.280000,-55.947685,-28.917233,-29.279307,-31.341588,2.424355,-3.772707,21.610144,25.393647,-56.634773,-83.171490
1784109568624,98.300000,-28.512340,8.188941,-29.078270,-28.594267,36.783208,-10.399452,21.794206,25.667199,-56.019512,-74.676640
1784109568644,98.320000,-60.465230,-15.471279,-28.821207,-22.201219,6.729940,-12.074471,21.936176,25.901863,-58.588111,-60.309160
1784109568664,98.340000,-42.169098,23.747845,-28.511013,-18.674081,42.421926,-10.124151,22.036265,26.097289,-61.326966,-41.648190
1784109568684,98.360000,-74.207580,-1.756417,-28.150864,-11.416552,9.660134,-7.220226,22.094580,26.252993,-60.604015,-20.849200
1784109568704,98.380000,-35.140335,19.131360,-27.744202,-7.350070,26.481430,-7.475806,22.111139,26.368345,-54.105823,-0.267178
1784109568724,98.400000,-44.005405,-25.539066,-27.294693,-1.533095,-24.005971,-14.711308,22.085876,26.442565,-42.075287,18.036810
1784109568744,98.420000,6.404005,-20.231990,-26.806134,-0.782092,-19.449898,-29.156777,22.018666,26.474723,-27.027833,32.780170
1784109568764,98.440000,-8.031399,-58.998226,-26.282326,0.380768,-59.378994,-45.816394,21.909341,26.463751,-12.324326,43.709076
1784109568784,98.460000,39.504185,-38.157906,-25.726944,-2.548927,-35.608979,-56.901106,21.757717,26.408451,-0.642740,51.458134
1784109568804,98.480000,6.869132,-70.555504,-25.143443,-3.210593,-67.344911,-58.841844,21.563613,26.307521,6.917572,57.075275
1784109568824,98.500000,45.206142,-35.407830,-24.534995,-7.190284,-28.217546,-52.399272,21.326883,26.159583,10.773313,61.455080
1784109568844,98.520000,16.735226,-62.639736,-23.904471,-7.406528,-55.233208,-40.199768,21.047444,25.963217,12.084548,64.955574
1784109568864,98.540000,55.262720,-31.948189,-23.254444,-10.494345,-21.453844,-26.943365,20.725301,25.717004,12.110239,67.350440
1784109568884,98.560000,21.147457,-52.028200,-22.587184,-10.382222,-41.645978,-15.164481,20.360583,25.419578,12.088336,68.073780
1784109568904,98.580000,58.857674,-18.185170,-21.904667,-12.472504,-5.712666,-4.393486,19.953563,25.069679,13.246520,66.567535
1784109568924,98.600000,21.284920,-45.371100,-21.208591,-11.161818,-34.209282,4.580201,19.504694,24.666213,16.523741,62.535797
1784109568944,98.620000,66.529960,6.570366,-20.500399,-12.881005,19.451371,13.039369,19.014632,24.208319,21.982032,56.035564
1784109568964,98.640000,45.448303,-7.311066,-19.781283,-9.433577,2.122511,24.510435,18.484258,23.695437,28.436709,47.464035
1784109568984,98.660000,85.843056,33.515793,-19.052174,-7.902384,41.418177,36.945352,17.914710,23.127374,33.914033,37.512010
1784109569004,98.680000,60.370842,-7.161150,-18.313716,-2.645917,-4.515233,42.834635,17.307391,22.504377,36.702646,27.073858
1784109569024,98.700000,92.803085,28.351505,-17.566251,-2.133886,30.485391,39.015798,16.663996,21.827193,36.299501,17.072008
1784109569044,98.720000,44.314877,-26.772493,-16.809839,1.710043,-28.482536,27.975825,15.986522,21.097142,33.681169,8.210433
1784109569064,98.740000,76.671310,-5.785202,-16.044308,-0.418975,-5.366227,12.056133,15.277278,20.316160,30.490627,0.757167
1784109569084,98.760000,45.206630,-51.517063,-15.269322,-0.312040,-51.205023,-4.110756,14.538889,19.486857,27.726677,-5.504452
1784109569104,98.780000,84.352264,-26.342571,-14.484438,-4.764957,-21.577614,-15.480478,13.774305,18.612549,25.318379,-11.083673
1784109569124,98.800000,37.721920,-56.617310,-13.689124,-6.242985,-50.374325,-19.530614,12.986793,17.697284,22.805571,-16.447138
1784109569144,98.820000,72.676350,-15.767174,-12.882787,-10.505178,-5.261996,-15.275336,12.179933,16.745849,19.977295,-21.774618
1784109569164,98.840000,31.506730,-23.481365,-12.064815,-10.216494,-13.264871,-2.877790,11.357608,15.763770,16.885730,-26.955292
1784109569184,98.860000,57.807490,44.791340,-11.234622,-10.650431,55.441771,17.606901,10.523990,14.757285,13.621287,-31.746054
1784109569204,98.880000,27.407260,49.766160,-10.391688,-4.275085,54.041245,43.746047,9.683520,13.733308,10.153826,-35.915280
1784109569224,98.900000,55.752243,110.872180,-9.535584,1.902044,108.970136,68.654546,8.840885,12.699369,6.505882,-39.285350
1784109569244,98.920000,16.061932,102.160324,-8.665996,13.367684,88.792640,84.885158,8.000995,11.663539,3.283027,-41.712300
1784109569264,98.940000,32.325165,119.056690,-7.782743,22.649170,96.407520,85.434731,7.168949,10.634342,1.772772,-43.085205
1784109569284,98.960000,14.143234,86.116670,-6.885816,32.488607,53.628063,68.020068,6.350001,9.620644,3.197625,-43.371567
1784109569304,98.980000,39.465935,111.913960,-5.975393,37.960479,73.953481,41.743565,5.549529,8.631532,8.009981,-42.636430
1784109569324,99.000000,16.988005,89.148705,-5.051829,45.298796,43.849909,18.935556,4.772987,7.607890,15.834946,-40.968900
1784109569344,99.020000,47.013560,111.707825,-4.115624,49.546047,62.161778,3.968547,4.025870,6.695543,25.514817,-38.379185
1784109569364,99.040000,28.074700,82.121270,-3.167397,55.465653,26.655617,-6.210491,3.313664,5.834802,34.965956,-34.783230
1784109569384,99.060000,64.333960,99.742720,-2.207842,57.790340,41.952380,-15.450771,2.641805,5.034222,41.333332,-30.084800
1784109569404,99.080000,34.989105,36.429170,-1.237691,61.528728,-25.099558,-28.876426,2.015624,4.301863,41.823289,-24.270640
1784109569424,99.100000,56.135612,33.333923,-0.257678,58.703145,-25.369222,-50.245644,1.440304,3.645151,34.924837,-17.483135
1784109569444,99.120000,0.024952,-42.713257,0.731445,55.990919,-98.704176,-77.010591,0.920828,3.070741,21.229033,-10.100129
1784109569464,99.140000,14.207562,-25.438370,1.728849,46.404628,-71.842998,-100.475686,0.461926,2.584396,3.269602,-2.810178
1784109569484,99.160000,-50.437283,-74.901520,2.733526,39.852680,-114.754200,-110.686176,0.068029,2.190884,-15.455374,3.406349
1784109569504,99.180000,-18.939098,-72.273346,3.744182,29.560678,-101.834024,-108.870771,-0.256781,1.893892,-31.585946,7.475436
1784109569524,99.200000,-73.334560,-87.826510,4.759157,21.057498,-108.884008,-98.951611,-0.508819,1.695967,-42.392066,8.586002
1784109569544,99.220000,-44.255424,-50.233420,5.776383,12.380881,-62.614301,-78.232037,-0.684845,1.598472,-45.702070,6.543755
1784109569564,99.240000,-83.673540,-80.879540,6.793375,8.635066,-89.514606,-51.381195,-0.782101,1.601584,-40.153547,1.920448
1784109569584,99.260000,-37.803900,-40.637913,7.807252,2.619303,-43.257216,-27.226904,-0.798357,1.704305,-26.067563,-4.072875
1784109569604,99.280000,-50.465030,-55.947685,8.814797,1.416096,-57.363781,-6.744783,-0.731942,1.904508,-6.205931,-9.879283
1784109569624,99.300000,6.142900,-28.512340,9.812581,-0.969567,-27.542773,10.001266,-0.581783,2.199006,14.440175,-13.892623
1784109569644,99.320000,-5.417602,-60.465230,10.797115,-0.292932,-60.172298,19.562031,-0.347426,2.583646,30.048462,-14.704609
1784109569664,99.340000,29.332876,-42.169098,11.765010,-2.710576,-39.458522,20.821763,-0.029065,3.053422,35.981631,-11.358243
1784109569684,99.360000,-14.774443,-74.207580,12.713076,-2.991307,-71.216273,16.923212,0.372442,3.602605,30.350077,-3.639444
1784109569704,99.380000,6.361301,-35.140335,13.638347,-6.359510,-28.780825,14.624685,0.855558,4.224893,14.383994,7.680885
1784109569724,99.400000,-55.087147,-44.005405,14.538038,-5.504739,-38.500666,20.399644,1.418059,4.913562,-8.118051,20.832253
1784109569744,99.420000,-43.116630,6.404005,15.409452,-5.674847,12.078852,34.710476,2.057032,5.661621,-31.771409,33.370052
1784109569764,99.440000,-102.549930,-8.031399,16.249868,-0.830174,-7.201225,51.471571,2.768875,6.461975,-50.952692,42.770752
1784109569784,99.460000,-71.971985,39.504185,17.056435,2.009958,37.494227,64.167733,3.549308,7.307569,-61.313956,47.089230
1784109569804,99.480000,-108.788180,6.869132,17.826110,9.350907,-2.481775,68.684310,4.393391,8.191529,-60.932786,45.474735
1784109569824,99.500000,-64.955340,45.206142,18.555659,12.605006,32.601136,64.009940,5.295537,9.107283,-50.828022,38.412586
1784109569844,99.520000,-69.394120,16.735226,19.241715,19.403207,-2.667981,54.389114,6.249550,10.048656,-34.826782,27.626368
1784109569864,99.540000,-19.103416,55.262720,19.880901,22.563161,32.699559,44.793489,7.248651,11.009948,-18.495229,15.668404
1784109569884,99.560000,-31.537014,21.147457,20.469981,29.294097,-8.146640,36.388161,8.285522,11.985978,-7.232851,5.305508
1784109569904,99.580000,4.318147,58.857674,21.005994,31.783755,27.073919,28.507367,9.352352,12.972092,-4.395401,-1.160430
1784109569924,99.600000,-33.580788,21.284920,21.486343,37.789161,-16.504241,20.698482,10.440885,13.964153,-10.225387,-2.484064
1784109569944,99.620000,-15.098381,66.529960,21.908819,39.226778,27.303182,13.939709,11.542483,14.958482,-21.993448,1.186142
1784109569964,99.640000,-57.284695,45.448303,22.271558,45.021256,0.427047,11.417887,12.648183,15.951785,-35.262480,8.363797
1784109569984,99.660000,-33.300285,85.843056,22.572975,47.979667,37.863389,13.028629,13.748766,16.941040,-45.594177,16.691208
1784109570004,99.680000,-74.005770,60.370842,22.811697,54.676715,5.694127,14.783657,14.834826,17.923369,-50.105609,23.667639
1784109570024,99.700000,-19.875620,92.803085,22.986525,58.013567,34.789518,13.575695,15.896846,18.895886,-48.519550,27.385149
1784109570044,99.720000,-40.329360,44.314877,23.096441,64.215283,-19.900406,6.405284,16.925271,19.855535,-42.993053,27.041002
1784109570064,99.740000,5.858434,76.671310,23.140668,64.705542,11.965768,-6.172156,17.910594,20.798926,-36.532464,23.086197
1784109570084,99.760000,-21.402054,45.206630,23.118749,68.246990,-23.040360,-17.258686,18.843431,21.722163,-31.213852,16.959635
1784109570104,99.780000,20.944292,84.352264,23.030595,68.045206,16.307058,-21.501918,19.714608,22.620696,-27.353483,10.491523
1784109570124,99.800000,-15.964018,37.721920,22.876515,71.649584,-33.927664,-21.759526,20.515243,23.489180,-23.744197,5.225827
1784109570144,99.820000,34.151806,72.676350,22.657218,69.969689,2.706661,-23.151267,21.236824,24.321364,-18.647324,1.967298
1784109570164,99.840000,3.740691,31.506730,22.373814,71.787635,-40.280905,-25.702768,21.871297,25.110017,-10.941497,0.715364
1784109570184,99.860000,69.267746,57.807490,22.027829,69.051149,-11.243659,-28.473681,22.411141,25.846872,-0.697761,0.928172
1784109570204,99.880000,42.333960,27.407260,21.621244,69.032051,-41.624791,-30.088625,22.849442,26.515621,11.161061,1.926685
1784109570224,99.900000,93.182846,55.752243,21.156546,65.744591,-9.992348,-28.645353,23.179969,27.112545,23.628119,3.213098
1784109570244,99.920000,71.451294,16.061932,20.636753,65.454223,-49.392291,-26.046429,23.397242,27.626399,35.917161,4.555572
1784109570264,99.940000,120.861510,32.325165,20.065438,61.018713,-28.693548,-25.964760,23.496590,28.045261,47.247894,5.872890
1784109570284,99.960000,100.944115,14.143234,19.446728,58.496371,-44.353137,-26.303807,23.474209,28.356752,56.712155,7.080325
1784109570304,99.980000,142.036270,39.465935,18.785309,54.259856,-14.793921,-22.041969,23.327209,28.548296,63.457549,8.021830
1784109570324,100.000000,112.693940,16.988005,18.086406,52.878067,-35.890062,-14.093154,23.053660,28.607422,66.962114,8.480233
1784109570344,100.020000,147.786390,47.013560,17.355742,49.294556,-2.280996,-5.449010,22.652620,28.522099,67.141768,8.196568
1784109570364,100.040000,106.818210,28.074700,16.599468,49.014153,-20.939453,2.860706,22.124158,28.281084,64.260836,6.879061
1784109570384,100.060000,140.247010,64.333960,15.824082,46.822396,17.511564,11.018441,21.469374,27.874288,58.737779,4.228345
1784109570404,100.080000,103.117966,34.989105,15.036322,48.444213,-13.455108,17.600418,20.690403,27.293141,51.156118,0.006053
1784109570424,100.100000,127.917360,56.135612,14.243081,46.952425,9.183187,19.064206,19.790408,26.530938,42.754137,-5.863105
1784109570444,100.120000,77.696594,0.024952,13.451301,47.712161,-47.687209,11.947661,18.773570,25.583165,35.862664,-13.218265
1784109570464,100.140000,98.542180,14.207562,12.667869,42.820864,-28.613302,-3.078213,17.645065,24.447785,33.352847,-21.684126
1784109570484,100.160000,65.907190,-50.437283,11.899495,39.887122,-90.324405,-21.304056,16.411029,23.125478,37.067594,-30.765940
1784109570504,100.180000,111.402410,-18.939098,11.152634,30.922428,-49.861526,-36.126396,15.078519,21.619820,46.423698,-39.898712
1784109570524,100.200000,88.243540,-73.334560,10.433459,26.140967,-99.475527,-42.202051,13.655463,19.937403,58.349000,-48.381744
1784109570544,100.220000,128.869670,-44.255424,9.747887,16.636302,-60.891726,-41.005342,12.150599,18.087875,68.486299,-55.305874
1784109570564,100.240000,100.069670,-83.673540,9.101610,11.213052,-94.886592,-35.213901,10.573411,16.083910,72.821122,-59.651780
1784109570584,100.260000,121.000850,-37.803900,8.500110,2.703132,-40.507032,-24.527087,8.934054,13.941098,69.122524,-60.598286
1784109570604,100.280000,66.284020,-50.465030,7.948624,-0.125451,-50.339579,-7.326578,7.243272,11.677759,57.704130,-57.894863
1784109570624,100.300000,76.157234,6.142900,7.452068,-3.659786,9.802686,15.670647,5.512315,9.314684,41.103238,-52.094685
1784109570644,100.320000,9.558348,-5.417602,7.014909,-1.029947,-4.387654,39.434308,3.752844,6.874806,22.864098,-44.515182
1784109570664,100.340000,26.785791,29.332876,6.641023,0.353686,28.979190,56.350572,1.976839,4.382814,6.022862,-36.909767
1784109570684,100.360000,-26.792175,-14.774443,6.333571,5.146726,-19.921169,59.024000,0.196496,1.864717,-7.955445,-30.947233
1784109570704,100.380000,-5.872592,6.361301,6.094917,5.238241,1.123060,47.065885,-1.575872,-0.652630,-19.244510,-27.689682
1784109570724,100.400000,-68.577410,-55.087147,5.926572,7.547934,-62.635081,25.853726,-3.327934,-3.142023,-29.115558,-27.291520
1784109570744,100.420000,-29.984196,-43.116630,5.829162,3.780063,-46.896693,1.019640,-5.047448,-5.576416,-39.413276,-29.043053
1784109570764,100.440000,-86.761170,-102.549930,5.802419,1.825380,-104.375310,-21.909755,-6.722355,-7.929426,-51.690456,-31.686240
1784109570784,100.460000,-74.780624,-71.971985,5.845193,-5.448966,-66.523019,-37.188419,-8.340882,-10.175816,-65.919707,-33.824540
1784109570804,100.480000,-134.637340,-108.788180,5.955447,-8.657177,-100.131003,-40.542526,-9.891635,-12.291951,-80.015901,-34.307255
1784109570824,100.500000,-114.053085,-64.955340,6.130237,-14.838217,-50.117123,-32.579010,-11.363685,-14.256206,-90.727783,-32.518227
1784109570844,100.520000,-156.733760,-69.394120,6.365707,-15.851444,-53.542676,-15.030267,-12.746659,-16.049322,-94.973719,-28.459932
1784109570864,100.540000,-129.159290,-19.103416,6.657115,-17.062685,-2.040731,8.932292,-14.030812,-17.654706,-90.894216,-22.562515
1784109570884,100.560000,-156.657300,-31.537014,6.998905,-13.231987,-18.305027,31.635363,-15.207103,-19.058648,-78.741078,-15.334659
1784109570904,100.580000,-98.473870,4.318147,7.384823,-11.110419,15.428565,46.041645,-16.267259,-20.250480,-61.461280,-7.072451
1784109570924,100.600000,-105.034070,-33.580788,7.808083,-5.880810,-27.699978,48.048173,-17.203827,-21.222652,-44.025918,2.268014
1784109570944,100.620000,-59.680120,-15.098381,8.261579,-5.091253,-10.007128,37.785342,-18.010224,-21.970740,-31.196819,13.028668
1784109570964,100.640000,-100.637344,-57.284695,8.738085,-2.775595,-54.509100,20.579932,-18.680777,-22.493379,-25.247158,25.611444
1784109570984,100.660000,-72.794120,-33.300285,9.230378,-5.033156,-28.267129,3.849255,-19.210752,-22.792138,-25.510604,40.055935
1784109571004,100.680000,-105.574090,-74.005770,9.731290,-4.942537,-69.063233,-7.890173,-19.596375,-22.871325,-29.697775,55.645184
1784109571024,100.700000,-75.992760,-19.875620,10.233736,-9.143985,-10.731635,-10.892344,-19.834845,-22.737753,-35.307581,70.863910
1784109571044,100.720000,-115.655440,-40.329360,10.730733,-7.946594,-32.382766,-2.451888,-19.924339,-22.400454,-40.244066,83.808876
1784109571064,100.740000,-79.715290,5.858434,11.215431,-9.344857,15.203291,12.189797,-19.864007,-21.870370,-43.060460,92.800120
1784109571084,100.760000,-104.496160,-21.402054,11.681131,-6.517233,-14.884821,24.568329,-19.653959,-21.160011,-43.013825,96.856180
1784109571104,100.780000,-75.162390,20.944292,12.121334,-7.214748,28.159040,30.926701,-19.295246,-20.283109,-39.782372,95.880460
1784109571124,100.800000,-100.482380,-15.964018,12.529790,-4.136314,-11.827704,31.181657,-18.789830,-19.254270,-33.379692,90.573760
1784109571144,100.820000,-49.398857,34.151806,12.900547,-5.589442,39.741248,28.381138,-18.140548,-18.088623,-24.565717,82.159510
1784109571164,100.840000,-63.864212,3.740691,13.228019,-2.354562,6.095254,26.973230,-17.351075,-16.801501,-14.884822,72.061890
1784109571184,100.860000,-14.730112,69.267746,13.507082,-2.968732,72.236478,29.946250,-16.425872,-15.408130,-5.765759,61.661470
1784109571204,100.880000,-47.697884,42.333960,13.733166,2.702756,39.631204,37.205230,-15.370134,-13.923361,2.475378,52.123352
1784109571224,100.900000,-2.230618,93.182846,13.902313,4.766225,88.416621,43.560694,-14.189737,-12.361424,10.574732,44.215100
1784109571244,100.920000,-24.051403,71.451294,14.011205,11.513943,59.937351,45.704306,-12.891171,-10.735737,19.268219,38.146390
1784109571264,100.940000,30.325950,120.861510,14.057184,15.193217,105.668293,44.774469,-11.481480,-9.058739,28.420364,33.582310
1784109571284,100.960000,15.920689,100.944115,14.038300,23.367090,77.577025,42.300203,-9.968197,-7.341772,37.184564,29.889410
1784109571304,100.980000,60.804245,142.036270,13.953352,28.611357,113.424913,38.344523,-8.359273,-5.595011,44.993055,26.467865
1784109571324,101.000000,37.116737,112.693940,13.801935,37.417769,75.276171,31.362737,-6.663015,-3.827418,52.432558,22.946321
1784109571344,101.020000,70.342780,147.786390,13.584434,42.310910,105.475480,21.000210,-4.888012,-2.046744,61.082689,19.148832
1784109571364,101.040000,49.904434,106.818210,13.302002,50.190344,56.627866,7.665532,-3.043074,-0.259560,72.131909,14.936772
1784109571384,101.060000,111.846480,140.247010,12.956523,53.058445,87.188565,-7.216539,-1.137165,1.528688,84.780299,10.121749
1784109571404,101.080000,85.227020,103.117966,12.550608,58.908775,44.209191,-20.502003,0.820661,3.313589,95.885293,4.560580
1784109571424,101.100000,146.588970,127.917360,12.087606,60.319648,67.597712,-31.289793,2.821316,5.091672,101.080116,-1.665139
1784109571444,101.120000,108.239980,77.696594,11.571616,63.960999,13.735595,-41.996738,4.855738,6.860292,96.697532,-8.189915
1784109571464,101.140000,130.681780,98.542180,11.007447,62.051762,36.490418,-53.760102,6.914939,8.619635,81.730827,-14.538325
1784109571484,101.160000,76.450710,65.907190,10.400523,62.290118,3.617072,-62.650372,8.990062,10.366217,58.785516,-20.451202
1784109571504,101.180000,66.348160,111.402410,9.756711,59.105314,52.297096,-62.399827,11.072418,12.099093,33.355729,-26.159178
1784109571524,101.200000,7.640141,88.243540,9.082096,60.694991,27.548549,-51.841913,13.153528,13.817647,11.368440,-32.429127
1784109571544,101.220000,44.059303,128.869670,8.382750,59.716023,69.153647,-36.771195,15.225164,15.521465,-3.892165,-40.289303
1784109571564,101.240000,7.368010,100.069670,7.664570,62.816134,37.253536,-23.983394,17.279378,17.210221,-13.073134,-50.468525
1784109571584,101.260000,35.444070,121.000850,6.933208,62.648404,58.352446,-18.287185,19.308532,18.883576,-19.492870,-62.811554
1784109571604,101.280000,3.945298,66.284020,6.194047,64.513446,1.770574,-22.893124,21.305323,20.541080,-26.982325,-76.059990
1784109571624,101.300000,32.668648,76.157234,5.452184,60.681932,15.475302,-36.374535,23.262808,22.182101,-37.938682,-88.193756
1784109571644,101.320000,-20.548504,9.558348,4.712406,58.199229,-48.640881,-53.970853,25.174419,23.805753,-51.794913,-97.139690
1784109571664,101.340000,-15.230954,26.785791,3.979152,49.374757,-22.588966,-69.836267,27.033985,25.410848,-64.846002,-101.467125
1784109571684,101.360000,-56.536285,-26.792175,3.256418,43.244664,-70.036839,-78.171282,28.835742,26.995854,-72.171916,-100.798195
1784109571704,101.380000,-8.383967,-5.872592,2.547690,32.568298,-38.440890,-77.783458,30.574348,28.558878,-70.329249,-95.787600
1784109571724,101.400000,-42.375412,-68.577410,1.855926,25.254154,-93.831564,-73.111323,32.244889,30.097645,-58.785229,-87.656580
1784109571744,101.420000,27.168684,-29.984196,1.183623,12.750879,-42.735075,-66.312139,33.842894,31.609507,-39.872764,-77.522650
1784109571764,101.440000,19.533245,-86.761170,0.532935,5.658919,-92.420089,-56.189899,35.364333,33.091455,-17.792079,-65.915990
1784109571784,101.460000,69.985020,-74.780624,-0.094176,-5.948314,-68.832310,-47.336233,36.805627,34.540143,3.166769,-52.723040
1784109571804,101.480000,53.906113,-134.637340,-0.695791,-14.752418,-119.884922,-44.233598,38.163648,35.951923,20.180948,-37.523290
1784109571824,101.500000,97.942550,-114.053085,-1.269930,-28.031243,-86.021842,-43.773429,39.435723,37.322892,32.331502,-20.101614
1784109571844,101.520000,63.668990,-156.733760,-1.814486,-37.339295,-119.394465,-39.912701,40.619629,38.648944,40.144014,-0.872866
1784109571864,101.540000,100.424355,-129.159290,-2.327212,-49.248400,-79.910890,-30.019206,41.713589,39.925829,44.519115,18.985659
1784109571884,101.560000,81.073780,-156.657300,-2.805727,-56.567511,-100.089789,-14.958581,42.716275,41.149217,45.627529,37.750805
1784109571904,101.580000,105.548550,-98.473870,-3.247536,-65.159593,-33.314277,6.098248,43.626790,42.314766,42.778444,53.606617
1784109571924,101.600000,66.023310,-105.034070,-3.650049,-66.580799,-38.453271,33.670480,44.444668,43.418191,35.110238,65.112840
1784109571944,101.620000,88.934380,-59.680120,-4.010634,-68.012392,8.332272,61.461564,45.169861,44.455329,22.145141,71.473320
1784109571964,101.640000,38.276657,-100.637344,-4.326697,-64.493897,-36.143447,77.925179,45.802724,45.422213,4.132064,72.536804
1784109571984,101.660000,48.542473,-72.794120,-4.595782,-64.968072,-7.826048,77.427485,46.344006,46.315127,-17.606341,68.638500
1784109572004,101.680000,-10.206554,-105.574090,-4.815686,-62.311442,-43.262648,66.349019,46.794834,47.130675,-40.638837,60.423830
1784109572024,101.700000,1.201735,-75.992760,-4.984586,-62.733365,-13.259395,54.187748,47.156698,47.865828,-61.898800,48.714657
1784109572044,101.720000,-52.439037,-115.655440,-5.101160,-59.857706,-55.797734,44.136177,47.431434,48.517974,-78.459972,34.436386
1784109572064,101.740000,-14.430941,-79.715290,-5.164677,-60.718012,-18.997278,36.323486,47.621213,49.084964,-88.152602,18.626062
1784109572084,101.760000,-60.847190,-104.496160,-5.175029,-57.585432,-46.910728,32.488047,47.728518,49.565148,-89.583704,2.497621
1784109572104,101.780000,-8.869491,-75.162390,-5.132715,-56.789411,-18.372979,31.737635,47.756135,49.957399,-81.832666,-12.529193
1784109572124,101.800000,-46.493877,-100.482380,-5.038779,-52.847967,-47.634413,30.757524,47.707134,50.261148,-64.550590,-24.928757
1784109572144,101.820000,20.504690,-49.398857,-4.894723,-51.403591,2.004734,31.041382,47.584854,50.476392,-38.751241,-33.300354
1784109572164,101.840000,24.543905,-63.864212,-4.702378,-44.829666,-19.034546,35.695420,47.392890,50.603716,-7.585058,-36.609110
1784109572184,101.860000,93.003380,-14.730112,-4.463717,-40.121412,25.391300,42.962802,47.135074,50.644298,24.140528,-34.300503
1784109572204,101.880000,81.418960,-47.697884,-4.180646,-30.945361,-16.752523,46.860688,46.815466,50.599908,51.558844,-26.309746
1784109572224,101.900000,135.697310,-2.230618,-3.854823,-25.830671,23.600053,43.933972,46.438331,50.472911,71.058574,-13.107701
1784109572244,101.920000,114.938350,-24.051403,-3.487543,-16.686893,-7.364510,37.865669,46.008130,50.266256,80.846765,4.174867
1784109572264,101.940000,144.337630,30.325950,-3.079671,-10.594632,40.920582,34.029663,45.529494,49.983458,81.196086,23.687197
1784109572284,101.960000,94.423615,15.920689,-2.631654,0.229105,15.691584,34.444327,45.007216,49.628581,74.231287,43.008580
1784109572304,101.980000,118.412780,60.804245,-2.143590,8.432436,52.371809,36.327818,44.446220,49.206205,62.859311,59.492920
1784109572324,102.000000,71.097305,37.116737,-1.615344,20.108342,17.008395,35.035020,43.851548,48.647542,49.429741,70.714870
1784109572344,102.020000,93.664860,70.342780,-1.046664,28.033071,42.309709,28.272749,43.228335,48.107534,35.115825,74.938990
1784109572364,102.040000,52.268623,49.904434,-0.437288,38.206207,11.698227,17.970366,42.581784,47.516899,20.276244,71.502205
1784109572384,102.060000,67.684070,111.846480,0.212974,45.001553,66.844927,11.548032,41.917141,46.881812,5.442774,60.957325
1784109572404,102.080000,14.445529,85.227020,0.904155,56.930589,28.296431,12.008343,41.239673,46.208724,-7.878347,44.886486
1784109572424,102.100000,34.598743,146.588970,1.636043,64.563467,82.025503,15.068109,40.554637,45.504293,-17.411433,25.453410
1784109572444,102.120000,-9.808578,108.239980,2.408097,77.088956,31.151024,16.041902,39.867256,44.775327,-21.238100,4.898647
1784109572464,102.140000,33.157303,130.681780,3.219398,83.965896,46.715884,8.404841,39.182694,44.028710,-18.992200,-14.808029
1784109572484,102.160000,1.417598,76.450710,4.068645,91.829034,-15.378324,-10.416149,38.506022,43.271342,-12.299482,-32.069730
1784109572504,102.180000,48.273743,66.348160,4.954208,92.811150,-26.462990,-38.093202,37.842204,42.510073,-4.281522,-45.615860
1784109572524,102.200000,26.007923,7.640141,5.874201,91.998455,-84.358315,-69.526319,37.196058,41.751636,1.573653,-54.477146
1784109572544,102.220000,59.191654,44.059303,6.826563,84.555778,-40.496475,-91.228762,36.572242,41.002590,2.894618,-58.067867
1784109572564,102.240000,18.093600,7.368010,7.809129,80.818267,-73.450256,-92.947988,35.975224,40.269268,-0.383826,-56.346714
1784109572584,102.260000,35.089090,35.444070,8.819640,72.958058,-37.513988,-80.270534,35.409264,39.557717,-6.050139,-49.964080
1784109572604,102.280000,-8.582068,3.945298,9.855724,68.042679,-64.097381,-63.525941,34.878389,38.873662,-11.066631,-40.282930
1784109572624,102.300000,32.131790,32.668648,10.914849,59.658511,-26.989863,-47.836811,34.386375,38.222462,-13.472531,-29.165224
1784109572644,102.320000,-9.205401,-20.548504,11.994310,54.408192,-74.956696,-37.375195,33.936731,37.609077,-13.377196,-18.510248
1784109572664,102.340000,31.730312,-15.230954,13.091241,43.443897,-58.674851,-36.079650,33.532679,37.038041,-12.767139,-9.727599
1784109572684,102.360000,5.541487,-56.536285,14.202652,33.298976,-89.835261,-40.266474,33.177143,36.513444,-14.560712,-3.413573
1784109572704,102.380000,29.900972,-8.383967,15.325471,18.984930,-27.368897,-37.514335,32.872739,36.038920,-21.009901,0.630529
1784109572724,102.400000,-19.857841,-42.375412,16.456574,10.339545,-52.714957,-21.780684,32.621758,35.617633,-32.174246,3.086015
1784109572744,102.420000,7.423013,27.168684,17.592773,-1.615570,28.784254,3.395468,32.426168,35.252284,-45.518175,4.676969
1784109572764,102.440000,-43.018060,19.533245,18.730777,-5.571512,25.104757,34.864644,32.287601,34.945113,-56.471833,5.815764
1784109572784,102.460000,-27.136623,69.985020,19.867149,-10.077732,80.062752,65.134728,32.207354,34.697904,-59.660801,6.497438
1784109572804,102.480000,-54.495910,53.906113,20.998272,-8.869956,62.776069,85.276002,32.186387,34.512009,-51.154653,6.455152
1784109572824,102.500000,10.622484,97.942550,22.120341,-9.309042,107.251592,93.559515,32.225328,34.388357,-30.876408,5.472258
1784109572844,102.520000,10.904581,63.668990,23.229462,-4.920000,68.588990,91.124270,32.324471,34.327482,-3.182476,3.737198
1784109572864,102.540000,80.600250,100.424355,24.321821,-4.295190,104.719545,80.321703,32.483786,34.329543,24.924171,2.087406
1784109572884,102.560000,67.659030,81.073780,25.393897,0.268178,80.805602,67.615845,32.702926,34.394354,46.610107,1.921013
1784109572904,102.580000,112.117000,105.548550,26.442624,2.598863,102.949687,56.513100,32.981235,34.521406,57.530794,4.681529
1784109572924,102.600000,66.607210,66.023310,27.465494,7.424222,58.599088,43.328589,33.317757,34.709902,56.763277,11.128495
1784109572944,102.620000,98.017740,88.934380,28.460553,7.824735,81.109645,26.395567,33.711250,34.958775,46.264167,20.794811
1784109572964,102.640000,42.220985,38.276657,29.426341,10.608559,27.668098,7.325334,34.160192,35.266721,29.644115,31.937584
1784109572984,102.660000,61.899070,48.542473,30.361784,7.892305,40.650168,-13.193857,34.662801,35.632220,11.048418,42.013702
1784109573004,102.680000,7.730537,-10.206554,31.266079,6.394422,-16.600976,-34.250875,35.217039,36.053562,-5.774787,48.448017
1784109573024,102.700000,37.005394,1.201735,32.138569,-1.176856,2.378591,-53.313928,35.820633,36.528860,-18.209883,49.369366
1784109573044,102.720000,-3.484920,-52.439037,32.978650,-7.084106,-45.354931,-67.208335,36.471081,37.056078,-25.022904,44.084470
1784109573064,102.740000,33.954887,-14.430941,33.785722,-18.187649,3.756708,-71.687697,37.165668,37.633037,-26.056676,33.209915
1784109573084,102.760000,-6.696905,-60.847190,34.559171,-24.556717,-36.290473,-65.463009,37.901482,38.257435,-21.836262,18.469143
1784109573104,102.780000,40.748417,-8.869491,35.298373,-35.243957,26.374466,-51.649328,38.675425,38.926855,-13.627150,2.224431
1784109573124,102.800000,26.904247,-46.493877,36.002720,-39.696289,-6.797588,-33.580461,39.484226,39.638773,-3.571327,-13.084984
1784109573144,102.820000,72.549020,20.504690,36.671688,-47.597709,68.102399,-13.342662,40.324456,40.390567,6.031315,-25.393517
1784109573164,102.840000,40.274555,24.543905,37.304916,-47.842019,72.385924,11.991272,41.192544,41.179519,13.966322,-33.275360
1784109573184,102.860000,67.858620,93.003380,37.902259,-47.461635,140.465015,42.272327,42.084787,42.002823,20.364290,-36.107613
1784109573204,102.880000,54.180183,81.418960,38.463795,-39.842204,121.261164,68.541006,42.997364,42.858732,25.622515,-34.168926
1784109573224,102.900000,91.551530,135.697310,38.989831,-33.774652,169.471962,82.906756,43.926349,43.743497,29.505297,-28.549498
1784109573244,102.920000,63.064404,114.938350,39.480921,-22.374603,137.312953,84.290236,44.867723,44.654019,31.460495,-20.792284
1784109573264,102.940000,95.014780,144.337630,39.937886,-13.781681,158.119311,74.151963,45.817387,45.587098,31.367268,-12.435123
1784109573284,102.960000,63.286340,94.423615,40.361801,-2.649663,97.073278,52.774210,46.771171,46.539424,29.856050,-4.711358
1784109573304,102.980000,84.645004,118.412780,40.753968,2.667988,115.744792,23.972421,47.724841,47.507578,28.131369,1.516204
1784109573324,103.000000,49.772940,71.097305,41.115870,10.187872,60.909433,-4.574331,48.674117,48.488021,27.233667,5.701414
1784109573344,103.020000,96.443090,93.664860,41.449123,12.426652,81.238208,-27.800901,49.614672,49.477090,27.154279,7.575015
1784109573364,103.040000,53.717155,52.268623,41.755446,16.948853,35.319770,-44.153074,50.542148,50.470992,26.789691,7.171214
1784109573384,103.060000,99.400215,67.684070,42.036657,17.031963,50.652107,-55.162065,51.452156,51.465796,24.756709,4.868590
1784109573404,103.080000,51.276123,14.445529,42.294665,18.836131,-4.390602,-64.902869,52.340292,52.457423,20.283723,1.338383
1784109573424,103.100000,83.719980,34.598743,42.531442,15.221627,19.377116,-74.257271,53.202136,53.441645,13.705894,-2.648819
1784109573444,103.120000,26.505028,-9.808578,42.748977,14.120721,-23.929300,-80.107389,54.033264,54.414076,6.210992,-6.479170
1784109573464,103.140000,63.973038,33.157303,42.949213,8.758228,24.399075,-78.187635,54.829252,55.370164,-1.157898,-9.870100
1784109573484,103.160000,20.002548,1.417598,43.133977,8.385156,-6.967558,-66.851007,55.585687,56.305189,-8.399194,-12.863648
1784109573504,103.180000,59.798958,48.273743,43.304947,4.989240,43.284503,-49.643478,56.298170,57.214261,-16.444439,-15.640251
1784109573524,103.200000,8.537923,26.007923,43.463637,6.811593,19.196330,-30.682980,56.962332,58.092314,-26.131300,-18.280468
1784109573544,103.220000,36.349895,59.191654,43.611375,6.388238,52.803416,-14.444159,57.573836,58.934110,-37.204778,-20.657396
1784109573564,103.240000,-12.826831,18.093600,43.749276,9.535389,8.558211,-6.250668,58.128393,59.734242,-48.064816,-22.528244
1784109573584,103.260000,10.853947,35.089090,43.878189,8.416449,26.672641,-7.999811,58.621775,60.487142,-56.256089,-23.713568
1784109573604,103.280000,-24.592250,-8.582068,43.998668,9.291692,-17.873759,-16.386081,59.049825,61.187086,-59.396690,-24.195593
1784109573624,103.300000,5.392705,32.131790,44.110947,5.849816,26.281974,-22.864405,59.408475,61.828218,-56.206144,-24.063482
1784109573644,103.320000,-5.764569,-9.205401,44.214960,7.005941,-16.211342,-22.026720,59.693763,62.404558,-47.218105,-23.358751
1784109573664,103.340000,39.805195,31.730312,44.310406,4.051593,27.678719,-16.168004,59.901854,62.910039,-34.660556,-21.920837
1784109573684,103.360000,16.499289,5.541487,44.396846,5.657367,-0.115881,-7.323962,60.029056,63.338526,-21.522825,-19.335665
1784109573704,103.380000,67.570440,29.900972,44.473805,4.620983,25.279989,1.189784,60.071844,63.683862,-10.622643,-15.061782
1784109573724,103.400000,36.037827,-19.857841,44.540863,6.267614,-26.125455,2.832399,60.026884,63.939902,-4.032102,-8.701324
1784109573744,103.420000,78.355260,7.423013,44.597718,2.865864,4.557149,-2.766462,59.891055,64.100565,-2.644071,-0.273561
1784109573764,103.440000,32.284020,-43.018060,44.644218,2.629989,-45.648049,-10.413324,59.661476,64.159887,-5.967416,9.654368
1784109573784,103.460000,72.497020,-27.136623,44.680360,-2.574784,-24.561839,-17.895858,59.335527,64.112074,-12.285774,20.026525
1784109573804,103.480000,26.955873,-54.495910,44.706270,-5.621377,-48.874533,-22.036062,58.910879,63.951571,-18.942621,29.513860
1784109573824,103.500000,53.584550,10.622484,44.722162,-11.076233,21.698717,-14.131648,58.385517,63.673122,-22.711478,36.819874
1784109573844,103.520000,23.329393,10.904581,44.728302,-9.431655,20.336236,9.919325,57.757764,63.271840,-20.638896,40.978443
1784109573864,103.540000,61.796093,80.600250,44.724976,-7.898103,88.498353,42.927170,57.026304,62.743276,-11.214929,41.565464
1784109573884,103.560000,52.726128,67.659030,44.712498,0.487652,67.171378,72.435995,56.190207,62.083493,4.836239,38.804510
1784109573904,103.580000,98.681210,112.117000,44.691262,6.752920,105.364080,88.206662,55.248949,61.289131,24.535921,33.563873
1784109573924,103.600000,96.484375,66.607210,44.661824,16.848768,49.758442,85.535529,54.202431,60.357478,43.355688,27.210012
1784109573944,103.620000,147.162810,98.017740,44.625004,21.368633,76.649107,67.570494,53.050997,59.286536,56.599384,21.302338
1784109573964,103.640000,114.355500,42.220985,44.581967,28.563635,13.657350,42.417465,51.795448,58.075078,61.225715,17.191631
1784109573984,103.660000,140.649050,61.899070,44.534267,29.428990,32.470080,16.077262,50.437053,56.722703,57.090136,15.618930
1784109574004,103.680000,78.334076,7.730537,44.483804,32.152646,-24.422109,-7.539497,48.977562,55.229886,46.587994,16.422388
1784109574024,103.700000,112.998040,37.005394,44.432717,29.161110,7.844284,-24.733601,47.419205,53.598008,32.953829,18.488226
1784109574044,103.720000,56.401688,-3.484920,44.383254,29.387139,-32.872059,-33.069419,45.764699,51.829390,18.668727,20.065084
1784109574064,103.740000,85.743720,33.954887,44.337664,25.540847,8.414040,-32.969544,44.017245,49.927308,5.027280,19.382143
1784109574084,103.760000,33.669395,-6.696905,44.298101,25.844005,-32.540910,-28.047949,42.180523,47.895994,-7.453120,15.283067
1784109574104,103.780000,59.771965,40.748417,44.266547,22.085764,18.662653,-21.049958,40.258685,45.740636,-18.424373,7.569364
1784109574124,103.800000,14.221504,26.904247,44.244740,23.504827,3.399420,-9.928107,38.256342,43.467353,-27.192008,-3.044878
1784109574144,103.820000,40.299860,72.549020,44.234120,23.470880,49.078140,5.320935,36.178551,41.083172,-32.449434,-15.239502
1784109574164,103.840000,-10.785429,40.274555,44.235792,28.097422,12.177133,17.918892,34.030794,38.595977,-32.572296,-27.475464
1784109574184,103.860000,30.394999,67.858620,44.250490,29.139105,38.719515,21.420325,31.818962,36.014469,-26.733329,-38.337902
1784109574204,103.880000,15.602295,54.180183,44.278580,32.953766,21.226417,18.778375,29.549330,33.348090,-15.986694,-46.733917
1784109574224,103.900000,57.208717,91.551530,44.320112,35.146430,56.405100,17.822537,27.228528,30.606965,-2.983776,-51.895824
1784109574244,103.920000,36.123010,63.064404,44.374924,40.991143,22.073261,18.788104,24.863516,27.801812,9.416116,-53.287720
1784109574264,103.940000,67.158960,95.014780,44.442727,43.538291,51.476489,17.698690,22.461549,24.943858,19.251992,-50.606464
1784109574284,103.960000,38.414394,63.286340,44.523164,49.161150,14.125190,13.470591,20.030147,22.044747,25.644424,-43.946987
1784109574304,103.980000,76.704900,84.645004,44.615847,51.179520,33.465484,6.179002,17.577058,19.116440,28.489734,-33.973663
1784109574324,104.000000,28.557438,49.772940,44.720365,55.256335,-5.483395,-3.376886,15.110216,16.171113,28.281012,-21.898054
1784109574344,104.020000,61.764576,96.443090,44.836287,55.552678,40.890412,-9.869111,12.637704,13.221051,25.907957,-9.251900
1784109574364,104.040000,15.008868,53.717155,44.963131,60.590768,-6.873613,-10.750253,10.167711,10.278542,22.187095,2.415033
1784109574384,104.060000,53.827877,99.400215,45.100334,60.942209,38.458006,-9.544899,7.708487,7.355772,17.616120,11.810753
1784109574404,104.080000,-0.260376,51.276123,45.247225,65.903273,-14.627150,-9.246307,5.268299,4.464723,12.690211,18.112898
1784109574424,104.100000,29.094015,83.719980,45.402999,65.613518,18.106462,-12.362489,2.855381,1.617069,8.246216,21.069689
1784109574444,104.120000,-18.222443,26.505028,45.566685,68.638554,-42.133526,-19.811104,0.477890,-1.175918,5.252253,20.941850
1784109574464,104.140000,14.326847,63.973038,45.737107,65.658121,-1.685083,-28.691414,-1.856147,-3.897264,4.263666,18.332506
1784109574484,104.160000,-22.950348,20.002548,45.912871,66.723943,-46.721395,-33.750419,-4.138876,-6.546600,5.090364,14.022957
1784109574504,104.180000,14.521256,59.798958,46.092372,63.263596,-3.464638,-32.872986,-6.362667,-9.114220,6.948206,8.878817
1784109574524,104.200000,-25.995834,8.537923,46.273817,64.090974,-55.553051,-29.192855,-8.520163,-11.591026,8.988520,3.787456
1784109574544,104.220000,1.533200,36.349895,46.455249,59.647214,-23.297319,-27.488733,-10.604326,-13.968605,10.654241,-0.445772
1784109574564,104.240000,-26.810255,-12.826831,46.634569,58.353562,-71.180393,-28.798204,-12.608480,-16.239290,11.553622,-3.244812
1784109574584,104.260000,2.623287,10.853947,46.809549,52.173932,-41.319985,-31.227103,-14.526360,-18.396207,11.390759,-4.367766
1784109574604,104.280000,-41.358105,-24.592250,46.977857,48.873459,-73.465709,-31.604116,-16.352152,-20.433315,10.213900,-3.900721
1784109574624,104.300000,-6.198441,5.392705,47.137072,42.233982,-36.841277,-27.202663,-18.080531,-22.345437,8.422225,-2.172522
1784109574644,104.320000,-59.348625,-5.764569,47.284679,39.128564,-44.893133,-16.301830,-19.706699,-24.128280,6.330737,0.336745
1784109574664,104.340000,-21.119213,39.805195,47.418070,35.078684,4.726511,1.799250,-21.226424,-25.778444,3.552982,3.073307
1784109574684,104.360000,-54.858560,16.499289,47.534532,35.853571,-19.354282,21.568075,-22.636065,-27.293427,-1.238545,5.513754
1784109574704,104.380000,-20.297070,67.570440,47.631275,34.069989,33.500451,37.381488,-23.932599,-28.671617,-9.363765,7.307130
1784109574724,104.400000,-87.384540,36.037827,47.705453,37.425639,-1.387812,47.591959,-25.113649,-29.912275,-20.558269,8.364394
1784109574744,104.420000,-66.581010,78.355260,47.754151,37.129612,41.225648,51.297626,-26.177500,-31.015513,-32.687990,8.774524
1784109574764,104.440000,-113.877660,32.284020,47.774324,40.933090,-8.649070,48.244394,-27.123113,-31.982265,-43.188102,8.581317
1784109574784,104.460000,-80.714770,72.497020,47.762750,39.565047,32.931973,40.134952,-27.950135,-32.814248,-50.548774,7.655169
1784109574804,104.480000,-118.422554,26.955873,47.716017,42.169947,-15.214074,30.728880,-28.658902,-33.513923,-54.606828,5.832211
1784109574824,104.500000,-87.406630,53.584550,47.630558,39.751974,13.832576,20.986058,-29.250441,-34.084449,-55.991887,3.191505
1784109574844,104.520000,-117.689360,23.329393,47.502687,40.025022,-16.695629,12.559171,-29.726461,-34.529635,-55.523618,0.190354
1784109574864,104.540000,-79.594055,61.796093,47.328656,37.013152,24.782941,9.388645,-30.089343,-34.853887,-53.773769,-2.448129
1784109574884,104.560000,-111.128100,52.726128,47.104711,37.913662,14.812466,13.850156,-30.342122,-35.062157,-50.671080,-3.976869
1784109574904,104.580000,-75.410860,98.681210,46.827164,37.568088,61.113122,25.028934,-30.488467,-35.159893,-45.399279,-3.847864
1784109574924,104.600000,-109.088350,96.484375,46.492443,41.598636,54.885739,38.979355,-30.532652,-35.152982,-37.016694,-1.853275
1784109574944,104.620000,-52.190147,147.162810,46.097145,44.738814,102.423996,52.398091,-30.479525,-35.047705,-25.579885,1.839449
1784109574964,104.640000,-70.808820,114.355500,45.638109,52.355683,61.999817,59.328289,-30.334474,-34.850684,-12.713299,6.792290
1784109574984,104.660000,-8.070246,140.649050,45.112516,55.636509,85.012541,53.674154,-30.103385,-34.568838,-0.826444,12.516281
1784109575004,104.680000,-44.940235,78.334076,44.518006,60.912380,17.421696,34.531902,-29.792601,-34.209340,8.477139,18.661371
1784109575024,104.700000,-5.926249,112.998040,43.852759,59.115032,53.883008,8.724461,-29.408872,-33.779573,15.269042,25.006530
1784109575044,104.720000,-40.105446,56.401688,43.115516,60.639951,-4.238263,-13.446059,-28.959311,-33.287093,20.537382,31.248877
1784109575064,104.740000,15.545985,85.743720,42.305574,56.033369,29.710351,-28.586148,-28.451343,-32.739597,24.777764,36.817930
1784109575084,104.760000,-14.625275,33.669395,41.422788,54.496171,-20.826776,-37.828672,-27.892649,-32.144885,27.614624,40.946440
1784109575104,104.780000,22.856934,59.771965,40.467590,47.597919,12.174046,-43.128776,-27.291119,-31.510832,28.597687,42.963406
1784109575124,104.800000,-14.570611,14.221504,39.440987,43.691158,-29.469654,-45.659114,-26.654794,-30.845360,27.905501,42.540016
1784109575144,104.820000,24.676510,40.299860,38.344525,35.342890,4.956970,-45.596592,-25.991819,-30.156410,26.295087,39.702484
1784109575164,104.840000,-14.006320,-10.785429,37.180250,30.162779,-40.948208,-44.533690,-25.310383,-29.451914,24.733681,34.690884
1784109575184,104.860000,26.037980,30.394999,35.950655,20.168716,10.226283,-41.763477,-24.618677,-28.739772,24.093133,27.845380
1784109575204,104.880000,-12.364750,15.602295,34.658639,15.063805,0.538490,-31.489124,-23.924836,-28.027825,24.880813,19.583042
1784109575224,104.900000,33.420242,57.208717,33.307466,8.798097,48.410620,-12.790659,-23.236897,-27.323831,27.006908,10.409126
1784109575244,104.920000,-7.971362,36.123010,31.900735,7.115731,29.007279,6.990401,-22.562750,-26.635436,29.673768,0.906690
1784109575264,104.940000,45.491135,67.158960,30.442349,3.336263,63.822697,20.906735,-21.910097,-25.970152,31.463345,-8.307130
1784109575284,104.960000,5.548882,38.414394,28.936502,2.874176,35.540218,26.481041,-21.286408,-25.335328,30.847698,-16.643898
1784109575304,104.980000,41.246635,76.704900,27.387660,-0.517180,77.222080,26.914793,-20.698887,-24.738120,27.066601,-23.618393
1784109575324,105.000000,2.428317,28.557438,25.800530,0.135030,28.422408,24.154994,-20.154436,-24.287496,20.775195,-28.938812
1784109575344,105.020000,20.348902,61.764576,24.180000,-4.118519,65.883095,17.572851,-19.659620,-23.784717,14.045504,-32.594387
1784109575364,105.040000,-15.361132,15.008868,22.531066,-4.677095,19.685963,9.309312,-19.220648,-23.338236,9.588050,-34.889110
1784109575384,105.060000,15.097415,53.827877,20.858749,-9.799263,63.627140,2.569935,-18.843337,-22.954166,9.459736,-36.357120
1784109575404,105.080000,-8.504461,-0.260376,19.168039,-10.519933,10.259557,-2.213515,-18.533099,-22.638268,14.070068,-37.547080
1784109575424,105.100000,25.041466,29.094015,17.463874,-16.440207,45.534222,-7.614455,-18.294920,-22.395920,21.907413,-38.761960
1784109575444,105.120000,7.516829,-18.222443,15.751143,-18.741336,0.518893,-13.628307,-18.133345,-22.232091,29.789459,-39.899677
1784109575464,105.140000,51.323307,14.326847,14.034710,-25.328577,39.655424,-17.899298,-18.052469,-22.151313,33.705364,-40.489662
1784109575484,105.160000,14.750847,-22.950348,12.319442,-27.856849,4.906501,-18.593720,-18.055924,-22.157658,30.442426,-39.899166
1784109575504,105.180000,32.779160,14.521256,10.610217,-33.610190,48.131446,-15.283844,-18.146880,-22.254717,19.257069,-37.627500
1784109575524,105.200000,-23.057960,-25.995834,8.911876,-34.894134,8.898300,-10.299864,-18.328038,-22.445583,2.404654,-33.608097
1784109575544,105.220000,-13.024412,1.533200,7.229117,-39.835182,41.368383,-7.414653,-18.601634,-22.732838,-15.753178,-28.401197
1784109575564,105.240000,-66.445625,-26.810255,5.566365,-41.354860,14.544605,-6.476491,-18.969439,-23.118538,-30.491780,-23.132540
1784109575584,105.260000,-28.897293,2.623287,3.927654,-45.295615,47.918902,-4.735321,-19.432766,-23.604209,-38.383866,-19.124296
1784109575604,105.280000,-81.038246,-41.358105,2.316556,-45.752448,4.394343,-3.894516,-19.992474,-24.190841,-38.130306,-17.356170
1784109575624,105.300000,-31.006630,-6.198441,0.736160,-50.264373,44.065932,-5.245418,-20.648980,-24.878886,-30.800591,-18.031450
1784109575644,105.320000,-54.758175,-59.348625,-0.810907,-50.665772,-8.682853,-8.150996,-21.402267,-25.668263,-19.747705,-20.458172
1784109575664,105.340000,-0.885792,-21.119213,-2.322415,-55.997348,34.878135,-11.951583,-22.251893,-26.558361,-9.580915,-23.255838
1784109575684,105.360000,-40.385640,-54.858560,-3.796428,-56.814666,1.956106,-12.699816,-23.197008,-27.548046,-4.266700,-24.770090
1784109575704,105.380000,-6.747402,-20.297070,-5.231236,-60.634910,40.337840,-9.064579,-24.236358,-28.635675,-5.614849,-23.582350
1784109575724,105.400000,-53.540253,-87.384540,-6.625320,-60.514206,-26.870334,-8.190529,-25.368304,-29.819107,-12.918996,-18.999352
1784109575744,105.420000,-31.248795,-66.581010,-7.977376,-66.707478,0.126468,-16.178209,-26.590834,-31.095721,-23.448804,-11.335396
1784109575764,105.440000,-83.880200,-113.877660,-9.286358,-69.931329,-43.946331,-27.657884,-27.901574,-32.462430,-33.404092,-1.830771
1784109575784,105.460000,-57.234253,-80.714770,-10.551532,-77.078833,-3.635937,-33.669084,-29.297803,-33.915705,-39.236368,7.761176
1784109575804,105.480000,-89.291490,-118.422554,-11.772529,-79.926008,-38.496546,-31.347498,-30.776466,-35.451592,-38.933158,15.736065
1784109575824,105.500000,-58.924160,-87.406630,-12.949354,-85.821349,-1.585281,-23.842831,-32.334184,-37.065741,-32.702419,20.950617
1784109575844,105.520000,-78.323420,-117.689360,-14.082359,-87.794623,-29.894737,-14.981933,-33.967273,-38.753424,-23.032447,23.124907
1784109575864,105.540000,-16.447739,-79.594055,-15.172181,-92.240927,12.646872,-5.664808,-35.671750,-40.509562,-13.904785,22.859330
1784109575884,105.560000,-54.832740,-111.128100,-16.219641,-92.307695,-18.820405,3.271210,-37.443347,-42.328750,-8.678487,21.397284
1784109575904,105.580000,-28.859470,-75.410860,-17.225646,-95.268782,19.857922,10.286870,-39.277523,-44.205287,-7.900461,20.192915
1784109575924,105.600000,-76.405740,-109.088350,-18.191159,-94.296521,-14.791829,14.602642,-41.169477,-46.133198,-9.176698,20.360830
1784109575944,105.620000,-46.081757,-52.190147,-19.117228,-96.613030,44.422883,19.257582,-43.114156,-48.106264,-9.127524,22.207544
1784109575964,105.640000,-74.994125,-70.808820,-20.005019,-93.022929,22.214109,28.530805,-45.106268,-50.118049,-5.665218,25.137583
1784109575984,105.660000,-32.906742,-8.070246,-20.855819,-91.613680,83.543434,41.993607,-47.140294,-52.161929,0.870327,28.045034
1784109576004,105.680000,-59.524310,-44.940235,-21.671006,-84.086288,39.146053,53.485378,-49.210498,-54.231122,8.022870,29.935602
1784109576024,105.700000,-8.543305,-5.926249,-22.451985,-80.964474,75.038224,55.375736,-51.310938,-56.318711,12.564934,30.380793
1784109576044,105.720000,-58.457886,-40.105446,-23.200134,-74.168141,34.062695,47.737694,-53.435483,-58.417681,12.294584,29.585876
1784109576064,105.740000,-18.434391,15.545985,-23.916769,-71.419198,86.965183,38.735296,-55.577817,-60.520940,7.361148,28.109833
1784109576084,105.760000,-82.299580,-14.625275,-24.603157,-63.190242,48.564967,34.278594,-57.731461,-62.621355,0.379164,26.443888
1784109576104,105.780000,-47.178883,22.856934,-25.260564,-58.699848,81.556782,31.468091,-59.889781,-64.711777,-4.684371,24.691330
1784109576124,105.800000,-90.039710,-14.570611,-25.890318,-50.689318,36.118707,25.247384,-62.046007,-66.785069,-4.282059,22.522703
1784109576144,105.820000,-47.260567,24.676510,-26.493843,-47.159460,71.835970,15.858612,-64.193246,-68.834138,3.213009,19.429644
1784109576164,105.840000,-62.865020,-14.006320,-27.072651,-39.859035,25.852715,5.997639,-66.324500,-70.851959,16.906145,15.123792
1784109576184,105.860000,-16.033550,26.037980,-27.628284,-37.139586,63.177566,-2.506085,-68.432685,-72.831596,33.812401,9.850513
1784109576204,105.880000,-36.645363,-12.364750,-28.162225,-30.528441,18.163691,-8.962374,-70.510648,-74.761063,49.918402,4.430584
1784109576224,105.900000,10.716813,33.420242,-28.675817,-28.439351,61.859593,-12.917192,-72.551190,-76.638732,61.211344,-0.008356
1784109576244,105.920000,-27.448683,-7.971362,-29.170190,-21.840468,13.869106,-14.878365,-74.547087,-78.458192,64.527843,-2.474601
1784109576264,105.940000,15.379096,45.491135,-29.646237,-20.083138,65.574273,-15.269824,-76.491114,-80.213239,58.386608,-2.514459
1784109576284,105.960000,-54.589634,5.548882,-30.104620,-13.017701,18.566582,-13.874935,-78.376068,-81.897893,43.733061,-0.409437
1784109576304,105.980000,-33.154808,41.246635,-30.545836,-10.681625,51.928260,-13.787692,-80.194797,-83.506423,23.986322,2.855628
1784109576324,106.000000,-102.405430,2.428317,-30.970337,-4.929569,7.357886,-17.028961,-81.940224,-85.033362,3.944377,5.804062
1784109576344,106.020000,-79.779640,20.348902,-31.378672,-3.693957,24.042859,-23.712082,-83.605379,-86.473521,-11.894266,6.827376
1784109576364,106.040000,-130.726750,-15.361132,-31.771604,-0.794050,-14.567082,-32.625131,-85.183424,-87.822003,-20.803389,4.648426
1784109576384,106.060000,-89.363556,15.097415,-32.150189,-1.861600,16.959015,-38.780233,-86.667685,-89.074215,-22.579100,-1.231040
1784109576404,106.080000,-124.673706,-8.504461,-32.515790,0.210432,-8.714893,-38.230326,-88.051681,-90.225874,-19.252090,-10.275266
1784109576424,106.100000,-82.705900,25.041466,-32.870042,-0.357911,25.399377,-31.537436,-89.329151,-91.273009,-13.999248,-20.983232
1784109576444,106.120000,-110.306404,7.516829,-33.214793,2.499428,5.017401,-21.647501,-90.494088,-92.211968,-9.821432,-31.281385
1784109576464,106.140000,-80.074510,51.323307,-33.552032,3.286726,48.036581,-10.033901,-91.540761,-93.039412,-8.372349,-39.105793
1784109576484,106.160000,-119.476060,14.750847,-33.883845,8.436671,6.314176,-0.380418,-92.463748,-93.752314,-9.382380,-42.969940
1784109576504,106.180000,-98.483070,32.779160,-34.212389,9.384817,23.394343,0.880581,-93.257959,-94.347953,-11.160037,-42.338207
1784109576524,106.200000,-130.443530,-23.057960,-34.539902,12.043724,-35.101684,-8.687271,-93.918662,-94.823908,-11.976152,-37.698260
1784109576544,106.220000,-94.758484,-13.024412,-34.868710,8.745776,-21.770188,-25.453978,-94.441508,-95.178045,-11.330911,-30.306433
1784109576564,106.240000,-128.952710,-66.445625,-35.201205,6.700183,-73.145808,-42.562588,-94.822551,-95.408509,-10.256899,-21.699244
1784109576584,106.260000,-87.809100,-28.897293,-35.539817,-0.648957,-28.248336,-51.643269,-95.058271,-95.513711,-10.717925,-13.193690
1784109576604,106.280000,-126.347336,-81.038246,-35.886968,-3.599189,-77.439057,-49.741112,-95.145588,-95.492321,-14.497318,-5.598504
1784109576624,106.300000,-88.049390,-31.006630,-36.245043,-11.636951,-19.369679,-40.163829,-95.081885,-95.343247,-21.842255,0.791115
1784109576644,106.320000,-153.353780,-54.758175,-36.616371,-13.950854,-40.807321,-23.600739,-94.865016,-95.065633,-30.524324,5.994757
1784109576664,106.340000,-118.931550,-0.885792,-37.003252,-18.527952,17.642160,-1.770685,-94.493321,-94.658840,-36.343258,10.075745
1784109576684,106.360000,-165.984570,-40.385640,-37.408001,-17.304968,-23.080672,18.003135,-93.965636,-94.122444,-35.130696,12.946915
1784109576704,106.380000,-111.060420,-6.747402,-37.832979,-20.262871,13.515469,28.229820,-93.281300,-93.456220,-24.962155,14.394559
1784109576724,106.400000,-130.648830,-53.540253,-38.280563,-19.629961,-33.910292,27.760771,-92.440158,-92.660138,-7.331206,14.336505
1784109576744,106.420000,-63.488080,-31.248795,-38.753053,-23.877699,-7.371096,20.115542,-91.442569,-91.734360,13.177643,13.135200
1784109576764,106.440000,-78.945175,-83.880200,-39.252540,-25.583699,-58.296501,9.106704,-90.289398,-90.679236,30.532922,11.705811
1784109576784,106.460000,-25.053452,-57.234253,-39.780760,-32.563950,-24.670303,-1.112282,-88.982025,-89.495302,39.583606,11.289009
1784109576804,106.480000,-68.159454,-89.291490,-40.338994,-36.327176,-52.964314,-5.421577,-87.522329,-88.183283,38.168823,12.966395
1784109576824,106.500000,-51.344696,-58.924160,-40.928037,-43.102686,-15.821474,-2.148010,-85.912694,-86.744098,27.900975,17.126170
1784109576844,106.520000,-97.672290,-78.323420,-41.548246,-46.302406,-32.021014,6.602007,-84.155994,-85.178865,13.098142,23.126877
1784109576864,106.540000,-83.720810,-16.447739,-42.199658,-51.277369,34.829630,21.608074,-82.255583,-83.488913,-1.312084,29.362473
1784109576884,106.560000,-117.070340,-54.832740,-42.882093,-49.635402,-5.197338,39.088036,-80.215290,-81.675790,-11.668658,33.767204
1784109576904,106.580000,-86.995100,-28.859470,-43.595246,-52.103029,23.243559,47.448286,-78.039400,-79.741279,-16.521865,34.566640
1784109576924,106.600000,-115.738270,-76.405740,-44.338724,-51.786440,-24.619300,41.972513,-75.732641,-77.687407,-16.529421,30.931551
1784109576944,106.620000,-73.959100,-46.081757,-45.112054,-56.361983,10.280226,29.093697,-73.300167,-75.516469,-13.710691,23.248413
1784109576964,106.640000,-101.055710,-74.994125,-45.914659,-57.495516,-17.498609,18.824926,-70.747543,-73.231032,-10.459656,12.938869
1784109576984,106.660000,-56.262200,-32.906742,-46.745826,-61.475843,28.569101,17.002104,-68.080718,-70.833964,-8.477656,1.965443
1784109577004,106.680000,-101.210960,-59.524310,-47.604673,-60.843084,1.318774,21.984651,-65.306009,-68.328441,-8.003921,-7.756954
1784109577024,106.700000,-57.861920,-8.543305,-48.490138,-62.949341,54.406036,29.902885,-62.430078,-65.717963,-7.928791,-14.857709
1784109577044,106.720000,-83.864240,-58.457886,-49.400984,-59.672082,1.214196,34.929764,-59.459901,-63.006375,-6.577083,-18.776850
1784109577064,106.740000,-49.454727,-18.434391,-50.335802,-61.696027,43.261636,31.927052,-56.402750,-60.197869,-2.305836,-19.723486
1784109577084,106.760000,-80.004330,-82.299580,-51.292992,-59.421576,-22.878004,21.037410,-53.266159,-57.297004,5.901449,-18.397635
1784109577104,106.780000,-25.296135,-47.178883,-52.270764,-63.748084,16.569201,5.491077,-50.057901,-54.308710,17.359721,-15.657085
1784109577124,106.800000,-30.441135,-90.039710,-53.267109,-64.045496,-25.994214,-7.515730,-46.785955,-51.238291,29.162065,-12.247096
1784109577144,106.820000,10.557982,-47.260567,-54.279730,-68.566682,21.306115,-12.536506,-43.458480,-48.091434,37.301920,-8.609790
1784109577164,106.840000,-16.101772,-62.865020,-55.305979,-68.241059,5.376039,-7.860027,-40.083781,-44.874199,38.561130,-4.833299
1784109577184,106.860000,13.245863,-16.033550,-56.342829,-69.404556,53.371006,4.597985,-36.670280,-41.593025,31.707605,-0.832944
1784109577204,106.880000,-33.972755,-36.645363,-57.386916,-65.575922,28.930559,18.026208,-33.226485,-38.254711,17.736921,3.309391
1784109577224,106.900000,-13.215149,10.716813,-58.434616,-64.025755,74.742568,27.559297,-29.760959,-34.866412,-0.550991,7.093903
1784109577244,106.920000,-73.421600,-27.448683,-59.482163,-57.641669,30.192986,30.428899,-26.282286,-31.435618,-19.505864,9.621380
1784109577264,106.940000,-37.031710,15.379096,-60.525779,-55.522697,70.901793,26.124806,-22.799046,-27.970133,-35.825907,9.863063
1784109577284,106.960000,-81.380460,-54.589634,-61.561786,-49.065514,-5.524120,14.158902,-19.319774,-24.478054,-47.262404,7.056861
1784109577304,106.980000,-47.355873,-33.154808,-62.586671,-50.105572,16.950764,-6.672050,-15.852940,-20.967736,-52.481117,1.072527
1784109577324,107.000000,-76.175095,-102.405430,-63.597120,-48.710329,-53.695101,-31.717769,-12.406905,-17.447762,-50.755362,-7.423183
1784109577344,107.020000,-34.674374,-79.779640,-64.590022,-54.309512,-25.470128,-53.888526,-8.989900,-13.926906,-42.036752,-17.086706
1784109577364,107.040000,-51.449600,-130.726750,-65.562440,-56.966291,-73.760459,-67.436574,-5.609990,-10.414089,-27.334070,-26.234903
1784109577384,107.060000,13.717142,-89.363556,-66.511557,-64.412748,-24.950808,-68.950737,-2.275041,-6.918331,-9.007369,-33.223970
1784109577404,107.080000,-3.579559,-124.673706,-67.434573,-66.853848,-57.819858,-59.308383,1.007305,-3.448711,9.592103,-36.732517
1784109577424,107.100000,62.350250,-82.705900,-68.328598,-72.510196,-10.195704,-43.637707,4.229663,-0.014307,25.129307,-35.935196
1784109577444,107.120000,34.350200,-110.306404,-69.190546,-73.249718,-37.056686,-27.062030,7.384933,3.375854,35.424864,-30.615347
1784109577464,107.140000,74.819230,-80.074510,-70.017070,-76.562848,-3.511662,-13.557722,10.466328,6.715661,40.140446,-21.248758
1784109577484,107.160000,38.144090,-119.476060,-70.804549,-76.352020,-43.124040,-6.695777,13.467398,9.992517,40.449924,-9.026642
1784109577504,107.180000,76.073940,-98.483070,-71.549126,-79.995810,-18.487260,-6.850529,16.382054,13.197960,37.912098,4.267478
1784109577524,107.200000,39.726470,-130.443530,-72.246765,-81.029508,-49.414022,-10.141900,19.204591,16.323818,33.460423,16.578856
1784109577544,107.220000,77.765076,-94.758484,-72.893310,-85.057539,-9.700945,-10.479229,21.929705,19.362258,27.116446,26.041672
1784109577564,107.240000,38.307655,-128.952710,-73.484539,-84.955602,-43.997108,-6.267897,24.552515,22.305829,18.465926,31.405848
1784109577584,107.260000,63.301796,-87.809100,-74.016226,-88.176261,0.367161,0.275271,27.068573,25.147509,7.479304,32.246693
1784109577604,107.280000,15.443983,-126.347336,-74.484216,-86.789713,-39.557623,6.615376,29.473881,27.880744,-5.004846,28.891424
1784109577624,107.300000,38.167580,-88.049390,-74.884514,-89.281538,1.232148,10.524205,31.764899,30.499487,-17.479194,22.148703
1784109577644,107.320000,-3.448349,-153.353780,-75.213387,-87.524683,-65.829097,8.626978,33.938554,32.998233,-28.351682,13.013259
1784109577664,107.340000,30.444363,-118.931550,-75.467435,-92.390819,-26.540731,-0.194998,35.992247,35.372048,-36.324213,2.491584
1784109577684,107.360000,-10.214999,-165.984570,-75.643648,-93.191714,-72.792856,-9.353243,37.923856,37.616593,-40.306040,-8.428334
1784109577704,107.380000,24.694946,-111.060420,-75.739423,-98.532555,-12.527865,-10.940941,39.731741,39.728152,-39.290891,-18.761301
1784109577724,107.400000,-3.632645,-130.648830,-75.752578,-97.687208,-32.961622,-1.051800,41.414738,41.703643,-32.685912,-27.563340
1784109577744,107.420000,46.374460,-63.488080,-75.681333,-98.744552,35.256472,18.400595,42.972165,43.540634,-20.847552,-34.021503
1784109577764,107.440000,28.400440,-78.945175,-75.524259,-92.768149,13.822974,40.833963,44.403811,45.237351,-5.259610,-37.522530
1784109577784,107.460000,77.561005,-25.053452,-75.280203,-88.746189,63.692737,58.474228,45.709938,46.792682,11.721971,-37.674100
1784109577804,107.480000,67.870890,-68.159454,-74.948193,-79.508311,11.348857,64.157533,46.891266,48.206175,27.328985,-34.326023
1784109577824,107.500000,112.877200,-51.344696,-74.527350,-75.325714,23.981018,53.433289,47.948968,49.478033,39.102518,-27.621895
1784109577844,107.520000,87.020325,-97.672290,-74.016808,-69.696417,-27.975873,30.209419,48.884657,50.609105,45.796537,-18.057146
1784109577864,107.540000,119.771270,-83.720810,-73.415674,-69.119697,-14.601113,4.262445,49.700371,51.600866,47.881590,-6.509489
1784109577884,107.560000,71.854485,-117.070340,-72.723033,-67.057940,-50.012400,-16.143166,50.398557,52.455404,47.120417,5.778781
1784109577904,107.580000,112.402990,-86.995100,-71.937992,-68.413059,-18.582041,-25.984969,50.982056,53.175388,45.266632,17.302492
1784109577924,107.600000,76.145960,-115.738270,-71.059742,-66.492182,-49.246088,-26.140134,51.454075,53.764046,42.872418,26.535873
1784109577944,107.620000,111.475340,-73.959100,-70.087593,-67.523800,-6.435300,-20.179627,51.818175,54.225127,39.237099,32.293125
1784109577964,107.640000,65.800730,-101.055710,-69.021005,-64.157035,-36.898675,-11.454612,52.078235,54.562869,33.208017,34.042460
1784109577984,107.660000,97.156360,-56.262200,-67.859627,-63.736667,7.474467,-2.815507,52.238438,54.781957,23.971429,31.983316
1784109578004,107.680000,39.461613,-101.210960,-66.603345,-58.785070,-42.425890,2.182261,52.303235,54.887483,11.512410,26.848633
1784109578024,107.700000,67.885140,-57.861920,-65.252356,-58.741745,0.879825,1.694821,52.277322,54.884904,-3.282743,19.578827
1784109578044,107.720000,16.846554,-83.864240,-63.807237,-54.296095,-29.568145,0.575205,52.165610,54.779995,-18.676840,11.058913
1784109578064,107.740000,25.854248,-49.454727,-62.269020,-52.826234,3.371507,1.756906,51.973197,54.578804,-32.183343,2.003877
1784109578084,107.760000,-16.886253,-80.004330,-60.639254,-48.006573,-31.997757,2.805957,51.705338,54.287611,-41.250347,-7.044504
1784109578104,107.780000,5.385113,-25.296135,-58.920075,-46.659503,21.363368,4.914793,51.367418,53.912879,-44.581689,-15.666682
1784109578124,107.800000,-6.683620,-30.441135,-57.114224,-39.939223,9.498088,13.040026,50.964923,53.461217,-42.996269,-23.465927
1784109578144,107.820000,28.517889,10.557982,-55.225003,-34.369934,44.927916,25.228491,50.503419,52.939332,-38.777340,-29.919199
1784109578164,107.840000,-6.633335,-16.101772,-53.256187,-25.255595,9.153823,32.474467,49.988519,52.354000,-33.999346,-34.288677
1784109578184,107.860000,18.950180,13.245863,-51.211946,-19.701221,32.947084,29.924613,49.425868,51.712020,-29.671391,-35.766376
1784109578204,107.880000,6.739879,-33.972755,-49.096797,-11.782029,-22.190726,17.919019,48.821114,51.020190,-26.244468,-33.826180
1784109578224,107.900000,35.527687,-13.215149,-46.915547,-9.347117,-3.868032,-0.412312,48.179896,50.285274,-23.968025,-28.507158
1784109578244,107.920000,4.285811,-73.421600,-44.673225,-5.077987,-68.343613,-21.120485,47.507820,49.513976,-22.462806,-20.411747
1784109578264,107.940000,31.844007,-37.031710,-42.375024,-7.181022,-29.850688,-38.810784,46.810448,48.712916,-20.616532,-10.499095
1784109578284,107.960000,0.180040,-81.380460,-40.026279,-5.414409,-75.966051,-47.428241,46.093280,47.888614,-17.362419,0.120241
1784109578304,107.980000,48.954190,-47.355873,-37.632432,-8.177160,-39.178713,-47.426119,45.361747,47.047471,-12.574814,10.342620
1784109578324,108.000000,16.079470,-76.175095,-35.198992,-7.243390,-68.931705,-41.715433,44.621196,46.068068,-7.157565,19.260513
1784109578344,108.020000,54.270576,-34.674374,-32.731469,-9.224749,-25.449625,-31.672477,43.876889,45.211592,-2.462413,26.347471
1784109578364,108.040000,20.666752,-51.449600,-30.235320,-6.889280,-44.560320,-18.528576,43.133987,44.356989,0.103821,31.498428
1784109578384,108.060000,66.725120,13.717142,-27.715921,-6.472702,20.189844,-1.287932,42.397555,43.510061,-0.723318,34.892710
1784109578404,108.080000,23.337843,-3.579559,-25.178531,0.253802,-3.833361,18.814062,41.672550,42.676456,-5.439889,36.802383
1784109578424,108.100000,46.375340,62.350250,-22.628271,4.444186,57.906064,37.297541,40.963825,41.861662,-13.063683,37.454130
1784109578444,108.120000,3.565582,34.350200,-20.070149,14.499370,19.850830,50.169936,40.276126,41.071015,-21.292320,36.941242
1784109578464,108.140000,22.543581,74.819230,-17.509099,20.511808,54.307422,53.171923,39.614088,40.309697,-27.577094,35.177692
1784109578484,108.160000,-4.009361,38.144090,-14.950031,29.616607,8.527483,45.829406,38.982241,39.582740,-30.381496,31.955954
1784109578504,108.180000,29.066599,76.073940,-12.397846,33.905888,42.168052,33.043892,38.385007,38.895038,-29.816956,27.144964
1784109578524,108.200000,9.462671,39.726470,-9.857418,41.207433,-1.480963,20.156420,37.826704,38.251344,-27.196393,20.934000
1784109578544,108.220000,43.087337,77.765076,-7.333548,43.926783,33.838293,10.008838,37.311545,37.656284,-23.833275,13.951954
1784109578564,108.240000,4.133798,38.307655,-4.830908,49.838359,-11.530704,2.519166,36.843641,37.114360,-20.070503,7.148647
1784109578584,108.260000,50.242012,63.301796,-2.354017,51.038031,12.263765,-4.947298,36.427001,36.629958,-15.320679,1.475269
1784109578604,108.280000,27.692436,15.443983,0.092788,54.360279,-38.916296,-14.725037,36.065532,36.207352,-8.580413,-2.432841
1784109578624,108.300000,60.762115,38.167580,2.505398,52.523286,-14.355706,-26.012618,35.763041,35.850712,1.407198,-4.373491
1784109578644,108.320000,39.071793,-3.448349,4.879970,53.018254,-56.466603,-35.563985,35.523228,35.564104,15.764682,-4.495612
1784109578664,108.340000,92.467920,30.444363,7.212975,49.381039,-18.936676,-39.835437,35.349686,35.351495,34.416344,-3.151795
1784109578684,108.360000,82.334335,-10.214999,9.501250,49.428719,-59.643718,-38.489219,35.245895,35.216750,55.311757,-0.759085
1784109578704,108.380000,145.292360,24.694946,11.742088,45.547780,-20.852834,-34.137315,35.215213,35.163632,74.833118,2.344654
1784109578724,108.400000,116.317380,-3.632645,13.933336,45.520865,-49.153510,-27.646847,35.260864,35.195795,89.159375,6.001125
1784109578744,108.420000,159.052000,46.374460,16.073464,42.794553,3.579907,-17.530898,35.385930,35.316773,95.560463,10.166311
1784109578764,108.440000,130.196150,28.400440,18.161584,45.219104,-16.818664,-3.341529,35.593330,35.529971,93.068932,14.680107
1784109578784,108.460000,139.616240,77.561005,20.197414,45.593438,31.967567,12.248673,35.885803,35.838647,82.833217,19.044266
1784109578804,108.480000,91.909676,67.870890,22.181199,50.597132,17.273758,26.722660,36.265886,36.245891,67.892629,22.365860
1784109578824,108.500000,102.904015,112.877200,24.113570,53.965196,58.912004,38.627922,36.735888,36.754603,51.979706,23.496939
1784109578844,108.520000,55.372883,87.020325,25.995394,61.148995,25.871330,44.792840,37.297867,37.367461,38.024867,21.322826
1784109578864,108.540000,89.260520,119.771270,27.827638,64.851395,54.919875,43.047762,37.953595,38.086894,27.315452,15.135503
1784109578884,108.560000,39.438126,71.854485,29.611281,71.197530,0.656955,32.952354,38.704530,38.915045,19.730375,4.979642
1784109578904,108.580000,71.341324,112.402990,31.347250,72.069307,40.333683,18.312382,39.551783,39.853731,14.542883,-8.214129
1784109578924,108.600000,25.307713,76.145960,33.036380,76.789451,-0.643491,6.644237,40.496083,40.904403,10.896287,-22.820475
1784109578944,108.620000,68.089020,111.475340,34.679376,77.395031,34.080309,0.225283,41.537746,42.068105,7.936078,-36.945194
1784109578964,108.640000,12.206822,65.800730,36.276799,81.462399,-15.661669,-4.489281,42.676638,43.345424,4.984720,-48.873140
1784109578984,108.660000,53.386585,97.156360,37.829053,80.556548,16.599812,-10.490679,43.912144,44.736447,1.537517,-57.381805
1784109579004,108.680000,15.221495,39.461613,39.336376,82.932473,-43.470860,-18.987807,45.243136,46.240713,-2.906717,-61.879536
1784109579024,108.700000,41.457752,67.885140,40.798838,79.238535,-11.353395,-29.485520,46.667945,47.857166,-8.615640,-62.380108
1784109579044,108.720000,0.465591,16.846554,42.216348,78.779705,-61.933151,-38.643121,48.184329,49.584107,-15.231648,-59.364243
1784109579064,108.740000,28.909815,25.854248,43.588644,73.112061,-47.257813,-46.358247,49.789455,51.419150,-21.807121,-53.609802
1784109579084,108.760000,-14.969192,-16.886253,44.915283,68.808774,-85.695027,-53.240601,51.479877,53.359180,-27.165944,-46.043896
1784109579104,108.780000,1.855735,5.385113,46.195624,60.396934,-55.011821,-55.668848,53.251516,55.400312,-30.634571,-37.615673
1784109579124,108.800000,-14.674802,-6.683620,47.428812,54.914800,-61.598420,-48.740213,55.099651,57.537856,-33.097605,-29.172012
1784109579144,108.820000,19.588589,28.517889,48.613788,48.604070,-20.086181,-31.295767,57.018916,59.766287,-37.125009,-21.319574
1784109579164,108.840000,-8.940919,-6.633335,49.749347,46.447186,-53.080521,-11.903971,59.003290,62.079223,-45.270169,-14.291340
1784109579184,108.860000,-6.680810,18.950180,50.834184,40.844519,-21.894339,0.076461,61.046111,64.469400,-57.908608,-7.936558
1784109579204,108.880000,-54.798107,6.739879,51.866896,38.333643,-31.593764,6.902378,63.140082,66.926967,-72.784634,-1.959448
1784109579224,108.900000,-29.840160,35.527687,52.845927,34.772185,0.755502,14.606053,65.277287,69.444384,-86.482819,3.706954
1784109579244,108.920000,-73.354320,4.285811,53.769514,34.472202,-30.186391,21.313277,67.449217,72.011735,-96.110793,8.726273
1784109579264,108.940000,-29.662516,31.844007,54.635677,30.968575,0.875432,23.681291,69.646800,74.618253,-100.019596,12.566148
1784109579284,108.960000,-63.252262,0.180040,55.442243,30.553178,-30.373138,22.700025,71.860437,77.252352,-97.665524,14.912938
1784109579304,108.980000,-14.145956,48.954190,56.186918,26.868722,22.085468,23.065746,74.080041,79.901668,-89.139309,15.963242
1784109579324,109.000000,-37.712254,16.079470,56.867366,28.436569,-12.357099,27.428324,76.295094,82.553114,-74.952389,16.415562
1784109579344,109.020000,27.417930,54.270576,57.481317,26.439105,27.831471,31.913567,78.494693,85.192952,-56.173399,17.229391
1784109579364,109.040000,16.298223,20.666752,58.026695,28.438990,-7.772238,33.187081,80.667615,87.806866,-34.426932,19.329320
1784109579384,109.060000,83.084020,66.725120,58.501765,26.741934,39.983186,32.607241,82.802380,90.380052,-11.489344,23.387161
1784109579404,109.080000,66.561520,23.337843,58.905280,29.795084,-6.457241,31.051302,84.887316,92.897321,11.158558,29.697480
1784109579424,109.100000,131.071350,46.375340,59.236608,28.052653,18.322687,25.091979,86.910634,95.343202,32.349972,38.101715
1784109579444,109.120000,115.303185,3.565582,59.495831,28.689548,-25.123966,14.055352,88.860500,97.702059,50.901794,47.964040
1784109579464,109.140000,176.638670,22.543581,59.683821,24.788631,-2.245050,1.448107,90.725108,99.958214,65.435735,58.250300
1784109579484,109.160000,148.760240,-4.009361,59.802292,23.036141,-27.045503,-7.900782,92.492757,102.096070,74.586835,67.715904
1784109579504,109.180000,197.335860,29.066599,59.853819,18.626933,10.439666,-9.659386,94.151923,104.100240,77.366380,75.123924
1784109579524,109.200000,163.448210,9.462671,59.841813,17.869403,-8.406732,-4.169802,95.691337,105.955678,73.518754,79.409050
1784109579544,109.220000,192.177300,43.087337,59.770465,15.113377,27.973960,4.609034,97.100054,107.647804,63.909323,79.769690
1784109579564,109.240000,140.461200,4.133798,59.644638,15.954316,-11.820518,10.331909,98.367522,109.162633,50.596981,75.707750
1784109579584,109.260000,168.526930,50.242012,59.469736,12.738854,37.503158,11.462697,99.483649,110.486893,36.219336,67.037254
1784109579604,109.280000,117.975850,27.692436,59.251543,14.467713,13.224723,13.501412,100.438869,111.608144,23.061316,53.897740
1784109579624,109.300000,149.744750,60.762115,58.996079,13.776357,46.985758,17.273229,101.224196,112.514883,12.379844,36.804832
1784109579644,109.320000,108.814890,39.071793,58.709476,16.533182,22.538611,19.731745,101.831283,113.196646,4.207744,16.714487
1784109579664,109.340000,144.127410,92.467920,58.397889,16.921879,75.546041,22.798678,102.252471,113.644098,-2.286291,-4.979814
1784109579684,109.360000,107.655470,82.334335,58.067424,22.763700,59.570635,29.727727,102.480832,113.849109,-7.976965,-26.578127
1784109579704,109.380000,133.291170,145.292360,57.724094,27.172993,118.119367,40.316934,102.510216,113.804828,-12.927742,-46.326084
1784109579724,109.400000,91.499040,116.317380,57.373762,37.665961,78.651419,49.243858,102.335281,113.505732,-16.166172,-62.729847
1784109579744,109.420000,126.609040,159.052000,57.022090,44.435693,114.616307,49.340636,101.951525,112.947670,-16.331837,-74.829840
1784109579764,109.440000,98.963030,130.196150,56.674487,55.063518,75.132632,40.468558,101.355314,112.127896,-12.532205,-82.305460
1784109579784,109.460000,137.894850,139.616240,56.336104,62.002552,77.613688,23.923970,100.543894,111.045077,-4.695968,-85.356710
1784109579804,109.480000,110.934040,91.909676,56.011844,69.466090,22.443586,-0.599859,99.515415,109.699298,6.436770,-84.458180
1784109579824,109.500000,160.081820,102.904015,55.706387,71.686859,31.217156,-28.095977,98.268930,108.092053,19.320045,-80.152340
1784109579844,109.520000,144.841700,55.372883,55.424235,75.074269,-19.701386,-52.043596,96.804403,106.226211,31.904147,-72.959670
1784109579864,109.540000,183.582960,89.260520,55.169767,73.659205,15.601315,-66.794269,95.122701,104.105984,42.570582,-63.370556
1784109579884,109.560000,145.592130,39.438126,54.947286,76.071484,-36.633358,-71.384834,93.225589,101.736873,50.950495,-51.895184
1784109579904,109.580000,178.597550,71.341324,54.761023,73.552069,-2.210745,-70.791474,91.115713,99.125606,57.556382,-39.178844
1784109579924,109.600000,151.742580,25.307713,54.615111,74.759627,-49.451914,-68.471742,88.796577,96.280062,62.562074,-26.106134
1784109579944,109.620000,179.327270,68.089020,54.513552,71.517584,-3.428564,-64.101314,86.272520,93.209191,65.037473,-13.749141
1784109579964,109.640000,146.737520,12.206822,54.460193,73.131844,-60.925022,-58.504056,83.548681,89.922920,63.123592,-3.136457
1784109579984,109.660000,167.254520,53.386585,54.458695,69.238041,-15.851456,-54.028154,80.630963,86.432056,54.829868,4.997234
1784109580004,109.680000,122.137270,15.221495,54.512482,70.064668,-54.843173,-48.546680,77.525993,82.748184,39.213910,10.312160
1784109580024,109.700000,124.461880,41.457752,54.624665,67.189695,-25.731943,-41.804500,74.241075,78.883557,17.591729,12.790927
1784109580044,109.720000,43.522170,0.465591,54.797931,67.394693,-66.929102,-36.897816,70.784138,74.850988,-6.170844,12.566193
1784109580064,109.740000,52.199623,28.909815,55.034380,63.635807,-34.725992,-33.690502,67.163689,70.663740,-27.146594,9.742411
1784109580084,109.760000,-5.265428,-14.969192,55.335357,63.224441,-78.193633,-31.107742,63.388753,66.335418,-41.816257,4.347223
1784109580104,109.780000,23.524664,1.855735,55.701335,58.582969,-56.727234,-30.083135,59.468819,61.879864,-49.636636,-3.481319
1784109580124,109.800000,-5.129640,-14.674802,56.131886,56.179959,-70.854761,-27.610252,55.413785,57.311050,-52.700888,-13.149302
1784109580144,109.820000,17.776090,19.588589,56.625718,52.438990,-32.850401,-18.024294,51.233893,52.642986,-53.774739,-23.373495
1784109580164,109.840000,-34.316128,-8.940919,57.180744,52.546712,-61.487631,-4.047246,46.939680,47.889628,-54.296394,-32.328705
1784109580184,109.860000,-5.906282,-6.680810,57.794121,49.823175,-56.503985,4.261462,42.541915,43.064789,-54.048521,-38.184742
1784109580204,109.880000,-46.438510,-54.798107,58.462287,47.607438,-102.405545,0.442302,38.051547,38.182069,-52.225086,-39.726840
1784109580224,109.900000,-9.997497,-29.840160,59.180996,40.787403,-70.627563,-9.061578,33.479650,33.254780,-48.423797,-36.677563
1784109580244,109.920000,-43.827950,-73.354320,59.945394,37.100127,-110.454447,-14.437018,28.837374,28.295889,-42.902964,-29.578249
1784109580264,109.940000,-8.742050,-29.662516,60.750108,29.349347,-59.011863,-11.586077,24.135895,23.317962,-36.321042,-19.416332
1784109580284,109.960000,-42.443600,-63.252262,61.589339,26.630759,-89.883021,-0.602294,19.386369,18.333124,-29.408211,-7.283758
1784109580304,109.980000,-14.852482,-14.145956,62.456943,20.669665,-34.815621,14.665065,14.599891,13.353016,-22.931021,5.796372
1784109580324,110.000000,-36.165028,-37.712254,63.346513,20.034378,-57.746632,30.948083,9.787454,8.388771,-17.885668,18.909597
1784109580344,110.020000,-6.636568,27.417930,64.251445,16.879799,10.538131,47.997783,4.959915,3.450989,-15.303679,31.262041
1784109580364,110.040000,-42.364790,16.298223,65.165025,20.317802,-4.019579,66.463347,0.127959,-1.450274,-15.461306,42.217310
1784109580384,110.060000,-24.296593,83.084020,66.080478,22.025345,61.058675,84.655253,-4.697925,-6.305519,-17.323187,51.312360
1784109580404,110.080000,-67.203220,66.561520,66.990996,29.972331,36.589189,98.835066,-9.507476,-11.105803,-18.987438,58.200684
1784109580424,110.100000,-32.118540,131.071350,67.889736,35.165741,95.905609,106.675867,-14.290676,-15.842739,-18.812866,62.578980
1784109580444,110.120000,-68.811000,115.303185,68.769833,46.004185,69.299000,108.924361,-19.037780,-20.508486,-16.210351,64.220535
1784109580464,110.140000,-33.975792,176.638670,69.624438,53.861785,122.776885,107.156271,-23.739320,-25.101787,-11.670079,63.126614
1784109580484,110.160000,-60.075420,148.760240,70.446771,66.779238,81.981002,101.109645,-28.386129,-29.610660,-6.369539,59.658570
1784109580504,110.180000,-21.458080,197.335860,71.230178,75.290022,122.045838,89.555736,-32.969346,-34.028609,-1.460347,54.526356
1784109580524,110.200000,-58.821490,163.448210,71.968206,87.513962,75.934248,73.233489,-37.480425,-38.349635,2.836005,48.627550
1784109580544,110.220000,-30.570011,192.177300,72.654648,94.793280,97.384020,52.823751,-41.911144,-42.568200,7.529159,42.805454
1784109580564,110.240000,-69.120060,140.461200,73.283568,103.909731,36.551469,27.864214,-46.253604,-46.679209,13.965088,37.609740
1784109580584,110.260000,-22.401342,168.526930,73.849310,106.583711,61.943219,1.070320,-50.500238,-50.677984,22.311726,33.171010
1784109580604,110.280000,-37.364357,117.975850,74.346532,111.474067,6.501783,-22.707789,-54.643808,-54.560243,30.924601,29.297777
1784109580624,110.300000,-3.017153,149.744750,74.770274,110.455968,39.288782,-40.395997,-58.677406,-58.322074,37.428069,25.755331
1784109580644,110.320000,-40.161370,108.814890,75.116029,112.402660,-3.587770,-50.607126,-62.594454,-61.959913,40.384183,22.491272
1784109580664,110.340000,-13.832045,144.127410,75.379772,109.724241,34.403169,-53.956394,-66.388703,-65.470515,39.896167,19.597350
1784109580684,110.360000,-45.024160,107.655470,75.557947,110.566705,-2.911235,-52.609317,-70.054233,-68.850935,37.126600,17.070166
1784109580704,110.380000,-25.295898,133.291170,75.647439,107.385055,25.906115,-50.057667,-73.585450,-72.098505,33.710443,14.640338
1784109580724,110.400000,-66.339460,91.499040,75.645539,106.842744,-15.343704,-49.467091,-76.977086,-75.210807,31.222561,11.828614
1784109580744,110.420000,-32.468582,126.609040,75.549904,101.917836,24.691204,-49.483229,-80.224201,-78.185660,30.404037,8.147400
1784109580764,110.440000,-68.970825,98.963030,75.358524,100.797610,-1.834580,-45.892220,-83.322176,-81.021095,30.610226,3.303850
1784109580784,110.460000,-32.182537,137.894850,75.069703,96.825604,41.069246,-37.346182,-86.266722,-83.715340,30.029779,-2.664506
1784109580804,110.480000,-74.534690,110.934040,74.682063,97.000037,13.934003,-26.361876,-89.053877,-86.266806,26.501563,-9.358942
1784109580824,110.500000,-44.224457,160.081820,74.194536,94.315443,65.766377,-14.632732,-91.680005,-88.674068,18.493148,-16.132800
1784109580844,110.520000,-98.890840,144.841700,73.606335,96.720747,48.120953,-1.544363,-94.141802,-90.935858,5.898640,-22.325033
1784109580864,110.540000,-80.420044,183.582960,72.916910,97.269302,86.313658,10.882717,-96.436300,-93.051051,-9.657345,-27.506964
1784109580884,110.560000,-132.241000,145.592130,72.125866,101.575653,44.016477,16.796552,-98.560864,-95.018660,-25.126267,-31.622759
1784109580904,110.580000,-118.805250,178.597550,71.232889,101.576980,77.020570,14.020145,-100.513200,-96.837824,-36.792747,-34.957485
1784109580924,110.600000,-165.929530,151.742580,70.237660,104.823237,46.919343,7.812111,-102.291357,-98.507809,-41.493736,-37.954823
1784109580944,110.620000,-119.820020,179.327270,69.139810,104.996720,74.330550,2.814659,-103.893731,-100.028003,-38.054442,-40.962290
1784109580964,110.640000,-141.918800,146.737520,67.938915,107.856939,38.880581,-1.337283,-105.319065,-101.397912,-27.834823,-43.977886
1784109580984,110.660000,-91.917250,167.254520,66.634574,107.110368,60.144152,-6.334567,-106.566458,-102.617165,-13.798053,-46.484524
1784109581004,110.680000,-121.571090,122.137270,65.226513,108.427862,13.709408,-13.893655,-107.635361,-103.685510,0.929531,-47.498688
1784109581024,110.700000,-71.924690,124.461880,63.714677,105.036664,19.425216,-25.696228,-108.525586,-104.602823,13.838919,-45.902050
1784109581044,110.720000,-96.184550,43.522170,62.099319,102.149880,-58.627710,-44.626189,-109.237302,-105.369108,23.208948,-40.917680
1784109581064,110.740000,-61.693610,52.199623,60.381055,91.409568,-39.209945,-68.070905,-109.771042,-105.984506,28.271693,-32.460423
1784109581084,110.760000,-99.041430,-5.265428,58.560906,82.565883,-87.831312,-85.366431,-110.127702,-106.449303,29.244115,-21.212670
1784109581104,110.780000,-64.252070,23.524664,56.640300,68.845461,-45.320797,-88.751409,-110.308542,-106.763936,26.910463,-8.469471
1784109581124,110.800000,-108.380600,-5.129640,54.621044,59.351512,-64.481151,-76.637560,-110.315191,-106.929007,22.108225,4.147411
1784109581144,110.820000,-74.105300,17.776090,52.505288,47.937711,-30.161621,-55.108445,-110.149642,-106.945290,15.489206,15.035014
1784109581164,110.840000,-109.569290,-34.316128,50.295489,39.934393,-74.250521,-36.477905,-109.814256,-106.813751,7.713196,22.944342
1784109581184,110.860000,-96.628970,-5.906282,47.994364,27.547868,-33.454150,-25.990152,-109.311761,-106.535554,-0.039148,27.206919
1784109581204,110.880000,-148.467440,-46.438510,45.604838,19.238172,-65.676682,-18.878407,-108.645252,-106.112081,-6.265921,27.761023
1784109581224,110.900000,-104.176500,-9.997497,43.129965,7.750652,-17.748149,-9.933758,-107.818185,-105.544942,-10.489690,24.997787
1784109581244,110.920000,-137.704740,-43.827950,40.572869,1.053102,-44.881052,2.221635,-106.834376,-104.835997,-14.054962,19.593450
1784109581264,110.940000,-100.658690,-8.742050,37.936743,-8.312808,-0.429242,15.490765,-105.698001,-103.987362,-19.072353,12.461984
1784109581284,110.960000,-146.249710,-42.443600,35.224867,-13.244848,-29.198752,26.984264,-104.413580,-103.001430,-26.561980,4.740134
1784109581304,110.980000,-132.979190,-14.852482,32.440591,-21.007929,6.155447,34.584576,-102.985981,-101.880885,-35.552037,-2.396701
1784109581324,111.000000,-159.358400,-36.165028,29.587297,-25.242188,-10.922840,39.456947,-101.420401,-101.096423,-43.662080,-8.081656
1784109581344,111.020000,-146.577480,-6.636568,26.668340,-31.148677,24.512109,44.336575,-99.722362,-99.693965,-48.243065,-12.000463
1784109581364,111.040000,-171.792500,-42.364790,23.687022,-33.542881,-8.821909,47.400517,-97.897694,-98.165584,-47.399467,-14.338010
1784109581384,111.060000,-129.635590,-24.296593,20.646576,-39.219488,14.922895,45.219329,-95.952522,-96.515383,-40.907678,-15.493674
1784109581404,111.080000,-140.549530,-67.203220,17.550199,-42.518822,-24.684398,37.452451,-93.893249,-94.747798,-30.397623,-15.755717
1784109581424,111.100000,-103.453440,-32.118540,14.401125,-49.662855,17.544315,28.981181,-91.726536,-92.867597,-18.480693,-15.096822
1784109581444,111.120000,-110.089450,-68.811000,11.202715,-52.573537,-16.237463,25.007343,-89.459285,-90.879880,-7.642561,-13.180717
1784109581464,111.140000,-72.892200,-33.975792,7.958531,-58.745579,24.769787,25.172298,-87.098612,-88.790071,0.625044,-9.576934
1784109581484,111.160000,-96.006380,-60.075420,4.672403,-60.821485,0.746065,27.921644,-84.651829,-86.603910,6.421574,-4.064266
1784109581504,111.180000,-66.751114,-21.458080,1.348460,-65.225172,43.767092,32.434915,-82.126416,-84.327440,11.292019,3.139483
1784109581524,111.200000,-86.504060,-58.821490,-2.008868,-65.404201,6.582711,35.597751,-79.529995,-81.966995,17.145770,11.318505
1784109581544,111.220000,-42.281387,-30.570011,-5.394863,-69.251593,38.681582,33.887956,-76.870309,-79.529178,25.015887,19.402662
1784109581564,111.240000,-64.300020,-69.120060,-8.804512,-69.966700,0.846640,27.547771,-74.155189,-77.020845,34.484479,26.282953
1784109581584,111.260000,-4.090296,-22.401342,-12.232486,-74.400798,51.999456,21.804346,-71.392531,-74.449083,43.920665,31.165176
1784109581604,111.280000,-40.018917,-37.364357,-15.673108,-73.869163,36.504806,23.171270,-68.590270,-71.821185,51.329419,33.780530
1784109581624,111.300000,-2.578759,-3.017153,-19.120342,-74.982173,71.965020,30.072151,-65.756350,-69.144622,55.054113,34.339000
1784109581644,111.320000,-22.912054,-40.161370,-22.567804,-72.800828,32.639458,33.408552,-62.898700,-66.427021,53.741640,33.271362
1784109581664,111.340000,-0.017968,-13.832045,-26.008813,-74.640285,60.808240,28.337302,-60.025211,-63.676132,46.349738,30.947454
1784109581684,111.360000,-40.702610,-45.024160,-29.436440,-73.860613,28.836453,18.420289,-57.143705,-60.899798,32.649246,27.529215
1784109581704,111.380000,-25.068407,-25.295898,-32.843601,-76.335680,51.039782,8.172773,-54.261917,-58.105929,13.537271,22.968016
1784109581724,111.400000,-75.757030,-66.339460,-36.223175,-76.706781,10.367321,-2.053737,-51.387465,-55.302465,-9.043593,17.066656
1784109581744,111.420000,-65.407930,-32.468582,-39.568143,-81.103098,48.634516,-10.529118,-48.527833,-52.497349,-32.354074,9.571204
1784109581764,111.440000,-110.850360,-68.970825,-42.871732,-81.698315,12.727490,-14.526279,-45.690344,-49.698492,-53.231566,0.312413
1784109581784,111.460000,-96.494950,-32.182537,-46.127536,-85.800696,53.618159,-14.517386,-42.882140,-46.913738,-68.522841,-10.627269
1784109581804,111.480000,-132.756160,-74.534690,-49.329618,-85.729393,11.194703,-13.290406,-40.110158,-44.150833,-75.640203,-22.789710
1784109581824,111.500000,-95.476260,-44.224457,-52.472566,-89.761908,45.537451,-13.939884,-37.381111,-41.417389,-73.277368,-35.306070
1784109581844,111.520000,-110.256790,-98.890840,-55.551497,-90.151916,-8.738924,-18.418842,-34.701464,-38.720850,-61.891647,-46.953050
1784109581864,111.540000,-52.155323,-80.420044,-58.562003,-95.823214,15.403170,-27.401811,-32.077414,-36.068458,-43.519914,-56.279697
1784109581884,111.560000,-65.317020,-132.241000,-61.500030,-98.854790,-33.386210,-38.314849,-29.514868,-33.467214,-21.046927,-61.801823
1784109581904,111.580000,0.618618,-118.805250,-64.361751,-106.693506,-12.111744,-48.007355,-27.019425,-30.923851,2.540930,-62.275920
1784109581924,111.600000,-13.805958,-165.929530,-67.143427,-112.250505,-53.679025,-54.758248,-24.596355,-28.444791,24.653032,-57.009594
1784109581944,111.620000,42.557453,-119.820020,-69.841286,-121.992777,2.172757,-53.795980,-22.250582,-26.036124,43.364379,-46.100260
1784109581964,111.640000,28.165468,-141.918800,-72.451422,-125.921313,-15.997487,-40.739285,-19.986665,-23.703566,57.471898,-30.501968
1784109581984,111.660000,65.442580,-91.917250,-74.969736,-131.527909,39.610659,-19.004293,-17.808786,-21.452442,66.436283,-11.894025
1784109582004,111.680000,48.385296,-121.571090,-77.391906,-131.167579,9.596489,2.622991,-15.720737,-19.287653,70.235412,7.597448
1784109582024,111.700000,73.269520,-71.924690,-79.713399,-133.560962,61.636272,18.254340,-13.725907,-17.213660,69.195632,25.748026
1784109582044,111.720000,42.884697,-96.184550,-81.929511,-130.264613,34.080063,28.240424,-11.827275,-15.234460,63.864675,40.572315
1784109582064,111.740000,61.720260,-61.693610,-84.035436,-129.390136,67.696526,33.030197,-10.027406,-13.353578,54.786653,50.581024
1784109582084,111.760000,25.451069,-99.041430,-86.026365,-124.685803,25.644373,31.104875,-8.328444,-11.574051,42.263382,54.926670
1784109582104,111.780000,42.893130,-64.252070,-87.897586,-123.928959,59.676889,24.042911,-6.732115,-9.898426,26.411904,53.443800
1784109582124,111.800000,-0.666467,-108.380600,-89.644589,-119.381794,11.001194,14.788770,-5.239728,-8.328752,7.632561,46.605670
1784109582144,111.820000,1.745478,-74.105300,-91.263181,-119.533064,45.427764,5.222615,-3.852177,-6.866585,-12.871130,35.397205
1784109582164,111.840000,-45.742870,-109.569290,-92.749601,-115.945067,6.375777,-2.065870,-2.569950,-5.512988,-33.141526,21.103228
1784109582184,111.860000,-25.636454,-96.628970,-94.100655,-116.121672,19.492702,-8.529533,-1.393131,-4.268529,-50.997304,5.079365
1784109582204,111.880000,-74.073680,-148.467440,-95.313804,-114.798445,-33.668995,-18.888356,-0.321415,-3.126657,-64.342238,-11.386685
1784109582224,111.900000,-52.248188,-104.176500,-96.387230,-118.778548,14.602048,-28.857311,0.645883,-2.093448,-71.334428,-27.098993
1784109582244,111.920000,-75.412506,-137.704740,-97.319873,-117.748878,-19.955862,-29.951768,1.509823,-1.168103,-70.869528,-40.938908
1784109582264,111.940000,-40.028870,-100.658690,-98.111414,-120.089114,19.430424,-23.310070,2.271819,-0.349389,-62.981729,-51.874622
1784109582284,111.960000,-58.986650,-146.249710,-98.762226,-118.279046,-27.970664,-16.623901,2.933636,0.364349,-48.882958,-58.997738
1784109582304,111.980000,-7.117739,-132.979190,-99.273272,-121.118079,-11.861111,-16.922580,3.497370,0.975164,-30.974903,-61.587208
1784109582324,112.000000,-17.173320,-159.358400,-99.645994,-122.199836,-37.158564,-22.288877,3.965438,1.485490,-12.684084,-59.209410
1784109582344,112.020000,37.655495,-146.577480,-99.882172,-125.715173,-20.862307,-26.062293,4.340566,1.898126,2.359277,-51.823430
1784109582364,112.040000,17.716867,-171.792500,-99.983791,-127.458248,-44.334252,-26.569968,4.625772,2.216210,11.732357,-39.846264
1784109582384,112.060000,33.591297,-129.635590,-99.952932,-131.450390,1.814800,-21.092486,4.824353,2.443200,15.286289,-24.194433
1784109582404,112.080000,7.726845,-140.549530,-99.791740,-130.639914,-9.909616,-7.386313,4.939868,2.582856,14.713702,-6.325287
1784109582424,112.100000,37.211014,-103.453440,-99.502439,-130.847530,27.394090,9.971425,4.976124,2.639209,12.061621,11.818543
1784109582444,112.120000,9.976664,-110.089450,-99.087356,-127.126091,17.036641,25.403577,4.937156,2.616547,8.867031,28.101608
1784109582464,112.140000,27.651264,-72.892200,-98.548928,-124.284064,51.391864,36.964452,4.827212,2.519383,6.248912,40.683426
1784109582484,112.160000,-3.800706,-96.006380,-97.889725,-117.832156,21.825776,42.521491,4.650731,2.352436,4.912648,48.441067
1784109582504,112.180000,31.265133,-66.751114,-97.112475,-114.233465,47.482351,40.779096,4.412325,2.120600,4.776055,51.110600
1784109582524,112.200000,2.952019,-86.504060,-96.220081,-107.966747,21.462687,34.734387,4.116757,1.828923,5.025688,49.186123
1784109582544,112.220000,35.345795,-42.281387,-95.215601,-104.255994,61.974607,30.150938,3.768917,1.482579,4.915978,43.723907
1784109582564,112.240000,-4.632633,-64.300020,-94.102243,-96.438555,32.138535,29.347205,3.373802,1.086840,4.563995,36.096565
1784109582584,112.260000,23.583155,-4.090296,-92.883361,-91.598632,87.508336,32.086587,2.936490,0.647050,4.929986,27.681623
1784109582604,112.280000,-9.673810,-40.018917,-91.562473,-81.202331,41.183414,35.713112,2.462115,0.168595,6.972926,19.558695
1784109582624,112.300000,29.797262,-2.578759,-90.143272,-75.466259,72.887499,33.564807,1.955841,-0.343122,10.757259,12.364118
1784109582644,112.320000,11.249734,-22.912054,-88.629611,-66.588303,43.676249,26.146950,1.422835,-0.882709,15.391080,6.371946
1784109582664,112.340000,34.574062,-0.017968,-87.025455,-60.680845,60.662877,17.241883,0.868239,-1.444817,19.855435,1.699604
1784109582684,112.360000,7.008119,-40.702610,-85.334848,-53.126814,12.424204,5.152474,0.297145,-2.024166,23.676676,-1.560488
1784109582704,112.380000,35.252773,-25.068407,-83.561897,-50.453464,25.385057,-10.812190,-0.285440,-2.615571,26.705707,-3.381001
1784109582724,112.400000,15.742257,-75.757030,-81.710768,-46.534934,-29.222096,-28.740324,-0.874618,-3.213976,28.664698,-3.907458
1784109582744,112.420000,31.156614,-65.407930,-79.785671,-48.109239,-17.298691,-46.442751,-1.465631,-3.814478,29.164836,-3.474339
1784109582764,112.440000,11.418209,-110.850360,-77.790852,-48.509390,-62.340970,-60.840049,-2.053891,-4.412358,27.901181,-2.511366
1784109582784,112.460000,35.565610,-96.494950,-75.730594,-53.396599,-43.098351,-69.459010,-2.635012,-5.003108,24.867512,-1.434412
1784109582804,112.480000,-5.518471,-132.756160,-73.609216,-56.330543,-76.425617,-71.489681,-3.204836,-5.582459,20.751656,-0.582450
1784109582824,112.500000,21.047035,-95.476260,-71.431092,-62.529233,-32.947027,-65.431672,-3.759465,-6.146409,16.996726,-0.203474
1784109582844,112.520000,-18.441177,-110.256790,-69.200671,-64.325790,-45.931000,-49.985290,-4.295285,-6.691249,15.194910,-0.469060
1784109582864,112.540000,6.901146,-52.155323,-66.922510,-67.346387,15.191064,-26.210288,-4.808999,-7.213587,16.180563,-1.484108
1784109582884,112.560000,-13.481018,-65.317020,-64.601283,-64.233804,-1.083216,1.122773,-5.297651,-7.710379,19.239750,-3.251263
1784109582904,112.580000,16.240526,0.618618,-62.241771,-62.716218,63.334836,26.699346,-5.758648,-8.178947,22.035890,-5.591761
1784109582924,112.600000,-9.519318,-13.805958,-59.848824,-54.808590,41.002632,47.681125,-6.189787,-8.617000,21.502159,-8.098853
1784109582944,112.620000,10.696130,42.557453,-57.427321,-49.175195,91.732648,61.652878,-6.589270,-9.022659,15.144418,-10.208907
1784109582964,112.640000,-22.866528,28.165468,-54.982159,-38.598109,66.763577,68.516845,-6.955730,-9.394474,2.240872,-11.402741
1784109582984,112.660000,-24.225023,65.442580,-52.518262,-30.632886,96.075466,68.405181,-7.288237,-9.731435,-15.356401,-11.449735
1784109583004,112.680000,-76.053215,48.385296,-50.040638,-19.919352,68.304648,61.916073,-7.586316,-10.032990,-33.452477,-10.569587
1784109583024,112.700000,-74.903350,73.269520,-47.554469,-12.140123,85.409643,51.065338,-7.849954,-10.299054,-47.232922,-9.431146
1784109583044,112.720000,-96.626070,42.884697,-45.065206,-2.858006,45.742703,36.392972,-8.079605,-10.530012,-53.651034,-8.946193
1784109583064,112.740000,-63.724410,61.720260,-42.578601,2.309035,59.411225,19.149283,-8.276188,-10.726725,-52.693631,-9.860995
1784109583084,112.760000,-87.825180,25.451069,-40.100665,8.652493,16.798576,1.466578,-8.441087,-10.890527,-46.762579,-12.297977
1784109583104,112.780000,-47.052532,42.893130,-37.637583,10.624646,32.268484,-14.694311,-8.576143,-11.023217,-39.201009,-15.541290
1784109583124,112.800000,-65.268974,-0.666467,-35.195607,13.989287,-14.655754,-28.706936,-8.683637,-11.127053,-32.928728,-18.248545
1784109583144,112.820000,-40.711708,1.745478,-32.780964,12.612999,-10.867521,-42.402927,-8.766277,-11.204732,-29.355948,-18.977198
1784109583164,112.840000,-70.492325,-45.742870,-30.399770,11.554518,-57.297388,-56.630889,-8.827176,-11.259371,-28.071667,-16.743347
1784109583184,112.860000,-38.164490,-25.636454,-28.057998,5.915832,-31.552286,-67.225613,-8.869823,-11.294486,-27.557384,-11.373509
1784109583204,112.880000,-68.912520,-74.073680,-25.761443,2.844728,-76.918408,-71.066937,-8.898057,-11.313958,-26.201866,-3.534545
1784109583224,112.900000,-30.667980,-52.248188,-23.515696,-4.634511,-47.613677,-69.809550,-8.916029,-11.321999,-23.004991,5.545355
1784109583244,112.920000,-52.415165,-75.412506,-21.326104,-9.139867,-66.272639,-62.756538,-8.928167,-11.323118,-17.851517,14.520825
1784109583264,112.940000,-19.802654,-40.028870,-19.197725,-15.405220,-24.623650,-48.308179,-8.939132,-11.322077,-11.398583,22.325180
1784109583284,112.960000,-31.732206,-58.986650,-17.135271,-17.537353,-41.449297,-29.176268,-8.953776,-11.323842,-4.811564,28.371363
1784109583304,112.980000,-2.599241,-7.117739,-15.143062,-21.325997,14.208258,-8.014688,-8.977091,-11.333541,0.599722,32.545612
1784109583324,113.000000,-30.963830,-17.173320,-13.224982,-19.727577,2.554257,14.176248,-9.014166,-11.356404,3.699813,35.053883
1784109583344,113.020000,6.648059,37.655495,-11.384460,-19.435152,57.090647,35.368347,-9.070127,-11.397716,3.486154,36.205444
1784109583364,113.040000,-13.053961,17.716867,-9.624459,-14.051699,31.768566,52.015023,-9.150091,-11.462757,-0.723519,36.241837
1784109583384,113.060000,1.845728,33.591297,-7.947473,-11.467539,45.058836,57.433797,-9.259110,-11.556746,-8.301643,35.282833
1784109583404,113.080000,-41.119250,7.726845,-6.355535,-7.881939,15.608785,49.755603,-9.402115,-11.684784,-16.652711,33.343400
1784109583424,113.100000,-18.775846,37.211014,-4.850283,-7.438158,44.649172,37.514147,-9.583866,-11.851798,-22.139801,30.327040
1784109583444,113.120000,-37.570680,9.976664,-3.433034,-4.417540,14.394204,28.198435,-9.808893,-12.062478,-21.838618,26.031271
1784109583464,113.140000,-4.610486,27.651264,-2.104816,-4.598887,32.250151,21.311881,-10.081447,-12.321687,-14.591615,20.298195
1784109583484,113.160000,-13.999447,-3.800706,-0.866357,-3.250354,-0.550352,14.015070,-10.405445,-12.632991,-1.114859,13.287788
1784109583504,113.180000,32.262447,31.265133,0.281959,-5.254882,36.520015,8.209252,-10.784424,-13.000048,16.304696,5.656330
1784109583524,113.200000,28.713924,2.952019,1.340168,-3.809926,6.761944,6.690349,-11.221493,-13.426075,34.399800,-1.522407
1784109583544,113.220000,76.193030,35.345795,2.308804,-5.416456,40.762251,7.899581,-11.719287,-13.913798,49.887009,-7.047976
1784109583564,113.240000,47.070045,-4.632633,3.188977,-3.879202,-0.753431,7.897573,-12.279927,-14.465415,60.413316,-9.956573
1784109583584,113.260000,83.284730,23.583155,3.982400,-6.480930,30.064085,4.362065,-12.904984,-15.082554,64.735869,-9.852161
1784109583604,113.280000,64.473780,-9.673810,4.691378,-6.161576,-3.512234,-0.565916,-13.595445,-15.766245,62.348628,-7.095242
1784109583624,113.300000,67.277920,29.797262,5.318764,-9.122021,38.919283,-2.735228,-14.351688,-16.516890,53.484199,-2.743735
1784109583644,113.320000,37.092422,11.249734,5.867883,-8.029997,19.279731,0.788838,-15.173455,-17.334245,39.218489,1.726871
1784109583664,113.340000,40.971363,34.574062,6.342422,-8.939087,43.513149,6.851032,-16.059836,-18.217403,21.180747,4.780283
1784109583684,113.360000,0.670741,7.008119,6.746290,-7.624101,14.632219,9.277229,-17.009258,-19.164783,1.373754,5.135846
1784109583704,113.380000,2.999372,35.252773,7.083485,-9.164165,44.416938,7.677621,-18.019475,-20.174128,-17.748051,2.011534
1784109583724,113.400000,-43.271763,15.742257,7.357963,-7.912145,23.654402,5.959911,-19.087568,-21.242501,-33.432330,-4.733205
1784109583744,113.420000,-22.112486,31.156614,7.573512,-8.742262,39.898876,4.725976,-20.209947,-22.366300,-43.179622,-14.594071
1784109583764,113.440000,-53.242107,11.418209,7.733666,-8.076393,19.494602,2.314721,-21.382359,-23.541259,-45.246552,-26.521970
1784109583784,113.460000,-32.811554,35.565610,7.841661,-9.392177,44.957787,0.249967,-22.599901,-24.762473,-38.919621,-39.065440
1784109583804,113.480000,-44.677720,-5.518471,7.900434,-8.312722,2.794251,-2.624143,-23.857039,-26.024412,-25.038657,-50.559856
1784109583824,113.500000,8.413912,21.047035,7.912662,-11.214873,32.261908,-8.141058,-25.147631,-27.320949,-6.439318,-59.360030
1784109583844,113.520000,-1.297336,-18.441177,7.880851,-11.187152,-7.254025,-14.074610,-26.464951,-28.645386,12.760723,-64.054620
1784109583864,113.540000,37.862270,6.901146,7.807464,-14.770691,21.671836,-18.790183,-27.801726,-29.990489,28.787805,-63.637390
1784109583884,113.560000,10.990227,-13.481018,7.695019,-15.364804,1.883786,-19.705504,-29.150166,-31.348521,39.365618,-57.697210
1784109583904,113.580000,47.621320,16.240526,7.546143,-17.672707,33.913233,-15.242277,-30.502012,-32.711286,43.846971,-46.631626
1784109583924,113.600000,9.727678,-9.519318,7.363584,-16.743188,7.223870,-8.678122,-31.848576,-34.070164,42.922131,-31.730331
1784109583944,113.620000,29.819487,10.696130,7.150193,-18.255808,28.951938,-4.660211,-33.180792,-35.416168,38.288062,-14.987430
1784109583964,113.640000,-3.281594,-22.866528,6.908878,-17.480157,-5.386371,-5.537962,-34.489267,-36.739981,32.157274,1.312045
1784109583984,113.660000,6.074233,-24.225023,6.642540,-19.866769,-4.358254,-12.602993,-35.764343,-38.032019,26.697399,15.066049
1784109584004,113.680000,-13.189173,-76.053215,6.354006,-21.897564,-54.155651,-26.593534,-36.996150,-39.282477,23.570375,24.749344
1784109584024,113.700000,1.242523,-74.903350,6.045983,-28.582559,-46.320791,-43.719974,-38.174673,-40.481388,23.753439,29.661520
1784109584044,113.720000,-34.355630,-96.626070,5.721024,-34.203602,-62.422468,-54.678885,-39.289818,-41.618685,27.448875,29.982239
1784109584064,113.740000,-4.364513,-63.724410,5.381499,-41.174078,-22.550332,-51.119710,-40.331475,-42.684258,33.434968,26.609299
1784109584084,113.760000,-15.458385,-87.825180,5.029581,-43.904514,-43.920666,-35.514525,-41.289590,-43.668015,38.478273,20.863260
1784109584104,113.780000,6.969091,-47.052532,4.667269,-48.541917,1.489385,-16.230036,-42.154234,-44.559948,38.229343,14.205045
1784109584124,113.800000,-20.119139,-65.268974,4.296430,-48.389871,-16.879103,2.047775,-42.915670,-45.350192,29.402409,8.017779
1784109584144,113.820000,-31.704206,-40.711708,3.918806,-49.858066,9.146358,15.230048,-43.564428,-46.029095,11.681214,3.367400
1784109584164,113.840000,-77.773964,-70.492325,3.535953,-48.511109,-21.981216,20.053599,-44.091365,-46.587275,-11.900238,0.699863
1784109584184,113.860000,-92.731210,-38.164490,3.149120,-50.092113,11.927623,19.245463,-44.487742,-47.015689,-36.203806,-0.363388
1784109584204,113.880000,-128.336580,-68.912520,2.759122,-48.105129,-20.807391,17.475771,-44.745281,-47.305688,-55.928768,-0.907627
1784109584224,113.900000,-119.722690,-30.667980,2.366223,-49.223332,18.555352,17.112643,-44.856229,-47.449085,-67.159993,-2.244530
1784109584244,113.920000,-147.873250,-52.415165,1.970097,-46.266252,-6.148913,19.616135,-44.813418,-47.438209,-68.104594,-5.280281
1784109584264,113.940000,-123.880370,-19.802654,1.569827,-45.641735,25.839081,23.569099,-44.610318,-47.265960,-59.481967,-10.060772
1784109584284,113.960000,-118.185360,-31.732206,1.163969,-41.735286,10.003080,27.509805,-44.241084,-46.925863,-44.744959,-15.695115
1784109584304,113.980000,-72.075714,-2.599241,0.750668,-39.335848,36.736606,31.026660,-43.700605,-46.412117,-29.205397,-20.610056
1784109584324,114.000000,-86.944725,-30.963830,0.327833,-34.264382,3.300552,30.998788,-42.984537,-45.613857,-17.795307,-22.981035
1784109584344,114.020000,-70.453430,6.648059,-0.106710,-32.501203,39.149262,27.310469,-42.089342,-44.727271,-13.126951,-21.262270
1784109584364,114.040000,-86.019035,-13.053961,-0.555122,-27.232846,14.178885,24.251418,-41.012309,-43.654112,-15.274585,-14.746957
1784109584384,114.060000,-80.457310,1.845728,-1.019526,-24.512481,26.358209,20.894249,-39.751578,-42.391847,-22.660907,-3.938832
1784109584404,114.080000,-104.940765,-41.119250,-1.501998,-20.691851,-20.427399,11.669471,-38.306155,-40.938801,-33.034720,9.506857
1784109584424,114.100000,-94.957070,-18.775846,-2.004586,-21.541167,2.765321,-2.441677,-36.675918,-39.294169,-44.291841,23.274054
1784109584444,114.120000,-120.257570,-37.570680,-2.529338,-20.153279,-17.417401,-12.765656,-34.861619,-37.458024,-54.939919,35.057835
1784109584464,114.140000,-101.684586,-4.610486,-3.078315,-20.810169,16.199683,-13.610082,-32.864879,-35.431330,-64.044060,43.141285
1784109584484,114.160000,-131.991230,-13.999447,-3.653600,-18.266771,4.267324,-6.268179,-30.688181,-33.215931,-70.857286,46.721424
1784109584504,114.180000,-103.858290,32.262447,-4.257294,-17.052326,49.314773,6.202498,-28.334847,-30.814547,-74.534509,45.939342
1784109584524,114.200000,-121.271870,28.713924,-4.891497,-11.624580,40.338504,20.878469,-25.809018,-28.230759,-74.003178,41.677310
1784109584544,114.220000,-97.324234,76.193030,-5.558274,-7.352003,83.545033,34.650801,-23.115625,-25.468990,-67.928908,35.250240
1784109584564,114.240000,-99.346860,47.070045,-6.259598,0.927192,46.142853,42.240601,-20.260356,-22.534475,-55.125905,28.094961
1784109584584,114.260000,-58.035686,83.284730,-6.997284,5.267658,78.017072,39.957653,-17.249613,-19.433233,-35.388609,21.522448
1784109584604,114.280000,-52.133835,64.473780,-7.772889,12.679753,51.794027,32.225926,-14.090477,-16.172029,-10.188769,16.571112
1784109584624,114.300000,9.325033,67.277920,-8.587585,17.433901,49.844019,20.957829,-10.790655,-12.758333,17.117958,13.964086
1784109584644,114.320000,30.259153,37.092422,-9.442002,22.050567,15.041855,4.161633,-7.358434,-9.200273,42.073945,14.132268
1784109584664,114.340000,70.276924,40.971363,-10.336073,23.177543,17.793820,-14.919765,-3.802629,-5.506590,61.044050,17.229324
1784109584684,114.360000,64.225210,0.670741,-11.268893,24.627950,-23.957209,-32.903660,-0.132531,-1.686587,73.014236,23.061338
1784109584704,114.380000,89.857240,2.999372,-12.238678,21.710062,-18.710690,-48.518035,3.642144,2.249926,79.844528,30.926110
1784109584724,114.400000,78.469820,-43.271763,-13.242775,19.159153,-62.430916,-61.273875,7.511310,6.292680,85.025185,39.501080
1784109584744,114.420000,108.355820,-22.112486,-14.277718,11.741634,-33.854120,-68.749005,11.464562,10.431003,91.890483,46.982574
1784109584764,114.440000,105.924900,-53.242107,-15.339287,6.902584,-60.144691,-67.284591,15.491223,14.653871,102.131974,51.526306
1784109584784,114.460000,143.275600,-32.811554,-16.422548,-1.050929,-31.760625,-58.466121,19.580395,18.949962,115.071333,51.801666
1784109584804,114.480000,145.838530,-44.677720,-17.521877,-6.418376,-38.259344,-44.764848,23.721002,23.307700,127.796393,47.388535
1784109584824,114.500000,175.957150,8.413912,-18.630967,-12.724606,21.138518,-24.106101,27.901833,27.715307,136.006701,38.844800
1784109584844,114.520000,165.021410,-1.297336,-19.742859,-12.905685,11.608348,2.290105,32.111581,32.160846,135.237183,27.434885
1784109584864,114.540000,180.712190,37.862270,-20.849988,-13.908746,51.771016,26.216222,36.338877,36.632264,122.216542,14.649609
1784109584884,114.560000,135.644070,10.990227,-21.944286,-10.460011,21.450238,39.955411,40.572325,41.117428,96.175227,1.709950
1784109584904,114.580000,119.696365,47.621320,-23.017350,-9.810398,57.431718,42.776313,44.800530,45.604167,59.500638,-10.787984
1784109584924,114.600000,59.786892,9.727678,-24.060677,-5.081159,14.808837,38.153428,49.012124,50.080301,17.202470,-22.995636
1784109584944,114.620000,41.454460,29.819487,-25.065940,-4.404155,34.223642,27.834312,53.195792,54.533676,-24.485129,-35.656948
1784109584964,114.640000,-16.311806,-3.281594,-26.025264,-1.451126,-1.830468,14.870322,57.340289,58.952190,-59.731470,-49.695750
1784109584984,114.660000,-15.181108,6.074233,-26.931461,-1.978144,8.052377,2.091392,61.434468,63.323822,-84.656547,-65.678825
1784109585004,114.680000,-37.917360,-13.189173,-27.778201,-1.330368,-11.858805,-8.094113,65.467293,67.636660,-98.312680,-83.359020
1784109585024,114.700000,-15.171151,1.242523,-28.560084,-2.590239,3.832761,-12.996757,69.427865,71.878926,-102.432932,-101.463380
1784109585044,114.720000,-34.470764,-34.355630,-29.272633,-2.116106,-32.239524,-15.677370,73.305436,76.039001,-100.183590,-117.816345
1784109585064,114.740000,4.564126,-4.364513,-29.912222,-5.259368,0.894855,-17.822134,77.089435,80.105452,-94.868381,-129.803600
1784109585084,114.760000,-18.375608,-15.458385,-30.475991,-4.950845,-10.507540,-14.784031,80.769487,84.067057,-88.994426,-135.046330
1784109585104,114.780000,14.844341,6.969091,-30.961750,-5.707092,12.676183,-6.482403,84.335438,87.912834,-83.834614,-132.044270
1784109585124,114.800000,2.287364,-20.119139,-31.367885,-3.994981,-16.124158,0.225804,87.777378,91.632069,-79.556848,-120.557460
1784109585144,114.820000,31.604984,-31.704206,-31.693279,-5.150747,-26.553459,-2.457341,91.085670,95.214341,-75.468817,-101.619865
1784109585164,114.840000,20.666680,-77.773964,-31.937229,-7.399216,-70.374748,-17.221205,94.250976,98.649558,-70.128779,-77.229580
1784109585184,114.860000,44.176800,-92.731210,-32.099370,-14.248182,-78.483028,-38.420710,97.264290,101.927961,-61.679878,-49.867023
1784109585204,114.880000,44.864870,-128.336580,-32.179614,-22.162587,-106.173993,-56.810675,100.116966,105.028637,-48.658505,-22.017561
1784109585224,114.900000,84.988050,-119.722690,-32.178074,-33.188275,-86.534415,-64.305010,102.800750,107.954377,-30.871501,4.208323
1784109585244,114.920000,86.413925,-147.873250,-32.094970,-42.537332,-105.335918,-59.330777,105.307816,110.697010,-9.771415,27.340128
1784109585264,114.940000,127.796430,-123.880370,-31.930527,-54.101208,-69.779162,-45.428611,107.630797,113.248854,11.573748,46.659344
1784109585284,114.960000,141.961700,-118.185360,-31.684862,-62.353759,-55.831601,-23.386042,109.762819,115.602743,28.853576,62.119823
1784109585304,114.980000,175.052610,-72.075714,-31.357882,-69.424815,-2.650899,6.739263,111.697534,117.752049,37.790286,74.116530
1784109585324,115.000000,158.294300,-86.944725,-30.949199,-71.288142,-15.656583,37.044613,113.429151,119.690711,36.157447,83.187920
1784109585344,115.020000,161.247070,-70.453430,-30.458111,-74.595151,4.141721,55.392208,114.952468,121.413251,25.191940,89.703180
1784109585364,115.040000,117.964920,-86.019035,-29.883667,-76.034349,-9.984686,59.198860,116.262900,122.914804,9.277745,93.585530
1784109585384,115.060000,125.374466,-80.457310,-29.224804,-79.015811,-1.441499,53.791718,117.356506,124.191130,-5.974822,94.208780
1784109585404,115.080000,94.605760,-104.940765,-28.480496,-81.248143,-23.692622,43.573042,118.230012,125.238636,-16.036419,90.621120
1784109585424,115.100000,124.900770,-94.957070,-27.649872,-85.812413,-9.144657,32.717621,118.880834,126.054390,-18.826152,82.073640
1784109585444,115.120000,112.469470,-120.257570,-26.732269,-88.980734,-31.276836,24.100877,119.307098,126.636137,-14.580722,68.604164
1784109585464,115.140000,137.995220,-101.684586,-25.727224,-94.395528,-7.289058,18.918826,119.507649,126.982308,-4.728256,51.345768
1784109585484,115.160000,129.402730,-131.991230,-24.634450,-97.381443,-34.609787,16.348859,119.482069,127.092033,9.008423,32.363003
1784109585504,115.180000,171.277330,-103.858290,-23.453793,-103.026002,-0.832288,15.330062,119.230682,126.965147,24.797762,14.103141
1784109585524,115.200000,169.024200,-121.271870,-22.185177,-105.156334,-16.115536,17.344014,118.754557,126.602195,40.904398,-1.232517
1784109585544,115.220000,194.112300,-97.324234,-20.828533,-108.626723,11.302489,21.550989,118.055509,126.004437,56.169396,-12.130066
1784109585564,115.240000,193.165850,-99.346860,-19.383740,-109.124408,9.777548,26.953480,117.136093,125.173843,70.076554,-17.958070
1784109585584,115.260000,214.807890,-58.035686,-17.850594,-109.505129,51.469443,35.488586,115.999591,124.113096,82.250616,-18.976090
1784109585604,115.280000,199.299500,-52.133835,-16.228795,-105.448425,53.314590,47.287841,114.650003,122.825579,91.774312,-16.193361
1784109585624,115.300000,223.787810,9.325033,-14.517955,-100.933552,110.258585,61.710865,113.092021,121.315369,96.518974,-11.098615
1784109585644,115.320000,220.552610,30.259153,-12.717617,-90.522143,120.781296,78.637400,111.331009,119.587219,93.274998,-5.312149
1784109585664,115.340000,204.783630,70.276924,-10.827275,-78.906341,149.183265,92.506249,109.372970,117.646545,79.349169,-0.256063
1784109585684,115.360000,171.391660,64.225210,-8.846438,-64.392035,128.617245,94.593845,107.224512,115.499398,54.416049,3.021236
1784109585704,115.380000,148.148120,89.857240,-6.774758,-51.902002,141.759242,82.653780,104.892811,113.152438,21.277139,3.796755
1784109585724,115.400000,86.670590,78.469820,-4.612215,-38.152438,116.622258,61.879269,102.385569,110.612906,-14.363141,1.511594
1784109585744,115.420000,55.672787,108.355820,-2.359326,-26.981551,135.337371,39.963921,99.710966,107.888589,-45.187652,-4.300543
1784109585764,115.440000,21.475690,105.924900,-0.017365,-14.109972,120.034872,22.952510,96.877613,104.987778,-64.698819,-13.889980
1784109585784,115.460000,27.766464,143.275600,2.411485,-2.966607,146.242207,12.996540,93.894503,101.919229,-69.504599,-27.011490
1784109585804,115.480000,24.203629,145.838530,4.924079,10.463518,135.375012,8.818398,90.770955,98.692117,-60.125469,-42.608185
1784109585824,115.500000,52.246450,175.957150,7.516369,22.435406,153.521744,6.589011,87.516565,95.315993,-40.326123,-58.656040
1784109585844,115.520000,58.291702,165.021410,10.183546,35.734579,129.286831,1.602423,84.141150,91.800729,-15.759104,-72.378700
1784109585864,115.540000,94.620960,180.712190,12.920206,46.139012,134.573178,-8.804168,80.654695,88.156472,7.486766,-80.854680
1784109585884,115.560000,92.728120,135.644070,15.720545,56.545357,79.098713,-26.954571,77.067301,84.393591,24.317167,-81.789696
1784109585904,115.580000,106.503720,119.696365,18.578518,61.006257,58.690108,-54.681316,73.389131,80.522623,31.853077,-74.157160
1784109585924,115.600000,80.044010,59.786892,21.487942,63.069738,-3.282846,-88.757808,69.630359,76.554223,29.884826,-58.519123
1784109585944,115.620000,86.883270,41.454460,24.442540,58.702486,-17.248026,-121.733680,65.801122,72.499108,20.405901,-36.963642
1784109585964,115.640000,49.246918,-16.311806,27.435922,52.711887,-69.023693,-146.989334,61.911469,68.368002,6.812226,-12.667435
1784109585984,115.660000,34.656160,-15.181108,30.461541,41.325395,-56.506503,-159.814550,57.971316,64.171589,-7.032259,10.806457
1784109586004,115.680000,0.886641,-37.917360,33.512621,30.918529,-68.835889,-155.916054,53.990403,59.920457,-18.307825,30.255129
1784109586024,115.700000,15.623368,-15.171151,36.582074,18.934729,-34.105880,-135.277358,49.978252,55.625049,-26.771326,43.430164
1784109586044,115.720000,2.014992,-34.470764,39.662483,10.094335,-44.565099,-105.037249,45.944131,51.295618,-34.621798,49.415527
1784109586064,115.740000,-3.571718,4.564126,42.746130,-0.192648,4.756774,-72.144210,41.897019,46.942177,-44.365381,48.746536
1784109586084,115.760000,-41.997463,-18.375608,45.825034,-5.783995,-12.591613,-41.030848,37.845577,42.574466,-56.683029,43.145966
1784109586104,115.780000,-36.208397,14.844341,48.890943,-13.432980,28.277321,-15.800055,33.798122,38.201909,-69.967087,34.867374
1784109586124,115.800000,-82.860650,2.287364,51.935316,-17.107590,19.394954,4.006739,29.762602,33.833584,-81.085417,25.941828
1784109586144,115.820000,-69.121320,31.604984,54.949295,-21.824241,53.429225,20.354799,25.746588,29.478194,-86.633915,17.718382
1784109586164,115.840000,-87.575580,20.666680,57.923717,-23.080628,43.747308,33.538619,21.757250,25.144050,-84.304408,10.850173
1784109586184,115.860000,-61.707930,44.176800,60.849160,-25.295186,69.471986,43.173467,17.801360,20.839047,-73.658075,5.587617
1784109586204,115.880000,-64.516396,44.864870,63.716046,-24.759476,69.624346,50.397427,13.885285,16.570660,-56.117891,2.129304
1784109586224,115.900000,-22.455450,84.988050,66.514784,-24.021016,109.009066,58.965728,10.014984,12.345935,-34.509346,0.832171
1784109586244,115.920000,-25.923706,86.413925,69.235940,-18.915055,105.328980,69.434850,6.196022,8.171492,-12.272892,2.191888
1784109586264,115.940000,8.748441,127.796430,71.870407,-13.770504,141.566934,78.872600,2.433574,4.053528,7.316934,6.630126
1784109586284,115.960000,11.193751,141.961700,74.409555,-4.394542,146.356242,86.533838,-1.267563,-0.002174,21.676209,14.217598
1784109586304,115.980000,24.546871,175.052610,76.845350,6.079496,168.973114,91.511853,-4.902951,-3.990228,29.419366,24.472921
1784109586324,116.000000,17.913303,158.294300,79.170436,19.533236,138.761064,88.188019,-8.468498,-7.905629,30.777858,36.322330
1784109586344,116.020000,13.497131,161.247070,81.378164,30.502178,130.744892,71.291376,-11.960434,-11.743736,27.558016,48.225204
1784109586364,116.040000,3.007250,117.964920,83.462577,41.142350,76.822570,41.077142,-15.375294,-15.500248,22.563618,58.416332
1784109586384,116.060000,0.427213,125.374466,85.418364,46.589008,78.785458,5.346725,-18.709897,-19.171182,18.727741,65.221670
1784109586404,116.080000,-8.686884,94.605760,87.240813,52.427411,42.178349,-24.706008,-21.961319,-22.752848,18.291260,67.401540
1784109586424,116.100000,6.881929,124.900770,88.925770,54.633478,70.267292,-41.478498,-25.126878,-26.241830,22.274191,64.438194
1784109586444,116.120000,1.790744,112.469470,90.469630,59.786416,52.683054,-43.316700,-28.204111,-29.634955,30.454984,56.679382
1784109586464,116.140000,21.261436,137.995220,91.869352,63.242141,74.753079,-36.193135,-31.190753,-32.929882,41.723282,45.276684
1784109586484,116.160000,15.609488,129.402730,93.122484,69.042761,60.359969,-27.506669,-34.084719,-36.122336,54.320222,31.914300
1784109586504,116.180000,46.088524,171.277330,94.227193,73.485831,97.791499,-18.423117,-36.884088,-39.209825,65.919056,18.409240
1784109586524,116.200000,26.690823,169.024200,95.182293,81.874922,87.149278,-7.685523,-39.587085,-42.190036,73.882240,6.320423
1784109586544,116.220000,59.024980,194.112300,95.987267,89.361667,104.750633,1.441283,-42.192074,-45.060820,75.769585,-3.321943
1784109586564,116.240000,31.429010,193.165850,96.642268,98.818033,94.347817,5.873680,-44.697543,-47.820187,70.176606,-10.129073
1784109586584,116.260000,30.632053,214.807890,97.148087,107.408683,107.399207,6.503445,-47.102097,-50.466289,57.709824,-14.337390
1784109586604,116.280000,-8.786226,199.299500,97.506078,117.509477,81.790023,3.222368,-49.404455,-52.997427,41.149338,-16.718720
1784109586624,116.300000,-24.282460,223.787810,97.718023,125.186715,98.601095,-2.984544,-51.603445,-55.412043,24.280000,-18.438116
1784109586644,116.320000,-42.940895,220.552610,97.785978,134.720058,85.832552,-7.687578,-53.698006,-57.708723,10.067450,-20.819700
1784109586664,116.340000,-37.517580,204.783630,97.712149,143.118871,61.664759,-13.547342,-55.687189,-59.886206,-0.419504,-24.971167
1784109586684,116.360000,-63.578950,171.391660,97.498815,149.192102,22.199558,-28.483106,-57.570160,-61.943390,-7.614166,-31.358139
1784109586704,116.380000,-53.801600,148.148120,97.148291,151.339391,-3.191271,-51.827689,-59.346209,-63.879337,-12.478355,-39.572590
1784109586724,116.400000,-81.321150,86.670590,96.662894,150.934006,-64.263416,-79.478552,-61.014753,-65.693291,-15.957741,-48.466183
1784109586744,116.420000,-68.820830,55.672787,96.044918,144.327129,-88.654342,-107.924457,-62.575348,-67.384682,-18.935688,-56.574390
1784109586764,116.440000,-83.959510,21.475690,95.296618,135.177079,-113.701389,-128.500756,-64.027696,-68.953146,-22.260408,-62.574757
1784109586784,116.460000,-72.606780,27.766464,94.420215,123.413204,-95.646740,-131.309410,-65.371657,-70.398532,-26.333755,-65.568010
1784109586804,116.480000,-93.159000,24.203629,93.417908,113.393107,-89.189478,-113.487436,-66.607256,-71.720915,-30.380566,-65.158460
1784109586824,116.500000,-111.329150,52.246450,92.291876,103.981939,-51.735489,-80.196161,-67.734693,-72.920609,-32.487565,-61.440853
1784109586844,116.520000,-109.061580,58.291702,91.044247,98.323354,-40.031652,-40.494156,-68.754358,-73.998178,-31.188631,-54.974964
1784109586864,116.540000,-86.849790,94.620960,89.677072,93.850525,0.770435,-2.101958,-69.666831,-74.954444,-27.134301,-46.670517
1784109586884,116.560000,-88.312400,92.728120,88.192372,93.490657,-0.762537,29.593002,-70.472898,-75.790492,-22.675751,-37.479053
1784109586904,116.580000,-80.138145,106.503720,86.592212,92.991406,13.512314,49.526416,-71.173554,-76.507681,-19.872769,-28.029474
1784109586924,116.600000,-97.399980,80.044010,84.878766,93.918939,-13.874929,54.750255,-71.770009,-77.107645,-19.103416,-18.515413
1784109586944,116.620000,-89.242180,86.883270,83.054326,92.078722,-5.195452,48.166892,-72.263695,-77.592295,-19.196529,-8.941920
1784109586964,116.640000,-108.335460,49.246918,81.121299,91.061260,-41.814342,35.627396,-72.656268,-77.963817,-18.557355,0.523141
1784109586984,116.660000,-91.355850,34.656160,79.082189,86.320376,-51.664216,19.430080,-72.949610,-78.224675,-16.449497,9.412896
1784109587004,116.680000,-96.568565,0.886641,76.939594,80.525704,-79.639062,2.113736,-73.145829,-78.377601,-13.677745,17.114580
1784109587024,116.700000,-77.773620,15.623368,74.696232,71.867678,-56.244310,-8.606413,-73.247258,-78.425589,-12.137889,23.158900
1784109587044,116.720000,-90.575160,2.014992,72.354981,65.474732,-63.459740,-6.809839,-73.256454,-78.371890,-13.482537,27.431747
1784109587064,116.740000,-83.355680,-3.571718,69.918900,58.287279,-61.858997,1.911920,-73.176189,-78.219997,-17.817613,30.169500
1784109587084,116.760000,-111.614490,-41.997463,67.391226,51.187074,-93.184537,5.786154,-73.009449,-77.973636,-23.294177,31.745584
1784109587104,116.780000,-100.445390,-36.208397,64.775337,40.911104,-77.119501,2.696571,-72.759423,-77.636749,-26.909577,32.400135
1784109587124,116.800000,-118.376816,-82.860650,62.074700,32.197997,-115.058647,-2.861728,-72.429496,-77.213479,-25.990257,32.111095
1784109587144,116.820000,-92.752230,-69.121320,59.292844,19.702793,-88.824113,-7.364065,-72.023237,-76.708156,-19.453801,30.702078
1784109587164,116.840000,-93.568790,-87.575580,56.433372,9.838562,-97.414142,-5.184538,-71.544389,-76.125275,-8.273584,28.110970
1784109587184,116.860000,-53.740770,-61.707930,53.500007,-0.841574,-60.866356,6.256403,-70.996852,-75.469479,5.095685,24.636236
1784109587204,116.880000,-68.491040,-64.516396,50.496679,-7.848898,-56.667498,24.453303,-70.384676,-74.745540,18.004994,20.989183
1784109587224,116.900000,-43.913560,-22.455450,47.427586,-14.403313,-8.052137,46.491128,-69.712038,-73.958338,28.471609,18.081894
1784109587244,116.920000,-44.163574,-25.923706,44.297232,-16.126127,-9.797579,68.278453,-68.983233,-73.112844,35.087922,16.646938
1784109587264,116.940000,-24.530819,8.748441,41.110448,-18.039509,26.787950,84.625814,-68.202655,-72.214096,36.975423,16.924652
1784109587284,116.960000,-43.643715,11.193751,37.872398,-16.372975,27.566726,94.287804,-67.374782,-71.267186,34.338601,18.595850
1784109587304,116.980000,-31.475563,24.546871,34.588564,-14.706248,39.253119,96.683216,-66.504159,-70.277237,28.831811,20.923970
1784109587324,117.000000,-58.270550,17.913303,31.264689,-11.972863,29.886166,90.693552,-65.595384,-69.120021,23.183390,22.955683
1784109587344,117.020000,-49.420340,13.497131,27.906706,-10.254788,23.751919,77.178419,-64.653088,-68.051622,20.145260,23.708368
1784109587364,117.040000,-60.354820,3.007250,24.520652,-9.209611,12.216861,58.671171,-63.681926,-66.956669,21.108727,22.373749
1784109587384,117.060000,-37.585106,0.427213,21.112615,-9.340379,9.767593,39.858603,-62.686555,-65.840223,25.194772,18.546244
1784109587404,117.080000,-36.647068,-8.686884,17.688721,-9.723310,1.036426,24.141138,-61.671623,-64.707289,29.565601,12.408732
1784109587424,117.100000,-17.259306,6.881929,14.255153,-10.950883,17.832812,14.418098,-60.641757,-63.562808,30.934112,4.768569
1784109587444,117.120000,-37.762646,1.790744,10.818167,-10.515242,12.305986,11.491410,-59.601541,-62.411642,27.396053,-3.145658
1784109587464,117.140000,-37.434654,21.261436,7.384084,-10.624594,31.886030,12.625936,-58.555511,-61.258564,19.325858,-10.109824
1784109587484,117.160000,-57.809784,15.609488,3.959225,-8.833659,24.443147,14.698044,-57.508139,-60.108252,8.865456,-15.369939
1784109587504,117.180000,-54.797203,46.088524,0.549826,-7.816711,53.905235,17.029698,-56.463817,-58.965271,-1.231632,-18.886301
1784109587524,117.200000,-82.250180,26.690823,-2.838043,-3.999613,30.690436,18.289679,-55.426848,-57.834073,-8.684563,-21.220541
1784109587544,117.220000,-62.187275,59.024980,-6.198550,-2.561083,61.586063,16.743001,-54.401432,-56.718982,-12.627208,-23.165222
1784109587564,117.240000,-67.095726,31.429010,-9.526142,1.774531,29.654479,12.593803,-53.391654,-55.624184,-13.898317,-25.328590
1784109587584,117.260000,-65.953890,30.632053,-12.815545,2.857134,27.774919,2.493114,-52.401471,-54.553722,-14.274090,-27.852194
1784109587604,117.280000,-73.926636,-8.786226,-16.061759,3.698093,-12.484319,-15.500289,-51.434697,-53.511481,-15.637395,-30.377268
1784109587624,117.300000,-59.413880,-24.282460,-19.260062,0.647755,-24.930215,-38.434585,-50.494995,-52.501179,-19.709882,-32.264670
1784109587644,117.320000,-80.788270,-42.940895,-22.406008,-3.447645,-39.493250,-58.961913,-49.585855,-51.526358,-27.628971,-32.919190
1784109587664,117.340000,-71.714750,-37.517580,-25.495439,-8.724684,-28.792896,-68.536169,-48.710588,-50.590367,-39.219082,-32.028553
1784109587684,117.360000,-103.769800,-63.578950,-28.524503,-12.706872,-50.872078,-67.892225,-47.872306,-49.696352,-52.564859,-29.650688
1784109587704,117.380000,-104.697205,-53.801600,-31.489707,-18.571300,-35.230300,-62.962295,-47.073907,-48.847242,-64.327131,-26.199198
1784109587724,117.400000,-125.100750,-81.321150,-34.387975,-22.627622,-58.693528,-57.392660,-46.318064,-48.045730,-70.912552,-22.349054
1784109587744,117.420000,-105.351010,-68.820830,-37.216694,-28.703985,-40.116845,-52.443729,-45.607200,-47.294260,-69.885037,-18.831884
1784109587764,117.440000,-107.588240,-83.959510,-39.973711,-32.697208,-51.262302,-46.286664,-44.943481,-46.595008,-60.717832,-16.141134
1784109587784,117.460000,-77.601960,-72.606780,-42.657281,-37.577391,-35.029389,-38.014714,-44.328792,-45.949864,-44.722669,-14.267212
1784109587804,117.480000,-65.635360,-93.159000,-45.265969,-40.692107,-52.466893,-29.981266,-43.764722,-45.360412,-24.548657,-12.622283
1784109587824,117.500000,-37.046783,-111.329150,-47.798530,-45.423248,-65.905902,-27.528454,-43.252549,-44.827914,-3.536461,-10.225976
1784109587844,117.520000,-18.938732,-109.061580,-50.253782,-51.420980,-57.640600,-29.525036,-42.793222,-44.353284,14.974235,-6.069271
1784109587864,117.540000,5.929120,-86.849790,-52.630490,-56.581432,-30.268358,-24.648700,-42.387347,-43.937076,28.497229,0.512509
1784109587884,117.560000,-0.809202,-88.312400,-54.927269,-59.018994,-29.293406,-9.630380,-42.035174,-43.579461,36.281369,9.585237
1784109587904,117.580000,6.154329,-80.138145,-57.142534,-61.406469,-18.731676,6.769695,-41.736580,-43.280214,39.421753,20.513237
1784109587924,117.600000,9.249418,-97.399980,-59.274514,-62.784884,-34.615096,15.933445,-41.491069,-43.038696,40.003945,32.018520
1784109587944,117.620000,9.040185,-89.242180,-61.321278,-65.870637,-23.371543,16.755459,-41.297755,-42.853845,40.220944,42.434460
1784109587964,117.640000,-2.408439,-108.335460,-63.280775,-67.926799,-40.408661,13.413297,-41.155362,-42.724161,41.734786,50.116770
1784109587984,117.660000,22.318377,-91.355850,-65.150881,-71.859551,-19.496299,10.652152,-41.062223,-42.647707,44.940370,53.860000
1784109588004,117.680000,15.425035,-96.568565,-66.929433,-73.790476,-22.778089,12.506032,-41.016281,-42.622100,48.802378,53.175236
1784109588024,117.700000,29.762180,-77.773620,-68.614231,-76.152106,-1.621514,19.032480,-41.015091,-42.644515,51.693577,48.372086
1784109588044,117.720000,15.291468,-90.575160,-70.203049,-76.404338,-14.170822,25.924074,-41.055832,-42.711691,52.310270,40.425910
1784109588064,117.740000,19.351635,-83.355680,-71.693662,-77.964404,-5.391276,28.442765,-41.135317,-42.819939,49.905237,30.641397
1784109588084,117.760000,8.756636,-111.614490,-73.083899,-78.650915,-32.963575,23.991109,-41.250011,-42.965161,44.049169,20.241163
1784109588104,117.780000,4.846466,-100.445390,-74.371696,-82.195871,-18.249519,14.818806,-41.396044,-43.142862,34.527893,10.085786
1784109588124,117.800000,-12.310405,-118.376816,-75.555163,-84.290699,-34.086117,6.964286,-41.569236,-43.348184,21.596334,0.615735
1784109588144,117.820000,-20.347347,-92.752230,-76.632651,-88.027864,-4.724366,5.161332,-41.765123,-43.575926,6.350091,-8.055173
1784109588164,117.840000,-52.021720,-93.568790,-77.602832,-88.757635,-4.811155,11.173186,-41.978978,-43.820581,-9.130159,-16.009226
1784109588184,117.860000,-57.533447,-53.740770,-78.464798,-89.407431,35.666661,23.895795,-42.205848,-44.076374,-22.243986,-23.419771
1784109588204,117.880000,-76.758150,-68.491040,-79.218141,-85.775573,17.284533,37.297194,-42.440580,-44.337425,-30.823465,-30.456457
1784109588224,117.900000,-71.325620,-43.913560,-79.863019,-83.800060,39.886500,43.656192,-42.677856,-44.597442,-33.898038,-37.163685
1784109588244,117.920000,-72.688070,-44.163574,-80.400167,-79.311972,35.148398,43.512437,-42.912225,-44.850028,-31.830964,-43.323135
1784109588264,117.940000,-62.693542,-24.530819,-80.830868,-75.060899,50.530080,41.228564,-43.138140,-45.088684,-25.833896,-48.377533
1784109588284,117.960000,-58.063920,-43.643715,-81.156887,-69.001603,25.357888,35.775587,-43.349994,-45.306866,-17.223557,-51.503223
1784109588304,117.980000,-56.034958,-31.475563,-81.380406,-65.261579,33.786016,25.457325,-43.542155,-45.498031,-6.996897,-51.841510
1784109588324,118.000000,-50.567017,-58.270550,-81.503945,-60.472996,2.202446,11.474053,-43.709001,-45.655693,3.857109,-48.804050
1784109588344,118.020000,-30.705544,-49.420340,-81.530307,-58.718320,9.297980,-3.790818,-43.844956,-45.773472,13.698896,-42.305054
1784109588364,118.040000,-25.842920,-60.354820,-81.462498,-56.129488,-4.225332,-15.774185,-43.944527,-45.845150,20.308618,-32.792820
1784109588384,118.060000,-23.306087,-37.585106,-81.303648,-54.811047,17.225941,-20.101532,-44.002335,-45.864717,21.873340,-21.097038
1784109588404,118.080000,-39.832165,-36.647068,-81.056957,-51.250468,14.603400,-16.318191,-44.013153,-45.826422,17.799480,-8.251624
1784109588424,118.100000,-33.656100,-17.259306,-80.725693,-47.886160,30.626854,-8.372023,-43.971933,-45.724821,8.715796,4.587044
1784109588444,118.120000,-63.235900,-37.762646,-80.313218,-42.860094,5.097448,-3.732522,-43.873844,-45.554821,-3.813601,16.184520
1784109588464,118.140000,-65.406810,-37.434654,-79.823032,-40.390258,2.955604,-8.014040,-43.714294,-45.311717,-17.565858,25.350570
1784109588484,118.160000,-88.393150,-57.809784,-79.258831,-38.165112,-19.644672,-19.300475,-43.488964,-44.991232,-30.130872,31.142340
1784109588504,118.180000,-93.665500,-54.797203,-78.624561,-38.275139,-16.522064,-31.167006,-43.193830,-44.589547,-39.485789,33.058758
1784109588524,118.200000,-103.158430,-82.250180,-77.924459,-38.161225,-44.088955,-40.386957,-42.825186,-44.103330,-44.522964,31.154982
1784109588544,118.220000,-99.054794,-62.187275,-77.163069,-40.926935,-21.260340,-44.826945,-42.379667,-43.529751,-45.379734,26.059671
1784109588564,118.240000,-95.701096,-67.095726,-76.345220,-41.524764,-25.570962,-40.716693,-41.854265,-42.866505,-43.285329,18.892618
1784109588584,118.260000,-74.436160,-65.953890,-75.475969,-42.680057,-23.273833,-31.519782,-41.246343,-42.111816,-39.701090,11.095425
1784109588604,118.280000,-85.108740,-73.926636,-74.560518,-43.737124,-30.189512,-24.400069,-40.553650,-41.264443,-34.963367,4.195355
1784109588624,118.300000,-86.568770,-59.413880,-73.604133,-45.623532,-13.790348,-19.174954,-39.774328,-40.323677,-27.752451,-0.502413
1784109588644,118.320000,-75.893830,-80.788270,-72.612104,-46.004931,-34.783339,-14.974481,-38.906920,-39.289335,-16.456485,-2.243801
1784109588664,118.340000,-53.357746,-71.714750,-71.589704,-48.624317,-23.090433,-13.486023,-37.950369,-38.161746,-1.185523,-0.996377
1784109588684,118.360000,-33.572617,-103.769800,-70.542104,-50.208330,-53.561470,-15.425815,-36.904023,-36.941733,15.510159,2.701111
1784109588704,118.380000,-5.493493,-104.697205,-69.474254,-54.966725,-49.730480,-20.961278,-35.767634,-35.630593,29.575216,8.126941
1784109588724,118.400000,1.558562,-125.100750,-68.390758,-59.458714,-65.642036,-26.768659,-34.541349,-34.230075,37.329760,14.699040
1784109588744,118.420000,7.225571,-105.351010,-67.295773,-65.642936,-39.708074,-26.670886,-33.225706,-32.742344,37.313778,22.003143
1784109588764,118.440000,-22.170067,-107.588240,-66.192984,-69.329117,-38.259123,-17.239919,-31.821628,-31.169958,30.893512,29.559723
1784109588784,118.460000,-11.980139,-77.601960,-65.085644,-72.955934,-4.646026,-0.257626,-30.330410,-29.515833,21.097073,36.552166
1784109588804,118.480000,-30.199604,-65.635360,-63.976659,-73.313981,7.678621,20.579517,-28.753709,-27.783206,10.842511,41.780320
1784109588824,118.500000,-33.486267,-37.046783,-62.868660,-72.534509,35.487726,41.061351,-27.093531,-25.975607,1.920528,43.952496
1784109588844,118.520000,-38.247395,-18.938732,-61.764066,-69.084362,50.145630,58.061224,-25.352216,-24.096814,-5.360110,42.155773
1784109588864,118.540000,-20.914328,5.929120,-60.665130,-64.289667,70.218788,70.434374,-23.532423,-22.150826,-11.866183,36.225346
1784109588884,118.560000,-33.350792,-0.809202,-59.573943,-57.626238,56.817035,74.769352,-21.637116,-20.141822,-18.214499,26.847687
1784109588904,118.580000,-45.821655,6.154329,-58.492440,-52.431587,58.585916,68.180270,-19.669542,-18.074129,-23.351385,15.372455
1784109588924,118.600000,-50.065475,9.249418,-57.422427,-47.188374,56.437792,55.202559,-17.633215,-15.952184,-24.940002,3.385447
1784109588944,118.620000,-40.630577,9.040185,-56.365631,-42.282246,51.322431,41.861956,-15.531899,-13.780506,-21.209776,-7.767956
1784109588964,118.640000,-20.022750,-2.408439,-55.323707,-37.998146,35.589707,28.263080,-13.369583,-11.563666,-12.294638,-17.216352
1784109588984,118.660000,-11.818840,22.318377,-54.298195,-35.371015,57.689392,17.049372,-11.150467,-9.306252,-0.128947,-24.447144
1784109589004,118.680000,13.809851,15.425035,-53.290437,-30.632019,46.057054,12.166205,-8.878937,-7.012847,12.442378,-29.067670
1784109589024,118.700000,21.734913,29.762180,-52.301503,-27.128646,56.890826,10.557917,-6.559544,-4.688004,22.628416,-30.726389
1784109589044,118.720000,26.962542,15.291468,-51.332120,-22.615469,37.906937,7.267663,-4.196987,-2.336225,28.447208,-29.250488
1784109589064,118.740000,34.946210,19.351635,-50.382643,-20.036264,39.387899,-0.031015,-1.796090,0.038060,28.978543,-24.857498
1784109589084,118.760000,28.184511,8.756636,-49.453051,-17.333297,26.089933,-9.671188,0.638217,2.430508,24.267857,-18.270910
1784109589104,118.780000,35.583460,4.846466,-48.542974,-15.953012,20.799478,-19.246532,3.100918,4.836875,15.353911,-10.652086
1784109589124,118.800000,7.263092,-12.310405,-47.651738,-15.075189,2.764784,-28.725240,5.586928,7.253031,4.367986,-3.370720
1784109589144,118.820000,16.400488,-20.347347,-46.778438,-15.936583,-4.410764,-38.120766,8.091111,9.674960,-5.806553,2.275605
1784109589164,118.840000,0.758466,-52.021720,-45.922018,-17.431007,-34.590713,-48.310921,10.608299,12.098777,-12.295361,5.301229
1784109589184,118.860000,5.114178,-57.533447,-45.081343,-21.803305,-35.730142,-58.834069,13.133303,14.520719,-12.947825,5.214318
1784109589204,118.880000,4.760042,-76.758150,-44.255238,-26.141037,-50.617113,-65.650689,15.660933,16.937158,-7.083686,2.125193
1784109589224,118.900000,26.555511,-71.325620,-43.442513,-31.789578,-39.536042,-65.443542,18.186006,19.344589,3.795827,-3.255128
1784109589244,118.920000,51.842968,-72.688070,-42.641924,-36.167308,-36.520762,-57.153455,20.703365,21.739635,16.208740,-9.728822
1784109589264,118.940000,64.425140,-62.693542,-41.852106,-40.083990,-22.609552,-42.739857,23.207886,24.119040,26.291178,-15.806310
1784109589284,118.960000,59.142464,-58.063920,-41.071490,-42.472892,-15.591028,-26.144946,25.694488,26.479664,31.676126,-20.003160
1784109589304,118.980000,64.369890,-56.034958,-40.298273,-44.034613,-12.000345,-11.520254,28.158146,28.818474,32.013519,-21.260290
1784109589324,119.000000,55.795400,-50.567017,-39.530447,-45.116871,-5.450146,-1.230381,30.593896,31.132536,28.149175,-19.339449
1784109589344,119.020000,62.362410,-30.705544,-38.765841,-45.433105,14.727561,7.754691,32.996841,33.419010,21.223917,-14.932887
1784109589364,119.040000,43.614594,-25.842920,-38.002175,-43.653565,17.810645,17.963605,35.362162,35.675134,12.347598,-9.382585
1784109589384,119.060000,49.084305,-23.306087,-37.237115,-41.489166,18.183079,25.736998,37.685118,37.898216,2.610717,-4.187260
1784109589404,119.080000,31.906197,-39.832165,-36.468340,-39.207095,-0.625070,25.579436,39.961051,40.085623,-6.833119,-0.566228
1784109589424,119.100000,22.325539,-33.656100,-35.693605,-38.686392,5.030292,18.218612,42.185392,42.234767,-14.809750,0.776529
1784109589444,119.120000,26.857147,-63.235900,-34.910807,-37.487462,-25.748438,7.520461,44.353663,44.343092,-20.491205,-0.306779
1784109589464,119.140000,21.407055,-65.406810,-34.118031,-39.193586,-26.213224,-5.035637,46.461476,46.408330,-23.617178,-3.475502
1784109589484,119.160000,19.280340,-88.393150,-33.313570,-40.771296,-47.621854,-16.658702,48.504542,48.428282,-24.279790,-8.011142
1784109589504,119.180000,30.298016,-93.665500,-32.495929,-44.274757,-49.390743,-25.164151,50.478669,50.400320,-22.745784,-12.963181
1784109589524,119.200000,33.453083,-103.158430,-31.663812,-47.738642,-55.419788,-29.205842,52.379765,52.321790,-19.257252,-17.327383
1784109589544,119.220000,33.111927,-99.054794,-30.816098,-51.581030,-47.473764,-27.376053,54.203845,54.189994,-13.720057,-20.227945
1784109589564,119.240000,39.666946,-95.701096,-29.951806,-54.425077,-41.276019,-19.858868,55.947027,56.002187,-5.947277,-21.069727
1784109589584,119.260000,53.700386,-74.436160,-29.070078,-56.464272,-17.971888,-6.944260,57.605544,57.755561,3.536132,-19.632902
1784109589604,119.280000,67.215560,-85.108740,-28.170140,-56.041647,-29.067093,7.125870,59.175742,59.447237,13.094893,-16.063970
1784109589624,119.300000,76.063120,-86.568770,-27.251239,-56.582810,-29.985960,14.349984,60.654089,61.074257,20.442632,-10.749573
1784109589644,119.320000,83.791370,-75.893830,-26.312595,-57.076146,-18.817684,15.471095,62.037174,62.633578,23.523054,-4.168333
1784109589664,119.340000,77.882820,-53.357746,-25.353360,-56.343621,2.985875,19.498704,63.321721,64.122064,21.279886,3.159765
1784109589684,119.360000,72.721100,-33.572617,-24.372627,-53.374967,19.802350,30.443317,64.504588,65.536480,13.979286,10.620144
1784109589704,119.380000,60.957603,-5.493493,-23.369463,-48.712542,43.219049,45.475861,65.582778,66.873495,3.009776,17.447426
1784109589724,119.400000,48.760242,1.558562,-22.342973,-41.755645,43.314208,58.285662,66.553443,68.129673,-9.604624,22.764742
1784109589744,119.420000,36.483063,7.225571,-21.292376,-34.845817,42.071388,61.986123,67.413895,69.301479,-21.767341,25.738370
1784109589764,119.440000,29.276627,-22.170067,-20.217078,-28.123605,5.953538,51.644943,68.161611,70.385279,-31.820990,25.791712
1784109589784,119.460000,25.835989,-11.980139,-19.116729,-25.001421,13.021282,30.779086,68.794248,71.377347,-38.784044,22.793160
1784109589804,119.480000,26.920033,-30.199604,-17.991256,-21.185534,-9.014070,10.378806,69.309646,72.273868,-42.156521,17.150150
1784109589824,119.500000,25.242374,-33.486267,-16.840864,-19.539587,-13.946680,-5.042980,69.705842,73.070956,-41.481941,9.771283
1784109589844,119.520000,23.830307,-38.247395,-15.666024,-18.346543,-19.900852,-15.384590,69.981085,73.764659,-36.237376,1.884869
1784109589864,119.540000,42.610733,-20.914328,-14.467450,-17.697365,-3.216963,-18.030410,70.133841,74.350983,-26.330674,-5.235289
1784109589884,119.560000,51.010820,-33.350792,-13.246049,-15.376862,-17.973930,-14.709782,70.162814,74.825912,-12.619863,-10.516272
1784109589904,119.580000,73.801330,-45.821655,-12.002848,-14.490889,-31.330766,-14.201831,70.066951,75.185431,3.080874,-13.210834
1784109589924,119.600000,89.733660,-50.065475,-10.738897,-14.860666,-35.204809,-19.726513,69.845461,75.425557,18.409926,-12.915343
1784109589944,119.620000,94.919975,-40.630577,-9.455174,-15.523524,-25.107053,-24.069211,69.497829,75.542375,30.982258,-9.570034
1784109589964,119.640000,108.107210,-20.022750,-8.152514,-15.110095,-4.912655,-19.549999,69.023822,75.532072,38.640900,-3.497967
1784109589984,119.660000,119.715320,-11.818840,-6.831569,-12.673976,0.855136,-6.760104,68.423510,75.390983,39.656727,4.567588
1784109590004,119.680000,103.685430,13.809851,-5.492780,-9.677501,23.487352,8.363197,67.697273,75.115630,33.450698,13.546432
1784109590024,119.700000,99.715150,21.734913,-4.136394,-4.515827,26.250740,21.615795,66.845812,74.702775,21.290878,22.157850
1784109590044,119.720000,76.285220,26.962542,-2.762525,0.808280,26.154262,28.624453,65.870161,74.149466,6.186439,29.083140
1784109590064,119.740000,49.092827,34.946210,-1.371259,6.002660,28.943550,28.209647,64.771693,73.453089,-8.091905,33.108883
1784109590084,119.760000,47.074486,28.184511,0.037226,11.337958,16.846553,22.615478,63.552131,72.611421,-18.712869,33.285954
1784109590104,119.780000,54.816425,35.583460,1.462559,15.368137,20.215323,14.264798,62.213547,71.622680,-24.991227,29.159842
1784109590124,119.800000,49.724205,7.263092,2.904146,19.620624,-12.357532,3.468424,60.758374,70.485578,-27.697830,21.032084
1784109590144,119.820000,45.036750,16.400488,4.361182,20.639752,-4.239264,-9.490486,59.189404,69.199374,-27.402373,10.068855
1784109590164,119.840000,45.547360,0.758466,5.832667,22.459954,-21.701488,-19.895237,57.509792,67.763916,-23.770806,-1.930810
1784109590184,119.860000,46.682370,5.114178,7.317404,22.604262,-17.490084,-25.608687,55.723054,66.179696,-16.114909,-13.056796
1784109590204,119.880000,56.824684,4.760042,8.814022,23.224015,-18.463973,-26.565567,53.833066,64.447888,-4.407158,-21.794660
1784109590224,119.900000,65.771630,26.555511,10.321014,23.807783,2.747728,-21.092869,51.844061,62.570389,9.853855,-27.258148
1784109590244,119.920000,82.389210,51.842968,11.836801,26.480178,25.362790,-7.620414,49.760621,60.549856,23.329964,-29.149094
1784109590264,119.940000,103.563610,64.425140,13.359805,31.286615,33.138525,10.120151,47.587670,58.389732,31.560602,-27.593582
1784109590284,119.960000,105.539410,59.142464,14.888541,36.720691,22.421773,21.592159,45.330469,56.094270,31.006640,-22.984230
1784109590304,119.980000,81.715790,64.369890,16.421672,40.986103,23.383787,21.455196,42.994597,53.668549,21.408926,-15.927548
1784109590324,120.000000,56.857254,55.795400,17.957994,45.262671,10.532729,13.522030,40.585940,51.221709,6.415897,-7.342778
1784109590344,120.020000,34.920070,62.362410,19.496327,48.213919,14.148491,3.827629,38.110674,48.548803,-8.167738,1.402868
1784109590364,120.040000,17.946720,43.614594,21.035381,51.492253,-7.877659,-5.047869,35.575250,45.764769,-17.147430,8.574798
1784109590384,120.060000,28.616016,49.084305,22.573658,52.547316,-3.463011,-13.199423,32.986365,42.878014,-18.051270,12.513844
1784109590404,120.080000,21.611816,31.906197,24.109409,54.017225,-22.111028,-19.892454,30.350947,39.897720,-11.680751,12.275230
1784109590424,120.100000,39.635868,22.325539,25.640661,53.549007,-31.223468,-26.392731,27.676126,36.833802,-1.338655,8.079501
1784109590444,120.120000,50.291733,26.857147,27.165272,52.042969,-25.185822,-31.180125,24.969209,33.696858,8.612487,1.299628
1784109590464,120.140000,53.816580,21.407055,28.681019,51.006749,-29.599694,-30.652447,22.237647,30.498101,14.648459,-5.997661
1784109590484,120.160000,51.597076,19.280340,30.185668,49.352824,-30.072484,-26.858189,19.489014,27.249289,15.835214,-11.734210
1784109590504,120.180000,29.734304,30.298016,31.677008,47.452362,-17.154346,-21.004754,16.730963,23.962641,14.333089,-14.470012
1784109590524,120.200000,11.565248,33.453083,33.152824,46.696220,-13.243137,-12.221249,13.971205,20.650752,13.940711,-13.827854
1784109590544,120.220000,24.980497,33.111927,34.610841,46.195682,-13.083755,-3.491204,11.217462,17.326489,17.315577,-10.539844
1784109590564,120.240000,38.453663,39.666946,36.048693,45.570426,-5.903480,2.600910,8.477443,14.002891,24.248949,-6.028619
1784109590584,120.260000,36.169220,53.700386,37.463967,45.558469,8.141917,8.466053,5.758797,10.693059,32.420315,-1.684836
1784109590604,120.280000,43.256187,67.215560,38.854269,46.920624,20.294936,16.769267,3.069082,7.410044,39.159233,1.731474
1784109590624,120.300000,35.489105,76.063120,40.217268,49.529875,26.533245,25.856541,0.415725,4.166731,42.517624,4.202376
1784109590644,120.320000,35.572330,83.791370,41.550709,52.823045,30.968325,32.106623,-2.194019,0.975723,41.605701,6.111195
1784109590664,120.340000,21.550331,77.882820,42.852416,56.636683,21.246137,32.543953,-4.753102,-2.150773,36.617358,7.802051
1784109590684,120.360000,8.156845,72.721100,44.120262,59.500674,13.220426,25.884501,-7.254724,-5.201057,28.626097,9.325349
1784109590704,120.380000,-4.923985,60.957603,45.352125,61.541294,-0.583691,14.053939,-9.692370,-8.164046,19.096434,10.411622
1784109590724,120.400000,-14.670060,48.760242,46.545833,62.113661,-13.353419,0.192045,-12.059846,-11.029371,9.375226,10.605449
1784109590744,120.420000,-36.328465,36.483063,47.699117,61.263707,-24.780644,-12.967156,-14.351314,-13.787471,0.434091,9.477141
1784109590764,120.440000,-42.077747,29.276627,48.809560,59.078601,-29.801974,-22.785716,-16.561328,-16.429677,-7.374613,6.815201
1784109590784,120.460000,-44.538100,25.835989,49.874571,56.181928,-30.345939,-27.275791,-18.684863,-18.948280,-14.432782,2.731978
1784109590804,120.480000,-55.207195,26.920033,50.891369,53.023551,-26.103518,-25.922185,-20.717345,-21.336588,-21.265811,-2.322686
1784109590824,120.500000,-70.038040,25.242374,51.857001,50.102126,-24.859752,-20.460247,-22.654676,-23.588973,-27.675961,-7.636934
1784109590844,120.520000,-82.516040,23.830307,52.768335,47.125874,-23.295567,-14.078319,-24.493255,-25.700897,-32.725224,-12.418228
1784109590864,120.540000,-89.040830,42.610733,53.622050,44.135930,-1.525197,-6.381673,-26.229998,-27.668926,-35.682527,-16.033610
1784109590884,120.560000,-82.068360,51.010820,54.414633,43.226617,7.784203,4.964353,-27.862355,-29.490726,-36.916781,-18.156763
1784109590904,120.580000,-84.060500,73.801330,55.142418,43.179583,30.621747,18.813047,-29.388313,-31.165050,-37.772424,-18.713158
1784109590924,120.600000,-86.148964,89.733660,55.801647,45.411197,44.322463,32.999023,-30.806406,-32.691705,-39.583502,-17.713524
1784109590944,120.620000,-98.302750,94.919975,56.388523,49.036967,45.883008,43.435727,-32.115716,-34.071504,-42.890937,-15.172908
1784109590964,120.640000,-93.938570,108.107210,56.899240,52.833902,55.273308,46.930298,-33.315868,-35.306211,-47.414617,-11.189816
1784109590984,120.660000,-106.844040,119.715320,57.330008,57.593191,62.122129,46.081066,-34.407019,-36.398473,-52.324309,-6.066042
1784109591004,120.680000,-102.697950,103.685430,57.677076,63.057635,40.627795,40.721658,-35.389848,-37.351743,-56.401298,-0.315350
1784109591024,120.700000,-108.721790,99.715150,57.936755,66.322871,33.392279,27.963926,-36.265533,-38.170191,-58.169968,5.459491
1784109591044,120.720000,-105.837140,76.285220,58.105450,68.781017,7.504203,9.628290,-37.035734,-38.858616,-56.133140,10.729510
1784109591064,120.740000,-99.743530,49.092827,58.179697,68.498667,-19.405840,-12.329593,-37.702559,-39.422356,-49.222411,15.157436
1784109591084,120.760000,-86.248750,47.074486,58.156218,65.313135,-18.238649,-32.768773,-38.268538,-39.867184,-37.356569,18.652998
1784109591104,120.780000,-69.530624,54.816425,58.031993,62.029687,-7.213262,-41.452450,-38.736585,-40.199219,-21.776183,21.378458
1784109591124,120.800000,-44.217964,49.724205,57.804363,59.647676,-9.923471,-37.049573,-39.109961,-40.424831,-4.906969,23.711206
1784109591144,120.820000,-26.623676,45.036750,57.471139,56.784585,-11.747835,-28.712678,-39.392234,-40.550550,10.370466,26.156850
1784109591164,120.840000,-11.937064,45.547360,57.030718,53.523902,-7.976542,-22.474999,-39.587237,-40.582984,21.790752,29.199606
1784109591184,120.860000,-16.601059,46.682370,56.482162,50.429620,-3.747250,-17.640443,-39.699019,-40.528742,28.347353,33.095737
1784109591204,120.880000,-4.391996,56.824684,55.825223,47.553879,9.270805,-11.575788,-39.731806,-40.396375,29.996004,37.669735
1784109591224,120.900000,-3.096363,65.771630,55.060339,45.791713,19.979917,-2.653324,-39.689950,-40.189950,27.057974,42.241710
1784109591244,120.920000,-0.740788,82.389210,54.188610,44.925154,37.464056,8.705197,-39.577889,-39.915701,20.326441,45.786266
1784109591264,120.940000,-22.497538,103.563610,53.211759,45.648616,57.914994,21.890738,-39.400098,-39.579619,11.561031,47.249584
1784109591284,120.960000,-18.326569,105.539410,52.132061,48.273892,57.265518,33.600559,-39.161047,-39.187420,3.290618,45.825867
1784109591304,120.980000,-33.664710,81.715790,50.952251,50.692663,31.023127,34.732203,-38.865160,-38.744504,-2.091154,41.089138
1784109591324,121.000000,-22.703548,56.857254,49.675445,50.343626,6.513628,19.708014,-38.516776,-38.255936,-3.172290,33.045277
1784109591344,121.020000,-17.977642,34.920070,48.305081,47.411573,-12.491503,-5.035841,-38.120110,-37.726421,0.169121,22.185043
1784109591364,121.040000,-3.613661,17.946720,46.844911,42.470741,-24.524021,-27.968845,-37.679221,-37.160299,7.171883,9.505508
1784109591384,121.060000,0.340840,28.616016,45.299007,36.250899,-7.634883,-39.088761,-37.197980,-36.561531,16.946004,-3.596387
1784109591404,121.080000,10.542893,21.611816,43.671785,31.675298,-10.063482,-35.600669,-36.680046,-35.933704,28.767325,-15.594501
1784109591424,121.100000,23.571226,39.635868,41.968006,26.844294,12.791574,-23.076380,-36.128839,-35.280028,41.664563,-25.188705
1784109591444,121.120000,38.168625,50.291733,40.192796,24.305784,25.985949,-6.306131,-35.547525,-34.603352,53.905780,-31.583527
1784109591464,121.140000,54.497334,53.816580,38.351663,23.109119,30.707461,9.486241,-34.938999,-33.906171,63.095198,-34.567234
1784109591484,121.160000,58.167366,51.597076,36.450518,22.422354,29.174722,18.150126,-34.305880,-33.190645,67.008126,-34.414800
1784109591504,121.180000,59.111420,29.734304,34.495681,21.637785,8.096519,16.255287,-33.650503,-32.458614,64.670312,-31.746124
1784109591524,121.200000,41.485615,11.565248,32.493838,18.839228,-7.273980,3.953964,-32.974920,-31.711630,56.945506,-27.442343
1784109591544,121.220000,23.521458,24.980497,30.451955,14.636497,10.344000,-8.933407,-32.280909,-30.950972,46.061682,-22.614970
1784109591564,121.240000,25.008192,38.453663,28.377142,12.326136,26.127527,-9.728605,-31.569984,-30.177682,34.362436,-18.527714
1784109591584,121.260000,6.539773,36.169220,26.276538,11.714501,24.454719,-0.069930,-30.843405,-29.392587,23.510292,-16.369654
1784109591604,121.280000,9.207024,43.256187,24.157209,11.065479,32.190708,9.630827,-30.102205,-28.596340,14.683868,-16.917380
1784109591624,121.300000,-20.032732,35.489105,22.026070,11.309747,24.179358,13.866406,-29.347210,-27.789443,8.934608,-20.278511
1784109591644,121.320000,-8.544716,35.572330,19.889802,10.887710,24.684620,12.101065,-28.579068,-26.972287,6.878040,-25.890726
1784109591664,121.340000,-13.761362,21.550331,17.754792,10.648429,10.901902,6.026014,-27.798278,-26.145182,8.114679,-32.738804
1784109591684,121.360000,-6.792406,8.156845,15.627104,9.191376,-1.034531,-3.284710,-27.005225,-25.308392,11.300831,-39.604843
1784109591704,121.380000,-11.774134,-4.923985,13.512489,6.729258,-11.653243,-14.156880,-26.200216,-24.462171,14.726700,-45.262604
1784109591724,121.400000,-7.243569,-14.670060,11.416391,3.422307,-18.092367,-23.311286,-25.383516,-23.606791,16.712440,-48.661945
1784109591744,121.420000,-5.573000,-36.328465,9.343954,-0.291498,-36.036967,-30.217112,-24.555389,-22.742579,15.887233,-49.124620
1784109591764,121.440000,-21.270070,-42.077747,7.300023,-5.505156,-36.572591,-35.495492,-23.716135,-21.869942,11.591055,-46.480730
1784109591784,121.460000,-28.094015,-44.538100,5.289131,-10.469080,-34.069020,-36.418589,-22.866132,-20.989399,3.975575,-41.092440
1784109591804,121.480000,-33.543340,-55.207195,3.315460,-14.882320,-40.324875,-32.573811,-22.005875,-20.101605,-6.316747,-33.771862
1784109591824,121.500000,-54.153280,-70.038040,1.382795,-19.594448,-50.443592,-28.864380,-21.136011,-19.207373,-18.278262,-25.602140
1784109591844,121.520000,-59.409760,-82.516040,-0.505515,-24.948643,-57.567397,-28.358714,-20.257377,-18.307698,-30.443209,-17.690794
1784109591864,121.540000,-82.296700,-89.040830,-2.346611,-30.610957,-58.429873,-28.958342,-19.371039,-17.403773,-41.036376,-10.935985
1784109591884,121.560000,-87.571990,-82.068360,-4.138163,-35.946176,-46.122184,-25.700608,-18.478314,-16.497002,-48.485539,-5.888365
1784109591904,121.580000,-100.243630,-84.060500,-5.878416,-39.689696,-44.370804,-16.716522,-17.580805,-15.589015,-52.203447,-2.713716
1784109591924,121.600000,-82.244830,-86.148964,-7.566191,-42.910107,-43.238857,-6.293842,-16.680423,-14.681674,-53.067397,-1.198790
1784109591944,121.620000,-90.912834,-98.302750,-9.200858,-45.683455,-52.619295,0.091175,-15.779406,-13.777088,-52.850376,-0.769665
1784109591964,121.640000,-81.566360,-93.938570,-10.782261,-49.025938,-44.912632,2.142833,-14.880336,-12.877609,-52.899645,-0.566323
1784109591984,121.660000,-95.256294,-106.844040,-12.310664,-51.281382,-55.562658,2.716654,-13.986145,-11.985847,-53.208911,0.355312
1784109592004,121.680000,-88.957120,-102.697950,-13.786703,-54.246842,-48.451108,3.175906,-13.100124,-11.104668,-52.520091,2.716002
1784109592024,121.700000,-96.171455,-108.721790,-15.211358,-56.203231,-52.518559,4.657837,-12.225922,-10.237200,-49.238636,6.758530
1784109592044,121.720000,-81.243240,-105.837140,-16.585916,-58.270187,-47.566953,7.319452,-11.367537,-9.386841,-42.568075,12.209594
1784109592064,121.740000,-74.081280,-99.743530,-17.911919,-59.599556,-40.143974,11.452369,-10.529308,-8.557262,-33.228884,18.475843
1784109592084,121.760000,-49.690857,-86.248750,-19.191080,-60.014552,-26.234198,18.457998,-9.715896,-7.752415,-23.294071,24.946432
1784109592104,121.780000,-43.067383,-69.530624,-20.425184,-58.970165,-10.560459,28.619400,-8.932265,-6.976541,-15.110097,31.231730
1784109592124,121.800000,-37.900560,-44.217964,-21.615983,-56.395459,12.177495,41.439732,-8.183651,-6.234180,-10.003096,37.211098
1784109592144,121.820000,-35.177486,-26.623676,-22.765136,-51.702550,25.078874,54.860764,-7.475535,-5.530182,-7.725746,42.873350
1784109592164,121.840000,-26.451923,-11.937064,-23.874169,-45.930230,33.993166,64.635881,-6.813606,-4.869715,-6.719548,48.081127
1784109592184,121.860000,-33.183470,-16.601059,-24.944464,-39.497124,22.896065,65.884990,-6.203720,-4.258275,-4.667646,52.447926
1784109592204,121.880000,-24.129340,-4.391996,-25.977245,-34.375289,29.983293,58.372955,-5.651859,-3.701698,0.624756,55.407776
1784109592224,121.900000,-21.968494,-3.096363,-26.973587,-28.739560,25.643197,47.766025,-5.164086,-3.206162,9.910430,56.408245
1784109592244,121.920000,9.695613,-0.740788,-27.934399,-23.717445,22.976656,37.524970,-4.746495,-2.778188,21.481252,55.124430
1784109592264,121.940000,17.322048,-22.497538,-28.860376,-19.130044,-3.367494,25.031085,-4.405159,-2.424641,31.462061,51.635864
1784109592284,121.960000,41.301160,-18.326569,-29.751926,-17.391069,-0.935500,9.468331,-4.146084,-2.152715,35.513595,46.492966
1784109592304,121.980000,28.994476,-33.664710,-30.609113,-15.613624,-18.051086,-4.857524,-3.975150,-1.969916,31.014317,40.573498
1784109592324,122.000000,25.590942,-22.703548,-31.431648,-15.802277,-6.901271,-14.167398,-3.898062,-1.884036,18.561028,34.722424
1784109592344,122.020000,-6.579761,-17.977642,-32.218940,-15.081295,-2.896347,-15.805653,-3.920297,-1.903111,1.968877,29.333906
1784109592364,122.040000,-14.442970,-3.613661,-32.970221,-14.135102,10.521441,-10.262865,-4.047046,-2.035370,-13.315089,24.118402
1784109592384,122.060000,-29.143517,0.340840,-33.684671,-11.951510,12.292350,-2.060830,-4.283170,-2.289173,-22.549104,18.224350
1784109592404,122.080000,-15.469268,10.542893,-34.361527,-9.668909,20.211802,4.489913,-4.633145,-2.672936,-23.505850,10.700092
1784109592424,122.100000,-11.689606,23.571226,-35.000124,-6.621462,30.192688,8.933166,-5.101014,-3.195032,-16.955535,1.081901
1784109592444,122.120000,14.846170,38.168625,-35.599873,-2.546324,40.714949,13.287642,-5.690342,-3.863695,-5.892351,-10.201360
1784109592464,122.140000,21.209782,54.497334,-36.160198,2.665086,51.832248,18.249866,-6.404171,-4.685864,5.954348,-21.826212
1784109592484,122.160000,35.290676,58.167366,-36.680467,9.123201,49.044165,21.718704,-7.244981,-5.670052,15.581234,-31.981690
1784109592504,122.180000,30.735382,59.111420,-37.159934,15.435061,43.676359,19.902235,-8.214650,-6.823255,21.399419,-38.997590
1784109592524,122.200000,45.822205,41.485615,-37.597720,21.331318,20.154297,10.141290,-9.314423,-8.151777,23.080812,-41.914600
1784109592544,122.220000,35.287200,23.521458,-37.992817,24.930435,-1.408977,-7.740867,-10.544884,-9.661082,21.243443,-40.755497
1784109592564,122.240000,39.390633,25.008192,-38.344099,26.376444,-1.368252,-26.989723,-11.905928,-11.355638,17.330305,-36.423748
1784109592584,122.260000,21.151093,6.539773,-38.650366,27.843813,-21.304040,-40.285366,-13.396743,-13.238768,13.314061,-30.352966
1784109592604,122.280000,25.063885,9.207024,-38.910398,27.295330,-18.088306,-47.125314,-15.015799,-15.312495,10.945559,-24.102453
1784109592624,122.300000,21.911549,-20.032732,-39.123014,27.068055,-47.100787,-50.967186,-16.760832,-17.577405,10.941292,-19.009771
1784109592644,122.320000,30.657438,-8.544716,-39.287108,23.884557,-32.429273,-53.618875,-18.628848,-20.032521,12.827667,-15.919312
1784109592664,122.340000,16.665997,-13.761362,-39.401665,22.159706,-35.921068,-51.216667,-20.616122,-22.675185,15.428688,-15.029864
1784109592684,122.360000,37.839508,-6.792406,-39.465765,20.079509,-26.871915,-42.930042,-22.718205,-25.500968,17.403320,-15.934665
1784109592704,122.380000,19.516592,-11.774134,-39.478592,18.922395,-30.696529,-32.904865,-24.929942,-28.503596,17.841204,-17.844360
1784109592724,122.400000,23.409557,-7.243569,-39.439437,17.398338,-24.641908,-24.227059,-27.245485,-31.674910,16.876139,-19.889128
1784109592744,122.420000,5.195169,-5.573000,-39.347723,16.507984,-22.080984,-17.069367,-29.658326,-35.004843,15.651959,-21.390839
1784109592764,122.440000,14.240182,-21.270070,-39.203043,15.906244,-37.176314,-12.840462,-32.161322,-38.481440,15.641006,-22.028786
1784109592784,122.460000,6.738514,-28.094015,-39.005194,13.806964,-41.900979,-14.002858,-34.746736,-42.090901,18.096067,-21.838453
1784109592804,122.480000,6.472262,-33.543340,-38.754185,11.243587,-44.786927,-17.443631,-37.406273,-45.817660,23.880794,-21.047083
1784109592824,122.500000,-4.981127,-54.153280,-38.450242,8.399334,-62.552614,-20.741057,-40.131134,-49.644503,33.008855,-19.876417
1784109592844,122.520000,19.132166,-59.409760,-38.093818,3.772213,-63.181973,-24.250546,-42.912061,-53.552709,43.729578,-18.441307
1784109592864,122.540000,11.408734,-82.296700,-37.685573,-0.918086,-81.378614,-27.334641,-45.739394,-57.522229,52.302940,-16.728659
1784109592884,122.560000,35.513996,-87.571990,-37.226327,-7.434387,-80.137603,-29.491517,-48.603133,-61.531892,54.281020,-14.591262
1784109592904,122.580000,7.596502,-100.243630,-36.717012,-13.821016,-86.422614,-29.078532,-51.493000,-65.559639,46.806006,-11.784611
1784109592924,122.600000,-12.625779,-82.244830,-36.158668,-20.822503,-61.422327,-22.551854,-54.398503,-69.582775,30.519930,-8.141089
1784109592944,122.620000,-59.435370,-90.912834,-35.552516,-25.288707,-65.624127,-9.505887,-57.309004,-73.578245,9.532101,-3.866936
1784109592964,122.640000,-77.288480,-81.566360,-34.900100,-30.134745,-51.431615,4.554853,-60.213794,-77.522917,-10.635285,0.247495
1784109592984,122.660000,-102.114746,-95.256294,-34.203434,-33.513036,-61.743258,14.384756,-63.102160,-81.393875,-25.501720,2.954955
1784109593004,122.680000,-111.733370,-88.957120,-33.465104,-37.872936,-51.084184,18.908068,-65.963456,-85.168709,-33.050378,3.057119
1784109593024,122.700000,-117.664930,-96.171455,-32.688310,-41.116151,-55.055304,20.724241,-68.787178,-88.825804,-33.961629,0.021216
1784109593044,122.720000,-106.529940,-81.243240,-31.876855,-44.707113,-36.536127,23.593781,-71.563032,-92.344618,-30.885417,-5.658297
1784109593064,122.740000,-121.924580,-74.081280,-31.035077,-46.405255,-27.676025,30.190191,-74.281001,-95.705934,-26.972204,-12.535396
1784109593084,122.760000,-117.957150,-49.690857,-30.167777,-47.188752,-2.502105,40.915176,-76.931415,-98.892105,-24.572940,-18.672483
1784109593104,122.780000,-124.576870,-43.067383,-29.280150,-45.451234,2.383851,52.874345,-79.505012,-101.887259,-24.752370,-22.274765
1784109593124,122.800000,-126.829575,-37.900560,-28.377730,-43.243306,5.342746,60.162401,-81.992996,-104.677479,-27.137788,-22.226019
1784109593144,122.820000,-155.106020,-35.177486,-27.466338,-40.780589,5.603103,59.556611,-84.387096,-107.250954,-30.054799,-18.333412
1784109593164,122.840000,-136.135310,-26.451923,-26.552067,-38.355358,11.903435,54.121074,-86.679615,-109.598086,-31.416957,-11.261369
1784109593184,122.860000,-166.080000,-33.183470,-25.641248,-35.392671,2.209201,46.704551,-88.863479,-111.711563,-29.836692,-2.241711
1784109593204,122.880000,-130.067700,-24.129340,-24.740413,-33.506788,9.377448,38.367209,-90.932273,-113.586396,-25.187297,7.337747
1784109593224,122.900000,-153.877270,-21.968494,-23.856225,-31.043473,9.074979,31.551392,-92.880283,-115.219916,-18.472934,16.346620
1784109593244,122.920000,-130.785280,9.695613,-22.995391,-28.774986,38.470599,30.270830,-94.702521,-116.611733,-11.338979,24.164162
1784109593264,122.940000,-134.789460,17.322048,-22.164579,-23.797752,41.119800,35.545699,-96.394751,-117.763666,-5.690392,30.674810
1784109593284,122.960000,-120.964460,41.301160,-21.370339,-18.821418,60.122578,42.463651,-97.953507,-118.679636,-3.173190,36.079926
1784109593304,122.980000,-139.059510,28.994476,-20.619027,-12.271103,41.265579,44.031694,-99.376104,-119.365531,-4.448344,40.658540
1784109593324,123.000000,-134.706200,25.590942,-19.916765,-7.932774,33.523716,34.973673,-100.660645,-119.494054,-9.006348,44.559784
1784109593344,123.020000,-153.006790,-6.579761,-19.269425,-4.706714,-1.873047,14.900425,-101.806019,-119.739623,-15.714636,47.669300
1784109593364,123.040000,-146.128660,-14.442970,-18.682644,-5.312972,-9.129998,-10.717251,-102.811894,-119.783838,-23.472479,49.603900
1784109593384,123.060000,-162.814450,-29.143517,-18.161830,-6.935473,-22.208044,-32.506309,-103.678710,-119.638663,-31.434280,49.868410
1784109593404,123.080000,-165.960500,-15.469268,-17.712162,-10.137450,-5.331818,-42.508961,-104.407652,-119.317055,-38.917064,48.090130
1784109593424,123.100000,-171.086580,-11.689606,-17.338604,-11.962959,0.273353,-38.886546,-105.000634,-118.832749,-45.399858,44.185604
1784109593444,123.120000,-159.948790,14.846170,-17.045900,-13.553718,28.399888,-25.154646,-105.460265,-118.200031,-50.353888,38.407703
1784109593464,123.140000,-174.376130,21.209782,-16.838556,-12.721260,33.931042,-7.474516,-105.789818,-117.433532,-52.589313,31.311670
1784109593484,123.160000,-166.587020,35.290676,-16.720807,-11.735476,47.026152,7.102811,-105.993188,-116.548021,-49.952657,23.657293
1784109593504,123.180000,-175.280320,30.735382,-16.696601,-9.864262,40.599644,13.926689,-106.074849,-115.558210,-40.305793,16.238504
1784109593524,123.200000,-125.861330,45.822205,-16.769572,-9.032090,54.854295,14.154287,-106.039810,-114.478584,-23.145329,9.716694
1784109593544,123.220000,-119.103760,35.287200,-16.942951,-7.189092,42.476292,11.150559,-105.893560,-113.323241,-0.214871,4.601389
1784109593564,123.240000,-72.604050,39.390633,-17.219435,-6.945792,46.336425,5.838857,-105.642017,-112.105758,25.275547,1.371885
1784109593584,123.260000,-69.752720,21.151093,-17.601039,-6.662204,27.813297,-1.903684,-105.291474,-110.839077,49.626779,0.533034
1784109593604,123.280000,-26.236486,25.063885,-18.088977,-8.501899,33.565784,-10.701304,-104.848538,-109.535416,69.096217,2.455258
1784109593624,123.300000,-21.621277,21.911549,-18.683571,-10.020349,31.931898,-16.571067,-104.320079,-108.206197,80.321949,7.102974
1784109593644,123.320000,-6.018985,30.657438,-19.384189,-11.917851,42.575289,-16.839069,-103.713167,-106.862001,81.258288,13.871642
1784109593664,123.340000,-23.571238,16.665997,-20.189238,-12.951004,29.617001,-14.574894,-103.035018,-105.512543,72.149808,21.610453
1784109593684,123.360000,-30.424970,37.839508,-21.096229,-15.409833,53.249341,-11.952599,-102.292938,-104.166660,55.756561,28.762054
1784109593704,123.380000,-61.607235,19.516592,-22.101907,-15.628912,35.145504,-8.945561,-101.494270,-102.832319,36.626660,33.568690
1784109593724,123.400000,-71.902145,23.409557,-23.202421,-17.696152,41.105709,-8.724688,-100.646342,-101.516638,19.605448,34.360386
1784109593744,123.420000,-83.353130,5.195169,-24.393500,-19.154660,24.349829,-12.589255,-99.756415,-100.225911,8.158838,29.928770
1784109593764,123.440000,-80.712610,14.240182,-25.670590,-22.202072,36.442254,-17.334754,-98.831642,-98.965650,3.384086,19.909227
1784109593784,123.460000,-79.261055,6.738514,-27.028940,-23.900400,30.638914,-19.010467,-97.879016,-97.740625,4.071921,5.025173
1784109593804,123.480000,-65.694950,6.472262,-28.463640,-25.975061,32.447324,-17.906948,-96.905338,-96.554912,7.555294,-12.947598
1784109593824,123.500000,-70.424225,-4.981127,-29.969627,-27.601233,22.620106,-17.403728,-95.917170,-95.411941,10.907422,-31.542902
1784109593844,123.520000,-52.875940,19.132166,-31.541676,-29.891564,49.023730,-15.530954,-94.920809,-94.314545,12.029661,-48.190186
1784109593864,123.540000,-76.331240,11.408734,-33.174408,-29.122612,40.531346,-9.354942,-93.922247,-93.265007,10.294042,-60.821064
1784109593884,123.560000,-55.485806,35.513996,-34.862313,-28.729611,64.243607,-1.016519,-92.927150,-92.265105,6.552986,-68.301900
1784109593904,123.580000,-85.890470,7.596502,-36.599788,-25.367750,32.964252,3.938630,-91.940829,-91.316157,2.632092,-70.571330
1784109593924,123.600000,-66.874240,-12.625779,-38.381193,-24.555511,11.929732,-2.829614,-90.968219,-90.419056,0.536916,-68.473410
1784109593944,123.620000,-89.081210,-59.435370,-40.200895,-25.291832,-34.143538,-23.895946,-90.013862,-89.574305,1.474171,-63.382015
1784109593964,123.640000,-57.659110,-77.288480,-42.053312,-30.217608,-47.070872,-51.105022,-89.081892,-88.782045,5.116258,-56.754170
1784109593984,123.660000,-66.014280,-102.114746,-43.932915,-36.068890,-66.045856,-72.100838,-88.176022,-88.042086,9.757657,-49.738052
1784109594004,123.680000,-56.084900,-111.733370,-45.834211,-43.535468,-68.197902,-80.291979,-87.299540,-87.353920,13.262966,-42.946247
1784109594024,123.700000,-64.075810,-117.664930,-47.751734,-50.963156,-66.701774,-76.126229,-86.455294,-86.716738,13.835723,-36.483460
1784109594044,123.720000,-55.909927,-106.529940,-49.680053,-58.002103,-48.527837,-61.535698,-85.645700,-86.129449,10.262819,-30.196203
1784109594064,123.740000,-75.212170,-121.924580,-51.613800,-62.930288,-58.994292,-42.594933,-84.872736,-85.590681,2.146098,-23.970224
1784109594084,123.760000,-70.445660,-117.957150,-53.547706,-68.675648,-49.281502,-27.088082,-84.137943,-85.098792,-9.754053,-17.904425
1784109594104,123.780000,-105.324940,-124.576870,-55.476662,-73.203022,-51.373848,-16.244466,-83.442436,-84.651869,-23.358072,-12.323808
1784109594124,123.800000,-109.777054,-126.829575,-57.395795,-77.725565,-49.104010,-8.338456,-82.786904,-84.247736,-35.742034,-7.703766
1784109594144,123.820000,-130.798100,-155.106020,-59.300566,-81.822995,-73.283025,-5.355405,-82.171624,-83.883945,-44.369461,-4.553408
1784109594164,123.840000,-115.002720,-136.135310,-61.186840,-88.264649,-47.870661,-5.131686,-81.596467,-83.557782,-48.194411,-3.242002
1784109594184,123.860000,-131.166350,-166.080000,-63.050916,-92.015330,-74.064670,-2.882396,-81.060911,-83.266265,-47.751014,-3.780725
1784109594204,123.880000,-104.820710,-130.067700,-64.889507,-98.363158,-31.704542,3.305690,-80.564056,-83.006783,-44.414260,-5.667798
1784109594224,123.900000,-123.504120,-153.877270,-66.699703,-100.311548,-53.565722,13.908962,-80.104633,-82.774631,-39.468615,-7.935036
1784109594244,123.920000,-100.003200,-130.785280,-68.478924,-104.386367,-26.398913,24.401044,-79.681022,-82.566043,-33.528189,-9.422557
1784109594264,123.940000,-110.959595,-134.789460,-70.224873,-105.603499,-29.185961,33.138669,-79.291265,-82.377000,-26.551777,-9.147879
1784109594284,123.960000,-86.622025,-120.964460,-71.935494,-106.986776,-13.977684,40.698138,-78.933083,-82.203241,-18.164392,-6.582077
1784109594304,123.980000,-96.104600,-139.059510,-73.608923,-106.700777,-32.358733,43.744577,-78.603892,-82.040271,-8.023495,-1.729447
1784109594324,124.000000,-66.933190,-134.706200,-75.243435,-108.184561,-26.521639,40.329448,-78.300819,-81.883378,3.757307,4.970983
1784109594344,124.020000,-77.300370,-153.006790,-76.837394,-109.012985,-43.993805,32.505300,-78.020722,-81.727653,16.199071,12.829330
1784109594364,124.040000,-39.152794,-146.128660,-78.389197,-111.589119,-34.539541,24.262133,-77.760205,-81.568009,27.290164,21.089281
1784109594384,124.060000,-44.561134,-162.814450,-79.897215,-113.205177,-49.609273,18.152631,-77.515641,-81.399219,34.505623,29.077530
1784109594404,124.080000,-29.306114,-165.960500,-81.359736,-116.373385,-49.587115,13.161061,-77.283193,-81.215940,36.063802,36.287807
1784109594424,124.100000,-51.858456,-171.086580,-82.774935,-119.596285,-51.490295,9.099561,-77.058827,-81.012752,31.961697,42.351930
1784109594444,124.120000,-50.928368,-159.948790,-84.140906,-123.081961,-36.866829,9.032323,-76.838346,-80.784202,23.908837,46.902363
1784109594464,124.140000,-71.000360,-174.376130,-85.455727,-125.145906,-49.230224,12.037227,-76.617402,-80.524843,14.378015,49.442060
1784109594484,124.160000,-65.284070,-166.587020,-86.717538,-128.526825,-38.060195,14.122314,-76.391528,-80.229281,5.626625,49.378570
1784109594504,124.180000,-87.297590,-175.280320,-87.924611,-130.846684,-44.433636,14.746378,-76.156154,-79.892224,-0.801537,46.249485
1784109594524,124.200000,-69.626650,-125.861330,-89.075398,-133.878101,8.016771,20.251491,-75.906643,-79.508527,-4.196194,39.992950
1784109594544,124.220000,-92.931335,-119.103760,-90.168565,-131.614620,12.510860,35.582529,-75.638306,-79.073243,-4.597446,31.090698
1784109594564,124.240000,-75.064760,-72.604050,-91.203001,-128.845921,56.241871,55.564644,-75.346434,-78.581669,-2.749762,20.508642
1784109594584,124.260000,-84.454070,-69.752720,-92.177829,-121.555909,51.803189,72.175666,-75.026324,-78.029394,-0.197117,9.481374
1784109594604,124.280000,-60.972343,-26.236486,-93.092383,-114.577936,88.341450,81.437080,-74.673302,-77.412341,1.014666,-0.744255
1784109594624,124.300000,-80.971405,-21.621277,-93.946182,-103.745919,82.124642,84.114630,-74.282754,-76.726810,-0.701884,-9.118094
1784109594644,124.320000,-74.537704,-6.018985,-94.738902,-93.356126,87.337141,79.382745,-73.850149,-75.969514,-5.617824,-14.945168
1784109594664,124.340000,-93.721770,-23.571238,-95.470386,-82.263229,58.691991,64.446038,-73.371067,-75.137617,-12.661434,-18.019104
1784109594684,124.360000,-88.167420,-30.424970,-96.140672,-73.911132,43.486162,39.678423,-72.841223,-74.228758,-19.952880,-18.677965
1784109594704,124.380000,-109.466810,-61.607235,-96.750022,-66.985543,5.378308,8.585497,-72.256494,-73.241080,-25.401217,-17.693350
1784109594724,124.400000,-95.790825,-71.902145,-97.298953,-63.840670,-8.061475,-23.052939,-71.612945,-72.173243,-27.312652,-16.002787
1784109594744,124.420000,-101.545090,-83.353130,-97.788239,-62.029412,-21.323718,-47.629465,-70.906850,-71.024441,-24.830163,-14.399288
1784109594764,124.440000,-81.660060,-80.712610,-98.218892,-61.552603,-19.160007,-59.964160,-70.134717,-69.794408,-17.873787,-13.293780
1784109594784,124.460000,-83.371300,-79.261055,-98.592112,-60.864505,-18.396550,-60.617023,-69.293312,-68.483414,-6.779586,-12.621757
1784109594804,124.480000,-54.604020,-65.694950,-98.909216,-60.106628,-5.588322,-52.903103,-68.379682,-67.092268,7.903283,-11.922493
1784109594824,124.500000,-62.684982,-70.424225,-99.171571,-58.063482,-12.360743,-42.339197,-67.391172,-65.622298,25.231311,-10.558186
1784109594844,124.520000,-23.174162,-52.875940,-99.380514,-56.709406,3.833466,-33.112371,-66.325450,-64.075343,43.282268,-7.975821
1784109594864,124.540000,-13.124519,-76.331240,-99.537278,-53.738948,-22.592292,-28.114772,-65.180526,-62.453725,58.848892,-3.888189
1784109594884,124.560000,14.436110,-55.485806,-99.642893,-53.453291,-2.032515,-27.845920,-63.954770,-60.760224,68.345931,1.689382
1784109594904,124.580000,-7.702006,-85.890470,-99.698109,-51.142911,-34.747559,-29.865787,-62.646934,-58.998048,69.383771,8.476893
1784109594924,124.600000,4.397222,-66.874240,-99.703376,-52.175745,-14.698495,-32.697631,-61.256167,-57.170797,61.558379,15.913114
1784109594944,124.620000,-20.139814,-89.081210,-99.658887,-51.264330,-37.816880,-33.948056,-59.782034,-55.282418,46.339973,23.085940
1784109594964,124.640000,-30.173506,-57.659110,-99.564663,-52.749742,-4.909368,-30.776442,-58.224532,-53.337164,26.844347,28.766212
1784109594984,124.660000,-75.064100,-66.014280,-99.420662,-51.007060,-15.007220,-21.730734,-56.584107,-51.339544,7.212881,31.629435
1784109595004,124.680000,-68.897170,-56.084900,-99.226926,-50.345929,-5.738971,-11.527823,-54.861666,-49.294270,-8.937422,30.572174
1784109595024,124.700000,-95.118630,-64.075810,-98.983711,-48.822735,-15.253075,-5.652261,-53.058593,-47.206206,-20.065788,25.015420
1784109595044,124.720000,-75.784040,-55.909927,-98.691567,-48.317952,-7.591975,-3.733889,-51.176754,-45.080307,-27.001922,15.157146
1784109595064,124.740000,-95.308370,-75.212170,-98.351352,-47.104321,-28.107849,-5.094508,-49.218510,-42.921567,-31.943464,2.096921
1784109595084,124.760000,-73.546300,-70.445660,-97.964227,-48.001705,-22.443955,-9.158165,-47.186723,-40.734963,-36.846191,-12.302184
1784109595104,124.780000,-106.643160,-105.324940,-97.531624,-48.380342,-56.944598,-15.853446,-45.084753,-38.525406,-42.028213,-25.848677
1784109595124,124.800000,-96.631290,-109.777054,-97.055240,-52.258420,-57.518634,-25.587045,-42.916467,-36.297688,-45.935699,-36.608295
1784109595144,124.820000,-110.612564,-130.798100,-96.537047,-56.230877,-74.567223,-34.538031,-40.686226,-34.056446,-46.293140,-43.392258
1784109595164,124.840000,-88.000946,-115.002720,-95.979287,-61.937142,-53.065578,-36.361343,-38.398884,-31.806124,-41.554944,-45.925182
1784109595184,124.860000,-89.939705,-131.166350,-95.384432,-65.506817,-65.659533,-29.664849,-36.059777,-29.550946,-31.644104,-44.636993
1784109595204,124.880000,-59.957817,-104.820710,-94.755114,-70.342946,-34.477764,-17.422425,-33.674706,-27.294902,-17.986963,-40.250670
1784109595224,124.900000,-55.010315,-123.504120,-94.094022,-72.059061,-51.445059,-3.725655,-31.249922,-25.041739,-3.152513,-33.435772
1784109595244,124.920000,-24.638294,-100.003200,-93.403799,-75.468475,-24.534725,7.426406,-28.792102,-22.794964,9.793494,-24.682760
1784109595264,124.940000,-24.795193,-110.959595,-92.686936,-76.183330,-34.776265,15.795356,-26.308330,-20.557860,18.153229,-14.372241
1784109595284,124.960000,-3.996763,-86.622025,-91.945695,-77.921647,-8.700378,22.919504,-23.806062,-18.333510,20.515655,-2.932938
1784109595304,124.980000,-27.840015,-96.104600,-91.182055,-77.060006,-19.044594,29.182382,-21.293101,-16.124836,17.331722,9.004199
1784109595324,125.000000,-13.092237,-66.933190,-90.397719,-77.247694,10.314504,34.950410,-18.777559,-13.934639,10.673266,20.520658
1784109595344,125.020000,-37.814440,-77.300370,-89.594155,-74.530435,-2.769935,40.054680,-16.267823,-11.765654,3.309560,30.454538
1784109595364,125.040000,-27.715946,-39.152794,-88.772650,-73.162027,34.009233,44.793207,-13.772516,-9.620611,-2.358466,37.603530
1784109595384,125.060000,-35.825630,-44.561134,-87.934366,-68.179209,23.618075,50.093570,-11.300454,-7.502302,-5.168947,41.036040
1784109595404,125.080000,-14.699691,-29.306114,-87.080365,-64.309518,35.003404,52.438034,-8.860604,-5.413647,-5.410255,40.393320
1784109595424,125.100000,-28.312828,-51.858456,-86.211611,-59.391371,7.532915,46.794122,-6.462037,-3.357767,-4.210414,36.048280
1784109595444,125.120000,-1.695514,-50.928368,-85.328958,-57.308740,6.380372,32.717820,-4.113881,-1.338052,-2.723988,29.033762
1784109595464,125.140000,-22.817644,-71.000360,-84.433131,-55.434282,-15.566078,14.783507,-1.825273,0.641435,-1.632952,20.750914
1784109595484,125.160000,9.205003,-65.284070,-83.524721,-55.837694,-9.446376,-0.771118,0.394694,2.577420,-1.011851,12.578617
1784109595504,125.180000,-20.699430,-87.297590,-82.604183,-55.711687,-31.585903,-11.532909,2.537019,4.465240,-0.492630,5.553057
1784109595524,125.200000,9.383671,-69.626650,-81.671839,-57.862027,-11.764623,-17.028173,4.592849,6.299721,0.226609,0.212944
1784109595544,125.220000,-3.020532,-92.931335,-80.727889,-58.092588,-34.838747,-18.035506,6.553532,8.075145,0.783619,-3.382909
1784109595564,125.240000,13.830756,-75.064760,-79.772412,-60.664190,-14.400570,-17.170126,8.410666,9.785230,0.080066,-5.503804
1784109595584,125.260000,2.882115,-84.454070,-78.805361,-61.222472,-23.231598,-14.368890,10.156158,11.423128,-3.306265,-6.550129
1784109595604,125.280000,18.967716,-60.972343,-77.826568,-62.671050,1.698707,-8.518303,11.782273,12.981437,-10.528125,-6.909386
1784109595624,125.300000,-6.100870,-80.971405,-76.835761,-61.634952,-19.336453,-2.332978,13.281691,14.452234,-21.675131,-6.910950
1784109595644,125.320000,-6.372677,-74.537704,-75.832597,-62.678422,-11.859282,-0.842893,14.647555,15.827121,-35.262953,-6.860489
1784109595664,125.340000,-26.535088,-93.721770,-74.816730,-62.940479,-30.781291,-4.816484,15.873525,17.097297,-48.539080,-7.096325
1784109595684,125.360000,-21.761196,-88.167420,-73.787883,-65.030854,-23.136566,-10.797118,16.953826,18.253645,-58.246944,-7.993927
1784109595704,125.380000,-41.253567,-109.466810,-72.745910,-66.286493,-43.180317,-16.293199,17.883295,19.286838,-61.426823,-9.866040
1784109595724,125.400000,-18.567251,-95.790825,-71.690826,-69.447247,-26.343578,-19.388465,18.657429,20.187464,-56.353032,-12.793372
1784109595744,125.420000,-8.992372,-101.545090,-70.622809,-70.832007,-30.713083,-17.501944,19.272427,20.946168,-43.269414,-16.479220
1784109595764,125.440000,25.275007,-81.660060,-69.542136,-72.551566,-9.108494,-10.228221,19.725231,21.553809,-24.202063,-20.193579
1784109595784,125.460000,35.000990,-83.371300,-68.449075,-72.027265,-11.344035,-0.100116,20.013562,22.001627,-2.036615,-22.849950
1784109595804,125.480000,75.949190,-54.604020,-67.343769,-71.640912,17.036892,10.924488,20.135958,22.281420,20.344312,-23.249949
1784109595824,125.500000,72.080860,-62.684982,-66.226117,-68.363087,5.678105,20.644955,20.091796,22.385731,40.509185,-20.454584
1784109595844,125.520000,114.146390,-23.174162,-65.095695,-66.159232,42.985070,28.331858,19.881322,22.308033,56.510747,-14.133794
1784109595864,125.540000,103.535706,-13.124519,-63.951685,-60.208970,47.084451,37.203853,19.505667,22.042912,66.823860,-4.729832
1784109595884,125.560000,133.543240,14.436110,-62.792851,-53.843048,68.279158,46.576685,18.966862,21.586247,70.600710,6.622793
1784109595904,125.580000,112.163994,-7.702006,-61.617529,-45.381852,37.679846,48.787678,18.267844,20.935375,68.187515,18.355318
1784109595924,125.600000,112.478905,4.397222,-60.423676,-39.971380,44.368602,39.201319,17.412456,20.089239,61.382193,28.772606
1784109595944,125.620000,84.870514,-20.139814,-59.208960,-33.892632,13.752818,21.816491,16.405443,19.048524,52.790505,36.303020
1784109595964,125.640000,92.517784,-30.173506,-57.970883,-30.836589,0.663083,0.848231,15.252437,17.815759,44.486941,39.689370
1784109595984,125.660000,72.086270,-75.064100,-56.706909,-29.030460,-46.033640,-23.399012,13.959936,16.395396,37.108173,38.186222
1784109596004,125.680000,74.881780,-68.897170,-55.414549,-31.766213,-37.130957,-46.400694,12.535284,14.793861,29.933985,31.757896
1784109596024,125.700000,55.943195,-95.118630,-54.091447,-33.487616,-61.631014,-60.232215,10.986630,13.019564,21.562780,21.156927
1784109596044,125.720000,58.754196,-75.784040,-52.735442,-37.489880,-38.294160,-61.968414,9.322892,11.082882,10.844787,7.776136
1784109596064,125.740000,18.580593,-95.308370,-51.344641,-39.011656,-56.296714,-54.537430,7.553714,8.996105,-2.205777,-6.694793
1784109596084,125.760000,23.979294,-73.546300,-49.917493,-42.147527,-31.398773,-43.159856,5.689412,6.773346,-16.102132,-20.673180
1784109596104,125.780000,-13.780794,-106.643160,-48.452886,-42.633132,-64.010028,-33.702791,3.740919,4.430418,-28.221021,-32.993130
1784109596124,125.800000,-8.558066,-96.631290,-46.950215,-46.154657,-50.476633,-30.412975,1.719721,1.984678,-35.380665,-43.014835
1784109596144,125.820000,-46.175575,-110.612564,-45.409450,-48.106732,-62.505832,-29.938057,-0.362201,-0.545156,-34.841249,-50.532528
1784109596164,125.840000,-7.426152,-88.000946,-43.831166,-51.013581,-36.987365,-25.586164,-2.492448,-3.139213,-25.736564,-55.569470
1784109596184,125.860000,-15.956431,-89.939705,-42.216522,-51.155730,-38.783975,-15.063053,-4.658272,-5.776709,-9.787265,-58.140840
1784109596204,125.880000,23.095222,-59.957817,-40.567168,-51.256019,-8.701798,-0.037114,-6.846651,-8.436189,9.537079,-58.049374
1784109596224,125.900000,15.108677,-55.010315,-38.885110,-48.181808,-6.828507,16.418876,-9.044366,-11.095798,28.597975,-54.835500
1784109596244,125.920000,44.116680,-24.638294,-37.172581,-44.762409,20.124115,31.421188,-11.238085,-13.733550,44.759602,-47.984590
1784109596264,125.940000,25.453152,-24.795193,-35.431945,-38.554310,13.759117,42.318748,-13.414439,-16.327609,56.728499,-37.315460
1784109596284,125.960000,48.644474,-3.996763,-33.665628,-32.892753,28.895989,47.182570,-15.560109,-18.856560,64.151206,-23.310446
1784109596304,125.980000,27.845015,-27.840015,-31.876088,-25.681691,-2.158324,43.757327,-17.661905,-21.299682,66.989117,-7.181387
1784109596324,126.000000,40.203598,-13.092237,-30.065799,-21.496762,8.404525,32.465692,-19.706854,-23.766689,65.196880,9.354968
1784109596344,126.020000,11.766958,-37.814440,-28.237257,-16.228082,-21.586358,18.044018,-21.682278,-25.975567,58.733715,24.462189
1784109596364,126.040000,11.417189,-27.715946,-26.393013,-13.888586,-13.827360,4.311403,-23.575879,-28.043583,47.660758,36.550102
1784109596384,126.060000,-27.718102,-35.825630,-24.535729,-10.751221,-25.074409,-5.126289,-25.375817,-29.955248,32.115046,44.500904
1784109596404,126.080000,-25.416143,-14.699691,-22.668256,-8.716324,-5.983367,-7.271941,-27.070788,-31.696824,12.244851,47.747684
1784109596424,126.100000,-70.262180,-28.312828,-20.793712,-4.828893,-23.483935,-4.568190,-28.650099,-33.256453,-11.470533,46.267345
1784109596444,126.120000,-77.291900,-1.695514,-18.915564,-2.725752,1.030239,-0.716439,-30.103737,-34.624250,-37.500663,40.528730
1784109596464,126.140000,-147.787830,-22.817644,-17.037717,1.700294,-24.517938,1.987798,-31.422435,-35.792362,-63.048350,31.374735
1784109596484,126.160000,-135.998280,9.205003,-15.164624,3.498646,5.706357,3.046670,-32.597730,-36.754988,-85.087101,19.829370
1784109596504,126.180000,-177.333800,-20.699430,-13.301375,8.134726,-28.834156,2.750687,-33.622017,-37.508367,-101.692334,6.938561
1784109596524,126.200000,-161.070110,9.383671,-11.453725,9.228891,0.154780,0.696258,-34.488597,-38.050724,-112.221296,-6.228067
1784109596544,126.220000,-198.742680,-3.020532,-9.628065,13.024652,-16.045184,0.003062,-35.191712,-38.382186,-116.704420,-18.475790
1784109596564,126.240000,-170.345030,13.830756,-7.831360,15.048035,-1.217279,1.355060,-35.726577,-38.504670,-115.588399,-28.488068
1784109596584,126.260000,-187.242080,2.882115,-6.071069,18.336832,-15.454717,2.190636,-36.089404,-38.421745,-109.828015,-35.016180
1784109596604,126.280000,-150.763230,18.967716,-4.355019,20.027236,-1.059520,2.185829,-36.277411,-38.138467,-100.682877,-37.120120
1784109596624,126.300000,-170.506330,-6.100870,-2.691261,22.913678,-29.014548,-0.027718,-36.288828,-37.661209,-89.261349,-34.321648
1784109596644,126.320000,-123.865450,-6.372677,-1.087912,22.863975,-29.236652,-6.915609,-36.122894,-36.997468,-76.338193,-26.668325
1784109596664,126.340000,-133.820470,-26.535088,0.446991,22.641973,-49.177061,-16.822764,-35.779844,-36.155676,-62.346917,-14.735766
1784109596684,126.360000,-98.304010,-21.761196,1.905646,20.354334,-42.115530,-24.889651,-35.260889,-35.145007,-47.289840,0.447009
1784109596704,126.380000,-87.969710,-41.253567,3.280633,18.658114,-59.911681,-28.889019,-34.568184,-33.975190,-30.757489,17.553133
1784109596724,126.400000,-61.086975,-18.567251,4.565046,15.141555,-33.708806,-27.410610,-33.704802,-32.656328,-12.026539,35.156450
1784109596744,126.420000,-62.904620,-8.992372,5.752620,14.060528,-23.052900,-17.240415,-32.674682,-31.198730,9.477202,51.906270
1784109596764,126.440000,-0.408558,25.275007,6.837832,13.786390,11.488617,1.531372,-31.482591,-29.612766,33.121774,66.650110
1784109596784,126.460000,11.546091,35.000990,7.816018,16.499425,18.501565,23.258445,-30.134070,-27.908728,56.770634,78.548650
1784109596804,126.480000,55.333550,75.949190,8.683510,19.381128,56.568062,42.965676,-28.635378,-26.096722,78.049260,87.194950
1784109596824,126.500000,38.814445,72.080860,9.437755,25.292069,46.788791,57.088479,-26.993438,-24.186570,95.530776,92.620890
1784109596844,126.520000,85.296050,114.146390,10.077354,29.479360,84.667030,64.332439,-25.215773,-22.187742,108.383248,95.075890
1784109596864,126.540000,72.701584,103.535706,10.602064,36.460215,67.075491,66.328664,-23.310450,-20.109304,115.383640,94.708010
1784109596884,126.560000,107.207756,133.543240,11.012777,40.782416,92.760824,63.508016,-21.286012,-17.959881,114.825559,91.428110
1784109596904,126.580000,76.953735,112.163994,11.311484,46.609153,65.554841,55.852815,-19.151425,-15.747642,105.407815,85.027690
1784109596924,126.600000,88.714424,112.478905,11.501190,48.833455,63.645450,41.725007,-16.916010,-13.480304,87.259448,75.355780
1784109596944,126.620000,40.294040,84.870514,11.585773,50.021432,34.849082,21.478480,-14.589390,-11.165138,62.436524,62.379130
1784109596964,126.640000,40.056515,92.517784,11.569804,47.708731,44.809053,1.237608,-12.181427,-8.809000,34.661128,46.149155
1784109596984,126.660000,-9.263453,72.086270,11.458331,45.758827,26.327443,-13.101278,-9.702168,-6.418358,8.438492,26.801973
1784109597004,126.680000,-6.374059,74.881780,11.256672,41.505505,33.376275,-21.183392,-7.161793,-3.999338,-12.164811,4.659128
1784109597024,126.700000,-32.923958,55.943195,10.970230,37.529634,18.413561,-25.665053,-4.570556,-1.557768,-24.706784,-19.602753
1784109597044,126.720000,-5.942365,58.754196,10.604374,31.793539,26.960657,-28.248760,-1.938741,0.900779,-28.897703,-44.797504
1784109597064,126.740000,-25.022642,18.580593,10.164383,26.682801,-8.102208,-32.422866,0.723389,3.370928,-26.163948,-69.189720
1784109597084,126.760000,8.381250,23.979294,9.655449,18.089049,5.890245,-39.593015,3.405639,5.847458,-18.838775,-90.659720
1784109597104,126.780000,-7.835427,-13.780794,9.082702,10.935087,-24.715881,-46.505700,6.097927,8.325252,-9.683832,-107.086660
1784109597124,126.800000,44.073357,-8.558066,8.451248,0.946515,-9.504581,-50.910607,8.790326,10.799258,-1.572781,-116.820790
1784109597144,126.820000,15.502268,-46.175575,7.766233,-7.274153,-38.901422,-52.664388,11.473106,13.264443,3.244607,-119.038940
1784109597164,126.840000,50.860527,-7.426152,7.032887,-18.058532,10.632380,-48.418275,14.136771,15.715764,3.979450,-113.882515
1784109597184,126.860000,16.250576,-15.956431,6.256540,-23.546091,7.589660,-33.163021,16.772095,18.148136,1.398300,-102.418755
1784109597204,126.880000,33.723167,23.095222,5.442598,-28.952815,52.048037,-9.954493,19.370158,20.557603,-2.993668,-86.479520
1784109597224,126.900000,18.479343,15.108677,4.596492,-29.540942,44.649619,13.100684,21.922381,22.938591,-8.159009,-68.366280
1784109597244,126.920000,46.092230,44.116680,3.723632,-30.496862,74.613542,29.747391,24.420549,25.285678,-13.985263,-50.402283
1784109597264,126.940000,12.473004,25.453152,2.829391,-28.112240,53.565392,37.003647,26.856845,27.593340,-20.485447,-34.442173
1784109597284,126.960000,20.284863,48.644474,1.919075,-27.528031,76.172505,36.003869,29.223874,29.855957,-27.101220,-21.571215
1784109597304,126.980000,2.881908,27.845015,0.997865,-24.428080,52.273095,30.334012,31.514686,32.067837,-33.206566,-12.133204
1784109597324,127.000000,28.556070,40.203598,0.070765,-23.520612,63.724210,22.153550,33.722798,34.223236,-38.731166,-5.958482
1784109597344,127.020000,-5.654328,11.766958,-0.857430,-21.327573,33.094531,11.746530,35.842217,36.316392,-43.788910,-2.550558
1784109597364,127.040000,15.240545,11.417189,-1.782142,-22.098697,33.515886,-1.062472,37.867453,38.341565,-48.136480,-1.184851
1784109597384,127.060000,-0.529479,-27.718102,-2.699040,-22.762123,-4.955979,-16.369990,39.793536,40.293080,-51.208177,-1.031514
1784109597404,127.080000,16.969600,-25.416143,-3.604049,-27.197090,1.780947,-31.796205,41.616033,42.165370,-52.120971,-1.315079
1784109597424,127.100000,-10.712927,-70.262180,-4.493351,-30.882440,-39.379740,-44.864255,43.331056,43.953035,-49.675670,-1.425635
1784109597444,127.120000,30.782990,-77.291900,-5.363388,-38.545532,-38.746368,-56.081654,44.935274,45.650891,-42.975189,-0.954508
1784109597464,127.140000,15.472596,-147.787830,-6.210840,-45.965170,-101.822660,-68.945582,46.425918,47.254025,-32.056199,0.327427
1784109597484,127.160000,60.656837,-135.998280,-7.032576,-59.368401,-76.629879,-81.872090,47.800790,48.757857,-17.765251,2.548671
1784109597504,127.180000,49.631783,-177.333800,-7.825574,-69.885252,-107.448548,-85.987079,49.058260,50.158189,-1.242347,5.833281
1784109597524,127.200000,89.874590,-161.070110,-8.586845,-83.010402,-78.059708,-78.447494,50.197271,51.451265,16.385307,10.314328
1784109597544,127.220000,84.406940,-198.742680,-9.313364,-92.704575,-106.038105,-64.220775,51.217329,52.633818,33.923613,16.033155
1784109597564,127.240000,125.187060,-170.345030,-10.002001,-104.632984,-65.712046,-47.430341,52.118504,53.703121,49.928065,22.821112
1784109597584,127.260000,117.806850,-187.242080,-10.649473,-111.974759,-75.267321,-27.999899,52.901414,54.657025,62.825414,30.264694
1784109597604,127.280000,145.755430,-150.763230,-11.252291,-119.703025,-31.060205,-5.868551,53.567214,55.493998,71.325169,37.759350
1784109597624,127.300000,132.340880,-170.506330,-11.806749,-122.451598,-48.054732,15.485160,54.117577,56.213152,74.817328,44.591564
1784109597644,127.320000,141.062680,-123.865450,-12.308942,-126.351941,2.486491,33.764573,54.554673,56.814262,73.527482,50.001553
1784109597664,127.340000,118.829450,-133.820470,-12.754815,-124.625498,-9.194972,49.980897,54.881143,57.297775,68.248277,53.230072
1784109597684,127.360000,132.602570,-98.304010,-13.140254,-123.518182,25.214172,62.808100,55.100073,57.664815,59.860048,53.591290
1784109597704,127.380000,97.815155,-87.969710,-13.461171,-118.375807,30.406097,72.584549,55.214956,57.917167,49.194762,50.599087
1784109597724,127.400000,105.290250,-61.086975,-13.713600,-112.120439,51.033464,80.378528,55.229661,58.057264,37.162993,44.106075
1784109597744,127.420000,62.744820,-62.904620,-13.893805,-103.174138,40.269518,82.925694,55.148392,58.088151,24.617477,34.369946
1784109597764,127.440000,86.463600,-0.408558,-13.998386,-94.719785,94.311228,83.720792,54.975643,58.013450,12.070357,22.013357
1784109597784,127.460000,44.900383,11.546091,-14.024364,-80.155553,91.701644,89.294094,54.716162,57.837314,-0.051218,7.939065
1784109597804,127.480000,52.767265,55.333550,-13.969244,-65.197140,120.530690,95.783169,54.374896,57.564364,-10.725628,-6.755503
1784109597824,127.500000,13.835401,38.814445,-13.831079,-46.676215,85.490660,93.453195,53.956950,57.199637,-18.306428,-20.908330
1784109597844,127.520000,38.545685,85.296050,-13.608523,-31.144109,116.440159,80.386195,53.467540,56.748511,-21.341946,-33.474564
1784109597864,127.540000,8.316875,72.701584,-13.300866,-11.990533,84.692117,63.204408,52.911940,56.216638,-19.349770,-43.657230
1784109597884,127.560000,38.098297,107.207756,-12.908021,4.350975,102.856781,45.792781,52.295440,55.609867,-13.148716,-50.905400
1784109597904,127.580000,26.030308,76.953735,-12.430480,22.830714,54.123021,26.692683,51.623295,54.934173,-4.839197,-54.835070
1784109597924,127.600000,52.862564,88.714424,-11.869248,36.569813,52.144611,3.075515,50.900683,54.195580,2.734222,-55.184757
1784109597944,127.620000,33.355347,40.294040,-11.225758,50.171785,-9.877745,-25.764506,50.132660,53.400087,6.889223,-51.857930
1784109597964,127.640000,52.424393,40.056515,-10.501809,57.475943,-17.419428,-57.194442,49.324119,52.553598,5.843797,-45.035126
1784109597984,127.660000,22.574818,-9.263453,-9.699521,63.895183,-73.158636,-86.338984,48.479751,51.661859,-0.882788,-35.295105
1784109598004,127.680000,29.177204,-6.374059,-8.821332,64.540287,-70.914346,-108.537426,47.604006,50.730387,-12.352668,-23.658255
1784109598024,127.700000,-10.063198,-32.923958,-7.870013,65.230622,-98.154580,-119.452739,46.701067,49.764420,-26.462067,-11.492335
1784109598044,127.720000,-2.261822,-5.942365,-6.848715,63.026260,-68.968625,-115.916797,45.774815,48.768866,-40.544613,-0.292338
1784109598064,127.740000,-38.357540,-25.022642,-5.761015,63.606969,-88.629611,-100.498787,44.828806,47.748255,-52.047340,8.609309
1784109598084,127.760000,-29.237465,8.381250,-4.610949,62.103838,-53.722588,-79.495602,43.866250,46.706706,-59.128977,14.325887
1784109598104,127.780000,-47.735725,-7.835427,-3.403031,63.981407,-71.816834,-57.973193,42.889997,45.647896,-61.184820,16.608612
1784109598124,127.800000,-14.604782,44.073357,-2.142225,63.948328,-19.874971,-36.562947,41.902520,44.575040,-58.843373,15.902658
1784109598144,127.820000,-44.584778,15.502268,-0.833879,68.966866,-53.464598,-16.490521,40.905917,43.490879,-53.174807,13.259407
1784109598164,127.840000,-12.494610,50.860527,0.516358,70.490144,-19.629617,-2.800431,39.901901,42.397672,-45.070151,10.090208
1784109598184,127.860000,-30.310467,16.250576,1.902619,75.208851,-58.958275,2.789586,38.891807,41.297201,-35.512926,7.790228
1784109598204,127.880000,11.745448,33.723167,3.318896,75.833077,-42.109910,1.159273,37.876602,40.190778,-25.988980,7.377935
1784109598224,127.900000,-11.401983,18.479343,4.759140,77.951977,-59.472634,-2.643304,36.856894,39.079263,-18.269407,9.319741
1784109598244,127.920000,27.347033,46.092230,6.217362,78.158605,-32.066375,-1.671710,35.832950,37.963085,-13.789695,13.556808
1784109598264,127.940000,2.274935,12.473004,7.687703,80.885173,-68.412169,2.267112,34.804720,36.842270,-12.987619,19.614737
1784109598284,127.960000,25.802330,20.284863,9.164502,79.790474,-59.505611,2.086386,33.771858,35.716476,-14.767225,26.710035
1784109598304,127.980000,-17.956510,2.881908,10.642308,79.386609,-76.504702,-1.805775,32.733753,34.585027,-16.686079,33.845340
1784109598324,128.000000,18.388947,28.556070,12.115872,77.089425,-48.533355,-2.193587,31.689557,33.446955,-16.274343,39.917880
1784109598344,128.020000,-1.847554,-5.654328,13.580129,77.374010,-83.028339,1.236648,30.638224,32.301043,-12.463492,43.897800
1784109598364,128.040000,31.618233,15.240545,15.030215,73.976801,-58.736256,3.567664,29.578539,31.145872,-5.864809,45.101060
1784109598384,128.060000,24.692505,-0.529479,16.461520,72.772213,-73.301691,5.825667,28.509162,29.979869,1.974937,43.445460
1784109598404,128.080000,70.972470,16.969600,17.869753,69.836065,-52.866465,10.123182,27.428660,28.801350,9.922362,39.516130
1784109598424,128.100000,10.060665,-10.712927,19.251010,68.683855,-79.396782,13.602847,26.335550,27.608578,18.432648,34.352160
1784109598444,128.120000,74.539460,30.782990,20.601795,64.532591,-33.749601,17.209107,25.228338,26.399803,28.864224,29.020208
1784109598464,128.140000,50.956680,15.472596,21.919019,64.722425,-49.249829,25.230990,24.105553,25.181514,41.555184,24.218170
1784109598484,128.160000,101.707160,60.656837,23.200028,63.072421,-2.415584,37.178512,22.965789,23.943671,55.150883,20.173038
1784109598504,128.180000,79.256004,49.631783,24.442665,66.002012,-16.370229,49.959638,21.807737,22.684752,67.255947,16.845594
1784109598524,128.200000,119.565550,89.874590,25.645311,67.370319,22.504271,60.226442,20.630220,21.403415,75.145123,14.170311
1784109598544,128.220000,100.751465,84.406940,26.806912,72.647082,11.759858,66.769227,19.432226,20.098518,76.456315,12.095201
1784109598564,128.240000,113.994610,125.187060,27.926969,76.821036,48.366024,70.595037,18.212930,18.769154,70.122203,10.474021
1784109598584,128.260000,79.133070,117.806850,29.005503,84.815823,32.991027,71.981624,16.971726,17.414683,57.067012,8.963030
1784109598604,128.280000,74.772910,145.755430,30.042955,91.356605,54.398825,69.418641,15.708246,16.034757,40.035762,6.979145
1784109598624,128.300000,35.666100,132.340880,31.040052,100.232641,32.108239,61.753221,14.422377,14.629344,22.555408,3.745560
1784109598644,128.320000,31.299084,141.062680,31.997655,106.962409,34.100271,48.475572,13.114279,13.198742,7.466059,-1.538309
1784109598664,128.340000,15.691328,118.829450,32.916626,113.987723,4.841727,30.018774,11.784393,11.743600,-4.234571,-9.410926
1784109598684,128.360000,33.146378,132.602570,33.797733,118.047436,14.555134,10.651203,10.433452,10.264921,-13.189833,-19.832949
1784109598704,128.380000,0.323330,97.815155,34.641626,123.093716,-25.278561,-6.936171,9.062485,8.764070,-20.033095,-31.998384
1784109598724,128.400000,7.872809,105.290250,35.448820,124.000124,-18.709874,-23.376548,7.672819,7.242776,-23.985886,-44.444690
1784109598744,128.420000,-22.728903,62.744820,36.219655,125.451676,-62.706856,-39.089088,6.266079,5.703127,-23.223061,-55.486510
1784109598764,128.440000,9.625098,86.463600,36.954269,122.221886,-35.758286,-51.263399,4.844184,4.147567,-16.494889,-63.737550
1784109598784,128.460000,-10.746278,44.900383,37.652595,121.536735,-76.636352,-57.037720,3.409339,2.578884,-4.522081,-68.391810
1784109598804,128.480000,44.069664,52.767265,38.314414,116.470957,-63.703692,-59.794231,1.964030,1.000196,9.728145,-69.155075
1784109598824,128.500000,13.413102,13.835401,38.939446,112.476303,-98.640902,-62.637954,0.511010,-0.585063,21.932867,-66.014990
1784109598844,128.520000,61.839005,38.545685,39.527444,104.660669,-66.114984,-62.691162,-0.946709,-2.173165,27.861075,-59.112247
1784109598864,128.540000,18.711103,8.316875,40.078259,99.903439,-91.586564,-56.758546,-2.405877,-3.760109,24.758990,-48.809998
1784109598884,128.560000,34.337630,38.098297,40.591864,92.336724,-54.238427,-45.632423,-3.863016,-5.341643,12.331007,-35.868816
1784109598904,128.580000,-15.476378,26.030308,41.068316,88.372644,-62.342336,-30.260563,-5.314443,-6.913295,-7.073524,-21.565008
1784109598924,128.600000,-21.514854,52.862564,41.507666,83.447281,-30.584717,-12.772249,-6.756284,-8.470400,-29.122279,-7.625547
1784109598944,128.620000,-72.545944,33.355347,41.909835,81.637482,-48.282135,2.002214,-8.184498,-10.008127,-48.860422,4.044189
1784109598964,128.640000,-51.043465,52.424393,42.274487,77.945880,-25.521487,10.874326,-9.594895,-11.521511,-62.311704,11.785695
1784109598984,128.660000,-93.165530,22.574818,42.600952,76.470202,-53.895384,13.156558,-10.983158,-13.005483,-67.353901,14.655940
1784109599004,128.680000,-66.421640,29.177204,42.888192,72.021136,-42.843932,9.383729,-12.344866,-14.454900,-63.835819,12.760704
1784109599024,128.700000,-75.788700,-10.063198,43.134826,68.560655,-78.623853,0.991155,-13.675511,-15.864574,-53.525055,7.290422
1784109599044,128.720000,-32.266990,-2.261822,43.339198,61.325117,-63.586939,-8.833956,-14.970521,-17.229303,-39.458425,0.239477
1784109599064,128.740000,-47.071537,-38.357540,43.499499,55.425753,-93.783293,-16.448295,-16.225280,-18.543893,-24.425190,-6.068197
1784109599084,128.760000,-21.394850,-29.237465,43.613894,46.282948,-75.520413,-20.339751,-17.435150,-19.803191,-9.779411,-9.521238
1784109599104,128.780000,-33.317180,-47.735725,43.680616,38.778623,-86.514348,-19.026364,-18.595486,-21.002107,4.296996,-8.743968
1784109599124,128.800000,8.381839,-14.604782,43.698034,29.972879,-44.577661,-9.737617,-19.701658,-22.135641,17.703063,-3.436907
1784109599144,128.820000,-9.851816,-44.584778,43.664726,25.226117,-69.810895,4.372326,-20.749071,-23.198903,29.842259,5.650206
1784109599164,128.840000,31.922882,-12.494610,43.579556,17.787914,-30.282524,16.610005,-21.733178,-24.187136,39.796596,17.088552
1784109599184,128.860000,1.640665,-30.310467,43.441728,14.190077,-44.500544,26.211669,-22.649505,-25.095742,46.696491,29.237116
1784109599204,128.880000,30.817242,11.745448,43.250821,9.043483,2.701965,35.904047,-23.493664,-25.920295,49.818707,40.569763
1784109599224,128.900000,6.021624,-11.401983,43.006780,8.543587,-19.945570,45.417678,-24.261375,-26.656565,48.393536,49.819576
1784109599244,128.920000,29.625267,27.347033,42.709898,5.682901,21.664132,52.106490,-24.948478,-27.300538,41.750191,56.041380
1784109599264,128.940000,-11.619397,2.274935,42.360789,6.924136,-4.649201,54.885314,-25.550957,-27.848428,30.049299,58.662106
1784109599284,128.960000,-6.417426,25.802330,41.960323,5.453310,20.349020,52.634583,-26.064954,-28.296693,14.819694,57.488790
1784109599304,128.980000,-54.100014,-17.956510,41.509533,6.419626,-24.376136,43.416511,-26.486788,-28.642057,-1.440290,52.627900
1784109599324,129.000000,-34.640070,18.388947,41.009499,2.828064,15.560883,30.577838,-26.812968,-28.885758,-16.269309,44.373830
1784109599344,129.020000,-74.467550,-1.847554,40.461250,3.170495,-5.018049,22.643589,-27.040214,-29.028214,-27.862280,33.193295
1784109599364,129.040000,-48.894104,31.618233,39.865705,1.392237,30.225996,22.092103,-27.165468,-29.060009,-34.931781,19.823820
1784109599384,129.060000,-97.715490,24.692505,39.223639,3.091145,21.601360,26.259571,-27.185909,-28.978859,-36.532556,5.344884
1784109599404,129.080000,-53.910164,70.972470,38.535662,3.882097,67.090373,33.993580,-27.098969,-28.782769,-32.606185,-8.916503
1784109599424,129.100000,-70.358020,10.060665,37.802224,9.182372,0.878293,36.384739,-26.902337,-28.470043,-24.608375,-21.598993
1784109599444,129.120000,-26.297297,74.539460,37.023678,7.825565,66.713895,28.945745,-26.593979,-28.039281,-14.973201,-31.480180
1784109599464,129.140000,-48.477203,50.956680,36.200375,13.016027,37.940653,23.395671,-26.172138,-27.489382,-5.713343,-37.572056
1784109599484,129.160000,-15.419931,101.707160,35.332747,15.300234,86.406926,24.729090,-25.635345,-26.819544,2.474002,-39.245647
1784109599504,129.180000,-43.538300,79.256004,34.421368,22.388089,56.867915,28.013995,-24.982424,-26.029262,9.910020,-36.432243
1784109599524,129.200000,3.657227,119.565550,33.466975,26.487197,93.078353,28.740393,-24.212498,-25.118322,16.898773,-29.759740
1784109599544,129.220000,-26.992935,100.751465,32.470506,34.149140,66.602325,25.712489,-23.324990,-24.086800,22.984834,-20.448893
1784109599564,129.240000,21.691349,113.994610,31.433130,39.111533,74.883077,17.715170,-22.319624,-22.935056,26.975444,-9.983825
1784109599584,129.260000,-12.300175,79.133070,30.356282,44.834044,34.299026,2.505938,-21.196427,-21.663729,27.522604,0.258231
1784109599604,129.280000,16.248630,74.772910,29.241677,46.452933,28.319977,-18.903025,-19.955731,-20.273728,23.839156,9.230163
1784109599624,129.300000,-22.492004,35.666100,28.091295,47.426987,-11.760887,-42.779530,-18.598164,-18.766228,15.984148,16.232332
1784109599644,129.320000,0.634667,31.299084,26.907331,44.382835,-13.083751,-64.080972,-17.124654,-17.142662,4.664098,20.811340
1784109599664,129.340000,-38.088040,15.691328,25.692130,41.197265,-25.505937,-76.957779,-15.536423,-15.404711,-8.950024,22.675520
1784109599684,129.360000,-24.272028,33.146378,24.448124,36.776453,-3.630075,-76.875903,-13.834981,-13.554300,-23.209696,21.698975
1784109599704,129.380000,-66.209850,0.323330,23.177752,34.520115,-34.196785,-68.780677,-12.022119,-11.593587,-36.133862,17.975390
1784109599724,129.400000,-42.081100,7.872809,21.883383,29.231027,-21.358218,-62.105487,-10.099903,-9.524951,-45.911712,11.847972
1784109599744,129.420000,-76.403600,-22.728903,20.567259,25.234153,-47.963056,-59.462769,-8.070667,-7.350988,-51.405891,3.904982
1784109599764,129.440000,-37.524612,9.625098,19.231467,18.639789,-9.014691,-55.457500,-5.936998,-5.074497,-52.273265,-5.032433
1784109599784,129.460000,-61.510580,-10.746278,17.877947,15.939372,-26.685650,-44.966190,-3.701731,-2.698470,-48.621278,-13.936042
1784109599804,129.480000,-28.397312,44.069664,16.508527,11.514254,32.555410,-27.073254,-1.367932,-0.226084,-40.552078,-21.661215
1784109599824,129.500000,-46.997170,13.413102,15.124976,12.933504,0.479598,-6.079384,1.061114,2.339314,-28.314170,-27.135748
1784109599844,129.520000,8.062685,61.839005,13.729049,11.140614,50.698391,10.708487,3.581915,4.994218,-13.010724,-29.583597
1784109599864,129.540000,-0.934520,18.711103,12.322569,14.244385,4.466718,19.479118,6.190789,7.734971,3.192237,-28.653124
1784109599884,129.560000,52.917942,34.337630,10.907528,12.719068,21.618562,17.133841,8.883878,10.557778,17.868060,-24.389723
1784109599904,129.580000,30.644283,-15.476378,9.486190,12.860930,-28.337308,4.610290,11.657162,13.458716,29.475929,-17.143795
1784109599924,129.600000,75.720440,-21.514854,8.061162,8.110948,-29.625802,-13.938294,14.506476,16.433746,37.956092,-7.544899
1784109599944,129.620000,42.590057,-72.545944,6.635423,3.354095,-75.900039,-34.337834,17.427521,19.478717,44.424198,3.457687
1784109599964,129.640000,87.423650,-51.043465,5.212317,-5.740793,-45.302672,-48.331174,20.415880,22.589380,50.168727,14.609149
1784109599984,129.660000,64.802560,-93.165530,3.795533,-11.568728,-81.596802,-50.754951,23.467028,25.761391,55.616789,24.518064
1784109600004,129.680000,104.514470,-66.421640,2.389091,-20.670544,-45.751096,-44.320893,26.576345,28.990316,59.978768,31.956703
1784109600024,129.700000,78.674120,-75.788700,0.997326,-25.945515,-49.843185,-30.394815,29.739125,32.271641,61.581187,36.150497
1784109600044,129.720000,110.854460,-32.266990,-0.375137,-31.357166,-0.909824,-8.839760,32.950582,35.600769,58.484727,36.902637
1784109600064,129.740000,79.734500,-47.071537,-1.723419,-31.793202,-15.278335,14.945699,36.205859,38.973025,49.266690,34.506687
1784109600084,129.760000,99.951860,-21.394850,-3.042451,-33.519169,12.124319,32.479240,39.500032,42.383654,33.972898,29.529940
1784109600104,129.780000,45.735300,-33.317180,-4.327060,-32.475087,-0.842093,40.959883,42.828114,45.827827,14.823099,22.581858
1784109600124,129.800000,55.290016,8.381839,-5.572089,-32.635463,41.017302,45.799385,46.185055,49.300630,-4.124371,14.131969
1784109600144,129.820000,8.792952,-9.851816,-6.772550,-28.713841,18.862025,50.625787,49.565749,52.797070,-18.527588,4.429251
1784109600164,129.840000,40.210323,31.922882,-7.923756,-27.002461,58.925343,54.485621,52.965027,56.312069,-25.615466,-6.409735
1784109600184,129.860000,12.400548,1.640665,-9.021408,-21.476575,23.117240,55.153561,56.377664,59.840468,-25.219969,-18.140839
1784109600204,129.880000,53.703613,30.817242,-10.061607,-19.537059,50.354301,50.165719,59.798373,63.381793,-19.665745,-30.105377
1784109600224,129.900000,44.454970,6.021624,-11.040823,-15.010148,21.031772,41.285380,63.221809,66.926735,-12.768828,-41.129154
1784109600244,129.920000,74.702560,29.625267,-11.955833,-13.391275,43.016542,31.746001,66.642567,70.469791,-8.228565,-49.712110
1784109600264,129.940000,50.644380,-11.619397,-12.803653,-9.647386,-1.972011,20.758847,70.055181,74.005345,-8.140671,-54.448990
1784109600284,129.960000,73.604385,-6.417426,-13.581506,-10.243053,3.825627,5.658881,73.454126,77.527670,-12.450611,-54.509487
1784109600304,129.980000,33.730730,-54.100014,-14.286830,-10.116021,-43.983993,-13.289614,76.833823,81.030925,-19.422882,-49.973164
1784109600324,130.000000,68.644900,-34.640070,-14.917306,-14.419615,-20.220455,-30.554761,80.188634,84.509163,-26.676852,-41.858840
1784109600344,130.020000,28.739360,-74.467550,-15.470896,-16.092952,-58.374598,-40.708397,83.512874,87.956332,-32.088402,-31.811506
1784109600364,130.040000,64.929050,-48.894104,-15.945860,-21.218151,-27.675953,-43.214600,86.800810,91.366278,-34.235015,-21.588753
1784109600384,130.060000,29.903196,-97.715490,-16.340769,-23.011434,-74.704056,-42.038596,90.046668,94.732758,-32.717285,-12.582036
1784109600404,130.080000,86.057360,-53.910164,-16.654493,-29.185381,-24.724783,-38.943260,93.244645,98.049445,-28.331071,-5.539766
1784109600424,130.100000,54.991410,-70.358020,-16.886169,-30.127644,-40.230376,-29.261799,96.388910,101.309943,-22.574729,-0.516319
1784109600444,130.120000,92.961560,-26.297297,-17.035136,-32.403768,6.106471,-12.467997,99.473624,104.507800,-16.779315,2.994704
1784109600464,130.140000,67.191130,-48.477203,-17.100898,-29.839382,-18.637821,4.874869,102.492942,107.636522,-11.848090,5.774999
1784109600484,130.160000,113.907430,-15.419931,-17.083089,-29.580142,14.160211,16.527799,105.441034,110.689595,-8.506330,8.536532
1784109600504,130.180000,83.012240,-43.538300,-16.981446,-25.848692,-17.689608,20.462385,108.312095,113.660502,-7.161764,11.682706
1784109600524,130.200000,112.706170,3.657227,-16.795771,-25.179446,28.836673,20.868957,111.100363,116.542747,-7.516656,15.257484
1784109600544,130.220000,88.834090,-26.992935,-16.525931,-19.666836,-7.326099,21.936956,113.800133,119.329877,-8.641375,19.010017
1784109600564,130.240000,121.035290,21.691349,-16.171863,-17.673708,39.365057,23.771121,116.405777,122.015509,-9.313939,22.493530
1784109600584,130.260000,91.113700,-12.300175,-15.733577,-10.839810,-1.460365,25.143144,118.911759,124.593355,-8.209983,25.198355
1784109600604,130.280000,121.736664,16.248630,-15.211159,-8.025056,24.273686,22.568684,121.312657,127.057248,-4.294600,26.705980
1784109600624,130.300000,108.815290,-22.492004,-14.604780,-2.539788,-19.952216,14.337404,123.603181,129.401175,2.452936,26.804686
1784109600644,130.320000,154.900530,0.634667,-13.914676,-1.472516,2.107184,2.783855,125.778189,131.619300,10.800720,25.551188
1784109600664,130.340000,131.677220,-38.088040,-13.141106,1.843734,-39.931774,-8.930088,127.832712,133.705994,18.993009,23.295755
1784109600684,130.360000,170.746770,-24.272028,-12.284299,0.946492,-25.218520,-19.560729,129.761967,135.655866,25.659486,20.624413
1784109600704,130.380000,143.625980,-66.209850,-11.344425,1.554130,-67.763980,-29.457501,131.561380,137.463785,30.092979,18.165842
1784109600724,130.400000,182.463290,-42.081100,-10.321591,-2.066302,-40.014798,-36.716700,133.226599,139.124911,32.069350,16.338503
1784109600744,130.420000,149.534500,-76.403600,-9.215843,-2.817348,-73.586252,-38.845723,134.753517,140.634719,31.684808,15.200127
1784109600764,130.440000,181.836200,-37.524612,-8.027181,-6.799198,-30.725414,-34.687417,136.138281,141.989020,29.285323,14.474139
1784109600784,130.460000,144.660490,-61.510580,-6.755588,-6.309901,-55.200679,-24.574963,137.377314,143.183983,25.324840,13.688812
1784109600804,130.480000,178.593170,-28.397312,-5.401073,-8.042645,-20.354667,-12.401655,138.467323,144.216157,20.194065,12.338025
1784109600824,130.500000,141.401140,-46.997170,-3.963707,-6.038243,-40.958927,-1.739434,139.405312,145.082485,14.272915,10.023594
1784109600844,130.520000,167.815900,8.062685,-2.443667,-5.799908,13.862593,9.428385,140.188598,145.780320,8.194145,6.559471
1784109600864,130.540000,127.968660,-0.934520,-0.841273,0.189079,-1.123598,23.685907,140.814813,146.307435,2.907546,2.005120
1784109600884,130.560000,152.878980,52.917942,0.842959,4.964361,47.953581,38.856749,141.281920,146.662037,-0.736779,-3.384190
1784109600904,130.580000,128.274720,30.644283,2.608277,14.861183,15.783100,49.678780,141.588215,146.842768,-2.582335,-9.240891
1784109600924,130.600000,156.822000,75.720440,4.453674,21.782128,53.938312,52.587972,141.732335,146.848717,-3.282122,-15.128693
1784109600944,130.620000,129.116180,42.590057,6.377888,32.685712,9.904345,47.714219,141.713262,146.679415,-3.795268,-20.542570
1784109600964,130.640000,155.278960,87.423650,8.379415,39.405531,48.018119,38.085474,141.530327,146.334839,-4.801294,-24.939245
1784109600984,130.660000,124.835830,64.802560,10.456514,50.090664,14.711896,29.016225,141.183213,145.815413,-6.431955,-27.846786
1784109601004,130.680000,152.545140,104.514470,12.607205,57.632755,46.881715,22.762764,140.671957,145.121994,-8.285286,-29.004347
1784109601024,130.700000,111.380540,78.674120,14.829271,68.544581,10.129539,17.532225,139.996947,144.255878,-9.682007,-28.441177
1784109601044,130.720000,146.590120,110.854460,17.120241,75.950258,34.904202,11.169415,139.158928,143.218782,-10.236019,-26.457657
1784109601064,130.740000,118.851760,79.734500,19.477391,86.008688,-6.274188,2.630930,138.158994,142.012837,-10.303790,-23.517618
1784109601084,130.760000,150.089740,99.951860,21.897757,92.083835,7.868025,-8.412037,136.998590,140.640581,-10.665019,-20.083015
1784109601104,130.780000,110.219025,45.735300,24.378164,99.725329,-53.990029,-23.650465,135.679510,139.104938,-11.797628,-16.472132
1784109601124,130.800000,144.649280,55.290016,26.915236,101.126954,-45.836938,-43.249747,134.203888,137.409211,-13.579070,-12.835572
1784109601144,130.820000,105.341900,8.792952,29.505404,103.268152,-94.475200,-62.256516,132.574201,135.557062,-15.402555,-9.246955
1784109601164,130.840000,140.007100,40.210323,32.144902,100.173205,-59.962882,-73.008902,130.793258,133.552496,-16.304449,-5.797740
1784109601184,130.860000,102.069626,12.400548,34.829784,100.280004,-87.879456,-70.997744,128.864198,131.399846,-15.097707,-2.610323
1784109601204,130.880000,129.719090,53.703613,37.555927,97.118936,-43.415323,-58.091543,126.790480,129.103753,-10.801042,0.204093
1784109601224,130.900000,103.742950,44.454970,40.319045,98.176908,-53.721938,-38.156053,124.575880,126.669143,-3.515888,2.579786
1784109601244,130.920000,147.641970,74.702560,43.114709,97.875349,-23.172789,-16.993445,122.224478,124.101216,4.852887,4.523676
1784109601264,130.940000,129.322160,50.644380,45.938398,100.493009,-49.848629,-2.069290,119.740655,121.405419,11.034640,6.165601
1784109601284,130.960000,155.745360,73.604385,48.785580,100.097703,-26.493318,4.069394,117.129078,118.587425,12.013116,7.792797
1784109601304,130.980000,113.466790,33.730730,51.651755,101.844180,-68.113450,2.478250,114.394693,115.653117,6.600009,9.759589
1784109601324,131.000000,133.821850,68.644900,54.532465,98.928672,-30.283772,-2.136643,111.542715,112.608565,-4.074206,12.243977
1784109601344,131.020000,81.323520,28.739360,57.423245,99.551351,-70.811991,-4.473430,108.578609,109.460002,-17.001391,15.008446
1784109601364,131.040000,95.669140,64.929050,60.319561,95.596023,-30.666973,-3.694487,105.508087,106.213807,-28.246043,17.368603
1784109601384,131.060000,48.140650,29.903196,63.216735,95.394688,-65.491492,-0.368359,102.337085,102.876482,-34.350086,18.417593
1784109601404,131.080000,90.861630,86.057360,66.109888,91.226612,-5.169252,6.848906,99.071755,99.454633,-33.706562,17.394480
1784109601424,131.100000,53.643340,54.991410,68.993934,92.984442,-37.993032,18.314035,95.718445,95.954950,-26.996816,14.046860
1784109601444,131.120000,104.458600,92.961560,71.863623,91.155402,1.806158,28.532486,92.283687,92.384184,-16.568028,8.844708
1784109601464,131.140000,68.830870,67.191130,74.713617,93.235553,-26.044423,33.834370,88.774174,88.768336,-5.412064,2.923914
1784109601484,131.160000,117.615105,113.907430,77.538570,92.303061,21.604369,36.943422,85.196749,85.093568,3.774547,-2.254083
1784109601504,131.180000,89.956420,83.012240,80.333209,96.167289,-13.155049,39.547554,81.558381,81.366427,9.483683,-5.372411
1784109601524,131.200000,114.501434,112.706170,83.092397,96.402626,16.303544,38.908534,77.866146,77.593527,12.262643,-5.645805
1784109601544,131.220000,71.176270,88.834090,85.811178,99.579356,-10.745266,34.600284,74.127207,73.781494,14.752565,-3.021962
1784109601564,131.240000,104.602490,121.035290,88.484761,99.912730,21.122560,29.912766,70.348790,69.936949,20.270573,1.811786
1784109601584,131.260000,74.601135,91.113700,91.108510,103.443171,-12.329471,25.660657,66.538160,66.066491,30.806928,7.633440
1784109601604,131.280000,124.131670,121.736664,93.677949,103.484612,18.252052,21.033236,62.702598,62.176680,45.732583,13.098419
1784109601624,131.300000,111.139720,108.815290,96.188820,106.573240,2.242050,18.196344,58.849371,58.274021,61.871095,17.229883
1784109601644,131.320000,144.002430,154.900530,98.637159,107.979536,46.920994,20.721455,54.985706,54.364939,74.806049,19.738950
1784109601664,131.340000,118.568950,131.677220,101.019373,113.949391,17.727829,26.408425,51.118762,50.455767,80.446829,20.981958
1784109601684,131.360000,144.994030,170.746770,103.332272,116.974686,53.772084,29.602576,47.255596,46.552718,76.196445,21.590965
1784109601704,131.380000,88.346664,143.625980,105.573056,123.708698,19.917282,28.060308,43.403133,42.661867,61.852145,22.009443
1784109601724,131.400000,93.611800,182.463290,107.739253,127.031879,55.431411,23.118597,39.568136,38.789132,39.939931,22.173403
1784109601744,131.420000,23.974940,149.534500,109.828588,133.999416,15.535084,16.482598,35.757166,34.940243,15.005034,21.450624
1784109601764,131.440000,28.081161,181.836200,111.838822,136.930831,44.905369,8.470485,31.976556,31.120730,-7.906137,18.831406
1784109601784,131.460000,-20.844982,144.660490,113.767602,142.844545,1.815945,-0.679385,28.232375,27.335890,-24.831589,13.318879
1784109601804,131.480000,1.092005,178.593170,115.612342,144.358838,34.234332,-9.621480,24.530394,23.590772,-33.708026,4.413166
1784109601824,131.500000,-50.619400,141.401140,117.370172,149.121597,-7.720457,-16.883514,20.876054,19.890148,-34.389987,-7.513922
1784109601844,131.520000,-6.904411,167.815900,119.037933,149.576221,18.239679,-23.031083,17.274442,16.238497,-28.665171,-21.156603
1784109601864,131.540000,-30.588259,127.968660,120.612205,152.588925,-24.620265,-29.184405,13.730257,12.639980,-20.093278,-34.551044
1784109601884,131.560000,9.343286,152.878980,122.089394,151.168761,1.710219,-35.113421,10.247786,9.098423,-12.787434,-45.529736
1784109601904,131.580000,-33.390570,128.274720,123.465842,152.307416,-24.032696,-38.099790,6.830884,5.617297,-9.668961,-52.196820
1784109601924,131.600000,-7.247502,156.822000,124.737904,150.740063,6.081937,-36.021498,3.482954,2.199702,-11.623792,-53.372375
1784109601944,131.620000,-47.966324,129.116180,125.901971,152.126118,-23.009938,-31.009693,0.206927,-1.151650,-17.815575,-48.930910
1784109601964,131.640000,-26.650400,155.278960,126.954486,150.481965,4.796995,-26.192087,-2.994744,-4.434443,-26.288613,-39.861797
1784109601984,131.660000,-74.644560,124.835830,127.891934,151.556147,-26.720317,-23.116550,-6.120099,-7.646773,-34.433351,-27.966154
1784109602004,131.680000,-53.284200,152.545140,128.710827,149.349859,3.195281,-21.358820,-9.167671,-10.787155,-39.657188,-15.333473
1784109602024,131.700000,-94.815994,111.380540,129.407686,150.058950,-38.678410,-21.062475,-12.136489,-13.854525,-40.426963,-3.833236
1784109602044,131.720000,-49.643974,146.590120,129.979042,146.421427,0.168693,-21.512400,-15.026071,-16.848243,-37.145937,5.248921
1784109602064,131.740000,-83.200270,118.851760,130.421469,146.568512,-27.716752,-19.107175,-17.836421,-19.768095,-32.054745,11.415249
1784109602084,131.760000,-36.468002,150.089740,130.731657,143.770531,6.319209,-13.359796,-20.568012,-22.614285,-28.040136,14.979343
1784109602104,131.780000,-77.703224,110.219025,130.906499,144.260025,-34.041000,-8.468135,-23.221768,-25.387425,-27.065236,16.863388
1784109602124,131.800000,-51.364080,144.649280,130.943142,140.526547,4.122733,-6.467714,-25.799048,-28.088527,-29.154854,18.187696
1784109602144,131.820000,-94.870804,105.341900,130.839017,140.462608,-35.120708,-5.765705,-28.301617,-30.718983,-32.584779,19.797134
1784109602164,131.840000,-59.829712,140.007100,130.591826,136.266453,3.740647,-4.966674,-30.731618,-33.280548,-34.955694,21.951422
1784109602184,131.860000,-105.779800,102.069626,130.199534,135.784382,-33.714756,-3.448716,-33.091539,-35.775313,-34.296196,24.331642
1784109602204,131.880000,-60.883366,129.719090,129.660370,131.335352,-1.616262,-2.138055,-35.384177,-38.205681,-29.924991,26.320826
1784109602224,131.900000,-77.519730,103.742950,128.972855,129.900959,-26.158009,-0.506704,-37.612601,-40.574335,-22.745946,27.380737
1784109602244,131.920000,-41.642555,147.641970,128.135856,125.791028,21.850942,4.841805,-39.780107,-42.884203,-14.417822,27.344620
1784109602264,131.940000,-66.690140,129.322160,127.148661,126.297227,3.024933,15.024977,-41.890180,-45.138420,-6.087995,26.499231
1784109602284,131.960000,-23.885115,155.745360,126.011036,124.720197,31.025163,25.064088,-43.946441,-47.340295,2.169906,25.419487
1784109602304,131.980000,-59.090100,113.466790,124.723265,125.760794,-12.294004,27.292251,-45.952610,-49.493263,11.160099,24.656900
1784109602324,132.000000,-9.969431,133.821850,123.286171,122.267852,11.553998,20.092164,-47.912450,-51.270463,21.855568,24.478888
1784109602344,132.020000,-33.558643,81.323520,121.701140,120.977996,-39.654476,7.236824,-49.829726,-53.325648,34.504574,24.805838
1784109602364,132.040000,16.469654,95.669140,119.970152,114.379979,-18.710839,-7.461367,-51.708157,-55.342526,48.171238,25.337088
1784109602384,132.060000,-6.330765,48.140650,118.095821,109.712425,-61.571775,-20.118389,-53.551369,-57.324498,60.849425,25.747635
1784109602404,132.080000,38.788860,90.861630,116.081428,100.607381,-9.745751,-24.942481,-55.362852,-59.274899,69.895609,25.824854
1784109602424,132.100000,12.185505,53.643340,113.930943,96.558904,-42.915564,-19.229187,-57.145918,-61.196951,72.716212,25.475906
1784109602444,132.120000,35.094980,104.458600,111.649013,89.086486,15.372114,-6.462482,-58.903660,-63.093728,67.631494,24.632582
1784109602464,132.140000,-8.319225,68.830870,109.240918,87.348033,-18.517163,8.219550,-60.638916,-64.968115,54.502723,23.122797
1784109602484,132.160000,-5.179913,117.615105,106.712464,82.147960,35.467145,20.561867,-62.354233,-66.822774,34.740230,20.571747
1784109602504,132.180000,-55.500920,89.956420,104.069840,82.273402,7.683018,29.893607,-64.051839,-68.660112,10.756037,16.394450
1784109602524,132.200000,-43.893135,114.501434,101.319452,79.571306,34.930128,34.347929,-65.733612,-70.482250,-14.578077,9.933805
1784109602544,132.220000,-106.594060,71.176270,98.467763,79.546242,-8.369972,30.434837,-67.401057,-72.290996,-38.007205,0.725370
1784109602564,132.240000,-88.475845,104.602490,95.521149,75.184889,29.417601,21.366241,-69.055285,-74.087818,-55.935590,-11.238664
1784109602584,132.260000,-139.747310,74.601135,92.485768,74.587991,0.013144,14.484713,-70.696993,-75.873830,-64.983133,-25.382025
1784109602604,132.280000,-101.585236,124.131670,89.367480,71.075135,53.056535,14.630946,-72.326452,-77.649764,-62.896252,-40.583656
1784109602624,132.300000,-124.169586,111.139720,86.171807,72.857214,38.282506,22.789437,-73.943496,-79.415960,-49.347015,-55.311737
1784109602644,132.320000,-63.786835,144.002430,82.903989,73.173777,70.828653,33.280763,-75.547512,-81.172353,-26.173088,-67.785640
1784109602664,132.340000,-79.188570,118.568950,79.569084,76.724298,41.844652,37.960688,-77.137436,-82.918459,2.957940,-76.180960
1784109602684,132.360000,-8.328550,144.994030,76.172112,77.390228,67.603802,34.647726,-78.711752,-84.653369,33.063054,-78.916084
1784109602704,132.380000,-20.914143,88.346664,72.718208,80.609844,7.736820,22.633000,-80.268495,-86.375741,58.539225,-74.988530
1784109602724,132.400000,36.158897,93.611800,69.212764,77.903571,15.708229,1.366666,-81.805258,-88.083799,74.338450,-64.257880
1784109602744,132.420000,-3.673780,23.974940,65.661539,76.044223,-52.069283,-25.740201,-83.319202,-89.775332,77.375328,-47.585175
1784109602764,132.440000,23.331694,28.081161,62.070683,67.573227,-39.492066,-52.745026,-84.807066,-91.447691,67.465402,-26.811392
1784109602784,132.460000,-38.611458,-20.844982,58.446688,60.512038,-81.357020,-72.029519,-86.265194,-93.097801,47.384459,-4.580395
1784109602804,132.480000,-31.949009,1.092005,54.796254,49.504225,-48.412220,-78.294648,-87.689549,-94.722163,22.110439,16.012526
1784109602824,132.500000,-97.772630,-50.619400,51.126115,41.972152,-92.591552,-74.246886,-89.075742,-96.316864,-2.546296,31.938300
1784109602844,132.520000,-89.002060,-6.904411,47.442844,30.305120,-37.209532,-63.850412,-90.419062,-97.877593,-21.651824,40.824790
1784109602864,132.540000,-129.218900,-30.588259,43.752688,24.338469,-54.926728,-46.169064,-91.714505,-99.399654,-32.667559,41.472637
1784109602884,132.560000,-99.673310,9.343286,40.061452,16.804853,-7.461567,-23.747402,-92.956813,-100.877985,-36.019078,34.163166
1784109602904,132.580000,-131.040830,-33.390570,36.374464,14.098446,-47.489016,-5.146724,-94.140509,-102.307179,-34.422879,20.658533
1784109602924,132.600000,-90.745080,-7.247502,32.696591,7.573701,-14.821203,3.502880,-95.259935,-103.681506,-31.456909,3.842928
1784109602944,132.620000,-127.690590,-47.966324,29.032279,4.405968,-52.372292,3.923645,-96.309294,-104.994940,-29.969154,-12.938701
1784109602964,132.640000,-99.480470,-26.650400,25.385595,-2.314642,-24.335758,0.935354,-97.282694,-106.241187,-30.919401,-26.664465
1784109602984,132.660000,-147.026170,-74.644560,21.760256,-6.114245,-68.530315,-3.339959,-98.174188,-107.413717,-33.294595,-35.303670
1784109603004,132.680000,-114.373150,-53.284200,18.159613,-14.063947,-39.220253,-7.906177,-98.977818,-108.505792,-35.118230,-38.167770
1784109603024,132.700000,-148.915900,-94.815994,14.586646,-18.904336,-75.911658,-10.865638,-99.687658,-109.510507,-34.714406,-35.839787
1784109603044,132.720000,-110.912570,-49.643974,11.043974,-27.090470,-22.553504,-8.434396,-100.297860,-110.420825,-31.344636,-29.727816
1784109603064,132.740000,-139.772610,-83.200270,7.533888,-29.808374,-53.391896,0.973624,-100.802697,-111.229618,-25.126323,-21.459305
1784109603084,132.760000,-104.790375,-36.468002,4.058403,-35.347127,-1.120875,13.783843,-101.196604,-111.929709,-16.735306,-12.393718
1784109603104,132.780000,-132.900480,-77.703224,0.619305,-35.606796,-42.096428,24.685493,-101.474222,-112.513921,-7.368749,-3.418136
1784109603124,132.800000,-75.719690,-51.364080,-2.781797,-39.732736,-11.631344,28.396564,-101.630441,-112.975121,1.263229,5.014268
1784109603144,132.820000,-114.803950,-94.870804,-6.143400,-40.715901,-54.154903,24.167967,-101.660437,-113.306272,7.633680,12.755403
1784109603164,132.840000,-75.523580,-59.829712,-9.464048,-45.655834,-14.173878,17.401758,-101.559717,-113.500490,11.401143,19.822645
1784109603184,132.860000,-113.561264,-105.779800,-12.742295,-46.497598,-59.282202,12.298365,-101.324152,-113.551088,13.626072,26.235860
1784109603204,132.880000,-82.070076,-60.883366,-15.976701,-51.528825,-9.354541,10.309278,-100.950021,-113.450721,16.110556,31.854845
1784109603224,132.900000,-110.961220,-77.519730,-19.165845,-51.511101,-26.008629,14.884614,-100.434042,-113.197443,20.396722,36.322353
1784109603244,132.920000,-73.034420,-41.642555,-22.308330,-53.027759,11.385204,24.843145,-99.773410,-112.785732,26.923949,39.185665
1784109603264,132.940000,-95.885040,-66.690140,-25.402766,-50.890217,-15.799923,33.120081,-98.965826,-112.210463,34.749946,40.126602
1784109603284,132.960000,-47.704937,-23.885115,-28.447741,-51.424274,27.539159,37.299409,-98.009536,-111.466958,41.992391,39.155140
1784109603304,132.980000,-80.184020,-59.090100,-31.441779,-47.824468,-11.265632,37.787563,-96.903356,-110.551057,46.884224,36.660328
1784109603324,133.000000,-47.518530,-9.969431,-34.383302,-48.109080,38.139649,35.840529,-95.646699,-109.459172,48.760326,33.278080
1784109603344,133.020000,-87.502490,-33.558643,-37.270632,-43.710755,10.152112,35.187101,-94.239604,-108.188356,48.139895,29.623642
1784109603364,133.040000,-50.604336,16.469654,-40.102017,-42.229540,58.699194,37.218151,-92.682761,-106.736369,45.999525,26.031546
1784109603384,133.060000,-96.568070,-6.330765,-42.875671,-36.195617,29.864852,40.237164,-90.977527,-105.101738,42.965118,22.462350
1784109603404,133.080000,-54.246030,38.788860,-45.589809,-33.207951,71.996811,41.853949,-89.125949,-103.283831,38.826215,18.622545
1784109603424,133.100000,-95.710846,12.185505,-48.242680,-26.231306,38.416811,40.440916,-87.130778,-101.282913,32.605302,14.198840
1784109603444,133.120000,-69.968580,35.094980,-50.832590,-22.714650,57.809630,33.725924,-84.995482,-99.100213,23.204917,9.053769
1784109603464,133.140000,-112.318310,-8.319225,-53.357938,-17.313583,8.994358,19.664189,-82.724254,-96.737983,10.096826,3.280595
1784109603484,133.160000,-84.908035,-5.179913,-55.817263,-16.822136,11.642223,-1.227885,-80.322015,-94.199548,-6.150393,-2.874579
1784109603504,133.180000,-147.901370,-55.500920,-58.209297,-16.068806,-39.432114,-25.791012,-77.794419,-91.489358,-23.439664,-9.140240
1784109603524,133.200000,-130.255040,-43.893135,-60.533041,-20.540166,-23.352969,-47.781811,-75.147843,-88.613028,-38.539471,-15.326055
1784109603544,133.220000,-161.973080,-106.594060,-62.787842,-23.478584,-83.115476,-64.441553,-72.389383,-85.577368,-48.513977,-21.362986
1784109603564,133.240000,-139.812300,-88.475845,-64.973453,-32.693357,-55.782488,-76.108612,-69.526834,-82.390405,-51.979458,-27.227026
1784109603584,133.260000,-155.396480,-139.747310,-67.090031,-39.371995,-100.375315,-81.168142,-66.568677,-79.061390,-49.517862,-32.753050
1784109603604,133.280000,-114.878006,-101.585236,-69.138095,-50.898174,-50.687062,-77.434579,-63.524046,-75.600799,-43.433139,-37.461300
1784109603624,133.300000,-131.502600,-124.169586,-71.118442,-57.616414,-66.553172,-62.774817,-60.402702,-72.020304,-36.869085,-40.551807
1784109603644,133.320000,-88.373900,-63.786835,-73.032052,-66.144799,2.357964,-37.522891,-57.214995,-68.332747,-32.570571,-41.106743
1784109603664,133.340000,-129.330080,-79.188570,-74.880000,-67.689897,-11.498673,-6.712217,-53.971818,-64.552079,-31.981412,-38.417950
1784109603684,133.360000,-84.358410,-8.328550,-76.663397,-70.590615,62.262065,23.780149,-50.684564,-60.693299,-35.214431,-32.316270
1784109603704,133.380000,-120.278330,-20.914143,-78.383373,-65.775077,44.860934,50.311755,-47.365068,-56.772363,-41.501251,-23.344200
1784109603724,133.400000,-84.211020,36.158897,-80.041053,-62.451687,98.610584,69.002716,-44.025548,-52.806082,-49.292874,-12.656631
1784109603744,133.420000,-135.284450,-3.673780,-81.637554,-53.312395,49.638616,75.097986,-40.678544,-48.812002,-56.307800,-1.706907
1784109603764,133.440000,-92.684810,23.331694,-83.174004,-48.849064,72.180758,65.759254,-37.336851,-44.808271,-60.333850,8.099412
1784109603784,133.460000,-111.834890,-38.611458,-84.651555,-41.850558,3.239100,42.873040,-34.013439,-40.813490,-60.237183,15.673531
1784109603804,133.480000,-74.140045,-31.949009,-86.071366,-41.733167,9.784158,11.575179,-30.721388,-36.846551,-56.003370,20.453857
1784109603824,133.500000,-92.673610,-97.772630,-87.434548,-40.936852,-56.835778,-21.448922,-27.473801,-32.926469,-48.144583,22.532091
1784109603844,133.520000,-47.971910,-89.002060,-88.742109,-47.001204,-42.000856,-49.542888,-24.283725,-29.072198,-37.516639,22.585258
1784109603864,133.540000,-50.950770,-129.218900,-89.994897,-51.730593,-77.488307,-66.459615,-21.164071,-25.302455,-25.391658,21.606735
1784109603884,133.560000,-1.506208,-99.673310,-91.193520,-60.257194,-39.416116,-68.451365,-18.127525,-21.635529,-13.030060,20.597967
1784109603904,133.580000,-20.637802,-131.040830,-92.338260,-65.108353,-65.932477,-58.367403,-15.186470,-18.089099,-0.895518,20.355097
1784109603924,133.600000,32.178825,-90.745080,-93.429006,-72.807346,-17.937734,-41.882653,-12.352896,-14.680056,11.596396,21.332903
1784109603944,133.620000,8.405667,-127.690590,-94.465214,-75.770437,-51.920153,-24.845604,-9.638325,-11.424334,25.505027,23.553137
1784109603964,133.640000,61.867500,-99.480470,-95.445881,-82.270928,-17.209542,-12.843426,-7.053727,-8.336746,41.305711,26.603922
1784109603984,133.660000,59.482582,-147.026170,-96.369524,-85.346632,-61.679538,-8.320247,-4.609445,-5.430845,57.938653,29.787903
1784109604004,133.680000,109.069720,-114.373150,-97.234143,-93.000970,-21.372180,-8.621662,-2.315124,-2.718793,72.819727,32.387800
1784109604024,133.700000,94.938070,-148.915900,-98.037181,-96.652909,-52.262991,-7.837955,-0.179643,-0.211254,82.847529,33.909138
1784109604044,133.720000,141.300420,-110.912570,-98.775497,-103.466116,-7.446454,-2.682633,1.788947,2.082686,85.696406,34.157875
1784109604064,133.740000,95.037630,-139.772610,-99.445392,-105.763750,-34.008860,6.049523,3.583478,4.155590,80.927747,33.117992
1784109604084,133.760000,120.970955,-104.790375,-100.042676,-110.711952,5.921577,15.387951,5.197714,6.001700,70.276912,30.720514
1784109604104,133.780000,66.808390,-132.900480,-100.562805,-111.571472,-21.329008,22.703280,6.626394,7.616956,56.710504,26.663574
1784109604124,133.800000,95.080610,-75.719690,-101.001045,-115.083908,39.364218,30.197153,7.865264,8.998983,42.936465,20.417393
1784109604144,133.820000,53.856370,-114.803950,-101.352625,-112.341760,-2.462190,38.443445,8.911104,10.147062,30.458104,11.458690
1784109604164,133.840000,88.781130,-75.523580,-101.612863,-113.639897,38.116317,42.104847,9.761750,11.062068,19.820212,-0.361227
1784109604184,133.860000,33.058243,-113.561264,-101.777259,-110.664013,-2.897251,39.363700,10.416100,11.746406,11.627522,-14.541776
1784109604204,133.880000,64.745640,-82.070076,-101.841577,-111.608264,29.538188,32.373618,10.874122,12.203910,7.013896,-29.951569
1784109604224,133.900000,21.184668,-110.961220,-101.801936,-109.070917,-1.890303,24.625991,11.136848,12.439746,6.966871,-45.130920
1784109604244,133.920000,68.024574,-73.034420,-101.654875,-109.456837,36.422417,19.844577,11.206361,12.460288,11.321615,-58.661427
1784109604264,133.940000,34.953827,-95.885040,-101.397376,-105.737332,9.852292,18.954874,11.085779,12.272995,18.402334,-69.382100
1784109604284,133.960000,81.112686,-47.704937,-101.026848,-104.414202,56.709265,21.618202,10.779227,11.886279,25.480447,-76.428780
1784109604304,133.980000,46.456783,-80.184020,-100.541098,-98.095895,17.911875,24.960339,10.291808,11.309366,29.661558,-79.236336
1784109604324,134.000000,85.063450,-47.518530,-99.938302,-95.374844,47.856314,23.812192,9.629559,10.552168,28.869148,-77.605965
1784109604344,134.020000,30.697962,-87.502490,-99.216996,-89.354582,1.852092,16.210353,8.799413,9.625146,22.630597,-71.814514
1784109604364,134.040000,55.987045,-50.604336,-98.376106,-87.661348,37.057012,5.440994,7.809145,8.539184,12.192870,-62.683440
1784109604384,134.060000,-1.135473,-96.568070,-97.415010,-82.160459,-14.407611,-5.063317,6.667318,7.305471,-0.141163,-51.530630
1784109604404,134.080000,28.378428,-54.246030,-96.333611,-81.552437,27.306407,-13.568626,5.383226,5.935391,-11.894559,-39.958843
1784109604424,134.100000,-34.571316,-95.710846,-95.132413,-76.515880,-19.194966,-18.615278,3.966829,4.440425,-21.073318,-29.507233
1784109604444,134.120000,3.087210,-69.968580,-93.812569,-75.903562,5.934982,-22.696690,2.428691,2.832066,-26.725767,-21.291521
1784109604464,134.140000,-44.197067,-112.318310,-92.375921,-72.565353,-39.752957,-28.579831,0.779904,1.121452,-29.312415,-15.772441
1784109604484,134.160000,-6.451996,-84.908035,-90.825000,-73.609919,-11.298116,-34.939409,-0.967972,-0.679890,-30.458496,-12.710113
1784109604504,134.180000,-47.367170,-147.901370,-89.162993,-71.642578,-76.258792,-42.425122,-2.802989,-2.560845,-32.133406,-11.291203
1784109604524,134.200000,-19.221405,-130.255040,-87.393708,-76.023200,-54.231840,-52.956050,-4.712877,-4.510484,-35.679714,-10.394945
1784109604544,134.220000,-68.554940,-161.973080,-85.521539,-78.072636,-83.900444,-60.750141,-6.685122,-6.518079,-41.186635,-8.943470
1784109604564,134.240000,-47.090874,-139.812300,-83.551450,-82.971392,-56.840908,-59.832426,-8.707032,-8.573111,-47.619209,-6.231480
1784109604584,134.260000,-88.624660,-155.396480,-81.488974,-85.070904,-70.325576,-50.516329,-10.765810,-10.665267,-53.536661,-2.106243
1784109604604,134.280000,-62.324646,-114.878006,-79.340211,-88.437382,-26.440624,-33.936244,-12.848624,-12.784423,-57.744563,3.081211
1784109604624,134.300000,-93.221756,-131.502600,-77.111794,-87.373160,-44.129440,-13.938838,-14.942672,-14.920634,-59.410856,8.724259
1784109604644,134.320000,-66.177810,-88.373900,-74.810846,-88.045051,-0.328849,4.588030,-17.035247,-17.064104,-57.713219,14.268657
1784109604664,134.340000,-103.058240,-129.330080,-72.444917,-84.353341,-44.976739,16.417752,-19.113802,-19.205164,-51.647689,19.411482
1784109604684,134.360000,-55.521270,-84.358410,-70.021912,-85.127247,0.768837,19.831072,-21.166006,-21.334241,-40.505077,24.119553
1784109604704,134.380000,-87.556114,-120.278330,-67.550022,-81.383452,-38.894878,19.579095,-23.179799,-23.441834,-24.627236,28.538301
1784109604724,134.400000,-32.084724,-84.211020,-65.037609,-81.640808,-2.570212,18.442280,-25.143449,-25.518487,-5.937054,32.899292
1784109604744,134.420000,-41.934147,-135.284450,-62.493088,-78.353609,-56.930841,14.721585,-27.045599,-27.554765,12.084071,37.471367
1784109604764,134.440000,6.219509,-92.684810,-59.924779,-80.538630,-12.146180,8.800429,-28.875312,-29.541237,25.498205,42.528530
1784109604784,134.460000,-27.866652,-111.834890,-57.340767,-78.348100,-33.486790,7.491151,-30.622116,-31.468462,31.685557,48.268665
1784109604804,134.480000,2.001730,-74.140045,-54.748811,-78.376245,4.236200,13.368886,-32.276043,-33.326985,30.446486,54.642360
1784109604824,134.500000,-47.470036,-92.673610,-52.156327,-74.784648,-17.888962,21.649500,-33.827664,-35.107335,23.824254,61.148570
1784109604844,134.520000,-22.423508,-47.971910,-49.570414,-73.534408,25.562498,29.500535,-35.268124,-36.800033,15.028226,66.761314
1784109604864,134.540000,-65.326750,-50.950770,-46.997908,-68.154571,17.203801,38.015778,-36.589172,-38.395613,7.161499,70.127340
1784109604884,134.560000,-32.765503,-1.506208,-44.445434,-63.824196,62.317987,48.194127,-37.783187,-39.884644,2.417543,69.995290
1784109604904,134.580000,-70.369910,-20.637802,-41.919425,-55.298430,34.660628,56.203841,-38.843203,-41.257764,1.929212,65.675510
1784109604924,134.600000,-33.346222,32.178825,-39.426131,-49.809987,81.988812,59.171536,-39.762929,-42.505722,5.901830,57.311800
1784109604944,134.620000,-68.702650,8.405667,-36.971605,-39.975652,48.381319,58.098553,-40.536767,-43.619430,13.574456,45.853900
1784109604964,134.640000,-10.787838,61.867500,-34.561672,-33.820387,95.687887,54.544948,-41.159830,-44.590020,23.073281,32.784367
1784109604984,134.660000,-42.485394,59.482582,-32.201879,-23.376106,82.858688,52.828783,-41.627949,-45.408908,31.804917,19.762774
1784109605004,134.680000,-0.987771,109.069720,-29.897422,-14.631528,123.701248,54.705884,-41.937686,-46.067861,37.438138,8.305825
1784109605024,134.700000,-36.184017,94.938070,-27.653094,-2.338689,97.276759,55.722441,-42.086338,-46.559081,38.640923,-0.483336
1784109605044,134.720000,0.239904,141.300420,-25.473267,6.843342,134.457078,52.566484,-42.071944,-46.875274,35.298933,-6.127187
1784109605064,134.740000,-44.962666,95.037630,-23.361887,19.157522,75.880108,42.158098,-41.893283,-47.009742,28.557644,-8.853844
1784109605084,134.760000,-22.151817,120.970955,-21.322507,25.208866,95.762089,22.125153,-41.549870,-46.956459,20.562341,-9.487877
1784109605104,134.780000,-64.611374,66.808390,-19.358339,32.781388,34.027002,-3.999529,-41.041960,-46.710163,13.586002,-9.196709
1784109605124,134.800000,-30.010794,95.080610,-17.472308,33.932875,61.147735,-29.390520,-40.370532,-46.266434,8.940960,-9.176616
1784109605144,134.820000,-65.010704,53.856370,-15.667096,37.464524,16.391846,-47.563072,-39.537284,-45.621778,6.466858,-10.332822
1784109605164,134.840000,-24.566559,88.781130,-13.945149,36.369350,52.411780,-55.989729,-38.544618,-44.773704,4.869417,-13.025434
1784109605184,134.860000,-60.622616,33.058243,-12.308669,38.599365,-5.541122,-59.045225,-37.395627,-43.720795,2.608516,-16.988310
1784109605204,134.880000,-26.238441,64.745640,-10.759598,35.006771,29.738869,-62.149767,-36.094076,-42.462772,-1.169379,-21.479513
1784109605224,134.900000,-73.895195,21.184668,-9.299616,34.782122,-13.597454,-64.523776,-34.644377,-41.000551,-6.223211,-25.604498
1784109605244,134.920000,-41.746284,68.024574,-7.930168,30.268049,37.756525,-62.031522,-33.051572,-39.336288,-11.674386,-28.665678
1784109605264,134.940000,-77.560050,34.953827,-6.652490,30.711788,4.242039,-52.863672,-31.321301,-37.473412,-16.930072,-30.377070
1784109605284,134.960000,-41.097546,81.112686,-5.467634,27.793609,53.319077,-39.678397,-29.459774,-35.416647,-22.156889,-30.848562
1784109605304,134.980000,-77.235810,46.456783,-4.376470,29.537540,16.919243,-26.832457,-27.473736,-33.172019,-27.931562,-30.385416
1784109605324,135.000000,-40.892982,85.063450,-3.379679,27.585434,57.478016,-17.527006,-25.370435,-30.906229,-34.453047,-29.265040
1784109605344,135.020000,-97.790940,30.697962,-2.477755,29.421528,1.276434,-14.708197,-23.157582,-28.286450,-41.029220,-27.645233
1784109605364,135.040000,-55.656070,55.987045,-1.671029,25.682365,30.304680,-19.512797,-20.843311,-25.501847,-46.508017,-25.631203
1784109605384,135.060000,-82.742190,-1.135473,-0.959697,24.731179,-25.866652,-28.914574,-18.436132,-22.563560,-50.095563,-23.370570
1784109605404,135.080000,-49.362250,28.378428,-0.343814,18.387123,9.991305,-37.770940,-15.944891,-19.483873,-51.289760,-21.028378
1784109605424,135.100000,-79.659805,-34.571316,0.176735,15.641098,-50.212414,-43.723354,-13.378718,-16.276122,-49.283136,-18.663969
1784109605444,135.120000,-37.419228,3.087210,0.602257,7.278147,-4.190938,-46.300142,-10.746979,-12.954589,-43.009944,-16.166208
1784109605464,135.140000,-61.443996,-44.197067,0.933280,3.624736,-47.821803,-43.527968,-8.059225,-9.534383,-31.854315,-13.324306
1784109605484,135.160000,-0.097914,-6.451996,1.170594,-3.979480,-2.472516,-35.845806,-5.325138,-6.031308,-16.373313,-9.935142
1784109605504,135.180000,-9.277504,-47.367170,1.315332,-6.954773,-40.412397,-25.863817,-2.554483,-2.461717,1.613490,-5.825262
1784109605524,135.200000,41.422707,-19.221405,1.369060,-13.347076,-5.874329,-16.806147,0.242950,1.157635,19.701743,-0.815270
1784109605544,135.220000,27.495426,-68.554940,1.333882,-16.172381,-52.382559,-11.991650,3.057397,4.809752,35.579187,5.252755
1784109605564,135.240000,82.519730,-47.090874,1.212497,-23.162226,-23.928648,-12.039880,5.879169,8.477553,47.288216,12.383012
1784109605584,135.260000,61.110188,-88.624660,1.008255,-27.055811,-61.568849,-13.964078,8.698706,12.144032,53.610334,20.282873
1784109605604,135.280000,100.028430,-62.324646,0.725174,-34.134018,-28.190628,-13.938467,11.506623,15.792418,54.733906,28.326088
1784109605624,135.300000,55.096634,-93.221756,0.367929,-37.594977,-55.626779,-10.032434,14.293757,19.406316,52.441732,35.624790
1784109605644,135.320000,89.925700,-66.177810,-0.058225,-43.257186,-22.920624,-2.932182,17.051210,22.969861,49.166699,41.138250
1784109605664,135.340000,59.897583,-103.058240,-0.547550,-45.426232,-57.632008,3.901164,19.770389,26.467843,46.480038,43.822605
1784109605684,135.360000,98.839940,-55.521270,-1.093913,-50.478385,-5.042885,10.670811,22.443046,29.885827,44.315373,42.879720
1784109605704,135.380000,63.340393,-87.556114,-1.690849,-50.249314,-37.306800,19.668507,25.061305,33.210264,41.323698,38.048534
1784109605724,135.400000,101.534164,-32.084724,-2.331618,-52.850607,20.765883,30.507550,27.617701,36.428582,35.749635,29.755713
1784109605744,135.420000,55.075024,-41.934147,-3.009268,-49.930290,7.996143,44.152685,30.105198,39.529260,26.338588,18.998264
1784109605764,135.440000,78.051765,6.219509,-3.716716,-48.400164,54.619673,59.049101,32.517217,42.501894,12.939439,7.013239
1784109605784,135.460000,36.272423,-27.866652,-4.446844,-42.875677,15.009025,67.932679,34.847655,45.337240,-3.376309,-5.085346
1784109605804,135.480000,48.509228,2.001730,-5.192618,-41.431509,43.433239,65.555752,37.090895,48.027247,-20.400977,-16.535898
1784109605824,135.500000,4.909609,-47.470036,-5.947189,-37.528588,-9.941448,52.627725,39.241825,50.565073,-35.054034,-26.965057
1784109605844,135.520000,28.612606,-22.423508,-6.704010,-38.733879,16.310371,33.951405,41.295845,52.945085,-44.050907,-36.269123
1784109605864,135.540000,-24.516998,-65.326750,-7.456918,-37.252397,-28.074353,16.099994,43.248870,55.162854,-45.035713,-44.434124
1784109605884,135.560000,34.839264,-32.765503,-8.200198,-39.999330,7.233827,3.868225,45.097335,57.215129,-38.088765,-51.372570
1784109605904,135.580000,25.345010,-70.369910,-8.928592,-39.025649,-31.344261,-1.879696,46.838198,59.099807,-26.329672,-56.779070
1784109605924,135.600000,75.083930,-33.346222,-9.637210,-41.905168,8.558946,-2.862094,48.468934,60.815889,-14.240004,-60.017212
1784109605944,135.620000,42.390884,-68.702650,-10.321421,-40.544567,-28.158083,-1.380474,49.987531,62.363430,-5.006784,-60.168940
1784109605964,135.640000,80.478806,-10.787838,-10.976772,-42.896423,32.108585,3.149461,51.392486,63.743479,0.733873,-56.379566
1784109605984,135.660000,44.158375,-42.485394,-11.598971,-38.755804,-3.729590,11.441510,52.682792,64.958016,4.322341,-48.382140
1784109606004,135.680000,87.198310,-0.987771,-12.183886,-38.040577,37.052805,18.633499,53.857930,66.009877,7.744279,-36.831500
1784109606024,135.700000,45.724200,-36.184017,-12.727553,-32.778161,-3.405856,20.376923,54.917853,66.902683,12.420400,-23.188566
1784109606044,135.720000,98.813934,0.239904,-13.226186,-31.425560,31.665464,16.992385,55.862973,67.640760,18.366859,-9.253961
1784109606064,135.740000,60.279266,-44.962666,-13.676172,-26.206411,-18.756255,9.679766,56.694140,68.229056,23.936530,3.360773
1784109606084,135.760000,114.969260,-22.151817,-14.074052,-26.030100,3.878283,-1.290969,57.412627,68.673063,26.401159,13.598817
1784109606104,135.780000,73.773210,-64.611374,-14.416500,-23.466295,-41.145079,-13.855838,58.020106,68.978734,23.336416,21.074220
1784109606124,135.800000,96.654930,-30.010794,-14.700319,-25.547596,-4.463198,-23.163458,58.518628,69.152403,14.201747,25.942606
1784109606144,135.820000,45.307198,-65.010704,-14.922473,-23.911689,-41.099015,-26.114214,58.910598,69.200707,1.007693,28.590952
1784109606164,135.840000,55.275780,-24.566559,-15.080172,-26.075034,1.508475,-23.288859,59.198749,69.130515,-12.455039,29.298056
1784109606184,135.860000,8.928303,-60.622616,-15.170985,-23.920157,-36.702459,-17.640405,59.386121,68.948868,-22.394696,28.056345
1784109606204,135.880000,41.026276,-26.238441,-15.192934,-25.693836,-0.544605,-12.885228,59.476029,68.671003,-26.883021,24.672064
1784109606224,135.900000,20.990166,-73.895195,-15.144543,-23.815046,-50.080149,-12.021587,59.472042,68.294679,-26.556929,19.098260
1784109606244,135.920000,56.266315,-41.746284,-15.024823,-27.024823,-14.721461,-15.185261,59.377952,67.827021,-23.561935,11.792789
1784109606264,135.940000,19.080753,-77.560050,-14.833214,-26.699199,-50.860851,-18.278285,59.197752,67.275103,-19.795125,3.836828
1784109606284,135.960000,56.944412,-41.097546,-14.569545,-30.079730,-11.017816,-17.646072,58.935607,66.645908,-16.037786,-3.325835
1784109606304,135.980000,19.436478,-77.235810,-14.233999,-29.436708,-47.799102,-13.815902,58.595826,65.946290,-12.242214,-8.392673
1784109606324,136.000000,62.202858,-40.892982,-13.827097,-32.504199,-8.388783,-9.064276,58.182845,65.182943,-8.211967,-10.628365
1784109606344,136.020000,29.576355,-97.790940,-13.349661,-31.552306,-66.238634,-7.483705,57.701196,64.362373,-4.067836,-9.984706
1784109606364,136.040000,75.929970,-55.656070,-12.802778,-36.393954,-19.262116,-10.176499,57.155485,63.490882,-0.214486,-6.935696
1784109606384,136.060000,25.684183,-82.742190,-12.187747,-36.432093,-46.310097,-10.080533,56.550371,62.574546,2.940993,-2.213499
1784109606404,136.080000,74.467770,-49.362250,-11.506061,-39.083234,-10.279016,-4.263037,55.890547,61.619206,4.876066,3.386805
1784109606424,136.100000,42.060146,-79.659805,-10.759387,-37.973182,-41.686623,2.615972,55.180715,60.630459,4.723132,9.106164
1784109606444,136.120000,70.209890,-37.419228,-9.949543,-39.857172,2.437944,8.582323,54.425567,59.613656,1.748075,14.294208
1784109606464,136.140000,22.821507,-61.443996,-9.078481,-37.137393,-24.306603,14.679704,53.629774,58.573897,-4.017551,18.468313
1784109606484,136.160000,51.943325,-0.097914,-8.148309,-36.908060,36.810146,23.270351,52.797961,57.516037,-11.944666,21.301783
1784109606504,136.180000,15.066588,-9.277504,-7.161323,-30.379135,21.101631,36.312947,51.934695,56.444686,-21.240594,22.558558
1784109606524,136.200000,38.629803,41.422707,-6.120032,-25.258998,66.681705,50.156361,51.044473,55.364217,-30.752613,22.087152
1784109606544,136.220000,-10.847628,27.495426,-5.027173,-15.470598,42.966024,59.131660,50.131705,54.278776,-38.539551,19.897516
1784109606564,136.240000,18.986400,82.519730,-3.885738,-7.977906,90.497636,62.633697,49.200705,53.192287,-42.184068,16.206621
1784109606584,136.260000,-11.773870,61.110188,-2.699000,4.250860,56.859328,61.975781,48.255679,52.108466,-39.756804,11.400986
1784109606604,136.280000,21.708048,100.028430,-1.470500,13.071899,86.956531,56.195509,47.300719,51.030830,-30.672782,5.994442
1784109606624,136.300000,3.551150,55.096634,-0.204012,24.762822,30.333812,43.018607,46.339789,49.962707,-16.287269,0.630496
1784109606644,136.320000,65.355430,89.925700,1.096541,30.684455,59.241245,23.679273,45.376726,48.907249,0.001056,-3.917041
1784109606664,136.340000,45.255356,59.897583,2.427193,39.305477,20.592106,5.298948,44.415228,47.867437,13.877127,-6.799985
1784109606684,136.360000,86.631590,98.839940,3.784067,43.906824,54.933116,-6.486041,43.458850,46.846094,22.121972,-7.239157
1784109606704,136.380000,56.485157,63.340393,5.163473,51.694392,11.646001,-12.818989,42.510998,45.845885,24.149803,-4.769632
1784109606724,136.400000,91.012146,101.534164,6.561948,54.968243,46.565921,-17.076799,41.574927,44.869329,22.536806,0.484381
1784109606744,136.420000,11.904842,55.075024,7.976253,61.463461,-6.388437,-22.106042,40.653732,43.918795,22.201505,7.659810
1784109606764,136.440000,84.845146,78.051765,9.403313,62.484241,15.567524,-30.572653,39.750346,42.996506,27.702366,15.252568
1784109606784,136.460000,44.174390,36.272423,10.840166,65.481042,-29.208619,-41.099593,38.867530,42.104535,40.384892,21.514946
1784109606804,136.480000,115.141270,48.509228,12.283987,63.847992,-15.338764,-51.125190,38.007873,41.244804,57.786585,25.075747
1784109606824,136.500000,99.300290,4.909609,13.732168,63.434912,-58.525303,-59.980386,37.173775,40.419072,75.120797,25.506819
1784109606844,136.520000,143.132300,28.612606,15.182423,58.558150,-29.945544,-65.144344,36.367449,39.628930,87.602621,23.477976
1784109606864,136.540000,109.123260,-24.516998,16.632862,56.384348,-80.901346,-66.371067,35.590906,38.875788,92.405848,20.352617
1784109606884,136.560000,129.990260,34.839264,18.082012,48.904683,-14.065419,-61.582985,34.845946,38.160859,89.189071,17.457983
1784109606904,136.580000,91.511290,25.345010,19.528763,47.979331,-22.634321,-43.649318,34.134146,37.485144,79.366646,15.445277
1784109606924,136.600000,108.359730,75.083930,20.972291,46.044413,29.039517,-15.623470,33.456852,36.849414,65.152289,14.055969
1784109606944,136.620000,52.868900,42.390884,22.411955,49.289194,-6.898310,8.808921,32.815162,36.254192,48.930307,12.352844
1784109606964,136.640000,74.470890,80.478806,23.847183,48.831973,31.646833,21.013163,32.209916,35.699729,32.714277,9.204960
1784109606984,136.660000,20.917046,44.158375,25.277368,52.302571,-8.144196,22.352653,31.641686,35.185986,17.658009,3.755395
1784109607004,136.680000,44.678795,87.198310,26.701759,51.690606,35.507704,19.275526,31.110757,34.712614,3.916082,-4.280792
1784109607024,136.700000,-10.414642,45.724200,28.119395,55.582688,-9.858488,16.160182,30.617123,34.278936,-9.224470,-14.526329
1784109607044,136.720000,18.009834,98.813934,29.529033,54.844445,43.969489,14.966116,30.160478,33.883929,-23.116197,-26.046877
1784109607064,136.740000,-38.991684,60.279266,30.929107,59.712964,0.566302,16.652768,29.740201,33.526211,-39.325896,-37.598600
1784109607084,136.760000,-10.449625,114.969260,32.317683,60.230361,54.738899,19.930761,29.355363,33.204034,-58.888371,-47.921290
1784109607104,136.780000,-78.527230,73.773210,33.692434,66.475070,7.298140,22.727621,29.004715,32.915275,-81.400241,-55.992054
1784109607124,136.800000,-63.162900,96.654930,35.050589,68.022725,28.632205,19.860123,28.686698,32.657443,-104.533840,-61.206253
1784109607144,136.820000,-118.103770,45.307198,36.388883,71.875407,-26.568209,8.145952,28.399445,32.427682,-124.401018,-63.461273
1784109607164,136.840000,-106.517610,55.275780,37.703503,70.079839,-14.804059,-9.674168,28.140791,32.222791,-136.578704,-63.099308
1784109607184,136.860000,-143.092790,8.928303,38.990066,69.399420,-60.471117,-28.053054,27.908292,32.039244,-137.663873,-60.703230
1784109607204,136.880000,-85.147940,41.026276,40.243640,63.856454,-22.830178,-39.271829,27.699238,31.873224,-126.857050,-56.797230
1784109607224,136.900000,-105.064150,20.990166,41.458848,61.972537,-40.982371,-37.582429,27.510685,31.720664,-106.382298,-51.545795
1784109607244,136.920000,-38.814537,56.266315,42.630043,58.074897,-1.808582,-24.959640,27.339475,31.577292,-80.649253,-44.591007
1784109607264,136.940000,-45.344650,19.080753,43.751518,58.069489,-38.988736,-11.033541,27.182277,31.438688,-55.028287,-35.158550
1784109607284,136.960000,22.864899,56.944412,44.817725,54.138829,2.805583,-2.223805,27.035617,31.300343,-34.356511,-22.430353
1784109607304,136.980000,-3.433568,19.436478,45.823477,54.344677,-34.908199,2.171629,26.895921,31.157729,-21.150794,-6.010725
1784109607324,137.000000,35.378197,62.202858,46.764101,50.560177,11.642681,5.039449,26.759558,31.006362,-14.466385,13.709702
1784109607344,137.020000,3.372266,29.576355,47.635512,51.375431,-21.799076,8.940925,26.622881,30.841879,-10.340122,35.397514
1784109607364,137.040000,39.445477,75.929970,48.434231,48.640690,27.289280,14.528948,26.482275,30.660104,-3.564561,56.901430
1784109607384,137.060000,13.954450,25.684183,49.157370,50.761658,-25.077475,18.541418,26.334203,30.457118,10.016208,75.694405
1784109607404,137.080000,73.035774,74.467770,49.802638,47.389260,27.078510,18.593665,26.175248,30.229326,31.378967,89.529110
1784109607424,137.100000,73.243286,42.060146,50.368378,49.126501,-7.066355,18.739908,26.002163,29.973514,57.313500,97.072060
1784109607444,137.120000,143.769410,70.209890,50.853655,47.218643,22.991247,19.484674,25.811909,29.686902,81.393261,98.277080
1784109607464,137.140000,135.747650,22.821507,51.258379,48.161753,-25.340246,16.008102,25.601698,29.361976,96.798502,94.347206
1784109607484,137.160000,165.232560,51.943325,51.583406,43.978118,7.965207,8.125227,25.369026,29.002447,99.654078,87.250370
1784109607504,137.180000,113.331260,15.066588,51.830545,42.923606,-27.857018,0.716215,25.111711,28.607090,90.874059,78.914340
1784109607524,137.200000,131.456120,38.629803,52.002462,38.008534,0.621269,-3.629547,24.827918,28.175209,75.461618,70.427890
1784109607544,137.220000,71.259340,-10.847628,52.102502,35.749013,-46.596641,-7.564930,24.516182,27.706656,60.108454,61.658844
1784109607564,137.240000,98.572556,18.986400,52.134497,28.500915,-9.514515,-12.096870,24.175429,27.201813,50.466709,51.509740
1784109607584,137.260000,66.394470,-11.773870,52.102595,24.806096,-36.579966,-13.250454,23.804989,26.661582,49.088578,38.671270
1784109607604,137.280000,108.282974,21.708048,52.011155,18.237921,3.470127,-8.798276,23.404599,26.087352,54.816562,22.470526
1784109607624,137.300000,90.111694,3.551150,51.864709,15.621443,-12.070292,0.246972,22.974411,25.480966,63.701075,3.404482
1784109607644,137.320000,131.902250,65.355430,51.667961,11.414221,53.941209,14.963174,22.514985,24.844682,70.865051,-16.855590
1784109607664,137.340000,94.086060,45.255356,51.425809,13.909900,31.345456,33.643765,22.027280,24.225995,72.494265,-35.963535
1784109607684,137.360000,122.457306,86.631590,51.143333,14.249222,72.382368,48.102824,21.512641,23.532328,67.060358,-51.673656
1784109607704,137.380000,62.263180,56.485157,50.825735,18.878481,37.606676,52.510641,20.972782,22.817610,55.363033,-62.563755
1784109607724,137.400000,87.751170,91.012146,50.478238,20.203458,70.808688,47.792462,20.409757,22.085315,39.628751,-68.424614
1784109607744,137.420000,30.498950,11.904842,50.105964,25.081788,-13.176946,32.407024,19.825936,21.339085,22.407661,-70.182465
1784109607764,137.440000,46.582764,84.845146,49.713815,21.741342,63.103804,12.080604,19.223975,20.582678,5.895620,-69.431510
1784109607784,137.460000,-6.910278,44.174390,49.306358,26.294744,17.879646,2.655363,18.606777,19.819925,-8.480920,-67.825714
1784109607804,137.480000,14.538844,115.141270,48.887726,26.570681,88.570589,7.222268,17.977458,19.054686,-20.441097,-66.588720
1784109607824,137.500000,-27.391283,99.300290,48.461546,34.209431,65.090859,20.379053,17.339310,18.290819,-30.872983,-66.267426
1784109607844,137.520000,3.398462,143.132300,48.030896,39.774288,103.358012,33.366787,16.695756,17.532140,-41.109611,-66.710120
1784109607864,137.540000,-52.025906,109.123260,47.598300,49.443009,59.680251,36.197789,16.050314,16.782399,-51.658199,-67.216980
1784109607884,137.560000,-33.501205,129.990260,47.165714,54.987682,75.002578,26.040418,15.406556,16.045254,-61.462693,-66.841576
1784109607904,137.580000,-77.441740,91.511290,46.734503,62.292477,29.218813,6.907740,14.768070,15.324255,-68.442465,-64.768810
1784109607924,137.600000,-58.362038,108.359730,46.305416,65.217959,43.141771,-14.102596,14.138418,14.622823,-70.804248,-60.598570
1784109607944,137.620000,-76.207000,52.868900,45.878585,69.714072,-16.845172,-34.246205,13.521106,13.944242,-68.242112,-54.383083
1784109607964,137.640000,-28.849552,74.470890,45.453583,68.367949,6.102941,-52.230554,12.919545,13.291644,-62.060244,-46.410553
1784109607984,137.660000,-73.045690,20.917046,45.029518,69.449221,-48.532175,-65.550701,12.337026,12.668002,-54.019159,-36.915043
1784109608004,137.680000,-30.232720,44.678795,44.605141,65.184935,-20.506140,-73.505338,11.776687,12.076127,-45.506485,-25.964180
1784109608024,137.700000,-53.468143,-10.414642,44.178922,63.811258,-74.225900,-77.181142,11.241493,11.518655,-37.881961,-13.604340
1784109608044,137.720000,-10.718583,18.009834,43.749124,57.145641,-39.135807,-77.598769,10.734213,10.998049,-32.670354,-0.082150
1784109608064,137.740000,-47.283054,-38.991684,43.313900,54.032655,-93.024339,-75.545362,10.257405,10.516591,-30.920954,14.079463
1784109608084,137.760000,-15.678788,-10.449625,42.871351,45.574569,-56.024194,-72.117447,9.813400,10.076380,-32.616996,28.154700
1784109608104,137.780000,-54.366220,-78.527230,42.419564,40.820740,-119.347970,-69.136685,9.404293,9.679327,-36.718433,41.297203
1784109608124,137.800000,-22.230728,-63.162900,41.956621,29.753930,-92.916830,-69.121693,9.031939,9.327157,-41.524612,52.602370
1784109608144,137.820000,-66.333786,-118.103770,41.480595,21.317199,-139.420969,-69.933612,8.697949,9.021401,-45.046384,61.223454
1784109608164,137.840000,-32.945614,-106.517610,40.989550,8.232527,-114.750137,-68.167057,8.403688,8.763403,-45.560212,66.540490
1784109608184,137.860000,-48.906895,-143.092790,40.481540,-2.412534,-140.680256,-61.710536,8.150282,8.554315,-42.172544,68.315090
1784109608204,137.880000,-9.200722,-85.147940,39.954650,-15.669883,-69.478057,-44.455434,7.938624,8.395103,-34.618270,66.795190
1784109608224,137.900000,-50.643650,-105.064150,39.407055,-21.893312,-83.170838,-14.495142,7.769381,8.286546,-22.712315,62.720700
1784109608244,137.920000,9.973282,-38.814537,38.837070,-29.570854,-9.243683,21.340646,7.643009,8.229246,-6.879219,57.156174
1784109608264,137.940000,3.604179,-45.344650,38.243210,-30.013159,-15.331491,56.384324,7.559761,8.223633,10.882503,51.209583
1784109608284,137.960000,61.517944,22.864899,37.624284,-31.222317,54.087216,86.736216,7.519706,8.269969,27.554629,45.832287
1784109608304,137.980000,23.083956,-3.433568,36.979515,-25.716938,22.283370,107.546557,7.522744,8.368361,40.718018,41.759506
1784109608324,138.000000,79.301530,35.378197,36.308614,-23.588108,58.966305,113.517868,7.568618,8.582348,49.246171,39.428060
1784109608344,138.020000,45.789845,3.372266,35.611803,-18.020509,21.392775,105.681701,7.656933,8.786095,52.995589,38.800503
1784109608364,138.040000,78.537540,39.445477,34.889814,-16.392297,55.837774,91.064456,7.787171,9.041543,52.579655,39.272575
1784109608384,138.060000,47.199630,13.954450,34.143865,-11.527949,25.482399,76.599482,7.958703,9.348264,49.234216,39.813030
1784109608404,138.080000,67.543594,73.035774,33.375609,-9.859427,82.895201,68.450180,8.170804,9.705712,44.475264,39.259995
1784109608424,138.100000,42.453213,73.243286,32.587064,-2.661497,75.904783,70.664110,8.422663,10.113232,39.702462,36.615940
1784109608444,138.120000,61.952007,143.769410,31.780542,3.649240,140.120170,81.666409,8.713395,10.570056,35.955699,31.272608
1784109608464,138.140000,37.846344,135.747650,30.958592,16.128172,119.619478,93.949475,9.042045,11.075310,33.883781,23.144240
1784109608484,138.160000,69.030170,165.232560,30.123946,26.343562,138.888998,96.032597,9.407596,11.628006,33.874284,12.683194
1784109608504,138.180000,30.280993,113.331260,29.279484,38.260461,75.070799,78.834386,9.808970,12.227039,36.197071,0.773631
1784109608524,138.200000,68.134710,131.456120,28.428194,43.672278,87.783842,45.270819,10.245032,12.871179,40.704467,-11.476807
1784109608544,138.220000,50.011620,71.259340,27.573150,50.230018,21.029322,6.356175,10.714583,13.560822,46.271709,-22.972742
1784109608564,138.240000,85.796620,98.572556,26.717501,50.101931,48.470625,-27.576023,11.216363,14.293171,50.978753,-32.791843
1784109608584,138.260000,55.513040,66.394470,25.864489,52.683747,13.710723,-48.080810,11.749039,15.066554,53.027885,-40.248943
1784109608604,138.280000,84.346695,108.282974,25.017451,51.827060,56.455914,-52.778471,12.311200,15.879101,51.443438,-44.944183
1784109608624,138.300000,37.116310,90.111694,24.179783,55.228484,34.883210,-45.765773,12.901345,16.728715,46.074474,-46.858580
1784109608644,138.320000,75.620600,131.902250,23.354890,56.505991,75.396259,-33.700303,13.517875,17.613044,37.155458,-46.426296
1784109608664,138.340000,19.394379,94.086060,22.546118,61.808558,32.277502,-24.907268,14.159075,18.529452,25.111249,-44.458847
1784109608684,138.360000,39.686530,122.457306,21.756685,62.860594,59.596712,-24.653895,14.823103,19.474984,10.689654,-41.926080
1784109608704,138.380000,-10.982775,62.263180,20.989598,66.663430,-4.400250,-33.674647,15.507977,20.446337,-5.165163,-39.720024
1784109608724,138.400000,8.376513,87.751170,20.247555,64.217796,23.533374,-48.588267,16.211557,21.439829,-21.578842,-38.493935
1784109608744,138.420000,-36.782646,30.498950,19.532873,64.668526,-34.169576,-62.903934,16.931530,22.451371,-37.621985,-38.571920
1784109608764,138.440000,-12.125066,46.582764,18.847421,59.578000,-12.995236,-73.770164,17.665400,23.476442,-51.739423,-39.895645
1784109608784,138.460000,-68.417190,-6.910278,18.192589,56.793753,-63.704031,-81.077218,18.410474,24.510072,-61.234536,-42.036114
1784109608804,138.480000,-49.475350,14.538844,17.569241,49.242992,-34.704148,-83.977077,19.163850,25.546826,-62.880067,-44.323710
1784109608824,138.500000,-73.076130,-27.391283,16.977684,44.831300,-72.222583,-81.424042,19.922411,26.580801,-54.980712,-46.050670
1784109608844,138.520000,-14.013806,3.398462,16.417683,36.993222,-33.594759,-73.087164,20.682815,27.605629,-39.223363,-46.586414
1784109608864,138.540000,-20.166325,-52.025906,15.888561,33.244286,-85.270192,-62.844826,21.441495,28.614487,-20.405387,-45.302210
1784109608884,138.560000,27.305119,-33.501205,15.389367,24.675649,-58.176854,-56.382125,22.194658,29.600119,-4.234055,-41.440792
1784109608904,138.580000,2.881436,-77.441740,14.919037,19.085168,-96.526908,-53.085807,22.938283,30.554872,5.025444,-34.209362
1784109608924,138.600000,34.799526,-58.362038,14.476509,10.018520,-68.380558,-49.141263,23.668134,31.470732,5.786607,-23.177786
1784109608944,138.620000,-14.765706,-76.207000,14.060764,4.036017,-80.243017,-40.427737,24.379762,32.339385,-0.893555,-8.736381
1784109608964,138.640000,16.316559,-28.849552,13.670816,-2.845634,-26.003918,-22.379763,25.068520,33.152273,-12.275951,7.723591
1784109608984,138.660000,-32.806522,-73.045690,13.305665,-4.188166,-68.857524,-0.711674,25.729578,33.900676,-25.064165,24.060354
1784109609004,138.680000,-7.099261,-30.232720,12.964245,-9.595310,-20.637410,14.824958,26.357941,34.575790,-36.087661,37.956257
1784109609024,138.700000,-58.021110,-53.468143,12.645372,-10.121784,-43.346359,25.453213,26.948471,35.168827,-42.860746,47.547350
1784109609044,138.720000,-7.696482,-10.718583,12.347705,-12.811826,2.093243,35.518914,27.495910,35.671116,-44.264727,51.861120
1784109609064,138.740000,-37.769573,-47.283054,12.069733,-11.008877,-36.274177,43.387845,27.994912,36.074208,-40.611515,50.980940
1784109609084,138.760000,3.658698,-15.678788,11.809831,-12.993084,-2.685704,45.636636,28.440069,36.369999,-32.777390,45.972840
1784109609104,138.780000,-20.921064,-54.366220,11.566315,-11.691336,-42.674884,42.373000,28.825948,36.550841,-21.459297,38.593235
1784109609124,138.800000,19.879562,-22.230728,11.337510,-14.350733,-7.879995,36.665400,29.147125,36.609665,-7.376362,30.811205
1784109609144,138.820000,13.173592,-66.333786,11.121812,-13.617785,-52.716001,30.506207,29.398224,36.540096,8.005087,24.303741
1784109609164,138.840000,70.904490,-32.945614,10.917770,-17.324833,-15.620781,24.659187,29.573961,36.336566,22.342515,20.152180
1784109609184,138.860000,40.505140,-48.906895,10.724189,-17.408056,-31.498839,23.270455,29.669177,35.994419,33.354632,18.811695
1784109609204,138.880000,78.807920,-9.200722,10.540210,-19.120956,9.920234,29.050913,29.678889,35.510005,39.663764,20.195580
1784109609224,138.900000,50.736103,-50.643650,10.365333,-16.867880,-33.775770,35.256146,29.598331,34.880765,40.585242,23.716856
1784109609244,138.920000,79.773530,9.973282,10.199412,-19.021905,28.995187,38.275334,29.422995,34.105296,35.609881,28.324738
1784109609264,138.940000,39.550823,3.604179,10.042615,-15.127551,18.731730,45.159773,29.148680,33.183405,24.368588,32.665386
1784109609284,138.960000,66.140500,61.517944,9.895375,-12.444230,73.962174,58.158291,28.771530,32.116139,7.064224,35.374310
1784109609304,138.980000,5.657923,23.083956,9.758310,-4.570489,27.654445,67.836142,28.288081,30.905799,-14.822470,35.362873
1784109609324,139.000000,12.568304,79.301530,9.632113,-1.499846,80.801376,67.599206,27.695302,29.555931,-38.218749,31.971304
1784109609344,139.020000,-34.616524,45.789845,9.517420,6.583955,39.205890,61.096544,26.990634,28.071300,-59.114537,24.983103
1784109609364,139.040000,-22.005543,78.537540,9.414678,10.351634,68.185906,50.611417,26.172033,26.457837,-73.647284,14.597267
1784109609384,139.060000,-64.395000,47.199630,9.324044,16.807230,30.392400,36.981875,25.238004,24.722565,-79.119708,1.440125
1784109609404,139.080000,-18.471626,67.543594,9.245333,19.398260,48.145334,22.054410,24.187642,22.873508,-74.966651,-13.398891
1784109609424,139.100000,-26.844894,42.453213,9.178026,23.654721,18.798492,7.672970,23.020661,20.919576,-62.913509,-28.375856
1784109609444,139.120000,20.492092,61.952007,9.121369,24.956900,36.995107,-3.879356,21.737429,18.870432,-45.679268,-41.598100
1784109609464,139.140000,-0.798375,37.846344,9.074494,28.030966,9.815378,-12.385425,20.338996,16.736337,-25.398881,-51.084890
1784109609484,139.160000,50.482110,69.030170,9.036541,28.412997,40.617173,-17.011601,18.827119,14.527994,-3.367989,-55.210278
1784109609504,139.180000,39.846024,30.280993,9.006750,31.846035,-1.565042,-19.574650,17.204285,12.256359,19.047922,-53.179700
1784109609524,139.200000,98.495000,68.134710,8.984564,31.126990,37.007720,-22.346278,15.473724,9.932466,39.698192,-45.258392
1784109609544,139.220000,85.201920,50.011620,8.969727,34.263371,15.748249,-22.002306,13.639427,7.567236,55.950114,-32.617947
1784109609564,139.240000,120.002470,85.796620,8.962383,35.318928,50.477692,-17.147928,11.706149,5.171287,65.675320,-16.961617
1784109609584,139.260000,95.422540,55.513040,8.963114,39.840190,15.672850,-12.308105,9.679411,2.754766,68.032916,-0.191051
1784109609604,139.280000,115.398070,84.346695,8.972931,40.936698,43.409997,-11.556821,7.565494,0.327174,63.714979,15.782852
1784109609624,139.300000,72.922050,37.116310,8.993220,44.824348,-7.708038,-16.593488,5.371427,-2.102773,54.787540,29.158325
1784109609644,139.320000,97.228320,75.620600,9.025642,43.690321,31.930279,-24.719543,3.104971,-4.527266,44.222182,38.392400
1784109609664,139.340000,43.881844,19.394379,9.072029,46.556425,-27.162046,-32.213178,0.774589,-6.939494,35.324796,42.403050
1784109609684,139.360000,63.806396,39.686530,9.134269,43.616844,-3.930314,-40.637910,-1.610587,-9.333705,30.910438,40.753048
1784109609704,139.380000,39.215492,-10.982775,9.214197,43.070970,-54.053745,-49.985269,-4.040792,-11.705220,32.159144,33.744015
1784109609724,139.400000,78.375170,8.376513,9.313538,37.623234,-29.246721,-57.473143,-6.505675,-14.050418,38.179618,22.416573
1784109609744,139.420000,43.083786,-36.782646,9.433896,34.733995,-71.516641,-61.322573,-8.994359,-16.366675,46.797276,8.458236
1784109609764,139.440000,79.597970,-12.125066,9.576772,27.715775,-39.840841,-60.630126,-11.495491,-18.652264,55.451222,-6.040970
1784109609784,139.460000,52.756355,-68.417190,9.743568,23.932017,-92.349207,-57.800182,-13.997317,-20.906216,61.514105,-19.010826
1784109609804,139.480000,85.993100,-49.475350,9.935600,14.977764,-64.453114,-56.299600,-16.487745,-23.128145,62.714446,-28.858910
1784109609824,139.500000,35.953110,-73.076130,10.154099,8.868689,-81.944819,-52.298461,-18.954430,-25.318044,57.928788,-34.761738
1784109609844,139.520000,66.541824,-14.013806,10.400186,1.056578,-15.070384,-36.998116,-21.384850,-27.476051,47.729746,-36.730038
1784109609864,139.540000,-0.654951,-20.166325,10.674819,-0.030915,-20.135410,-8.817575,-23.766392,-29.602201,34.410043,-35.509186
1784109609884,139.560000,15.162195,27.305119,10.978701,-1.584312,28.889431,22.810490,-26.086445,-31.696165,21.337909,-32.367810
1784109609904,139.580000,-48.271973,2.881436,11.312177,1.830508,1.050928,45.879308,-28.332485,-33.756985,11.390324,-28.799810
1784109609924,139.600000,-32.045326,34.799526,11.675117,2.527759,32.271767,54.900743,-30.492173,-35.782825,4.881261,-26.182085
1784109609944,139.620000,-5.894536,-14.765706,12.066859,6.446344,-21.212050,49.934724,-32.553449,-37.770726,-1.071354,-25.404963
1784109609964,139.640000,-30.926622,16.316559,12.486241,5.075708,11.240851,35.949809,-34.504623,-39.716401,-9.665409,-26.513830
1784109609984,139.660000,-96.940290,-32.806522,12.931664,7.041110,-39.847632,20.676808,-36.334471,-41.614061,-20.844282,-28.644608
1784109610004,139.680000,-81.967160,-7.099261,13.401037,3.914976,-11.014238,7.857139,-38.032322,-43.456281,-31.951123,-30.525612
1784109610024,139.700000,-115.588050,-58.021110,13.891683,3.712209,-61.733319,-2.364274,-39.588153,-45.233927,-40.983709,-31.250376
1784109610044,139.720000,-88.133990,-7.696482,14.400307,-1.631013,-6.065469,-7.333627,-40.992667,-46.936135,-47.812956,-30.632498
1784109610064,139.740000,-124.727020,-37.769573,14.923039,-1.404556,-36.365017,-3.060053,-42.237376,-48.550352,-52.905172,-28.884336
1784109610084,139.760000,-117.123634,3.658698,15.455492,-4.291274,7.949972,7.204997,-43.314674,-50.062445,-55.807214,-26.119050
1784109610104,139.780000,-155.074650,-20.921064,15.992800,-2.761649,-18.159415,17.499780,-44.217908,-51.456871,-55.190292,-22.231752
1784109610124,139.800000,-118.267590,19.879562,16.529640,-3.941489,23.821051,25.498753,-44.941437,-52.716916,-50.291159,-17.117521
1784109610144,139.820000,-140.609830,13.173592,17.060286,-0.944537,14.118129,32.841819,-45.480684,-53.824981,-41.970409,-10.841129
1784109610164,139.840000,-97.612076,70.904490,17.578713,1.017356,69.887134,43.356595,-45.832188,-54.762938,-32.370277,-3.565236
1784109610184,139.860000,-134.163590,40.505140,18.078726,8.619381,31.885759,53.555850,-45.993634,-55.512517,-23.888322,4.612793
1784109610204,139.880000,-89.449356,78.807920,18.554069,12.368919,66.439001,55.496608,-45.963886,-56.055734,-18.524708,13.670409
1784109610224,139.900000,-118.525710,50.736103,18.998520,19.596375,31.139728,48.830090,-45.743005,-56.375352,-17.533581,23.495005
1784109610244,139.920000,-98.822630,79.773530,19.405965,23.202030,56.571500,37.707119,-45.332260,-56.455338,-20.896670,33.721380
1784109610264,139.940000,-135.017260,39.550823,19.770448,29.306323,10.244500,23.915769,-44.734125,-56.281338,-27.147787,43.687775
1784109610284,139.960000,-103.978280,66.140500,20.086183,30.587070,35.553430,8.937550,-43.952275,-55.841131,-33.885154,52.508030
1784109610304,139.980000,-152.982210,5.657923,20.347562,34.252114,-28.594191,-7.329793,-42.991566,-55.125058,-38.432625,59.235077
1784109610324,140.000000,-117.681625,12.568304,20.549147,31.170446,-18.602142,-27.059072,-41.858002,-54.126412,-38.720696,63.083374
1784109610344,140.020000,-135.551510,-34.616524,20.685687,28.766428,-63.382952,-46.856235,-40.558709,-52.841784,-34.351279,63.649900
1784109610364,140.040000,-91.593340,-22.005543,20.752157,21.447503,-43.453046,-60.429871,-39.101876,-51.271337,-26.793150,61.073080
1784109610384,140.060000,-107.747800,-64.395000,20.743848,15.731662,-80.126662,-65.956401,-37.496711,-49.419016,-18.416569,56.079926
1784109610404,140.080000,-57.067200,-18.471626,20.656467,5.888328,-24.359954,-61.273855,-35.753372,-47.292681,-11.142052,49.861150
1784109610424,140.100000,-94.231080,-26.844894,20.486229,1.291478,-28.136372,-43.052442,-33.882901,-44.904148,-5.416375,43.748660
1784109610444,140.120000,-53.130474,20.492092,20.229918,-4.005323,24.497415,-15.364426,-31.897139,-42.269152,-0.303420,38.789555
1784109610464,140.140000,-71.191770,-0.798375,19.884910,-4.254922,3.456547,10.907379,-29.808651,-39.404325,5.256634,35.419940
1784109610484,140.160000,-23.317034,50.482110,19.449196,-6.846534,57.328644,29.560641,-27.630629,-36.336946,11.357199,33.421207
1784109610504,140.180000,-46.018180,39.846024,18.921424,-4.202164,44.048188,42.731577,-25.376800,-33.093472,17.037890,32.172344
1784109610524,140.200000,2.527000,98.495000,18.300941,-3.050724,101.545724,54.332153,-23.061326,-29.703197,20.732758,31.008734
1784109610544,140.220000,-25.744720,85.201920,17.587816,3.742779,81.459141,64.824898,-20.698698,-26.197805,20.827680,29.452120
1784109610564,140.240000,12.493424,120.002470,16.782853,8.388089,111.614381,69.639462,-18.303638,-22.610866,16.237710,27.233765
1784109610584,140.260000,-16.436743,95.422540,15.887570,15.913465,79.509075,65.083522,-15.890980,-18.977278,6.934883,24.201078
1784109610604,140.280000,3.927434,115.398070,14.904160,20.057882,95.340188,52.090646,-13.475572,-15.332680,-5.625065,20.219710
1784109610624,140.300000,-38.956530,72.922050,13.835420,25.603660,47.318390,32.585175,-11.072159,-11.712853,-18.629468,15.116221
1784109610644,140.320000,-12.205529,97.228320,12.684647,26.150046,71.078274,10.999471,-8.695275,-8.153104,-28.989976,8.673945
1784109610664,140.340000,-33.841600,43.881844,11.455540,28.867965,15.013879,-8.776725,-6.359142,-4.687673,-34.665755,0.714581
1784109610684,140.360000,1.829902,63.806396,10.152136,25.794183,38.012213,-26.281161,-4.077553,-1.349153,-35.134359,-8.716184
1784109610704,140.380000,-17.291119,39.215492,8.778789,24.834177,14.381315,-37.375951,-1.863779,1.832041,-31.000827,-19.149055
1784109610724,140.400000,25.463844,78.375170,7.340168,21.352616,57.022554,-37.092858,0.269538,4.828166,-23.486952,-29.649378
1784109610744,140.420000,18.175010,43.083786,5.841278,21.942349,21.141437,-29.327508,2.310475,7.614577,-14.017354,-39.004757
1784109610764,140.440000,59.969696,79.597970,4.287490,18.793917,60.804053,-21.660384,4.247921,10.170082,-3.651945,-46.035156
1784109610784,140.460000,42.698154,52.756355,2.684573,19.409774,33.346581,-15.943680,6.071663,12.477219,7.379965,-49.879160
1784109610804,140.480000,85.115020,85.993100,1.038717,17.116460,68.876640,-11.386992,7.772460,14.522454,19.458095,-50.189556
1784109610824,140.500000,72.931320,35.953110,-0.643467,18.146534,17.806576,-10.771276,9.342115,16.296285,32.760298,-47.206768
1784109610844,140.520000,118.882920,66.541824,-2.354948,13.934211,52.607613,-15.632649,10.773539,17.793263,46.550273,-41.670840
1784109610864,140.540000,111.532090,-0.654951,-4.088262,12.999997,-13.654948,-24.833023,12.060800,19.011922,59.075178,-34.584390
1784109610884,140.560000,158.361920,15.162195,-5.835508,5.391398,9.770797,-38.058065,13.199172,19.954633,68.280515,-26.931229
1784109610904,140.580000,122.831100,-48.271973,-7.588339,0.048656,-48.320629,-52.171963,14.185165,20.627373,72.959096,-19.494421
1784109610924,140.600000,160.636020,-32.045326,-9.338002,-11.017863,-21.027463,-62.984610,15.016549,21.039438,73.324816,-12.856257
1784109610944,140.620000,114.288605,-5.894536,-11.075418,-19.294735,13.400199,-58.182301,15.692372,21.203090,70.596826,-7.527667
1784109610964,140.640000,148.229060,-30.926622,-12.791299,-24.118924,-6.807698,-37.530188,16.212953,21.133164,66.097662,-4.053709
1784109610984,140.660000,106.209750,-96.940290,-14.476267,-30.891849,-66.048441,-28.484267,16.579884,20.846641,60.495748,-2.968111
1784109611004,140.680000,132.981170,-81.967160,-16.120969,-43.384148,-38.583012,-38.443650,16.796003,20.362207,53.601407,-4.612752
1784109611024,140.700000,89.716995,-115.588050,-17.716193,-52.935455,-62.652595,-47.677524,16.865366,19.699804,44.677501,-8.960827
1784109611044,140.720000,113.631134,-88.133990,-19.252967,-64.650526,-23.483464,-44.267190,16.793210,18.880190,33.052013,-15.564576
1784109611064,140.740000,61.293976,-124.727020,-20.722673,-72.200895,-52.526125,-31.099773,16.585899,17.924522,18.898834,-23.652136
1784109611084,140.760000,70.802350,-117.123634,-22.117157,-82.387799,-34.735835,-18.490703,16.250868,16.853971,3.733621,-32.323720
1784109611104,140.780000,17.284320,-155.074650,-23.428851,-90.494424,-64.580226,-12.574641,15.796554,15.689381,-9.916062,-40.767025
1784109611124,140.800000,26.016298,-118.267590,-24.650911,-101.301860,-16.965730,-8.102804,15.232320,14.450972,-19.658544,-48.406128
1784109611144,140.820000,2.004236,-140.609830,-25.777314,-106.951847,-33.657983,2.247140,14.568374,13.158105,-24.480256,-54.903973
1784109611164,140.840000,22.149948,-97.612076,-26.802921,-113.889291,16.277215,18.398163,13.815680,11.829100,-25.011571,-60.000310
1784109611184,140.860000,-4.607748,-134.163590,-27.723467,-115.284819,-18.878771,33.814322,12.985860,10.481117,-22.656197,-63.302734
1784109611204,140.880000,18.351597,-89.449356,-28.535538,-119.738448,30.289092,43.387145,12.091102,9.130097,-18.589163,-64.221320
1784109611224,140.900000,-13.639946,-118.525710,-29.236537,-118.631317,0.105607,48.534551,11.144052,7.790750,-13.383826,-62.132540
1784109611244,140.920000,16.268747,-98.822630,-29.824648,-120.001330,21.178700,48.663237,10.157707,6.476602,-7.275847,-56.663677
1784109611264,140.940000,-16.330803,-135.017260,-30.298804,-118.641803,-16.375457,41.780388,9.145314,5.200079,-0.700155,-47.895080
1784109611284,140.960000,24.046022,-103.978280,-30.658639,-120.560164,16.581884,32.066994,8.120255,3.972633,5.376509,-36.367596
1784109611304,140.980000,-11.087745,-152.982210,-30.904432,-118.588596,-34.393614,22.621200,7.095940,2.804888,9.674976,-22.927353
1784109611324,141.000000,17.666466,-117.681625,-31.037044,-121.318898,3.637273,13.684386,6.085698,1.503061,11.208384,-8.526551
1784109611344,141.020000,-22.265130,-135.551510,-31.057881,-119.725554,-15.825956,10.081886,5.102668,0.485763,9.689145,5.905670
1784109611364,141.040000,0.427744,-91.593340,-30.968868,-119.646772,28.053432,14.961085,4.159696,-0.441703,5.515959,19.498114
1784109611384,141.060000,-43.473620,-107.747800,-30.772453,-114.636127,6.888327,24.503988,3.269227,-1.270438,-0.481903,31.442102
1784109611404,141.080000,-25.223103,-57.067200,-30.471607,-111.306684,54.239484,34.380789,2.443212,-1.991567,-7.431031,41.034725
1784109611424,141.100000,-60.527565,-94.231080,-30.069839,-102.721293,8.490213,39.667418,1.693007,-2.596130,-14.756171,47.769810
1784109611444,141.120000,-44.076317,-53.130474,-29.571199,-98.370497,45.240023,36.616106,1.029286,-3.075007,-22.165796,51.439335
1784109611464,141.140000,-78.657580,-71.191770,-28.980264,-89.966213,18.774443,29.927357,0.461958,-3.418884,-29.296213,52.194470
1784109611484,141.160000,-57.435250,-23.317034,-28.302127,-83.948527,60.631493,26.285467,0.000085,-3.618272,-35.314971,50.525024
1784109611504,141.180000,-107.779655,-46.018180,-27.542373,-73.458780,27.440600,25.778603,-0.348185,-3.663560,-38.879072,47.144653
1784109611524,141.200000,-75.134640,2.527000,-26.707065,-66.126299,68.653299,25.637389,-0.575680,-3.545130,-38.922450,42.814594
1784109611544,141.220000,-97.375110,-25.744720,-25.802720,-54.505102,28.760382,23.818550,-0.676264,-3.253506,-35.744329,38.202970
1784109611564,141.240000,-62.775260,12.493424,-24.836244,-46.824048,59.317472,18.540309,-0.644877,-2.779547,-31.105921,33.869730
1784109611584,141.260000,-81.874954,-16.436743,-23.814824,-36.056738,19.619995,10.225677,-0.477575,-2.114684,-27.229087,30.343683
1784109611604,141.280000,-55.651382,3.927434,-22.745827,-29.319279,33.246713,-0.817169,-0.171560,-1.251170,-25.597962,28.145164
1784109611624,141.300000,-87.874480,-38.956530,-21.636710,-21.309763,-17.646767,-15.625679,0.274806,-0.182366,-26.332522,27.652723
1784109611644,141.320000,-55.695824,-12.205529,-20.494962,-18.537553,6.332024,-31.329070,0.861987,1.096971,-28.410515,28.894232
1784109611664,141.340000,-95.804830,-33.841600,-19.328064,-13.526292,-20.315308,-41.052077,1.589276,2.590400,-30.391256,31.442797
1784109611684,141.360000,-58.899963,1.829902,-18.143458,-11.358812,13.188714,-41.125871,2.454806,4.299508,-31.283908,34.509304
1784109611704,141.380000,-77.189310,-17.291119,-16.948513,-6.040224,-11.250895,-34.258201,3.455563,6.223655,-31.125717,37.196564
1784109611724,141.400000,-50.074295,25.463844,-15.750464,-3.375956,28.839800,-24.341894,4.587419,8.359736,-30.698614,38.799720
1784109611744,141.420000,-73.221620,18.175010,-14.556352,3.044270,15.130740,-12.639196,5.845165,10.701991,-30.824029,39.002613
1784109611764,141.440000,-31.570652,59.969696,-13.372967,7.823183,52.146513,-0.332556,7.222559,13.241857,-31.896382,37.881733
1784109611784,141.460000,-63.379288,42.698154,-12.206800,15.965648,26.732506,9.214047,8.712373,15.967882,-33.403200,35.758260
1784109611804,141.480000,-37.483006,85.115020,-11.063995,21.225823,63.889197,14.446684,10.306459,18.865684,-33.700033,33.007282
1784109611824,141.500000,-63.662582,72.931320,-9.950335,29.775396,43.155924,17.491833,11.995810,21.917990,-30.896725,29.899696
1784109611844,141.520000,-6.849823,118.882920,-8.871226,35.824796,83.058124,20.782075,13.770635,25.104728,-24.289967,26.531921
1784109611864,141.540000,-23.906693,111.532090,-7.831656,45.328620,66.203470,25.328079,15.620436,28.403190,-14.751142,22.912786
1784109611884,141.560000,21.521141,158.361920,-6.836104,52.609602,105.752318,30.667130,17.534089,31.788257,-3.921832,19.161776
1784109611904,141.580000,13.342245,122.831100,-5.888466,63.180233,59.650867,32.021259,19.499933,35.232676,6.611403,15.617877
1784109611924,141.600000,53.589687,160.636020,-4.991979,68.562352,92.073668,25.521742,21.505856,38.707401,15.749610,12.732235
1784109611944,141.620000,38.936700,114.288605,-4.149173,76.498144,37.790461,12.926545,23.539387,42.181967,23.089760,10.836811
1784109611964,141.640000,82.953740,148.229060,-3.361836,78.469951,69.759109,-2.066002,25.587785,45.624912,28.890714,9.969268
1784109611984,141.660000,56.925575,106.209750,-2.630997,83.000116,23.209634,-15.077460,27.638136,49.004215,33.883073,9.839499
1784109612004,141.680000,97.335360,132.981170,-1.956933,82.408177,50.572993,-24.579436,29.677440,52.287759,38.838359,9.910521
1784109612024,141.700000,79.325140,89.716995,-1.339188,84.001137,5.715858,-31.653285,31.692702,55.443791,43.902790,9.543935
1784109612044,141.720000,123.125300,113.631134,-0.776596,80.762056,32.869078,-37.104325,33.671018,58.441389,48.291825,8.174235
1784109612064,141.740000,108.690760,61.293976,-0.267297,79.809524,-18.515548,-42.295975,35.599661,61.250901,50.821210,5.475729
1784109612084,141.760000,131.629560,70.802350,0.191255,73.563808,-2.761458,-49.342139,37.466161,63.844364,50.913934,1.452758
1784109612104,141.780000,109.583496,17.284320,0.602246,68.713634,-51.429314,-58.068144,39.258377,66.195893,49.128743,-3.625523
1784109612124,141.800000,134.153350,26.016298,0.969440,59.123352,-33.107054,-65.858069,40.964574,68.282024,46.826810,-9.416726
1784109612144,141.820000,101.383160,2.004236,1.297085,51.457297,-49.453061,-67.260493,42.573482,70.082004,45.386881,-15.679507
1784109612164,141.840000,136.557650,22.149948,1.589832,42.404603,-20.254655,-58.517300,44.074359,71.578043,45.299704,-22.311800
1784109612184,141.860000,109.497170,-4.607748,1.852651,36.402498,-41.010246,-43.758162,45.457041,72.755493,45.595103,-29.249771
1784109612204,141.880000,150.455060,18.351597,2.090772,28.642996,-10.291399,-28.696089,46.711993,73.602979,44.205741,-36.316990
1784109612224,141.900000,115.985640,-13.639946,2.309651,24.119740,-37.759686,-16.665087,47.830342,74.112471,39.273214,-43.131054
1784109612244,141.920000,137.269640,16.268747,2.514921,17.256586,-0.987839,-7.738725,48.803918,74.279292,30.625223,-49.152866
1784109612264,141.940000,88.223830,-16.330803,2.712316,14.250131,-30.580934,-0.288908,49.625274,74.102082,20.340635,-53.893093
1784109612284,141.960000,98.753800,24.046022,2.907556,8.734355,15.311667,7.315255,50.287709,73.582699,11.812682,-57.166120
1784109612304,141.980000,73.048540,-11.087745,3.106219,7.919506,-19.007251,15.408416,50.785282,72.726084,7.829015,-59.203640
1784109612324,142.000000,92.130226,17.666466,3.313640,4.106017,13.560449,20.926695,51.112818,71.540075,8.994954,-60.500410
1784109612344,142.020000,75.842370,-22.265130,3.534854,3.721680,-25.986810,21.654069,51.265910,70.035197,13.288448,-61.463654
1784109612364,142.040000,111.500320,0.427744,3.774586,-0.062238,0.489982,18.091376,51.240917,68.224413,16.770618,-62.096817
1784109612384,142.060000,84.145996,-43.473620,4.037271,-0.874781,-42.598839,11.764714,51.034952,66.122859,15.398375,-61.921436
1784109612404,142.080000,94.399460,-25.223103,4.327072,-5.262985,-19.960118,4.141777,50.645874,63.747562,7.156465,-60.195004
1784109612424,142.100000,38.490704,-60.527565,4.647848,-6.879835,-53.647730,-2.427977,50.072263,61.117145,-6.991243,-56.334354
1784109612444,142.120000,53.754650,-44.076317,5.003069,-11.101759,-32.974558,-6.475252,49.313407,58.251536,-23.850529,-50.336628
1784109612464,142.140000,-0.708853,-78.657580,5.395707,-12.737674,-65.919906,-8.829322,48.369272,55.171671,-39.419369,-42.931300
1784109612484,142.160000,9.677653,-57.435250,5.828134,-17.056861,-40.378389,-9.773816,47.240479,51.899211,-50.120972,-35.334760
1784109612504,142.180000,-24.930586,-107.779655,6.302046,-18.503725,-89.275930,-11.420791,45.928275,48.456269,-53.929847,-28.753754
1784109612524,142.200000,1.590803,-75.134640,6.818425,-24.632372,-50.502268,-14.124699,44.434502,44.865149,-51.164026,-23.913050
1784109612544,142.220000,-17.077370,-97.375110,7.377549,-26.931937,-70.443173,-11.932426,42.761567,41.148105,-44.371394,-20.794840
1784109612564,142.240000,13.285619,-62.775260,7.979059,-31.527838,-31.247422,-2.385806,40.912414,37.327120,-37.274266,-18.643917
1784109612584,142.260000,-5.320472,-81.874954,8.622045,-32.500746,-49.374208,10.676018,38.890489,33.423704,-33.179480,-16.227396
1784109612604,142.280000,9.924986,-55.651382,9.305134,-35.794275,-19.857107,22.216428,36.699717,29.458706,-33.442859,-12.277425
1784109612624,142.300000,-34.223710,-87.874480,10.026543,-36.533192,-51.341288,27.876371,34.344464,25.452160,-36.868177,-5.974425
1784109612644,142.320000,-10.471937,-55.695824,10.784087,-41.107554,-14.588270,28.411408,31.829517,21.423137,-40.577291,2.707393
1784109612664,142.340000,-50.154316,-95.804830,11.575173,-42.474426,-53.330404,26.719112,29.160056,17.389621,-41.617217,12.958317
1784109612684,142.360000,-24.683504,-58.899963,12.396793,-48.514408,-10.385555,24.712092,26.341627,13.368408,-38.341604,23.440730
1784109612704,142.380000,-39.799350,-77.189310,13.245550,-50.769692,-26.419618,26.656068,23.380123,9.375012,-31.238017,32.804302
1784109612724,142.400000,-10.516378,-50.074295,14.117716,-55.275285,5.200990,32.636808,20.281758,5.423592,-22.798451,40.161686
1784109612744,142.420000,-23.085506,-73.221620,15.009314,-57.047114,-16.174506,37.732231,17.053056,1.526892,-16.342629,45.322067
1784109612764,142.440000,2.620008,-31.570652,15.916216,-61.538813,29.968161,41.576409,13.700828,-2.303812,-14.322926,48.718826
1784109612784,142.460000,-37.692974,-63.379288,16.834217,-61.675133,-1.704155,44.767219,10.232160,-6.058745,-16.883456,51.084927
1784109612804,142.480000,-20.062363,-37.483006,17.759063,-65.439677,27.956671,44.059905,6.654399,-9.729666,-21.618115,53.018444
1784109612824,142.500000,-56.879610,-63.662582,18.686442,-66.489162,2.826580,39.293792,2.975141,-13.309884,-24.694120,54.652270
1784109612844,142.520000,-29.072868,-6.849823,19.611961,-70.441360,63.591537,37.438899,-0.797776,-16.794268,-22.461172,55.611004
1784109612864,142.540000,-57.752327,-23.906693,20.531146,-68.306852,44.400159,43.295033,-4.656285,-20.179253,-12.859728,55.279613
1784109612884,142.560000,-6.276892,21.521141,21.439475,-68.168223,89.689364,52.030605,-8.592094,-23.462825,3.609721,53.218770
1784109612904,142.580000,-9.577710,13.342245,22.332456,-63.286667,76.628912,58.560619,-12.596698,-26.644512,23.895451,49.500030
1784109612924,142.600000,32.582176,53.589687,23.205751,-59.542432,113.132119,61.537545,-16.661381,-29.725351,43.688906,44.811320
1784109612944,142.620000,17.499733,38.936700,24.055311,-51.755760,90.692460,59.770657,-20.777226,-32.707855,59.080336,40.270520
1784109612964,142.640000,49.570217,82.953740,24.877471,-45.914421,128.868161,54.417601,-24.935122,-35.595960,67.513583,36.990395
1784109612984,142.660000,18.797977,56.925575,25.669002,-35.744009,92.669584,46.401200,-29.125772,-38.394961,68.021950,35.584866
1784109613004,142.680000,40.154370,97.335360,26.427110,-28.839240,126.174600,35.514423,-33.339705,-41.111437,61.134560,35.871830
1784109613024,142.700000,-3.227677,79.325140,27.149407,-18.057470,97.382610,24.212899,-37.567285,-43.753152,48.694204,36.909460
1784109613044,142.720000,13.700155,123.125300,27.833832,-9.745027,132.870327,15.239998,-41.798723,-46.328945,33.692240,37.307686
1784109613064,142.740000,-39.906796,108.690760,28.478571,2.687401,106.003359,9.087978,-46.024095,-48.848605,19.990587,35.654922
1784109613084,142.760000,-30.844654,131.629560,29.081952,12.896703,118.732857,2.127718,-50.233358,-51.322719,11.439594,30.898912
1784109613104,142.780000,-56.259926,109.583496,29.642338,24.893552,84.689944,-9.415096,-54.416365,-53.762513,10.282669,22.592524
1784109613124,142.800000,-27.465118,134.153350,30.158070,33.869867,100.283483,-23.684235,-58.562895,-56.179676,15.904956,11.019454
1784109613144,142.820000,-38.220430,101.383160,30.627466,44.842287,56.540873,-38.295509,-62.662665,-58.586161,24.951685,-2.771257
1784109613164,142.840000,7.697671,136.557650,31.048882,51.720945,84.836705,-50.739918,-66.705364,-60.993984,32.891729,-17.064936
1784109613184,142.860000,-35.368790,109.497170,31.420791,61.797433,47.699737,-57.965986,-70.680679,-63.415005,36.333905,-29.801280
1784109613204,142.880000,-16.239676,150.455060,31.741837,68.402906,82.052154,-59.633016,-74.578320,-65.860701,34.400672,-39.128357
1784109613224,142.900000,-54.421455,115.985640,32.010819,78.778354,37.207286,-58.508004,-78.388057,-68.341939,28.133186,-44.011078
1784109613244,142.920000,-34.029663,137.269640,32.226644,84.862872,52.406768,-59.982752,-82.099750,-70.868736,19.138707,-44.571915
1784109613264,142.940000,-77.918564,88.223830,32.388275,92.689090,-4.465260,-67.490740,-85.703386,-73.450032,8.858331,-41.947372
1784109613284,142.960000,-61.328373,98.753800,32.494687,94.893634,3.860166,-79.987075,-89.189111,-76.093461,-1.607463,-37.763190
1784109613304,142.980000,-99.516460,73.048540,32.544816,98.008732,-24.960192,-90.388395,-92.547273,-78.805137,-11.508286,-33.558178
1784109613324,143.000000,-88.884600,92.130226,32.537518,98.247028,-6.116802,-91.838066,-95.768458,-81.589446,-20.340351,-30.407326
1784109613344,143.020000,-118.384995,75.842370,32.471530,100.406284,-24.563914,-84.212611,-98.843525,-84.448870,-27.715148,-28.787477
1784109613364,143.040000,-106.997154,111.500320,32.345448,100.710298,10.790022,-69.333181,-101.763650,-87.383818,-33.232138,-28.620935
1784109613384,143.060000,-139.247600,84.145996,32.157713,104.588936,-20.442940,-51.995385,-104.520360,-90.392497,-36.431732,-29.427704
1784109613404,143.080000,-124.329630,94.399460,31.906610,105.313158,-10.913698,-40.613153,-107.105575,-93.470802,-37.116116,-30.529638
1784109613424,143.100000,-145.775240,38.490704,31.590262,106.957536,-68.466832,-41.190238,-109.511641,-96.612247,-35.917069,-31.245483
1784109613444,143.120000,-124.390686,53.754650,31.206658,102.722061,-48.967411,-50.405643,-111.731368,-99.807924,-34.500317,-31.016989
1784109613464,143.140000,-142.865630,-0.708853,30.753693,100.329987,-101.038840,-59.579507,-113.758061,-103.034463,-35.023451,-29.446020
1784109613484,143.160000,-121.678730,9.677653,30.229223,92.564139,-82.886486,-64.741280,-115.585555,-106.291820,-38.926015,-26.289185
1784109613504,143.180000,-164.096150,-24.930586,29.631110,86.467978,-111.398564,-63.539727,-117.208247,-109.564016,-45.658276,-21.486174
1784109613524,143.200000,-155.842440,1.590803,28.957229,77.358225,-75.767422,-53.560021,-118.621117,-112.832823,-52.478215,-15.253438
1784109613544,143.220000,-194.568050,-17.077370,28.205443,71.680681,-88.758051,-35.402305,-119.819758,-116.077945,-55.853525,-8.175062
1784109613564,143.240000,-157.791490,13.285619,27.373564,64.573130,-51.287511,-12.797929,-120.800398,-119.277197,-53.457899,-1.144082
1784109613584,143.260000,-188.682680,-5.320472,26.459361,61.100961,-66.421433,9.114506,-121.559918,-122.406729,-45.298056,4.929546
1784109613604,143.280000,-139.689220,9.924986,25.460614,56.005297,-46.080311,25.284094,-122.095869,-125.441274,-33.634282,9.517737
1784109613624,143.300000,-151.203840,-34.223710,24.375199,52.841120,-87.064830,30.935570,-122.406488,-128.354424,-21.949460,12.724842
1784109613644,143.320000,-116.143540,-10.471937,23.201205,45.493022,-55.964959,28.205016,-122.490705,-131.118926,-13.104338,15.233520
1784109613664,143.340000,-144.154190,-50.154316,21.937028,41.177282,-91.331598,24.469581,-122.348151,-133.707004,-7.604103,17.971863
1784109613684,143.360000,-123.275040,-24.683504,20.581433,33.282206,-57.965710,23.487344,-121.979167,-136.090683,-3.286411,21.650713
1784109613704,143.380000,-151.356020,-39.799350,19.133556,28.681710,-68.481060,28.034151,-121.384802,-138.242135,3.293541,26.380339
1784109613724,143.400000,-122.923970,-10.516378,17.592890,23.014618,-33.530996,38.535007,-120.566812,-140.134017,14.526976,31.574640
1784109613744,143.420000,-109.979645,-23.085506,15.959289,20.808966,-43.894472,50.985660,-119.527661,-141.739827,29.899241,36.232580
1784109613764,143.440000,-75.735820,2.620008,14.233022,17.558080,-14.938071,61.235152,-118.270514,-143.034235,46.125359,39.467415
1784109613784,143.460000,-82.955640,-37.692974,12.414871,17.166209,-54.859183,63.880608,-116.799229,-143.993432,59.022192,40.961900
1784109613804,143.480000,-54.304855,-20.062363,10.506205,12.823165,-32.885528,56.614440,-115.118346,-144.595442,65.361463,41.041270
1784109613824,143.500000,-74.985980,-56.879610,8.509012,10.703461,-67.583071,44.332893,-113.233082,-144.820442,63.930749,40.331657
1784109613844,143.520000,-60.050600,-29.072868,6.425885,5.234994,-34.307862,33.898062,-111.149310,-144.651049,56.054233,39.278194
1784109613864,143.540000,-104.495740,-57.752327,4.259969,3.175811,-60.928138,29.140663,-108.873554,-144.072597,45.387235,37.839490
1784109613884,143.560000,-90.449550,-6.276892,2.014854,-1.371284,-4.905608,31.894965,-106.412962,-143.073381,36.542281,35.470142
1784109613904,143.580000,-114.309110,-9.577710,-0.305541,-0.254860,-9.322850,43.575185,-103.775300,-141.644885,33.011107,31.350616
1784109613924,143.600000,-85.210360,32.582176,-2.697056,0.507857,32.074319,59.384619,-100.968924,-139.781977,35.659177,24.791008
1784109613944,143.620000,-94.234130,17.499733,-5.155330,5.390528,12.109205,70.438986,-98.002763,-137.483066,42.491062,15.665367
1784109613964,143.640000,-56.121742,49.570217,-7.675784,8.318407,41.251810,72.265810,-94.886294,-134.750237,49.553825,4.658705
1784109613984,143.660000,-72.108190,18.797977,-10.253590,14.117609,4.680368,64.690257,-91.629524,-131.589340,52.568180,-6.834572
1784109614004,143.680000,-47.329796,40.154370,-12.883636,16.330252,23.824118,49.851896,-88.242953,-128.010037,48.625773,-17.139435
1784109614024,143.700000,-88.289795,-3.227677,-15.560528,20.477216,-23.704893,30.640645,-84.737554,-124.025821,37.179234,-24.873564
1784109614044,143.720000,-82.499740,13.700155,-18.278656,20.032020,-6.331865,9.964941,-81.124739,-119.653976,19.781540,-29.435217
1784109614064,143.740000,-116.305700,-39.906796,-21.032298,21.445344,-61.352140,-10.249693,-77.416327,-114.915501,-1.148080,-31.202034
1784109614084,143.760000,-109.001816,-30.844654,-23.815736,17.595321,-48.439975,-29.686706,-73.624505,-109.834987,-23.360021,-31.334677
1784109614104,143.780000,-145.857600,-56.259926,-26.623367,15.237328,-71.497254,-43.760609,-69.761794,-104.440448,-44.933693,-31.271286
1784109614124,143.800000,-140.726580,-27.465118,-29.449787,10.767350,-38.232468,-46.505429,-65.841006,-98.763095,-64.061376,-32.175034
1784109614144,143.820000,-159.336550,-38.220430,-32.289875,9.774261,-47.994691,-38.009097,-61.875199,-92.837079,-78.933662,-34.587240
1784109614164,143.840000,-151.904270,7.697671,-35.138844,7.911406,-0.213735,-21.602371,-57.877629,-86.699174,-87.617661,-38.353940
1784109614184,143.860000,-169.609760,-35.368790,-37.992258,10.984126,-46.352916,-6.419949,-53.861702,-80.388418,-88.221502,-42.752490
1784109614204,143.880000,-133.536960,-16.239676,-40.846031,9.451502,-25.691178,-3.212140,-49.840917,-73.945718,-79.774150,-46.724503
1784109614224,143.900000,-131.567350,-54.421455,-43.696378,10.024377,-64.445832,-10.916578,-45.828812,-67.413412,-63.198153,-49.119503
1784109614244,143.920000,-76.681110,-34.029663,-46.539711,6.554688,-40.584351,-21.156714,-41.838902,-60.834804,-41.501875,-48.867474
1784109614264,143.940000,-67.000910,-77.918564,-49.372495,5.374439,-83.293003,-29.349528,-37.884619,-54.253666,-19.061210,-45.079590
1784109614284,143.960000,-12.869350,-61.328373,-52.191074,-0.440707,-60.887666,-35.249847,-33.979248,-47.713731,-0.265650,-37.160954
1784109614304,143.980000,-25.837750,-99.516460,-54.991528,-4.292074,-95.224386,-38.602189,-30.135862,-41.258177,11.895030,-24.993782
1784109614324,144.000000,11.039539,-88.884600,-57.769574,-12.085845,-76.798755,-39.762747,-26.367254,-34.875599,16.505948,-9.146579
1784109614344,144.020000,-6.447962,-118.384995,-60.520527,-18.462372,-99.922623,-38.860699,-22.685874,-28.710540,14.506818,9.018321
1784109614364,144.040000,8.582044,-106.997154,-63.239317,-27.733203,-79.263951,-35.276287,-19.103758,-22.750642,8.081509,27.465036
1784109614384,144.060000,-8.016291,-139.247600,-65.920546,-35.409876,-103.837724,-30.292724,-15.632469,-17.031878,-0.124532,43.849842
1784109614404,144.080000,7.973467,-124.329630,-68.558560,-46.164161,-78.165469,-24.799473,-12.283027,-11.587290,-7.773492,56.020798
1784109614424,144.100000,-8.273354,-145.775240,-71.147527,-54.823288,-90.951952,-17.515154,-9.065853,-6.446613,-13.239416,62.483524
1784109614444,144.120000,17.261326,-124.390686,-73.681504,-65.297799,-59.092887,-7.289278,-5.990703,-1.635953,-15.630585,62.699024
1784109614464,144.140000,-1.236016,-142.865630,-76.154487,-72.940267,-69.925363,4.863993,-3.066616,2.822469,-14.609787,57.143420
1784109614484,144.160000,30.343687,-121.678730,-78.560445,-82.063096,-39.615634,16.725588,-0.301862,6.910528,-10.284898,47.124393
1784109614504,144.180000,12.070134,-164.096150,-80.893348,-88.382755,-75.713395,23.592397,2.296114,10.614320,-3.374989,34.430145
1784109614524,144.200000,52.434692,-155.842440,-83.147180,-98.695020,-57.147420,21.769047,4.720732,13.924231,4.505839,20.935438
1784109614544,144.220000,46.619480,-194.568050,-85.315943,-107.419178,-87.148872,14.412603,6.966316,16.834933,11.004302,8.286546
1784109614564,144.240000,76.212906,-157.791490,-87.393631,-119.514426,-38.277064,10.453070,9.028136,19.345311,14.049705,-2.275807
1784109614584,144.260000,48.140650,-188.682680,-89.374226,-126.847472,-61.835208,15.251053,10.902430,21.458325,13.087463,-10.004588
1784109614604,144.280000,67.150314,-139.689220,-91.251723,-136.723977,-2.965243,26.978147,12.586435,23.180813,9.361287,-14.724414
1784109614624,144.300000,43.461800,-151.203840,-93.020201,-140.633750,-10.570090,43.392753,14.078399,24.523230,5.163625,-16.873980
1784109614644,144.320000,61.578340,-116.143540,-94.673894,-145.224078,29.080538,59.382006,15.377597,25.499343,2.888599,-17.392530
1784109614664,144.340000,41.995758,-144.154190,-96.207265,-145.599871,1.445681,67.415902,16.484335,26.125880,4.324142,-17.407337
1784109614684,144.360000,71.652770,-123.275040,-97.615049,-148.562152,25.287112,64.460961,17.399945,26.422145,10.181761,-17.846754
1784109614704,144.380000,60.581066,-151.356020,-98.892279,-148.862886,-2.493134,53.718423,18.126782,26.409609,20.004665,-19.154694
1784109614724,144.400000,91.320230,-122.923970,-100.034284,-151.732565,28.808595,41.835387,18.668203,26.111477,32.457368,-21.202540
1784109614744,144.420000,79.260440,-109.979645,-101.036667,-151.154729,41.175084,37.789147,19.028549,25.552262,45.640177,-23.404790
1784109614764,144.440000,113.289650,-75.735820,-101.895285,-148.983114,73.247294,44.800098,19.213115,24.757346,57.252137,-24.980715
1784109614784,144.460000,102.910280,-82.955640,-102.606231,-143.166627,60.210987,53.751940,19.228111,23.752564,64.943669,-25.246490
1784109614804,144.480000,119.821846,-54.304855,-103.165812,-138.262348,83.957493,55.847027,19.080623,22.563804,67.081188,-23.827470
1784109614824,144.500000,88.762040,-74.985980,-103.570558,-130.553803,55.567823,49.053852,18.778564,21.216637,63.369015,-20.767548
1784109614844,144.520000,95.132706,-60.050600,-103.817281,-125.340843,65.290243,34.390181,18.330617,19.735984,54.688507,-16.565422
1784109614864,144.540000,64.177030,-104.495740,-103.903154,-118.813927,14.318187,12.927946,17.746173,18.145820,42.431142,-12.119858
1784109614884,144.560000,67.602780,-90.449550,-103.825818,-117.162590,26.713040,-12.189088,17.035270,16.468935,28.106895,-8.529179
1784109614904,144.580000,25.083494,-114.309110,-103.583468,-114.041467,-0.267643,-32.871505,16.208518,14.726736,13.369135,-6.777875
1784109614924,144.600000,27.706614,-85.210360,-103.174954,-113.446884,28.236524,-42.726158,15.277028,12.939103,-0.091907,-7.458013
1784109614944,144.620000,-6.689955,-94.234130,-102.599871,-109.796949,15.562819,-41.351444,14.252329,11.124302,-10.976162,-10.644015
1784109614964,144.640000,5.982140,-56.121742,-101.858629,-107.241619,51.119877,-32.198869,13.146292,9.298944,-18.665611,-15.907234
1784109614984,144.660000,-25.891706,-72.108190,-100.952488,-100.926917,28.818727,-21.416257,11.971047,7.477990,-23.104133,-22.399729
1784109615004,144.680000,-15.950260,-47.329796,-99.883561,-96.684300,49.354504,-15.340643,10.738899,5.674806,-24.632865,-28.993652
1784109615024,144.700000,-36.747547,-88.289795,-98.654812,-90.227314,1.937519,-18.389603,9.462244,3.901249,-24.158286,-34.492510
1784109615044,144.720000,-12.680964,-82.499740,-97.270023,-88.413638,5.913898,-31.462102,8.153484,2.167787,-23.231095,-37.860497
1784109615064,144.740000,-36.542250,-116.305700,-95.733736,-86.113589,-30.192111,-48.682864,6.824951,0.483649,-23.426554,-38.375565
1784109615084,144.760000,-31.791061,-109.001816,-94.051186,-87.371035,-21.630781,-62.566683,5.488820,-1.143019,-25.500273,-35.697178
1784109615104,144.780000,-52.484955,-145.857600,-92.228258,-87.722453,-58.135147,-70.986315,4.157033,-2.704975,-29.269191,-29.916174
1784109615124,144.800000,-44.601917,-140.726580,-90.271453,-91.696840,-49.029740,-75.377519,2.841228,-4.195709,-34.072981,-21.584885
1784109615144,144.820000,-66.590836,-159.336550,-88.187864,-94.733743,-64.602807,-75.022057,1.552662,-5.609268,-39.068228,-11.637166
1784109615164,144.840000,-53.438080,-151.904270,-85.985129,-99.307900,-52.596370,-69.041874,0.302148,-6.940095,-43.192608,-1.165687
1784109615184,144.860000,-88.527435,-169.609760,-83.671402,-102.664510,-66.945250,-59.863938,-0.900009,-8.182885,-45.173910,8.837930
1784109615204,144.880000,-66.799225,-133.536960,-81.255307,-107.442932,-26.094028,-46.584164,-2.044068,-9.332453,-44.072426,17.645494
1784109615224,144.900000,-72.960400,-131.567350,-78.745904,-108.138833,-23.428517,-26.290301,-3.120906,-10.383640,-39.960774,24.849756
1784109615244,144.920000,-53.405544,-76.681110,-76.152598,-108.586677,31.905567,0.475327,-4.122066,-11.331235,-33.691990,30.395071
1784109615264,144.940000,-67.344050,-67.000910,-73.485044,-103.566209,36.565299,30.026265,-5.039791,-12.169927,-26.047187,34.580090
1784109615284,144.960000,-41.226456,-12.869350,-70.753036,-98.178608,85.309258,56.897197,-5.867067,-12.894295,-17.394522,37.948590
1784109615304,144.980000,-62.280514,-25.837750,-67.966431,-88.085967,62.248217,74.580442,-6.597646,-13.498816,-8.060512,41.054690
1784109615324,145.000000,-19.313230,11.039539,-65.135058,-80.489635,91.529174,78.909637,-7.226070,-13.977908,1.083336,44.235840
1784109615344,145.020000,-39.423860,-6.447962,-62.268640,-70.220346,63.772383,72.487277,-7.747688,-14.325994,8.509772,47.542736
1784109615364,145.040000,-8.814236,8.582044,-59.376691,-62.986810,71.568854,58.930712,-8.158668,-14.537595,12.610583,50.816906
1784109615384,145.060000,-25.935621,-8.016291,-56.468452,-55.270514,47.254223,41.691190,-8.455999,-14.607433,12.452414,53.793060
1784109615404,145.080000,-15.671278,7.973467,-53.552831,-50.270922,58.244389,25.619220,-8.637492,-14.530558,8.355334,56.139750
1784109615424,145.100000,-38.236515,-8.273354,-50.638393,-44.487281,36.213927,13.097594,-8.701776,-14.302479,1.989865,57.443203
1784109615444,145.120000,-26.727802,17.261326,-47.733369,-41.193727,58.455053,5.272579,-8.648281,-13.919302,-4.163305,57.209583
1784109615464,145.140000,-52.538532,-1.236016,-44.845682,-36.003939,34.767923,1.520551,-8.477230,-13.377874,-7.683432,54.946728
1784109615484,145.160000,-30.187946,30.343687,-41.982964,-33.464329,63.808016,0.252080,-8.189609,-12.675917,-7.177734,50.320393
1784109615504,145.180000,-42.005398,12.070134,-39.152569,-28.355248,40.425382,0.571975,-7.787149,-11.812156,-3.020964,43.330326
1784109615524,145.200000,-6.491808,52.434692,-36.361538,-25.861011,78.295703,2.423500,-7.272292,-10.786440,2.713159,34.429214
1784109615544,145.220000,-24.362228,46.619480,-33.616543,-19.934987,66.554467,7.293586,-6.648160,-9.599839,7.219926,24.515867
1784109615564,145.240000,7.591163,76.212906,-30.923830,-15.502810,91.715716,13.381729,-5.918516,-8.254728,8.226914,14.758027
1784109615584,145.260000,-9.147476,48.140650,-28.289170,-8.932804,57.073454,14.601256,-5.087725,-6.754850,5.109232,6.276489
1784109615604,145.280000,-5.756066,67.150314,-25.717834,-6.101002,73.251316,7.874636,-4.160709,-5.105346,-0.406468,-0.186605
1784109615624,145.300000,-25.224443,43.461800,-23.214610,-1.959865,45.421665,-3.026561,-3.142905,-3.312778,-4.690292,-4.485664
1784109615644,145.320000,-18.953522,61.578340,-20.783848,-0.810472,62.388812,-12.944221,-2.040216,-1.385107,-4.051533,-7.093507
1784109615664,145.340000,-9.047340,41.995758,-18.429507,1.788262,40.207496,-19.390068,-0.858960,0.668340,3.100304,-8.887570
1784109615684,145.360000,17.178413,71.652770,-16.155150,2.013291,69.639479,-20.816311,0.394177,2.836936,15.247063,-10.729114
1784109615704,145.380000,25.924137,60.581066,-13.963885,4.936579,55.644487,-16.853171,1.712195,5.108838,28.404013,-13.015672
1784109615724,145.400000,64.690056,91.320230,-11.858284,6.280385,85.039845,-9.616975,3.087828,7.471096,37.843367,-15.475078
1784109615744,145.420000,48.801888,79.260440,-9.840299,10.278871,68.981569,-2.272785,4.513599,9.909779,40.250691,-17.335611
1784109615764,145.440000,62.177620,113.289650,-7.911216,12.459724,100.829926,3.756045,5.981869,12.410120,35.361222,-17.785196
1784109615784,145.460000,30.202272,102.910280,-6.071679,17.481991,85.428289,8.737809,7.484886,14.956668,26.017968,-16.483177
1784109615804,145.480000,35.984818,119.821846,-4.321772,20.691165,99.130681,10.786779,9.014837,17.533460,16.653306,-13.865020
1784109615824,145.500000,10.212959,88.762040,-2.661131,24.934984,63.827056,6.138427,10.563892,20.124189,11.003240,-11.071129
1784109615844,145.520000,49.128258,95.132706,-1.089033,25.487476,69.645230,-5.619256,12.124253,22.712383,10.276102,-9.497699
1784109615864,145.540000,23.977074,64.177030,0.395552,26.436996,37.740034,-20.272825,13.688194,25.281584,12.914970,-10.172858
1784109615884,145.560000,64.285470,67.602780,1.793967,24.187507,43.415273,-33.423841,15.248108,27.815520,15.739901,-13.286743
1784109615904,145.580000,48.330917,25.083494,3.107880,22.475886,2.607608,-44.642476,16.796539,30.298276,15.594052,-18.121338
1784109615924,145.600000,63.568780,27.706614,4.339299,16.899997,10.806617,-54.616040,18.326227,32.714459,11.052754,-23.390234
1784109615944,145.620000,25.981833,-6.689955,5.490556,12.326886,-19.016841,-61.548714,19.830137,35.049344,3.277896,-27.796936
1784109615964,145.640000,34.780064,5.982140,6.564238,5.154396,0.827744,-63.003843,21.301494,37.289015,-4.891816,-30.554350
1784109615984,145.660000,17.013271,-25.891706,7.563092,0.237740,-26.129446,-59.114255,22.733811,39.420496,-10.893261,-31.636553
1784109616004,145.680000,31.165516,-15.950260,8.489948,-6.909762,-9.040498,-52.841820,24.120913,41.431851,-13.834938,-31.633074
1784109616024,145.700000,26.032600,-36.747547,9.347682,-11.987628,-24.759919,-45.462030,25.456966,43.312286,-14.621317,-31.295507
1784109616044,145.720000,43.448975,-12.680964,10.139208,-18.154543,5.473579,-35.219441,26.736497,45.052224,-15.024167,-31.072617
1784109616064,145.740000,26.866129,-36.542250,10.867492,-21.028884,-15.513366,-22.776426,27.954409,46.643364,-16.321194,-30.911300
1784109616084,145.760000,33.224205,-31.791061,11.535551,-25.571604,-6.219457,-13.527690,29.106000,48.078724,-18.471845,-30.393845
1784109616104,145.780000,24.626919,-52.484955,12.146426,-28.824830,-23.660125,-9.919130,30.186978,49.352665,-20.292471,-29.065440
1784109616124,145.800000,30.125816,-44.601917,12.703161,-33.330204,-11.271713,-8.844608,31.193468,50.460900,-20.115476,-26.714691
1784109616144,145.820000,14.959664,-66.590836,13.208772,-36.208884,-30.381952,-7.834854,32.122025,51.400487,-16.618032,-23.453710
1784109616164,145.840000,47.015614,-53.438080,13.666232,-40.477364,-12.960716,-5.760076,32.969636,52.169801,-9.772802,-19.606913
1784109616184,145.860000,36.341408,-88.527435,14.078483,-42.632368,-45.895067,-4.091202,33.733728,52.768499,-1.184352,-15.508122
1784109616204,145.880000,62.984146,-66.799225,14.448469,-47.505829,-19.293396,-3.682691,34.412164,53.197467,6.542937,-11.320548
1784109616224,145.900000,51.503098,-72.960400,14.779176,-49.358784,-23.601616,0.569036,35.003248,53.458755,10.767112,-6.982924
1784109616244,145.920000,68.969140,-53.405544,15.073665,-51.295354,-2.110190,10.532999,35.505717,53.555502,9.721844,-2.324982
1784109616264,145.940000,52.242546,-67.344050,15.335070,-50.871404,-16.472646,20.884990,35.918737,53.491852,3.410556,2.723656
1784109616284,145.960000,48.971817,-41.226456,15.566583,-51.650942,10.424486,28.455937,36.241898,53.272863,-5.778857,7.969747
1784109616304,145.980000,9.794150,-62.280514,15.771394,-49.597188,-12.683326,32.793476,36.475201,52.904406,-13.574565,12.900157
1784109616324,146.000000,21.885134,-19.313230,15.952589,-49.703437,30.390207,36.001643,36.619046,52.393067,-15.931624,16.736036
1784109616344,146.020000,24.852608,-39.423860,16.113071,-45.367377,5.943517,40.696152,36.674222,51.746045,-11.354171,18.646698
1784109616364,146.040000,45.838753,-8.814236,16.255537,-43.366417,34.552181,44.265443,36.641890,50.971044,-1.379328,18.140295
1784109616384,146.060000,43.716340,-25.935621,16.382535,-38.356609,12.420988,44.587972,36.523565,50.076172,10.672116,15.442905
1784109616404,146.080000,73.410270,-15.671278,16.496523,-35.467285,19.796007,40.277051,36.321099,49.069842,21.213036,11.559901
1784109616424,146.100000,56.691124,-38.236515,16.599936,-31.740823,-6.495692,30.497967,36.036663,47.960670,27.598378,7.914919
1784109616444,146.120000,69.088000,-26.727802,16.695218,-30.625597,3.897795,18.469563,35.672724,46.757388,28.791324,5.774635
1784109616464,146.140000,52.407402,-52.538532,16.784824,-28.433294,-24.105238,7.282573,35.232024,45.443536,25.228275,5.771918
1784109616484,146.160000,57.940376,-30.187946,16.871193,-29.086715,-1.101231,-0.568405,34.717558,44.054305,18.357342,7.723894
1784109616504,146.180000,28.800188,-42.005398,16.956699,-27.426108,-14.579290,-2.362948,34.132548,42.598496,10.229140,10.769997
1784109616524,146.200000,36.246384,-6.491808,17.043597,-27.138623,20.646815,2.681388,33.480424,41.084643,2.881731,13.718422
1784109616544,146.220000,9.192242,-24.362228,17.133952,-23.273082,-1.089146,11.039252,32.764794,39.521011,-2.465332,15.432968
1784109616564,146.240000,21.284838,7.591163,17.229584,-21.584445,29.175608,17.551257,31.989421,37.915548,-6.035332,15.140526
1784109616584,146.260000,14.212914,-9.147476,17.332040,-16.815005,7.667529,20.638668,31.158203,36.275843,-9.475972,12.619853
1784109616604,146.280000,31.001787,-5.756066,17.442593,-14.195227,8.439161,17.847752,30.275143,34.609102,-14.644760,8.259651
1784109616624,146.300000,-2.678052,-25.224443,17.562270,-11.501403,-13.723040,8.185921,29.344327,32.922126,-21.667507,2.949107
1784109616644,146.320000,-7.348225,-18.953522,17.691852,-11.068684,-7.884838,-3.572787,28.369907,31.221299,-28.168124,-2.235455
1784109616664,146.340000,-30.354836,-9.047340,17.831821,-10.088766,1.041426,-9.587054,27.356070,29.512586,-30.753692,-6.462573
1784109616684,146.360000,-14.034161,17.178413,17.982308,-8.243055,25.421468,-4.284278,26.307026,27.801535,-27.531248,-9.436776
1784109616704,146.380000,-11.817564,25.924137,18.143087,-3.959532,29.883669,8.914038,25.226985,26.093286,-19.658657,-11.315343
1784109616724,146.400000,20.428100,64.690056,18.313631,0.765599,63.924457,24.221898,24.120140,24.392585,-10.884353,-12.311955
1784109616744,146.420000,10.618845,48.801888,18.493213,8.918928,39.882960,35.251861,22.990650,22.703804,-5.417121,-12.327034
1784109616764,146.440000,20.161642,62.177620,18.681007,14.651886,47.525734,34.860530,21.842629,21.030959,-5.641544,-10.922505
1784109616784,146.460000,-6.031011,30.202272,18.876130,21.130324,9.071948,22.264904,20.680130,19.377737,-11.155523,-7.670437
1784109616804,146.480000,1.448402,35.984818,19.077638,23.696441,12.288377,2.578384,19.507133,17.747519,-19.300552,-2.605910
1784109616824,146.500000,-26.000711,10.212959,19.284492,26.513716,-16.300757,-16.687826,18.327539,16.143407,-26.384689,3.563032
1784109616844,146.520000,-12.572587,49.128258,19.495515,26.368978,22.759280,-26.548220,17.145158,14.568254,-28.964354,9.639481
1784109616864,146.540000,-27.106426,23.977074,19.709377,30.057162,-6.080088,-24.519880,15.963706,13.024682,-24.950754,14.388245
1784109616884,146.560000,4.817588,64.285470,19.924598,30.757098,33.528372,-16.566764,14.786795,11.515118,-14.272985,17.001776
1784109616904,146.580000,6.289934,48.330917,20.139605,35.342807,12.988110,-7.113827,13.617930,10.041812,1.225655,17.389440
1784109616924,146.600000,39.406624,63.568780,20.352827,37.776488,25.792292,-1.170426,12.460509,8.606864,18.614396,16.204279
1784109616944,146.620000,28.537125,25.981833,20.562790,41.398595,-15.416762,-4.428250,11.317815,7.212244,34.741288,14.595306
1784109616964,146.640000,63.318940,34.780064,20.768210,40.768226,-5.988162,-16.010854,10.193020,5.859811,46.518638,13.763634
1784109616984,146.660000,57.922950,17.013271,20.968049,40.953292,-23.940021,-27.608397,9.089178,4.551331,51.129463,14.517051
1784109617004,146.680000,63.742670,31.165516,21.161567,39.197958,-8.032442,-32.201004,8.009228,3.288493,46.871451,17.020536
1784109617024,146.700000,34.669480,26.032600,21.348322,38.901119,-12.868519,-28.815042,6.955992,2.072923,34.016701,20.777450
1784109617044,146.720000,33.942192,43.448975,21.528114,37.986155,5.462820,-19.836072,5.932171,0.906191,14.877472,24.748960
1784109617064,146.740000,-13.634665,26.866129,21.700878,38.790108,-11.923979,-10.863650,4.940348,-0.210174,-6.734894,27.556479
1784109617084,146.760000,-12.598484,33.224205,21.866558,37.733345,-4.509140,-6.944395,3.982986,-1.274678,-26.441304,27.780342
1784109617104,146.780000,-43.548283,24.626919,22.024979,37.311798,-12.684879,-7.110597,3.062423,-2.285856,-40.388418,24.337416
1784109617124,146.800000,-30.649448,30.125816,22.175749,35.970564,-5.844748,-7.664117,2.180876,-3.242262,-45.930735,16.840637
1784109617144,146.820000,-49.654457,14.959664,22.318225,35.229691,-20.270027,-8.083544,1.340436,-4.142474,-41.867202,5.813601
1784109617164,146.840000,-24.229069,47.015614,22.451505,32.963413,14.052201,-5.610079,0.543065,-4.985082,-28.737649,-7.339523
1784109617184,146.860000,-13.000006,36.341408,22.574486,34.089506,2.251902,2.465499,-0.209401,-5.768693,-9.144891,-20.615720
1784109617204,146.880000,28.795433,62.984146,22.685957,33.998569,28.985577,12.556059,-0.915256,-6.491934,12.691691,-31.824020
1784109617224,146.900000,33.064080,51.503098,22.784751,36.578666,14.924432,20.499620,-1.572929,-7.153450,32.436117,-38.990902
1784109617244,146.920000,56.980440,68.969140,22.869886,37.748964,31.220176,24.074717,-2.180982,-7.751915,47.205791,-40.731735
1784109617264,146.940000,44.549706,52.242546,22.940660,40.567175,11.675371,22.760442,-2.738117,-8.286040,56.085255,-36.592106
1784109617284,146.960000,57.949425,48.971817,22.996689,41.439929,7.531888,15.941767,-3.243178,-8.754585,59.440404,-27.262650
1784109617304,146.980000,53.001823,9.794150,23.037903,41.908859,-32.114709,1.960407,-3.695154,-9.156370,57.895193,-14.497871
1784109617324,147.000000,52.737970,21.885134,23.064523,38.397266,-16.512132,-14.676533,-4.093189,-9.634405,51.974931,-0.683954
1784109617344,147.020000,32.829712,24.852608,23.077028,36.444962,-11.592354,-22.018003,-4.436585,-9.904589,42.348850,11.768916
1784109617364,147.040000,34.806610,45.838753,23.076088,34.989268,10.849485,-14.936754,-4.724808,-10.104026,30.024220,20.938726
1784109617384,147.060000,-4.263364,43.716340,23.062482,35.798392,7.917948,-0.649905,-4.957498,-10.231960,16.314836,25.652496
1784109617404,147.080000,8.583297,73.410270,23.037005,36.332739,37.077531,13.566126,-5.134478,-10.287808,2.570375,25.517060
1784109617424,147.100000,-24.499449,56.691124,23.000375,39.817328,16.873796,23.289159,-5.255757,-10.271181,-10.026732,20.835314
1784109617444,147.120000,-19.399075,69.088000,22.953167,41.301388,27.786612,24.602928,-5.321543,-10.181920,-20.299650,12.482137
1784109617464,147.140000,-53.227535,52.407402,22.895752,43.899279,8.508123,18.769802,-5.332248,-10.020120,-27.134869,1.734645
1784109617484,147.160000,-26.872356,57.940376,22.828251,44.579145,13.361231,9.855543,-5.288495,-9.786163,-30.049034,-9.947661
1784109617504,147.180000,-46.048416,28.800188,22.750520,45.753657,-16.953469,-0.766509,-5.191128,-9.480749,-29.425284,-21.129545
1784109617524,147.200000,-34.517944,36.246384,22.662170,43.892267,-7.645883,-11.790571,-5.041210,-9.104919,-26.126472,-30.530777
1784109617544,147.220000,-38.301070,9.192242,22.562609,42.960955,-33.768713,-20.702574,-4.840032,-8.660085,-21.282099,-37.118380
1784109617564,147.240000,-12.455158,21.284838,22.451081,39.410195,-18.125357,-25.928281,-4.589114,-8.148050,-16.204260,-40.208813
1784109617584,147.260000,-30.023888,14.212914,22.326736,37.424419,-23.211505,-25.211953,-4.290204,-7.571036,-11.814002,-39.543636
1784109617604,147.280000,-18.012676,31.001787,22.188682,34.933159,-3.931372,-18.134163,-3.945277,-6.931689,-8.253715,-35.306430
1784109617624,147.300000,-31.142212,-2.678052,22.036017,34.379992,-37.058044,-11.556541,-3.556533,-6.233101,-5.508244,-28.110336
1784109617644,147.320000,-9.983034,-7.348225,21.867842,30.523217,-37.871441,-13.462142,-3.126390,-5.478808,-4.347167,-18.944132
1784109617664,147.340000,-12.316749,-30.354836,21.683281,26.598386,-56.953222,-21.865437,-2.657479,-4.672795,-6.293553,-8.993316
1784109617684,147.360000,-11.847327,-14.034161,21.481528,20.781421,-34.815582,-27.260352,-2.152631,-3.819488,-12.374367,0.644229
1784109617704,147.380000,-32.963600,-11.817564,21.261857,17.195311,-29.012875,-22.212152,-1.614870,-2.923737,-21.877985,9.159106
1784109617724,147.400000,-39.795334,20.428100,21.023604,14.203407,6.224693,-6.055790,-1.047398,-1.990801,-32.361640,16.010286
1784109617744,147.420000,-52.708030,10.618845,20.766102,14.737695,-4.118850,13.643075,-0.453578,-1.026313,-40.753948,20.780382
1784109617764,147.440000,-43.260452,20.161642,20.488639,14.230706,5.930936,26.170598,0.163082,-0.036247,-44.493168,23.129488
1784109617784,147.460000,-58.414040,-6.031011,20.190430,14.707035,-20.738046,26.375190,0.798945,0.973127,-42.132523,22.934906
1784109617804,147.480000,-26.516190,1.448402,19.870637,12.490394,-11.041992,17.523422,1.450273,1.995295,-33.655629,20.481573
1784109617824,147.500000,-33.642914,-26.000711,19.528404,11.203706,-37.204417,6.201960,2.113240,3.023556,-20.556393,16.528020
1784109617844,147.520000,3.516726,-12.572587,19.162936,7.264232,-19.836819,-2.545490,2.783965,4.051082,-5.529627,12.190066
1784109617864,147.540000,6.893961,-27.106426,18.773588,5.012376,-32.118802,-5.450993,3.458531,5.070992,8.174561,8.696102
1784109617884,147.560000,36.930540,4.817588,18.359959,1.488001,3.329587,-0.717101,4.133014,6.076417,17.787975,7.100981
1784109617904,147.580000,20.566816,6.289934,17.921981,1.442438,4.847496,11.438996,4.803506,7.060574,22.116467,8.021671
1784109617924,147.600000,31.438295,39.406624,17.459949,1.481841,37.924783,27.236908,5.466144,8.016838,21.791160,11.438599
1784109617944,147.620000,23.859620,28.537125,16.974508,4.737891,23.799234,40.045118,6.117139,8.938816,18.521928,16.625580
1784109617964,147.640000,31.615505,63.318940,16.466619,6.503573,56.815367,46.581498,6.752796,9.820411,14.301572,22.297302
1784109617984,147.660000,17.885178,57.922950,15.937522,11.465425,46.457525,49.161908,7.369544,10.655893,11.073733,26.978659
1784109618004,147.680000,20.939468,63.742670,15.388691,15.298031,48.444639,46.854181,7.963958,11.439955,10.326583,29.433640
1784109618024,147.700000,20.638988,34.669480,14.821786,19.237128,15.432352,35.441620,8.532786,12.167770,12.337772,28.956675
1784109618044,147.720000,41.095550,33.942192,14.238620,19.827033,14.115159,16.270084,9.072966,12.835037,15.806325,25.477173
1784109618064,147.740000,37.555794,-13.634665,13.641168,20.248246,-33.882911,-6.879845,9.581650,13.438025,18.574792,19.539068
1784109618084,147.760000,46.060220,-12.598484,13.031576,15.909859,-28.508343,-30.018485,10.056223,13.973600,18.933706,12.162781
1784109618104,147.780000,27.487602,-43.548283,12.412166,12.158726,-55.707009,-46.816362,10.494317,14.439252,16.359947,4.549021
1784109618124,147.800000,40.653473,-30.649448,11.785395,5.797784,-36.447232,-53.315350,10.893827,14.833107,11.326989,-2.309315
1784109618144,147.820000,18.782032,-49.654457,11.153812,1.461566,-51.116023,-50.175540,11.252926,15.153935,4.826154,-7.908006
1784109618164,147.840000,30.180376,-24.229069,10.520002,-4.198354,-20.030715,-39.957435,11.570071,15.401146,-1.875302,-12.256527
1784109618184,147.860000,3.340847,-13.000006,9.886542,-6.645601,-6.354405,-22.939445,11.844017,15.574780,-7.408157,-15.691635
1784109618204,147.880000,21.197697,28.795433,9.255945,-7.634601,36.430034,0.808218,12.073818,15.675485,-10.653098,-18.636538
1784109618224,147.900000,11.820452,33.064080,8.630627,-4.335294,37.399374,25.653091,12.258831,15.704496,-10.963401,-21.405878
1784109618244,147.920000,15.862396,56.980440,8.012888,-0.929977,57.910417,43.156679,12.398721,15.663598,-8.003068,-24.078537
1784109618264,147.940000,9.674596,44.549706,7.404916,4.486759,40.062947,48.509402,12.493456,15.555092,-1.840993,-26.471731
1784109618284,147.960000,33.089756,57.949425,6.808777,8.118312,49.831113,42.898194,12.543307,15.381749,6.452710,-28.229721
1784109618304,147.980000,40.088406,53.001823,6.226449,12.697213,40.304610,32.694574,12.548841,15.146765,14.773978,-28.948402
1784109618324,148.000000,44.234140,52.737970,5.659864,16.313068,36.424902,22.182208,12.510911,14.853711,20.968783,-28.254618
1784109618344,148.020000,36.020960,32.829712,5.110956,19.534369,13.295343,10.023239,12.430650,14.506477,23.681582,-25.884516
1784109618364,148.040000,54.768890,34.806610,4.581662,20.497661,14.308949,-3.502096,12.309457,14.109224,22.427772,-21.825119
1784109618384,148.060000,40.479687,-4.263364,4.073919,21.607701,-25.871065,-18.055023,12.148983,13.666325,17.810387,-16.427626
1784109618404,148.080000,25.611767,8.583297,3.589649,18.871060,-10.287763,-32.122583,11.951111,13.182314,11.954729,-10.373451
1784109618424,148.100000,17.533459,-24.499449,3.130706,17.808022,-42.307471,-41.564921,11.717945,12.661831,7.858115,-4.533235
1784109618444,148.120000,23.892870,-19.399075,2.698812,13.769585,-33.168660,-46.681702,11.451783,12.109575,7.815268,0.198929
1784109618464,148.140000,17.238214,-53.227535,2.295514,10.836840,-64.064375,-50.010146,11.155099,11.530252,12.368885,3.113333
1784109618484,148.160000,36.669920,-26.872356,1.922178,5.128505,-32.000861,-49.793644,10.830518,10.928537,20.144051,3.933680
1784109618504,148.180000,30.903706,-46.048416,1.580014,2.810807,-48.859223,-42.709143,10.480793,10.309029,28.216210,2.968710
1784109618524,148.200000,49.942856,-34.517944,1.270114,-0.936753,-33.581191,-32.268907,10.108780,9.676213,32.888250,1.025981
1784109618544,148.220000,37.045235,-38.301070,0.993485,-2.968849,-35.332221,-22.121949,9.717410,9.034433,30.789125,-0.882849
1784109618564,148.240000,39.651900,-12.455158,0.751067,-4.981613,-7.473545,-10.330160,9.309666,8.387861,20.130421,-1.903652
1784109618584,148.260000,3.290140,-30.023888,0.543713,-4.154805,-25.869083,1.457839,8.888553,7.740472,1.676106,-1.643677
1784109618604,148.280000,-11.177711,-18.012676,0.372116,-5.024880,-12.987796,8.046048,8.457074,7.096024,-21.183961,-0.335143
1784109618624,148.300000,-45.242350,-31.142212,0.236697,-4.537179,-26.605033,9.119789,8.018203,6.458047,-43.356931,1.201873
1784109618644,148.320000,-59.825830,-9.983034,0.137484,-5.269210,-4.713824,9.265084,7.574859,5.829826,-59.506199,1.824163
1784109618664,148.340000,-72.281100,-12.316749,0.074010,-3.802655,-8.514094,12.560583,7.129886,5.214396,-65.628419,0.499627
1784109618684,148.360000,-69.448784,-11.847327,0.045259,-2.689879,-9.157448,16.520358,6.686027,4.614537,-60.417657,-3.242871
1784109618704,148.380000,-57.329773,-32.963600,0.049682,-1.616846,-31.346754,14.654367,6.245904,4.032772,-46.063031,-9.028207
1784109618724,148.400000,-21.208176,-39.795334,0.085275,-2.593438,-37.201896,5.546093,5.812003,3.471369,-27.951681,-15.616155
1784109618744,148.420000,-4.867952,-52.708030,0.149728,-3.947049,-48.760981,-5.841518,5.386652,2.932342,-12.690300,-21.146410
1784109618764,148.440000,-0.191675,-43.260452,0.240602,-6.165449,-37.095003,-12.505686,4.972013,2.417452,-5.138074,-23.612154
1784109618784,148.460000,-10.442023,-58.414040,0.355449,-7.020024,-51.394016,-12.752268,4.570067,1.928217,-6.444262,-21.500620
1784109618804,148.480000,-12.224796,-26.516190,0.491859,-8.999689,-17.516501,-7.236170,4.182606,1.465911,-14.058186,-14.411888
1784109618824,148.500000,-34.782413,-33.642914,0.647449,-7.582820,-26.060094,3.688533,3.811226,1.031574,-23.002725,-3.342193
1784109618844,148.520000,-34.592197,3.516726,0.819815,-6.951988,10.468714,17.102281,3.457319,0.626013,-27.696986,9.574473
1784109618864,148.540000,-44.366447,6.893961,1.006491,-2.953716,9.847677,31.010783,3.122076,0.249811,-24.042882,21.763290
1784109618884,148.560000,-15.003004,36.930540,1.204933,0.684290,36.246250,43.121455,2.806484,-0.096666,-11.141040,31.028748
1784109618904,148.580000,5.754587,20.566816,1.412564,6.386458,14.180358,48.799400,2.511324,-0.413267,8.349604,36.208260
1784109618924,148.600000,33.306576,31.438295,1.626886,9.523228,21.915067,44.732451,2.237178,-0.700044,29.548852,37.469280
1784109618944,148.620000,40.547012,23.859620,1.845621,12.990149,10.869471,34.558202,1.984435,-0.957250,47.320912,36.130707
1784109618964,148.640000,55.448620,31.615505,2.066817,15.027375,16.588130,24.382069,1.753291,-1.185328,57.530078,34.040850
1784109618984,148.660000,57.965767,17.885178,2.288912,17.265814,0.619364,15.669884,1.543762,-1.384906,57.549685,32.781086
1784109619004,148.680000,48.447650,20.939468,2.510748,17.694806,3.244662,7.552256,1.355690,-1.556788,46.732234,33.072655
1784109619024,148.700000,26.469404,20.638988,2.731541,18.158641,2.480347,1.462682,1.188752,-1.701947,26.824513,34.598650
1784109619044,148.720000,0.116594,41.095550,2.950783,18.334871,22.760679,1.123087,1.042471,-1.821513,1.747725,36.190300
1784109619064,148.740000,-23.259823,37.555794,3.168101,20.325746,17.230048,5.948814,0.916224,-1.916765,-23.332328,36.225040
1784109619084,148.760000,-47.920662,46.060220,3.383105,21.627607,24.432613,10.287211,0.809257,-1.989115,-43.242712,33.126300
1784109619104,148.780000,-58.452760,27.487602,3.595248,23.602676,3.884926,8.980887,0.720695,-2.040099,-54.087501,25.868347
1784109619124,148.800000,-49.989506,40.653473,3.803739,23.427933,17.225540,2.693659,0.649554,-2.071355,-54.247384,14.363285
1784109619144,148.820000,-50.391678,18.782032,4.007521,24.598415,-5.816383,-4.695544,0.594758,-2.084608,-44.630444,-0.381131
1784109619164,148.840000,-18.850273,30.180376,4.205321,23.352467,6.827909,-11.297172,0.555148,-2.081651,-28.238316,-16.393946
1784109619184,148.860000,-7.950713,3.340847,4.395742,23.362901,-20.022054,-17.033690,0.529503,-2.064321,-9.284121,-31.146301
1784109619204,148.880000,19.883156,21.197697,4.577391,20.522995,0.674702,-21.340874,0.516551,-2.034483,8.044511,-42.129240
1784109619224,148.900000,14.756208,11.820452,4.749006,19.742819,-7.922367,-21.200605,0.514986,-1.994001,20.633735,-47.453617
1784109619244,148.920000,24.085590,15.862396,4.909536,18.057712,-2.195316,-17.741961,0.523484,-1.944719,26.612439,-46.324238
1784109619264,148.940000,28.549370,9.674596,5.058172,16.949911,-7.275315,-14.705551,0.540720,-1.888439,24.900086,-39.252690
1784109619284,148.960000,29.966703,33.089756,5.194365,15.322337,17.767419,-10.243286,0.565380,-1.826899,15.372300,-27.899336
1784109619304,148.980000,8.928562,40.088406,5.317812,16.325394,23.763012,-1.155665,0.596178,-1.761754,-0.012946,-14.590922
1784109619324,149.000000,-14.461605,44.234140,5.428404,18.078997,26.155143,8.799806,0.631869,-1.694555,-16.550076,-1.758566
1784109619344,149.020000,-35.416874,36.020960,5.526124,20.223769,15.797191,12.512366,0.671264,-1.626733,-27.876100,8.468609
1784109619364,149.040000,-40.291664,54.768890,5.610919,21.427071,33.341819,10.991871,0.713241,-1.559585,-28.474152,14.506706
1784109619384,149.060000,-24.244640,40.479687,5.682620,24.539795,15.939892,8.518631,0.756755,-1.494259,-16.136884,15.549270
1784109619404,149.080000,8.695976,25.611767,5.740943,25.982115,-0.370348,1.953835,0.800848,-1.431744,7.079651,11.838058
1784109619424,149.100000,31.854542,17.533459,5.785592,25.791737,-8.258278,-9.823146,0.844661,-1.372863,35.865631,4.804033
1784109619444,149.120000,69.526640,23.892870,5.816407,24.777112,-0.884242,-19.218134,0.887435,-1.318270,63.741904,-3.155547
1784109619464,149.140000,83.969950,17.238214,5.833527,24.483243,-7.245029,-21.531254,0.928521,-1.268448,85.163598,-9.316237
1784109619484,149.160000,96.183830,36.669920,5.837508,23.510781,13.159139,-17.338836,0.967381,-1.223712,97.075081,-11.470120
1784109619504,149.180000,86.169850,30.903706,5.829387,24.588598,6.315108,-9.130797,1.003587,-1.184219,99.385577,-8.636743
1784109619524,149.200000,79.465890,49.942856,5.810664,24.964990,24.977866,-0.685251,1.036824,-1.149978,94.160608,-1.376828
1784109619544,149.220000,67.726290,37.045235,5.783221,27.231027,9.814208,4.955404,1.066882,-1.120863,84.123138,8.389279
1784109619564,149.240000,61.141960,39.651900,5.749219,27.964630,11.687270,4.993634,1.093652,-1.096633,71.493996,17.994425
1784109619584,149.260000,39.518227,3.290140,5.710988,28.877087,-25.586947,-3.015050,1.117120,-1.076951,57.671592,24.841566
1784109619604,149.280000,32.670616,-11.177711,5.670926,25.993119,-37.170831,-19.006024,1.137353,-1.061401,43.378267,27.104898
1784109619624,149.300000,10.504398,-45.242350,5.631384,21.886724,-67.129074,-37.959346,1.154491,-1.049515,28.885814,24.082605
1784109619644,149.320000,-2.633024,-59.825830,5.594568,14.704836,-74.530666,-53.785285,1.168735,-1.035415,14.219158,16.168299
