time_ms,time_s,mixed_xF,causal_delayed_mixed,causal_respiration_reference,causal_fitted_respiration,causal_residual,causal_nlms_heart,offline_respiration_reference,offline_fitted_respiration,offline_zero_phase_heart,current_app_cleanHeart
1783945904263,0.000000,17.940994,0.000000,0.000007,0.000000,0.000000,0.000000,21.295508,20.346190,-0.827721,0.570752
1783945904283,0.020000,-10.289196,0.000000,0.000049,0.000000,0.000000,0.000000,20.961795,20.110708,-8.896709,1.295219
1783945904303,0.040000,18.036854,0.000000,0.000183,0.000000,0.000000,0.000000,20.630200,19.877575,-14.881396,2.153083
1783945904323,0.060000,-15.326513,0.000000,0.000484,0.000000,0.000000,0.000000,20.300833,19.643021,-17.827665,3.022905
1783945904343,0.080000,13.659899,0.000000,0.001027,0.000000,0.000000,0.000000,19.973749,19.406950,-17.831355,3.745337
1783945904363,0.100000,-11.858107,0.000000,0.001884,0.000000,0.000000,0.000000,19.648953,19.169250,-15.568772,4.176191
1783945904383,0.120000,17.460419,0.000000,0.003118,0.000000,0.000000,0.000000,19.326397,18.929793,-12.018206,4.233295
1783945904403,0.140000,-5.404890,0.000000,0.004790,0.000000,0.000000,0.000000,19.005980,18.688435,-8.230442,3.937867
1783945904423,0.160000,29.313377,0.000000,0.006983,0.000000,0.000000,0.000000,18.687551,18.445015,-5.082217,3.430117
1783945904443,0.180000,-8.054814,0.000000,0.009813,0.000000,0.000000,0.000000,18.370910,18.199355,-3.023191,2.930085
1783945904463,0.200000,35.932384,0.000000,0.013442,0.000000,0.000000,0.000000,18.055811,17.951262,-2.043494,2.647726
1783945904483,0.220000,-5.652682,0.000000,0.018079,0.000000,0.000000,0.000000,17.741965,17.700526,-1.759253,2.692584
1783945904503,0.240000,29.190195,0.000000,0.023981,0.000000,0.000000,0.000000,17.429046,17.446924,-1.507719,3.030452
1783945904523,0.260000,-9.399142,0.000000,0.031440,0.000000,0.000000,0.000000,17.116691,17.190219,-0.758914,3.495477
1783945904543,0.280000,36.676240,0.000000,0.040765,0.000000,0.000000,0.000000,16.804512,16.930163,0.377909,3.848426
1783945904563,0.300000,4.088596,0.000000,0.052289,0.000000,0.000000,0.000000,16.492094,16.666499,1.296544,3.877775
1783945904583,0.320000,33.979782,0.000000,0.066378,0.000000,0.000000,0.000000,16.179006,16.398963,1.639293,3.509048
1783945904603,0.340000,-7.056223,0.000000,0.083438,0.000000,0.000000,0.000000,15.864806,16.127286,1.622757,2.826599
1783945904623,0.360000,38.756676,0.000000,0.103895,0.000000,0.000000,0.000000,15.549046,15.851197,1.581404,1.972716
1783945904643,0.380000,2.904653,0.000000,0.128186,0.000000,0.000000,0.000000,15.231282,15.570428,1.689909,1.039874
1783945904663,0.400000,23.368622,0.000000,0.156755,0.000000,0.000000,0.000000,14.911077,15.284714,2.133822,0.060825
1783945904683,0.420000,6.764278,0.000000,0.190051,0.000000,0.000000,0.000000,14.588010,14.993797,2.902823,-0.948340
1783945904703,0.440000,32.995230,0.000000,0.228509,0.000000,0.000000,0.000000,14.261685,14.697429,3.481259,-1.965138
1783945904723,0.460000,2.023629,0.000000,0.272559,0.000000,0.000000,0.000000,13.931733,14.395377,3.121760,-2.951386
1783945904743,0.480000,38.841286,0.000000,0.322630,0.000000,0.000000,0.000000,13.597822,14.087423,1.307222,-3.838553
1783945904763,0.500000,-6.000017,0.000000,0.379145,0.000000,0.000000,0.000000,13.259663,13.773368,-1.912667,-4.539288
1783945904783,0.520000,29.553041,0.000000,0.442508,0.000000,0.000000,0.000000,12.917016,13.453035,-5.800035,-5.007067
1783945904803,0.540000,-16.378120,0.000000,0.513081,0.000000,0.000000,0.000000,12.569697,13.126272,-9.216559,-5.293587
1783945904823,0.560000,16.249292,0.000000,0.591154,0.000000,0.000000,0.000000,12.217582,12.792955,-11.218581,-5.552783
1783945904843,0.580000,-11.739994,0.000000,0.676919,0.000000,0.000000,0.000000,11.860614,12.452988,-11.613678,-5.978485
1783945904863,0.600000,26.810020,0.000000,0.770468,0.000000,0.000000,0.000000,11.498807,12.106308,-10.883552,-6.682929
1783945904883,0.620000,-9.789155,0.000000,0.871817,0.000000,0.000000,0.000000,11.132250,11.752889,-9.414791,-7.582439
1783945904903,0.640000,34.480230,0.000000,0.980926,0.000000,0.000000,0.000000,10.761112,11.392740,-6.813518,-8.385657
1783945904923,0.660000,-15.868943,0.000000,1.097721,0.000000,0.000000,0.000000,10.385645,11.025914,-1.909393,-8.717305
1783945904943,0.680000,22.110810,0.000000,1.222090,0.000000,0.000000,0.000000,10.006184,10.652508,6.163215,-8.314824
1783945904963,0.700000,18.244652,0.000000,1.353883,0.000000,0.000000,0.000000,9.623154,10.272665,16.369058,-7.151478
1783945904983,0.720000,46.591190,0.000000,1.492944,0.000000,0.000000,0.000000,9.237066,9.886583,25.469476,-5.368618
1783945905003,0.740000,58.191040,0.000000,1.639186,0.000000,0.000000,0.000000,8.848518,9.494514,29.672239,-3.071287
1783945905023,0.760000,59.860962,0.000000,1.792672,0.000000,0.000000,0.000000,8.458196,9.096774,27.255401,-0.189305
1783945905043,0.780000,4.691181,0.000000,1.953641,0.000000,0.000000,0.000000,8.066869,8.693742,20.076847,3.390743
1783945905063,0.800000,30.127293,0.000000,2.122438,0.000000,0.000000,0.000000,7.675388,8.285871,12.054924,7.458441
1783945905083,0.820000,-6.200599,0.000000,2.299405,0.000000,0.000000,0.000000,7.284678,7.873693,6.154463,11.234813
1783945905103,0.840000,38.165733,0.000000,2.484810,0.000000,0.000000,0.000000,6.895739,7.457820,2.998535,13.584805
1783945905123,0.860000,-5.182495,0.000000,2.678841,0.000000,0.000000,0.000000,6.509631,7.038955,1.619199,13.611671
1783945905143,0.880000,30.282393,0.000000,2.881606,0.000000,0.000000,0.000000,6.127476,6.617896,0.795815,11.159715
1783945905163,0.900000,-7.446812,0.000000,3.093140,0.000000,0.000000,0.000000,5.750442,6.195536,-0.227673,6.844126
1783945905183,0.920000,25.006195,0.000000,3.313393,0.000000,0.000000,0.000000,5.379738,5.772873,-1.600637,1.689673
1783945905203,0.940000,-13.187367,0.000000,3.542225,0.000000,0.000000,0.000000,5.016604,5.351012,-2.935184,-3.294615
1783945905223,0.960000,13.398540,0.000000,3.779394,0.000000,0.000000,0.000000,4.662301,4.931160,-3.641575,-7.386402
1783945905243,0.980000,-16.797497,0.000000,4.024547,0.000000,0.000000,0.000000,4.318099,4.514635,-3.529587,-10.237645
1783945905263,1.000000,22.215923,17.940994,4.277215,0.000000,17.940994,2.203092,3.985270,4.102855,-3.150807,-11.819224
1783945905283,1.020000,-13.577598,-10.289196,4.536829,1.926811,-12.216007,4.324390,3.665074,3.697341,-3.379008,-12.271782
1783945905303,1.040000,15.152842,18.036854,4.802745,0.755462,17.281392,3.297517,3.358750,3.299706,-4.680978,-11.760830
1783945905323,1.060000,-23.128440,-15.326513,5.074248,2.656522,-17.983035,0.869943,3.067503,2.911648,-6.895746,-10.437587
1783945905343,1.080000,11.666401,13.659899,5.350547,0.915217,12.744682,-1.977979,2.792498,2.534937,-9.502954,-8.497355
1783945905363,1.100000,-25.029175,-11.858107,5.630765,2.332571,-14.190678,-3.341435,2.534844,2.171405,-11.789698,-6.220024
1783945905383,1.120000,4.012207,17.460419,5.913947,0.969885,16.490534,-2.381201,2.295589,1.822927,-12.807033,-3.920086
1783945905403,1.140000,-36.681965,-5.404890,6.199054,2.779262,-8.184152,0.048275,2.075707,1.491401,-11.632458,-1.861300
1783945905423,1.160000,7.374403,29.313377,6.484959,2.075905,27.237472,3.560715,1.876093,1.178733,-8.087995,-0.210792
1783945905443,1.180000,-15.164224,-8.054814,6.770461,5.076313,-13.131127,5.818832,1.697551,0.886809,-3.085901,0.987203
1783945905463,1.200000,15.245632,35.932384,7.054330,3.971187,31.961197,5.929121,1.540789,0.617479,1.968301,1.855612
1783945905483,1.220000,-15.453927,-5.652682,7.335350,7.553752,-13.206434,5.404072,1.406411,0.372523,5.885149,2.683670
1783945905503,1.240000,22.741013,29.190195,7.612349,6.555342,22.634853,3.313398,1.294911,0.153635,7.775457,3.804643
1783945905523,1.260000,-10.184766,-9.399142,7.884214,9.260479,-18.659621,-0.256435,1.206670,-0.037608,7.048767,5.414255
1783945905543,1.280000,27.826506,36.676240,8.149907,7.747934,28.928306,-2.272815,1.141947,-0.199768,3.866597,7.475308
1783945905563,1.300000,-30.507095,4.088596,8.408472,11.133808,-7.045212,-0.495018,1.100880,-0.331573,-0.427585,9.745353
1783945905583,1.320000,-1.137755,33.979782,8.659011,10.891445,23.088337,1.960953,1.083481,-0.431938,-3.934509,11.828174
1783945905603,1.340000,-22.705805,-7.056223,8.900627,13.764386,-20.820609,0.519256,1.089633,-0.499987,-5.658501,13.221005
1783945905623,1.360000,11.864246,38.756676,9.132413,12.156178,26.600498,-2.677518,1.119093,-0.535072,-5.966187,13.459122
1783945905643,1.380000,-26.813934,2.904653,9.353469,15.395735,-12.491082,-3.069749,1.171487,-0.536793,-5.624124,12.356644
1783945905663,1.400000,9.738496,23.368622,9.562922,14.671650,8.696972,-3.523379,1.246313,-0.505008,-4.983883,10.146384
1783945905683,1.420000,-25.679855,6.764278,9.759933,16.092287,-9.328009,-5.402582,1.342945,-0.439848,-3.982678,7.366331
1783945905703,1.440000,10.796538,32.995230,9.943699,15.667613,17.327617,-4.867577,1.460632,-0.341719,-2.412182,4.596296
1783945905723,1.460000,-18.949366,2.023629,10.113458,17.958048,-15.934419,-3.394117,1.598502,-0.211309,-0.117698,2.265305
1783945905743,1.480000,12.628616,38.841286,10.268510,16.856170,21.985116,-2.505134,1.755570,-0.049587,2.875713,0.606403
1783945905763,1.500000,-14.475159,-6.000017,10.408224,19.601613,-25.601630,-2.728978,1.930739,0.142203,6.188843,-0.311676
1783945905783,1.520000,26.934086,29.553041,10.532058,17.493512,12.059529,-5.346496,2.122808,0.362553,8.990631,-0.535638
1783945905803,1.540000,-8.620048,-16.378120,10.639577,19.168687,-35.546807,-9.187916,2.330480,0.609698,10.305295,-0.174108
1783945905823,1.560000,29.696323,16.249292,10.730473,15.966067,0.283225,-13.127881,2.552367,0.881640,9.530358,0.642087
1783945905843,1.580000,-10.790747,-11.739994,10.804575,16.328717,-28.068711,-14.291639,2.786997,1.176163,6.751033,1.760080
1783945905863,1.600000,18.122368,26.810020,10.861830,13.767779,13.042241,-10.244978,3.032829,1.490855,2.707944,2.967827
1783945905883,1.620000,-24.528072,-9.789155,10.902280,15.330173,-25.119328,-4.016678,3.288255,1.823142,-1.669947,3.964069
1783945905903,1.640000,20.705666,34.480230,10.926023,13.001768,21.478462,1.348862,3.551612,2.170305,-5.825482,4.393522
1783945905923,1.660000,-22.947918,-15.868943,10.933195,15.358892,-31.227835,3.969204,3.821195,2.529520,-9.494278,3.966284
1783945905943,1.680000,9.249437,22.110810,10.923966,12.364901,9.745909,2.170894,4.095262,2.897884,-12.164376,2.595753
1783945905963,1.700000,-28.394163,18.244652,10.898524,13.467717,4.776935,3.257200,4.372052,3.272449,-13.012202,0.441976
1783945905983,1.720000,0.936233,46.591190,10.857059,14.062142,32.529048,11.825103,4.649788,3.650253,-11.526554,-2.176878
1783945906003,1.740000,-16.846764,58.191040,10.799749,17.460723,40.730317,24.276805,4.926697,4.028356,-8.222771,-4.910180
1783945906023,1.760000,24.804140,59.860962,10.726774,21.711084,38.149878,34.256013,5.201013,4.403869,-4.584360,-7.414062
1783945906043,1.780000,-10.026718,4.691181,10.638361,25.720916,-21.029735,28.432168,5.470998,4.773987,-2.036416,-9.314442
1783945906063,1.800000,26.021145,30.127293,10.534823,23.753135,6.374158,7.574026,5.734945,5.136015,-1.012596,-10.224872
1783945906083,1.820000,-18.460041,-6.200599,10.416559,24.498610,-30.699209,-11.780004,5.991197,5.487398,-1.007689,-9.890218
1783945906103,1.840000,22.933424,38.165733,10.284046,21.475154,16.690579,-19.147814,6.238155,5.825743,-1.388929,-8.364078
1783945906123,1.860000,-3.122418,-5.182495,10.137820,23.172692,-28.355187,-16.193307,6.474289,6.148842,-2.007851,-6.039461
1783945906143,1.880000,31.061472,30.282393,9.978484,20.314994,9.967399,-11.424136,6.698152,6.454685,-2.802745,-3.467179
1783945906163,1.900000,-16.638077,-7.446812,9.806721,21.265899,-28.712710,-8.893739,6.908386,6.741479,-3.071946,-1.113932
1783945906183,1.920000,24.211140,25.006195,9.623279,18.307993,6.698202,-8.196364,7.103737,7.007655,-1.755210,0.739692
1783945906203,1.940000,-9.012113,-13.187367,9.428946,18.867598,-32.054965,-8.547793,7.283060,7.251876,1.534979,1.946057
1783945906223,1.960000,47.259254,13.398540,9.224549,15.521654,-2.123113,-9.737400,7.445329,7.473036,6.136115,2.447796
1783945906243,1.980000,0.022701,-16.797497,9.010978,15.148248,-31.945745,-10.664957,7.589646,7.670263,11.000519,2.339313
1783945906263,2.000000,43.564304,22.215923,8.789217,11.776215,10.439708,-8.408553,7.715245,7.842911,15.292199,1.906911
1783945906283,2.020000,16.380407,-13.577598,8.560348,12.626089,-26.203687,-3.349876,7.821498,7.990554,18.258965,1.519408
1783945906303,2.040000,54.573578,15.152842,8.325552,9.805626,5.347216,0.313325,7.907921,8.112974,19.246161,1.453108
1783945906323,2.060000,11.491991,-23.128440,8.086125,10.127425,-33.255865,0.338432,7.974176,8.210150,18.191319,1.799898
1783945906343,2.080000,43.243230,11.666401,7.843460,6.597977,5.068424,-1.272955,8.020071,8.282243,15.697102,2.466073
1783945906363,2.100000,7.315365,-25.029175,7.599011,6.892787,-31.921962,-1.873912,8.045565,8.329577,12.469809,3.191790
1783945906383,2.120000,42.317825,4.012207,7.354260,3.510100,0.502107,-1.752255,8.050763,8.352627,8.921267,3.604246
1783945906403,2.140000,-6.989963,-36.681965,7.110683,3.370147,-40.052112,-2.558363,8.035915,8.352000,5.214353,3.344231
1783945906423,2.160000,37.699320,7.374403,6.869725,-0.781985,8.156388,-2.666097,8.001416,8.328418,1.312447,2.203447
1783945906443,2.180000,-3.630225,-15.164224,6.632768,-0.115296,-15.048928,2.086595,7.947798,8.282703,-2.844709,0.190900
1783945906463,2.200000,21.803173,15.245632,6.401119,-1.743009,16.988641,9.938009,7.875725,8.215766,-6.834961,-2.480616
1783945906483,2.220000,-20.854786,-15.453927,6.175985,-0.180688,-15.273239,14.921292,7.785989,8.128586,-9.703526,-5.473834
1783945906503,2.240000,13.605545,22.741013,5.958433,-1.813582,24.554595,16.354518,7.679504,8.022207,-10.738411,-8.449397
1783945906523,2.260000,-15.612282,-10.184766,5.749372,0.508033,-10.692799,16.437491,7.557292,7.897726,-10.172907,-11.154279
1783945906543,2.280000,25.658207,27.826506,5.549552,-0.668208,28.494714,16.010204,7.420483,7.756284,-8.972840,-13.393876
1783945906563,2.300000,-20.714104,-30.507095,5.359595,2.033723,-32.540818,12.288989,7.270297,7.599063,-8.003293,-14.939944
1783945906583,2.320000,23.790050,-1.137755,5.180011,-1.297840,0.160085,2.566028,7.108044,7.427280,-7.557175,-15.525063
1783945906603,2.340000,-9.997179,-22.705805,5.011207,-1.348086,-21.357719,-5.812401,6.935106,7.242190,-7.336664,-14.953700
1783945906623,2.360000,8.062546,11.864246,4.853494,-3.493869,15.358115,-5.534418,6.752933,7.045080,-6.485252,-13.218079
1783945906643,2.380000,-17.012299,-26.813934,4.707089,-1.988370,-24.825564,-1.186848,6.563026,6.837272,-4.167506,-10.536073
1783945906663,2.400000,21.973076,9.738496,4.572104,-4.432801,14.171297,1.310411,6.366935,6.620128,-0.538248,-7.299161
1783945906683,2.420000,0.105026,-25.679855,4.448562,-2.997835,-22.682020,1.816955,6.166241,6.395045,3.203564,-3.934578
1783945906703,2.440000,30.116910,10.796538,4.336442,-5.180822,15.977360,1.737429,5.962547,6.163463,5.815932,-0.727716
1783945906723,2.460000,-8.338806,-18.949366,4.235714,-3.525849,-15.423517,2.426853,5.757472,5.926864,6.835579,2.258732
1783945906743,2.480000,29.550010,12.628616,4.146339,-4.959794,17.588410,3.750248,5.552632,5.686776,6.492845,5.075386
1783945906763,2.500000,-11.093210,-14.475159,4.068263,-3.128626,-11.346533,4.804011,5.349637,5.444771,5.231460,7.699888
1783945906783,2.520000,25.364313,26.934086,4.001406,-4.150222,31.084308,6.838299,5.150074,5.202462,3.445815,9.959197
1783945906803,2.540000,-13.265766,-8.620048,3.945653,-1.005881,-7.614168,9.428434,4.955504,4.961509,1.435562,11.601494
1783945906823,2.560000,15.694358,29.696323,3.900849,-1.700947,31.397270,10.280089,4.767445,4.723607,-0.589279,12.417560
1783945906843,2.580000,-16.168844,-10.790747,3.866781,1.423846,-12.214593,8.574641,4.587364,4.490482,-2.567032,12.315132
1783945906863,2.600000,15.900322,18.122368,3.843172,0.231663,17.890705,3.894640,4.416672,4.263887,-4.548526,11.338422
1783945906883,2.620000,-16.726770,-24.528072,3.829678,2.006473,-26.534545,-3.084593,4.256710,4.045590,-6.353977,9.661952
1783945906903,2.640000,5.561896,20.705666,3.825896,-0.576192,21.281858,-8.283643,4.108742,3.837361,-7.274917,7.559458
1783945906923,2.660000,-29.367226,-22.947918,3.831349,1.568047,-24.515965,-9.118738,3.973948,3.640962,-6.438960,5.328215
1783945906943,2.680000,11.091054,9.249437,3.845475,-0.791102,10.040539,-8.999362,3.853418,3.458129,-3.701610,3.197266
1783945906963,2.700000,-14.665656,-28.394163,3.867633,0.281731,-28.675894,-10.150320,3.748144,3.290561,-0.052476,1.308111
1783945906983,2.720000,24.068962,0.936233,3.897138,-2.435917,3.372150,-11.784870,3.659012,3.139896,2.997905,-0.204678
1783945907003,2.740000,-9.927316,-16.846764,3.933301,-1.957909,-14.888855,-11.014724,3.586805,3.007698,4.439137,-1.136748
1783945907023,2.760000,15.657151,24.804140,3.975461,-3.270251,28.074391,-4.509550,3.532189,2.895439,4.270100,-1.265924
1783945907043,2.780000,-16.806622,-10.026718,4.022977,-0.355491,-9.671227,3.956299,3.495717,2.804476,3.130434,-0.518791
1783945907063,2.800000,16.943745,26.021145,4.075218,-1.194286,27.215431,8.435741,3.477822,2.736038,1.586971,0.905259
1783945907083,2.820000,-12.535740,-18.460041,4.131556,1.599139,-20.059180,7.197915,3.478820,2.691206,-0.085833,2.583530
1783945907103,2.840000,17.235363,22.933424,4.191369,-0.296552,23.229976,2.637656,3.498903,2.670897,-1.520448,4.061601
1783945907123,2.860000,-25.100803,-3.122418,4.254053,2.097293,-5.219712,0.719662,3.538144,2.675851,-1.992843,5.027851
1783945907143,2.880000,11.380111,31.061472,4.318999,1.655220,29.406252,3.033525,3.596496,2.706613,-0.908167,5.350433
1783945907163,2.900000,-17.097704,-16.638077,4.385589,4.641493,-21.279570,3.666643,3.673793,2.763528,1.409908,5.020252
1783945907183,2.920000,21.910553,24.211140,4.453196,2.584879,21.626261,0.100092,3.769752,2.846731,3.587090,4.123505
1783945907203,2.940000,-13.251099,-9.012113,4.521212,4.803591,-13.815704,-2.872643,3.883978,2.956138,3.826410,2.868912
1783945907223,2.960000,25.845130,47.259254,4.589072,3.489460,43.769794,-0.316414,4.015968,3.091447,0.747621,1.578598
1783945907243,2.980000,-12.454049,0.022701,4.656263,7.920864,-7.898163,5.685881,4.165111,3.252136,-5.758021,0.584493
1783945907263,3.000000,15.359642,43.564304,4.722327,7.194172,36.370132,8.506386,4.330701,3.463173,-13.761346,0.085648
1783945907283,3.020000,-63.163185,16.380407,4.786825,10.901860,5.478547,8.715126,4.511937,3.672337,-19.634508,0.032019
1783945907303,3.040000,-5.047850,54.573578,4.849269,11.531524,43.042054,9.610132,4.707932,3.903558,-20.387241,0.064995
1783945907323,3.060000,-21.172329,11.491991,4.909059,15.942989,-4.450998,8.761724,4.917722,4.155525,-15.971160,-0.372584
1783945907343,3.080000,12.852956,43.243230,4.965513,15.616049,27.627181,3.756192,5.140271,4.426762,-8.815817,-1.675752
1783945907363,3.100000,-5.754964,7.315365,5.017956,18.524964,-11.209599,-3.026226,5.374484,4.715646,-1.722307,-3.690447
1783945907383,3.120000,28.619473,42.317825,5.065774,17.553556,24.764269,-7.862503,5.619211,5.020427,3.525051,-5.677431
1783945907403,3.140000,-6.973569,-6.989963,5.108462,20.207790,-27.197753,-11.532205,5.873259,5.339248,6.532931,-6.709568
1783945907423,3.160000,26.260040,37.699320,5.145633,17.650019,20.049301,-14.814232,6.135403,5.670170,7.851642,-6.183025
1783945907443,3.180000,-0.247022,-3.630225,5.177014,19.839395,-23.469620,-15.406687,6.404394,6.011194,8.091879,-4.086466
1783945907463,3.200000,32.503150,21.803173,5.202442,17.657384,4.145789,-15.410465,6.678968,6.360284,7.500549,-0.935889
1783945907483,3.220000,0.114424,-20.854786,5.221867,18.240980,-39.095766,-18.040991,6.957859,6.715394,6.183322,2.505672
1783945907503,3.240000,31.981070,13.605545,5.235349,14.460569,-0.855024,-21.098580,7.239802,7.074489,4.437498,5.526524
1783945907523,3.260000,-5.797792,-15.612282,5.243048,14.499894,-30.112176,-20.348488,7.523551,7.435565,2.836524,7.632015
1783945907543,3.280000,36.137547,25.658207,5.245206,11.580014,14.078193,-14.215083,7.807879,7.796676,2.113139,8.571934
1783945907563,3.300000,-7.464643,-20.714104,5.242131,13.087078,-33.801182,-7.193856,8.091593,8.155947,3.040011,8.313569
1783945907583,3.320000,29.175760,23.790050,5.234190,9.769474,14.020576,-3.364268,8.373536,8.511596,6.113839,7.002893
1783945907603,3.340000,-11.923672,-9.997179,5.221789,11.240382,-21.237561,-0.343762,8.652598,8.861943,10.689960,4.902337
1783945907623,3.360000,68.707910,8.062546,5.205366,9.161396,-1.098850,0.942745,8.927720,9.205430,14.460816,2.336902
1783945907643,3.380000,14.527143,-17.012299,5.185435,9.089488,-26.101787,-1.026555,9.197901,9.540624,14.834779,-0.285862
1783945907663,3.400000,43.485756,21.973076,5.162633,6.492444,15.480632,-0.809184,9.462204,9.866230,11.193471,-2.458558
1783945907683,3.420000,-5.498471,0.105026,5.137713,8.059605,-7.954579,4.728380,9.719756,10.181092,5.267983,-3.737652
1783945907703,3.440000,26.006000,30.116910,5.111475,7.273313,22.843597,11.923352,9.969753,10.484198,-0.434491,-4.048235
1783945907723,3.460000,-10.001169,-8.338806,5.084700,9.575481,-17.914287,14.761238,10.211466,10.774679,-4.170970,-3.820968
1783945907743,3.480000,24.983260,29.550010,5.058118,7.787621,21.762389,12.658927,10.444238,11.051808,-5.516832,-3.759179
1783945907763,3.500000,-2.149869,-11.093210,5.032395,9.973658,-21.066868,9.148211,10.667486,11.314997,-5.049565,-4.412891
1783945907783,3.520000,30.372755,25.364313,5.008145,7.863971,17.500342,5.835385,10.880703,11.563790,-3.562646,-5.887949
1783945907803,3.540000,-6.531838,-13.265766,4.985945,9.614442,-22.880208,3.431277,11.083456,11.797857,-1.442131,-7.842366
1783945907823,3.560000,26.855438,15.694358,4.966335,7.317075,8.377283,1.178497,11.275384,12.016988,1.209470,-9.711909
1783945907843,3.580000,1.037594,-16.168844,4.949816,8.146342,-24.315186,-1.025428,11.456200,12.221081,3.959183,-10.990695
1783945907863,3.600000,40.373230,15.900322,4.936855,5.700484,10.199838,-1.730789,11.625684,12.410138,5.865401,-11.390868
1783945907883,3.620000,4.686007,-16.726770,4.927911,6.708474,-23.435244,-1.025364,11.783684,12.584248,6.040171,-10.833500
1783945907903,3.640000,39.778072,5.561896,4.923452,4.351076,1.210821,-1.102268,11.930110,12.743584,4.332140,-9.374425
1783945907923,3.660000,-6.328130,-29.367226,4.923953,4.460710,-33.827936,-3.517723,12.064933,12.888388,1.515657,-7.182972
1783945907943,3.680000,26.862335,11.091054,4.929873,1.067640,10.023414,-5.016895,12.188179,13.018963,-1.173008,-4.574528
1783945907963,3.700000,-12.329661,-14.665656,4.941625,2.064083,-16.729739,-1.676067,12.299924,13.135663,-2.869061,-2.004778
1783945907983,3.720000,27.192863,24.068962,4.959546,0.389438,23.679524,5.259478,12.400291,13.238884,-3.648025,0.039456
1783945908003,3.740000,1.083821,-9.927316,4.983900,2.759888,-12.687204,11.277975,12.489444,13.329053,-4.283116,1.223846
1783945908023,3.760000,22.576933,15.657151,5.014894,1.498522,14.158629,12.269019,12.567584,13.406621,-5.320587,1.515594
1783945908043,3.780000,-12.020385,-16.806622,5.052684,2.925935,-19.732557,8.392700,12.634944,13.472056,-6.500196,1.173173
1783945908063,3.800000,17.146385,16.943745,5.097363,0.969609,15.974136,4.059429,12.691783,13.525835,-7.170648,0.566048
1783945908083,3.820000,-12.741933,-12.535740,5.148940,2.588323,-15.124063,2.499615,12.738381,13.568437,-7.031482,-0.029359
1783945908103,3.840000,25.747856,17.235363,5.207343,1.102053,16.133310,2.961186,12.775034,13.600337,-6.353852,-0.494414
1783945908123,3.860000,-9.605841,-25.100803,5.272433,2.746456,-27.847259,1.909317,12.802054,13.622004,-5.579863,-0.782565
1783945908143,3.880000,24.350351,11.380111,5.344022,-0.004274,11.384385,-1.349724,12.819757,13.632942,-4.824005,-0.822617
1783945908163,3.900000,-14.560045,-17.097704,5.421886,1.172992,-18.270696,-2.790060,12.828464,13.634586,-3.844144,-0.523316
1783945908183,3.920000,33.301450,21.910553,5.505760,-0.614524,22.525077,-0.219689,12.828496,13.627356,-2.358249,0.152819
1783945908203,3.940000,-18.900967,-13.251099,5.595351,1.685095,-14.936194,3.774799,12.820172,13.611649,-0.258581,1.146925
1783945908223,3.960000,32.972286,25.845130,5.690339,0.237619,25.607511,6.355672,12.803803,13.587840,2.152322,2.327112
1783945908243,3.980000,1.873125,-12.454049,5.790393,2.856030,-15.310079,6.834695,12.779691,13.556278,4.035956,3.548369
1783945908263,4.000000,38.010810,15.359642,5.895190,1.379421,13.980221,4.320843,12.748126,13.517288,4.634368,4.719234
1783945908283,4.020000,-8.978892,-63.163185,6.004444,2.841358,-66.004543,-5.777188,12.709384,13.471169,4.027657,5.828547
1783945908303,4.040000,24.523733,-5.047850,6.117893,-3.732998,-1.314851,-20.186696,12.663726,13.418193,2.852673,6.880039
1783945908323,4.060000,0.016389,-21.172329,6.235279,-3.842326,-17.330003,-22.193788,12.611395,13.358606,1.437570,7.780925
1783945908343,4.080000,29.063400,12.852956,6.356338,-5.570557,18.423513,-9.454092,12.552618,13.292631,-0.299428,8.331948
1783945908363,4.100000,-11.644658,-5.754964,6.480806,-3.712650,-2.042314,5.428411,12.487600,13.220464,-2.274647,8.352767
1783945908383,4.120000,22.889100,28.619473,6.608415,-3.907609,32.527082,15.867253,12.416529,13.142276,-4.102969,7.790149
1783945908403,4.140000,-14.542432,-6.973569,6.738870,-0.615854,-6.357715,19.249092,12.339573,13.058216,-5.465764,6.703189
1783945908423,4.160000,24.991627,26.260040,6.871845,-1.222065,27.482105,16.105800,12.256881,12.968412,-6.291393,5.198507
1783945908443,4.180000,-9.979785,-0.247022,7.006981,1.586426,-1.833448,11.484902,12.168584,12.872971,-6.518052,3.419649
1783945908463,4.200000,17.781958,32.503150,7.143899,1.460084,31.043066,8.976312,12.074795,12.771980,-5.797444,1.567486
1783945908483,4.220000,-15.787598,0.114424,7.282198,4.662749,-4.548325,7.646567,11.975613,12.665512,-3.735716,-0.131966
1783945908503,4.240000,26.425957,31.981070,7.421449,4.300688,27.680382,5.761684,11.871122,12.553624,-0.560890,-1.503509
1783945908523,4.260000,0.034286,-5.797792,7.561210,7.203257,-13.001050,2.534671,11.761394,12.436359,2.705782,-2.452043
1783945908543,4.280000,37.260520,36.137547,7.701058,6.019560,30.117987,-0.575405,11.646490,12.313752,4.936777,-2.909137
1783945908563,4.300000,-5.530150,-7.464643,7.840619,9.196595,-16.661237,-2.405719,11.526466,12.185828,5.667306,-2.785498
1783945908583,4.320000,37.106556,29.175760,7.979576,7.670829,21.504931,-4.559780,11.401370,12.052608,5.168346,-2.026885
1783945908603,4.340000,-6.873360,-11.923672,8.117665,9.998500,-21.922172,-7.328709,11.271251,11.914108,4.065847,-0.726325
1783945908623,4.360000,35.962852,68.707910,8.254659,7.948117,60.759793,-4.329888,11.136155,11.770344,3.059939,0.840096
1783945908643,4.380000,-7.309989,14.527143,8.390369,14.270316,0.256827,6.184208,10.996132,11.621334,2.795679,2.301563
1783945908663,4.400000,26.916983,43.485756,8.524630,14.545270,28.940486,10.958289,10.851239,11.467097,3.637065,3.325443
1783945908683,4.420000,0.139198,-5.498471,8.657290,17.740899,-23.239370,3.437699,10.701538,11.307662,5.283060,3.705722
1783945908703,4.440000,41.024837,26.006000,8.788218,15.680652,10.325348,-9.171788,10.547105,11.143061,6.790860,3.406853
1783945908723,4.460000,4.636985,-10.001169,8.917319,16.996065,-26.997234,-18.567352,10.388025,10.973340,7.332126,2.583739
1783945908743,4.480000,23.637049,24.983260,9.044550,14.533469,10.449791,-21.115252,10.224402,10.798555,6.745236,1.533821
1783945908763,4.500000,-2.370811,-2.149869,9.169903,15.833555,-17.983424,-17.768927,10.056354,10.618776,5.032579,0.543955
1783945908783,4.520000,38.164513,30.372755,9.293375,14.259367,16.113388,-11.578665,9.884018,10.434090,1.762292,-0.264892
1783945908803,4.540000,-8.484557,-6.531838,9.414976,16.121366,-22.653205,-7.070187,9.707555,10.244598,-3.392244,-0.941139
1783945908823,4.560000,37.177635,26.855438,9.534723,14.067854,12.787584,-5.966268,9.527144,10.050425,-9.545793,-1.575017
1783945908843,4.580000,-50.036620,1.037594,9.652631,15.578258,-14.540664,-5.308826,9.342989,9.851712,-14.389368,-2.223800
1783945908863,4.600000,13.127827,40.373230,9.768645,14.330635,26.042595,-1.980221,9.155321,9.648625,-15.739378,-2.988393
1783945908883,4.620000,-15.731367,4.686007,9.882594,17.181480,-12.495472,2.431768,8.964395,9.441353,-13.412261,-4.071204
1783945908903,4.640000,23.770010,39.778072,9.994204,16.156781,23.621291,4.609833,8.770492,9.230110,-8.976305,-5.614217
1783945908923,4.660000,-11.846036,-6.328130,10.103156,18.778215,-25.106345,2.886825,8.573924,9.015139,-4.157072,-7.439252
1783945908943,4.680000,27.716595,26.862335,10.209126,16.485913,10.376422,-2.234557,8.375028,8.796709,-0.096840,-9.005536
1783945908963,4.700000,-2.812074,-12.329661,10.311803,17.754507,-30.084168,-7.378051,8.174174,8.575121,2.564897,-9.679311
1783945908983,4.720000,36.070800,27.192863,10.410908,14.929727,12.263136,-9.300467,7.971759,8.350707,3.701786,-9.062695
1783945909003,4.740000,-7.380396,1.083821,10.506218,16.353859,-15.270038,-6.272402,7.768210,8.123833,3.847976,-7.130564
1783945909023,4.760000,27.414757,22.576933,10.597559,14.999552,7.577381,-1.579655,7.563984,7.894898,3.926096,-4.194555
1783945909043,4.780000,-2.956272,-12.020385,10.684796,15.936364,-27.956749,-0.800052,7.359566,7.664339,4.551932,-0.797832
1783945909063,4.800000,29.016499,17.146385,10.767822,13.278455,3.867930,-3.246267,7.155471,7.432626,5.626939,2.437932
1783945909083,4.820000,1.413369,-12.741933,10.846564,13.803920,-26.545853,-4.976555,6.952238,7.200271,6.474135,4.998117
1783945909103,4.840000,38.195830,25.747856,10.920989,11.250550,14.497306,-3.356937,6.750432,6.967819,6.332380,6.621258
1783945909123,4.860000,-6.024594,-9.605841,10.991115,12.815079,-22.420920,0.711335,6.550641,6.735855,4.981301,7.325241
1783945909143,4.880000,27.221708,24.350351,11.057005,10.657145,13.693206,3.891701,6.353474,6.505001,2.909990,7.300768
1783945909163,4.900000,-10.683263,-14.560045,11.118742,12.122147,-26.682192,4.454660,6.159556,6.275917,0.843074,6.749625
1783945909183,4.920000,27.408327,33.301450,11.176406,9.516108,23.785342,4.655874,5.969528,6.049294,-0.700007,5.783525
1783945909203,4.940000,-13.159452,-18.900967,11.230068,11.978161,-30.879128,5.308852,5.784040,5.825860,-1.404386,4.445610
1783945909223,4.960000,22.060015,32.972286,11.279781,8.938094,24.034192,5.103636,5.603748,5.606371,-1.066588,2.798847
1783945909243,4.980000,-13.219934,1.873125,11.325576,11.409301,-9.536176,7.271018,5.429312,5.391611,0.264038,0.975029
1783945909263,5.000000,25.199558,38.010810,11.367458,10.510351,27.500459,11.590828,5.261388,5.182389,2.104349,-0.842331
1783945909283,5.020000,-1.311415,-8.978892,11.405420,13.335865,-22.314757,12.218726,5.100627,4.979530,3.709446,-2.448147
1783945909303,5.040000,26.370506,24.523733,11.439458,11.155928,13.367805,7.292416,4.947666,4.783875,4.630218,-3.630200
1783945909323,5.060000,-10.400769,0.016389,11.469586,12.551221,-12.534832,2.492156,4.803125,4.596271,5.039471,-4.206847
1783945909343,5.080000,26.204863,29.063400,11.495832,11.341988,17.721412,1.963072,4.667601,4.417569,5.377551,-4.109287
1783945909363,5.100000,-13.005089,-11.644658,11.518222,13.167653,-24.812311,1.793388,4.541663,4.248610,5.785053,-3.445088
1783945909383,5.120000,32.845670,22.889100,11.536783,10.717767,12.171333,-0.550989,4.425848,4.090224,5.911171,-2.464084
1783945909403,5.140000,-9.956576,-14.542432,11.551542,11.970785,-26.513217,-3.096914,4.320651,3.943216,5.235987,-1.434074
1783945909423,5.160000,27.611240,24.991627,11.562541,9.334381,15.657246,-3.858763,4.226526,3.808361,3.603628,-0.529082
1783945909443,5.180000,-13.781653,-9.979785,11.569833,10.921354,-20.901139,-2.302031,4.143873,3.686391,1.465653,0.185705
1783945909463,5.200000,16.069057,17.781958,11.573465,8.837065,8.944893,-0.932210,4.073040,3.577988,-0.318468,0.688613
1783945909483,5.220000,-24.970459,-15.787598,11.573459,9.739298,-25.526896,-1.707402,4.014316,3.483772,-1.084390,0.928942
1783945909503,5.240000,20.219010,26.425957,11.569790,7.178609,19.247348,-1.820562,3.967922,3.404291,-1.048592,0.817041
1783945909523,5.260000,-13.315430,0.034286,11.562385,9.101984,-9.067699,1.763648,3.934013,3.340013,-1.275260,0.300079
1783945909543,5.280000,22.575085,37.260520,11.551147,8.187138,29.073382,7.500379,3.912673,3.291314,-2.719964,-0.531985
1783945909563,5.300000,-23.861708,-5.530150,11.535968,11.095126,-16.625275,10.332236,3.903907,3.258473,-5.300271,-1.424156
1783945909583,5.320000,11.119432,37.106556,11.516729,9.423743,27.682813,8.815897,3.907645,3.241658,-7.887178,-2.082431
1783945909603,5.340000,-35.009094,-6.873360,11.493275,12.188872,-19.062232,5.677917,3.923736,3.240924,-9.115261,-2.361006
1783945909623,5.360000,8.959799,35.962852,11.465387,10.269936,25.692916,2.726697,3.951948,3.256204,-8.368089,-2.343940
1783945909643,5.380000,-18.679361,-7.309989,11.432787,12.829281,-20.139270,0.732649,3.991967,3.287306,-6.196326,-2.242930
1783945909663,5.400000,14.302065,26.916983,11.395158,10.796453,16.120530,-1.418980,4.043398,3.333910,-3.803331,-2.195507
1783945909683,5.420000,-17.990583,0.139198,11.352177,12.388346,-12.249147,-2.695061,4.105765,3.395564,-2.262471,-2.137768
1783945909703,5.440000,14.556122,41.024837,11.303538,11.136623,29.888214,-0.322364,4.178513,3.471691,-2.224409,-1.855641
1783945909723,5.460000,-17.262154,4.636985,11.248949,14.097143,-9.460158,3.637479,4.261013,3.561581,-3.937157,-1.156053
1783945909743,5.480000,14.824072,23.637049,11.188146,13.116143,10.520906,3.328428,4.352561,3.664405,-7.143939,-0.005077
1783945909763,5.500000,-25.397398,-2.370811,11.120886,14.127691,-16.498503,-1.715036,4.452385,3.779215,-10.889707,1.452486
1783945909783,5.520000,1.721846,38.164513,11.046934,12.430780,25.733733,-4.338186,4.559649,3.904954,-13.665440,2.948757
1783945909803,5.540000,-30.805550,-8.484557,10.966047,14.949832,-23.434389,-3.641298,4.673461,4.040465,-14.080887,4.161596
1783945909823,5.560000,6.731057,37.177635,10.877951,12.546448,24.631187,-3.273242,4.792875,4.184501,-11.588611,4.799535
1783945909843,5.580000,-20.724365,-50.036620,10.782353,14.939836,-64.976456,-8.345465,4.916899,4.335739,-6.718151,4.718138
1783945909863,5.600000,23.727470,13.127827,10.678967,8.374703,4.753124,-19.140318,5.044506,4.492791,-0.768597,4.023843
1783945909883,5.620000,-10.712353,-15.731367,10.567555,8.775882,-24.507249,-21.555630,5.174637,4.654223,4.758370,3.080501
1783945909903,5.640000,36.880690,23.770010,10.447964,6.250904,17.519106,-11.989085,5.306213,4.818564,8.653523,2.382925
1783945909923,5.660000,-5.287246,-11.846036,10.320158,7.918276,-19.764312,-1.171481,5.438140,4.984326,10.312914,2.357666
1783945909943,5.680000,37.577030,27.716595,10.184227,5.857767,21.858828,5.333974,5.569320,5.150017,9.856595,3.190964
1783945909963,5.700000,-6.319922,-2.812074,10.040391,7.945908,-10.757982,8.404760,5.698660,5.314157,8.010863,4.755196
1783945909983,5.720000,29.578552,36.070800,9.888978,6.770612,29.300188,10.343154,5.825078,5.475294,5.797261,6.649633
1783945910003,5.740000,-10.525478,-7.380396,9.730405,9.581262,-16.961658,10.378032,5.947513,5.632016,4.073796,8.325848
1783945910023,5.760000,27.395630,27.414757,9.565150,7.767558,19.647199,7.200049,6.064933,5.782963,3.104822,9.253935
1783945910043,5.780000,-3.099497,-2.956272,9.393736,9.597162,-12.553434,3.734789,6.176344,5.926842,2.514471,9.084373
1783945910063,5.800000,29.461468,29.016499,9.216729,8.207786,20.808713,2.530490,6.280795,6.062432,1.754975,7.758097
1783945910083,5.820000,-8.061926,1.413369,9.034741,10.134328,-8.720959,3.037099,6.377387,6.188600,0.658415,5.511833
1783945910103,5.840000,26.366896,38.195830,8.848418,9.107742,29.088088,4.951418,6.465280,6.304302,-0.454927,2.760865
1783945910123,5.860000,-9.838304,-6.024594,8.658426,11.832939,-17.857533,5.633937,6.543697,6.408592,-1.032776,-0.073895
1783945910143,5.880000,24.440212,27.221708,8.465437,9.872069,17.349639,2.486538,6.611932,6.500627,-0.596363,-2.688626
1783945910163,5.900000,-9.284950,-10.683263,8.270118,11.410601,-22.093864,-2.259673,6.669352,6.579670,0.969830,-4.918806
1783945910183,5.920000,32.867480,27.408327,8.073133,9.020671,18.387656,-5.146205,6.715405,6.645090,3.256791,-6.690327
1783945910203,5.940000,-0.518372,-13.159452,7.875149,10.655842,-23.815294,-5.691729,6.749620,6.696364,5.532459,-7.952821
1783945910223,5.960000,37.318504,22.060015,7.676854,8.092647,13.967368,-5.678036,6.771611,6.733079,7.210620,-8.638055
1783945910243,5.980000,-5.882469,-13.219934,7.478968,9.289110,-22.509044,-5.524306,6.781083,6.754925,8.091690,-8.678472
1783945910263,6.000000,36.604404,25.199558,7.282234,6.863128,18.336430,-4.327542,6.777827,6.748742,8.109420,-8.081735
1783945910283,6.020000,2.705007,-1.311415,7.087408,8.497480,-9.808895,-1.078676,6.761724,6.740185,7.084257,-6.986980
1783945910303,6.040000,39.085360,26.370506,6.895262,7.329796,19.040710,2.677621,6.732746,6.716472,5.073730,-5.629873
1783945910323,6.060000,-15.417554,-10.400769,6.706580,9.020453,-19.421222,3.191673,6.690952,6.677687,2.797775,-4.255099
1783945910343,6.080000,33.078840,26.204863,6.522135,6.893986,19.310877,1.115240,6.636490,6.624001,1.269303,-3.076640
1783945910363,6.100000,-6.222570,-13.005089,6.342659,8.612706,-21.617795,-0.851830,6.569591,6.555670,1.160780,-2.283928
1783945910383,6.120000,18.687017,32.845670,6.168835,6.275227,26.570443,-0.997987,6.490567,6.473026,2.628387,-2.013540
1783945910403,6.140000,-3.890536,-9.956576,6.001291,8.715404,-18.671980,0.784832,6.399810,6.376477,5.060064,-2.286766
1783945910423,6.160000,37.266285,27.611240,5.840595,6.666927,20.944313,1.724803,6.297786,6.266498,6.905451,-2.974878
1783945910443,6.180000,2.246885,-13.781653,5.687278,8.546762,-22.328415,0.619109,6.185026,6.143627,6.480452,-3.810379
1783945910463,6.200000,29.983328,16.069057,5.541859,6.145415,9.923642,-2.308151,6.062129,6.008464,3.160419,-4.442862
1783945910483,6.220000,-9.304116,-24.970459,5.404845,6.955952,-31.926411,-6.472614,5.929750,5.861660,-2.169307,-4.567411
1783945910503,6.240000,8.644804,20.219010,5.276693,3.650865,16.568145,-8.505431,5.788596,5.703916,-7.565945,-4.101492
1783945910523,6.260000,-29.139578,-13.315430,5.157772,5.168780,-18.484210,-5.624278,5.639421,5.535981,-11.134503,-3.281532
1783945910543,6.280000,16.609142,22.575085,5.048314,3.227459,19.347626,-0.454906,5.483016,5.358643,-12.110109,-2.567206
1783945910563,6.300000,-24.319717,-23.861708,4.948412,5.035968,-28.897676,1.668170,5.320209,5.172728,-10.933146,-2.381285
1783945910583,6.320000,12.675088,11.119432,4.858039,2.090977,9.028455,-0.826250,5.151851,4.979094,-8.575923,-2.852587
1783945910603,6.340000,-17.515955,-35.009094,4.777062,2.926765,-37.935859,-5.428511,4.978815,4.778631,-6.122068,-3.742319
1783945910623,6.360000,20.232857,8.959799,4.705271,-0.840420,9.800219,-8.511306,4.801987,4.572251,-4.528589,-4.583594
1783945910643,6.380000,-13.487922,-18.679361,4.642394,0.151062,-18.830423,-6.171723,4.622263,4.360890,-4.166623,-4.900850
1783945910663,6.400000,15.366774,14.302065,4.588125,-1.670124,15.972189,0.176620,4.440538,4.145502,-4.474764,-4.377096
1783945910683,6.420000,-24.136091,-17.990583,4.542123,-0.041720,-17.948863,5.177751,4.257708,3.927052,-4.246647,-2.949180
1783945910703,6.440000,9.579370,14.556122,4.504001,-1.757657,16.313779,6.962257,4.074655,3.706518,-2.577262,-0.838116
1783945910723,6.460000,-9.773208,-17.262154,4.473316,-0.080106,-17.182048,6.630393,3.892252,3.484884,0.294442,1.529114
1783945910743,6.480000,26.231870,14.824072,4.449587,-1.707533,16.531605,5.659522,3.711351,3.263132,3.193509,3.719762
1783945910763,6.500000,-11.297339,-25.397398,4.432339,0.002246,-25.399644,3.763522,3.532782,3.042246,5.009103,5.504141
1783945910783,6.520000,27.565514,1.721846,4.421123,-2.420186,4.142032,-0.053256,3.357347,2.823200,5.332729,6.907168
1783945910803,6.540000,-13.353797,-30.805550,4.415520,-1.896367,-28.909183,-4.141266,3.185820,2.606957,4.446185,8.071753
1783945910823,6.560000,23.004246,6.731057,4.415139,-4.614703,11.345760,-5.155840,3.018938,2.394465,3.083477,9.075357
1783945910843,6.580000,-23.261929,-20.724365,4.419600,-3.333973,-17.390392,-1.929548,2.857404,2.186652,2.023029,9.846984
1783945910863,6.600000,20.649162,23.727470,4.428520,-4.894151,28.621621,4.495812,2.701879,1.984417,1.510857,10.204541
1783945910883,6.620000,-15.253269,-10.712353,4.441500,-1.913427,-8.798926,11.174445,2.552982,1.788633,1.005664,9.960739
1783945910903,6.640000,25.473627,36.880690,4.458134,-2.660905,39.541595,15.801372,2.411290,1.600136,-0.307301,9.048398
1783945910923,6.660000,-20.463840,-5.287246,4.478024,1.352972,-6.640218,17.664154,2.277332,1.419724,-2.653188,7.592896
1783945910943,6.680000,10.263551,37.577030,4.500779,0.759926,36.817104,16.206269,2.151591,1.248152,-5.371084,5.857601
1783945910963,6.700000,-27.284508,-6.319922,4.525989,4.456199,-10.776121,12.376710,2.034504,1.086127,-7.452481,4.086902
1783945910983,6.720000,7.147517,29.578552,4.553206,3.411594,26.166958,7.009181,1.926457,0.934308,-8.280770,2.383650
1783945911003,6.740000,-20.176296,-10.525478,4.581933,6.030095,-16.555573,1.346545,1.827791,0.793297,-7.887957,0.731101
1783945911023,6.760000,12.921455,27.395630,4.611642,4.399600,22.996030,-2.778076,1.738797,0.663643,-6.609001,-0.875526
1783945911043,6.780000,-26.295488,-3.099497,4.641789,6.703477,-9.802974,-3.861937,1.659723,0.545835,-4.661937,-2.329333
1783945911063,6.800000,17.027428,29.461468,4.671826,5.740307,23.721161,-2.614647,1.590768,0.440306,-2.236194,-3.438645
1783945911083,6.820000,-17.820705,-8.061926,4.701206,8.114934,-16.176860,-2.239563,1.532088,0.347426,0.223698,-4.030919
1783945911103,6.840000,21.392883,26.366896,4.729406,6.514395,19.852501,-3.735490,1.483800,0.267506,2.086922,-4.024140
1783945911123,6.860000,-11.159677,-9.838304,4.755939,8.509613,-18.347917,-5.686306,1.445979,0.200800,2.846215,-3.427001
1783945911143,6.880000,24.454832,24.440212,4.780377,6.695405,17.744807,-7.042232,1.418663,0.147764,2.457880,-2.314058
1783945911163,6.900000,-22.084042,-9.284950,4.802355,8.487105,-17.772055,-7.363729,1.401857,0.108323,1.467918,-0.827261
1783945911183,6.920000,23.626991,32.867480,4.821556,6.732391,26.135089,-5.753187,1.395532,0.082556,0.643844,0.804834
1783945911203,6.940000,-20.487400,-0.518372,4.837703,9.366345,-9.884717,-2.227111,1.399631,0.070489,0.490758,2.282647
1783945911223,6.960000,22.308270,37.318504,4.850549,8.399782,28.918722,1.203097,1.414072,0.072102,1.102789,3.314110
1783945911243,6.980000,-13.369498,-5.882469,4.859878,11.315224,-17.197693,1.900584,1.438749,0.087326,2.243550,3.722504
1783945911263,7.000000,25.538023,36.604404,4.865519,9.617946,26.986458,0.015940,1.473533,0.116054,3.575226,3.513160
1783945911283,7.020000,-12.196609,2.705007,4.867345,12.342556,-9.637549,-0.989952,1.518280,0.158139,4.915835,2.854896
1783945911303,7.040000,23.424599,39.085360,4.865284,11.402402,27.682958,-0.225607,1.572829,0.213401,6.221987,1.992913
1783945911323,7.060000,-9.809076,-15.417554,4.859312,14.198718,-29.616272,-1.870718,1.637008,0.281630,7.311613,1.143819
1783945911343,7.080000,34.423714,33.078840,4.849454,11.256328,21.822512,-6.434729,1.710632,0.362589,7.783337,0.435200
1783945911363,7.100000,-8.337613,-6.222570,4.835794,13.460213,-19.682783,-8.379348,1.793507,0.456019,7.420911,-0.080157
1783945911383,7.120000,25.443550,18.687017,4.818476,11.505307,7.181710,-8.493062,1.885433,0.561641,6.553915,-0.387972
1783945911403,7.140000,-11.631321,-3.890536,4.797700,12.234675,-16.125211,-8.758403,1.986204,0.679158,5.797258,-0.519966
1783945911423,7.160000,26.764336,37.266285,4.773692,10.625265,26.641020,-5.396523,2.095609,0.808260,5.540972,-0.582488
1783945911443,7.180000,-13.058414,2.246885,4.746701,13.293773,-11.046888,0.603652,2.213433,0.948625,5.732156,-0.733056
1783945911463,7.200000,26.233915,29.983328,4.716990,12.186157,17.797171,3.565587,2.339459,1.099920,5.872655,-1.099082
1783945911483,7.220000,-3.125835,-9.304116,4.684838,13.960823,-23.264939,1.229559,2.473466,1.261805,5.211396,-1.705470
1783945911503,7.240000,26.049593,8.644804,4.650543,11.620211,-2.975407,-5.364328,2.615231,1.433932,3.324547,-2.457969
1783945911523,7.260000,-20.943956,-29.139578,4.614427,11.303109,-40.442687,-13.624230,2.764529,1.615944,0.545751,-3.194495
1783945911543,7.280000,20.166086,16.609142,4.576807,7.231319,9.377823,-17.134329,2.921132,1.807480,-2.415351,-3.791990
1783945911563,7.300000,-15.493046,-24.319717,4.537975,8.138642,-32.458359,-13.303882,3.084810,2.008173,-5.003265,-4.250501
1783945911583,7.320000,11.387460,12.675088,4.498185,4.858994,7.816094,-7.438618,3.255328,2.217650,-6.746180,-4.667597
1783945911603,7.340000,-26.934225,-17.515955,4.457646,5.604628,-23.120583,-2.406393,3.432451,2.435532,-7.232143,-5.137797
1783945911623,7.360000,17.983190,20.232857,4.416511,3.256701,16.976156,2.419087,3.615937,2.661435,-6.538751,-5.686516
1783945911643,7.380000,-16.282703,-13.487922,4.374876,4.915613,-18.403535,6.409132,3.805542,2.894970,-5.292842,-6.258340
1783945911663,7.400000,14.274725,15.366774,4.332800,3.038619,12.328155,7.838953,4.001019,3.135740,-4.143762,-6.712828
1783945911683,7.420000,-15.103471,-24.136091,4.290323,4.231925,-28.368016,5.710553,4.202116,3.383348,-3.461654,-6.846358
1783945911703,7.440000,22.940931,9.579370,4.247470,1.362702,8.216668,1.930698,4.408577,3.637389,-3.345290,-6.473028
1783945911723,7.460000,-23.975670,-9.773208,4.204259,2.150291,-11.923499,1.475311,4.620146,3.897457,-3.560861,-5.516940
1783945911743,7.480000,19.698185,26.231870,4.160704,0.928837,25.303033,6.513560,4.836560,4.163141,-3.738117,-4.053276
1783945911763,7.500000,-16.923733,-11.297339,4.116807,3.420888,-14.718227,11.803434,5.057558,4.434033,-3.778563,-2.286248
1783945911783,7.520000,21.640924,27.565514,4.072558,1.917630,25.647884,13.205015,5.282877,4.709723,-3.836996,-0.475634
1783945911803,7.540000,-21.917430,-13.353797,4.027950,4.438817,-17.792614,11.519205,5.512254,4.989803,-4.049308,1.157486
1783945911823,7.560000,22.982834,23.004246,3.982975,2.625335,20.378911,8.078623,5.745427,5.273873,-4.520150,2.485392
1783945911843,7.580000,-11.925880,-23.261929,3.937624,4.617250,-27.879179,3.588592,5.982140,5.561536,-5.265499,3.467407
1783945911863,7.600000,17.126942,20.649162,3.891898,1.800641,18.848521,-0.401207,6.222138,5.852406,-5.841488,4.126100
1783945911883,7.620000,-17.237064,-15.253269,3.845812,3.644537,-18.897806,-1.104221,6.465175,6.146109,-5.287365,4.522210
1783945911903,7.640000,5.050545,25.473627,3.799377,1.727259,23.746368,1.264687,6.711012,6.442284,-2.893940,4.703436
1783945911923,7.660000,-1.374049,-20.463840,3.752587,4.056715,-24.520555,2.940713,6.959422,6.740589,0.774118,4.659499
1783945911943,7.680000,38.084824,10.263551,3.705434,1.578698,8.684853,0.653286,7.210189,7.040699,3.993450,4.378143
1783945911963,7.700000,-7.057342,-27.284508,3.657960,2.414251,-29.698759,-4.080053,7.463111,7.342315,5.333972,3.976948
1783945911983,7.720000,28.386396,7.147517,3.610282,-0.562598,7.710115,-7.355161,7.718002,7.645160,4.565026,3.721001
1783945912003,7.740000,0.785573,-20.176296,3.562580,0.195219,-20.371515,-6.823601,7.974696,7.948987,2.299866,3.846676
1783945912023,7.760000,21.099966,12.921455,3.515082,-1.835476,14.756931,-2.976236,8.233045,8.253574,-0.375751,4.363173
1783945912043,7.780000,-12.026943,-26.295488,3.468049,-0.366663,-25.928825,0.091943,8.492923,8.558735,-2.142406,5.024720
1783945912063,7.800000,24.645070,17.027428,3.421749,-2.939977,19.967405,1.208771,8.754226,8.864314,-2.050274,5.463679
1783945912083,7.820000,-14.539662,-17.820705,3.376442,-0.942951,-16.877754,2.848981,9.016875,9.170188,-0.042141,5.355673
1783945912103,7.840000,36.388690,21.392883,3.332378,-2.612022,24.004905,5.145720,9.280815,9.476272,2.960151,4.550021
1783945912123,7.860000,4.308458,-11.159677,3.289817,-0.217280,-10.942397,7.189816,9.546018,9.782512,5.537854,3.152123
1783945912143,7.880000,32.484660,24.454832,3.249055,-1.304498,25.759330,8.395876,9.812481,10.088891,6.683157,1.509762
1783945912163,7.900000,-0.309223,-22.084042,3.210437,1.251365,-23.335407,6.683291,10.080227,10.395426,6.206366,0.066698
1783945912183,7.920000,37.110516,23.626991,3.174349,-1.075124,24.702115,2.842275,10.349306,10.702167,4.447941,-0.849726
1783945912203,7.940000,-4.975897,-20.487400,3.141203,1.375959,-21.863359,0.257953,10.619793,11.009197,2.078344,-1.169210
1783945912223,7.960000,26.516119,22.308270,3.111427,-0.803127,23.111397,-0.697122,10.891789,11.316629,-0.018034,-1.067603
1783945912243,7.980000,-3.795029,-13.369498,3.085441,1.491035,-14.860533,-0.085517,11.165415,11.624604,-1.119832,-0.850711
1783945912263,8.000000,27.566826,25.538023,3.063645,0.007163,25.530860,1.639873,11.440818,11.933288,-0.936427,-0.819696
1783945912283,8.020000,-11.027106,-12.196609,3.046411,2.536136,-14.732745,2.744457,11.718163,12.242871,0.335588,-1.163471
1783945912303,8.040000,37.581320,23.424599,3.034078,1.058416,22.366183,2.303229,11.997632,12.553561,1.900819,-1.902161
1783945912323,8.060000,4.018857,-9.809076,3.026964,3.269074,-13.078150,1.129974,12.279426,12.865582,2.656506,-2.886963
1783945912343,8.080000,40.521423,34.423714,3.025391,1.953611,32.470103,1.575974,12.563755,13.179171,2.149327,-3.840455
1783945912363,8.100000,-13.937698,-8.337613,3.029693,5.162561,-13.500174,3.101742,12.850841,13.494569,1.141074,-4.450251
1783945912383,8.120000,32.039993,25.443550,3.040203,3.794026,21.649524,2.247311,13.140911,13.812024,0.882927,-4.529242
1783945912403,8.140000,-8.181541,-11.631321,3.057216,5.924508,-17.555829,-1.029809,13.434198,14.131782,1.893776,-4.142727
1783945912423,8.160000,44.897500,26.764336,3.080985,4.158011,22.606325,-3.688972,13.730930,14.454080,3.606843,-3.553940
1783945912443,8.180000,-2.237698,-13.058414,3.111747,6.394131,-19.452545,-4.735552,14.031335,14.779146,5.023825,-3.009284
1783945912463,8.200000,40.075645,26.233915,3.149734,4.448657,21.785258,-4.911852,14.335629,15.107193,5.428865,-2.570884
1783945912483,8.220000,4.210386,-3.125835,3.195186,6.618134,-9.743969,-3.453912,14.644020,15.438411,4.604327,-2.140389
1783945912503,8.240000,32.269820,26.049593,3.248342,5.650656,20.398937,-1.218490,14.956695,15.772967,2.826368,-1.603529
1783945912523,8.260000,-1.200087,-20.943956,3.309430,7.695310,-28.639266,-2.552695,15.273824,16.110994,0.724078,-0.947874
1783945912543,8.280000,28.371964,20.166086,3.378652,4.860589,15.305497,-7.026641,15.595550,16.452594,-1.077864,-0.285695
1783945912563,8.300000,-8.343115,-15.493046,3.456167,6.424533,-21.917579,-9.239553,15.921988,16.797826,-2.315706,0.197753
1783945912583,8.320000,37.149826,11.387460,3.542077,4.281466,7.105994,-9.095824,16.253222,17.146708,-3.199315,0.333622
1783945912603,8.340000,-7.686181,-26.934225,3.636435,5.049367,-31.983592,-9.915714,16.589296,17.499210,-4.058752,0.065028
1783945912623,8.360000,24.702654,17.983190,3.739249,1.914267,16.068923,-9.877207,16.930219,17.855252,-4.935327,-0.515120
1783945912643,8.380000,-4.012649,-16.282703,3.850477,3.594780,-19.877483,-6.165638,17.275953,18.214701,-5.708136,-1.221410
1783945912663,8.400000,29.199610,14.274725,3.970020,1.679083,12.595642,-1.804981,17.626417,18.577368,-6.258685,-1.871297
1783945912683,8.420000,-11.252702,-15.103471,4.097729,3.023958,-18.127429,0.405333,17.981480,18.943010,-6.319006,-2.337931
1783945912703,8.440000,25.274680,22.940931,4.233408,1.287619,21.653312,2.260254,18.340961,19.311325,-5.605523,-2.553865
1783945912723,8.460000,-3.194955,-23.975670,4.376807,3.555979,-27.531649,2.957802,18.704628,19.681955,-4.237366,-2.506306
1783945912743,8.480000,37.707817,19.698185,4.527638,0.878243,18.819942,1.395181,19.072195,20.054482,-2.672317,-2.216914
1783945912763,8.500000,-6.906286,-16.923733,4.685595,2.865212,-19.788945,0.741887,19.443322,20.428437,-1.188777,-1.692544
1783945912783,8.520000,36.965065,21.640924,4.850370,0.963762,20.677162,2.006742,19.817614,20.803294,0.245426,-0.908121
1783945912803,8.540000,0.404426,-21.917430,5.021655,3.148332,-25.065762,2.694005,20.194624,21.178477,1.641003,0.141434
1783945912823,8.560000,40.880867,22.982834,5.199149,0.712845,22.269989,2.320211,20.573850,21.553362,2.847537,1.389453
1783945912843,8.580000,5.610328,-11.925880,5.382569,3.059609,-14.985489,3.244852,20.954739,21.927280,3.720319,2.714159
1783945912863,8.600000,43.387894,17.126942,5.571665,1.649487,15.477455,4.293252,21.336684,22.299522,4.309758,3.993961
1783945912883,8.620000,2.061692,-17.237064,5.766219,3.324901,-20.561965,3.037531,21.719032,22.669343,4.863340,5.131284
1783945912903,8.640000,40.161434,5.050545,5.966042,1.345940,3.704604,-0.454922,22.101083,23.035966,5.482954,6.033082
1783945912923,8.660000,13.524167,-1.374049,6.170968,1.803252,-3.177301,-1.831973,22.482091,23.398591,5.770690,6.598202
1783945912943,8.680000,42.417484,38.084824,6.380856,1.563322,36.521502,4.537966,22.861270,23.756394,5.038707,6.751795
1783945912963,8.700000,11.779705,-7.057342,6.595601,5.398840,-12.456183,12.134344,23.237797,24.108539,2.871374,6.497117
1783945912983,8.720000,33.510696,28.386396,6.815126,4.304058,24.082338,12.234944,23.610814,24.454180,-0.608790,5.913130
1783945913003,8.740000,-0.373093,0.785573,7.039365,6.939157,-6.153584,8.415842,23.979432,24.792470,-4.958789,5.077824
1783945913023,8.760000,48.683510,21.099966,7.268236,6.537488,14.562478,4.489335,24.342740,25.122563,-9.557991,4.004146
1783945913043,8.780000,-26.528807,-12.026943,7.501637,8.258013,-20.284956,-0.653922,24.699802,25.443625,-13.307774,2.664983
1783945913063,8.800000,29.606392,24.645070,7.739416,6.436149,18.208921,-4.658037,25.049669,25.754835,-14.961980,1.042561
1783945913083,8.820000,-8.167255,-14.539662,7.981343,8.525737,-23.065399,-5.788122,25.391383,26.055395,-14.209730,-0.857190
1783945913103,8.840000,36.938630,36.388690,8.227106,6.419939,29.968751,-4.060643,25.723978,26.344535,-11.810443,-2.968456
1783945913123,8.860000,2.096181,4.308458,8.476351,9.716951,-5.408493,1.317783,26.046494,26.621518,-8.693195,-5.078939
1783945913143,8.880000,31.797722,32.484660,8.728710,9.464971,23.019689,5.825344,26.357977,26.885646,-5.397794,-6.804483
1783945913163,8.900000,10.330184,-0.309223,8.983813,12.134772,-12.443995,5.276596,26.657489,27.136262,-2.291296,-7.730694
1783945913183,8.920000,51.250305,37.110516,9.241306,11.225552,25.884964,2.544536,26.944112,27.372761,0.218610,-7.606638
1783945913203,8.940000,6.000427,-4.975897,9.500876,14.236873,-19.212770,-0.107054,27.216958,27.594589,1.992293,-6.416715
1783945913223,8.960000,49.631077,26.516119,9.762268,12.685175,13.830944,-3.721005,27.475173,27.801245,3.226265,-4.345070
1783945913243,8.980000,16.141556,-3.795029,10.025277,14.486402,-18.281431,-6.827275,27.717946,27.992290,4.041846,-1.722435
1783945913263,9.000000,55.830320,27.566826,10.289756,13.025844,14.540982,-7.464272,27.944513,28.195897,4.442593,1.038752
1783945913283,9.020000,18.995514,-11.027106,10.555626,14.896395,-25.923501,-7.429169,28.154163,28.355701,4.720405,3.548405
1783945913303,9.040000,44.157387,37.581320,10.822875,12.647127,24.934193,-6.382972,28.346247,28.498877,5.525315,5.527744
1783945913323,9.060000,21.655897,4.018857,11.091541,15.561277,-11.542420,-2.131223,28.520180,28.625225,7.259460,6.810415
1783945913343,9.080000,58.390310,40.521423,11.361701,14.798052,25.723371,2.674277,28.675446,28.734607,9.550172,7.310178
1783945913363,9.100000,27.441736,-13.937698,11.633480,17.839627,-31.777325,2.356567,28.811604,28.826945,11.533635,7.044786
1783945913383,9.120000,58.550674,32.039993,11.907065,15.044628,16.995365,-2.971825,28.928290,28.902221,12.443825,6.179182
1783945913403,9.140000,29.979570,-8.181541,12.182706,17.177987,-25.359528,-6.780915,29.025221,28.960473,11.868416,4.988989
1783945913423,9.160000,59.422380,44.897500,12.460710,15.009094,29.888406,-5.099276,29.102196,29.001796,9.859761,3.741789
1783945913443,9.180000,17.572908,-2.237698,12.741430,18.449852,-20.687549,-0.196888,29.159096,29.026333,6.994721,2.588722
1783945913463,9.200000,55.471570,40.075645,13.025239,16.781227,23.294418,2.720530,29.195890,29.034281,4.122557,1.527898
1783945913483,9.220000,6.580857,4.210386,13.312499,19.576437,-15.366051,3.144817,29.212629,29.025881,1.907964,0.434414
1783945913503,9.240000,59.015180,32.269820,13.603539,18.469874,13.799946,1.933514,29.209448,29.001415,0.527883,-0.859478
1783945913523,9.260000,10.368493,-1.200087,13.898644,20.320053,-21.520140,-1.080058,29.186566,28.961210,-0.176870,-2.450136
1783945913543,9.280000,49.587505,28.371964,14.198053,18.588439,9.783525,-4.032932,29.144281,28.905629,-0.290587,-4.276501
1783945913563,9.300000,6.884092,-8.343115,14.501958,20.016685,-28.359800,-6.278280,29.082970,28.835067,0.164841,-6.134773
1783945913583,9.320000,52.711926,37.149826,14.810492,17.565544,19.584282,-6.137296,29.003084,28.749958,0.864680,-7.777197
1783945913603,9.340000,17.489990,-7.686181,15.123729,19.961832,-27.648013,-3.524097,28.905146,28.650760,1.228315,-8.997770
1783945913623,9.360000,45.142723,24.702654,15.441702,17.573625,7.129029,-2.707140,28.789746,28.537964,0.911524,-9.648984
1783945913643,9.380000,14.683186,-4.012649,15.764407,18.685427,-22.698075,-3.411390,28.657536,28.412085,0.019561,-9.643525
1783945913663,9.400000,43.445330,29.199610,16.091793,16.766404,12.433206,-2.448127,28.509228,28.273665,-1.107327,-8.991483
1783945913683,9.420000,5.157697,-11.252702,16.423760,18.394722,-29.647424,-1.363740,28.345586,28.123267,-2.171463,-7.832948
1783945913703,9.440000,47.533497,25.274680,16.760143,15.751934,9.522746,-1.745296,28.167422,27.961477,-3.141004,-6.407492
1783945913723,9.460000,12.953193,-3.194955,17.100719,17.052702,-20.247657,-1.172741,27.975592,27.788903,-4.087310,-4.958825
1783945913743,9.480000,32.608814,37.707817,17.445215,15.335583,22.372234,2.407493,27.770988,27.606169,-4.720773,-3.642341
1783945913763,9.500000,1.134069,-6.906286,17.793301,17.934827,-24.841114,5.896427,27.554535,27.413920,-4.602331,-2.514634
1783945913783,9.520000,46.636370,36.965065,18.144579,15.762453,21.202612,6.456887,27.327184,27.212817,-3.870272,-1.592997
1783945913803,9.540000,6.231743,0.404426,18.498584,18.244716,-17.840291,6.277935,27.089906,27.003537,-3.190160,-0.881849
1783945913823,9.560000,39.598335,40.880867,18.854812,16.788081,24.092786,6.875136,26.843692,26.786772,-3.091607,-0.329476
1783945913843,9.580000,1.096191,5.610328,19.212727,19.579629,-13.969301,7.774609,26.589538,26.563227,-3.809494,0.185737
1783945913863,9.600000,47.830116,43.387894,19.571754,18.538721,24.849173,8.297811,26.328453,26.333620,-5.448241,0.780701
1783945913883,9.620000,-6.060637,2.061692,19.931289,21.434329,-19.372636,7.237632,26.061442,26.098677,-7.765063,1.492402
1783945913903,9.640000,36.952682,40.161434,20.290697,19.870149,20.291285,4.522670,25.789510,25.859138,-9.975873,2.272680
1783945913923,9.660000,-7.522867,13.524167,20.649302,22.315539,-8.791372,3.195041,25.513655,25.615746,-11.067632,3.014914
1783945913943,9.680000,26.897907,42.417484,21.006375,21.836186,20.581298,4.009665,25.234865,25.369254,-10.315928,3.577910
1783945913963,9.700000,-0.442408,11.779705,21.361130,24.335773,-12.556068,4.128783,24.954112,25.120418,-7.741168,3.831259
1783945913983,9.720000,38.337654,33.510696,21.712738,23.496878,10.013818,1.768758,24.672355,24.869996,-4.183624,3.736805
1783945914003,9.740000,10.683370,-0.373093,22.060358,24.933602,-25.306694,-3.126282,24.390529,24.618749,-0.751496,3.417771
1783945914023,9.760000,40.473590,48.683510,22.403171,22.788007,25.895503,-5.527088,24.109550,24.367435,1.872653,3.147967
1783945914043,9.780000,5.097509,-26.528807,22.740402,25.809046,-52.337853,-6.956973,23.830308,24.116810,3.575586,3.232374
1783945914063,9.800000,47.904200,29.606392,23.071325,20.905721,8.700671,-12.317236,23.553668,23.867627,4.429754,3.838655
1783945914083,9.820000,12.214214,-8.167255,23.395265,22.117833,-30.285088,-14.305569,23.280466,23.620628,4.537809,4.911906
1783945914103,9.840000,44.766670,36.938630,23.711613,19.371527,17.567103,-9.314777,23.011509,23.376548,4.326471,6.229488
1783945914123,9.860000,5.963512,2.096181,24.019827,21.435784,-19.339603,-1.917998,22.747571,23.136112,4.597530,7.512412
1783945914143,9.880000,40.549118,31.797722,24.319418,19.769162,12.028560,2.939443,22.489394,22.900676,5.995944,8.492504
1783945914163,9.900000,9.459755,10.330184,24.609939,21.252875,-10.922691,4.607575,22.237685,22.670225,8.344349,8.939278
1783945914183,9.920000,51.930565,51.250305,24.890984,20.415523,30.834782,7.545183,21.993117,22.445431,10.479259,8.713347
1783945914203,9.940000,25.616780,6.000427,25.162209,23.796383,-17.795956,10.176458,21.756324,22.226947,10.953098,7.850323
1783945914223,9.960000,45.119137,49.631077,25.423357,22.276825,27.354252,9.240084,21.527901,22.015397,9.191096,6.588562
1783945914243,9.980000,4.078828,16.141556,25.674260,25.306057,-9.164501,7.734556,21.308402,21.811379,5.880684,5.254267
1783945914263,10.000000,41.648346,55.830320,25.914801,24.659650,31.170670,7.793079,21.098343,21.615459,2.197117,4.050037
1783945914283,10.020000,2.147597,18.995514,26.144881,28.083189,-9.087675,8.039651,20.898192,21.428169,-0.954356,2.929867
1783945914303,10.040000,37.114014,44.157387,26.364404,27.456942,16.700445,5.663984,20.708376,21.250003,-2.960451,1.681170
1783945914323,10.060000,-8.403015,21.655897,26.573264,29.422153,-7.766256,1.631956,20.529272,21.081414,-3.416890,0.120482
1783945914343,10.080000,37.039513,58.390310,26.771334,28.918607,29.471703,0.775682,20.361212,20.922811,-2.415250,-1.781755
1783945914363,10.100000,1.686647,27.441736,26.958462,32.166458,-4.724722,2.948104,20.204477,20.774557,-0.724657,-3.894491
1783945914383,10.120000,46.404358,58.550674,27.134487,31.976145,26.574529,4.301270,20.059300,20.636968,0.674568,-5.957359
1783945914403,10.140000,-3.788502,29.979570,27.299263,34.936256,-4.956686,3.675902,19.925861,20.510305,1.291792,-7.626135
1783945914423,10.160000,38.041410,59.422380,27.452667,34.723777,24.698603,2.005979,19.804287,20.394779,1.183262,-8.581405
1783945914443,10.180000,0.100292,17.572908,27.594590,37.491856,-19.918948,-1.554679,19.694653,20.290543,0.429486,-8.676203
1783945914463,10.200000,46.406532,55.471570,27.724931,35.761364,19.710206,-6.300287,19.596980,20.197693,-0.994292,-7.997527
1783945914483,10.220000,-7.639643,6.580857,27.843612,38.000779,-31.419921,-10.560872,19.511236,20.116270,-2.746047,-6.785211
1783945914503,10.240000,32.784090,59.015180,27.950574,35.079792,23.935388,-12.636638,19.437332,20.046251,-4.008461,-5.313892
1783945914523,10.260000,-10.101713,10.368493,28.045754,37.703829,-27.335336,-11.139029,19.375127,19.987558,-4.154200,-3.848837
1783945914543,10.280000,35.670216,49.587505,28.129072,35.159850,14.427655,-9.414960,19.324425,19.940050,-3.386605,-2.638793
1783945914563,10.300000,1.705404,6.884092,28.200436,36.790822,-29.906729,-9.430220,19.284978,19.903529,-2.624963,-1.853057
1783945914583,10.320000,39.329340,52.711926,28.259764,33.947700,18.764226,-9.005713,19.256486,19.877736,-2.719899,-1.483904
1783945914603,10.340000,-7.751339,17.489990,28.307001,35.972877,-18.482887,-6.025214,19.238594,19.862356,-3.766899,-1.337767
1783945914623,10.360000,35.218810,45.142723,28.342117,34.244202,10.898521,-3.001528,19.230902,19.857018,-5.168444,-1.165296
1783945914643,10.380000,-8.638004,14.683186,28.365093,35.447269,-20.764083,-2.555332,19.232959,19.861296,-6.118543,-0.825839
1783945914663,10.400000,34.244340,43.445330,28.375914,33.455036,9.990294,-3.140956,19.244268,19.874713,-5.923484,-0.347882
1783945914683,10.420000,-10.277439,5.157697,28.374568,34.530515,-29.372819,-4.451268,19.264290,19.896742,-4.199981,0.139962
1783945914703,10.440000,34.263157,47.533497,28.361046,31.637548,15.895949,-5.032981,19.292443,19.926812,-1.185482,0.516480
1783945914723,10.460000,6.816948,12.953193,28.335350,33.266800,-20.313607,-2.641663,19.328106,19.964307,2.099758,0.738497
1783945914743,10.480000,43.019974,32.608814,28.297517,31.250542,1.358272,-0.979596,19.370623,20.008572,4.315787,0.874456
1783945914763,10.500000,9.986511,1.134069,28.247649,31.388768,-30.254698,-3.136596,19.419305,20.058918,4.620714,1.095168
1783945914783,10.520000,42.878086,46.636370,28.185926,28.339400,18.296970,-3.800884,19.473434,20.114622,3.173547,1.593821
1783945914803,10.540000,-5.934774,6.231743,28.112603,30.140192,-23.908449,-0.229544,19.532265,20.174935,1.020546,2.450816
1783945914823,10.560000,37.034344,39.598335,28.027982,27.699522,11.898813,2.850939,19.595030,20.239082,-0.652194,3.528011
1783945914843,10.580000,-1.123040,1.096191,27.932385,28.831621,-27.735430,2.884159,19.660943,20.306271,-1.283896,4.492198
1783945914863,10.600000,45.738438,47.830116,27.826147,25.981193,21.848923,2.849052,19.729199,20.375690,-0.909667,4.982307
1783945914883,10.620000,-4.303705,-6.060637,27.709632,28.083552,-34.144188,3.302545,19.798982,20.446519,0.407782,4.811297
1783945914903,10.640000,36.948220,36.952682,27.583232,24.569336,12.383346,1.691439,19.869467,20.517926,2.670313,4.043716
1783945914923,10.660000,12.098655,-7.522867,27.447360,25.700218,-33.223085,-0.542926,19.939823,20.589075,5.479603,2.908899
1783945914943,10.680000,44.180100,26.897907,27.302459,22.257542,4.640365,-2.264099,20.009214,20.659129,8.000028,1.677781
1783945914963,10.700000,12.172994,-0.442408,27.149022,22.593649,-23.036056,-2.164054,20.076807,20.727254,9.427134,0.604322
1783945914983,10.720000,49.872433,38.337654,26.987600,20.153958,18.183696,1.721936,20.141770,20.792618,9.272007,-0.102675
1783945915003,10.740000,5.346372,10.683370,26.818803,21.829678,-11.146308,7.739949,20.203280,20.854399,7.430591,-0.335433
1783945915023,10.760000,47.341850,40.473590,26.643287,20.566474,19.907116,12.289383,20.260522,20.911784,4.161983,-0.145017
1783945915043,10.780000,4.387999,5.097509,26.461739,22.401218,-17.303709,12.559266,20.312691,20.963973,0.089324,0.266691
1783945915063,10.800000,30.489422,47.904200,26.274856,20.511314,27.392886,10.776721,20.358999,21.010181,-3.750705,0.619226
1783945915083,10.820000,-3.695126,12.214214,26.083318,23.081993,-10.867779,10.344060,20.398672,21.049641,-6.225675,0.634962
1783945915103,10.840000,26.250725,44.766670,25.887760,21.823808,22.942862,9.972624,20.430958,21.081604,-6.726633,0.104460
1783945915123,10.860000,-1.458195,5.963512,25.688750,23.937292,-17.973780,7.563467,20.455125,21.105342,-5.526242,-1.054026
1783945915143,10.880000,38.454660,40.549118,25.486799,21.959777,18.589341,3.805356,20.470464,21.120148,-3.596275,-2.732486
1783945915163,10.900000,1.079393,9.459755,25.282381,23.629925,-14.170170,1.239735,20.476292,21.125341,-1.973409,-4.609932
1783945915183,10.920000,39.357235,51.930565,25.075950,22.025851,29.904714,2.017017,20.471957,21.120266,-1.191640,-6.230662
1783945915203,10.940000,3.284017,25.616780,24.867955,24.816156,0.800624,6.167284,20.456833,21.104295,-1.135332,-7.170248
1783945915223,10.960000,26.200533,45.119137,24.658834,24.693266,20.425871,8.909662,20.430329,21.076829,-1.290298,-7.203878
1783945915243,10.980000,6.056874,4.078828,24.449005,26.522104,-22.443276,4.734103,20.391889,21.037300,-1.343295,-6.387960
1783945915263,11.000000,39.862526,41.648346,24.238860,24.072350,17.575996,-2.943922,20.340992,20.985171,-1.464605,-5.001774
1783945915283,11.020000,0.887287,2.147597,24.028780,25.614950,-23.467353,-7.881437,20.277159,20.919942,-1.812112,-3.385704
1783945915303,11.040000,36.046623,37.114014,23.819139,23.064450,14.049564,-9.529898,20.199949,20.841147,-2.106935,-1.798123
1783945915323,11.060000,-2.431401,-8.403015,23.610302,24.258035,-32.661050,-10.418841,20.108967,20.748356,-1.865826,-0.386763
1783945915343,11.080000,36.712437,37.039513,23.402611,20.799392,16.240121,-10.871117,20.003859,20.641180,-0.848509,0.755039
1783945915363,11.100000,1.590955,1.686647,23.196386,22.222389,-20.535742,-8.509952,19.884323,20.519271,0.704506,1.557449
1783945915383,11.120000,45.759884,46.404358,22.991931,19.981770,26.422588,-3.380508,19.750102,20.382321,2.205079,2.009209
1783945915403,11.140000,1.067721,-3.788502,22.789549,22.421864,-26.210366,0.412097,19.600991,20.229429,3.119909,2.194862
1783945915423,11.160000,44.271950,38.041410,22.589553,19.617825,18.423585,-0.052735,19.436838,20.061000,3.216591,2.268907
1783945915443,11.180000,3.662156,0.100292,22.392261,21.266959,-21.166667,-1.854993,19.257543,19.876881,2.533144,2.374563
1783945915463,11.200000,36.321926,46.406532,22.197997,18.974394,27.432138,-1.178820,19.063063,19.676966,1.291643,2.567873
1783945915483,11.220000,-2.436544,-7.639643,22.007074,21.524812,-29.164454,0.022918,18.853408,19.461203,-0.318485,2.793053
1783945915503,11.240000,43.572456,32.784090,21.819782,18.439976,14.344114,-1.902535,18.628649,19.229589,-2.322901,2.918182
1783945915523,11.260000,-7.413380,-10.101713,21.636388,19.698567,-29.800280,-5.179725,18.388912,18.982175,-4.669624,2.812356
1783945915543,11.280000,34.762436,35.670216,21.457128,16.569059,19.101157,-6.083862,18.134384,18.719068,-6.851902,2.414403
1783945915563,11.300000,-8.750981,1.705404,21.282202,18.318673,-16.613268,-3.093843,17.865310,18.440429,-7.985435,1.744653
1783945915583,11.320000,21.588339,39.329340,21.111753,16.513888,22.815452,1.704125,17.581995,18.146478,-7.242630,0.861702
1783945915603,11.340000,-3.440165,-7.751339,20.945859,18.637873,-26.389212,3.523622,17.284803,17.837490,-4.485273,-0.177300
1783945915623,11.360000,34.920048,35.218810,20.784533,15.866859,19.351951,1.648963,16.974159,17.513800,-0.593495,-1.296450
1783945915643,11.380000,8.381191,-8.638004,20.627751,17.658523,-26.296527,-0.703342,16.650547,17.175803,3.010056,-2.339050
1783945915663,11.400000,43.014660,34.244340,20.475491,14.911172,19.333168,-1.751708,16.314511,16.823952,5.240378,-3.040405
1783945915683,11.420000,3.073126,-10.277439,20.327757,16.715237,-26.992676,-1.735997,15.966651,16.458764,5.892026,-3.104327
1783945915703,11.440000,35.977590,34.263157,20.184579,13.913289,20.349868,-1.188990,15.607626,16.080812,5.442163,-2.369937
1783945915723,11.460000,7.443693,6.816948,20.046004,15.833080,-9.016131,1.698605,15.238151,15.690734,4.463001,-0.942739
1783945915743,11.480000,40.714905,43.019974,19.912084,14.828016,28.191958,6.744612,14.858994,15.289226,3.467959,0.832179
1783945915763,11.500000,-8.591249,9.986511,19.782879,17.524896,-7.538385,10.253867,14.470977,14.877044,3.075082,2.527880
1783945915783,11.520000,35.466114,42.878086,19.658443,16.659389,26.218697,10.523765,14.074971,14.455003,3.622175,3.782523
1783945915803,11.540000,7.209005,-5.934774,19.538806,19.152707,-25.087481,6.478595,13.671893,14.023975,4.639997,4.366966
1783945915823,11.560000,38.681305,37.034344,19.423981,16.540341,20.494003,0.035042,13.262705,13.584889,5.238995,4.225936
1783945915843,11.580000,-0.512781,-1.123040,19.313985,18.474120,-19.597160,-3.619863,12.848409,13.138725,4.883118,3.504745
1783945915863,11.600000,39.634842,45.738438,19.208839,16.418942,29.319496,-2.512906,12.430044,12.686516,3.586565,2.489733
1783945915883,11.620000,-7.790322,-4.303705,19.108553,19.236837,-23.540542,0.008411,12.008681,12.229343,1.753944,1.459800
1783945915903,11.640000,26.185783,36.948220,19.013117,16.791700,20.156520,-0.197512,11.585421,11.768330,-0.119818,0.557328
1783945915923,11.660000,-1.316786,12.098655,18.922477,18.705311,-6.606656,-0.193115,11.161388,11.304644,-1.848239,-0.232034
1783945915943,11.680000,24.735844,44.180100,18.836533,17.952249,26.227851,2.612664,10.737723,10.839488,-3.487954,-0.999045
1783945915963,11.700000,-13.896990,12.172994,18.755138,20.467871,-8.294877,4.875974,10.315583,10.374097,-4.962778,-1.807707
1783945915983,11.720000,22.663828,49.872433,18.678091,19.542159,30.330274,5.517299,9.896135,9.909734,-6.107512,-2.649447
1783945916003,11.740000,-15.926749,5.346372,18.605125,22.462222,-17.115850,4.189856,9.480548,9.447684,-6.909000,-3.469146
1783945916023,11.760000,28.885462,47.341850,18.535913,20.654671,26.687179,1.024116,9.069990,8.989252,-7.382203,-4.198174
1783945916043,11.780000,-21.895119,4.387999,18.470074,23.214062,-18.826064,-1.813212,8.665622,8.535750,-7.206804,-4.748582
1783945916063,11.800000,18.464592,30.489422,18.407183,21.239502,9.249920,-5.371051,8.268595,8.088498,-5.782760,-5.019429
1783945916083,11.820000,-15.567522,-3.695126,18.346761,22.070930,-25.766055,-9.899440,7.880042,7.648818,-2.872834,-4.948371
1783945916103,11.840000,32.177658,26.250725,18.288286,19.421013,6.829712,-12.696930,7.501073,7.218022,1.027949,-4.538479
1783945916123,11.860000,-9.298217,-1.458195,18.231223,20.029808,-21.488002,-12.317605,7.132774,6.797410,5.057809,-3.808148
1783945916143,11.880000,35.088370,38.454660,18.175054,17.822478,20.632182,-8.103258,6.776198,6.388266,8.438362,-2.729823
1783945916163,11.900000,-3.182994,1.079393,18.119299,19.817508,-18.738115,-2.469176,6.432358,5.991844,10.571577,-1.250849
1783945916183,11.920000,34.770030,39.357235,18.063528,17.887973,21.469262,1.117045,6.102232,5.609368,11.024008,0.618576
1783945916203,11.940000,0.481244,3.284017,18.007366,19.968891,-16.684874,2.475668,5.786746,5.242024,9.613603,2.745557
1783945916223,11.960000,29.119417,26.200533,17.950496,18.244292,7.956241,0.939829,5.486778,4.890948,6.607949,4.888505
1783945916243,11.980000,-14.271892,6.056874,17.892645,18.980226,-12.923352,-1.733395,5.203150,4.557228,2.760288,6.746401
1783945916263,12.000000,20.549511,39.862526,17.833557,17.634706,22.227820,-0.788538,4.936627,4.181037,-1.070648,8.003133
1783945916283,12.020000,-18.675716,0.887287,17.772966,19.793243,-18.905956,1.829652,4.687906,3.885123,-4.332270,8.379641
1783945916303,12.040000,19.571772,36.046623,17.710574,17.846666,18.199957,2.177600,4.457620,3.609653,-6.744949,7.717273
1783945916323,12.060000,-27.901793,-2.431401,17.646054,19.601300,-22.032701,0.724779,4.246330,3.355424,-8.030782,6.060701
1783945916343,12.080000,7.969643,36.712437,17.579032,17.341067,19.371370,-0.640934,4.054524,3.123146,-8.015082,3.661537
1783945916363,12.100000,-18.828375,1.590955,17.509080,19.210959,-17.620004,-0.403493,3.882610,2.913438,-7.057878,0.890711
1783945916383,12.120000,20.161589,45.759884,17.435726,17.387005,28.372879,1.911595,3.730920,2.726825,-5.928892,-1.848516
1783945916403,12.140000,-25.774158,1.067721,17.358482,20.147913,-19.080191,4.369741,3.599704,2.563730,-5.088938,-4.156910
1783945916423,12.160000,18.259396,44.271950,17.276857,18.168400,26.103550,4.753473,3.489128,2.424475,-4.427906,-5.686807
1783945916443,12.180000,-25.197914,3.662156,17.190361,20.693309,-17.031153,3.976418,3.399275,2.309275,-3.643683,-6.241003
1783945916463,12.200000,19.107891,36.321926,17.098505,18.907787,17.414139,2.197502,3.330146,2.218240,-2.608294,-5.847941
1783945916483,12.220000,-19.182972,-2.436544,17.000812,20.555567,-22.992111,-0.842923,3.281655,2.151370,-1.452746,-4.725109
1783945916503,12.240000,21.306778,43.572456,16.896829,18.167157,25.405299,-2.237654,3.253634,2.108558,-0.413018,-3.159716
1783945916523,12.260000,-17.113598,-7.413380,16.786140,20.603086,-28.016465,-1.858959,3.245832,2.089588,0.389768,-1.406961
1783945916543,12.280000,20.793724,34.762436,16.668376,17.702497,17.059939,-2.693476,3.257917,2.094139,1.025693,0.344342
1783945916563,12.300000,-14.136259,-8.750981,16.543218,19.296447,-28.047428,-4.219845,3.289476,2.121783,1.696350,1.957140
1783945916583,12.320000,23.778309,21.588339,16.410401,16.384914,5.203425,-6.196142,3.340020,2.171990,2.690098,3.326582
1783945916603,12.340000,-15.585027,-3.440165,16.269718,16.789482,-20.229647,-7.158018,3.408985,2.244131,4.332702,4.378787
1783945916623,12.360000,21.976616,34.920048,16.121019,14.652669,20.267379,-3.843336,3.495732,2.337481,6.705735,5.072983
1783945916643,12.380000,-4.845947,8.381191,15.964213,16.549052,-8.167861,2.573276,3.599557,2.451224,9.276851,5.398846
1783945916663,12.400000,34.126210,43.014660,15.799278,15.598169,27.416491,8.562720,3.719687,2.584455,11.032389,5.390324
1783945916683,12.420000,-1.689839,3.073126,15.626279,18.184265,-15.111139,10.549112,3.855286,2.736190,11.170554,5.152340
1783945916703,12.440000,23.857677,35.977590,15.445381,16.517108,19.460482,7.713120,4.005461,2.905365,9.581946,4.840689
1783945916723,12.460000,-6.724533,7.443693,15.256835,18.288286,-10.844593,4.075060,4.169263,3.090847,6.630802,4.563426
1783945916743,12.480000,26.440336,40.714905,15.060948,17.026551,23.688354,2.964590,4.345692,3.291438,2.804582,4.286631
1783945916763,12.500000,-15.294513,-8.591249,14.858073,19.195527,-27.786776,1.361162,4.533701,3.505878,-1.190526,3.849637
1783945916783,12.520000,11.898508,35.466114,14.648587,16.225747,19.240367,-2.278678,4.732203,3.732860,-4.371604,3.066539
1783945916803,12.540000,-20.608393,7.209005,14.432862,17.938040,-10.729035,-2.798606,4.940069,3.971026,-5.950727,1.809710
1783945916823,12.560000,8.694525,38.681305,14.211241,16.652697,22.028608,0.453411,5.156142,4.218982,-5.916909,0.041403
1783945916843,12.580000,-9.736776,-0.512781,13.984026,18.619402,-19.132183,2.173768,5.379233,4.475302,-5.137242,-2.157008
1783945916863,12.600000,20.904226,39.634842,13.751500,16.476757,23.158085,1.375135,5.608134,4.738534,-4.714939,-4.539121
1783945916883,12.620000,-16.048805,-7.790322,13.513952,18.537413,-26.327736,-0.605246,5.841617,5.007211,-5.039304,-6.701773
1783945916903,12.640000,12.892792,26.185783,13.271681,15.664278,10.521505,-4.264864,6.078445,5.279857,-5.550080,-8.214848
1783945916923,12.660000,-18.975487,-1.316786,13.024986,16.460500,-17.777286,-6.578754,6.317374,5.554993,-5.415512,-8.818471
1783945916943,12.680000,20.694765,24.735844,12.774153,14.437117,10.298727,-5.715514,6.557164,5.831147,-4.244215,-8.534973
1783945916963,12.700000,-14.857626,-13.896990,12.519463,15.206055,-29.103045,-5.414020,6.796579,6.106862,-2.222913,-7.599522
1783945916983,12.720000,22.196356,22.663828,12.261204,12.059188,10.604640,-6.347829,7.034399,6.380705,0.040879,-6.288063
1783945917003,12.740000,-6.712172,-15.926749,11.999682,12.867958,-28.794707,-6.478543,7.269424,6.651271,1.623046,-4.795800
1783945917023,12.760000,35.932670,28.885462,11.735241,9.764988,19.120474,-4.621513,7.500481,6.917194,1.638119,-3.214805
1783945917043,12.780000,-11.844036,-21.895119,11.468276,11.428877,-33.323996,-2.258953,7.726430,7.177155,-0.062798,-1.567260
1783945917063,12.800000,22.639666,18.464592,11.199235,7.885989,10.578603,-2.347809,7.946174,7.429888,-2.661563,0.126266
1783945917083,12.820000,-14.810026,-15.567522,10.928598,8.718847,-24.286369,-2.661251,8.158661,7.674188,-4.978223,1.757517
1783945917103,12.840000,20.916998,32.177658,10.656847,6.096086,26.081572,0.553855,8.362894,7.908918,-6.155164,3.095256
1783945917123,12.860000,-16.077105,-9.298217,10.384452,8.474442,-17.772659,5.834847,8.557935,8.133012,-5.924705,3.868258
1783945917143,12.880000,28.685236,35.088370,10.111873,6.492258,28.596112,9.593293,8.742913,8.344795,-4.587548,3.916787
1783945917163,12.900000,-11.345106,-3.182994,9.839567,9.105049,-12.288043,11.214255,8.917030,8.544089,-2.744582,3.294722
1783945917183,12.920000,31.037424,34.770030,9.567996,7.648200,27.121830,11.056876,9.079565,8.730085,-0.956730,2.257296
1783945917203,12.940000,-10.497834,0.481244,9.297643,10.089694,-9.608450,9.827880,9.229881,8.902071,0.349572,1.154479
1783945917223,12.960000,31.967447,29.119417,9.029004,8.874206,20.245211,7.698569,9.367429,9.059438,0.750471,0.292054
1783945917243,12.980000,-0.670010,-14.271892,8.762599,10.610323,-24.882215,3.126182,9.491752,9.201681,-0.157649,-0.162700
1783945917263,13.000000,34.906933,20.549511,8.498971,7.878506,12.671005,-2.730311,9.602492,9.328404,-2.283650,-0.185184
1783945917283,13.020000,-11.018896,-18.675716,8.238696,8.880823,-27.556539,-6.836235,9.699389,9.439325,-4.541643,0.151686
1783945917303,13.040000,15.272724,19.571772,7.982360,5.914529,13.657243,-7.930571,9.782288,9.534275,-5.250507,0.692094
1783945917323,13.060000,-8.064297,-27.901793,7.730525,7.046380,-34.948173,-7.807871,9.851140,9.613203,-3.412435,1.182810
1783945917343,13.080000,35.351196,7.969643,7.483710,3.391204,4.578439,-8.865034,9.906001,9.676173,0.498042,1.333901
1783945917363,13.100000,-0.741723,-18.828375,7.242411,3.683919,-22.512294,-8.556696,9.947036,9.723369,5.013360,0.992665
1783945917383,13.120000,44.340480,20.161589,7.007143,1.320229,18.841360,-4.031585,9.974519,9.755093,8.559449,0.287408
1783945917403,13.140000,10.118015,-25.774158,6.778455,3.056595,-28.830753,0.543378,9.988830,9.771761,10.064781,-0.415642
1783945917423,13.160000,41.941517,18.259396,6.556947,0.095900,18.163496,1.788642,9.990455,9.773909,9.403829,-0.718179
1783945917443,13.180000,-0.293470,-25.197914,6.343270,1.799504,-26.997418,1.521889,9.979983,9.762181,7.421866,-0.406623
1783945917463,13.200000,35.575226,19.107891,6.138097,-0.943083,20.050974,1.440329,9.958104,9.737332,5.333557,0.435611
1783945917483,13.220000,-3.276670,-19.182972,5.942096,0.978177,-20.161149,2.535149,9.925602,9.700225,4.008947,1.457996
1783945917503,13.240000,36.997875,21.306778,5.755908,-1.064998,22.371776,4.385252,9.883353,9.651819,3.675191,2.204249
1783945917523,13.260000,-0.877711,-17.113598,5.580139,1.096799,-18.210397,5.686473,9.832316,9.593172,4.074815,2.326786
1783945917543,13.280000,34.684795,20.793724,5.415362,-0.745063,21.538787,5.862789,9.773528,9.525426,4.785450,1.728349
1783945917563,13.300000,0.155620,-14.136259,5.262114,1.340259,-15.476518,5.433350,9.708096,9.449806,5.394538,0.560544
1783945917583,13.320000,38.841020,23.778309,5.120895,-0.226197,24.004506,5.291123,9.637190,9.367611,5.603958,-0.881107
1783945917603,13.340000,1.650195,-15.585027,4.992172,2.099888,-17.684915,4.900060,9.562029,9.280200,5.476833,-2.277438
1783945917623,13.360000,26.692936,21.976616,4.876376,0.314927,21.661689,3.655438,9.483879,9.188987,5.522985,-3.376285
1783945917643,13.380000,-3.442241,-4.845947,4.773890,2.414471,-7.260419,3.484165,9.404033,9.095431,6.182787,-4.058737
1783945917663,13.400000,36.851833,34.126210,4.685033,1.652627,32.473583,5.936534,9.323812,9.001021,7.207522,-4.359390
1783945917683,13.420000,0.250451,-1.689839,4.610062,4.783775,-6.473615,8.580353,9.244541,8.907266,7.785312,-4.398695
1783945917703,13.440000,34.377644,23.857677,4.549191,4.051176,19.806501,7.491184,9.167550,8.815684,7.163828,-4.268141
1783945917723,13.460000,-0.675986,-6.724533,4.502589,5.903321,-12.627854,2.836765,9.094151,8.727787,5.078301,-3.977945
1783945917743,13.480000,25.149593,26.440336,4.470382,4.562115,21.878221,-1.199101,9.025634,8.645069,1.890899,-3.510613
1783945917763,13.500000,-17.367023,-15.294513,4.452628,6.623736,-21.918249,-3.863522,8.963254,8.568992,-1.621131,-2.913649
1783945917783,13.520000,21.576702,11.898508,4.449294,4.382793,7.515715,-7.521908,8.908215,8.500971,-4.812022,-2.341046
1783945917803,13.540000,-14.875307,-20.608393,4.460234,5.078494,-25.686887,-11.305222,8.861665,8.442364,-7.393761,-2.000639
1783945917823,13.560000,11.714905,8.694525,4.485193,2.538169,6.156356,-12.961821,8.824680,8.394454,-9.103522,-2.037043
1783945917843,13.580000,-21.012120,-9.736776,4.523803,3.177517,-12.914293,-10.823278,8.798256,8.358439,-9.534104,-2.444592
1783945917863,13.600000,10.110905,20.904226,4.575578,1.954964,18.949262,-4.905010,8.783298,8.335418,-8.432042,-3.080080
1783945917883,13.620000,-17.790943,-16.048805,4.639920,3.882260,-19.931065,-0.165807,8.780613,8.326380,-6.015676,-3.738281
1783945917903,13.640000,22.061682,12.892792,4.716131,1.980544,10.912248,-0.247812,8.790900,8.332191,-2.942121,-4.201016
1783945917923,13.660000,-15.958698,-18.975487,4.803451,3.147945,-22.123432,-2.868301,8.814742,8.353585,0.041936,-4.245183
1783945917943,13.680000,19.560421,20.694765,4.901078,1.066760,19.628005,-3.682254,8.852602,8.391155,2.271853,-3.674568
1783945917963,13.700000,-8.007244,-14.857626,5.008187,3.129634,-17.987260,-1.612835,8.904816,8.445345,2.997090,-2.395711
1783945917983,13.720000,25.626984,22.196356,5.123941,1.468956,20.727400,0.946853,8.971589,8.516445,1.496166,-0.473048
1783945918003,13.740000,-16.569098,-6.712172,5.247510,3.653976,-10.366148,3.277828,9.052993,8.604583,-2.389576,1.886057
1783945918023,13.760000,18.057308,35.932670,5.378068,2.749423,33.183247,6.513571,9.148964,8.709723,-7.933155,4.382411
1783945918043,13.780000,-30.105710,-11.844036,5.514779,6.172713,-18.016749,8.322654,9.259303,8.831665,-13.641524,6.659910
1783945918063,13.800000,2.981341,22.639666,5.656768,4.499092,18.140574,5.290214,9.383672,8.970043,-17.709664,8.334699
1783945918083,13.820000,-41.934216,-14.810026,5.803089,6.439315,-21.249341,-0.098759,9.521603,9.124327,-18.810503,9.059929
1783945918103,13.840000,8.816906,20.916998,5.952709,4.452847,16.464151,-3.780500,9.672494,9.293827,-16.868943,8.630912
1783945918123,13.860000,-22.677086,-16.077105,6.104520,6.242652,-22.319757,-5.010035,9.835619,9.477700,-13.065238,7.104061
1783945918143,13.880000,19.032642,28.685236,6.257378,4.152041,24.533195,-3.645347,10.010131,9.674953,-8.914804,4.871115
1783945918163,13.900000,-16.406580,-11.345106,6.410159,6.761348,-18.106454,-0.536723,10.195067,9.884457,-5.306744,2.596387
1783945918183,13.920000,19.422998,31.037424,6.561788,5.095952,25.941472,2.053377,10.389360,10.104954,-2.291040,0.987036
1783945918203,13.940000,-6.130712,-10.497834,6.711255,7.861091,-18.358925,3.027724,10.591846,10.335069,0.545990,0.513513
1783945918223,13.960000,16.203396,31.967447,6.857629,6.177133,25.790314,2.706732,10.801272,10.573324,3.583168,1.254895
1783945918243,13.980000,0.920559,-0.670010,7.000065,8.941721,-9.611731,3.024829,11.016309,10.818152,6.631594,2.932959
1783945918263,14.000000,46.007915,34.906933,7.137823,8.153184,26.753749,4.269241,11.235564,11.067912,8.875190,5.084136
1783945918283,14.020000,2.918270,-11.018896,7.270300,11.042839,-22.061735,3.281983,11.457587,11.320902,9.805786,7.273015
1783945918303,14.040000,27.070740,15.272724,7.397049,9.014508,6.258216,-2.162834,11.680890,11.575379,9.875735,9.210204
1783945918323,14.060000,3.577729,-8.064297,7.517759,9.826692,-17.890989,-7.743336,11.903953,11.829571,9.705785,10.699218
1783945918343,14.080000,38.694176,35.351196,7.632226,8.188790,27.162406,-6.623544,12.125240,12.081693,9.145652,11.527115
1783945918363,14.100000,7.799994,-0.741723,7.740349,11.101378,-11.843101,-0.445095,12.343212,12.329965,7.521041,11.483337
1783945918383,14.120000,39.574825,44.340480,7.842141,10.087395,34.253085,5.335517,12.556338,12.572625,4.530258,10.497815
1783945918403,14.140000,-8.377312,10.118015,7.937717,13.741668,-3.623653,9.210520,12.763108,12.808435,0.738358,8.702054
1783945918423,14.160000,33.641266,41.941517,8.027266,13.596784,28.344733,9.899174,12.962045,13.035186,-2.717925,6.324150
1783945918443,14.180000,-9.295466,-0.293470,8.111016,16.695379,-16.988849,6.076200,13.151716,13.251261,-4.709175,3.551400
1783945918463,14.200000,25.055580,35.575226,8.189212,15.223944,20.351282,-0.110656,13.330747,13.455115,-4.489128,0.500341
1783945918483,14.220000,-4.209360,-3.276670,8.262104,17.516326,-20.792995,-5.100330,13.497830,13.645290,-2.047493,-2.716266
1783945918503,14.240000,36.403316,36.997875,8.329942,15.650949,21.346926,-7.064282,13.651736,13.820423,1.701350,-5.911096
1783945918523,14.260000,7.519913,-0.877711,8.392996,18.028684,-18.906395,-6.308583,13.791323,13.979255,5.271751,-8.790505
1783945918543,14.280000,46.997720,34.684795,8.451586,16.341949,18.342846,-4.962956,13.915548,14.120644,7.315427,-10.984001
1783945918563,14.300000,10.724895,0.155620,8.506104,18.401963,-18.246343,-4.184363,14.023471,14.243567,7.283362,-12.140004
1783945918583,14.320000,37.997870,38.841020,8.557019,16.766576,22.074444,-3.185652,14.114269,14.347131,5.649019,-12.071191
1783945918603,14.340000,0.436225,1.650195,8.604857,19.188777,-17.538582,-1.912261,14.187238,14.430576,3.421922,-10.880359
1783945918623,14.360000,37.379430,26.692936,8.650171,17.616217,9.076719,-2.636793,14.241800,14.493280,1.336461,-8.977490
1783945918643,14.380000,7.787318,-3.442241,8.693524,18.710513,-22.152753,-5.465872,14.277510,14.534766,-0.423644,-6.940775
1783945918663,14.400000,29.903116,36.851833,8.735478,16.645119,20.206714,-6.045256,14.294058,14.554701,-1.820074,-5.283749
1783945918683,14.420000,-1.937497,0.250451,8.776591,18.835499,-18.585048,-3.320521,14.291275,14.552897,-2.732451,-4.286744
1783945918703,14.440000,36.465298,34.377644,8.817398,17.117719,17.259925,-0.758235,14.269129,14.529319,-3.188757,-3.984838
1783945918723,14.460000,-0.827237,-0.675986,8.858401,18.999573,-19.675559,-0.005006,14.227735,14.484077,-3.350515,-4.245958
1783945918743,14.480000,35.581768,25.149593,8.900077,17.160797,7.988796,-1.339200,14.167348,14.417435,-3.166986,-4.839729
1783945918763,14.500000,-3.706018,-17.367023,8.942876,18.093216,-35.460239,-5.363307,14.088367,14.329800,-2.273483,-5.491226
1783945918783,14.520000,34.509136,21.576702,8.987217,14.641327,6.935375,-9.403631,13.991330,14.221730,-0.286553,-5.955306
1783945918803,14.540000,-0.317026,-14.875307,9.033484,15.434325,-30.309632,-9.774137,13.876912,14.093926,2.764169,-6.084070
1783945918823,14.560000,45.861400,11.714905,9.082032,12.473758,-0.758853,-8.225473,13.745925,13.947232,6.247843,-5.828970
1783945918843,14.580000,12.038837,-21.012120,9.133208,12.468219,-33.480339,-7.422942,13.599308,13.782631,9.268513,-5.180608
1783945918863,14.600000,42.106930,10.110905,9.187374,9.163391,0.947514,-6.563620,13.438125,13.601239,11.212023,-4.117693
1783945918883,14.620000,8.098188,-17.790943,9.244913,9.304797,-27.095740,-4.298486,13.263559,13.404305,11.803318,-2.633802
1783945918903,14.640000,47.602220,22.061682,9.306223,6.623783,15.437899,0.398733,13.076901,13.193202,10.782747,-0.816851
1783945918923,14.660000,10.071780,-15.958698,9.371707,8.211850,-24.170548,5.687338,12.879548,12.969419,8.003807,1.121223
1783945918943,14.680000,31.817886,19.560421,9.441772,5.825472,13.734949,8.310398,12.672988,12.734561,3.864938,2.902991
1783945918963,14.700000,-0.792541,-8.007244,9.516804,7.244211,-15.251455,9.343602,12.458795,12.490334,-0.708064,4.257804
1783945918983,14.720000,24.025959,25.626984,9.597136,5.758501,19.868483,10.824357,12.238616,12.238540,-4.678998,4.951359
1783945919003,14.740000,-15.691002,-16.569098,9.683014,7.803680,-24.372778,10.695827,12.014165,11.981069,-7.270835,4.807641
1783945919023,14.760000,23.008293,18.057308,9.774576,5.413373,12.643935,7.584116,11.787206,11.719887,-8.283852,3.762709
1783945919043,14.780000,-7.833043,-30.105710,9.871844,6.738790,-36.844500,2.545164,11.559546,11.457025,-8.083181,1.931246
1783945919063,14.800000,14.469446,2.981341,9.974734,3.095618,-0.114277,-3.369041,11.333023,11.194571,-7.144562,-0.369158
1783945919083,14.820000,-9.691860,-41.934216,10.083064,3.130497,-45.064713,-8.402368,11.109494,10.934656,-5.865342,-2.681270
1783945919103,14.840000,22.655064,8.816906,10.196564,-1.356424,10.173330,-9.313617,10.890824,10.679441,-4.711674,-4.543156
1783945919123,14.860000,-8.607981,-22.677086,10.314885,-0.308464,-22.368622,-3.588288,10.678876,10.431107,-4.067065,-5.614262
1783945919143,14.880000,20.508604,19.032642,10.437625,-2.527541,21.560183,5.494427,10.475496,10.191841,-3.921855,-5.729532
1783945919163,14.900000,-17.634780,-16.406580,10.564330,-0.335083,-16.071497,12.412172,10.282508,9.963823,-3.963270,-4.905404
1783945919183,14.920000,26.708548,19.422998,10.694493,-1.915748,21.338746,14.820809,10.101700,9.749210,-3.960113,-3.332969
1783945919203,14.940000,-14.740473,-6.130712,10.827561,0.262930,-6.393642,14.752562,9.934813,9.550127,-3.831007,-1.324964
1783945919223,14.960000,22.058107,16.203396,10.962949,-0.335485,16.538881,13.539655,9.783535,9.368650,-3.388109,0.791421
1783945919243,14.980000,-16.445156,0.920559,11.100045,1.373801,-0.453241,11.754065,9.649490,9.206793,-2.347213,2.763149
1783945919263,15.000000,19.531176,46.007915,11.238212,1.383871,44.624044,13.976338,9.534227,9.066434,-0.692619,4.427643
1783945919283,15.020000,-7.869336,2.918270,11.376789,5.941116,-3.022846,17.963736,9.439219,8.950701,1.045844,5.692389
1783945919303,15.040000,32.793694,27.070740,11.515110,5.731339,21.339401,15.380603,9.365846,8.860155,2.083620,6.544470
1783945919323,15.060000,-15.705587,3.577729,11.652533,7.977438,-4.399709,7.795337,9.315398,8.796422,2.077023,7.073099
1783945919343,15.080000,27.384472,38.694176,11.788445,7.645016,31.049160,3.022435,9.289061,8.761004,1.329422,7.426787
1783945919363,15.100000,-13.889713,7.799994,11.922255,10.886621,-3.086628,2.354340,9.287916,8.755269,0.395921,7.706541
1783945919383,15.120000,23.605675,39.574825,12.053388,10.710505,28.864320,2.414646,9.312934,8.780442,-0.220922,7.892990
1783945919403,15.140000,-14.010550,-8.377312,12.181282,13.756772,-22.134084,-0.690443,9.364969,8.837593,-0.179590,7.876856
1783945919423,15.160000,21.655071,33.641266,12.305388,11.678661,21.962605,-6.639581,9.444759,8.927634,0.563189,7.550306
1783945919443,15.180000,-6.493827,-9.295466,12.425173,14.029800,-23.325266,-11.080648,9.552919,9.051310,1.688059,6.877117
1783945919463,15.200000,23.759842,25.055580,12.540127,11.824569,13.231011,-13.466317,9.689941,9.209194,2.691111,5.918966
1783945919483,15.220000,-3.201592,-4.209360,12.649779,13.284384,-17.493744,-13.688334,9.856193,9.401686,3.182334,4.824111
1783945919503,15.240000,25.583782,36.403316,12.753704,11.648687,24.754629,-10.352035,10.051919,9.629007,3.091699,3.778046
1783945919523,15.260000,-13.950796,7.519913,12.851527,14.258071,-6.738158,-4.638195,10.277236,9.891202,2.607229,2.926512
1783945919543,15.280000,28.614693,46.997720,12.942912,13.705357,33.292363,1.029900,10.532138,10.188136,1.778446,2.307116
1783945919563,15.300000,-5.884275,10.724895,13.027556,17.183486,-6.458591,4.292049,10.816496,10.519500,0.350017,1.846037
1783945919583,15.320000,25.214811,37.997870,13.105197,16.673129,21.324741,3.058121,11.130061,10.884811,-1.788822,1.429877
1783945919603,15.340000,-7.772838,0.436225,13.175617,18.955098,-18.518873,-2.175819,11.472465,11.283421,-4.134511,0.985079
1783945919623,15.360000,10.577776,37.379430,13.238634,17.226628,20.152802,-7.299699,11.843226,11.714517,-5.680268,0.486203
1783945919643,15.380000,-10.591630,7.787318,13.294077,19.376502,-11.589184,-8.463632,12.241751,12.177134,-5.626509,-0.101766
1783945919663,15.400000,24.116404,29.903116,13.341776,18.332495,11.570621,-7.581450,12.667342,12.670159,-4.008767,-0.844217
1783945919683,15.420000,-14.519028,-1.937497,13.381567,19.605953,-21.543450,-8.444786,13.119201,13.192344,-1.665795,-1.768425
1783945919703,15.440000,38.510530,36.465298,13.413313,17.539427,18.925871,-9.080838,13.596432,13.742315,0.090044,-2.781015
1783945919723,15.460000,-0.404062,-0.827237,13.436925,19.526453,-20.353690,-7.586734,14.098052,14.318584,0.060355,-3.656733
1783945919743,15.480000,32.877895,35.581768,13.452385,17.558768,18.023000,-5.696578,14.622996,14.919560,-1.941592,-4.117184
1783945919763,15.500000,-13.252281,-3.706018,13.459754,19.432964,-23.138982,-4.716666,15.170124,15.543564,-4.820465,-3.968795
1783945919783,15.520000,23.734440,34.509136,13.459144,17.163319,17.345817,-4.519138,15.738227,16.188842,-6.991532,-3.240333
1783945919803,15.540000,-6.466528,-0.317026,13.450687,18.944461,-19.261487,-3.794347,16.326037,16.853576,-7.350992,-2.221113
1783945919823,15.560000,23.037000,45.861400,13.434529,17.041687,28.819713,-1.002720,16.932233,17.535901,-5.642460,-1.325984
1783945919843,15.580000,1.502729,12.038837,13.410833,19.955000,-7.916163,3.853145,17.555450,18.233919,-2.417426,-0.868320
1783945919863,15.600000,39.236908,42.106930,13.379797,19.179288,22.927642,7.106921,18.194287,18.945710,1.203330,-0.905534
1783945919883,15.620000,11.199591,8.098188,13.341683,21.489486,-13.391298,6.277996,18.847315,19.669346,4.119309,-1.233249
1783945919903,15.640000,48.450580,47.602220,13.296840,20.149931,27.452289,4.263906,19.513087,20.402907,5.913619,-1.497065
1783945919923,15.660000,3.128049,10.071780,13.245719,22.895961,-12.824181,3.419777,20.190140,21.144490,7.016000,-1.364369
1783945919943,15.680000,48.634320,31.817886,13.188866,21.597712,10.220174,1.124633,20.877012,21.892219,8.116316,-0.695747
1783945919963,15.700000,15.197698,-0.792541,13.126907,22.596617,-23.389158,-3.761135,21.572240,22.644263,9.430690,0.383271
1783945919983,15.720000,51.105743,24.025959,13.060541,20.217020,3.808939,-8.402058,22.274375,23.398836,10.594652,1.570182
1783945920003,15.740000,24.293722,-15.691002,12.990557,20.549068,-36.240070,-12.028281,22.981983,24.154214,11.020291,2.562098
1783945920023,15.760000,53.116280,23.008293,12.917827,16.860512,6.147781,-13.589003,23.693653,24.908737,10.321077,3.185916
1783945920043,15.780000,14.844711,-7.833043,12.843306,17.405571,-25.238614,-10.829135,24.408005,25.660819,8.532832,3.402846
1783945920063,15.800000,49.618958,14.469446,12.768006,14.803837,-0.334391,-6.758442,25.123692,26.408952,5.865258,3.223678
1783945920083,15.820000,14.158752,-9.691860,12.692970,14.689096,-24.380956,-4.469486,25.839405,27.151709,2.368671,2.634791
1783945920103,15.840000,53.761840,22.655064,12.619249,12.166886,10.488178,-1.849097,26.553880,27.887751,-1.868487,1.603698
1783945920123,15.860000,4.861849,-8.607981,12.547898,13.131043,-21.739024,1.563022,27.265899,28.615822,-6.135977,0.146098
1783945920143,15.880000,34.490143,20.508604,12.479949,10.874189,9.634415,3.765996,27.974292,29.332807,-9.019151,-1.643570
1783945920163,15.900000,-1.574777,-17.634780,12.416374,11.755982,-29.390762,3.428684,28.677943,30.039364,-9.273076,-3.647259
1783945920183,15.920000,43.518140,26.708548,12.358055,8.742199,17.966349,2.736849,29.375791,30.734532,-6.809229,-5.776253
1783945920203,15.940000,9.933661,-14.740473,12.305785,10.466119,-25.206592,4.000367,30.066828,31.417446,-2.818142,-7.922310
1783945920223,15.960000,57.192940,22.058107,12.260300,7.883072,14.175035,5.171894,30.750108,32.087328,0.889206,-9.849840
1783945920243,15.980000,25.025211,-16.445156,12.222313,9.242024,-25.687180,5.032108,31.424740,32.743488,2.840759,-11.168346
1783945920263,16.000000,52.522945,19.531176,12.192543,6.628525,12.902651,4.262413,32.089894,33.385325,2.716520,-11.456141
1783945920283,16.020000,15.034257,-7.869336,12.171723,7.879369,-15.748705,4.721253,32.744800,34.012316,1.360471,-10.475265
1783945920303,16.040000,50.728127,32.793694,12.160577,6.278739,26.514955,8.012060,33.388745,34.624019,-0.036108,-8.340594
1783945920323,16.060000,14.336454,-15.705587,12.159795,8.906806,-24.612393,10.402856,34.021077,35.220067,-0.725633,-5.519493
1783945920343,16.080000,52.965397,27.384472,12.170025,6.439959,20.944513,8.749117,34.641201,35.800163,-0.669645,-2.644119
1783945920363,16.100000,22.079432,-13.889713,12.191874,8.533572,-22.423285,5.859086,35.248580,36.364077,-0.345645,-0.251115
1783945920383,16.120000,51.947790,23.605675,12.225914,6.308735,17.296940,3.637930,35.842732,36.911642,-0.289438,1.392131
1783945920403,16.140000,22.927360,-14.010550,12.272685,8.062751,-22.073301,2.161358,36.423231,37.442749,-0.740006,2.299030
1783945920423,16.160000,51.576942,21.655071,12.332698,5.898369,15.756702,1.380995,36.989701,37.957343,-1.552243,2.654883
1783945920443,16.180000,21.477697,-6.493827,12.406423,7.525229,-14.019057,1.882992,37.541818,38.455417,-2.245006,2.680065
1783945920463,16.200000,44.666306,23.759842,12.494289,6.190775,17.569067,3.475272,38.079308,38.937010,-2.233328,2.536381
1783945920483,16.220000,18.276110,-3.201592,12.596662,8.024188,-11.225780,4.707524,38.601939,39.402201,-1.351815,2.294287
1783945920503,16.240000,59.291970,25.583782,12.713846,6.993444,18.590338,5.156305,39.109528,39.851108,-0.222759,1.958238
1783945920523,16.260000,29.274498,-13.950796,12.846091,8.954966,-22.905762,3.303017,39.601930,40.283878,0.215266,1.546752
1783945920543,16.280000,57.555515,28.614693,12.993623,6.782647,21.832046,0.398360,40.079041,40.700689,-0.311509,1.168321
1783945920563,16.300000,18.449703,-5.884275,13.156652,9.096370,-14.980644,0.003884,40.540793,41.101746,-1.060957,0.995514
1783945920583,16.320000,50.383020,25.214811,13.335350,7.742262,17.472549,0.813067,40.987152,41.487272,-0.959443,1.129396
1783945920603,16.340000,22.118380,-7.772838,13.529832,9.648317,-17.421154,0.438298,41.418117,41.857512,0.395010,1.488626
1783945920623,16.360000,63.079914,10.577776,13.740154,8.076029,2.501747,-2.412318,41.833714,42.212727,2.365555,1.858475
1783945920643,16.380000,27.339195,-10.591630,13.966327,8.509435,-19.101065,-6.399379,42.233997,42.553187,3.759237,2.064299
1783945920663,16.400000,66.831436,24.116404,14.208343,6.788876,17.327528,-6.518800,42.619045,42.879177,3.570047,2.101347
1783945920683,16.420000,29.284454,-14.519028,14.466186,8.729584,-23.248612,-3.781783,42.988957,43.190988,1.525697,2.111787
1783945920703,16.440000,57.346620,38.510530,14.739830,6.612882,31.897648,-0.292454,43.343855,43.488917,-1.663043,2.249037
1783945920723,16.460000,16.893974,-0.404062,15.029223,10.040238,-10.444300,4.759941,43.683876,43.773265,-4.586491,2.541220
1783945920743,16.480000,49.602734,32.877895,15.334260,9.238560,23.639335,7.533987,44.009176,44.044335,-5.955745,2.838517
1783945920763,16.500000,20.355263,-13.252281,15.654753,11.875617,-25.127898,4.602478,44.319922,44.302431,-5.370942,2.876581
1783945920783,16.520000,59.691800,23.734440,15.990437,9.626518,14.107922,-1.767105,44.616295,44.547859,-3.428701,2.436061
1783945920803,16.540000,28.426670,-6.466528,16.340985,11.325671,-17.792199,-5.820222,44.898488,44.780918,-1.156710,1.507242
1783945920823,16.560000,62.586555,23.037000,16.706037,9.826762,13.210238,-5.840126,45.166702,45.001910,0.663945,0.337004
1783945920843,16.580000,24.993137,1.502729,17.085217,11.453265,-9.950536,-3.515566,45.421149,45.211130,1.721340,-0.688927
1783945920863,16.600000,63.176132,39.236908,17.478129,10.761090,28.475818,1.188904,45.662047,45.408872,1.889145,-1.247877
1783945920883,16.620000,34.654274,11.199591,17.884361,13.959715,-2.760124,6.518866,45.889623,45.595425,1.010842,-1.219434
1783945920903,16.640000,59.044567,48.450580,18.303491,14.041894,34.408686,10.057269,46.104110,45.771074,-0.841331,-0.683945
1783945920923,16.660000,26.750170,3.128049,18.735091,17.904889,-14.776840,9.455942,46.305747,45.936099,-3.131828,0.161133
1783945920943,16.680000,56.734108,48.634320,19.178712,16.838583,31.795737,5.318597,46.494782,46.090779,-5.078104,1.071141
1783945920963,16.700000,22.685440,15.197698,19.633867,20.495297,-5.297599,2.715078,46.671465,46.235387,-5.992067,1.793771
1783945920983,16.720000,52.030685,51.105743,20.100026,20.447218,30.658525,2.575482,46.836057,46.370193,-5.568809,2.116960
1783945921003,16.740000,31.053524,24.293722,20.576610,24.064140,0.229582,3.283041,46.988823,46.495464,-4.110732,1.934362
1783945921023,16.760000,64.538536,53.116280,21.063003,24.653682,28.462598,3.698099,47.130036,46.611465,-2.299906,1.299881
1783945921043,16.780000,25.430332,14.844711,21.558573,28.136621,-13.291910,1.269787,47.259976,46.718461,-0.627528,0.432328
1783945921063,16.800000,64.959520,49.618958,22.062686,27.433633,22.185325,-3.460927,47.378932,46.816713,0.723780,-0.363380
1783945921083,16.820000,35.661835,14.158752,22.574711,30.338081,-16.179329,-7.377500,47.487201,46.906485,1.621100,-0.829504
1783945921103,16.840000,65.468810,53.761840,23.094023,29.387623,24.374217,-8.688539,47.585089,46.988040,2.042098,-0.848149
1783945921123,16.860000,35.150505,4.861849,23.620019,32.557342,-27.695493,-9.268351,47.672913,47.061643,2.273944,-0.441979
1783945921143,16.880000,65.218080,34.490143,24.152118,30.474903,4.015240,-12.736515,47.750999,47.127561,2.815905,0.270916
1783945921163,16.900000,38.162380,-1.574777,24.689755,31.583673,-33.158449,-17.429022,47.819683,47.186062,4.130558,1.115346
1783945921183,16.920000,71.321090,43.518140,25.232388,28.913575,14.604565,-17.941628,47.879311,47.237421,6.503044,1.903790
1783945921203,16.940000,32.722750,9.933661,25.779500,31.059949,-21.126288,-12.799609,47.930241,47.281914,9.890049,2.493377
1783945921223,16.960000,78.768060,57.192940,26.330600,29.594845,27.598095,-4.767299,47.972840,47.319822,13.528391,2.816357
1783945921243,16.980000,54.377472,25.025211,26.885235,33.069554,-8.044343,3.322559,48.007484,47.351429,15.868910,2.885101
1783945921263,17.000000,82.165790,52.522945,27.443013,32.969316,19.553629,7.452094,48.034560,47.377025,15.435929,2.799880
1783945921283,17.020000,43.497650,15.034257,28.003621,35.678175,-20.643918,5.219671,48.054459,47.396903,11.783250,2.724075
1783945921303,17.040000,72.407936,50.728127,28.566813,34.328062,16.400065,0.259694,48.067582,47.411361,5.613533,2.775458
1783945921323,17.060000,28.455196,14.336454,29.132369,36.723330,-22.386876,-3.167336,48.074333,47.420697,-1.628639,2.888956
1783945921343,17.080000,56.710033,52.965397,29.700051,35.195943,17.769454,-3.893754,48.075121,47.425214,-8.225374,2.784572
1783945921363,17.100000,15.694908,22.079432,30.269565,37.726644,-15.647212,-1.994663,48.070355,47.425216,-12.688108,2.087605
1783945921383,17.120000,51.999466,51.947790,30.840521,36.885738,15.062052,0.402752,48.060444,47.421006,-14.191140,0.516610
1783945921403,17.140000,13.929988,22.927360,31.412421,39.151036,-16.223676,1.339293,48.045797,47.413041,-12.777032,-1.964177
1783945921423,17.160000,58.913690,51.576942,31.984663,38.256084,13.320858,1.124946,48.026817,47.401449,-9.322701,-5.082770
1783945921443,17.180000,26.546392,21.477697,32.556565,40.345568,-18.867871,0.252529,48.003903,47.386532,-5.216012,-8.301806
1783945921463,17.200000,65.371950,44.666306,33.127396,39.178376,5.487930,-1.453454,47.977445,47.368584,-1.778660,-10.950328
1783945921483,17.220000,34.549880,18.276110,33.696417,40.458647,-22.182537,-3.525016,47.947826,47.347896,0.254381,-12.408277
1783945921503,17.240000,65.067180,59.291970,34.262903,38.926555,20.365415,-2.665304,47.915420,47.324756,0.970014,-12.289787
1783945921523,17.260000,26.140663,29.274498,34.826153,41.689219,-12.414721,1.972891,47.880587,47.299441,1.067395,-10.568716
1783945921543,17.280000,63.202076,57.555515,35.385482,41.147621,16.407894,5.844159,47.843677,47.272223,1.179245,-7.598041
1783945921563,17.300000,38.070805,18.449703,35.940217,43.518013,-25.068310,5.021506,47.805026,47.243366,1.378126,-3.993618
1783945921583,17.320000,66.865660,50.383020,36.489706,41.689201,8.693819,0.601560,47.764956,47.213123,1.487264,-0.411275
1783945921603,17.340000,28.575136,22.118380,37.033334,43.249052,-21.130672,-2.724408,47.723773,47.181739,1.598579,2.662760
1783945921623,17.360000,63.333780,63.079914,37.570518,41.781996,21.297918,-1.488183,47.681768,47.149449,1.917930,4.978864
1783945921643,17.380000,38.627520,27.339195,38.100696,44.591342,-17.252147,2.637910,47.639217,47.116475,2.346440,6.461257
1783945921663,17.400000,59.976204,66.831436,38.623332,43.507971,23.323465,5.937424,47.596378,47.083029,2.549274,7.141244
1783945921683,17.420000,35.437386,29.284454,39.137920,46.516446,-17.231992,7.073054,47.553492,47.049311,2.176102,7.137817
1783945921703,17.440000,66.984230,57.346620,39.643983,45.431263,11.915357,5.112290,47.510783,47.015509,0.929063,6.636212
1783945921723,17.460000,36.667450,16.893974,40.141076,47.272554,-30.378580,0.028818,47.468458,46.981799,-1.102311,5.842365
1783945921743,17.480000,47.098175,49.602734,40.628788,44.823973,4.778761,-5.536820,47.426705,46.948342,-3.159260,4.932486
1783945921763,17.500000,28.077797,20.355263,41.106716,45.889112,-25.533849,-7.921603,47.385698,46.915289,-4.391516,3.998057
1783945921783,17.520000,61.646645,59.691800,41.574442,43.871304,15.820496,-5.427281,47.345590,46.882776,-4.625432,3.018692
1783945921803,17.540000,24.471327,28.426670,42.031542,46.003071,-17.576401,-0.086179,47.306521,46.850929,-4.219118,1.928103
1783945921823,17.560000,62.174023,62.586555,42.477590,44.756503,17.830052,4.427005,47.268612,46.819859,-3.542703,0.735980
1783945921843,17.580000,24.609201,24.993137,42.912173,47.065700,-22.072563,5.655214,47.231972,46.789665,-2.857087,-0.424245
1783945921863,17.600000,60.269173,63.176132,43.334889,45.339604,17.836528,4.385046,47.196693,46.760437,-2.416714,-1.368968
1783945921883,17.620000,33.360645,34.654274,43.745349,47.617491,-12.963217,3.986028,47.162855,46.732250,-2.477095,-1.962190
1783945921903,17.640000,66.576150,59.044567,44.143194,46.783911,12.260656,4.246562,47.130524,46.705172,-2.940805,-2.142626
1783945921923,17.660000,16.599756,26.750170,44.528104,48.476064,-21.725894,2.495171,47.099757,46.679259,-3.031546,-1.910372
1783945921943,17.680000,62.296417,56.734108,44.899787,46.726544,10.007564,-0.377252,47.070601,46.654559,-1.842685,-1.341856
1783945921963,17.700000,25.753548,22.685440,45.257960,48.149430,-25.463990,-2.660543,47.043092,46.631113,0.702477,-0.610495
1783945921983,17.720000,73.821625,52.030685,45.602360,45.978513,6.052172,-4.230457,47.017261,46.608953,3.667024,0.070431
1783945922003,17.740000,40.672127,31.053524,45.932770,46.952448,-15.898924,-3.683962,46.993132,46.588108,5.830212,0.585631
1783945922023,17.760000,69.701355,64.538536,46.249048,45.697719,18.840817,0.223827,46.970727,46.568599,6.583214,1.004526
1783945922043,17.780000,35.928880,25.430332,46.551138,47.924386,-22.494054,3.687329,46.950061,46.550445,6.174690,1.501937
1783945922063,17.800000,66.000130,64.959520,46.839057,45.977303,18.982217,4.050629,46.931148,46.533661,5.228532,2.178093
1783945922083,17.820000,34.511170,35.661835,47.112876,48.183953,-12.522118,4.290593,46.914003,46.518262,4.179366,2.944970
1783945922103,17.840000,67.318375,65.468810,47.372706,47.211922,18.256888,5.177033,46.898638,46.504260,3.066349,3.568104
1783945922123,17.860000,37.462180,35.150505,47.618699,49.321649,-14.171144,5.043526,46.885066,46.491666,1.739453,3.811656
1783945922143,17.880000,56.928970,65.218080,47.851042,48.159490,17.058590,3.911464,46.873303,46.480493,0.181315,3.558710
1783945922163,17.900000,32.971043,38.162380,48.069945,50.121832,-11.959452,2.881577,46.863365,46.470754,-1.521031,2.827110
1783945922183,17.920000,63.464950,71.321090,48.275628,49.156462,22.164628,3.040087,46.855270,46.462462,-3.317561,1.715056
1783945922203,17.940000,25.164257,32.722750,48.468312,51.608581,-18.885831,2.874244,46.849038,46.455633,-4.983866,0.355710
1783945922223,17.960000,59.921345,78.768060,48.648220,49.924815,28.843245,2.323074,46.844691,46.450285,-5.951385,-1.099166
1783945922243,17.980000,24.448357,54.377472,48.815564,53.023389,1.354083,4.947766,46.842257,46.446435,-5.517161,-2.498020
1783945922263,18.000000,52.638332,82.165790,48.970541,53.359517,28.806273,8.930699,46.841760,46.440371,-3.264644,-3.722543
1783945922283,18.020000,31.871868,43.497650,49.113323,56.448102,-12.950452,8.408112,46.843232,46.439094,0.404263,-4.702401
1783945922303,18.040000,76.201850,72.407936,49.244075,55.336846,17.071090,2.800693,46.846703,46.439379,4.206709,-5.377392
1783945922323,18.060000,38.517060,28.455196,49.362990,57.225213,-28.770017,-4.991016,46.852206,46.441252,6.839914,-5.632336
1783945922343,18.080000,69.056870,56.710033,49.470323,54.496204,2.213829,-12.706791,46.859773,46.444739,7.800336,-5.293090
1783945922363,18.100000,39.637550,15.694908,49.566387,54.853639,-39.158731,-18.453993,46.869440,46.449868,7.271881,-4.238806
1783945922383,18.120000,67.497190,51.999466,49.651550,51.037507,0.961959,-20.614710,46.881239,46.456668,5.658292,-2.547935
1783945922403,18.140000,35.832226,13.929988,49.726216,51.222364,-37.292376,-18.970088,46.895202,46.465168,3.386093,-0.529972
1783945922423,18.160000,67.940810,58.913690,49.790820,47.550567,11.363123,-14.177738,46.911357,46.475396,0.922615,1.390796
1783945922443,18.180000,19.459240,26.546392,49.845809,48.740211,-22.193819,-6.832209,46.929732,46.487380,-1.246098,2.828066
1783945922463,18.200000,67.600930,65.371950,49.891622,46.553799,18.818151,0.613722,46.950346,46.501146,-2.914766,3.521010
1783945922483,18.220000,28.147896,34.549880,49.928676,48.468321,-13.918441,6.033919,46.973215,46.516715,-4.273709,3.370150
1783945922503,18.240000,52.346874,65.067180,49.957362,47.094479,17.972701,8.525557,46.998347,46.534109,-5.532782,2.454799
1783945922523,18.260000,30.121685,26.140663,49.978044,48.908858,-22.768195,7.153678,47.025743,46.553340,-6.758209,1.008788
1783945922543,18.280000,54.282948,63.202076,49.991050,46.632617,16.569459,3.818709,47.055391,46.574418,-7.932239,-0.656944
1783945922563,18.300000,20.640936,38.070805,49.996669,48.288755,-10.217950,3.012722,47.087273,46.597346,-8.836871,-2.247685
1783945922583,18.320000,60.271114,66.865660,49.995153,47.255708,19.609952,5.174235,47.121357,46.622119,-9.044684,-3.542455
1783945922603,18.340000,14.544101,28.575136,49.986715,49.204715,-20.629579,5.748699,47.157599,46.648724,-8.049593,-4.408474
1783945922623,18.360000,56.094696,63.333780,49.971530,47.117392,16.216388,3.467132,47.195943,46.677140,-5.578065,-4.802764
1783945922643,18.380000,31.975647,38.627520,49.949736,48.712779,-10.085259,2.294292,47.236317,46.707335,-1.998036,-4.752667
1783945922663,18.400000,64.945015,59.976204,49.921457,47.669601,12.306603,2.741452,47.278637,46.739268,1.839303,-4.298947
1783945922683,18.420000,36.416447,35.437386,49.886835,48.862529,-13.425143,2.286614,47.322803,46.772887,5.172537,-3.439280
1783945922703,18.440000,73.471886,66.984230,49.846053,47.474067,19.510163,2.102583,47.368700,46.808130,7.635047,-2.130370
1783945922723,18.460000,39.463943,36.667450,49.799349,49.377171,-12.709721,2.869473,47.416198,46.844924,9.323678,-0.360028
1783945922743,18.480000,68.180115,47.098175,49.747027,48.050999,-0.952824,0.775397,47.465149,46.883184,10.662688,1.770895
1783945922763,18.500000,46.329400,28.077797,49.689442,47.895448,-19.817651,-4.468807,47.515390,46.922813,11.984176,4.026741
1783945922783,18.520000,69.983870,61.646645,49.627007,45.846542,15.800103,-6.198167,47.566740,46.963704,13.232126,6.091479
1783945922803,18.540000,47.548440,24.471327,49.560186,47.356806,-22.885479,-3.839383,47.619001,47.005735,13.978047,7.667683
1783945922823,18.560000,78.589570,62.174023,49.489497,44.992746,17.181277,-1.568957,47.671953,47.048774,13.626135,8.569712
1783945922843,18.580000,49.980957,24.609201,49.415514,46.633051,-22.023850,-0.197798,47.725361,47.092673,11.910872,8.766001
1783945922863,18.600000,61.661224,60.269173,49.338868,44.348689,15.920484,0.130010,47.778968,47.137275,9.293656,8.346374
1783945922883,18.620000,32.953460,33.360645,49.260210,45.856764,-12.496119,1.002622,47.832496,47.182403,6.469208,7.421313
1783945922903,18.640000,64.878044,66.576150,49.180175,44.520818,22.055332,3.405847,47.885645,47.227870,3.399537,6.023187
1783945922923,18.660000,36.601078,16.599756,49.099355,46.638481,-30.038725,3.241658,47.938094,47.273469,-0.776204,4.119105
1783945922943,18.680000,65.513740,62.296417,49.018304,43.545886,18.750531,-0.376689,47.989498,47.318979,-6.680153,1.743013
1783945922963,18.700000,6.997332,25.753548,48.937532,45.331371,-19.577823,-2.054266,48.039492,47.364160,-13.704627,-0.912560
1783945922983,18.720000,41.976982,73.821625,48.857470,43.284740,30.536885,0.637011,48.087687,47.408756,-20.326209,-3.587458
1783945923003,18.740000,5.329838,40.672127,48.778412,46.248781,-5.576654,6.163194,48.133672,47.452488,-25.220352,-6.130273
1783945923023,18.760000,52.739320,69.701355,48.700500,45.602647,24.098708,9.818941,48.177017,47.495061,-27.521032,-8.528955
1783945923043,18.780000,-21.177399,35.928880,48.623727,47.923692,-11.994812,8.491904,48.217272,47.536161,-26.357535,-10.762940
1783945923063,18.800000,44.296017,66.000130,48.547940,46.637715,19.362415,4.359414,48.253972,47.575451,-21.446490,-12.690412
1783945923083,18.820000,24.495693,34.511170,48.472837,48.487495,-13.976325,0.438449,48.286635,47.612579,-14.137453,-14.075577
1783945923103,18.840000,61.582306,67.318375,48.398027,47.006344,20.312031,-1.555923,48.314773,47.647174,-6.703999,-14.621718
1783945923123,18.860000,34.560993,37.462180,48.323119,48.953682,-11.491502,-1.522912,48.337888,47.678846,-0.668678,-13.957608
1783945923143,18.880000,62.033714,56.928970,48.247768,47.723349,9.205621,-2.052125,48.355481,47.707166,3.734548,-11.727020
1783945923163,18.900000,41.632664,32.971043,48.171698,48.563003,-15.591960,-4.323822,48.367054,47.731862,6.970082,-7.832728
1783945923183,18.920000,67.086990,63.464950,48.094709,46.925790,16.539160,-5.239408,48.372117,47.752524,9.478594,-2.618385
1783945923203,18.940000,45.944870,25.164257,48.016684,48.500445,-23.336188,-5.031367,48.370190,47.768734,11.284332,3.201959
1783945923223,18.960000,76.826430,59.921345,47.937601,46.091067,13.830278,-5.618112,48.360812,47.780071,11.987224,8.793526
1783945923243,18.980000,45.626870,24.448357,47.857535,47.396760,-22.948403,-6.024258,48.343540,47.786112,11.111886,13.448502
1783945923263,19.000000,76.632510,52.638332,47.776661,45.027783,7.610549,-6.439478,48.317958,47.786439,8.551723,16.718782
1783945923283,19.020000,38.510560,31.871868,47.695243,45.713508,-13.841640,-5.773873,48.283683,47.780639,4.823304,18.420288
1783945923303,19.040000,66.356750,76.201850,47.613606,44.255802,31.946048,-0.587057,48.240363,47.768312,1.025148,18.557652
1783945923323,19.060000,27.086407,38.517060,47.532104,47.371795,-8.854735,6.679644,48.187685,47.749069,-1.571836,17.237627
1783945923343,19.080000,60.854446,69.056870,47.451086,46.408740,22.648130,9.469603,48.125380,47.722541,-2.168167,14.624261
1783945923363,19.100000,32.620464,39.637550,47.370873,48.592224,-8.954674,7.560123,48.053221,47.688381,-0.880934,10.953372
1783945923383,19.120000,71.052920,67.497190,47.291757,47.616728,19.880462,4.432940,47.971031,47.646265,1.422496,6.586688
1783945923403,19.140000,36.283050,35.832226,47.214023,49.521680,-13.689454,1.395054,47.878683,47.595901,3.761143,2.040179
1783945923423,19.160000,73.590720,67.940810,47.137962,48.072175,19.868635,-0.685585,47.776099,47.537027,5.545994,-2.084177
1783945923443,19.180000,40.308216,19.459240,47.063881,49.975921,-30.516681,-3.435063,47.663258,47.469417,6.707108,-5.256485
1783945923463,19.200000,68.022180,67.600930,46.992110,46.847061,20.753869,-6.613922,47.540190,47.392884,7.553345,-7.177818
1783945923483,19.220000,43.904840,28.147896,46.922990,48.843275,-20.695379,-6.373782,47.406980,47.307284,8.420775,-7.849106
1783945923503,19.240000,67.999110,52.346874,46.856872,46.699703,5.647171,-5.489411,47.263766,47.212514,9.344879,-7.523240
1783945923523,19.260000,52.693478,30.121685,46.794116,47.191703,-17.070018,-5.906846,47.110740,47.108520,10.058966,-6.577043
1783945923543,19.280000,69.235070,54.282948,46.735098,45.417398,8.865550,-5.130890,46.948144,46.995294,10.326335,-5.367405
1783945923563,19.300000,37.865570,20.640936,46.680213,46.238386,-25.597450,-4.639805,46.776272,46.872876,10.101333,-4.151065
1783945923583,19.320000,74.515020,60.271114,46.629854,43.620709,16.650405,-4.140689,46.595462,46.741357,9.169829,-3.099908
1783945923603,19.340000,39.724450,14.544101,46.584400,45.229300,-30.685199,-3.142558,46.406099,46.600879,6.987598,-2.341842
1783945923623,19.360000,74.488570,56.094696,46.544219,42.113546,13.981150,-3.122647,46.208606,46.451629,3.237273,-1.953185
1783945923643,19.380000,36.475075,31.975647,46.509664,43.467247,-11.491600,-0.951073,46.003446,46.293845,-1.398524,-1.921897
1783945923663,19.400000,33.323940,64.945015,46.481054,42.280719,22.664296,4.296139,45.791113,46.127811,-5.237512,-2.177338
1783945923683,19.420000,23.282736,36.416447,46.458618,44.512234,-8.095787,8.808126,45.572132,45.953853,-7.063082,-2.710815
1783945923703,19.440000,58.870136,73.471886,46.442452,43.674964,29.796922,11.349185,45.347052,45.772340,-7.514543,-3.627594
1783945923723,19.460000,30.035633,39.463943,46.432531,46.629238,-7.165295,12.128302,45.116443,45.583679,-8.328944,-4.994501
1783945923743,19.480000,50.513920,68.180115,46.428755,45.894838,22.285277,10.273413,44.880892,45.388310,-10.510571,-6.621645
1783945923763,19.500000,16.161360,46.329400,46.430953,48.109361,-1.779961,7.639635,44.640997,45.186704,-13.597726,-8.060883
1783945923783,19.520000,36.531600,69.983870,46.438869,47.924385,22.059485,6.231541,44.397367,44.979361,-16.244335,-8.876157
1783945923803,19.540000,11.016461,47.548440,46.452136,50.127550,-2.579110,5.231931,44.150613,44.766802,-17.236810,-8.915486
1783945923823,19.560000,43.488730,78.589570,46.470263,49.873834,28.715736,5.061410,43.901350,44.549565,-16.123322,-8.331215
1783945923843,19.580000,16.692389,49.980957,46.492656,52.753082,-2.772125,5.427883,43.650190,44.328207,-13.115358,-7.381397
1783945923863,19.600000,46.158930,61.661224,46.518644,52.490044,9.171180,2.668729,43.397742,44.103294,-8.712061,-6.219489
1783945923883,19.620000,23.962970,32.953460,46.547510,53.426272,-20.472812,-4.466627,43.144608,43.875398,-3.600753,-4.827517
1783945923903,19.640000,57.640390,64.878044,46.578515,51.404996,13.473048,-10.402899,42.891382,43.645099,1.293017,-3.089797
1783945923923,19.660000,38.243393,36.601078,46.610938,52.781760,-16.180682,-11.041972,42.638646,43.412976,5.028640,-0.899060
1783945923943,19.680000,63.433388,65.513740,46.644109,51.198041,14.315699,-8.518437,42.386973,43.179608,7.154861,1.780756
1783945923963,19.700000,33.962173,6.997332,46.677433,52.666090,-45.668758,-9.502890,42.136921,42.945571,7.988412,4.877572
1783945923983,19.720000,61.806538,41.976982,46.710393,48.140279,-6.163297,-16.409200,41.889035,42.711434,8.301662,8.171880
1783945924003,19.740000,31.406448,5.329838,46.742541,47.566470,-42.236632,-21.951337,41.643843,42.477760,8.709935,11.290662
1783945924023,19.760000,62.713463,52.739320,46.773481,43.387221,9.352099,-19.875260,41.401859,42.245102,9.215905,13.784446
1783945924043,19.780000,40.546394,-21.177399,46.802872,44.365995,-65.543394,-16.008888,41.163579,42.014004,9.208496,15.275910
1783945924063,19.800000,62.822075,44.296017,46.830436,37.855423,6.440594,-15.466606,40.929481,41.784996,8.002535,15.598834
1783945924083,19.820000,31.019070,24.495693,46.855952,38.540977,-14.045284,-8.590369,40.700026,41.558594,5.406880,14.833737
1783945924103,19.840000,59.279690,61.582306,46.879252,37.175422,24.406884,5.927223,40.475653,41.335302,1.821972,13.218808
1783945924123,19.860000,20.165329,34.560993,46.900193,39.651913,-5.090920,17.855206,40.256784,41.115603,-1.936043,11.010228
1783945924143,19.880000,49.560640,62.033714,46.918630,39.175268,22.858446,22.386651,40.043817,40.899965,-4.912696,8.391170
1783945924163,19.900000,16.568111,41.632664,46.934400,41.490127,0.142537,21.413239,39.837132,40.688836,-6.394167,5.471325
1783945924183,19.920000,48.203743,67.086990,46.947298,41.529627,25.557363,19.044670,39.637083,40.482645,-6.157482,2.347010
1783945924203,19.940000,17.297920,45.944870,46.957081,44.107111,1.837759,16.860174,39.444005,40.281797,-4.507108,-0.831350
1783945924223,19.960000,54.129898,76.826430,46.963474,44.308625,32.517805,15.783073,39.258207,40.086676,-2.187185,-3.825646
1783945924243,19.980000,21.319311,45.626870,46.966186,47.574762,-1.947892,14.759805,39.079977,39.897643,-0.159378,-6.333147
1783945924263,20.000000,58.719315,76.632510,46.964930,47.389990,29.242520,12.186054,38.909578,39.715034,0.715097,-8.057390
1783945924283,20.020000,29.914190,38.510560,46.959435,50.320685,-11.810125,7.842398,38.747248,39.539160,0.093440,-8.789851
1783945924303,20.040000,49.136486,66.356750,46.949470,49.141172,17.215578,1.851679,38.593205,39.370308,-1.446670,-8.474144
1783945924323,20.060000,16.859348,27.086407,46.934830,50.860028,-23.773621,-4.665432,38.447638,39.208738,-2.612703,-7.250756
1783945924343,20.080000,45.589054,60.854446,46.915314,48.474307,12.380139,-9.718608,38.310716,39.054686,-2.343820,-5.465855
1783945924363,20.100000,23.757530,32.620464,46.890712,49.699282,-17.078818,-10.858477,38.182582,38.908361,-0.616090,-3.594014
1783945924383,20.120000,60.102104,71.052920,46.860810,47.972635,23.080285,-7.541792,38.063356,38.769948,1.667005,-2.056780
1783945924403,20.140000,29.643398,36.283050,46.825419,50.257133,-13.974083,-2.760520,37.953133,38.639661,3.531338,-1.031224
1783945924423,20.160000,53.328810,73.590720,46.784399,48.830269,24.760451,0.374565,37.851987,38.517670,4.615801,-0.406301
1783945924443,20.180000,30.281776,40.308216,46.737663,51.271605,-10.963389,1.669205,37.759966,38.404079,5.067929,0.069726
1783945924463,20.200000,62.377144,68.022180,46.685167,50.134416,17.887764,0.955059,37.677095,38.298969,5.207580,0.590481
1783945924483,20.220000,20.862090,43.904840,46.626918,51.876429,-7.971589,-0.639080,37.603377,38.202398,5.480042,1.199254
1783945924503,20.240000,56.347160,67.999110,46.562960,51.026200,16.972910,-1.445731,37.538791,38.114398,6.174292,1.812951
1783945924523,20.260000,31.277458,52.693478,46.493368,52.664040,0.029438,-0.752699,37.483291,38.034979,6.900485,2.286655
1783945924543,20.280000,58.832283,69.235070,46.418245,52.601049,16.634021,0.822564,37.436810,37.964127,6.667019,2.488127
1783945924563,20.300000,27.694801,37.865570,46.337730,54.191721,-16.326151,-0.501847,37.399255,37.901808,4.485731,2.370723
1783945924583,20.320000,59.368060,74.515020,46.251998,52.480212,22.034808,-3.366071,37.370511,37.847963,-0.080616,1.994365
1783945924603,20.340000,20.234356,39.724450,46.161254,54.597662,-14.873212,-4.102405,37.350438,37.802512,-6.417794,1.466435
1783945924623,20.360000,34.420105,74.488570,46.065705,53.018502,21.470068,-3.521385,37.338873,37.765354,-12.677713,0.846946
1783945924643,20.380000,2.211437,36.475075,45.965525,55.066394,-18.591319,-3.253119,37.335627,37.736364,-16.525469,0.078814
1783945924663,20.400000,30.975485,33.323940,45.860801,53.103079,-19.779139,-8.581503,37.340490,37.715399,-16.424053,-1.007744
1783945924683,20.420000,8.532367,23.282736,45.751516,51.016492,-27.733756,-18.090739,37.353227,37.702292,-12.420735,-2.578052
1783945924703,20.440000,50.363937,58.870136,45.637569,48.131087,10.739049,-19.420042,37.373579,37.696856,-6.007981,-4.599402
1783945924723,20.460000,24.450918,30.035633,45.518822,49.086818,-19.051185,-11.260899,37.401267,37.698885,0.720544,-6.710895
1783945924743,20.480000,58.036130,50.513920,45.395150,47.060187,3.453733,-3.750420,37.435988,37.708153,5.987017,-8.288868
1783945924763,20.500000,37.971790,16.161360,45.266484,47.278689,-31.117329,-2.472838,37.477418,37.724413,8.836220,-8.692790
1783945924783,20.520000,62.284603,36.531600,45.132835,44.038814,-7.507214,-6.029276,37.525214,37.747403,9.397938,-7.541222
1783945924803,20.540000,21.725147,11.016461,44.994308,43.156315,-32.139854,-9.646403,37.579013,37.776843,8.773346,-4.879185
1783945924823,20.560000,58.192425,43.488730,44.851078,39.810589,3.678141,-8.893766,37.638433,37.812436,8.136113,-1.190928
1783945924843,20.580000,32.213696,16.692389,44.703367,40.042074,-23.349685,-3.769326,37.703077,37.853871,7.821076,2.742984
1783945924863,20.600000,59.435570,46.158930,44.551438,37.570591,8.588339,2.147738,37.772530,37.900824,7.404648,6.115199
1783945924883,20.620000,31.976637,23.962970,44.395605,38.287869,-14.324899,6.984838,37.846361,37.952956,6.353766,8.370593
1783945924903,20.640000,59.924374,57.640390,44.236228,36.712981,20.927409,11.344598,37.924127,38.009916,4.512829,9.334152
1783945924923,20.660000,19.428308,38.243393,44.073706,38.656162,-0.412769,15.891173,38.005368,38.071343,2.258491,9.135980
1783945924943,20.680000,48.952390,63.433388,43.908451,38.462353,24.971035,19.271821,38.089614,38.136862,0.137791,8.032981
1783945924963,20.700000,24.241982,33.962173,43.740861,40.798769,-6.836596,18.905867,38.176383,38.206092,-1.703751,6.268906
1783945924983,20.720000,48.131916,61.806538,43.571307,39.953267,21.853271,15.205077,38.265181,38.278638,-3.531204,4.046471
1783945925003,20.740000,17.561737,31.406448,43.400137,41.969271,-10.562823,10.672032,38.355507,38.354097,-5.589708,1.576854
1783945925023,20.760000,46.914986,62.713463,43.227667,40.744115,21.969348,7.145026,38.446849,38.432056,-7.857759,-0.890921
1783945925043,20.780000,15.175673,40.546394,43.054173,42.764811,-2.218417,6.269840,38.538691,38.512094,-9.955617,-3.108993
1783945925063,20.800000,42.202763,62.822075,42.879891,42.365764,20.456311,6.842985,38.630509,38.593782,-11.083821,-4.892690
1783945925083,20.820000,5.181958,31.019070,42.705004,44.227329,-13.208259,5.247193,38.721780,38.676681,-10.301713,-6.153780
1783945925103,20.840000,42.953426,59.279690,42.529637,42.725165,16.554525,1.463158,38.811974,38.760345,-7.261277,-6.902504
1783945925123,20.860000,25.695763,20.165329,42.353854,44.193742,-24.028413,-2.998696,38.900567,38.844322,-2.708769,-7.206000
1783945925143,20.880000,57.376774,49.560640,42.177695,41.610801,7.949839,-7.567686,38.987036,38.928155,1.969505,-7.091382
1783945925163,20.900000,28.382023,16.568111,42.001222,42.223083,-25.654972,-10.521962,39.070862,39.011379,5.624979,-6.469444
1783945925183,20.920000,58.937790,48.203743,41.824538,39.483126,8.720617,-10.857787,39.151538,39.093528,7.642804,-5.185548
1783945925203,20.940000,38.398796,17.297920,41.647804,40.178242,-22.880322,-9.137572,39.228564,39.174134,7.788932,-3.175425
1783945925223,20.960000,62.537760,54.129898,41.471241,37.721447,16.408451,-5.900282,39.301456,39.252727,6.337107,-0.575897
1783945925243,20.980000,19.380896,21.319311,41.295134,39.188707,-17.869396,-2.075726,39.369747,39.328841,4.198208,2.287609
1783945925263,21.000000,55.533623,58.719315,41.119806,37.235337,21.483978,1.159706,39.432986,39.364715,2.294532,4.971430
1783945925283,21.020000,26.907850,29.914190,40.945583,39.210821,-9.296631,4.003952,39.490748,39.435315,0.777280,6.999338
1783945925303,21.040000,56.965960,49.136486,40.772793,38.112889,11.023597,4.600823,39.542629,39.502116,-0.840707,7.996092
1783945925323,21.060000,19.143583,16.859348,40.601761,39.044436,-22.185088,0.984223,39.588253,39.564673,-3.023882,7.833088
1783945925343,21.080000,55.979610,45.589054,40.432807,36.665119,8.923935,-3.750561,39.627275,39.622552,-5.861946,6.665152
1783945925363,21.100000,20.002176,23.757530,40.266233,37.395327,-13.637797,-5.098326,39.659380,39.675335,-8.884812,4.825769
1783945925383,21.120000,37.242325,60.102104,40.102317,35.876812,24.225292,-1.422905,39.684289,39.722619,-10.982976,2.676862
1783945925403,21.140000,12.482755,29.643398,39.941284,38.137686,-8.494288,4.236228,39.701759,39.764022,-10.996660,0.496262
1783945925423,21.160000,44.596825,53.328810,39.783291,37.132582,16.196228,6.599947,39.711586,39.799182,-8.646739,-1.564032
1783945925443,21.180000,23.369675,30.281776,39.628429,38.593017,-8.311241,5.206089,39.713608,39.827765,-4.783318,-3.424715
1783945925463,21.200000,57.401610,62.377144,39.476749,37.609052,24.768092,4.150501,39.707705,39.849461,-0.836883,-4.961357
1783945925483,21.220000,31.166557,20.862090,39.328304,39.926367,-19.064277,3.117879,39.693803,39.863995,1.957634,-5.937017
1783945925503,21.240000,60.195755,56.347160,39.183176,37.871454,18.475706,0.234440,39.671874,39.871122,3.106576,-6.073925
1783945925523,21.260000,29.596400,31.277458,39.041482,39.566659,-8.289201,-1.142822,39.641939,39.870638,2.961034,-5.215281
1783945925543,21.280000,56.397587,58.832283,38.903378,38.592395,20.239888,0.187426,39.604065,39.862378,2.415238,-3.453093
1783945925563,21.300000,27.519829,27.694801,38.769046,40.466769,-12.771968,1.070128,39.558372,39.846220,2.397742,-1.138761
1783945925583,21.320000,60.652670,59.368060,38.638677,39.049105,20.318955,0.581716,39.505028,39.822089,3.454429,1.230168
1783945925603,21.340000,32.820007,20.234356,38.512481,40.936611,-20.702255,-1.159370,39.444250,39.789960,5.664053,3.189067
1783945925623,21.360000,58.730328,34.420105,38.390684,38.734615,-4.314510,-6.316183,39.376305,39.749859,8.706425,4.456309
1783945925643,21.380000,40.293816,2.211437,38.273534,38.177608,-35.966171,-14.074102,39.301505,39.701864,11.782099,4.981628
1783945925663,21.400000,73.434820,30.975485,38.161310,34.474184,-3.498699,-18.971984,39.220211,39.646108,13.720891,4.903185
1783945925683,21.420000,43.063300,8.532367,38.054341,34.023573,-25.491206,-17.444144,39.132825,39.582781,13.632183,4.472276
1783945925703,21.440000,63.605010,50.363937,37.953013,31.388396,18.975541,-9.445046,39.039790,39.512126,11.484160,3.962419
1783945925723,21.460000,31.801092,24.450918,37.857752,33.197695,-8.746777,1.643879,38.941586,39.434441,7.929949,3.548531
1783945925743,21.480000,60.694363,58.036130,37.768991,32.243415,25.792715,10.394224,38.838727,39.350079,3.747816,3.206533
1783945925763,21.500000,28.778214,37.971790,37.687145,34.739208,3.232582,15.309227,38.731754,39.259441,-0.331011,2.733050
1783945925783,21.520000,47.497395,62.284603,37.612587,34.983953,27.300650,17.034710,38.621233,39.162978,-3.454864,1.885827
1783945925803,21.540000,13.770494,21.725147,37.545632,37.632329,-15.907182,13.509629,38.507749,39.061185,-4.873303,0.518351
1783945925823,21.560000,55.274292,58.192425,37.486502,35.972520,22.219905,6.470087,38.391900,38.954595,-4.515189,-1.373592
1783945925843,21.580000,19.736801,32.213696,37.435327,38.125171,-5.911475,2.433844,38.274291,38.843776,-3.028285,-3.646107
1783945925863,21.600000,47.906270,59.435570,37.392161,37.474402,21.961168,2.428623,38.155529,38.729326,-1.321640,-6.004440
1783945925883,21.620000,25.868500,31.976637,37.356989,39.611871,-7.635234,3.018196,38.036217,38.611862,-0.384421,-8.051988
1783945925903,21.640000,59.602566,59.924374,37.329740,38.800466,21.123908,2.755138,37.916948,38.492020,-1.063597,-9.405412
1783945925923,21.660000,18.688246,19.428308,37.310309,40.867198,-21.438890,0.226540,37.798299,38.370443,-3.385160,-9.806750
1783945925943,21.680000,45.526250,48.952390,37.298558,38.692576,10.259814,-4.744868,37.680824,38.247778,-6.253927,-9.191403
1783945925963,21.700000,5.900593,24.241982,37.294297,39.693633,-15.451651,-8.018986,37.565052,38.124668,-8.132669,-7.730855
1783945925983,21.720000,40.818977,48.131916,37.297256,38.136216,9.995700,-7.790680,37.451476,38.001741,-8.127270,-5.824802
1783945926003,21.740000,22.519760,17.561737,37.307073,39.129436,-21.567699,-6.977987,37.340554,37.879612,-6.488555,-3.966136
1783945926023,21.760000,46.220720,46.914986,37.323319,36.979556,9.935430,-6.734113,37.232699,37.758868,-4.074255,-2.505488
1783945926043,21.780000,14.949327,15.175673,37.345529,37.985510,-22.809837,-6.445170,37.128277,37.640067,-1.620285,-1.492957
1783945926063,21.800000,53.549427,42.202763,37.373208,35.728953,6.473810,-6.360761,37.027602,37.523731,0.280273,-0.728228
1783945926083,21.820000,28.353333,5.181958,37.405854,36.406212,-31.224254,-7.285017,36.930934,37.410341,1.138407,0.058466
1783945926103,21.840000,45.728725,42.953426,37.442969,33.325234,9.628192,-7.956006,36.838472,37.300329,0.992641,1.061233
1783945926123,21.860000,21.013227,25.695763,37.484073,34.333249,-8.637486,-4.254289,36.750357,37.194079,0.470956,2.339392
1783945926143,21.880000,45.536766,57.376774,37.528689,33.520719,23.856055,3.649523,36.666662,37.091490,0.208292,3.796361
1783945926163,21.900000,24.067970,28.382023,37.576336,35.958702,-7.576679,10.108287,36.587396,36.993265,0.408659,5.201102
1783945926183,21.920000,46.609390,58.937790,37.626535,35.258095,23.679695,12.038848,36.512500,36.899618,0.900911,6.289834
1783945926203,21.940000,22.515080,38.398796,37.678810,37.684089,0.714707,11.796735,36.441847,36.810698,1.337871,6.893396
1783945926223,21.960000,54.865930,62.537760,37.732701,37.816424,24.721336,11.376576,36.375239,36.726590,1.380002,6.993859
1783945926243,21.980000,18.516449,19.380896,37.787766,40.350207,-20.969311,7.728459,36.312409,36.647313,0.977115,6.696234
1783945926263,22.000000,42.589172,55.533623,37.843582,38.317975,17.215648,0.967278,36.253024,36.572817,0.381552,6.151605
1783945926283,22.020000,23.491220,26.907850,37.899736,40.104894,-13.197044,-3.025666,36.196677,36.502987,-0.312412,5.472561
1783945926303,22.040000,48.166485,56.965960,37.955815,38.851673,18.114287,-2.801821,36.142900,36.437636,-1.325590,4.699636
1783945926323,22.060000,16.616627,19.143583,38.011413,40.729708,-21.586125,-2.312400,36.091155,36.376510,-2.775807,3.842027
1783945926343,22.080000,43.712116,55.979610,38.066136,38.637431,17.342179,-3.060795,36.040844,36.319286,-4.435861,2.930547
1783945926363,22.100000,14.950101,20.002176,38.119590,40.437542,-20.435366,-3.534105,35.991309,36.265572,-5.877518,2.013425
1783945926383,22.120000,39.898502,37.242325,38.171372,38.458140,-1.215815,-5.585137,35.941834,36.214907,-6.633927,1.117838
1783945926403,22.140000,13.521143,12.482755,38.221068,38.398892,-25.916137,-9.486982,35.891650,36.166765,-6.340519,0.243190
1783945926423,22.160000,43.142864,44.596825,38.268254,35.866007,8.730818,-10.438410,35.839939,36.120551,-4.888404,-0.607322
1783945926443,22.180000,15.304653,23.369675,38.312498,36.795536,-13.425861,-6.398185,35.785841,36.075609,-2.491771,-1.394822
1783945926463,22.200000,50.725520,57.401610,38.353377,35.505268,21.896342,0.544960,35.728453,36.031218,0.335570,-2.033684
1783945926483,22.220000,23.102243,31.166557,38.390493,37.745321,-6.578764,6.967293,35.666839,35.986594,2.936657,-2.402346
1783945926503,22.240000,56.063010,60.195755,38.423495,37.133437,23.062318,10.215041,35.600035,35.940898,4.809489,-2.374859
1783945926523,22.260000,25.003231,29.596400,38.452094,39.483507,-9.887107,9.784584,35.527054,35.893234,5.839754,-1.868706
1783945926543,22.280000,53.539383,56.397587,38.476067,38.533222,17.864365,6.799221,35.446891,35.842651,6.263306,-0.897684
1783945926563,22.300000,25.931187,27.519829,38.495260,40.355027,-12.835198,3.237078,35.358530,35.788153,6.390607,0.395775
1783945926583,22.320000,56.361970,60.652670,38.509576,39.100571,21.552099,1.312516,35.260951,35.728693,6.384390,1.763654
1783945926603,22.340000,25.644062,32.820007,38.518976,41.281762,-8.461755,1.760369,35.153133,35.663187,6.275320,2.932121
1783945926623,22.360000,54.304850,58.730328,38.523473,40.455295,18.275033,2.553124,35.034064,35.590511,6.033703,3.689282
1783945926643,22.380000,25.474903,40.293816,38.523132,42.298791,-2.004975,3.101702,34.902744,35.509510,5.544958,3.929243
1783945926663,22.400000,54.192482,73.434820,38.518053,42.108452,31.326368,5.323367,34.758192,35.419001,4.612924,3.647018
1783945926683,22.420000,27.283665,43.063300,38.508376,45.248565,-2.185265,7.815897,34.599453,35.317779,3.131193,2.915534
1783945926703,22.440000,46.567356,63.605010,38.494267,45.031573,18.573437,6.633715,34.425599,35.204622,1.301629,1.860051
1783945926723,22.460000,20.648733,31.801092,38.475913,46.886395,-15.085303,1.207777,34.235742,35.078299,-0.421374,0.617964
1783945926743,22.480000,44.099335,60.694363,38.453498,45.368438,15.325925,-4.683360,34.029031,34.937575,-1.655675,-0.707322
1783945926763,22.500000,21.605862,28.778214,38.427194,46.887328,-18.109114,-8.040083,33.804663,34.781218,-2.285851,-2.059111
1783945926783,22.520000,45.041077,47.497395,38.397155,45.056060,2.441335,-10.334440,33.561887,34.608007,-2.351961,-3.390278
1783945926803,22.540000,14.940114,13.770494,38.363523,45.274912,-31.504418,-13.634990,33.300006,34.416736,-1.925778,-4.619909
1783945926823,22.560000,44.466614,55.274292,38.326418,42.092509,13.181783,-14.746605,33.018383,34.206229,-1.277315,-5.638824
1783945926843,22.580000,20.393328,19.736801,38.285939,43.374918,-23.638117,-11.215007,32.716448,33.975342,-1.052938,-6.350366
1783945926863,22.600000,55.920513,47.906270,38.242175,40.970020,6.936250,-7.230318,32.393698,33.722976,-1.893636,-6.685578
1783945926883,22.620000,16.297503,25.868500,38.195219,41.618843,-15.750343,-4.480397,32.049701,33.448081,-3.600247,-6.583565
1783945926903,22.640000,33.474080,59.602566,38.145175,39.994828,19.607738,-0.594721,31.684105,33.149672,-4.913900,-6.009884
1783945926923,22.660000,8.060274,18.688246,38.092126,41.903459,-23.215213,2.304655,31.296636,32.826834,-4.576998,-5.046501
1783945926943,22.680000,47.539270,45.526250,38.036107,39.526177,6.000073,0.722645,30.887101,32.478735,-2.554950,-3.939785
1783945926963,22.700000,22.668352,5.900593,37.977118,40.067293,-34.166700,-4.127993,30.455397,32.104630,0.048019,-2.980012
1783945926983,22.720000,52.834976,40.818977,37.915154,36.589097,4.229880,-8.233142,30.001505,31.703881,2.097087,-2.285596
1783945927003,22.740000,16.955132,22.519760,37.850239,36.947833,-14.428073,-6.758967,29.525499,31.275956,3.217020,-1.718363
1783945927023,22.760000,43.734283,46.220720,37.782424,35.438630,10.782090,-0.518324,29.027546,30.820446,3.575975,-1.032650
1783945927043,22.780000,23.724644,14.949327,37.711768,36.447601,-21.498274,3.834025,28.507906,30.337073,3.193915,-0.102100
1783945927063,22.800000,44.899357,53.549427,37.638340,34.227181,19.322246,5.377737,27.966935,29.825697,1.765776,0.995186
1783945927083,22.820000,13.972137,28.353333,37.562214,36.085435,-7.732102,7.852862,27.405086,29.286326,-0.989738,2.061706
1783945927103,22.840000,40.663414,45.728725,37.483465,35.236446,10.492279,9.444914,26.822907,28.719121,-5.105930,2.898498
1783945927123,22.860000,11.122046,21.013227,37.402153,36.206802,-15.193575,7.358275,26.221045,28.124409,-10.188858,3.358238
1783945927143,22.880000,30.720604,45.536766,37.318306,34.607610,10.929156,4.113940,25.600242,27.502680,-15.043225,3.352874
1783945927163,22.900000,-12.175719,24.067970,37.231906,35.617431,-11.549461,2.653974,24.961338,26.854599,-17.706594,2.849370
1783945927183,22.920000,14.590733,46.609390,37.142847,34.378351,12.231039,3.004115,24.305267,26.181006,-16.522848,1.842178
1783945927203,22.940000,2.196108,22.515080,37.050909,35.513638,-12.998558,3.481275,23.633056,25.482918,-11.532258,0.339219
1783945927223,22.960000,46.438145,54.865930,36.955775,34.125151,20.740779,4.363745,22.945825,24.761534,-4.542502,-1.549877
1783945927243,22.980000,15.074402,18.516449,36.857096,36.105275,-17.588826,5.027491,22.244784,24.018230,2.352734,-3.463657
1783945927263,23.000000,40.972030,42.589172,36.754556,34.252098,8.337074,2.772490,21.531229,23.254558,8.010831,-4.787448
1783945927283,23.020000,21.908726,23.491220,36.647893,34.987274,-11.496054,-0.068617,20.806542,22.472247,12.054049,-4.912993
1783945927303,23.040000,52.298645,48.166485,36.536907,33.737742,14.428743,-0.026215,20.072183,21.673192,14.250396,-3.568874
1783945927323,23.060000,25.368954,16.616627,36.421476,35.074817,-18.458190,0.655645,19.329689,20.859449,14.539749,-0.941286
1783945927343,23.080000,45.913143,43.712116,36.301567,33.122796,10.589320,-0.296262,18.580668,20.033228,13.331041,2.453857
1783945927363,23.100000,13.487832,14.950101,36.177221,34.069763,-19.119662,-1.765123,17.826795,19.196879,11.355010,5.964161
1783945927383,23.120000,38.998390,39.898502,36.048529,32.045640,7.852862,-2.890123,17.069801,18.352880,9.101477,8.932467
1783945927403,23.140000,21.061739,13.521143,35.915600,32.713209,-19.192066,-3.450267,16.311473,17.503177,6.573749,10.806422
1783945927423,23.160000,31.594170,43.142864,35.778560,30.676395,12.466469,-2.738372,15.553641,16.650958,3.798642,11.269844
1783945927443,23.180000,6.919870,15.304653,35.637539,31.798693,-16.494040,-0.964679,14.798171,15.798971,1.349143,10.321602
1783945927463,23.200000,18.165335,50.725520,35.492645,30.024812,20.700708,1.535918,14.046959,14.950020,0.053377,8.215583
1783945927483,23.220000,1.361399,23.102243,35.343936,31.961472,-8.859229,4.677065,13.301919,14.106942,0.196091,5.306788
1783945927503,23.240000,34.490513,56.063010,35.191403,30.940399,25.122611,7.353382,12.564974,13.272583,1.202832,1.952688
1783945927523,23.260000,-0.294584,25.003231,35.034991,33.306961,-8.303730,8.408524,11.838048,12.449780,2.273173,-1.464922
1783945927543,23.280000,28.162594,53.539383,34.874614,32.329075,21.210308,7.279031,11.123054,11.641331,3.097339,-4.511127
1783945927563,23.300000,-3.892392,25.931187,34.710163,34.292538,-8.361351,4.998620,10.421885,10.849976,3.794671,-6.779696
1783945927583,23.320000,24.931763,56.361970,34.541494,33.297093,23.064877,3.351870,9.736402,10.078373,4.430475,-8.040368
1783945927603,23.340000,2.514509,25.644062,34.368433,35.433056,-9.788994,2.418560,9.068426,9.329076,4.768865,-8.307218
1783945927623,23.360000,19.021900,54.304850,34.190779,34.282298,20.022552,1.268897,8.419727,8.604509,4.424838,-7.770726
1783945927643,23.380000,0.973900,25.474903,34.008312,36.101724,-10.626821,-0.093975,7.792010,7.906953,3.098626,-6.683408
1783945927663,23.400000,18.446068,54.192482,33.820795,34.855092,19.337390,-1.162115,7.186911,7.238525,0.757745,-5.289037
1783945927683,23.420000,-5.583230,27.283665,33.627971,36.593360,-9.309695,-1.609638,6.605984,6.601157,-2.094149,-3.800636
1783945927703,23.440000,2.738752,46.567356,33.429558,35.465167,11.102189,-2.579673,6.050692,5.996590,-4.392554,-2.403597
1783945927723,23.460000,-22.091928,20.648733,33.225223,36.368768,-15.720035,-4.967962,5.522399,5.426355,-5.193356,-1.274757
1783945927743,23.480000,16.352440,44.099335,33.014564,34.590610,9.508725,-7.214431,5.022361,4.891768,-4.521771,-0.583283
1783945927763,23.500000,-16.478199,21.605862,32.797115,35.325755,-13.719893,-7.718450,4.551718,4.393921,-3.271388,-0.416398
1783945927783,23.520000,10.803426,45.041077,32.572376,33.737463,11.303614,-6.508828,4.111489,3.933679,-2.402866,-0.675315
1783945927803,23.540000,-12.802294,14.940114,32.339831,34.640155,-19.700041,-5.587906,3.702566,3.511681,-2.501663,-1.073252
1783945927823,23.560000,8.347858,44.466614,32.098955,32.444068,12.022546,-5.527805,3.325705,3.128338,-3.669862,-1.271903
1783945927843,23.580000,-18.764587,20.393328,31.849223,33.407307,-13.013979,-4.421310,2.981528,2.783839,-5.467221,-1.047391
1783945927863,23.600000,-0.159448,55.920513,31.590106,31.864954,24.055559,-0.977527,2.670513,2.478159,-7.121127,-0.372038
1783945927883,23.620000,-26.296500,16.297503,31.321060,34.009176,-17.711673,2.215970,2.393000,2.211064,-8.039354,0.597547
1783945927903,23.640000,6.605482,33.474080,31.041518,31.976233,1.497847,0.074712,2.149180,1.982126,-8.217917,1.599982
1783945927923,23.660000,-23.810938,8.060274,30.750902,31.853618,-23.793344,-5.858472,1.939104,1.790734,-8.089731,2.398810
1783945927943,23.680000,5.624741,47.539270,30.448639,29.204475,18.334795,-7.708681,1.762677,1.636109,-8.024921,2.897315
1783945927963,23.700000,-20.357359,22.668352,30.134176,30.747000,-8.078648,-2.680073,1.619666,1.517315,-8.000181,3.160884
1783945927983,23.720000,-2.604869,52.834976,29.806988,29.641318,23.193658,4.329742,1.509696,1.433283,-7.594416,3.338137
1783945928003,23.740000,-22.717733,16.955132,29.466580,31.636513,-14.681381,7.540879,1.432261,1.382820,-6.399448,3.546277
1783945928023,23.760000,6.049856,43.734283,29.112483,29.840416,13.893867,5.437186,1.386725,1.364630,-4.552577,3.809575
1783945928043,23.780000,-10.675285,23.724644,28.744270,30.879191,-7.154547,2.438518,1.372328,1.377332,-2.693319,4.092678
1783945928063,23.800000,9.821568,44.899357,28.361588,29.803777,15.095580,1.798939,1.388194,1.419470,-1.349495,4.386267
1783945928083,23.820000,-13.096569,13.972137,27.964173,30.927919,-16.955782,1.021634,1.433339,1.489536,-0.510320,4.745869
1783945928103,23.840000,10.205384,40.663414,27.551857,28.844162,11.819252,-1.029034,1.506676,1.585980,0.208665,5.231461
1783945928123,23.860000,-9.153873,11.122046,27.124566,29.613334,-18.491288,-2.791509,1.607028,1.707229,1.164299,5.818186
1783945928143,23.880000,13.546322,30.720604,26.682319,27.350455,3.370149,-4.476332,1.733134,1.851693,2.473996,6.381482
1783945928163,23.900000,-9.202089,-12.175719,26.225235,27.255206,-39.430925,-8.423752,1.883660,2.017782,3.942225,6.763134
1783945928183,23.920000,20.493835,14.590733,25.753532,22.898709,-8.307976,-14.089855,2.057209,2.203913,5.000984,6.846306
1783945928203,23.940000,2.198609,2.196108,25.267532,21.647504,-19.451396,-14.837588,2.252330,2.408523,4.945683,6.596118
1783945928223,23.960000,17.045895,46.438145,24.767679,19.286380,27.151765,-5.619418,2.467531,2.630071,3.525934,6.064653
1783945928243,23.980000,-11.109322,15.074402,24.254528,21.545198,-6.470796,7.898514,2.701285,2.867050,1.166792,5.346205
1783945928263,24.000000,19.778427,40.972030,23.728721,20.434720,20.537310,15.498805,2.952045,3.204439,-1.463797,4.490902
1783945928283,24.020000,-9.482455,21.908726,23.190969,21.989706,-0.080980,16.165651,3.218251,3.464053,-3.733085,3.457101
1783945928303,24.040000,12.765388,52.298645,22.642041,21.469781,30.828864,15.455488,3.498340,3.734707,-4.899879,2.161113
1783945928323,24.060000,-12.681730,25.368954,22.082747,23.991954,1.377000,15.083032,3.790758,4.015082,-4.216638,0.566769
1783945928343,24.080000,10.328857,45.913143,21.513928,23.554370,22.358773,12.978574,4.093965,4.303907,-1.480419,-1.278177
1783945928363,24.100000,7.332357,13.487832,20.936446,25.174173,-11.686341,7.817348,4.406448,4.599962,2.564555,-3.251117
1783945928383,24.120000,29.036000,38.998390,20.351206,23.393032,15.605358,1.477008,4.726726,4.902077,6.668942,-5.139028
1783945928403,24.140000,7.180220,21.061739,19.759195,24.308696,-3.246957,-1.759724,5.053362,5.209132,10.012173,-6.624765
1783945928423,24.160000,26.423620,31.594170,19.161495,23.333647,8.260523,-2.255719,5.384962,5.520060,12.425242,-7.373503
1783945928443,24.180000,13.171624,6.919870,18.559272,23.487933,-16.568062,-4.285440,5.720189,5.833842,13.794807,-7.208202
1783945928463,24.200000,39.357147,18.165335,17.953774,21.177384,-3.012049,-8.515178,6.057766,6.149510,13.753160,-6.220417
1783945928483,24.220000,10.898691,1.361399,17.346334,20.221320,-18.859922,-12.187249,6.396478,6.466147,12.098531,-4.709938
1783945928503,24.240000,27.726118,34.490513,16.738361,17.708045,16.782468,-10.680885,6.735178,6.782885,9.150705,-3.043379
1783945928523,24.260000,7.255858,-0.294584,16.131313,18.726965,-19.021549,-5.382414,7.072790,7.098903,5.512473,-1.574049
1783945928543,24.280000,27.005798,28.162594,15.526664,16.198934,11.963660,-2.194354,7.408310,7.413429,1.811355,-0.619529
1783945928563,24.300000,-4.430873,-3.892392,14.925880,16.747324,-20.639716,-2.001068,7.740806,7.725740,-1.239614,-0.417707
1783945928583,24.320000,15.751560,24.931763,14.330389,14.078151,10.853612,-2.910137,8.069421,8.035156,-3.000754,-1.067113
1783945928603,24.340000,-0.951008,2.514509,13.741556,14.540166,-12.025656,-2.420629,8.393370,8.341048,-3.364435,-2.507624
1783945928623,24.360000,23.348610,19.021900,13.160667,12.745224,6.276676,-1.054445,8.711939,8.642828,-2.791878,-4.531672
1783945928643,24.380000,-3.255479,0.973900,12.588940,12.773865,-11.799965,-0.576111,9.024484,8.939953,-1.827545,-6.795532
1783945928663,24.400000,23.126862,18.446068,12.027528,11.030348,7.415720,-0.316363,9.330428,9.231925,-0.799162,-8.866904
1783945928683,24.420000,2.351882,-5.583230,11.477524,11.201040,-16.784270,-0.617078,9.629258,9.518285,0.134787,-10.337720
1783945928703,24.440000,17.559422,2.738752,10.939962,9.004274,-6.265521,-3.054187,9.920520,9.798618,0.897260,-10.946045
1783945928723,24.460000,1.570799,-22.091928,10.415810,7.888354,-29.980282,-7.688233,10.203817,10.072542,1.282590,-10.635091
1783945928743,24.480000,28.663458,16.352440,9.905976,4.494013,11.858427,-9.015513,10.478802,10.339718,0.827250,-9.529639
1783945928763,24.500000,3.710545,-16.478199,9.411314,5.267428,-21.745627,-4.552645,10.745177,10.599835,-0.729745,-7.852133
1783945928783,24.520000,17.389866,10.803426,8.932631,2.757934,8.045492,0.156808,11.002683,10.852619,-2.862346,-5.835894
1783945928803,24.540000,-9.292241,-12.802294,8.470674,3.222036,-16.024330,2.748216,11.251099,11.097822,-4.469832,-3.704551
1783945928823,24.560000,14.531624,8.347858,8.026106,1.345082,7.002776,3.882643,11.490235,11.335224,-4.759581,-1.709807
1783945928843,24.580000,0.428003,-18.764587,7.599482,1.768165,-20.532752,3.211407,11.719925,11.564625,-3.808612,-0.120489
1783945928863,24.600000,24.409900,-0.159448,7.191269,-0.478272,0.318824,0.990104,11.940024,11.785846,-2.214962,0.894715
1783945928883,24.620000,-6.745063,-26.296500,6.801865,-0.621262,-25.675238,-1.759404,12.150402,11.998724,-0.423603,1.383684
1783945928903,24.640000,23.043282,6.605482,6.431607,-3.258351,9.863833,-2.248849,12.350936,12.203107,1.310905,1.582599
1783945928923,24.660000,4.146877,-23.810938,6.080769,-2.356518,-21.454420,0.239302,12.541511,12.398850,2.557639,1.763800
1783945928943,24.680000,26.374325,5.624741,5.749578,-4.491809,10.116549,2.909567,12.722008,12.585813,2.810481,2.111458
1783945928963,24.700000,4.078322,-20.357359,5.438223,-3.488764,-16.868595,4.699362,12.892304,12.763855,1.946793,2.702218
1783945928983,24.720000,16.195010,-2.604869,5.146863,-5.103629,2.498759,4.680936,13.052267,12.932831,0.360375,3.524859
1783945929003,24.740000,1.611158,-22.717733,4.875611,-4.774736,-17.942997,2.888616,13.201751,13.092587,-1.382803,4.470733
1783945929023,24.760000,15.915273,6.049856,4.624520,-6.403812,12.453668,2.601379,13.340594,13.242959,-2.903363,5.336330
1783945929043,24.780000,-7.370335,-10.675285,4.393580,-5.028853,-5.646432,5.551656,13.468613,13.383764,-4.118792,5.889162
1783945929063,24.800000,20.861183,9.821568,4.182702,-5.426564,15.248132,9.283818,13.585603,13.514801,-5.264400,5.963531
1783945929083,24.820000,-5.570844,-13.096569,3.991728,-3.785693,-9.310876,10.375119,13.691334,13.635848,-6.670154,5.527808
1783945929103,24.840000,15.808412,10.205384,3.820437,-4.547536,14.752920,8.796176,13.785552,13.746656,-8.299344,4.692368
1783945929123,24.860000,-16.925888,-9.153873,3.668538,-2.955583,-6.198290,6.937521,13.867975,13.846944,-9.666806,3.651962
1783945929143,24.880000,19.892733,13.546322,3.535666,-3.418832,16.965154,6.061706,13.938295,13.935117,-10.239513,2.590344
1783945929163,24.900000,-16.068161,-9.202089,3.421376,-1.631412,-7.570677,5.448887,13.996176,14.012097,-9.690598,1.619205
1783945929183,24.920000,10.702384,20.493835,3.325151,-2.250630,22.744465,5.193801,14.041259,14.077523,-7.990942,0.790589
1783945929203,24.940000,-1.688266,2.198609,3.246405,0.066410,2.132200,6.468289,14.073161,14.131005,-5.653434,0.141856
1783945929223,24.960000,24.821583,17.045895,3.184505,0.325353,16.720542,7.164329,14.091476,14.172118,-3.543143,-0.265686
1783945929243,24.980000,-4.775957,-11.109322,3.138805,1.976574,-13.085896,3.854280,14.095782,14.200410,-2.135450,-0.328589
1783945929263,25.000000,21.779898,19.778427,3.108661,0.724849,19.053578,-0.940219,14.085640,14.215394,-1.249545,0.064402
1783945929283,25.020000,4.869729,-9.482455,3.093437,2.607427,-12.089882,-3.324743,14.060601,14.216559,-0.386847,0.943036
1783945929303,25.040000,18.954782,12.765388,3.092509,1.448965,11.316423,-4.596265,14.020210,14.203367,1.039679,2.191513
1783945929323,25.060000,3.821844,-12.681730,3.105270,2.588576,-15.270306,-6.148343,13.964005,14.175260,3.479743,3.578004
1783945929343,25.080000,27.425380,10.328857,3.131128,1.155974,9.172883,-7.386248,13.891530,14.131659,6.812973,4.843952
1783945929363,25.100000,15.133278,7.332357,3.169522,2.133589,5.198767,-5.281316,13.802334,14.071974,10.221514,5.791645
1783945929383,25.120000,38.501260,29.036000,3.219940,2.700706,26.335294,1.396430,13.695976,13.995604,12.634399,6.350138
1783945929403,25.140000,17.248014,7.180220,3.281943,5.274845,1.905375,7.016063,13.572035,13.901944,13.362323,6.592792
1783945929423,25.160000,39.872490,26.423620,3.355176,5.417176,21.006444,7.365640,13.430108,13.790392,12.477243,6.669849
1783945929443,25.180000,7.578066,13.171624,3.439362,7.401963,5.769661,5.028779,13.269817,13.660353,10.751594,6.684534
1783945929463,25.200000,28.072640,39.357147,3.534274,7.866700,31.490447,4.336798,13.090817,13.511244,9.085358,6.593933
1783945929483,25.220000,14.010196,10.898691,3.639711,10.816805,0.081886,4.446856,12.892794,13.342502,7.788474,6.207130
1783945929503,25.240000,31.664154,27.726118,3.755478,10.664607,17.061511,1.571753,12.675474,13.153590,6.532572,5.300877
1783945929523,25.260000,7.059415,7.255858,3.881394,12.198473,-4.942615,-3.407789,12.438625,12.944002,4.906879,3.776609
1783945929543,25.280000,29.731958,27.005798,4.017279,11.588632,15.417166,-7.108657,12.182058,12.713270,2.774917,1.733232
1783945929563,25.300000,-2.538375,-4.430873,4.162947,13.024314,-17.455187,-9.901731,11.905635,12.460968,0.254043,-0.595986
1783945929583,25.320000,24.305855,15.751560,4.318177,11.247656,4.503904,-13.285916,11.609268,12.186721,-2.472506,-2.969316
1783945929603,25.340000,-7.069520,-0.951008,4.482706,11.701220,-12.652228,-14.908867,11.292922,11.890208,-5.332882,-5.215734
1783945929623,25.360000,20.738129,23.348610,4.656209,10.487051,12.861559,-12.522509,10.956618,11.571172,-8.331710,-7.236031
1783945929643,25.380000,-7.749043,-3.255479,4.838298,11.857594,-15.113073,-8.734940,10.600438,11.229419,-11.277596,-8.962453
1783945929663,25.400000,2.745301,23.126862,5.028513,10.463427,12.663435,-6.348150,10.224521,10.864829,-13.608280,-10.330450
1783945929683,25.420000,-13.056531,2.351882,5.226311,11.889725,-9.537842,-4.514943,9.829070,10.477360,-14.750371,-11.296840
1783945929703,25.440000,10.313071,17.559422,5.431049,11.119270,6.440152,-3.523641,9.414353,10.067051,-14.588156,-11.864493
1783945929723,25.460000,-12.188679,1.570799,5.641996,11.988398,-10.417599,-3.822847,8.980702,9.634030,-13.323515,-12.052074
1783945929743,25.480000,8.097776,28.663458,5.858353,11.182847,17.480611,-2.647709,8.528516,9.178519,-11.130464,-11.832643
1783945929763,25.500000,-4.127781,3.710545,6.079270,13.234540,-9.523995,0.108635,8.058263,8.700836,-8.144238,-11.121190
1783945929783,25.520000,13.575736,17.389866,6.303865,12.592178,4.797688,0.474602,7.570480,8.201401,-4.507762,-9.828864
1783945929803,25.540000,0.402524,-9.292241,6.531245,13.421688,-22.713929,-3.091612,7.065774,7.680741,-0.338223,-7.922375
1783945929823,25.560000,24.091130,14.531624,6.760536,11.459784,3.071840,-7.192670,6.544823,7.139490,4.229317,-5.445125
1783945929843,25.580000,2.330737,0.428003,6.990903,12.105384,-11.677381,-7.248065,6.008374,6.578399,8.940538,-2.514577
1783945929863,25.600000,33.647366,24.409900,7.221567,11.257950,13.151950,-2.737789,5.457244,5.998327,13.265830,0.687198
1783945929883,25.620000,15.936383,-6.745063,7.451827,12.950796,-19.695859,1.265327,4.892322,5.400253,16.417430,3.940710
1783945929903,25.640000,30.988483,23.043282,7.681082,11.310276,11.733006,1.896572,4.314561,4.785267,17.694481,7.028418
1783945929923,25.660000,15.568071,4.146877,7.908834,12.862696,-8.715819,2.519185,3.724983,4.154576,16.719259,9.752635
1783945929943,25.680000,30.190998,26.374325,8.134683,12.353205,14.021120,4.493647,3.124671,3.509493,13.482852,11.922109
1783945929963,25.700000,8.913269,4.078322,8.358312,14.172865,-10.094543,5.760164,2.514768,2.851441,8.555048,13.339297
1783945929983,25.720000,11.264130,16.195010,8.579461,13.557667,2.637343,4.327337,1.896476,2.181943,3.215474,13.815946
1783945930003,25.740000,-18.921915,1.611158,8.797886,14.231890,-12.620732,1.085717,1.271044,1.502613,-1.136174,13.192168
1783945930023,25.760000,15.662407,15.915273,9.013300,13.347048,2.568225,-1.076518,0.639773,0.815155,-4.006661,11.352750
1783945930043,25.780000,-11.611094,-7.370335,9.225354,13.994528,-21.364863,-2.548427,0.004002,0.121346,-5.910175,8.305047
1783945930063,25.800000,3.763375,20.861183,9.433644,12.187469,8.673714,-2.952880,-0.634893,-0.576971,-7.398869,4.303956
1783945930083,25.820000,-13.422237,-5.570844,9.637716,13.413707,-18.984551,-1.372490,-1.275505,-1.277900,-8.385540,-0.120832
1783945930103,25.840000,-8.294349,15.808412,9.837059,11.820547,3.987865,-0.095149,-1.916406,-1.979499,-8.267156,-4.320426
1783945930123,25.860000,-18.449718,-16.925888,10.031096,12.537872,-29.463760,-1.271709,-2.556148,-2.679801,-6.531382,-7.761711
1783945930143,25.880000,0.653156,19.892733,10.219178,9.827623,10.065110,-2.717568,-3.193276,-3.376819,-3.390332,-10.156610
1783945930163,25.900000,-6.932963,-16.068161,10.400603,11.098319,-27.166480,-1.969476,-3.826328,-4.068567,0.226135,-11.421588
1783945930183,25.920000,10.568078,10.702384,10.574658,8.572450,2.129934,-1.325204,-4.453849,-4.753065,3.359154,-11.555907
1783945930203,25.940000,-19.146591,-1.688266,10.740645,8.981018,-10.669284,0.324189,-5.074390,-5.428360,5.543448,-10.575481
1783945930223,25.960000,9.909332,24.821583,10.897889,8.081245,16.740338,5.377215,-5.686521,-6.092534,6.501058,-8.570874
1783945930243,25.980000,0.888463,-4.775957,11.045743,9.961784,-14.737741,9.680354,-6.288838,-6.743722,5.818453,-5.790273
1783945930263,26.000000,3.924571,21.779898,11.183599,8.656694,13.123204,9.870076,-6.879963,-7.380120,3.600503,-2.608294
1783945930283,26.020000,-22.839140,4.869729,11.310904,10.164685,-5.294956,8.895443,-7.458558,-7.999997,1.009209,0.578978
1783945930303,26.040000,-4.104065,18.954782,11.427127,9.814907,9.139875,8.225990,-8.023329,-8.601711,-0.506765,3.396190
1783945930323,26.060000,-25.757100,3.821844,11.531727,10.923168,-7.101324,6.725287,-8.573029,-9.183715,-0.371608,5.474176
1783945930343,26.080000,4.983170,27.425380,11.624141,10.386839,17.038541,6.063376,-9.106470,-9.744568,0.786902,6.513461
1783945930363,26.100000,-13.553906,15.133278,11.703804,12.291143,2.842135,7.696430,-9.622524,-10.282945,1.808219,6.447484
1783945930383,26.120000,1.848390,38.501260,11.770181,12.772805,25.728455,10.679118,-10.120129,-10.797641,2.090841,5.540423
1783945930403,26.140000,-32.428627,17.248014,11.822773,15.579165,1.668849,12.338683,-10.598295,-11.289157,1.952014,4.276226
1783945930423,26.160000,-9.466291,39.872490,11.861099,15.970437,23.902053,11.176161,-11.056110,-11.754800,1.702313,3.092633
1783945930443,26.180000,-8.033766,7.578066,11.884677,18.609826,-11.031760,6.956893,-11.492741,-12.193753,0.757968,2.181745
1783945930463,26.200000,-6.871621,28.072640,11.893039,17.723719,10.348921,0.157175,-11.907438,-12.605346,-1.664599,1.530590
1783945930483,26.220000,-36.213837,14.010196,11.885752,18.974333,-4.964137,-4.844150,-12.299538,-12.989046,-5.376607,1.092883
1783945930503,26.240000,-10.178185,31.664154,11.862403,18.669701,12.994453,-5.440064,-12.668469,-13.344460,-9.363919,0.845977
1783945930523,26.260000,-41.193860,7.059415,11.822570,20.158681,-13.099266,-5.043182,-13.013746,-13.671332,-12.506991,0.708647
1783945930543,26.280000,-18.300505,29.731958,11.765804,19.003885,10.728073,-5.788820,-13.334977,-13.969541,-13.818437,0.505929
1783945930563,26.300000,-44.125355,-2.538375,11.691631,20.223210,-22.761585,-7.740962,-13.631863,-14.239092,-12.628361,0.066582
1783945930583,26.320000,-18.699070,24.305855,11.599543,18.051450,6.254405,-10.322601,-13.904194,-14.480113,-8.989029,-0.661434
1783945930603,26.340000,-32.195880,-7.069520,11.489016,18.766555,-25.836075,-11.959430,-14.151852,-14.692848,-3.963269,-1.574402
1783945930623,26.360000,0.263191,20.738129,11.359537,16.232873,4.505256,-12.213022,-14.374806,-14.877649,0.651562,-2.425053
1783945930643,26.380000,-17.642443,-7.749043,11.210656,16.716822,-24.465865,-11.101961,-14.573111,-15.034966,3.296235,-2.858455
1783945930663,26.400000,-3.273659,2.745301,11.042030,14.270713,-11.525412,-11.167720,-14.746905,-15.165340,3.644692,-2.508209
1783945930683,26.420000,-27.156824,-13.056531,10.853430,13.095636,-26.152167,-12.774414,-14.896405,-15.269390,2.692624,-1.169267
1783945930703,26.440000,-5.465614,10.313071,10.644734,10.432575,-0.119504,-11.595848,-15.021901,-15.347810,1.942177,1.037067
1783945930723,26.460000,-35.538647,-12.188679,10.415897,10.357912,-22.546591,-7.334102,-15.123755,-15.401352,2.414797,3.643859
1783945930743,26.480000,0.997748,8.097776,10.166942,8.023693,0.074083,-3.279922,-15.202394,-15.430822,3.958527,6.011015
1783945930763,26.500000,-14.784428,-4.127781,9.897960,7.938978,-12.066760,0.321287,-15.258303,-15.437066,5.348088,7.601089
1783945930783,26.520000,7.326707,13.575736,9.609143,6.629351,6.946385,4.218104,-15.292025,-15.420968,5.423859,8.204984
1783945930803,26.540000,-30.835556,0.402524,9.300798,7.207922,-6.805398,7.514690,-15.304147,-15.383431,4.124843,7.976610
1783945930823,26.560000,-4.860500,24.091130,8.973337,6.401888,17.689242,10.490597,-15.295300,-15.325380,2.173670,7.241976
1783945930843,26.580000,-24.499815,2.330737,8.627237,8.024909,-5.694173,12.622832,-15.266153,-15.247744,0.090194,6.237268
1783945930863,26.600000,-3.792544,33.647366,8.263027,7.299747,26.347619,13.755328,-15.217403,-15.151457,-2.049159,5.009172
1783945930883,26.620000,-26.625168,15.936383,7.881286,9.745553,6.190830,15.567863,-15.149772,-15.037443,-4.118018,3.524243
1783945930903,26.640000,-14.685188,30.988483,7.482637,10.153675,20.834808,16.193300,-15.063998,-14.906619,-5.660371,1.807217
1783945930923,26.660000,-31.847840,15.568071,7.067731,11.987157,3.580914,13.847303,-14.960832,-14.759879,-6.224860,-0.044712
1783945930943,26.680000,-3.262774,30.190998,6.637227,12.070881,18.120117,10.125047,-14.841030,-14.598096,-5.766502,-1.919972
1783945930963,26.700000,-27.649908,8.913269,6.191800,13.563844,-4.650575,5.771456,-14.705346,-14.422115,-4.447973,-3.700875
1783945930983,26.720000,-12.476994,11.264130,5.732153,12.763581,-1.499451,-0.446350,-14.554529,-14.232747,-2.327797,-5.232589
1783945931003,26.740000,-20.224556,-18.921915,5.259015,12.258869,-31.180784,-9.630991,-14.389315,-14.030767,0.336125,-6.342397
1783945931023,26.760000,6.727508,15.662407,4.773149,8.820508,6.841899,-16.279094,-14.210423,-13.816911,2.863651,-6.901033
1783945931043,26.780000,-13.828929,-11.611094,4.275372,9.155251,-20.766344,-15.146348,-14.018547,-13.591873,4.745482,-6.840901
1783945931063,26.800000,-1.698450,3.763375,3.766582,6.756553,-2.993179,-11.350799,-13.814358,-13.356300,6.185206,-6.138186
1783945931083,26.820000,-16.265953,-13.422237,3.247749,6.129494,-19.551731,-9.186917,-13.598491,-13.110797,7.656681,-4.847080
1783945931103,26.840000,10.724124,-8.294349,2.719899,3.883056,-12.177405,-8.976993,-13.371549,-12.855919,9.136674,-3.163680
1783945931123,26.860000,-11.087778,-18.449718,2.184118,2.398527,-20.848245,-9.978848,-13.134094,-12.592177,10.056859,-1.395340
1783945931143,26.880000,12.617279,0.653156,1.641554,0.100579,0.552577,-8.474318,-12.886650,-12.320032,9.804350,0.172249
1783945931163,26.900000,-12.930513,-6.932963,1.093428,-0.059499,-6.873464,-2.998002,-12.629696,-12.039902,8.102026,1.375391
1783945931183,26.920000,8.776646,10.568078,0.541010,-0.940622,11.508700,4.037514,-12.363666,-11.752157,5.131882,2.156652
1783945931203,26.940000,-21.299686,-19.146591,-0.014392,-0.020521,-19.126070,7.319555,-12.088951,-11.457125,1.487344,2.488563
1783945931223,26.960000,-1.242696,9.909332,-0.571469,-2.096710,12.006042,5.890404,-11.805893,-11.155093,-2.067002,2.323869
1783945931243,26.980000,-26.214863,0.888463,-1.128934,-1.100066,1.988529,6.300178,-11.514792,-10.846307,-4.945366,1.600669
1783945931263,27.000000,-3.655412,3.924571,-1.685553,-1.110791,5.035362,8.395578,-11.215902,-10.555076,-6.927498,0.291632
1783945931283,27.020000,-25.811039,-22.839140,-2.240155,-0.834826,-22.004314,5.442869,-10.909435,-10.234218,-8.038475,-1.531107
1783945931303,27.040000,-0.955421,-4.104065,-2.791631,-3.170873,-0.933192,-1.329401,-10.595561,-9.907131,-8.229089,-3.657761
1783945931323,27.060000,-26.707432,-25.757100,-3.338934,-3.389453,-22.367647,-6.024104,-10.274412,-9.573937,-7.099574,-5.764608
1783945931343,27.080000,-13.300867,4.983170,-3.881081,-5.650174,10.633344,-5.609134,-9.946082,-9.234733,-4.140096,-7.506448
1783945931363,27.100000,-18.526460,-13.553906,-4.417157,-4.643565,-8.910340,-0.402950,-9.610633,-8.889593,0.386793,-8.633190
1783945931383,27.120000,16.947697,1.848390,-4.946311,-5.545424,7.393813,4.613346,-9.268100,-8.538576,5.044516,-9.031799
1783945931403,27.140000,-7.467626,-32.428627,-5.467710,-4.833893,-27.594734,3.795215,-8.918487,-8.181724,8.195603,-8.649276
1783945931423,27.160000,12.749721,-9.466291,-5.980495,-7.513996,-1.952295,-1.888347,-8.561779,-7.819071,9.207640,-7.412022
1783945931443,27.180000,-9.639105,-8.033766,-6.483768,-7.608313,-0.425453,-3.368503,-8.197944,-7.450643,8.573932,-5.286530
1783945931463,27.200000,3.085733,-6.871621,-6.976619,-7.533184,0.661564,1.163019,-7.826936,-7.076466,7.215388,-2.441716
1783945931483,27.220000,-14.434619,-36.213837,-7.458143,-7.335007,-28.878830,1.669124,-7.448701,-6.696564,5.644176,0.677646
1783945931503,27.240000,18.442707,-10.178185,-7.927465,-10.049860,-0.128325,-2.905283,-7.063182,-6.310970,3.644632,3.479769
1783945931523,27.260000,-15.790859,-41.193860,-8.383731,-9.869259,-31.324601,-6.457054,-6.670326,-5.919725,0.955305,5.474160
1783945931543,27.280000,-0.424391,-18.300505,-8.826112,-12.816123,-5.484382,-8.092017,-6.270087,-5.522882,-1.966818,6.445738
1783945931563,27.300000,-23.944637,-44.125355,-9.253823,-13.162982,-30.962373,-8.127848,-5.862431,-5.120513,-4.253123,6.433299
1783945931583,27.320000,-4.023141,-18.699070,-9.666163,-16.108973,-2.590097,-6.493528,-5.447345,-4.712708,-5.471795,5.582140
1783945931603,27.340000,-16.374510,-32.195880,-10.062529,-16.194655,-16.001225,-2.395910,-5.024839,-4.299579,-5.938832,4.053100
1783945931623,27.360000,-1.876382,0.263191,-10.442406,-17.648628,17.911820,4.886471,-4.594951,-3.881266,-6.296797,2.061507
1783945931643,27.380000,-24.446245,-17.642443,-10.805359,-15.606295,-2.036148,13.093081,-4.157753,-3.457933,-6.988948,-0.073522
1783945931663,27.400000,-2.276626,-3.273659,-11.151034,-15.538229,12.264569,17.185180,-3.713359,-3.029776,-8.204963,-1.988493
1783945931683,27.420000,-16.974440,-27.156824,-11.479157,-13.957626,-13.199198,14.568857,-3.261920,-2.597020,-9.914497,-3.396195
1783945931703,27.440000,-9.034602,-5.465614,-11.789532,-14.956945,9.491330,8.742507,-2.803639,-2.159924,-11.571353,-4.154991
1783945931723,27.460000,-25.129398,-35.538647,-12.082033,-13.618825,-21.919822,3.177342,-2.338764,-1.718776,-12.071013,-4.266045
1783945931743,27.480000,-11.360693,0.997748,-12.356622,-15.494590,16.492339,0.292124,-1.867601,-1.273899,-10.374547,-3.850292
1783945931763,27.500000,-20.889154,-14.784428,-12.613347,-13.433121,-1.351307,3.063253,-1.390507,-0.825649,-6.302827,-3.113960
1783945931783,27.520000,7.945951,7.326707,-12.852335,-13.140372,20.467079,8.559633,-0.907899,-0.374414,-0.836965,-2.260550
1783945931803,27.540000,-3.054679,-30.835556,-13.073751,-10.563974,-20.271582,9.115654,-0.420252,0.079386,4.392726,-1.364453
1783945931823,27.560000,15.095996,-4.860500,-13.277748,-12.124456,7.263956,3.129745,0.071899,0.535300,8.028017,-0.311635
1783945931843,27.580000,-0.448470,-24.499815,-13.464439,-10.888319,-13.611496,-2.614433,0.567957,0.992846,9.509368,1.112611
1783945931863,27.600000,17.939821,-3.792544,-13.633884,-11.773878,7.981334,-4.185175,1.067266,1.451515,9.041661,3.037234
1783945931883,27.620000,-0.053349,-26.625168,-13.786090,-10.459533,-16.165635,-3.811967,1.569108,1.910766,7.416464,5.361684
1783945931903,27.640000,13.638962,-14.685188,-13.921024,-11.599699,-3.085489,-4.679216,2.072703,2.370034,5.845239,7.754290
1783945931923,27.660000,-9.868822,-31.847840,-14.038623,-11.428852,-20.418988,-7.114156,2.577214,2.828726,5.539826,9.763772
1783945931943,27.680000,9.414961,-3.262774,-14.138825,-13.037662,9.774887,-7.171273,3.081741,3.286224,6.910956,10.954594
1783945931963,27.700000,7.590360,-27.649908,-14.221584,-11.588051,-16.061857,-3.962741,3.585329,3.741885,9.004621,11.032295
1783945931983,27.720000,27.188420,-12.476994,-14.286853,-12.751735,0.274741,-2.028597,4.086967,4.195042,10.082542,9.966662
1783945932003,27.740000,2.663807,-20.224556,-14.334556,-12.269399,-7.955157,-1.609268,4.585587,4.645005,8.976914,8.052206
1783945932023,27.760000,13.966677,6.727508,-14.364580,-12.616722,19.344231,1.570196,5.080071,5.091060,5.745293,5.796489
1783945932043,27.780000,-1.546722,-13.828929,-14.376801,-10.183712,-3.645217,6.470024,5.569249,5.532470,1.249351,3.656628
1783945932063,27.800000,6.085226,-1.698450,-14.371117,-10.049000,8.350550,7.744040,6.051907,5.968474,-3.407945,1.821129
1783945932083,27.820000,-11.398581,-16.265953,-14.347472,-8.692749,-7.573204,4.765422,6.526782,6.398286,-7.169997,0.199248
1783945932103,27.840000,3.120537,10.724124,-14.305880,-8.935440,19.659564,2.677746,6.992575,6.821097,-9.271094,-1.423462
1783945932123,27.860000,-11.210208,-11.087778,-14.246440,-6.419812,-4.667966,3.416684,7.447946,7.236069,-9.389150,-3.210183
1783945932143,27.880000,3.194577,12.617279,-14.169337,-6.340275,18.957554,4.390646,7.891526,7.641381,-7.645270,-5.167807
1783945932163,27.900000,-4.843666,-12.930513,-14.074832,-3.872246,-9.058267,3.736020,8.321915,8.037140,-4.600738,-7.126448
1783945932183,27.920000,12.490845,8.776646,-13.963249,-4.215601,12.992247,1.218194,8.737691,8.422441,-1.193241,-8.789533
1783945932203,27.940000,1.717018,-21.299686,-13.834948,-2.340804,-18.958882,-2.683176,9.137415,8.796350,1.497537,-9.824893
1783945932223,27.960000,24.381582,-1.242696,-13.690301,-3.678440,2.435744,-7.320982,9.519637,9.157902,2.617485,-9.960420
1783945932243,27.980000,-3.454274,-26.214863,-13.529670,-2.874439,-23.340424,-11.044052,9.882900,9.506098,1.903301,-9.065994
1783945932263,28.000000,23.744688,-3.655412,-13.353399,-4.662306,1.006894,-12.446350,10.225749,9.839905,-0.253417,-7.215788
1783945932283,28.020000,-3.700026,-25.811039,-13.161828,-4.012862,-21.798177,-11.535242,10.546738,10.158259,-2.987261,-4.702246
1783945932303,28.040000,5.905945,-0.955421,-12.955300,-5.650402,4.694981,-8.985863,10.844436,10.460059,-5.248887,-1.981060
1783945932323,28.060000,-3.254885,-26.707432,-12.734187,-4.633820,-22.073612,-6.265756,11.117435,10.744168,-6.407429,0.436052
1783945932343,28.080000,16.835310,-13.300867,-12.498902,-6.294700,-7.006167,-5.934965,11.364357,11.009417,-6.625010,2.120776
1783945932363,28.100000,-5.602521,-18.526460,-12.249897,-6.444483,-12.081977,-6.101819,11.583863,11.254603,-6.445650,2.865540
1783945932383,28.120000,16.603338,16.947697,-11.987644,-7.096152,24.043849,-0.647236,11.774661,11.478491,-6.291005,2.747687
1783945932403,28.140000,0.639967,-7.467626,-11.712635,-4.134418,-3.333208,8.465256,11.935512,11.679820,-6.308542,2.066842
1783945932423,28.160000,15.707255,12.749721,-11.425373,-3.907709,16.657430,13.192907,12.065241,11.857301,-6.246442,1.195050
1783945932443,28.180000,-6.032340,-9.639105,-11.126372,-1.687473,-7.951632,11.660427,12.162744,12.009629,-5.513260,0.438179
1783945932463,28.200000,13.895384,3.085733,-10.816160,-1.925657,5.011390,6.382830,12.226994,12.135482,-3.741064,-0.041793
1783945932483,28.220000,9.769682,-14.434619,-10.495286,-0.872209,-13.562410,0.406380,12.257051,12.233532,-1.305520,-0.232017
1783945932503,28.240000,27.891783,18.442707,-10.164297,-1.669252,20.111959,-1.299329,12.252070,12.302454,1.000395,-0.187033
1783945932523,28.260000,5.360868,-15.790859,-9.823708,0.881901,-16.672760,0.708143,12.211307,12.340932,2.757032,0.080258
1783945932543,28.280000,25.625505,-0.424391,-9.473993,-0.235107,-0.189284,-0.320791,12.134126,12.347672,4.065309,0.613102
1783945932563,28.300000,13.380817,-23.944637,-9.115589,0.292027,-24.236664,-5.069641,12.020003,12.321415,5.097599,1.418167
1783945932583,28.320000,30.432896,-4.023141,-8.748895,-1.562291,-2.460851,-9.051741,11.868537,12.260945,5.940257,2.394192
1783945932603,28.340000,17.010773,-16.374510,-8.374265,-1.238944,-15.135566,-9.036446,11.679451,12.165106,6.835016,3.369978
1783945932623,28.360000,19.061106,-1.876382,-7.992005,-2.165312,0.288930,-5.689045,11.452596,12.032814,8.176980,4.183501
1783945932643,28.380000,9.030206,-24.446245,-7.602392,-1.551997,-22.894248,-3.354263,11.187958,11.863074,9.814440,4.697852
1783945932663,28.400000,57.299190,-2.276626,-7.205687,-3.222374,0.945749,-3.102468,10.885657,11.654991,10.604847,4.796874
1783945932683,28.420000,14.098543,-16.974440,-6.802106,-2.511156,-14.463284,-2.074062,10.545949,11.407788,9.623018,4.460928
1783945932703,28.440000,19.200253,-9.034602,-6.391798,-3.314807,-5.719795,-0.851146,10.169231,11.120817,7.481891,3.831189
1783945932723,28.460000,10.918159,-25.129398,-5.974880,-3.232478,-21.896920,-1.739358,9.756035,10.793574,5.529684,3.096726
1783945932743,28.480000,21.819190,-11.360693,-5.551490,-4.720467,-6.640226,-3.425635,9.307030,10.425714,4.353033,2.291602
1783945932763,28.500000,15.021930,-20.889154,-5.121798,-4.664943,-16.224211,-3.335037,8.823022,10.017058,3.603462,1.268229
1783945932783,28.520000,28.996857,7.945951,-4.685997,-5.525452,13.471402,0.860228,8.304947,9.567607,2.809998,-0.097388
1783945932803,28.540000,-3.918850,-3.054679,-4.244300,-3.445860,0.391181,8.547769,7.753868,9.077551,2.063857,-1.728245
1783945932823,28.560000,15.722512,15.095996,-3.796950,-2.672070,17.768066,15.042295,7.170974,8.547274,1.687950,-3.402217
1783945932843,28.580000,8.323690,-0.448470,-3.344257,-0.207948,-0.240522,17.011452,6.557569,7.977361,1.385762,-4.925331
1783945932863,28.600000,21.449524,17.939821,-2.886587,0.457133,17.482688,15.254815,5.915070,7.368602,0.361076,-6.200651
1783945932883,28.620000,-5.437441,-0.053349,-2.424356,2.840495,-2.893844,11.888726,5.245000,6.721990,-1.799980,-7.162315
1783945932903,28.640000,12.608246,13.638962,-1.958027,3.194779,10.444183,7.763666,4.548978,6.038725,-4.836102,-7.728513
1783945932923,28.660000,-7.407082,-9.868822,-1.488129,4.845714,-14.714536,2.670880,3.828712,5.320206,-8.071615,-7.860311
1783945932943,28.680000,1.749979,9.414961,-1.015274,4.032025,5.382936,-2.314949,3.085992,4.568032,-10.529635,-7.628573
1783945932963,28.700000,-15.807023,7.590360,-0.540158,5.206419,2.383941,-3.028896,2.322679,3.783989,-11.085833,-7.190241
1783945932983,28.720000,-9.546591,27.188420,-0.063587,6.069143,21.119277,1.928145,1.540697,2.970043,-9.050220,-6.714052
1783945933003,28.740000,-9.785630,2.663807,0.413528,8.714709,-6.050902,6.254773,0.742023,2.128329,-4.916500,-6.321289
1783945933023,28.760000,19.904594,13.966677,0.890181,8.663099,5.303578,4.289861,-0.071321,1.261139,-0.331013,-6.019709
1783945933043,28.780000,-7.893839,-1.546722,1.365328,9.716721,-11.263442,-1.520331,-0.897281,0.370907,3.116743,-5.629835
1783945933063,28.800000,10.453620,6.085226,1.837931,9.157163,-3.071938,-6.971733,-1.733779,-0.539810,4.899189,-4.815508
1783945933083,28.820000,-3.115701,-11.398581,2.306969,9.422803,-20.821384,-11.172336,-2.578721,-1.468345,5.371058,-3.276541
1783945933103,28.840000,5.861403,3.120537,2.771431,8.003943,-4.883406,-13.402661,-3.430012,-2.411943,5.262300,-0.968366
1783945933123,28.860000,-13.030826,-11.210208,3.230324,8.193457,-19.403665,-12.983252,-4.285562,-3.367779,5.303095,1.835449
1783945933143,28.880000,9.842592,3.194577,3.682652,7.014534,-3.819957,-10.814889,-5.143296,-4.332980,5.775405,4.665672
1783945933163,28.900000,-10.939915,-4.843666,4.127429,7.401979,-12.245645,-7.525870,-6.001166,-5.304644,6.392959,7.051467
1783945933183,28.920000,8.707374,12.490845,4.563676,6.991274,5.499571,-3.102318,-6.857160,-6.279865,6.658562,8.680574
1783945933203,28.940000,-9.453121,1.717018,4.990441,8.319267,-6.602249,1.338149,-7.709309,-7.255752,6.276995,9.472167
1783945933223,28.960000,-0.250150,24.381582,5.406795,8.447808,15.933774,5.281017,-8.555700,-8.229451,5.372821,9.538371
1783945933243,28.980000,-16.522213,-3.454274,5.811827,10.761417,-14.215692,6.921147,-9.394481,-9.198165,4.354605,9.068486
1783945933263,29.000000,-9.158133,23.744688,6.204631,10.077180,13.667508,5.326110,-10.223873,-10.159179,3.448996,8.218836
1783945933283,29.020000,-20.395868,-3.700026,6.584292,12.137206,-15.837233,2.873367,-11.042175,-11.109873,2.252079,7.068825
1783945933303,29.040000,-4.854610,5.905945,6.949875,11.236877,-5.330932,-1.172400,-11.847771,-12.047744,-0.248345,5.656799
1783945933323,29.060000,-17.539780,-3.254885,7.300442,11.363869,-14.618754,-5.478836,-12.639139,-12.970421,-4.873405,4.061028
1783945933343,29.080000,-22.165890,16.835310,7.635060,10.523993,6.311317,-5.417620,-13.414856,-13.875679,-11.166565,2.441746
1783945933363,29.100000,-51.080647,-5.602521,7.952781,11.765867,-17.368388,-2.593208,-14.173599,-14.761455,-17.279760,0.968219
1783945933383,29.120000,-33.747425,16.603338,8.252598,10.570374,6.032964,-0.672140,-14.914157,-15.625852,-21.189950,-0.328197
1783945933403,29.140000,-47.659557,0.639967,8.533406,11.710188,-11.070221,0.788263,-15.635427,-16.469622,-21.875615,-1.603050
1783945933423,29.160000,-33.712128,15.707255,8.794005,11.074283,4.632972,1.928401,-16.336418,-17.288504,-19.421044,-3.045839
1783945933443,29.180000,-45.061295,-6.032340,9.033129,12.000939,-18.033279,1.248281,-17.016255,-18.081127,-14.663938,-4.653142
1783945933463,29.200000,-21.943940,13.895384,9.249473,10.560840,3.334544,-0.599141,-17.674174,-18.846311,-9.000471,-6.142618
1783945933483,29.220000,-25.514389,9.769682,9.441744,11.245616,-1.475934,0.254409,-18.309528,-19.583069,-3.994924,-7.055231
1783945933503,29.240000,-13.501306,27.891783,9.608708,11.415633,16.476150,5.098786,-18.921777,-20.290596,-0.586133,-6.929653
1783945933523,29.260000,-31.271427,5.360868,9.749239,13.417807,-8.056939,8.833103,-19.510492,-20.968269,1.409429,-5.468465
1783945933543,29.280000,-16.210940,25.625505,9.862326,12.900992,12.724513,8.236151,-20.075346,-21.615633,2.863404,-2.682337
1783945933563,29.300000,-29.064606,13.380817,9.947074,14.475671,-1.094854,6.490151,-20.616115,-22.232399,4.431506,1.047473
1783945933583,29.320000,-4.607044,30.432896,10.002702,14.625672,15.807224,6.075914,-21.132668,-22.818427,6.102742,5.073035
1783945933603,29.340000,-25.434643,17.010773,10.028564,16.478770,0.532003,6.286991,-21.624967,-23.373717,7.473612,8.723313
1783945933623,29.360000,-11.495613,19.061106,10.024157,16.760204,2.300902,4.478788,-22.093053,-23.898402,8.124179,11.522408
1783945933643,29.380000,-18.427948,9.030206,9.989124,17.177787,-8.147581,-0.127519,-22.537050,-24.392725,7.637011,13.251981
1783945933663,29.400000,-9.548684,57.299190,9.923248,16.478867,40.820323,0.541752,-22.957148,-24.857037,5.734367,13.893037
1783945933683,29.420000,-27.833515,14.098543,9.826453,20.730233,-6.631690,7.012856,-23.353605,-25.291778,2.677705,13.546524
1783945933703,29.440000,-17.397377,19.200253,9.698784,20.160711,-0.960458,5.798265,-23.726733,-25.697464,-0.665023,12.367326
1783945933723,29.460000,-33.207660,10.918159,9.540387,20.096457,-9.178298,-3.058694,-24.076896,-26.074678,-3.147538,10.504781
1783945933743,29.480000,-26.930973,21.819190,9.351479,19.133126,2.686064,-9.005617,-24.404502,-26.424058,-3.767163,8.071578
1783945933763,29.500000,-35.387760,15.021930,9.132329,19.302071,-4.280141,-9.284347,-24.709992,-26.746279,-2.184659,5.167778
1783945933783,29.520000,-8.685472,28.996857,8.883255,18.708817,10.288040,-5.746967,-24.993842,-27.042053,1.005683,1.947190
1783945933803,29.540000,-28.689950,-3.918850,8.604637,19.525980,-23.444830,-4.247785,-25.256545,-27.312106,4.743954,-1.315374
1783945933823,29.560000,-3.679528,15.722512,8.296951,16.885793,-1.163281,-7.726879,-25.498617,-27.557182,8.201148,-4.218287
1783945933843,29.580000,-23.672297,8.323690,7.960783,16.418357,-8.094667,-9.680677,-25.720580,-27.778024,11.000075,-6.333376
1783945933863,29.600000,-4.361728,21.449524,7.596837,15.199751,6.249773,-6.601267,-25.922965,-27.975372,13.027243,-7.372927
1783945933883,29.620000,-18.203087,-5.437441,7.205933,15.366989,-20.804430,-3.953899,-26.106303,-28.149955,14.126192,-7.308884
1783945933903,29.640000,-1.714694,12.608246,6.789006,12.774971,-0.166725,-4.916276,-26.271120,-28.302488,13.967160,-6.364610
1783945933923,29.660000,-17.222845,-7.407082,6.347103,12.202415,-19.609496,-6.551618,-26.417935,-28.433665,12.234805,-4.909215
1783945933943,29.680000,-0.710933,1.749979,5.881378,9.648818,-7.898838,-7.648032,-26.547256,-28.544157,9.005958,-3.333383
1783945933963,29.700000,-32.046867,-15.807023,5.393078,8.234852,-24.041875,-8.731199,-26.659578,-28.634610,5.026409,-1.970548
1783945933983,29.720000,-18.144575,-9.546591,4.883509,5.192899,-14.739490,-9.719727,-26.755378,-28.705644,1.390088,-1.089170
1783945934003,29.740000,-31.420513,-9.785630,4.353995,3.072812,-12.858442,-8.597610,-26.835117,-28.757852,-1.236541,-0.910822
1783945934023,29.760000,-15.983910,19.904594,3.805845,1.139804,18.764790,-1.054896,-26.899237,-28.791798,-2.884851,-1.574856
1783945934043,29.780000,-42.002384,-7.893839,3.240352,2.332652,-10.226492,8.934313,-26.948160,-28.808022,-3.947757,-3.050348
1783945934063,29.800000,-20.448885,10.453620,2.658781,0.628615,9.825005,12.880452,-26.982287,-28.807036,-5.053192,-5.097109
1783945934083,29.820000,-31.559694,-3.115701,2.062356,0.902542,-4.018243,11.854950,-27.002003,-28.789328,-7.024266,-7.334205
1783945934103,29.840000,-26.733356,5.861403,1.452267,-0.210143,6.071546,9.608944,-27.007669,-28.755363,-10.307018,-9.352990
1783945934123,29.860000,-43.955097,-13.030826,0.829669,-0.335077,-12.695749,6.175450,-26.999630,-28.705584,-14.408746,-10.812150
1783945934143,29.880000,-38.821080,9.842592,0.195665,-2.313159,12.155751,3.648689,-26.978212,-28.640414,-18.090312,-11.523755
1783945934163,29.900000,-59.089893,-10.939915,-0.448727,-1.840674,-9.099241,3.778661,-26.943725,-28.560258,-20.138973,-11.521396
1783945934183,29.920000,-27.822506,8.707374,-1.102594,-3.472298,12.179672,4.788447,-26.896462,-28.465505,-20.061504,-11.032130
1783945934203,29.940000,-51.846992,-9.453121,-1.765122,-3.013255,-6.439866,5.458678,-26.836701,-28.356529,-17.998705,-10.315995
1783945934223,29.960000,-31.458607,-0.250150,-2.435571,-4.398878,4.148728,4.563610,-26.764706,-28.233689,-14.177157,-9.486233
1783945934243,29.980000,-44.888687,-16.522213,-3.113253,-4.739202,-11.783011,1.690610,-26.680730,-28.097336,-8.875108,-8.460273
1783945934263,30.000000,-18.731487,-9.158133,-3.797516,-6.633757,-2.524376,-1.800960,-26.585013,-27.973193,-2.754638,-7.055524
1783945934283,30.020000,-23.093006,-20.395868,-4.487709,-7.589783,-12.806085,-4.385004,-26.477786,-27.811949,3.240936,-5.108023
1783945934303,30.040000,-12.637537,-4.854610,-5.183135,-9.526800,4.672190,-4.225684,-26.359274,-27.638101,8.433937,-2.521160
1783945934323,30.060000,-18.942255,-17.539780,-5.883022,-9.719944,-7.819836,-1.596093,-26.229692,-27.451977,12.676671,0.710325
1783945934343,30.080000,-2.865383,-22.165890,-6.586508,-11.131772,-11.034118,-0.958235,-26.089254,-27.253909,16.092824,4.448916
1783945934363,30.100000,-15.989396,-51.080647,-7.292635,-12.828123,-38.252524,-6.849512,-25.938172,-27.044231,18.780875,8.385140
1783945934383,30.120000,1.393245,-33.747425,-8.000347,-17.167451,-16.579974,-15.171343,-25.776659,-26.823287,20.661225,12.089601
1783945934403,30.140000,-10.622747,-47.659557,-8.708489,-19.298731,-28.360826,-17.748583,-25.604933,-26.591437,21.429303,15.126613
1783945934423,30.160000,2.094040,-33.712128,-9.415814,-22.576667,-11.135461,-13.852846,-25.423221,-26.349055,20.722595,17.160486
1783945934443,30.180000,-10.994646,-45.061295,-10.120993,-24.105883,-20.955412,-7.429343,-25.231760,-26.096541,18.423988,18.010689
1783945934463,30.200000,0.063485,-21.943940,-10.822628,-26.616772,4.672832,-0.169242,-25.030806,-25.834321,14.968403,17.653252
1783945934483,30.220000,-31.366419,-25.514389,-11.519279,-26.510897,0.996508,8.244972,-24.820638,-25.562856,11.380813,16.174720
1783945934503,30.240000,-13.698280,-13.501306,-12.209511,-26.728257,13.226951,15.715144,-24.601558,-25.282642,8.624048,13.697528
1783945934523,30.260000,-26.233807,-31.271427,-12.891935,-25.626809,-5.644618,18.040111,-24.373904,-24.994220,6.754630,10.337226
1783945934543,30.280000,-13.697069,-16.210940,-13.565235,-26.398788,10.187848,15.229145,-24.138047,-24.698177,4.927935,6.248411
1783945934563,30.300000,-27.475029,-29.064606,-14.228161,-25.495432,-3.569174,11.362834,-23.894405,-24.395149,2.155990,1.719004
1783945934583,30.320000,-21.092590,-4.607044,-14.879538,-25.946263,21.339219,10.149730,-23.643438,-24.085826,-1.978255,-2.809866
1783945934603,30.340000,-41.549625,-25.434643,-15.518278,-23.749736,-1.684907,11.151345,-23.385663,-23.770955,-7.062815,-6.863642
1783945934623,30.360000,-32.532370,-11.495613,-16.143409,-23.825162,12.329549,10.378097,-23.121651,-23.451337,-12.098079,-10.110903
1783945934643,30.380000,-47.584908,-18.427948,-16.754097,-22.392183,3.964235,8.148335,-22.852033,-23.127835,-15.919399,-12.457141
1783945934663,30.400000,-39.121920,-9.548684,-17.349672,-21.735510,12.186826,6.573168,-22.577504,-22.801368,-17.477396,-14.001317
1783945934683,30.420000,-55.639847,-27.833515,-17.929628,-20.154146,-7.679369,3.833995,-22.298824,-22.472912,-16.153924,-14.911954
1783945934703,30.440000,-34.405230,-17.397377,-18.493629,-20.561705,3.164328,-0.850153,-22.016822,-22.143499,-12.282319,-15.315225
1783945934723,30.460000,-36.755770,-33.207660,-19.041491,-19.832452,-13.375208,-5.536268,-21.732393,-21.814214,-7.346778,-15.230614
1783945934743,30.480000,-18.588737,-26.930973,-19.573137,-20.785745,-6.145228,-9.338410,-21.446498,-21.486193,-3.326995,-14.540622
1783945934763,30.500000,-30.938763,-35.387760,-20.088541,-21.009145,-14.378615,-11.600830,-21.160168,-21.160617,-1.627356,-13.016423
1783945934783,30.520000,-22.765194,-8.685472,-20.587698,-22.085425,13.399953,-9.232239,-20.874492,-20.838710,-2.483763,-10.446074
1783945934803,30.540000,-34.331802,-28.689950,-21.070614,-20.292659,-8.397291,-3.220053,-20.590624,-20.521735,-5.111869,-6.827249
1783945934823,30.560000,-27.136599,-3.679528,-21.537315,-20.682763,17.003235,1.732084,-20.309769,-20.210985,-8.173361,-2.485224
1783945934843,30.580000,-51.726807,-23.672297,-21.987865,-18.435934,-5.236363,4.172608,-20.033185,-19.907783,-10.362717,1.977800
1783945934863,30.600000,-24.577492,-4.361728,-22.422385,-18.406096,14.044368,4.101494,-19.762171,-19.613474,-11.164076,5.864392
1783945934883,30.620000,-33.640152,-18.203087,-22.841063,-16.372665,-1.830422,2.947353,-19.498062,-19.329419,-11.042246,8.612927
1783945934903,30.640000,-25.530070,-1.714694,-23.244123,-15.911672,14.196978,2.175538,-19.242220,-19.056990,-10.602304,9.996163
1783945934923,30.660000,-40.285300,-17.222845,-23.631813,-13.782027,-3.440818,1.413947,-18.996028,-18.797562,-9.868023,10.177917
1783945934943,30.680000,-20.316381,-0.710933,-24.004395,-13.411797,12.700864,0.393650,-18.760872,-18.552510,-8.485515,9.573932
1783945934963,30.700000,-38.974365,-32.046867,-24.362147,-11.376138,-20.670729,-2.664061,-18.538139,-18.323198,-6.209941,8.622143
1783945934983,30.720000,-16.632423,-18.144575,-24.705356,-12.728332,-5.416243,-8.924460,-18.329200,-18.110973,-3.234946,7.635386
1783945935003,30.740000,-21.756615,-31.420513,-25.034303,-12.562078,-18.858435,-14.075669,-18.135401,-17.917160,-0.285532,6.795834
1783945935023,30.760000,-11.580851,-15.983910,-25.349237,-13.784125,-2.199785,-14.443828,-17.958049,-17.743051,1.750996,6.216348
1783945935043,30.780000,-19.888890,-42.002384,-25.650353,-13.341126,-28.661258,-12.994508,-17.798402,-17.589896,2.309301,5.975893
1783945935063,30.800000,-1.376609,-20.448885,-25.937779,-15.610831,-4.838054,-12.343611,-17.657653,-17.458895,1.402612,6.101324
1783945935083,30.820000,-25.013222,-31.559694,-26.211579,-15.506729,-16.052965,-10.006548,-17.536922,-17.351189,-0.158665,6.526798
1783945935103,30.840000,-10.834426,-26.733356,-26.471751,-16.558239,-10.175117,-6.663253,-17.437241,-17.267848,-0.891892,7.072420
1783945935123,30.860000,-29.081420,-43.955097,-26.718259,-17.042540,-26.912557,-6.154616,-17.359542,-17.209859,0.529272,7.461746
1783945935143,30.880000,-5.961986,-38.821080,-26.951051,-19.254234,-19.566846,-8.472945,-17.304648,-17.177552,4.275237,7.386522
1783945935163,30.900000,-7.641541,-59.089893,-27.170062,-20.767670,-38.322223,-11.871911,-17.273260,-17.172199,9.042903,6.633192
1783945935183,30.920000,12.019194,-27.822506,-27.375183,-24.224698,-3.597808,-11.816254,-17.265946,-17.194460,12.812078,5.232949
1783945935203,30.940000,2.096140,-51.846992,-27.566217,-24.211977,-27.635015,-6.181808,-17.283138,-17.244859,14.177951,3.513577
1783945935223,30.960000,-0.265795,-31.458607,-27.742868,-26.644871,-4.813736,0.014965,-17.325115,-17.323774,13.148559,1.959186
1783945935243,30.980000,-5.563164,-44.888687,-27.904751,-26.797867,-18.090820,4.445228,-17.392003,-17.431422,10.778190,0.932458
1783945935263,31.000000,-3.062073,-18.731487,-28.051430,-28.299519,9.568032,9.016321,-17.483766,-17.567842,8.228538,0.455360
1783945935283,31.020000,-6.579907,-23.093006,-28.182454,-27.014394,3.921388,15.345579,-17.600200,-17.732887,6.220782,0.217944
1783945935303,31.040000,-6.594876,-12.637537,-28.297366,-26.281184,13.643647,21.094963,-17.740933,-17.926207,5.005721,-0.209064
1783945935323,31.060000,-13.563964,-18.942255,-28.395729,-24.550490,5.608235,22.894081,-17.905422,-18.147243,4.395987,-1.139954
1783945935343,31.080000,1.633095,-2.865383,-28.477133,-23.608470,20.743088,22.117509,-18.092949,-18.395210,3.788051,-2.660683
1783945935363,31.100000,-11.182052,-15.989396,-28.541206,-21.120929,5.131533,20.267994,-18.302626,-18.669096,2.574930,-4.631608
1783945935383,31.120000,-9.525411,1.393245,-28.587605,-20.180491,21.573735,17.619439,-18.533393,-18.967650,0.721668,-6.757006
1783945935403,31.140000,-19.048656,-10.622747,-28.616035,-17.565225,6.942478,15.063749,-18.784025,-19.289383,-1.245757,-8.707042
1783945935423,31.160000,-8.582453,2.094040,-28.626268,-16.397586,18.491626,12.412984,-19.053133,-19.632562,-2.669054,-10.249925
1783945935443,31.180000,-27.554554,-10.994646,-28.618160,-14.049571,3.054925,9.080619,-19.339173,-19.995216,-3.018205,-11.311268
1783945935463,31.200000,-12.302469,0.063485,-28.591658,-13.233411,13.296896,5.206308,-19.640449,-20.375138,-2.127937,-11.932927
1783945935483,31.220000,-18.120869,-31.366419,-28.546803,-11.373416,-19.993003,-0.973565,-19.955127,-20.769892,-0.416918,-12.186520
1783945935503,31.240000,2.567336,-13.698280,-28.483720,-12.846168,-0.852112,-9.315909,-20.281237,-21.176827,1.504379,-12.092796
1783945935523,31.260000,-32.311520,-26.233807,-28.402589,-12.394165,-13.839642,-14.325376,-20.616690,-21.593090,3.536651,-11.582954
1783945935543,31.280000,-5.768565,-13.697069,-28.303643,-13.237163,-0.459906,-14.088626,-20.959286,-22.015642,5.875641,-10.556062
1783945935563,31.300000,-16.331623,-27.475029,-28.187177,-12.730226,-14.744803,-11.820631,-21.306725,-22.441284,8.141865,-9.001185
1783945935583,31.320000,0.720634,-21.092590,-28.053540,-13.646243,-7.446347,-10.581418,-21.656624,-22.866675,9.357541,-7.042223
1783945935603,31.340000,-13.315987,-41.549625,-27.903109,-13.822826,-27.726799,-12.170393,-22.006529,-23.288365,8.800865,-4.850719
1783945935623,31.360000,-7.037023,-32.532370,-27.736275,-16.024191,-16.508179,-15.572943,-22.353928,-23.702823,6.678605,-2.553341
1783945935643,31.380000,-26.907454,-47.584908,-27.553451,-17.095026,-30.489882,-17.885571,-22.696268,-24.106466,4.086037,-0.260350
1783945935663,31.400000,-24.019325,-39.121920,-27.355100,-19.557389,-19.564531,-17.885983,-23.030972,-24.495698,2.237007,1.836404
1783945935683,31.420000,-22.948227,-55.639847,-27.141769,-20.916491,-34.723356,-16.603760,-23.355452,-24.866942,1.525466,3.442268
1783945935703,31.440000,-11.773706,-34.405230,-26.914096,-23.781347,-10.623883,-13.574634,-23.667129,-25.216679,1.456081,4.283424
1783945935723,31.460000,-39.352894,-36.755770,-26.672791,-24.222493,-12.533277,-6.540797,-23.963444,-25.541480,1.383837,4.284894
1783945935743,31.480000,-19.638489,-18.588737,-26.418634,-24.841195,6.252458,3.395895,-24.241881,-25.838045,0.741304,3.625532
1783945935763,31.500000,-29.521935,-30.938763,-26.152488,-23.569446,-7.369317,11.466129,-24.499978,-26.103235,-1.221123,2.623015
1783945935783,31.520000,-16.013477,-22.765194,-25.875284,-23.649022,0.883828,13.989932,-24.735346,-26.334109,-4.921329,1.590851
1783945935803,31.540000,-49.071240,-34.331802,-25.588010,-22.895069,-11.436733,11.652179,-24.945682,-26.527951,-9.501194,0.776914
1783945935823,31.560000,-40.855003,-27.136599,-25.291723,-23.364483,-3.772116,7.576465,-25.128788,-26.682296,-12.982583,0.319204
1783945935843,31.580000,-57.461987,-51.726807,-24.987587,-23.061948,-28.664859,2.262728,-25.282579,-26.794962,-13.657403,0.166564
1783945935863,31.600000,-33.725080,-24.577492,-24.676898,-25.237037,0.659545,-1.968243,-25.405103,-26.864062,-11.301621,0.083158
1783945935883,31.620000,-42.762430,-33.640152,-24.361067,-24.478834,-9.161318,-0.243199,-25.494546,-26.888026,-7.183762,-0.166787
1783945935903,31.640000,-27.035961,-25.530070,-24.041573,-24.700457,-0.829613,4.617489,-25.549251,-26.865611,-3.186191,-0.584506
1783945935923,31.660000,-32.671630,-40.285300,-23.719918,-24.092673,-16.192627,6.407601,-25.567724,-26.795910,-0.879717,-0.873913
1783945935943,31.680000,-24.576109,-20.316381,-23.397584,-25.019621,4.703240,5.786708,-25.548642,-26.678355,-0.891552,-0.605199
1783945935963,31.700000,-41.870930,-38.974365,-23.076020,-23.869146,-15.105219,5.310510,-25.490864,-26.512716,-2.691820,0.527872
1783945935983,31.720000,-27.896910,-16.632423,-22.756636,-24.702633,8.070210,5.362398,-25.393434,-26.299095,-4.949246,2.521861
1783945936003,31.740000,-53.175636,-21.756615,-22.440816,-23.239217,1.482602,7.621000,-25.255591,-26.037917,-6.235432,5.035669
1783945936023,31.760000,-34.511880,-11.580851,-22.129937,-22.454202,10.873351,11.043997,-25.076767,-25.729917,-5.853130,7.511780
1783945936043,31.780000,-33.368100,-19.888890,-21.825368,-20.760177,0.871287,12.255232,-24.856595,-25.376122,-4.326840,9.393085
1783945936063,31.800000,-22.160480,-1.376609,-21.528449,-20.092082,18.715473,11.999227,-24.594907,-24.977832,-2.798865,10.356583
1783945936083,31.820000,-38.952724,-25.013222,-21.240449,-17.683510,-7.329712,10.330785,-24.291735,-24.536597,-1.897541,10.440599
1783945936103,31.840000,-26.697155,-10.834426,-20.962553,-17.904038,7.069612,5.726088,-23.947308,-24.054191,-1.469335,9.964355
1783945936123,31.860000,-40.569645,-29.081420,-20.695865,-16.724657,-12.356763,0.090024,-23.562053,-23.532588,-1.218020,9.287461
1783945936143,31.880000,-18.377510,-5.961986,-20.441419,-17.511834,11.549848,-3.072150,-23.136588,-22.973930,-1.255930,8.609057
1783945936163,31.900000,-31.156520,-7.641541,-20.200162,-15.957622,8.316081,-0.758487,-22.671718,-22.380504,-1.932623,7.958197
1783945936183,31.920000,-26.306870,12.019194,-19.972941,-14.775194,26.794388,5.958030,-22.168429,-21.754707,-3.270034,7.307256
1783945936203,31.940000,-32.751904,2.096140,-19.760504,-11.814860,13.911000,11.921481,-21.627879,-21.099023,-4.815701,6.641153
1783945936223,31.960000,-23.685340,-0.265795,-19.563504,-10.201124,9.935329,11.648928,-21.051395,-20.415994,-5.904349,5.938542
1783945936243,31.980000,-39.359013,-5.563164,-19.382510,-9.040151,3.476987,5.077801,-20.440457,-19.708193,-5.899402,5.142373
1783945936263,32.000000,-17.826140,-3.062073,-19.218011,-8.573771,5.511699,-2.290882,-19.796692,-18.978197,-4.489704,4.180721
1783945936283,32.020000,-30.213100,-6.579907,-19.070412,-7.955275,1.375367,-6.877551,-19.121864,-18.228570,-1.895457,3.025286
1783945936303,32.040000,-12.551926,-6.594876,-18.940026,-7.797022,1.202145,-8.850952,-18.417861,-17.461838,1.248317,1.739411
1783945936323,32.060000,-17.489536,-13.563964,-18.827049,-7.702127,-5.861837,-10.172202,-17.686682,-16.680471,4.128152,0.484697
1783945936343,32.080000,0.352955,1.633095,-18.731545,-8.350897,9.983992,-10.006605,-16.930430,-15.886871,6.112242,-0.519227
1783945936363,32.100000,-19.728987,-11.182052,-18.653423,-7.469551,-3.712501,-7.754345,-16.151292,-15.083352,7.146927,-1.072857
1783945936383,32.120000,-1.086976,-9.525411,-18.592439,-7.995259,-1.530152,-7.027762,-15.351532,-14.272136,7.650309,-1.089702
1783945936403,32.140000,-13.907941,-19.048656,-18.548206,-8.341096,-10.707560,-9.128259,-14.533477,-13.455401,7.972375,-0.660503
1783945936423,32.160000,2.317302,-8.582453,-18.520208,-9.631140,1.048687,-10.896379,-13.699500,-12.635095,8.091844,-0.034871
1783945936443,32.180000,-2.521136,-27.554554,-18.507797,-9.783054,-17.771500,-11.435670,-12.852016,-11.813105,7.807547,0.491570
1783945936463,32.200000,-2.388072,-12.302469,-18.510198,-11.832355,-0.470114,-11.580223,-11.993460,-10.991210,7.150562,0.707574
1783945936483,32.220000,-6.138529,-18.120869,-18.526512,-12.182963,-5.937906,-9.390371,-11.126281,-10.171077,6.461028,0.530579
1783945936503,32.240000,-2.438234,2.567336,-18.555746,-13.103635,15.670971,-3.560873,-10.252928,-9.354268,5.990326,-0.041954
1783945936523,32.260000,-1.717475,-32.311520,-18.596828,-11.904068,-20.407452,0.603763,-9.375839,-8.542242,5.577563,-0.988711
1783945936543,32.280000,4.881387,-5.768565,-18.648616,-14.316561,8.547996,-0.625754,-8.497431,-7.736362,4.809334,-2.260380
1783945936563,32.300000,-0.943989,-16.331623,-18.709901,-13.860222,-2.471401,-1.197533,-7.620088,-6.937898,3.520450,-3.738428
1783945936583,32.320000,-3.706340,0.720634,-18.779411,-14.519521,15.240154,1.988180,-6.746151,-6.148041,2.075731,-5.240088
1783945936603,32.340000,-4.713765,-13.315987,-18.855834,-13.430424,0.114437,5.571424,-5.877910,-5.367904,1.043516,-6.596886
1783945936623,32.360000,5.055874,-7.037023,-18.937843,-13.861232,6.824209,6.226081,-5.017598,-4.598530,0.729527,-7.730249
1783945936643,32.380000,-8.478591,-26.907454,-19.024103,-13.628428,-13.279026,2.610523,-4.167376,-3.840905,1.118589,-8.643770
1783945936663,32.400000,4.315217,-24.019325,-19.113277,-15.398225,-8.621100,-3.869448,-3.329332,-3.095959,1.884450,-9.356158
1783945936683,32.420000,-0.511992,-22.948227,-19.204038,-16.694509,-6.253718,-8.205142,-2.505471,-2.364578,2.270279,-9.854337
1783945936703,32.440000,15.459869,-11.773706,-19.295059,-17.744601,5.970896,-6.132726,-1.697710,-1.647607,1.398303,-10.087264
1783945936723,32.460000,-8.482667,-39.352894,-19.385011,-17.563825,-21.789069,-2.934214,-0.907872,-0.945856,-1.018281,-9.978185
1783945936743,32.480000,2.406565,-19.638489,-19.472572,-20.139147,0.500658,-3.425401,-0.137681,-0.260110,-4.471682,-9.471974
1783945936763,32.500000,-2.482279,-29.521935,-19.556447,-20.469150,-9.052785,-3.369981,0.611243,0.408876,-8.057890,-8.614884
1783945936783,32.520000,-5.534754,-16.013477,-19.635400,-21.733417,5.719940,-0.538735,1.337386,1.060363,-10.662627,-7.582457
1783945936803,32.540000,-13.614896,-49.071240,-19.708259,-21.498416,-27.572824,0.101405,2.039345,1.693633,-11.097008,-6.611303
1783945936823,32.560000,-5.158282,-40.855003,-19.773943,-24.565987,-16.289016,-5.019226,2.715831,2.307988,-8.756525,-5.899122
1783945936843,32.580000,-3.330486,-57.461987,-19.831473,-26.478147,-30.983840,-11.417760,3.365670,2.902742,-4.274310,-5.535634
1783945936863,32.600000,13.809132,-33.725080,-19.879950,-29.832328,-3.892752,-12.346083,3.987805,3.477228,0.589104,-5.451034
1783945936883,32.620000,13.098249,-42.762430,-19.918522,-30.447410,-12.315020,-6.115812,4.581300,4.030797,3.859453,-5.380674
1783945936903,32.640000,20.431305,-27.035961,-19.946334,-31.873772,4.837811,2.857673,5.145338,4.562822,4.509820,-4.917540
1783945936923,32.660000,3.462596,-32.671630,-19.962516,-31.549975,-1.121655,10.193997,5.679222,5.072697,3.042273,-3.692383
1783945936943,32.680000,6.758670,-24.576109,-19.966194,-31.786179,7.210070,14.205231,6.182375,5.559843,0.972873,-1.603959
1783945936963,32.700000,-0.908748,-41.870930,-19.956527,-31.150085,-10.720845,13.363969,6.654342,6.023711,-0.386673,1.055274
1783945936983,32.720000,14.658479,-27.896910,-19.932734,-32.269860,4.372950,9.313768,7.094784,6.463790,-0.762902,3.696574
1783945937003,32.740000,3.237328,-53.175636,-19.894100,-31.838852,-21.336784,4.441782,7.503484,6.879606,-0.755259,5.718522
1783945937023,32.760000,16.796259,-34.511880,-19.839961,-33.941484,-0.570396,-0.046721,7.880335,7.270733,-1.117313,6.785518
1783945937043,32.780000,0.838893,-33.368100,-19.769702,-33.924920,0.556820,0.286265,8.225349,7.636793,-2.185469,6.918295
1783945937063,32.800000,15.908224,-22.160480,-19.682759,-33.751997,11.591517,6.059819,8.538644,7.977465,-3.666982,6.380142
1783945937083,32.820000,-4.563879,-38.952724,-19.578629,-32.429419,-6.523305,10.374806,8.820449,8.292489,-4.709950,5.488544
1783945937103,32.840000,4.424485,-26.697155,-19.456883,-32.874786,6.177631,9.559385,9.071097,8.581672,-4.348198,4.475534
1783945937123,32.860000,7.074122,-40.569645,-19.317182,-32.004315,-8.565330,6.081556,9.291020,8.844890,-2.180278,3.445242
1783945937143,32.880000,12.472281,-18.377510,-19.159275,-32.563977,14.186467,4.007137,9.480747,9.082095,1.416753,2.431503
1783945937163,32.900000,12.537381,-31.156520,-18.982975,-30.802382,-0.354138,5.085901,9.640901,9.293316,5.618693,1.501319
1783945937183,32.920000,23.955088,-26.306870,-18.788135,-30.450318,4.143448,5.712868,9.772188,9.478665,9.471116,0.810508
1783945937203,32.940000,16.712055,-32.751904,-18.574630,-29.604364,-3.147540,3.684245,9.875400,9.638338,12.110612,0.559872
1783945937223,32.960000,25.455488,-23.685340,-18.342341,-29.443704,5.758364,1.423850,9.951405,9.772619,12.914079,0.889079
1783945937243,32.980000,18.500751,-39.359013,-18.091149,-28.349909,-11.009104,-0.716448,10.001141,9.881875,11.529787,1.789942
1783945937263,33.000000,24.181196,-17.826140,-17.820942,-28.888648,11.062508,-2.094952,10.025611,9.912903,8.005027,3.084965
1783945937283,33.020000,9.139686,-30.213100,-17.531621,-27.180417,-3.032683,-0.903480,10.025880,9.977966,3.022850,4.468665
1783945937303,33.040000,11.869904,-12.551926,-17.223127,-26.839848,14.287922,1.588500,10.003062,10.019457,-2.082010,5.580106
1783945937323,33.060000,-8.042906,-17.489536,-16.895470,-24.731810,7.242274,4.380387,9.958319,10.038070,-5.763329,6.069719
1783945937343,33.080000,4.319226,0.352955,-16.548773,-23.292739,23.645694,7.545990,9.892852,10.034576,-7.048142,5.658287
1783945937363,33.100000,-1.932689,-19.728987,-16.183291,-20.187730,0.458743,8.530699,9.807896,10.009827,-6.100179,4.217102
1783945937383,33.120000,14.786119,-1.086976,-15.799408,-19.367410,18.280434,5.907833,9.704711,9.964742,-3.983837,1.867032
1783945937403,33.140000,2.519004,-13.907941,-15.397606,-16.743625,2.835684,2.582564,9.584578,9.900306,-1.837272,-0.974730
1783945937423,33.160000,10.701703,2.317302,-14.978442,-15.636300,17.953602,0.619438,9.448791,9.817562,-0.287291,-3.687406
1783945937443,33.180000,2.917771,-2.521136,-14.542533,-13.003267,10.482131,0.620995,9.298653,9.717605,0.470702,-5.671423
1783945937463,33.200000,15.906242,-2.388072,-14.090558,-11.101641,8.713568,0.551450,9.135466,9.601574,0.388043,-6.568148
1783945937483,33.220000,-5.326539,-6.138529,-13.623248,-9.363109,3.224580,-1.958523,8.960531,9.470644,-0.514600,-6.341646
1783945937503,33.240000,14.152575,-2.438234,-13.141383,-8.157453,5.719219,-5.250310,8.775139,9.326019,-2.246989,-5.221140
1783945937523,33.260000,4.795117,-1.717475,-12.645797,-6.691873,4.974397,-7.038046,8.580566,9.168926,-4.795986,-3.576217
1783945937543,33.280000,0.737945,4.881387,-12.137367,-5.292650,10.174037,-6.434815,8.378069,9.000604,-7.647573,-1.786458
1783945937563,33.300000,-10.247206,-0.943989,-11.617021,-3.375558,2.431569,-5.068720,8.168883,8.822299,-9.709988,-0.161884
1783945937583,33.320000,0.945988,-3.706340,-11.085755,-2.227953,-1.478386,-5.879344,7.954215,8.635257,-10.028731,1.064715
1783945937603,33.340000,-10.165194,-4.713765,-10.544648,-1.463432,-3.250333,-8.768992,7.735242,8.440714,-8.407126,1.730231
1783945937623,33.360000,4.782423,5.055874,-9.994854,-0.867449,5.923323,-9.938353,7.513108,8.239896,-5.511847,1.784647
1783945937643,33.380000,6.443169,-8.478591,-9.437574,0.636440,-9.115031,-9.154291,7.288919,8.034006,-2.579143,1.359479
1783945937663,33.400000,9.579886,4.315217,-8.874029,0.651464,3.663753,-8.640096,7.063745,7.824223,-0.699143,0.771631
1783945937683,33.420000,8.820240,-0.511992,-8.305420,1.933101,-2.445093,-7.323013,6.838614,7.611695,-0.111125,0.422632
1783945937703,33.440000,2.202659,15.459869,-7.732917,2.602083,12.857786,-3.993084,6.614513,7.397539,-0.109916,0.631200
1783945937723,33.460000,-4.651984,-8.482667,-7.157669,4.763149,-13.245816,-1.798994,6.392385,7.182829,0.261880,1.473438
1783945937743,33.480000,16.915720,2.406565,-6.580815,4.332094,-1.925529,-4.086958,6.173130,6.968603,1.273953,2.734445
1783945937763,33.500000,3.252626,-2.482279,-6.003482,5.023499,-7.505778,-7.063034,5.957602,6.755853,2.405927,4.037623
1783945937783,33.520000,16.625381,-5.534754,-5.426757,5.160040,-10.694794,-8.263975,5.746610,6.545523,3.061020,5.065579
1783945937803,33.540000,5.667640,-13.614896,-4.851677,4.989129,-18.604025,-9.921951,5.540920,6.338513,3.095220,5.697277
1783945937823,33.560000,8.626113,-5.158282,-4.279221,4.062204,-9.220486,-10.980645,5.341247,6.135672,2.833717,5.972813
1783945937843,33.580000,1.467521,-3.330486,-3.710327,4.082089,-7.412574,-8.598693,5.148264,5.937798,2.683019,5.960526
1783945937863,33.600000,16.585793,13.809132,-3.145896,4.285597,9.523535,-1.904494,4.962595,5.745637,2.713497,5.673441
1783945937883,33.620000,5.632720,13.098249,-2.586790,6.128095,6.970154,6.844438,4.784820,5.559886,2.789488,5.095686
1783945937903,33.640000,9.226350,20.431305,-2.033826,7.665442,12.765863,13.278547,4.615471,5.381187,2.964929,4.254753
1783945937923,33.660000,0.399215,3.462596,-1.487774,9.707599,-6.245003,13.532877,4.455031,5.210130,3.376706,3.239566
1783945937943,33.680000,16.808500,6.758670,-0.949371,9.843181,-3.084510,7.549878,4.303941,5.047251,3.829535,2.148971
1783945937963,33.700000,11.394672,-0.908748,-0.419313,10.277008,-11.185756,0.229863,4.162590,4.893035,3.937624,1.059209
1783945937983,33.720000,3.073980,14.658479,0.101753,9.917165,4.741314,-2.848876,4.031321,4.747912,3.673573,0.048575
1783945938003,33.740000,7.631500,3.237328,0.613234,11.098099,-7.860772,-1.238913,3.910431,4.612259,3.316500,-0.800003
1783945938023,33.760000,10.559637,16.796259,1.114569,11.023020,5.773239,1.598985,3.800164,4.486402,2.977639,-1.450751
1783945938043,33.780000,4.022155,0.838893,1.605230,12.251733,-11.412839,2.928574,3.700719,4.370610,2.579055,-1.941534
1783945938063,33.800000,8.597520,15.908224,2.084728,11.785617,4.122607,2.379391,3.612241,4.265103,2.062477,-2.340181
1783945938083,33.820000,0.129786,-4.563879,2.552601,12.819623,-17.383502,0.634185,3.534826,4.170045,1.356647,-2.692937
1783945938103,33.840000,19.204386,4.424485,3.008417,11.761832,-7.337347,-2.521507,3.468518,4.085550,0.412111,-3.015789
1783945938123,33.860000,-6.139965,7.074122,3.451776,11.716465,-4.642343,-3.815750,3.413310,4.011673,-0.433720,-3.297432
1783945938143,33.880000,2.968471,12.472281,3.882308,11.934571,0.537710,-0.876917,3.369137,3.946740,-0.439150,-3.509957
1783945938163,33.900000,-1.938263,12.537381,4.299655,12.636370,-0.098989,3.371774,3.335882,3.892229,0.777469,-3.651263
1783945938183,33.920000,14.005425,23.955088,4.703463,13.243517,10.711571,7.317261,3.313374,3.848043,2.698297,-3.766092
1783945938203,33.940000,0.821995,16.712055,5.093394,14.842577,1.869478,10.030419,3.301382,3.814034,4.269405,-3.886775
1783945938223,33.960000,17.538918,25.455488,5.469151,15.515511,9.939977,10.345075,3.299619,3.790002,4.533092,-3.952064
1783945938243,33.980000,5.269254,18.500751,5.830490,16.915612,1.585139,8.921499,3.307741,3.775698,3.109750,-3.813854
1783945938263,34.000000,1.413933,24.181196,6.177219,17.440691,6.740505,6.678654,3.325343,3.770824,0.443435,-3.344105
1783945938283,34.020000,-2.530028,9.139686,6.509182,18.424359,-9.284673,3.160309,3.351963,3.775032,-2.538208,-2.554268
1783945938303,34.040000,-2.703407,11.869904,6.826233,17.799081,-5.929177,-1.975982,3.387077,3.787926,-5.085403,-1.636182
1783945938323,34.060000,-3.398444,-8.042906,7.128218,17.489432,-25.532338,-8.198642,3.430105,3.809061,-6.897194,-0.887109
1783945938343,34.080000,-1.750109,4.319226,7.414970,15.213083,-10.893857,-13.305788,3.480403,3.837948,-7.909509,-0.555322
1783945938363,34.100000,-11.281349,-1.932689,7.686314,14.373585,-16.306274,-13.728594,3.537271,3.874046,-8.029253,-0.714652
1783945938383,34.120000,-0.189419,14.786119,7.942061,12.952389,1.833730,-8.808455,3.599950,3.916774,-7.176721,-1.255873
1783945938403,34.140000,-3.102194,2.519004,8.182015,13.326625,-10.807621,-2.127853,3.667625,3.965502,-5.397926,-1.961878
1783945938423,34.160000,-3.531678,10.701703,8.405981,12.388239,-1.686536,1.840821,3.739424,4.019558,-2.791341,-2.585665
1783945938443,34.180000,-1.786170,2.917771,8.613780,12.337030,-9.419259,2.555411,3.814421,4.078226,0.360402,-2.908225
1783945938463,34.200000,14.688957,15.906242,8.805260,11.461720,4.444522,2.817717,3.891641,4.140747,3.375329,-2.779596
1783945938483,34.220000,3.599572,-5.326539,8.980315,11.971036,-17.297575,2.509139,3.970058,4.206323,5.513758,-2.128198
1783945938503,34.240000,11.578706,14.152575,9.138918,10.224156,3.928419,1.108699,4.048601,4.274114,6.481233,-0.948367
1783945938523,34.260000,3.086369,4.795117,9.281118,10.599868,-5.804751,1.555586,4.126157,4.343242,6.373092,0.686901
1783945938543,34.280000,8.214528,0.737945,9.407034,9.965661,-9.227717,2.052206,4.201572,4.412789,5.296596,2.585515
1783945938563,34.300000,10.717411,-10.247206,9.516847,8.942195,-19.189401,-1.044923,4.273659,4.481801,3.258874,4.443900
1783945938583,34.320000,2.124122,0.945988,9.610797,6.844293,-5.898305,-4.495999,4.341199,4.549285,0.491627,5.941129
1783945938603,34.340000,-0.385125,-10.165194,9.689176,6.048725,-16.213919,-4.895911,4.402946,4.614216,-2.303119,6.839818
1783945938623,34.360000,-0.668804,4.782423,9.752303,4.164653,0.617770,-2.546670,4.457632,4.675531,-4.212075,7.015176
1783945938643,34.380000,-10.273579,6.443169,9.800502,3.963971,2.479197,2.692066,4.503972,4.732133,-4.596391,6.432106
1783945938663,34.400000,2.691017,9.579886,9.834089,3.955197,5.624689,8.655785,4.540670,4.782892,-3.525171,5.133789
1783945938683,34.420000,-0.805866,8.820240,9.853365,4.274671,4.545569,11.800743,4.566423,4.826646,-1.857511,3.270474
1783945938703,34.440000,7.417804,2.202659,9.858636,4.495685,-2.293026,10.826134,4.579927,4.862201,-0.747893,1.129059
1783945938723,34.460000,2.184675,-4.651984,9.850230,4.025399,-8.677383,5.813290,4.579886,4.888334,-0.969523,-0.897301
1783945938743,34.480000,9.138311,16.915720,9.828510,2.896986,14.018734,2.361335,4.565012,4.903794,-2.448704,-2.416399
1783945938763,34.500000,-8.595413,3.252626,9.793876,4.066584,-0.813959,4.006526,4.534039,4.907304,-4.167054,-3.179435
1783945938783,34.520000,-6.204681,16.625381,9.746741,3.750368,12.875013,6.595577,4.485723,4.897566,-4.767094,-3.186995
1783945938803,34.540000,-2.159649,5.667640,9.687510,4.823687,0.843953,7.425039,4.418854,4.873261,-3.636802,-2.693327
1783945938823,34.560000,4.387996,8.626113,9.616568,4.693030,3.933083,5.655880,4.332259,4.833053,-1.390885,-2.075519
1783945938843,34.580000,8.045620,1.467521,9.534302,4.874757,-3.407236,1.881747,4.224810,4.775597,0.686535,-1.618333
1783945938863,34.600000,12.544805,16.585793,9.441131,4.316552,12.269241,-0.217882,4.095434,4.699541,1.612515,-1.358116
1783945938883,34.620000,1.512920,5.632720,9.337523,5.337836,0.294884,0.588270,3.943115,4.603533,1.363096,-1.110844
1783945938903,34.640000,4.446893,9.226350,9.223993,5.159664,4.066686,0.919199,3.766902,4.486228,0.737432,-0.661516
1783945938923,34.660000,0.449215,0.399215,9.101083,5.359935,-4.960721,-1.050528,3.565919,4.346296,0.598520,0.044299
1783945938943,34.680000,4.688468,16.808500,8.969344,4.652473,12.156027,-2.396155,3.339368,4.182429,1.218889,0.851656
1783945938963,34.700000,8.135447,11.394672,8.829335,5.661996,5.732676,-0.567151,3.086537,3.993350,2.155048,1.508458
1783945938983,34.720000,11.924102,3.073980,8.681631,6.029334,-2.955354,0.396489,2.806804,3.777824,2.662124,1.837485
1783945939003,34.740000,-0.634068,7.631500,8.526832,5.524943,2.106557,-1.998544,2.499645,3.534671,2.240034,1.829832
1783945939023,34.760000,8.077587,10.559637,8.365563,5.525733,5.033904,-3.548706,2.164637,3.262770,0.703532,1.598292
1783945939043,34.780000,8.090003,4.022155,8.198452,5.818243,-1.796088,-3.434210,1.801466,2.961078,-1.924325,1.262678
1783945939063,34.800000,1.755098,8.597520,8.026136,5.426864,3.170656,-3.558357,1.409927,2.628640,-5.050906,0.883661
1783945939083,34.820000,-9.429942,0.129786,7.849247,5.531124,-5.401338,-4.262756,0.989931,2.264598,-7.293574,0.465097
1783945939103,34.840000,-7.178496,19.204386,7.668385,4.779956,14.424430,-3.630892,0.541507,1.868209,-7.201532,-0.040673
1783945939123,34.860000,-5.717457,-6.139965,7.484089,6.005876,-12.145841,-2.278818,0.064805,1.438854,-4.337644,-0.731711
1783945939143,34.880000,4.321866,2.968471,7.296833,4.581593,-1.613122,-4.222419,-0.439901,0.976052,0.294134,-1.688548
1783945939163,34.900000,9.255966,-1.938263,7.107054,4.213559,-6.151822,-7.019241,-0.972213,0.479473,4.716003,-2.842413
1783945939183,34.920000,18.655006,14.005425,6.915187,3.398977,10.606448,-5.780064,-1.531607,-0.051052,7.027619,-3.902530
1783945939203,34.940000,4.976414,0.821995,6.721704,4.254488,-3.432493,-1.843818,-2.117432,-0.615518,6.457338,-4.444204
1783945939223,34.960000,8.207534,17.538918,6.527118,3.712378,13.826540,1.511418,-2.728914,-1.213736,3.680410,-4.130783
1783945939243,34.980000,-1.384931,5.269254,6.331963,4.884837,0.384417,3.566057,-3.365153,-1.845326,0.322091,-2.930411
1783945939263,35.000000,-4.890780,1.413933,6.136761,4.715341,-3.301408,2.183303,-4.025127,-2.509706,-1.801154,-1.179345
1783945939283,35.020000,-7.436089,-2.530028,5.941995,4.184606,-6.714634,-2.561212,-4.707695,-3.206089,-1.461820,0.550858
1783945939303,35.040000,3.040010,-2.703407,5.748087,3.325615,-6.029022,-6.627520,-5.411602,-3.933478,1.400865,1.702749
1783945939323,35.060000,-2.000322,-3.398444,5.555406,2.548799,-5.947243,-7.951513,-6.135479,-4.690662,5.701697,1.968627
1783945939343,35.080000,15.161378,-1.750109,5.364289,1.794973,-3.545082,-6.710892,-6.877854,-5.476218,9.731154,1.408624
1783945939363,35.100000,4.322766,-11.281349,5.175063,1.293385,-12.574734,-5.360081,-7.637153,-6.339759,11.866304,0.406719
1783945939383,35.120000,9.859249,-0.189419,4.988074,-0.082574,-0.106845,-4.607987,-8.411709,-7.176129,11.169460,-0.517290
1783945939403,35.140000,0.475082,-3.102194,4.803676,-0.204093,-2.898101,-2.342311,-9.199772,-8.035232,7.590514,-0.949940
1783945939423,35.160000,-2.955783,-3.531678,4.622225,-0.591665,-2.940013,0.268409,-9.999509,-8.914845,1.896390,-0.760512
1783945939443,35.180000,-14.976480,-1.786170,4.444041,-0.969866,-0.816304,1.576540,-10.809023,-9.812586,-4.521142,-0.139568
1783945939463,35.200000,-18.727848,14.688957,4.269378,-1.126287,15.815244,4.396158,-11.626353,-10.725910,-10.020218,0.497617
1783945939483,35.220000,-29.588863,3.599572,4.098380,0.353092,3.246479,8.693655,-12.449492,-11.652130,-13.220933,0.681530
1783945939503,35.240000,-23.405613,11.578706,3.931053,0.574811,11.003895,10.373954,-13.276390,-12.588428,-13.489738,0.064472
1783945939523,35.260000,-22.397327,3.086369,3.767258,1.552381,1.533988,8.855480,-14.104968,-13.531882,-11.069312,-1.438247
1783945939543,35.280000,-20.114239,8.214528,3.606728,1.584868,6.629660,5.886461,-14.933130,-14.479482,-6.718413,-3.580678
1783945939563,35.300000,-20.533764,10.717411,3.449096,2.115294,8.602117,4.038108,-15.758769,-15.428155,-1.345266,-5.837926
1783945939583,35.320000,-11.172536,2.124122,3.293921,2.824961,-0.700839,3.155058,-16.579784,-16.374789,4.011300,-7.577328
1783945939603,35.340000,-7.743254,-0.385125,3.140722,2.610328,-2.995453,0.399440,-17.394086,-17.316257,8.240217,-8.265174
1783945939623,35.360000,-7.751556,-0.668804,2.989011,2.178226,-2.847030,-3.151597,-18.199611,-18.249443,10.541964,-7.605653
1783945939643,35.380000,-4.582548,-10.273579,2.838323,1.772205,-12.045784,-6.157976,-18.994333,-19.171264,10.828136,-5.585859
1783945939663,35.400000,-12.922638,2.691017,2.688224,0.484638,2.206379,-7.410479,-19.776270,-20.078700,9.851856,-2.465455
1783945939683,35.420000,-25.464825,-0.805866,2.538305,0.617093,-1.422960,-5.005126,-20.543501,-20.968816,8.804659,1.258236
1783945939703,35.440000,-12.930990,7.417804,2.388158,0.391921,7.025883,-0.633142,-21.294172,-21.838789,8.352338,4.924992
1783945939723,35.460000,-16.575440,2.184675,2.237350,0.988731,1.195943,2.823365,-22.026510,-22.685929,8.096486,7.867114
1783945939743,35.480000,-7.762257,9.138311,2.085444,0.997788,8.140523,4.341851,-22.738831,-23.507705,7.222361,9.627828
1783945939763,35.500000,-33.040142,-8.595413,1.932006,1.671745,-10.267158,2.861782,-23.429548,-24.301763,5.445042,10.113212
1783945939783,35.520000,-23.890354,-6.204681,1.776599,0.539171,-6.743852,-2.103252,-24.097187,-25.065949,2.999205,9.537644
1783945939803,35.540000,-22.430590,-2.159649,1.618756,-0.219565,-1.940084,-5.929366,-24.740389,-25.798320,0.083566,8.217668
1783945939823,35.560000,-33.284573,4.387996,1.457974,-0.494588,4.882583,-4.377745,-25.357922,-26.497167,-3.020069,6.425564
1783945939843,35.580000,-44.199097,8.045620,1.293708,-0.110835,8.156455,0.858273,-25.948688,-27.161020,-5.657787,4.375566
1783945939863,35.600000,-36.759240,12.544805,1.125357,0.562750,11.982055,6.282747,-26.511727,-27.788662,-7.314200,2.238340
1783945939883,35.620000,-44.784504,1.512920,0.952240,1.564378,-0.051458,8.121470,-27.046227,-28.379135,-8.182161,0.130674
1783945939903,35.640000,-31.220554,4.446893,0.773604,1.356826,3.090067,5.179146,-27.551525,-28.931741,-8.942604,-1.856987
1783945939923,35.660000,-45.245240,0.449215,0.588648,1.443293,-0.994078,0.883898,-28.027114,-29.446044,-10.031077,-3.583385
1783945939943,35.680000,-46.542866,4.688468,0.396536,1.118237,3.570231,-1.572005,-28.472641,-29.921868,-11.190254,-4.841497
1783945939963,35.700000,-47.621124,8.135447,0.196397,1.224939,6.910509,-1.046200,-28.887913,-30.359291,-11.802034,-5.459564
1783945939983,35.720000,-40.383960,11.924102,-0.012681,1.624155,10.299947,1.840109,-29.272893,-30.758637,-11.399642,-5.407646
1783945940003,35.740000,-55.448864,-0.634068,-0.231637,2.303034,-2.937102,3.181142,-29.627702,-31.120466,-9.793006,-4.797201
1783945940023,35.760000,-34.950060,8.077587,-0.461423,1.661926,6.415661,1.317288,-29.952614,-31.445559,-7.203886,-3.794775
1783945940043,35.780000,-44.537030,8.090003,-0.702987,1.912305,6.177698,0.037356,-30.248056,-31.734904,-4.376146,-2.537192
1783945940063,35.800000,-30.910797,1.755098,-0.957243,2.095034,-0.339936,-0.169267,-30.514597,-31.989682,-2.257657,-1.093627
1783945940083,35.820000,-32.244320,-9.429942,-1.225040,1.613550,-11.043492,-2.987273,-30.752948,-32.211243,-1.441690,0.533169
1783945940103,35.840000,-42.846280,-7.178496,-1.507140,0.099631,-7.278128,-7.798197,-30.963953,-32.401095,-1.786162,2.362628
1783945940123,35.860000,-35.926422,-5.717457,-1.804216,-1.021791,-4.695666,-10.017947,-31.148580,-32.560876,-2.640879,4.344993
1783945940143,35.880000,-37.808098,4.321866,-2.116859,-1.884522,6.206388,-7.075948,-31.307912,-32.692340,-3.420594,6.294487
1783945940163,35.900000,-37.838600,9.255966,-2.445587,-1.699399,10.955365,-0.176837,-31.443139,-32.797337,-3.784171,7.926117
1783945940183,35.920000,-35.925420,18.655006,-2.790833,-1.088934,19.743940,7.619628,-31.555544,-32.877787,-3.516482,8.976839
1783945940203,35.940000,-37.103540,4.976414,-3.152949,0.351551,4.624863,11.635649,-31.646497,-32.935668,-2.492211,9.315711
1783945940223,35.960000,-34.343560,8.207534,-3.532199,0.261097,7.946437,9.205100,-31.717437,-32.972990,-0.737662,8.969523
1783945940243,35.980000,-26.978516,-1.384931,-3.928754,0.495967,-1.880898,3.302615,-31.769866,-32.990300,1.530991,8.085359
1783945940263,36.000000,-29.969908,-4.890780,-4.342680,-0.276396,-4.614384,-2.957646,-31.805331,-32.904188,4.042562,6.883919
1783945940283,36.020000,-31.677877,-7.436089,-4.773929,-1.363561,-6.072528,-7.739137,-31.825415,-32.890829,6.498033,5.606182
1783945940303,36.040000,-15.812912,3.040010,-5.222333,-2.654633,5.694643,-8.158774,-31.831722,-32.865032,8.320454,4.448961
1783945940323,36.060000,-20.771576,-2.000322,-5.687599,-2.755402,0.755080,-4.424744,-31.825866,-32.828731,8.793214,3.527179
1783945940343,36.080000,-21.304192,15.161378,-6.169294,-3.368500,18.529878,1.130269,-31.809456,-32.783801,7.682504,2.882439
1783945940363,36.100000,-22.752214,4.322766,-6.666846,-2.081261,6.404028,6.266965,-31.784086,-32.732051,5.504842,2.494541
1783945940383,36.120000,-27.701221,9.859249,-7.179566,-1.972901,11.832150,7.781985,-31.751322,-32.675211,3.259277,2.259255
1783945940403,36.140000,-30.759766,0.475082,-7.706672,-1.241208,1.716290,5.382598,-31.712689,-32.614927,1.945294,1.971221
1783945940423,36.160000,-24.257156,-2.955783,-8.247319,-1.521094,-1.434689,0.526588,-31.669664,-32.552748,2.055534,1.377162
1783945940443,36.180000,-32.632973,-14.976480,-8.800611,-2.142000,-12.834480,-5.852917,-31.623660,-32.490123,3.311646,0.289190
1783945940463,36.200000,-14.770897,-18.727848,-9.365604,-4.020254,-14.707594,-12.142529,-31.576021,-32.428392,4.743948,-1.314176
1783945940483,36.220000,-18.366700,-29.588863,-9.941301,-6.219113,-23.369750,-16.920394,-31.528010,-32.368783,5.231314,-3.247949
1783945940503,36.240000,-20.936410,-23.405613,-10.526635,-9.483569,-13.922044,-18.467333,-31.480802,-32.312407,4.361646,-5.166115
1783945940523,36.260000,-28.830297,-22.397327,-11.120467,-11.933661,-10.463666,-15.017647,-31.435477,-32.260252,2.715436,-6.701276
1783945940543,36.280000,-25.363369,-20.114239,-11.721619,-14.143449,-5.970790,-8.163043,-31.393011,-32.213180,1.249904,-7.642639
1783945940563,36.300000,-31.681087,-20.533764,-12.328896,-15.978023,-4.555741,-1.576525,-31.354274,-32.171926,0.544860,-8.034157
1783945940583,36.320000,-25.735962,-11.172536,-12.941111,-17.735064,6.562528,3.950299,-31.320023,-32.137093,0.441493,-8.111714
1783945940603,36.340000,-22.912918,-7.743254,-13.557083,-18.372144,10.628890,9.513353,-31.290896,-32.109152,0.166163,-8.128922
1783945940623,36.360000,-20.599510,-7.751556,-14.175636,-18.569151,10.817595,13.936592,-31.267416,-32.088440,-1.001018,-8.202935
1783945940643,36.380000,-29.875769,-4.582548,-14.795590,-18.712967,14.130419,15.695773,-31.249981,-32.075160,-2.936780,-8.275731
1783945940663,36.400000,-35.148144,-12.922638,-15.415767,-18.472299,5.549661,14.471517,-31.238867,-32.069378,-4.597993,-8.206458
1783945940683,36.420000,-44.021110,-25.464825,-16.035027,-19.085165,-6.379660,8.908368,-31.234230,-32.071030,-4.934332,-7.928689
1783945940703,36.440000,-20.632635,-12.930990,-16.652299,-20.950721,8.019731,2.360498,-31.236102,-32.079918,-3.919859,-7.533742
1783945940723,36.460000,-28.538790,-16.575440,-17.266574,-21.359256,4.783816,0.680535,-31.244396,-32.095715,-2.418312,-7.176414
1783945940743,36.480000,-21.909416,-7.762257,-17.876877,-22.090554,14.328297,3.376264,-31.258906,-32.117965,-1.048386,-6.887937
1783945940763,36.500000,-30.240396,-33.040142,-18.482248,-21.819458,-11.220684,4.288867,-31.279315,-32.146095,0.498951,-6.504887
1783945940783,36.520000,-20.597992,-23.890354,-19.081739,-24.176589,0.286235,0.078200,-31.305194,-32.179412,3.187813,-5.794584
1783945940803,36.540000,-30.362064,-22.430590,-19.674425,-25.401311,2.970721,-3.309956,-31.336011,-32.217114,7.927347,-4.639521
1783945940823,36.560000,-40.246628,-33.284573,-20.259409,-26.362747,-6.921826,-3.543993,-31.371133,-32.258296,14.416497,-3.121511
1783945940843,36.580000,22.042599,-44.199097,-20.835826,-28.359794,-15.839303,-5.754067,-31.409839,-32.301960,20.149545,-1.460014
1783945940863,36.600000,-5.241935,-36.759240,-21.402801,-31.329341,-5.429899,-9.028620,-31.451319,-32.347026,21.704447,0.180065
1783945940883,36.620000,-15.846336,-44.784504,-21.959375,-33.293414,-11.491090,-9.376136,-31.494690,-32.392338,17.507517,1.853850
1783945940903,36.640000,-19.079437,-31.220554,-22.504511,-35.919784,4.699230,-6.168623,-31.539000,-32.436683,8.552733,3.736019
1783945940923,36.660000,-36.085144,-45.245240,-23.037170,-36.919330,-8.325910,-1.569775,-31.583239,-32.478799,-2.783226,5.787808
1783945940943,36.680000,-24.542843,-46.542866,-23.556369,-39.258802,-7.284064,-0.014596,-31.626347,-32.517387,-13.429323,7.557420
1783945940963,36.700000,-90.619040,-47.621124,-24.061240,-41.524352,-6.096772,-1.275155,-31.667227,-32.551131,-20.026447,8.348844
1783945940983,36.720000,-54.540504,-40.383960,-24.551110,-43.693952,3.309992,-0.827015,-31.704752,-32.578708,-20.721016,7.541663
1783945941003,36.740000,-33.715637,-55.448864,-25.025559,-44.911825,-10.537039,0.810304,-31.737778,-32.598800,-16.941858,4.840140
1783945941023,36.760000,-34.316080,-34.950060,-25.484376,-47.544561,12.594501,2.535295,-31.765152,-32.610112,-12.001099,0.505056
1783945941043,36.780000,-45.282143,-44.537030,-25.927469,-47.820736,3.283706,6.088934,-31.785724,-32.611382,-8.116475,-4.521913
1783945941063,36.800000,-37.226920,-30.910797,-26.354819,-49.011034,18.100237,10.182785,-31.798355,-32.601395,-5.578714,-8.877078
1783945941083,36.820000,-43.126660,-32.244320,-26.766484,-48.659527,16.415207,13.707888,-31.801925,-32.578996,-3.760605,-11.384252
1783945941103,36.840000,-37.021458,-42.846280,-27.162598,-48.421371,5.575091,14.122266,-31.795348,-32.543097,-2.076620,-11.553210
1783945941123,36.860000,-35.399616,-35.926422,-27.543353,-49.240557,13.314135,10.349258,-31.777573,-32.492693,-0.419714,-9.616076
1783945941143,36.880000,-32.883957,-37.808098,-27.908988,-49.238838,11.430740,6.908327,-31.747599,-32.426866,0.863177,-6.229181
1783945941163,36.900000,-26.242538,-37.838600,-28.259763,-49.383165,11.544565,5.267488,-31.704478,-32.344797,1.374577,-2.141183
1783945941183,36.920000,-38.367023,-35.925420,-28.595940,-49.473597,13.548177,4.454795,-31.647323,-32.245769,1.134293,2.015068
1783945941203,36.940000,-27.572480,-37.103540,-28.917782,-49.316879,12.213339,4.055492,-31.575318,-32.129176,0.682375,5.782514
1783945941223,36.960000,-40.078170,-34.343560,-29.225557,-49.250233,14.906673,3.628490,-31.487719,-31.994526,0.788645,8.847325
1783945941243,36.980000,-43.990913,-26.978516,-29.519545,-48.865763,21.887247,4.177777,-31.383864,-31.841443,1.871982,10.990898
1783945941263,37.000000,-19.422490,-29.969908,-29.800056,-47.721889,17.751981,5.557043,-31.263176,-31.669672,3.364248,12.081108
1783945941283,37.020000,-27.531553,-31.677877,-30.067411,-46.939830,15.261953,5.123121,-31.125167,-31.479075,4.045413,12.130975
1783945941303,37.040000,-31.745380,-15.812912,-30.321913,-46.360924,30.548012,4.367407,-30.969443,-31.269636,3.252871,11.361123
1783945941323,37.060000,-31.998780,-20.771576,-30.563838,-44.182147,23.410571,5.738637,-30.795707,-31.041453,1.341230,10.144892
1783945941343,37.080000,-33.971420,-21.304192,-30.793450,-42.660678,21.356486,5.902789,-30.603760,-30.794741,-0.775781,8.825745
1783945941363,37.100000,-42.272217,-22.752214,-31.011020,-41.293537,18.541323,2.944310,-30.393507,-30.529826,-2.139874,7.553677
1783945941383,37.120000,-36.411880,-27.701221,-31.216843,-40.162935,12.461714,-1.691738,-30.164953,-30.247137,-2.263975,6.278385
1783945941403,37.140000,-32.346153,-30.759766,-31.411245,-39.605622,8.845856,-6.899478,-29.918208,-29.947207,-1.462321,4.875192
1783945941423,37.160000,-32.106236,-24.257156,-31.594573,-39.380998,15.123842,-10.210554,-29.653486,-29.630661,-0.545987,3.291664
1783945941443,37.180000,-33.265060,-32.632973,-31.767178,-38.491700,5.858727,-10.871506,-29.371101,-29.298212,-0.245675,1.627039
1783945941463,37.200000,-26.066355,-14.770897,-31.929402,-38.504779,23.733882,-9.320978,-29.071474,-28.950655,-0.872118,0.100993
1783945941483,37.220000,-37.987220,-18.366700,-32.081578,-36.684685,18.317985,-5.089879,-28.755121,-28.588855,-2.150547,-1.061423
1783945941503,37.240000,-34.086266,-20.936410,-32.224026,-35.368641,14.432231,-2.026784,-28.422660,-28.213744,-3.335622,-1.746881
1783945941523,37.260000,-33.905403,-28.830297,-32.357068,-34.409220,5.578923,-3.869641,-28.074800,-27.826312,-3.666408,-2.002949
1783945941543,37.280000,-34.451153,-25.363369,-32.481035,-34.313368,8.949999,-8.291944,-27.712344,-27.427598,-2.706247,-1.998990
1783945941563,37.300000,-30.828180,-31.681087,-32.596262,-33.855537,2.174450,-11.663540,-27.336181,-27.018683,-0.455503,-1.927186
1783945941583,37.320000,-21.882915,-25.735962,-32.703073,-34.057375,8.321413,-12.636477,-26.947284,-26.600684,2.645003,-1.900436
1783945941603,37.340000,-29.367369,-22.912918,-32.801773,-33.621302,10.708384,-10.569401,-26.546703,-26.174745,5.881159,-1.905733
1783945941623,37.360000,-13.081781,-20.599510,-32.892620,-32.922082,12.322572,-6.510221,-26.135560,-25.742036,8.413508,-1.832882
1783945941643,37.380000,-16.621485,-29.875769,-32.975815,-32.036727,2.160958,-4.228943,-25.715045,-25.303739,9.465197,-1.544051
1783945941663,37.400000,-16.004662,-35.148144,-33.051487,-32.151618,-2.996526,-6.306206,-25.286408,-24.861049,8.736667,-0.943988
1783945941683,37.420000,-25.903921,-44.021110,-33.119686,-32.770332,-11.250778,-11.429387,-24.850953,-24.415168,6.524685,-0.040062
1783945941703,37.440000,-19.371365,-20.632635,-33.180411,-34.208018,13.575383,-13.155806,-24.410033,-23.967301,3.281437,1.014605
1783945941723,37.460000,-20.771687,-28.538790,-33.233625,-33.140271,4.601481,-7.769802,-23.965042,-23.518649,-0.654426,1.936217
1783945941743,37.480000,-27.604826,-21.909416,-33.279271,-32.953595,11.044179,-0.908021,-23.517407,-23.070411,-4.733723,2.415533
1783945941763,37.500000,-38.953300,-30.240396,-33.317289,-32.103215,1.862819,2.223808,-23.068584,-22.623780,-8.039133,2.240947
1783945941783,37.520000,-27.241340,-20.597992,-33.347643,-32.157250,11.559258,2.384932,-22.620047,-22.179937,-9.802301,1.340079
1783945941803,37.540000,-31.177252,-30.362064,-33.370341,-31.223433,0.861369,1.656948,-22.173283,-21.740055,-9.782978,-0.234414
1783945941823,37.560000,-33.863216,-40.246628,-33.385436,-31.346983,-8.899645,-1.398009,-21.729785,-21.305292,-8.097309,-2.299542
1783945941843,37.580000,-25.322062,22.042599,-33.393013,-32.438581,54.481180,1.056031,-21.291043,-20.876793,-5.187316,-4.537989
1783945941863,37.600000,-20.283390,-5.241935,-33.393184,-27.158611,21.916676,14.260491,-20.858534,-20.455686,-1.924610,-6.552162
1783945941883,37.620000,-17.161690,-15.846336,-33.386062,-25.116918,9.270582,20.482561,-20.433720,-20.043084,0.708700,-7.956009
1783945941903,37.640000,-15.376162,-19.079437,-33.371733,-24.327351,5.247914,12.209106,-20.018034,-19.640080,2.117830,-8.452785
1783945941923,37.660000,-14.713647,-36.085144,-33.350241,-23.929494,-12.155650,-1.085140,-19.612879,-19.247746,2.321284,-7.899231
1783945941943,37.680000,-17.629326,-24.542843,-33.321586,-25.266788,0.723945,-11.420981,-19.219614,-18.867133,1.868570,-6.363720
1783945941963,37.700000,-19.317484,-90.619040,-33.285729,-25.307166,-65.311874,-21.286617,-18.839551,-18.499269,1.479749,-4.138884
1783945941983,37.720000,-18.022038,-54.540504,-33.242608,-31.957505,-22.582999,-33.136264,-18.473945,-18.145154,1.521818,-1.675866
1783945942003,37.740000,-9.302314,-33.715637,-33.192146,-34.329525,0.613888,-30.887253,-18.123991,-17.805758,1.763161,0.549039
1783945942023,37.760000,-15.610294,-34.316080,-33.134247,-34.371396,0.055316,-12.242596,-17.790814,-17.482021,1.713564,2.188441
1783945942043,37.780000,-9.038216,-45.282143,-33.068785,-34.459018,-10.823125,3.447176,-17.475465,-17.174845,1.161944,3.119437
1783945942063,37.800000,-14.231119,-37.226920,-32.995609,-35.626023,-1.600897,8.212194,-17.178913,-16.885094,0.442872,3.424272
1783945942083,37.820000,-24.355062,-43.126660,-32.914547,-35.861055,-7.265605,7.400816,-16.902044,-16.613587,0.248455,3.275619
1783945942103,37.840000,-11.571313,-37.021458,-32.825433,-36.653398,-0.368060,6.055654,-16.645652,-16.361094,0.937242,2.811259
1783945942123,37.860000,-6.890707,-35.399616,-32.728115,-36.746254,1.346638,6.596648,-16.410438,-16.128331,2.117501,2.098538
1783945942143,37.880000,-12.776533,-32.883957,-32.622439,-36.657989,3.774032,8.928462,-16.197006,-15.915954,3.152477,1.205234
1783945942163,37.900000,-6.685437,-26.242538,-32.508240,-36.317506,10.074968,11.807825,-16.005855,-15.724555,3.755844,0.274754
1783945942183,37.920000,-14.589383,-38.367023,-32.385338,-35.337792,-3.029231,12.951430,-15.837386,-15.554657,3.976624,-0.500283
1783945942203,37.940000,-6.701124,-27.572480,-32.253549,-35.659484,8.087004,11.212778,-15.691891,-15.406702,3.912308,-0.986032
1783945942223,37.960000,-12.047858,-40.078170,-32.112692,-34.861049,-5.217121,8.514661,-15.569557,-15.281055,3.541909,-1.175217
1783945942243,37.980000,-6.393560,-43.990913,-31.962591,-35.383862,-8.607051,4.281681,-15.470464,-15.177991,2.795289,-1.156699
1783945942263,38.000000,-12.557149,-19.422490,-31.803076,-36.235880,16.813390,2.464596,-15.394586,-15.097693,1.745993,-1.043898
1783945942283,38.020000,-15.435833,-27.531553,-31.633990,-34.538776,7.007223,6.907986,-15.341787,-15.040247,0.643304,-0.931872
1783945942303,38.040000,-15.844948,-31.745380,-31.455204,-33.814481,2.069101,10.301432,-15.311831,-15.005637,-0.369051,-0.900072
1783945942323,38.060000,-7.116301,-31.998780,-31.266633,-33.575608,1.576828,8.264821,-15.304374,-14.993741,-1.439810,-1.018328
1783945942343,38.080000,-13.422411,-33.971420,-31.068226,-33.377529,-0.593891,4.192514,-15.318972,-15.004331,-2.601166,-1.312604
1783945942363,38.100000,-25.854214,-42.272217,-30.859970,-33.387661,-8.884556,-0.151724,-15.355085,-15.037068,-3.362621,-1.730829
1783945942383,38.120000,-19.614016,-36.411880,-30.641899,-34.215932,-2.195948,-3.671816,-15.412075,-15.091499,-3.230630,-2.183148
1783945942403,38.140000,-9.719231,-32.346153,-30.414120,-34.365842,2.019689,-3.624997,-15.489213,-15.167171,-2.438423,-2.617693
1783945942423,38.160000,-13.697025,-32.106236,-30.176799,-34.085922,1.979686,-0.514666,-15.585683,-15.263342,-1.628966,-3.013091
1783945942443,38.180000,-14.509114,-33.265060,-29.930135,-33.801954,0.536894,2.047184,-15.700588,-15.379226,-1.022119,-3.295193
1783945942463,38.200000,-16.063583,-26.066355,-29.674353,-33.653959,7.587604,3.321444,-15.832952,-15.513929,-0.245901,-3.320117
1783945942483,38.220000,-16.621730,-37.987220,-29.409710,-32.795432,-5.191788,3.192498,-15.981725,-15.666451,1.192144,-2.974867
1783945942503,38.240000,-16.181845,-34.086266,-29.136501,-33.204769,-0.881497,0.680978,-16.145792,-15.835695,3.339866,-2.276383
1783945942523,38.260000,-7.776126,-33.905403,-28.855053,-33.174733,-0.730670,-1.722007,-16.323977,-16.020468,5.497564,-1.357066
1783945942543,38.280000,-5.965251,-34.451153,-28.565716,-33.121426,-1.329727,-2.201190,-16.515047,-16.219489,6.500496,-0.361626
1783945942563,38.300000,-13.534187,-30.828180,-28.268835,-33.119627,2.291447,-1.454319,-16.717724,-16.431399,5.409435,0.640057
1783945942583,38.320000,-13.125351,-21.882915,-27.964753,-32.749222,10.866307,1.135684,-16.930685,-16.654764,1.911151,1.643820
1783945942603,38.340000,-12.967541,-29.367369,-27.653818,-31.519761,2.152392,4.125504,-17.152573,-16.888090,-3.597784,2.624925
1783945942623,38.360000,-24.936820,-13.081781,-27.336400,-31.155799,18.074018,6.028124,-17.382000,-17.129826,-9.762770,3.472308
1783945942643,38.380000,-37.531162,-16.621485,-27.012914,-29.203639,12.582154,8.159690,-17.617560,-17.378380,-14.296234,3.995063
1783945942663,38.400000,-42.744793,-16.004662,-26.683860,-27.802243,11.797581,8.910388,-17.857830,-17.632130,-15.014442,3.963832
1783945942683,38.420000,-35.755540,-25.903921,-26.349866,-26.481159,0.577238,5.738743,-18.101378,-17.889426,-11.354564,3.168986
1783945942703,38.440000,-13.541357,-19.371365,-26.011687,-26.276899,6.905534,0.494604,-18.346771,-18.148614,-4.912303,1.548037
1783945942723,38.460000,-17.447258,-20.771687,-25.670148,-25.439353,4.667666,-2.778607,-18.592582,-18.408036,1.647510,-0.636625
1783945942743,38.480000,-7.462230,-27.604826,-25.326080,-24.823955,-2.780871,-4.379862,-18.837395,-18.666045,6.200841,-2.748054
1783945942763,38.500000,-12.042000,-38.953300,-24.980274,-24.946260,-14.007040,-7.994098,-19.079810,-18.921019,7.974646,-3.991513
1783945942783,38.520000,-12.441694,-27.241340,-24.633464,-26.174739,-1.066601,-11.831798,-19.318453,-19.171364,7.504655,-3.791989
1783945942803,38.540000,-22.714943,-31.177252,-24.286330,-26.103110,-5.074142,-11.522611,-19.551978,-19.415532,6.055022,-2.078350
1783945942823,38.560000,-16.954544,-33.863216,-23.939522,-26.422673,-7.440543,-9.106688,-19.779075,-19.652025,4.714302,0.690372
1783945942843,38.580000,-14.204517,-25.322062,-23.593676,-26.966972,1.644910,-6.744061,-19.998476,-19.879406,3.841859,3.739896
1783945942863,38.600000,-17.624292,-20.283390,-23.249407,-26.599148,6.315758,-2.675985,-20.208957,-20.096309,3.332739,6.307227
1783945942883,38.620000,-18.863312,-17.161690,-22.907310,-25.765439,8.603749,2.393534,-20.409349,-20.301445,3.129161,7.906180
1783945942903,38.640000,-26.905563,-15.376162,-22.567962,-24.706886,9.330724,6.005254,-20.598538,-20.493612,3.211422,8.400804
1783945942923,38.660000,-12.725678,-14.713647,-22.231934,-23.580901,8.867254,7.166123,-20.775472,-20.671696,3.236450,7.907417
1783945942943,38.680000,-23.369800,-17.629326,-21.899792,-22.506606,4.877280,5.934063,-20.939167,-20.834686,2.568548,6.669405
1783945942963,38.700000,-19.011398,-19.317484,-21.572091,-21.832814,2.515330,2.916030,-21.088707,-20.981667,0.749395,4.989918
1783945942983,38.720000,-18.039444,-18.022038,-21.249369,-21.394409,3.372371,-0.147822,-21.223252,-21.111836,-2.077676,3.187514
1783945943003,38.740000,-35.408905,-9.302314,-20.932154,-20.870713,11.568399,-0.625240,-21.342040,-21.224496,-4.965106,1.528477
1783945943023,38.760000,-31.601107,-15.610294,-20.620976,-19.537746,3.927452,1.065049,-21.444391,-21.319061,-6.535463,0.145703
1783945943043,38.780000,-32.089333,-9.038216,-20.316400,-18.970599,9.932383,2.140708,-21.529708,-21.395058,-5.886448,-0.993286
1783945943063,38.800000,-31.614105,-14.231119,-20.019028,-17.812322,3.581203,1.954984,-21.597482,-21.452125,-3.174793,-2.020046
1783945943083,38.820000,-23.185703,-24.355062,-19.729492,-17.291064,-7.063998,-0.849245,-21.647289,-21.490013,0.381965,-3.027486
1783945943103,38.840000,-9.321544,-11.571313,-19.448422,-17.822983,6.251670,-4.606299,-21.678799,-21.508580,3.053327,-3.946203
1783945943123,38.860000,-13.748872,-6.890707,-19.176404,-17.029154,10.138447,-3.809203,-21.691771,-21.507792,3.807848,-4.521187
1783945943143,38.880000,-32.461426,-12.776533,-18.913947,-15.857867,3.081334,-0.208819,-21.686055,-21.487718,3.158257,-4.430852
1783945943163,38.900000,-19.645065,-6.685437,-18.661500,-15.394536,8.709099,1.570400,-21.661591,-21.448527,2.449991,-3.511282
1783945943183,38.920000,-25.715750,-14.589383,-18.419477,-14.378415,-0.210968,1.086567,-21.618412,-21.390481,2.533657,-1.928130
1783945943203,38.940000,-20.317387,-6.701124,-18.188266,-14.252512,7.551388,-0.447461,-21.556641,-21.313933,3.289137,-0.125239
1783945943223,38.960000,-17.697672,-12.047858,-17.968219,-13.359335,1.311477,-1.389890,-21.476486,-21.219320,3.885991,1.423857
1783945943243,38.980000,-16.095370,-6.393560,-17.759641,-13.090792,6.697233,-1.493800,-21.378246,-21.107158,3.324920,2.448667
1783945943263,39.000000,-16.766338,-12.557149,-17.562776,-12.291943,-0.265206,-1.526394,-21.262302,-20.974150,1.124894,2.938258
1783945943283,39.020000,-27.135912,-15.435833,-17.377803,-12.188218,-3.247615,-2.851667,-21.129117,-20.829287,-2.256165,3.040876
1783945943303,39.040000,-27.742317,-15.844948,-17.204858,-12.377797,-3.467151,-5.217352,-20.979231,-20.668834,-5.647736,2.905764
1783945943323,39.060000,-40.615097,-7.116301,-17.044065,-12.584456,5.468154,-5.473358,-20.813261,-20.493554,-7.950848,2.561497
1783945943343,39.080000,-26.292137,-13.422411,-16.895560,-11.905305,-1.517106,-3.228247,-20.631894,-20.304258,-8.953358,1.906783
1783945943363,39.100000,-27.373800,-25.854214,-16.759504,-11.922994,-13.931220,-3.374767,-20.435882,-20.101798,-9.406833,0.830231
1783945943383,39.120000,-28.385263,-19.614016,-16.636060,-13.164003,-6.450013,-6.773134,-20.226039,-19.887060,-10.209684,-0.627961
1783945943403,39.140000,-28.736969,-9.719231,-16.525381,-13.649635,3.930404,-6.975359,-20.003233,-19.660958,-11.593834,-2.217610
1783945943423,39.160000,-30.747593,-13.697025,-16.427601,-13.104168,-0.592857,-2.564832,-19.768384,-19.424428,-12.925093,-3.584093
1783945943443,39.180000,-39.064304,-14.509114,-16.342846,-13.012144,-1.496970,1.100993,-19.522452,-19.178424,-13.024863,-4.452874
1783945943463,39.200000,-35.745445,-16.063583,-16.271246,-13.010778,-3.052805,1.625956,-19.266438,-18.923909,-10.989322,-4.753494
1783945943483,39.220000,-21.840775,-16.621730,-16.212940,-13.163668,-3.458062,0.478419,-19.001368,-18.661852,-7.007910,-4.602468
1783945943503,39.240000,-18.010695,-16.181845,-16.168056,-13.355756,-2.826089,-0.569833,-18.728296,-18.393222,-2.256924,-4.161443
1783945943523,39.260000,-8.364553,-7.776126,-16.136662,-13.484609,5.708483,0.374923,-18.448287,-18.118984,2.055442,-3.473381
1783945943543,39.280000,-12.434109,-5.965251,-16.118730,-12.770123,6.804872,3.813277,-18.162416,-17.840096,5.519885,-2.416056
1783945943563,39.300000,-15.180742,-13.534187,-16.114114,-11.957017,-1.577170,6.193011,-17.871762,-17.557499,8.509711,-0.831602
1783945943583,39.320000,-4.773359,-13.125351,-16.122558,-11.983971,-1.141380,4.733758,-17.577396,-17.272122,11.389164,1.277065
1783945943603,39.340000,-1.599195,-12.967541,-16.143697,-11.970014,-0.997527,1.850598,-17.280377,-16.984872,13.893108,3.669860
1783945943623,39.360000,7.163415,-24.936820,-16.177046,-11.944796,-12.992024,-1.249460,-16.981746,-16.696632,15.400163,5.980120
1783945943643,39.380000,-4.840290,-37.531162,-16.221985,-13.111908,-24.419254,-6.819460,-16.682520,-16.408261,15.592527,7.893759
1783945943663,39.400000,-0.990702,-42.744793,-16.277760,-15.407012,-27.337781,-13.978016,-16.383687,-16.120590,14.577884,9.226024
1783945943683,39.420000,-0.216241,-35.755540,-16.343515,-17.980246,-17.775294,-17.292870,-16.086201,-15.834419,12.503586,9.867928
1783945943703,39.440000,0.067004,-13.541357,-16.418307,-19.593756,6.052399,-11.183210,-15.790976,-15.550517,9.499209,9.730095
1783945943723,39.460000,-6.797293,-17.447258,-16.501125,-18.838284,1.391026,1.793776,-15.498888,-15.269620,6.070588,8.766912
1783945943743,39.480000,-11.836140,-7.462230,-16.590907,-18.559237,11.097008,12.619027,-15.210765,-14.992430,3.218026,7.021132
1783945943763,39.500000,-16.204367,-12.042000,-16.686582,-17.324282,5.282282,17.214546,-14.927391,-14.719611,1.931784,4.609221
1783945943783,39.520000,-23.491808,-12.441694,-16.787103,-16.681333,4.239639,16.043191,-14.649499,-14.451796,2.314880,1.668770
1783945943803,39.540000,9.331376,-22.714943,-16.891471,-16.151874,-6.563069,10.547314,-14.377776,-14.189579,3.120661,-1.641339
1783945943823,39.560000,-7.813450,-16.954544,-16.998717,-16.708046,-0.246498,4.197677,-14.112858,-13.933518,2.715859,-5.053775
1783945943843,39.580000,-15.976327,-14.204517,-17.107871,-16.639893,2.435376,1.451249,-13.855329,-13.684135,0.610347,-8.139220
1783945943863,39.600000,-14.516230,-17.624292,-17.217976,-16.311054,-1.313238,2.151182,-13.605728,-13.441917,-2.444966,-10.435918
1783945943883,39.620000,-17.773808,-18.863312,-17.328117,-16.363694,-2.499618,2.533157,-13.364541,-13.207312,-5.392935,-11.696690
1783945943903,39.640000,-18.320023,-26.905563,-17.437451,-16.541484,-10.364079,0.679774,-13.132211,-12.980738,-7.336660,-12.012664
1783945943923,39.660000,-25.475925,-12.725678,-17.545210,-17.512570,4.786892,-1.065827,-12.909131,-12.762573,-7.653419,-11.699880
1783945943943,39.680000,-21.107975,-23.369800,-17.650714,-16.975066,-6.394734,-0.366848,-12.695652,-12.553166,-6.331766,-11.094193
1783945943963,39.700000,-9.362803,-19.011398,-17.753374,-17.563184,-1.448214,0.355434,-12.492081,-12.352831,-4.180512,-10.416307
1783945943983,39.720000,-12.030962,-18.039444,-17.852669,-17.663747,-0.375697,0.595275,-12.298685,-12.161851,-2.298830,-9.709558
1783945944003,39.740000,-14.899005,-35.408905,-17.948116,-17.664022,-17.744883,-0.775349,-12.115693,-11.980476,-1.282455,-8.841912
1783945944023,39.760000,-13.404343,-31.601107,-18.039265,-19.412916,-12.188191,-5.256766,-11.943296,-11.808929,-1.111798,-7.610242
1783945944043,39.780000,-12.216054,-32.089333,-18.125696,-20.617445,-11.471888,-8.399679,-11.781650,-11.647403,-1.528412,-5.904216
1783945944063,39.800000,-15.574489,-31.614105,-18.207027,-21.762172,-9.851933,-7.679364,-11.630878,-11.496065,-2.237387,-3.801804
1783945944083,39.820000,-15.525400,-23.185703,-18.282908,-22.756722,-0.428981,-3.975836,-11.491075,-11.355052,-2.975485,-1.533489
1783945944103,39.840000,-16.764430,-9.321544,-18.353035,-22.817459,13.495915,3.116811,-11.362303,-11.224478,-3.650504,0.620273
1783945944123,39.860000,-14.673039,-13.748872,-18.417146,-21.488276,7.739404,10.926054,-11.244598,-11.104433,-4.402528,2.417648
1783945944143,39.880000,-15.166119,-32.461426,-18.475025,-20.739047,-11.722379,11.701335,-11.137972,-10.994982,-5.427587,3.712701
1783945944163,39.900000,-12.803001,-19.645065,-18.526494,-21.948335,2.303270,5.406667,-11.042411,-10.896167,-6.618608,4.483431
1783945944183,39.920000,-25.866566,-25.715750,-18.571414,-21.760975,-3.954775,0.488156,-10.957877,-10.808010,-7.359840,4.812982
1783945944203,39.940000,-21.124294,-20.317387,-18.609691,-22.207651,1.890264,-0.458466,-10.884313,-10.730509,-6.926001,4.818073
1783945944223,39.960000,-16.843540,-17.697672,-18.641296,-22.074880,4.377208,1.203964,-10.821638,-10.663643,-5.198591,4.578321
1783945944243,39.980000,-13.367596,-16.095370,-18.666254,-21.696728,5.601358,3.994641,-10.769753,-10.607369,-2.820597,4.141558
1783945944263,40.000000,-12.088364,-16.766338,-18.684625,-21.198293,4.431955,5.615582,-10.728539,-10.561625,-0.725137,3.597159
1783945944283,40.020000,-5.278637,-27.135912,-18.696479,-20.818808,-6.317104,4.003513,-10.697857,-10.526327,0.405190,3.121492
1783945944303,40.040000,-9.753605,-27.742317,-18.701880,-21.520133,-6.222184,-0.829635,-10.677550,-10.501373,0.569078,2.928751
1783945944323,40.060000,-13.283589,-40.615097,-18.700874,-22.216909,-18.398188,-6.733938,-10.667443,-10.486638,0.564111,3.160033
1783945944343,40.080000,-13.932119,-26.292137,-18.693502,-24.140008,-2.152129,-10.223766,-10.667342,-10.481979,1.475108,3.790065
1783945944363,40.100000,-12.260110,-27.373800,-18.679811,-24.439712,-2.934088,-7.976309,-10.677035,-10.487230,3.824045,4.612196
1783945944383,40.120000,-2.773010,-28.385263,-18.659861,-24.818197,-3.567066,-3.067794,-10.696293,-10.502205,7.079752,5.328711
1783945944403,40.140000,7.664702,-28.736969,-18.633700,-25.259853,-3.477116,-0.173797,-10.724867,-10.526699,10.014488,5.717482
1783945944423,40.160000,-6.894050,-30.747593,-18.601339,-25.691425,-5.056168,0.295717,-10.762494,-10.560483,11.616868,5.762270
1783945944443,40.180000,6.791218,-39.064304,-18.562736,-26.279328,-12.784976,-1.518615,-10.808892,-10.603309,11.564276,5.627834
1783945944463,40.200000,-5.313027,-35.745445,-18.517797,-27.639493,-8.105952,-4.340934,-10.863762,-10.654908,10.058696,5.499485
1783945944483,40.220000,-4.033565,-21.840775,-18.466399,-28.528653,6.687878,-3.477555,-10.926791,-10.714991,7.584140,5.428236
1783945944503,40.240000,-8.630797,-18.010695,-18.408401,-27.931252,9.920557,2.877581,-10.997650,-10.783248,4.639657,5.293415
1783945944523,40.260000,-2.704709,-8.364553,-18.343669,-27.002606,18.638053,10.747197,-11.075995,-10.859352,1.591860,4.883043
1783945944543,40.280000,-20.806551,-12.434109,-18.272088,-25.193044,12.758935,15.653389,-11.161470,-10.942957,-1.174165,4.012623
1783945944563,40.300000,-16.008987,-15.180742,-18.193581,-23.963488,8.782746,14.871835,-11.253706,-11.033701,-3.353149,2.601725
1783945944583,40.320000,-12.978149,-4.773359,-18.108133,-23.124290,18.350931,11.140681,-11.352323,-11.131205,-5.089253,0.686345
1783945944603,40.340000,-16.929392,-1.599195,-18.015799,-21.320767,19.721571,9.657663,-11.456930,-11.235075,-6.808011,-1.591023
1783945944623,40.360000,-17.096302,7.163415,-17.916694,-19.373520,26.536934,11.002076,-11.567128,-11.344907,-8.606139,-3.985036
1783945944643,40.380000,-24.747627,-4.840290,-17.810992,-16.739265,11.898975,11.277262,-11.682508,-11.460280,-10.011656,-6.185368
1783945944663,40.400000,-26.262165,-0.990702,-17.698941,-15.564081,14.573378,7.413277,-11.802656,-11.580766,-10.348585,-7.920206
1783945944683,40.420000,-19.197960,-0.216241,-17.580871,-14.117630,13.901389,2.307084,-11.927149,-11.705924,-9.314978,-9.053592
1783945944703,40.440000,-18.503696,0.067004,-17.457188,-12.735382,12.802385,-0.913462,-12.055561,-11.835307,-7.149068,-9.578808
1783945944723,40.460000,-14.437492,-6.797293,-17.328348,-11.460797,4.663504,-3.566949,-12.187459,-11.968457,-4.286573,-9.525216
1783945944743,40.480000,-16.742496,-11.836140,-17.194837,-10.997219,-0.838921,-7.597827,-12.322405,-12.104911,-1.076511,-8.886567
1783945944763,40.500000,-5.539286,-16.204367,-17.057152,-11.080168,-5.124199,-12.519132,-12.459959,-12.244199,2.196051,-7.636709
1783945944783,40.520000,-9.674987,-23.491808,-16.915778,-11.586894,-11.904914,-16.948505,-12.599674,-12.385844,5.281753,-5.792582
1783945944803,40.540000,-4.846445,9.331376,-16.771170,-12.764782,22.096158,-15.808607,-12.741103,-12.529368,7.995982,-3.452883
1783945944823,40.560000,1.355855,-7.813450,-16.623741,-10.546129,2.732678,-7.624560,-12.883795,-12.674284,10.170959,-0.793975
1783945944843,40.580000,-7.146111,-15.976327,-16.473848,-10.262106,-5.714221,-3.244944,-13.027296,-12.820106,11.641324,1.956588
1783945944863,40.600000,-3.915322,-14.516230,-16.321792,-10.818122,-3.698108,-6.495404,-13.171153,-12.966344,12.109943,4.544952
1783945944883,40.620000,8.036649,-17.773808,-16.167820,-11.168531,-6.605277,-10.584062,-13.314910,-13.112508,10.988874,6.718718
1783945944903,40.640000,-5.335314,-18.320023,-16.012123,-11.804243,-6.515780,-12.302170,-13.458113,-13.258106,7.879843,8.276546
1783945944923,40.660000,-12.120522,-25.475925,-15.854838,-12.425321,-13.050604,-12.558731,-13.600308,-13.402651,3.213347,9.108621
1783945944943,40.680000,-15.860125,-21.107975,-15.696076,-13.690486,-7.417489,-12.109268,-13.741044,-13.545658,-1.974659,9.172655
1783945944963,40.700000,-22.917997,-9.362803,-15.535964,-14.385262,5.022459,-8.516175,-13.879873,-13.686646,-6.723712,8.426127
1783945944983,40.720000,-25.483511,-12.030962,-15.374680,-13.835692,1.804730,-1.819205,-14.016354,-13.825142,-10.540341,6.813145
1783945945003,40.740000,-20.704239,-14.899005,-15.212474,-13.605848,-1.293157,2.758939,-14.150050,-13.960681,-13.387342,4.350182
1783945945023,40.760000,-24.644945,-13.404343,-15.049665,-13.681816,0.277473,3.263085,-14.280532,-14.092805,-15.216422,1.230903
1783945945043,40.780000,-37.471725,-12.216054,-14.886644,-13.597639,1.381585,2.484281,-14.407380,-14.221072,-15.532104,-2.161085
1783945945063,40.800000,-30.101732,-15.574489,-14.723879,-13.400670,-2.173819,1.870174,-14.530182,-14.345047,-13.808514,-5.363140
1783945945083,40.820000,-19.153725,-15.525400,-14.561918,-13.554310,-1.971090,1.032993,-14.648539,-14.464314,-10.219552,-7.979705
1783945945103,40.840000,-23.373987,-16.764430,-14.401372,-13.682762,-3.081668,0.230713,-14.762062,-14.578467,-5.564689,-9.736953
1783945945123,40.860000,-8.432683,-14.673039,-14.242865,-13.916428,-0.756610,0.133569,-14.870374,-14.687120,-0.695979,-10.438744
1783945945143,40.880000,-15.000577,-15.166119,-14.087003,-13.913539,-1.252580,0.876831,-14.973111,-14.789899,3.814619,-9.938962
1783945945163,40.900000,-2.823028,-12.803001,-13.934344,-13.955897,1.152896,2.051924,-15.069925,-14.886452,7.726697,-8.198647
1783945945183,40.920000,-11.671641,-25.866566,-13.785379,-13.755531,-12.111035,1.644753,-15.160480,-14.976442,10.958193,-5.364479
1783945945203,40.940000,7.271166,-21.124294,-13.640519,-14.868181,-6.256113,-1.151306,-15.244457,-15.059554,13.348990,-1.778939
1783945945223,40.960000,-4.178247,-16.843540,-13.500080,-15.387035,-1.456505,-2.370621,-15.321554,-15.135490,14.718052,2.094724
1783945945243,40.980000,-1.393345,-13.367596,-13.364277,-15.422103,2.054507,0.259167,-15.391485,-15.203977,15.042441,5.781432
1783945945263,41.000000,0.892482,-12.088364,-13.233227,-15.105783,3.017419,4.266100,-15.453988,-15.264763,14.336974,8.871184
1783945945283,41.020000,-7.774043,-5.278637,-13.106962,-14.694173,9.415536,7.740753,-15.508816,-15.317623,12.475945,11.049136
1783945945303,41.040000,1.098039,-9.753605,-12.985449,-13.650184,3.896579,9.704377,-15.555749,-15.362355,9.268412,12.112025
1783945945323,41.060000,-7.061194,-13.283589,-12.868594,-13.160655,-0.122934,8.457983,-15.594592,-15.398788,4.818364,11.996036
1783945945343,41.080000,-20.174364,-13.932119,-12.756267,-13.072033,-0.860086,4.674658,-15.625174,-15.426779,-0.083211,10.784120
1783945945363,41.100000,-26.855583,-12.260110,-12.648331,-13.055545,0.795435,1.503118,-15.647356,-15.446220,-4.292372,8.647124
1783945945383,41.120000,-19.146065,-2.773010,-12.544691,-12.873678,10.100668,1.642294,-15.661030,-15.457034,-7.210702,5.760409
1783945945403,41.140000,-26.450504,7.664702,-12.445321,-11.770679,19.435381,6.149327,-15.666120,-15.458487,-9.050279,2.294077
1783945945423,41.160000,-21.502838,-6.894050,-12.350253,-9.752762,2.858712,10.267702,-15.662589,-15.451288,-10.300608,-1.506050
1783945945443,41.180000,-25.381458,6.791218,-12.259581,-9.394624,16.185842,9.817742,-15.650435,-15.435471,-11.150424,-5.256258
1783945945463,41.200000,-36.284706,-5.313027,-12.173451,-7.718886,2.405858,6.992705,-15.629697,-15.411111,-11.353199,-8.500838
1783945945483,41.220000,-23.144785,-4.033565,-12.092069,-7.422518,3.388954,2.745344,-15.600455,-15.378322,-10.655562,-10.869209
1783945945503,41.240000,-25.927809,-8.630797,-12.015705,-7.030098,-1.600699,-2.001105,-15.562831,-15.337259,-9.175859,-12.180823
1783945945523,41.260000,-18.060728,-2.704709,-11.944667,-7.134025,4.429315,-4.653600,-15.516993,-15.288122,-7.127812,-12.422482
1783945945543,41.280000,-23.407936,-20.806551,-11.879276,-6.638175,-14.168376,-6.489716,-15.463149,-15.231150,-4.382897,-11.660205
1783945945563,41.300000,-25.981224,-16.008987,-11.819848,-7.987797,-8.021190,-9.822323,-15.401555,-15.166624,-0.637545,-10.000412
1783945945583,41.320000,-8.535808,-12.978149,-11.766695,-8.714799,-4.263350,-11.411363,-15.332511,-15.094870,3.905828,-7.623060
1783945945603,41.340000,-4.053260,-16.929392,-11.720099,-9.062139,-7.867253,-9.587569,-15.256360,-15.016251,8.367146,-4.780459
1783945945623,41.360000,-2.412026,-17.096302,-11.680273,-9.763325,-7.332977,-7.466468,-15.173491,-14.931171,11.923971,-1.709633
1783945945643,41.380000,-10.045207,-24.747627,-11.647332,-10.405796,-14.341831,-7.024343,-15.084337,-14.840076,14.331774,1.435276
1783945945663,41.400000,-0.794063,-26.262165,-11.621292,-11.738791,-14.523374,-8.372149,-14.989371,-14.743447,15.511686,4.529525
1783945945683,41.420000,1.321535,-19.197960,-11.602080,-13.080737,-6.117223,-8.579841,-14.889111,-14.641805,15.074228,7.377560
1783945945703,41.440000,-0.439648,-18.503696,-11.589528,-13.580855,-4.922841,-5.326796,-14.784114,-14.535706,12.622171,9.714122
1783945945723,41.460000,-7.417530,-14.437492,-11.583379,-13.962047,-0.475445,-0.420656,-14.674978,-14.425743,8.355075,11.301059
1783945945743,41.480000,-21.365463,-16.742496,-11.583305,-13.902898,-2.839598,3.420893,-14.562337,-14.312541,3.075231,11.981765
1783945945763,41.500000,-18.216183,-5.539286,-11.588959,-14.083218,8.543932,6.145221,-14.446865,-14.196759,-2.478412,11.643822
1783945945783,41.520000,-17.686840,-9.674987,-11.600010,-13.135956,3.460969,8.655826,-14.329266,-14.079088,-8.051204,10.198077
1783945945803,41.540000,-23.183037,-4.846445,-11.616167,-12.704033,7.857589,9.909206,-14.210281,-13.960248,-13.347664,7.659796
1783945945823,41.560000,-39.113125,1.355855,-11.637180,-11.841658,13.197513,10.590838,-14.090678,-13.840986,-17.375001,4.243930
1783945945843,41.580000,-40.477802,-7.146111,-11.662878,-10.456538,3.310427,10.632931,-13.971253,-13.722077,-18.873086,0.331444
1783945945863,41.600000,-33.983230,-3.915322,-11.693195,-10.065335,6.150013,8.249189,-13.852826,-13.604316,-17.451790,-3.672185
1783945945883,41.620000,-23.352780,8.036649,-11.728178,-9.396189,17.432838,6.711517,-13.736238,-13.488521,-13.987248,-7.412674
1783945945903,41.640000,-18.818480,-5.335314,-11.767941,-7.608557,2.273243,6.933789,-13.622344,-13.375524,-9.813221,-10.522575
1783945945923,41.660000,-26.650452,-12.120522,-11.812623,-7.339697,-4.780825,3.663550,-13.512011,-13.266173,-5.758321,-12.563255
1783945945943,41.680000,-18.728270,-15.860125,-11.862356,-7.776615,-8.083510,-3.211874,-13.406113,-13.161324,-2.146604,-13.132362
1783945945963,41.700000,-6.318729,-22.917997,-11.917260,-8.543713,-14.374284,-9.632377,-13.305526,-13.061836,0.681239,-12.064873
1783945945983,41.720000,-13.180090,-25.483511,-11.977411,-9.939220,-15.544291,-13.827350,-13.211120,-12.968571,2.454933,-9.521343
1783945946003,41.740000,-11.245894,-20.704239,-12.042823,-11.452277,-9.251962,-14.360382,-13.123756,-12.882383,3.343324,-5.908791
1783945946023,41.760000,-9.898315,-24.644945,-12.113439,-12.338990,-12.305955,-11.451176,-13.044278,-12.804117,3.778548,-1.755826
1783945946043,41.780000,-3.698576,-37.471725,-12.189140,-13.534824,-23.936901,-9.675648,-12.973511,-12.734604,4.156130,2.375829
1783945946063,41.800000,-9.664431,-30.101732,-12.269734,-15.898569,-14.203163,-10.397658,-12.912250,-12.674650,4.910273,5.976494
1783945946083,41.820000,-10.572420,-19.153725,-12.354967,-17.295991,-1.857734,-7.967810,-12.861258,-12.625038,6.477317,8.679154
1783945946103,41.840000,-2.029578,-23.373987,-12.444522,-17.466556,-5.907431,-1.426350,-12.821259,-12.586517,8.843187,10.299639
1783945946123,41.860000,-0.172241,-8.432683,-12.538031,-18.050605,9.617922,5.421648,-12.792932,-12.559796,11.303414,10.826755
1783945946143,41.880000,-0.126652,-15.000577,-12.635060,-17.088672,2.088095,10.762197,-12.776907,-12.545544,12.778076,10.408452
1783945946163,41.900000,3.690727,-2.823028,-12.735100,-16.887039,14.064012,13.622121,-12.773763,-12.544377,12.239617,9.322783
1783945946183,41.920000,1.283214,-11.671641,-12.837571,-15.491775,3.820134,14.070413,-12.784016,-12.556859,9.095311,7.896849
1783945946203,41.940000,-10.366102,7.271166,-12.941830,-15.126597,22.397764,13.849325,-12.808123,-12.583494,3.535227,6.390994
1783945946223,41.960000,-14.618115,-4.178247,-13.047204,-12.902384,8.724137,14.155731,-12.846473,-12.624722,-3.519254,4.904119
1783945946243,41.980000,-16.163225,-1.393345,-13.153030,-12.047415,10.654070,12.460861,-12.899388,-12.680914,-10.764498,3.349422
1783945946263,42.000000,-31.920270,0.892482,-13.258696,-10.999495,11.891977,9.005053,-12.967117,-12.777190,-16.684877,1.522996
1783945946283,42.020000,-30.059021,-7.774043,-13.363677,-9.826106,2.052064,5.427779,-13.049834,-12.864323,-19.785660,-0.766722
1783945946303,42.040000,-38.227646,1.098039,-13.467567,-9.638646,10.736686,1.955547,-13.147638,-12.967063,-19.202159,-3.582725
1783945946323,42.060000,-20.286190,-7.061194,-13.570090,-8.579673,1.518479,-0.181121,-13.260548,-13.085466,-15.215185,-6.796722
1783945946343,42.080000,-14.981401,-20.174364,-13.671083,-8.443543,-11.730821,-3.849688,-13.388506,-13.219499,-9.011059,-10.057605
1783945946363,42.100000,-15.566426,-26.855583,-13.770445,-9.640530,-17.215053,-10.954980,-13.531372,-13.369039,-1.848678,-12.802575
1783945946383,42.120000,-11.969746,-19.146065,-13.868093,-11.397682,-7.748383,-16.282219,-13.688926,-13.533873,5.284994,-14.387021
1783945946403,42.140000,6.455410,-26.450504,-13.963934,-12.214745,-14.235759,-16.205225,-13.860865,-13.713694,11.329673,-14.317737
1783945946423,42.160000,6.219127,-21.502838,-14.057835,-13.691354,-7.811484,-13.145359,-14.046807,-13.908103,15.240868,-12.433166
1783945946443,42.180000,4.861894,-25.381458,-14.149577,-14.532690,-10.848768,-9.565560,-14.246292,-14.116609,16.652844,-8.923050
1783945946463,42.200000,2.462415,-36.284706,-14.238847,-15.687091,-20.597615,-8.220767,-14.458780,-14.338629,16.072129,-4.253152
1783945946483,42.220000,-0.316597,-23.144785,-14.325251,-17.832387,-5.312398,-8.417012,-14.683657,-14.573489,14.382840,0.903665
1783945946503,42.240000,2.468256,-25.927809,-14.408338,-18.455420,-7.472389,-5.839665,-14.920236,-14.820433,12.337739,5.753237
1783945946523,42.260000,-7.283642,-18.060728,-14.487622,-19.302172,1.241444,-0.846265,-15.167761,-15.078622,10.388324,9.542282
1783945946543,42.280000,-8.943615,-23.407936,-14.562606,-19.279366,-4.128570,3.546842,-15.425413,-15.347141,8.568808,11.739718
1783945946563,42.300000,-1.310170,-25.981224,-14.632802,-19.798787,-6.182437,4.768595,-15.692314,-15.625006,6.368701,12.138077
1783945946583,42.320000,-9.287197,-8.535808,-14.697748,-20.529929,11.994121,5.329877,-15.967532,-15.911168,3.124937,10.862477
1783945946603,42.340000,-12.830867,-4.053260,-14.757010,-19.437308,15.384048,9.808125,-16.250086,-16.204528,-1.205147,8.311039
1783945946623,42.360000,-25.519943,-2.412026,-14.810203,-17.997061,15.585034,15.382325,-16.538957,-16.503937,-5.791646,5.022797
1783945946643,42.380000,-28.242184,-10.045207,-14.857021,-16.527741,6.482534,16.399364,-16.833090,-16.808210,-9.464246,1.494435
1783945946663,42.400000,-31.119799,-0.794063,-14.897280,-15.965334,15.171271,13.156625,-17.131405,-17.116136,-11.483999,-1.953291
1783945946683,42.420000,-22.017029,1.321535,-14.930929,-14.525074,15.846608,10.537877,-17.432799,-17.426486,-11.838588,-5.159407
1783945946703,42.440000,-33.877840,-0.439648,-14.958044,-13.007930,12.568283,9.437764,-17.736161,-17.738020,-10.884258,-7.992495
1783945946723,42.460000,-22.356453,-7.417530,-14.978809,-11.811351,4.393820,6.718985,-18.040374,-18.049504,-8.951532,-10.250340
1783945946743,42.480000,-25.731750,-21.365463,-14.993507,-11.429695,-9.935768,0.108795,-18.344322,-18.359714,-6.253110,-11.676479
1783945946763,42.500000,-28.216127,-18.216183,-15.002496,-12.486095,-5.730088,-8.212819,-18.646903,-18.667444,-2.935370,-12.057815
1783945946783,42.520000,-19.604920,-17.686840,-15.006196,-13.124157,-4.562683,-12.594669,-18.947030,-18.971522,0.641005,-11.317250
1783945946803,42.540000,-7.576384,-23.183037,-15.005068,-13.646634,-9.536403,-12.486389,-19.243641,-19.270812,3.786068,-9.534981
1783945946823,42.560000,-18.376780,-39.113125,-14.999582,-14.669530,-24.443595,-13.299841,-19.535704,-19.564226,6.039965,-6.895505
1783945946843,42.580000,-17.245907,-40.477802,-14.990184,-17.192072,-23.285730,-17.142031,-19.822229,-19.850730,7.561045,-3.632221
1783945946863,42.600000,-12.387567,-33.983230,-14.977302,-19.605900,-14.377330,-18.850901,-20.102267,-20.129352,8.675606,-0.032254
1783945946883,42.620000,-14.404253,-23.352780,-14.961345,-21.131279,-2.221501,-13.648282,-20.374920,-20.399189,9.415117,3.541236
1783945946903,42.640000,-12.598671,-18.818480,-14.942699,-21.438420,2.619940,-3.508852,-20.639349,-20.659413,9.563686,6.697975
1783945946923,42.660000,-13.830871,-26.650452,-14.921720,-21.257151,-5.393301,4.542406,-20.894773,-20.909275,8.850944,9.128459
1783945946943,42.680000,-21.240273,-18.728270,-14.898740,-21.875586,3.147316,7.059261,-21.140483,-21.148114,7.040002,10.668218
1783945946963,42.700000,-18.867908,-6.318729,-14.874078,-21.635843,15.317114,8.894979,-21.375837,-21.375354,3.866395,11.277148
1783945946983,42.720000,-17.355190,-13.180090,-14.848053,-20.172293,6.992203,12.042695,-21.600274,-21.590515,-0.859739,10.995261
1783945947003,42.740000,-34.527390,-11.245894,-14.820992,-19.537064,8.291170,12.628660,-21.813309,-21.793211,-6.756535,9.923995
1783945947023,42.760000,-33.181824,-9.898315,-14.793251,-18.767861,8.869546,10.634734,-22.014543,-21.983152,-12.617828,8.208809
1783945947043,42.780000,-50.405125,-3.698576,-14.765244,-17.936988,14.238412,9.182855,-22.203662,-22.160146,-16.879999,5.993690
1783945947063,42.800000,-49.701645,-9.664431,-14.737484,-16.564959,6.900528,8.433121,-22.380439,-22.324097,-18.518409,3.375182
1783945947083,42.820000,-38.011170,-10.572420,-14.710603,-15.923833,5.351413,6.215512,-22.544736,-22.475006,-17.758151,0.427254
1783945947103,42.840000,-34.346893,-2.029578,-14.685338,-15.435029,13.405451,3.900005,-22.696506,-22.612968,-15.754905,-2.680702
1783945947123,42.860000,-39.319923,-0.172241,-14.662487,-14.137761,13.965520,4.222575,-22.835787,-22.738170,-13.442529,-5.578257
1783945947143,42.880000,-33.511692,-0.126652,-14.642873,-12.781848,12.655196,5.535130,-22.962708,-22.850885,-10.891842,-7.741690
1783945947163,42.900000,-38.334873,3.690727,-14.627328,-11.554823,15.245550,5.781365,-23.077479,-22.951470,-7.615571,-8.704144
1783945947183,42.920000,-31.839130,1.283214,-14.616684,-10.066979,11.350193,4.856189,-23.180397,-23.040363,-3.271311,-8.273246
1783945947203,42.940000,-20.576195,-10.366102,-14.611754,-8.967321,-1.398781,1.226348,-23.271835,-23.118073,1.793775,-6.584277
1783945947223,42.960000,-17.712654,-14.618115,-14.613298,-9.141280,-5.476835,-5.674546,-23.352241,-23.185177,6.633277,-3.972855
1783945947243,42.980000,-12.854036,-16.163225,-14.621980,-9.721641,-6.441584,-12.212972,-23.422135,-23.242315,10.271098,-0.800232
1783945947263,43.000000,-4.735429,-31.920270,-14.638343,-10.397028,-21.523242,-16.923694,-23.482101,-23.290184,12.213738,2.640735
1783945947283,43.020000,-20.134146,-30.059021,-14.662785,-12.578585,-17.480436,-20.720925,-23.532784,-23.329528,12.684378,6.106558
1783945947303,43.040000,-15.615716,-38.227646,-14.695569,-14.354141,-23.873505,-22.305414,-23.574883,-23.361137,12.238164,9.320672
1783945947323,43.060000,-12.053728,-20.286190,-14.736846,-16.767322,-3.518868,-19.239142,-23.609147,-23.385840,10.960866,11.925172
1783945947343,43.080000,-11.377388,-14.981401,-14.786670,-17.144619,2.163218,-10.068149,-23.636365,-23.404496,8.348967,13.543342
1783945947363,43.100000,-11.756377,-15.566426,-14.844995,-16.953854,1.387428,0.473831,-23.657367,-23.417992,4.107736,13.928195
1783945947383,43.120000,-30.257046,-11.969746,-14.911687,-16.841069,4.871323,6.646843,-23.673011,-23.427234,-1.134669,13.065117
1783945947403,43.140000,-29.399776,6.455410,-14.986555,-16.380529,22.835939,10.833473,-23.684182,-23.433145,-6.044262,11.116948
1783945947423,43.160000,-37.302340,6.219127,-15.069403,-14.123961,20.343088,16.040421,-23.691784,-23.436657,-9.462733,8.279105
1783945947443,43.180000,-33.199875,4.861894,-15.160064,-12.116443,16.978337,18.730594,-23.696733,-23.438707,-11.037477,4.713951
1783945947463,43.200000,-29.778801,2.462415,-15.258410,-10.444493,12.906908,16.199149,-23.699955,-23.440231,-11.164914,0.621674
1783945947483,43.220000,-27.242378,-0.316597,-15.364343,-9.178242,8.861645,10.427131,-23.702377,-23.442159,-10.367692,-3.650924
1783945947503,43.240000,-35.165947,2.468256,-15.477779,-8.314741,10.782996,4.808422,-23.704921,-23.445410,-8.673214,-7.602531
1783945947523,43.260000,-28.538765,-7.283642,-15.598636,-7.256454,-0.027189,0.499538,-23.708503,-23.450891,-5.700082,-10.711086
1783945947543,43.280000,-25.464588,-8.943615,-15.726838,-7.277600,-1.666015,-3.874461,-23.714024,-23.459484,-1.267326,-12.612205
1783945947563,43.300000,-19.257195,-1.310170,-15.862298,-7.461310,6.151140,-6.485469,-23.722364,-23.472053,4.226654,-13.186093
1783945947583,43.320000,-6.840769,-9.287197,-16.004891,-6.860217,-2.426980,-6.147836,-23.734384,-23.489429,9.915734,-12.506635
1783945947603,43.340000,-8.631705,-12.830867,-16.154416,-7.115807,-5.715060,-6.390893,-23.750914,-23.512415,14.912992,-10.731582
1783945947623,43.360000,0.854009,-25.519943,-16.310568,-7.700390,-17.819553,-9.634839,-23.772753,-23.541780,18.733538,-8.044686
1783945947643,43.380000,-9.614474,-28.242184,-16.472918,-9.500521,-18.741663,-14.730262,-23.800670,-23.578255,21.299964,-4.680807
1783945947663,43.400000,0.500266,-31.119799,-16.640922,-11.400008,-19.719791,-18.196872,-23.835391,-23.622534,22.507850,-0.981113
1783945947683,43.420000,1.663743,-22.017029,-16.813930,-13.406734,-8.610295,-16.762103,-23.877610,-23.675272,21.891572,2.605975
1783945947703,43.440000,1.454654,-33.877840,-16.991188,-14.308596,-19.569244,-12.008599,-23.927977,-23.737083,18.981811,5.619463
1783945947723,43.460000,-7.490771,-22.356453,-17.171844,-16.319220,-6.037233,-7.454749,-23.987102,-23.808541,14.014710,7.710291
1783945947743,43.480000,-20.257719,-25.731750,-17.354982,-16.983837,-8.747913,-2.959460,-24.055558,-23.890182,8.077237,8.684764
1783945947763,43.500000,-24.278603,-28.216127,-17.539669,-17.929100,-10.287027,0.411854,-24.133875,-23.982502,2.429095,8.444427
1783945947783,43.520000,-25.733097,-19.604920,-17.725019,-19.039724,-0.565196,2.424280,-24.222544,-24.085960,-2.305173,6.929211
1783945947803,43.540000,-26.248470,-7.576384,-17.910221,-19.183930,11.607545,6.831219,-24.322022,-24.200977,-6.241987,4.167541
1783945947823,43.560000,-37.188670,-18.376780,-18.094557,-18.108039,-0.268741,12.029615,-24.432725,-24.327943,-9.741299,0.386294
1783945947843,43.580000,-32.929794,-17.245907,-18.277412,-18.224974,0.979067,12.680332,-24.555039,-24.467212,-13.020719,-3.958798
1783945947863,43.600000,-38.953224,-12.387567,-18.458294,-18.221305,5.833738,10.418094,-24.689316,-24.619109,-15.998827,-8.284765
1783945947883,43.620000,-42.397350,-14.404253,-18.636830,-17.732293,3.328040,9.045414,-24.835878,-24.783928,-18.146828,-12.037164
1783945947903,43.640000,-53.131077,-12.598671,-18.812783,-17.495586,4.896915,8.323501,-24.995017,-24.961935,-18.689127,-14.812939
1783945947923,43.660000,-38.651695,-13.830871,-18.986057,-17.102116,3.271245,7.522383,-25.166999,-25.153368,-17.275660,-16.419533
1783945947943,43.680000,-39.668380,-21.240273,-19.156694,-16.872430,-4.367843,5.467324,-25.352063,-25.358438,-14.306534,-16.849070
1783945947963,43.700000,-34.313988,-18.867908,-19.324838,-17.414382,-1.453526,2.070714,-25.550423,-25.577330,-10.503822,-16.173336
1783945947983,43.720000,-38.669170,-17.355190,-19.490701,-17.670179,0.314989,0.006146,-25.762269,-25.810201,-6.498848,-14.450541
1783945948003,43.740000,-23.767485,-34.527390,-19.654539,-17.752894,-16.774496,-1.870416,-25.987766,-26.057181,-2.883178,-11.733818
1783945948023,43.760000,-28.439775,-33.181824,-19.816620,-19.563881,-13.617943,-6.133207,-26.227053,-26.318374,-0.199144,-8.143648
1783945948043,43.780000,-27.596056,-50.405125,-19.977206,-21.076133,-29.328992,-11.490486,-26.480247,-26.593854,1.278591,-3.908478
1783945948063,43.800000,-19.668892,-49.701645,-20.136530,-24.191143,-25.510502,-16.255995,-26.747439,-26.883664,1.600204,0.648395
1783945948083,43.820000,-23.092834,-38.011170,-20.294790,-26.952976,-11.058194,-16.061608,-27.028692,-27.187819,1.232781,5.149238
1783945948103,43.840000,-38.265396,-34.346893,-20.452143,-28.285345,-6.061548,-8.529856,-27.324044,-27.506299,1.093871,9.206914
1783945948123,43.860000,-31.118954,-39.319923,-20.608723,-29.129357,-10.190566,0.254917,-27.633502,-27.839051,1.790419,12.453856
1783945948143,43.880000,-16.451435,-33.511692,-20.764665,-30.401356,-3.110336,5.198686,-27.957046,-28.185987,2.765275,14.578580
1783945948163,43.900000,-21.214058,-38.334873,-20.920086,-30.973901,-7.360972,6.875723,-28.294622,-28.546981,2.834978,15.425243
1783945948183,43.920000,-26.108772,-31.839130,-21.075062,-31.983733,0.144603,7.171424,-28.646146,-28.921870,1.493754,15.105229
1783945948203,43.940000,-36.116173,-20.576195,-21.229624,-32.248167,11.671972,9.329312,-29.011496,-29.310448,-0.757633,13.959862
1783945948223,43.960000,-32.150482,-17.712654,-21.383794,-31.354330,13.641676,14.271939,-29.390516,-29.712471,-3.169063,12.346722
1783945948243,43.980000,-31.313873,-12.854036,-21.537604,-30.255817,17.401781,18.620123,-29.783014,-30.127650,-5.355060,10.457223
1783945948263,44.000000,-36.689117,-4.735429,-21.691107,-28.769825,24.034396,20.943547,-30.188755,-30.555652,-7.138875,8.336711
1783945948283,44.020000,-40.531204,-20.134146,-21.844378,-26.602896,6.468750,19.640278,-30.607466,-30.996099,-8.246337,6.020250
1783945948303,44.040000,-41.910053,-15.615716,-21.997523,-26.189494,10.573778,13.345991,-31.038831,-31.448568,-8.481403,3.605046
1783945948323,44.060000,-34.152840,-12.053728,-22.150691,-25.358475,13.304747,7.037432,-31.482492,-31.912590,-8.016610,1.228477
1783945948343,44.080000,-30.028603,-11.377388,-22.304065,-24.244436,12.867048,4.482248,-31.938043,-32.387649,-7.106281,-0.952431
1783945948363,44.100000,-39.903700,-11.756377,-22.457837,-23.164168,11.407791,3.718010,-32.405036,-32.873181,-5.426000,-2.746175
1783945948383,44.120000,-40.321270,-30.257046,-22.612200,-22.220645,-8.036401,0.356781,-32.882977,-33.368579,-2.119735,-3.956149
1783945948403,44.140000,-31.580236,-29.399776,-22.767356,-23.227647,-6.172129,-7.076795,-33.371322,-33.876919,3.215872,-4.479394
1783945948423,44.160000,-18.863314,-37.302340,-22.923507,-24.052357,-13.249983,-14.207870,-33.869483,-34.394477,9.849157,-4.359426
1783945948443,44.180000,-12.935617,-33.199875,-23.080817,-25.594156,-7.605719,-17.384909,-34.376828,-34.920540,16.365410,-3.701310
1783945948463,44.200000,-10.760450,-29.778801,-23.239363,-26.576122,-3.202679,-15.594580,-34.892676,-35.454356,21.602195,-2.541752
1783945948483,44.220000,-13.125699,-27.242378,-23.399106,-27.118830,-0.123548,-10.290723,-35.416305,-35.995132,25.051315,-0.845838
1783945948503,44.240000,-9.547937,-35.165947,-23.559885,-27.352285,-7.813662,-5.986188,-35.946953,-36.542032,26.540202,1.352734
1783945948523,44.260000,-10.134273,-28.538765,-23.721431,-28.359172,-0.179593,-4.599296,-36.483816,-37.094184,25.810725,3.825681
1783945948543,44.280000,-12.875973,-25.464588,-23.883376,-28.601399,3.136811,-3.189739,-37.026059,-37.650684,22.522731,6.166804
1783945948563,44.300000,-13.236664,-19.257195,-24.045267,-28.508345,9.251150,0.152934,-37.572815,-38.210600,16.650794,7.923804
1783945948583,44.320000,-30.462809,-6.840769,-24.206592,-27.795821,20.955052,5.487740,-38.123190,-38.772979,8.946659,8.729354
1783945948603,44.340000,-38.007595,-8.631705,-24.366828,-25.896494,17.264789,11.121307,-38.676272,-39.336854,0.957686,8.349117
1783945948623,44.360000,-50.243122,0.854009,-24.525496,-24.352511,25.206520,14.269308,-39.231134,-39.901248,-5.627590,6.661253
1783945948643,44.380000,-45.816124,-9.614474,-24.682223,-21.995089,12.380615,13.647709,-39.786838,-40.465183,-9.744213,3.649179
1783945948663,44.400000,-53.670180,0.500266,-24.836771,-20.910094,21.410360,9.992243,-40.342446,-41.027685,-11.167729,-0.537409
1783945948683,44.420000,-54.607033,1.663743,-24.989045,-18.905679,20.569422,7.030248,-40.897026,-41.587795,-10.337750,-5.503260
1783945948703,44.440000,-49.213980,1.454654,-25.139092,-16.969597,18.424250,5.700915,-41.449653,-42.144572,-8.255565,-10.616664
1783945948723,44.460000,-47.211235,-7.490771,-25.287086,-15.233881,7.743110,2.829689,-41.999422,-42.697099,-6.278065,-15.132628
1783945948743,44.480000,-45.815660,-20.257719,-25.433301,-14.559551,-5.698168,-4.027596,-42.545450,-43.244493,-5.545734,-18.359608
1783945948763,44.500000,-45.909943,-24.278603,-25.578076,-15.231800,-9.046803,-13.293884,-43.086884,-43.785908,-6.361914,-19.804390
1783945948783,44.520000,-61.117660,-25.733097,-25.721811,-16.243687,-9.489410,-19.925169,-43.622905,-44.320543,-8.026300,-19.284727
1783945948803,44.540000,-56.503334,-26.248470,-25.864965,-17.305017,-8.943453,-21.305291,-44.152734,-44.847643,-9.425703,-16.999979
1783945948823,44.560000,-55.414047,-37.188670,-26.008077,-18.316753,-18.871917,-20.113160,-44.675635,-45.366507,-9.868522,-13.495236
1783945948843,44.580000,-56.880960,-32.929794,-26.151759,-20.333012,-12.596782,-18.990304,-45.190923,-45.876487,-9.284596,-9.478385
1783945948863,44.600000,-58.647960,-38.953224,-26.296682,-21.729655,-17.223569,-17.262039,-45.697960,-46.376997,-7.977579,-5.573400
1783945948883,44.620000,-49.121754,-42.397350,-26.443562,-23.600189,-18.797161,-15.409000,-46.196166,-46.867510,-6.465957,-2.155529
1783945948903,44.640000,-56.376590,-53.131077,-26.593139,-25.640696,-27.490381,-15.140493,-46.685013,-47.347560,-5.244795,0.665923
1783945948923,44.660000,-49.491386,-38.651695,-26.746157,-28.569062,-10.082633,-14.145892,-47.164035,-47.816745,-4.466143,2.964960
1783945948943,44.680000,-62.778854,-39.668380,-26.903355,-29.764795,-9.903585,-8.740809,-47.632819,-48.274724,-3.947901,4.884151
1783945948963,44.700000,-49.226845,-34.313988,-27.065466,-30.951215,-3.362773,-0.939806,-48.091014,-48.721218,-3.542732,6.526516
1783945948983,44.720000,-54.376460,-38.669170,-27.233210,-31.488646,-7.180524,4.956691,-48.538324,-49.156007,-3.340572,7.905861
1783945949003,44.740000,-48.623250,-23.767485,-27.407284,-32.415835,8.648350,8.998697,-48.974509,-49.578929,-3.355707,8.985577
1783945949023,44.760000,-64.225450,-28.439775,-27.588346,-31.758800,3.319025,12.861727,-49.399385,-49.989876,-3.239390,9.742958
1783945949043,44.780000,-52.152220,-27.596056,-27.777024,-31.637004,4.040948,14.732856,-49.812819,-50.388791,-2.620829,10.175699
1783945949063,44.800000,-54.039955,-19.668892,-27.973917,-31.445126,11.776234,14.747254,-50.214725,-50.775664,-1.579752,10.269779
1783945949083,44.820000,-47.727960,-23.092834,-28.179591,-30.477131,7.384297,14.878355,-50.605065,-51.150527,-0.489525,10.013183
1783945949103,44.840000,-56.158670,-38.265396,-28.394554,-29.948424,-8.316972,12.018565,-50.983841,-51.513451,0.460657,9.454590
1783945949123,44.860000,-47.803250,-31.118954,-28.619254,-30.999729,-0.119225,5.768340,-51.351094,-51.864538,1.375297,8.716317
1783945949143,44.880000,-54.220080,-16.451435,-28.854075,-31.235906,14.784471,3.640667,-51.706897,-52.203920,2.445344,7.930678
1783945949163,44.900000,-47.029926,-21.214058,-29.099336,-29.976569,8.762511,7.592601,-52.051353,-52.531749,3.766557,7.172958
1783945949183,44.920000,-53.873165,-26.108772,-29.355292,-29.317719,3.208947,10.165564,-52.384588,-52.848194,5.207754,6.452515
1783945949203,44.940000,-37.971060,-36.116173,-29.622127,-29.215770,-6.900403,6.752163,-52.706747,-53.153435,6.382771,5.748142
1783945949223,44.960000,-49.236390,-32.150482,-29.899942,-30.132809,-2.017673,0.398841,-53.017991,-53.447659,6.942119,5.050919
1783945949243,44.980000,-42.554947,-31.313873,-30.188750,-30.566300,-0.747573,-3.238062,-53.318487,-53.731051,6.948216,4.383362
1783945949263,45.000000,-54.020960,-36.689117,-30.488477,-30.876572,-5.812545,-3.625103,-53.608412,-53.703722,6.796045,3.771535
1783945949283,45.020000,-46.776410,-40.531204,-30.798980,-31.700707,-8.830497,-4.143918,-53.887938,-53.972430,6.692716,3.188535
1783945949303,45.040000,-44.098465,-41.910053,-31.120057,-32.836406,-9.073647,-5.557769,-54.157238,-54.231201,6.315254,2.538759
1783945949323,45.060000,-43.091583,-34.152840,-31.451450,-34.006760,-0.146080,-5.386367,-54.416473,-54.480185,5.165944,1.725716
1783945949343,45.080000,-53.464530,-30.028603,-31.792831,-34.288384,4.259781,-1.759013,-54.665794,-54.719517,3.217439,0.736379
1783945949363,45.100000,-52.788555,-39.903700,-32.143822,-34.130174,-5.773526,1.902643,-54.905338,-54.949314,0.976249,-0.361879
1783945949383,45.120000,-54.408260,-40.321270,-32.504015,-34.984029,-5.337241,1.515965,-55.135222,-55.169675,-0.973425,-1.506028
1783945949403,45.140000,-56.866170,-31.580236,-32.872993,-35.803092,4.222856,0.138686,-55.355541,-55.380673,-2.269963,-2.695076
1783945949423,45.160000,-55.828403,-18.863314,-33.250336,-35.667467,16.804153,3.196881,-55.566367,-55.582358,-2.802517,-3.956565
1783945949443,45.180000,-57.313858,-12.935617,-33.635632,-34.264338,21.328721,10.371326,-55.767747,-55.774752,-2.682538,-5.274062
1783945949463,45.200000,-58.454040,-10.760450,-34.028474,-32.394909,21.634459,16.549736,-55.959698,-55.957849,-2.231040,-6.556473
1783945949483,45.220000,-49.332222,-13.125699,-34.428463,-30.480077,17.354378,17.709328,-56.142208,-56.131611,-1.906177,-7.659437
1783945949503,45.240000,-57.368180,-9.547937,-34.835195,-28.981631,19.433694,14.483751,-56.315236,-56.295970,-1.996768,-8.421512
1783945949523,45.260000,-56.468925,-10.134273,-35.248259,-27.261174,17.126901,10.131472,-56.478707,-56.450828,-2.339913,-8.705636
1783945949543,45.280000,-58.638054,-12.875973,-35.667236,-25.758930,12.882957,5.931911,-56.632515,-56.596051,-2.494931,-8.452962
1783945949563,45.300000,-59.393880,-13.236664,-36.091712,-24.672285,11.435621,1.755031,-56.776520,-56.731477,-2.169099,-7.724719
1783945949583,45.320000,-58.999084,-30.462809,-36.521285,-23.722764,-6.740045,-3.768713,-56.910551,-56.856908,-1.532690,-6.689794
1783945949603,45.340000,-48.048977,-38.007595,-36.955558,-24.601407,-13.406188,-12.206861,-57.034405,-56.972117,-1.191255,-5.545736
1783945949623,45.360000,-52.250206,-50.243122,-37.394129,-26.164741,-24.078381,-21.408678,-57.147846,-57.076845,-1.573948,-4.418312
1783945949643,45.380000,-54.386340,-45.816124,-37.836569,-28.825386,-16.990738,-26.937460,-57.250610,-57.170806,-2.178512,-3.316292
1783945949663,45.400000,-73.502300,-53.670180,-38.282432,-30.801118,-22.869062,-26.769243,-57.342403,-57.253683,-1.752808,-2.195041
1783945949683,45.420000,-50.672356,-54.607033,-38.731279,-33.395733,-21.211300,-23.472047,-57.422904,-57.325135,0.444112,-1.085608
1783945949703,45.440000,-52.429363,-49.213980,-39.182695,-35.854860,-13.359120,-18.618547,-57.491768,-57.384798,3.793266,-0.134352
1783945949723,45.460000,-42.903522,-47.211235,-39.636264,-37.551333,-9.659902,-11.831517,-57.548627,-57.432285,6.885126,0.528781
1783945949743,45.480000,-51.429268,-45.815660,-40.091531,-38.896868,-6.918792,-4.881990,-57.593094,-57.467193,8.529594,0.950241
1783945949763,45.500000,-43.745010,-45.909943,-40.547990,-39.984516,-5.925427,0.209656,-57.624765,-57.489103,8.151487,1.342560
1783945949783,45.520000,-49.776314,-61.117660,-41.005094,-40.988055,-20.129605,1.140560,-57.643222,-57.497583,5.798509,1.910012
1783945949803,45.540000,-56.383606,-56.503334,-41.462256,-43.443210,-13.060124,-1.804620,-57.648041,-57.492195,2.124112,2.689350
1783945949823,45.560000,-56.862990,-55.414047,-41.918877,-45.214824,-10.199223,-3.294653,-57.638788,-57.472497,-1.822727,3.517831
1783945949843,45.580000,-65.236880,-56.880960,-42.374372,-46.720431,-10.160529,-1.272214,-57.615032,-57.438049,-4.989442,4.105043
1783945949863,45.600000,-66.989815,-58.647960,-42.828199,-48.241963,-10.405997,1.485895,-57.576344,-57.388412,-6.705200,4.148550
1783945949883,45.620000,-58.720097,-49.121754,-43.279875,-49.807783,0.686029,4.543239,-57.522300,-57.323160,-6.926425,3.456124
1783945949903,45.640000,-66.428070,-56.376590,-43.728977,-50.271176,-6.105414,7.915644,-57.452492,-57.241881,-6.070678,2.042785
1783945949923,45.660000,-60.969078,-49.491386,-44.175138,-51.427613,1.936227,9.964510,-57.366528,-57.144179,-4.650991,0.153378
1783945949943,45.680000,-58.934770,-62.778854,-44.618031,-51.784206,-10.994648,9.635800,-57.264036,-57.029684,-3.122519,-1.811568
1783945949963,45.700000,-56.253475,-49.226845,-45.057363,-53.452134,4.225289,8.064064,-57.144672,-56.898053,-1.725376,-3.427056
1783945949983,45.720000,-65.372510,-54.376460,-45.492856,-53.598788,-0.777672,8.192783,-57.008123,-56.748976,-0.346700,-4.368237
1783945950003,45.740000,-46.494446,-48.623250,-45.924246,-54.251459,5.628209,9.734429,-56.854109,-56.582181,1.300627,-4.485542
1783945950023,45.760000,-64.901130,-64.225450,-46.351273,-54.261678,-9.963772,9.258551,-56.682391,-56.397435,3.472687,-3.816780
1783945950043,45.780000,-48.785164,-52.152220,-46.773677,-55.845774,3.693554,6.493570,-56.492775,-56.194554,6.223744,-2.545432
1783945950063,45.800000,-50.463985,-54.039955,-47.191186,-56.063469,2.023514,5.411488,-56.285112,-55.973402,9.144542,-0.924943
1783945950083,45.820000,-45.344765,-47.727960,-47.603508,-56.448828,8.720868,7.094516,-56.059307,-55.733901,11.423937,0.803155
1783945950103,45.840000,-49.778890,-56.158670,-48.010317,-56.157541,-0.001129,8.407449,-55.815321,-55.476027,12.174205,2.463227
1783945950123,45.860000,-39.966408,-47.803250,-48.411241,-56.740303,8.937053,7.930074,-55.553172,-55.199821,10.668485,3.951546
1783945950143,45.880000,-49.656017,-54.220080,-48.805867,-56.421332,2.201252,6.773163,-55.272942,-54.905389,6.727091,5.201187
1783945950163,45.900000,-54.433662,-47.029926,-49.193746,-56.774538,9.744612,5.751227,-54.974779,-54.592907,1.156997,6.136171
1783945950183,45.920000,-64.380264,-53.873165,-49.574420,-56.363897,2.490732,4.823392,-54.658898,-54.262623,-4.360589,6.636087
1783945950203,45.940000,-76.210300,-37.971060,-49.947468,-56.675990,18.704930,4.962722,-54.325586,-53.914859,-8.102238,6.516487
1783945950223,45.960000,-64.650710,-49.236390,-50.312551,-55.347628,6.111238,6.213570,-53.975203,-53.550014,-9.368263,5.561416
1783945950243,45.980000,-58.483665,-42.554947,-50.669430,-55.271606,12.716659,5.999207,-53.608181,-53.168566,-8.764799,3.655119
1783945950263,46.000000,-63.793358,-54.020960,-51.017942,-54.521365,0.500405,3.257164,-53.225030,-52.771071,-7.315347,0.955507
1783945950283,46.020000,-59.359580,-46.776410,-51.357973,-54.990256,8.213846,-0.531268,-52.826334,-52.358168,-5.548732,-2.054582
1783945950303,46.040000,-67.202644,-44.098465,-51.689448,-54.677783,10.579318,-2.154073,-52.412753,-51.930570,-3.518077,-4.731529
1783945950323,46.060000,-49.757236,-43.091583,-52.012328,-54.116371,11.024788,-0.891361,-51.985020,-51.489073,-1.308757,-6.541944
1783945950343,46.080000,-61.084457,-53.464530,-52.326598,-53.497465,0.032935,-0.783897,-51.543942,-51.034547,0.741605,-7.230230
1783945950363,46.100000,-48.717340,-52.788555,-52.632249,-53.974144,1.185589,-3.888715,-51.090396,-50.567937,2.150558,-6.807910
1783945950383,46.120000,-53.666940,-54.408260,-52.929262,-54.330557,-0.077703,-7.453925,-50.625329,-50.090258,2.404872,-5.460558
1783945950403,46.140000,-43.407013,-56.866170,-53.217598,-54.808962,-2.057208,-9.326577,-50.149751,-49.602593,1.208288,-3.464805
1783945950423,46.160000,-58.631920,-55.828403,-53.497187,-55.482177,-0.346226,-9.678434,-49.664732,-49.106085,-1.127367,-1.134503
1783945950443,46.180000,-55.292324,-57.313858,-53.767938,-55.979370,-1.334488,-8.847017,-49.171399,-48.601939,-3.694518,1.204463
1783945950463,46.200000,-61.637596,-58.454040,-54.029757,-56.570873,-1.883167,-7.758186,-48.670930,-48.091407,-5.567205,3.217734
1783945950483,46.220000,-53.783165,-49.332222,-54.282571,-57.212790,7.880568,-5.809126,-48.164550,-47.575787,-6.337950,4.589715
1783945950503,46.240000,-52.778060,-57.368180,-54.526328,-56.866400,-0.501780,-3.058392,-47.653519,-47.056417,-6.087031,5.113972
1783945950523,46.260000,-55.544380,-56.468925,-54.760988,-57.352301,0.883376,-2.142789,-47.139134,-46.534664,-4.980707,4.795440
1783945950543,46.280000,-53.986640,-58.638054,-54.986512,-57.692539,-0.945515,-3.054667,-46.622717,-46.011918,-3.145041,3.858893
1783945950563,46.300000,-50.849228,-59.393880,-55.202866,-58.209565,-1.184315,-4.071564,-46.105606,-45.489583,-0.985479,2.641150
1783945950583,46.320000,-40.801895,-58.999084,-55.410010,-58.744275,-0.254809,-4.406727,-45.589152,-44.969069,0.654177,1.462520
1783945950603,46.340000,-40.903667,-48.048977,-55.607881,-59.178975,11.129998,-2.404219,-45.074708,-44.451782,0.958310,0.571232
1783945950623,46.360000,-40.281456,-52.250206,-55.796366,-58.460835,6.210629,1.670132,-44.563622,-43.939115,-0.125483,0.144397
1783945950643,46.380000,-49.529964,-54.386340,-55.975303,-58.223325,3.836985,3.863927,-44.057228,-43.432441,-1.650890,0.262453
1783945950663,46.400000,-52.246006,-73.502300,-56.144494,-58.213157,-15.289143,0.498319,-43.556838,-42.933102,-2.328371,0.838400
1783945950683,46.420000,-41.803898,-50.672356,-56.303735,-60.116115,9.443759,-4.517654,-43.063735,-42.442399,-1.572478,1.590739
1783945950703,46.440000,-36.059853,-52.429363,-56.452825,-59.531972,7.102609,-3.364031,-42.579163,-41.961585,0.163305,2.155255
1783945950723,46.460000,-36.470830,-42.903522,-56.591543,-59.169298,16.265776,2.794679,-42.104321,-41.491858,2.046597,2.292661
1783945950743,46.480000,-35.964546,-51.429268,-56.719625,-57.872878,6.443610,7.515963,-41.640353,-41.034348,3.539617,2.018967
1783945950763,46.500000,-35.123230,-43.745010,-56.836767,-57.546191,13.801181,8.252640,-41.188342,-40.590114,4.413211,1.543827
1783945950783,46.520000,-35.426834,-49.776314,-56.942625,-56.467658,6.691344,6.537160,-40.749304,-40.160136,4.419212,1.090612
1783945950803,46.540000,-27.280643,-56.383606,-57.036826,-56.087327,-0.296279,2.845208,-40.324181,-39.745308,3.162258,0.767751
1783945950823,46.560000,-32.519990,-56.862990,-57.118961,-56.395879,-0.467111,-2.236267,-39.913832,-39.346430,0.445438,0.568312
1783945950843,46.580000,-36.314976,-65.236880,-57.188593,-56.711391,-8.525489,-6.660795,-39.519034,-38.964208,-3.234461,0.430445
1783945950863,46.600000,-47.814260,-66.989815,-57.245270,-57.825476,-9.164339,-10.050445,-39.140470,-38.599245,-6.767172,0.261268
1783945950883,46.620000,-38.052110,-58.720097,-57.288568,-58.995849,0.275752,-10.489536,-38.778730,-38.252041,-9.120387,-0.081735
1783945950903,46.640000,-44.594280,-66.428070,-57.318110,-59.210712,-7.217358,-7.696051,-38.434306,-37.922988,-9.828619,-0.769621
1783945950923,46.660000,-37.456028,-60.969078,-57.333576,-60.165677,-0.803401,-4.779783,-38.107588,-37.612369,-8.909601,-1.900577
1783945950943,46.680000,-37.356506,-58.934770,-57.334693,-60.467554,1.532784,-2.040042,-37.798864,-37.320360,-6.604502,-3.394571
1783945950963,46.700000,-36.029503,-56.253475,-57.321226,-60.523225,4.269750,1.110945,-37.508318,-37.047022,-3.250558,-4.985751
1783945950983,46.720000,-34.254723,-65.372510,-57.292969,-60.291760,-5.080750,2.491964,-37.236029,-36.792314,0.594328,-6.323875
1783945951003,46.740000,-15.214652,-46.494446,-57.249733,-60.984302,14.489856,2.999099,-36.981974,-36.556082,4.041686,-7.098202
1783945951023,46.760000,-25.980783,-64.901130,-57.191318,-59.703824,-5.197306,4.125270,-36.746024,-36.338073,6.317299,-7.101962
1783945951043,46.780000,-12.797343,-48.785164,-57.117488,-60.380766,11.595602,4.231846,-36.527953,-36.137930,7.418592,-6.246335
1783945951063,46.800000,-35.207565,-50.463985,-57.027964,-59.363555,8.899570,5.139257,-36.327436,-35.955203,8.111290,-4.586205
1783945951083,46.820000,-16.139965,-45.344765,-56.922445,-58.601922,13.257157,7.378913,-36.144055,-35.789351,9.134336,-2.370032
1783945951103,46.840000,-19.927612,-49.778890,-56.800624,-57.390131,7.611241,8.257688,-35.977304,-35.639752,10.464688,-0.023865
1783945951123,46.860000,-18.132452,-39.966408,-56.662189,-56.729735,16.763327,7.889957,-35.826597,-35.505705,11.404011,1.994235
1783945951143,46.880000,-12.397270,-49.656017,-56.506815,-55.140190,5.484173,6.887745,-35.691270,-35.386446,11.128935,3.377775
1783945951163,46.900000,-19.794292,-54.433662,-56.334164,-54.666214,0.232552,3.353056,-35.570594,-35.281151,9.213624,4.052969
1783945951183,46.920000,-22.485767,-64.380264,-56.143891,-54.705502,-9.674762,-3.195581,-35.463778,-35.188947,5.967089,4.114459
1783945951203,46.940000,-22.188595,-76.210300,-55.935669,-55.723872,-20.486428,-11.224426,-35.369985,-35.108924,2.408217,3.695455
1783945951223,46.960000,-42.969284,-64.650710,-55.709214,-57.811295,-6.839415,-16.613453,-35.288334,-35.040143,-0.103473,2.872366
1783945951243,46.980000,-30.268840,-58.483665,-55.464325,-58.520820,0.037155,-14.130912,-35.217919,-34.981650,-0.643305,1.638408
1783945951263,47.000000,-34.474937,-63.793358,-55.200912,-58.529160,-5.264198,-6.974218,-35.157808,-34.932484,0.538035,-0.042775
1783945951283,47.020000,-25.222218,-59.359580,-54.918992,-59.053588,-0.305992,-1.722846,-35.107067,-34.891688,2.149219,-2.120745
1783945951303,47.040000,-24.357464,-67.202644,-54.618671,-59.068091,-8.134553,-0.086322,-35.064759,-34.858324,2.762517,-4.355770
1783945951323,47.060000,-31.627090,-49.757236,-54.300121,-59.850292,10.093056,0.692243,-35.029961,-34.831475,1.750765,-6.330862
1783945951343,47.080000,-34.897970,-61.084457,-53.963574,-58.796425,-2.288032,2.895016,-35.001773,-34.806928,-0.394744,-7.616964
