time_ms,time_s,mixed_xF,wang_resp_fir,current_app_direction_diff,wang_aligned_diff_ma10_delay5,selected_ma6_delay3_lpnone,wang_narrow_fir,current_app_cleanHeart
1783945904263,0.000000,17.940994,0.000041,13.417573,-1.794099,-2.990166,-0.000059,0.570752
1783945904283,0.020000,-10.289196,0.000020,-13.167309,-0.765180,-1.275300,-0.000026,1.295219
1783945904303,0.040000,18.036854,0.000061,16.015400,-2.568865,-4.281442,-0.000082,2.153083
1783945904323,0.060000,-15.326513,0.000029,-17.920343,-1.036214,16.213971,-0.000028,3.022905
1783945904343,0.080000,13.659899,0.000060,11.175169,-2.402204,-14.292869,-0.000065,3.745337
1783945904363,0.100000,-11.858107,0.000035,-13.604617,16.724601,16.009532,-0.000017,4.176191
1783945904383,0.120000,17.460419,0.000074,14.844688,-13.251631,-17.273739,-0.000063,4.233295
1783945904403,0.140000,-5.404890,0.000063,-7.639950,15.614908,10.898622,-0.000036,3.937867
1783945904423,0.160000,29.313377,0.000129,26.585451,-20.679797,-16.498805,-0.000123,3.430117
1783945904443,0.180000,-8.054814,0.000113,-9.694324,9.112097,11.607772,-0.000089,2.930085
1783945904463,0.200000,35.932384,0.000194,33.614964,-18.205048,-14.969618,-0.000198,2.647726
1783945904483,0.220000,-5.652682,0.000184,-8.343144,10.649826,18.714411,-0.000173,2.692584
1783945904503,0.240000,29.190195,0.000250,25.541600,-13.330816,-20.608742,-0.000261,3.030452
1783945904523,0.260000,-9.399142,0.000229,-13.522377,20.794713,24.044164,-0.000223,3.495477
1783945904543,0.280000,36.676240,0.000308,32.128742,-18.875112,-18.768046,-0.000335,3.848426
1783945904563,0.300000,4.088596,0.000315,-2.258040,23.517416,14.050930,-0.000345,3.877775
1783945904583,0.320000,33.979782,0.000385,27.169493,-19.719587,-24.212973,-0.000454,3.509048
1783945904603,0.340000,-7.056223,0.000361,-14.981846,15.288424,22.096332,-0.000434,2.826599
1783945904623,0.360000,38.756676,0.000433,30.238316,-24.245243,-12.085725,-0.000567,1.972716
1783945904643,0.380000,2.904653,0.000423,-7.915342,20.734192,15.754828,-0.000593,1.039874
1783945904663,0.400000,23.368622,0.000451,10.953957,-10.597075,-23.063241,-0.000693,0.060825
1783945904683,0.420000,6.764278,0.000436,-7.302324,18.052414,22.303711,-0.000750,-0.948340
1783945904703,0.440000,32.995230,0.000471,19.093763,-23.364094,-13.384220,-0.000907,-1.965138
1783945904723,0.460000,2.023629,0.000429,-12.822168,21.306528,5.566441,-0.000979,-2.951386
1783945904743,0.480000,38.841286,0.000460,22.899542,-14.762000,-11.052005,-0.001186,-3.838553
1783945904763,0.500000,-6.000017,0.000380,-20.685383,6.710830,16.663059,-0.001263,-4.539288
1783945904783,0.520000,29.553041,0.000366,13.625978,-9.450840,-15.339279,-0.001469,-5.007067
1783945904803,0.540000,-16.378120,0.000237,-32.685684,17.712302,25.335444,-0.001538,-5.293587
1783945904823,0.560000,16.249292,0.000162,-1.200550,-11.008560,-16.714869,-0.001723,-5.552783
1783945904843,0.580000,-11.739994,0.000010,-29.406342,27.273561,21.132126,-0.001825,-5.978485
1783945904863,0.600000,26.810020,-0.000074,10.152533,-17.911881,-22.793824,-0.002059,-6.682929
1783945904883,0.620000,-9.789155,-0.000257,-26.003967,19.296520,10.465111,-0.002173,-7.582439
1783945904903,0.640000,34.480230,-0.000359,19.197605,-26.783141,-18.345373,-0.002425,-8.385657
1783945904923,0.660000,-15.868943,-0.000591,-28.900830,7.633528,20.119778,-0.002496,-8.717305
1783945904943,0.680000,22.110810,-0.000759,10.543390,-18.682710,-17.456316,-0.002662,-8.314824
1783945904963,0.700000,18.244652,-0.000954,6.333093,17.442837,21.815628,-0.002780,-7.151478
1783945904983,0.720000,46.591190,-0.001103,36.334976,-20.860153,-31.830407,-0.002941,-5.368618
1783945905003,0.740000,58.191040,-0.001241,47.786324,15.952316,-5.180686,-0.003081,-3.071287
1783945905023,0.760000,59.860962,-0.001390,51.245502,-38.758024,-13.276967,-0.003150,-0.189305
1783945905043,0.780000,4.691181,-0.001680,-2.251231,-2.421389,11.642884,-0.002946,3.390743
1783945905063,0.800000,30.127293,-0.001935,20.760414,-6.619274,21.906654,-0.002721,7.458441
1783945905083,0.820000,-6.200599,-0.002294,-17.271294,21.368408,27.650784,-0.002274,11.234813
1783945905103,0.840000,38.165733,-0.002577,19.638124,32.599708,-26.114754,-0.001877,13.584805
1783945905123,0.860000,-5.182495,-0.002979,-28.071270,33.200985,9.883614,-0.001259,13.611671
1783945905143,0.880000,30.282393,-0.003325,5.750500,-22.785954,-21.514516,-0.000694,11.159715
1783945905163,0.900000,-7.446812,-0.003776,-32.310432,5.219304,24.874814,0.000029,6.844126
1783945905183,0.920000,25.006195,-0.004179,-0.216282,-28.950088,-17.619898,0.000655,1.689673
1783945905203,0.940000,-13.187367,-0.004687,-38.778397,22.554085,19.009452,0.001381,-3.294615
1783945905223,0.960000,13.398540,-0.005158,-13.261133,-16.147901,-14.591887,0.001967,-7.386402
1783945905243,0.980000,-16.797497,-0.005716,-44.274330,21.465854,19.796953,0.002566,-10.237645
1783945905263,1.000000,22.215923,-0.006206,-2.691761,-15.472213,-17.052197,0.002930,-11.819224
1783945905283,1.020000,-13.577598,-0.006791,-36.326782,17.718493,10.555508,0.003284,-12.271782
1783945905303,1.040000,15.152842,-0.007326,-0.458504,-18.173779,-17.998304,0.003412,-11.760830
1783945905323,1.060000,-23.128440,-0.007957,-34.093544,10.206723,22.671961,0.003537,-10.437587
1783945905343,1.080000,11.666401,-0.008521,2.850165,-18.127716,-12.832870,0.003437,-8.497355
1783945905363,1.100000,-25.029175,-0.009173,-33.054276,22.643941,17.269516,0.003371,-6.220024
1783945905383,1.120000,4.012207,-0.009763,-3.275191,-11.050182,-17.977813,0.003164,-3.920086
1783945905403,1.140000,-36.681965,-0.010443,-41.668076,20.029718,20.667756,0.003088,-1.861300
1783945905423,1.160000,7.374403,-0.011021,4.182888,-17.649150,-14.731414,0.002921,-0.210792
1783945905443,1.180000,-15.164224,-0.011638,-16.494139,16.982364,12.982599,0.002932,0.987203
1783945905463,1.200000,15.245632,-0.012173,15.673953,-19.016183,-28.308111,0.003005,1.855612
1783945905483,1.220000,-15.453927,-0.012753,-12.926208,10.212832,14.152382,0.003391,2.683670
1783945905503,1.240000,22.741013,-0.013223,27.618190,-31.240157,-11.507713,0.003906,3.804643
1783945905523,1.260000,-10.184766,-0.013732,-4.705173,11.521843,14.485944,0.004812,5.414255
1783945905543,1.280000,27.826506,-0.014119,33.142773,-12.632794,-19.622299,0.005890,7.475308
1783945905563,1.300000,-30.507095,-0.014592,-24.493801,18.324854,21.129786,0.007446,9.745353
1783945905583,1.320000,-1.137755,-0.014953,5.063172,-11.859709,-9.065429,0.009164,11.828174
1783945905603,1.340000,-22.705805,-0.015308,-17.263695,24.937615,30.154490,0.011152,13.221005
1783945905623,1.360000,11.864246,-0.015526,16.011990,-8.437148,-26.366317,0.013146,13.459122
1783945905643,1.380000,-26.813934,-0.015761,-24.282202,30.739095,5.774551,0.015290,12.356644
1783945905663,1.400000,9.738496,-0.015844,12.818020,-27.043793,-12.778830,0.017228,10.146384
1783945905683,1.420000,-25.679855,-0.015924,-22.085335,3.348140,20.986681,0.019075,7.366331
1783945905703,1.440000,10.796538,-0.015837,12.993443,-17.025463,-19.680548,0.020477,4.596296
1783945905723,1.460000,-18.949366,-0.015723,-17.201445,18.421048,16.245808,0.021537,2.265305
1783945905743,1.480000,12.628616,-0.015439,15.541508,-18.737343,-19.299937,0.021958,0.606403
1783945905763,1.500000,-14.475159,-0.015110,-11.011554,16.211894,15.119993,0.021854,-0.311676
1783945905783,1.520000,26.934086,-0.014576,31.420284,-22.013641,-17.491843,0.020958,-0.535638
1783945905803,1.540000,-8.620048,-0.014003,-2.939403,13.054176,11.242838,0.019509,-0.174108
1783945905823,1.560000,29.696323,-0.013222,36.253430,-18.474936,-19.010901,0.017293,0.642087
1783945905843,1.580000,-10.790747,-0.012403,-2.713852,11.500728,21.038574,0.014633,1.760080
1783945905863,1.600000,18.122368,-0.011390,24.596070,-16.441435,-15.431186,0.011403,2.967827
1783945905883,1.620000,-24.528072,-0.010337,-20.861555,24.852632,24.560671,0.007970,3.964069
1783945905903,1.640000,20.705666,-0.009049,22.963608,-11.692415,-14.888329,0.004200,4.393522
1783945905923,1.660000,-22.947918,-0.007717,-22.473185,27.023812,16.412765,0.000553,3.966284
1783945905943,1.680000,9.249437,-0.006175,8.121853,-13.125341,-22.829861,-0.003044,2.595753
1783945905963,1.700000,-28.394163,-0.004575,-30.360134,17.179675,25.337780,-0.006197,0.441976
1783945905983,1.720000,0.936233,-0.002771,-1.144918,-22.870980,-15.451448,-0.008976,-2.176878
1783945906003,1.740000,-16.846764,-0.000865,-19.918827,23.185430,15.465689,-0.011115,-4.910180
1783945906023,1.760000,24.804140,0.001274,22.131933,-19.978936,-22.860990,-0.012730,-7.414062
1783945906043,1.780000,-10.026718,0.003477,-12.361008,12.142016,4.315872,-0.013542,-9.314442
1783945906063,1.800000,26.021145,0.005894,25.078756,-26.291462,-16.262409,-0.013802,-10.224872
1783945906083,1.820000,-18.460041,0.008345,-16.802645,2.432131,23.732808,-0.013321,-9.890218
1783945906103,1.840000,22.933424,0.011014,25.413492,-15.573641,-14.764249,-0.012506,-8.364078
1783945906123,1.860000,-3.122418,0.013745,-0.153132,24.094713,18.996223,-0.011310,-6.039461
1783945906143,1.880000,31.061472,0.016666,33.954353,-12.917349,-26.527852,-0.010138,-3.467179
1783945906163,1.900000,-16.638077,0.019586,-14.535071,21.954905,15.967507,-0.008956,-1.113932
1783945906183,1.920000,24.211140,0.022691,25.707342,-24.853771,-9.786668,-0.008291,0.739692
1783945906203,1.940000,-9.012113,0.025806,-7.738686,15.756229,22.822567,-0.008138,1.946057
1783945906223,1.960000,47.259254,0.029119,46.550133,-12.545125,-28.931287,-0.008997,2.447796
1783945906243,1.980000,0.022701,0.032390,-2.867625,20.633823,11.393744,-0.010696,2.339313
1783945906263,2.000000,43.564304,0.035803,39.498367,-28.820042,-23.913315,-0.013633,1.906911
1783945906283,2.020000,16.380407,0.039189,9.986981,8.545131,26.854972,-0.017615,1.519408
1783945906303,2.040000,54.573578,0.042675,47.396687,-27.842138,-25.441987,-0.022808,1.453108
1783945906323,2.060000,11.491991,0.046065,2.069589,26.967788,14.682265,-0.028820,1.799898
1783945906343,2.080000,43.243230,0.049503,32.815887,-21.486940,-11.832295,-0.035683,2.466073
1783945906363,2.100000,7.315365,0.052821,-4.866294,19.659318,25.145432,-0.042898,3.191790
1783945906383,2.120000,42.317825,0.056154,26.652122,-9.335247,-17.728408,-0.050354,3.604246
1783945906403,2.140000,-6.989963,0.059293,-25.819681,28.655709,17.917892,-0.057393,3.344231
1783945906423,2.160000,37.699320,0.062424,17.408163,-13.469885,-15.197596,-0.063917,2.203447
1783945906443,2.180000,-3.630225,0.065333,-25.139560,18.646647,22.325233,-0.069247,0.190900
1783945906463,2.200000,21.803173,0.068144,-2.101505,-15.105105,-23.409213,-0.073227,-2.480616
1783945906483,2.220000,-20.854786,0.070682,-46.570133,23.620874,25.975096,-0.075317,-5.473834
1783945906503,2.240000,13.605545,0.073092,-12.312017,-21.590111,-10.569069,-0.075526,-8.449397
1783945906523,2.260000,-15.612282,0.075210,-40.573853,25.809600,16.301382,-0.073504,-11.154279
1783945906543,2.280000,25.658207,0.077168,1.061928,-13.761443,-24.349725,-0.069443,-13.393876
1783945906563,2.300000,-20.714104,0.078748,-43.134270,14.474902,12.957919,-0.063134,-14.939944
1783945906583,2.320000,23.790050,0.080127,5.093403,-26.330279,-16.591054,-0.055068,-15.525063
1783945906603,2.340000,-9.997179,0.081109,-24.597023,8.430773,22.869834,-0.045292,-14.953700
1783945906623,2.360000,8.062546,0.081785,-3.826872,-17.823376,-22.578644,-0.034371,-13.218079
1783945906643,2.380000,-17.012299,0.082036,-27.143213,24.785320,22.158846,-0.022633,-10.536073
1783945906663,2.400000,21.973076,0.081983,14.645109,-21.603981,-11.014194,-0.010801,-7.299161
1783945906683,2.420000,0.105026,0.081472,-5.370163,20.804191,3.575676,0.000794,-3.934578
1783945906703,2.440000,30.116910,0.080600,24.942444,-14.634174,-22.553646,0.011476,-0.727716
1783945906723,2.460000,-8.338806,0.079195,-10.549597,2.698203,16.155334,0.021019,2.258732
1783945906743,2.480000,29.550010,0.077409,28.677427,-22.765822,-9.293960,0.028808,5.075386
1783945906763,2.500000,-11.093210,0.075055,-11.982784,15.257464,19.731409,0.034845,7.699888
1783945906783,2.520000,25.364313,0.072287,22.378757,-6.768012,-19.289513,0.038760,9.959197
1783945906803,2.540000,-13.265766,0.068928,-17.902458,23.570730,20.827768,0.040823,11.601494
1783945906823,2.560000,15.694358,0.065118,10.330318,-15.648167,-17.411693,0.040991,12.417560
1783945906843,2.580000,-16.168844,0.060714,-21.922064,22.156303,20.350836,0.039779,12.315132
1783945906863,2.600000,15.900322,0.055854,9.185014,-17.879641,-16.004295,0.037423,11.338422
1783945906883,2.620000,-16.726770,0.050391,-23.599506,20.261061,13.894756,0.034678,9.661952
1783945906903,2.640000,5.561896,0.044448,-0.983979,-15.913516,-14.668043,0.031976,7.559458
1783945906923,2.660000,-29.367226,0.037899,-36.676280,15.149450,20.084699,0.030141,5.328215
1783945906943,2.680000,11.091054,0.030919,3.697652,-14.867857,-11.775175,0.029542,3.197266
1783945906963,2.700000,-14.665656,0.023371,-21.451782,17.558554,10.262960,0.030949,1.308111
1783945906983,2.720000,24.068962,0.015410,18.966015,-14.939003,-26.027603,0.034601,-0.204678
1783945907003,2.740000,-9.927316,0.006893,-12.574761,7.015818,13.297435,0.041037,-1.136748
1783945907023,2.760000,15.657151,-0.002032,15.112548,-27.909583,-14.141818,0.050194,-1.265924
1783945907043,2.780000,-16.806622,-0.011470,-15.505329,12.612474,22.499367,0.062195,-0.518791
1783945907063,2.800000,16.943745,-0.021251,18.602282,-13.248578,-12.472360,0.076550,0.905259
1783945907083,2.820000,-12.535740,-0.031486,-10.747668,25.066937,12.757121,0.092988,2.583530
1783945907103,2.840000,17.235363,-0.042011,18.689589,-10.096687,-18.567719,0.110657,4.061601
1783945907123,2.860000,-25.100803,-0.052951,-23.642857,15.061137,17.711563,0.128978,5.027851
1783945907143,2.880000,11.380111,-0.064094,12.901835,-17.431542,-11.055082,0.146768,5.350433
1783945907163,2.900000,-17.097704,-0.075542,-15.680322,16.562030,18.764534,0.163250,5.020252
1783945907183,2.920000,21.910553,-0.087099,22.908833,-12.701614,-24.399433,0.177213,4.123505
1783945907203,2.940000,-13.251099,-0.098881,-13.420166,17.401868,12.200708,0.187964,2.868912
1783945907223,2.960000,25.845130,-0.110673,25.249422,-25.953096,-17.712069,0.194450,1.578598
1783945907243,2.980000,-12.454049,-0.122592,-13.078665,10.092560,19.188396,0.196279,0.584493
1783945907263,3.000000,15.359642,-0.134437,14.978231,-18.226844,-16.636511,0.192816,0.085648
1783945907283,3.020000,-63.163185,-0.146386,-63.328754,25.844157,30.137298,0.184242,0.032019
1783945907303,3.040000,-5.047850,-0.158079,-4.881041,-7.089174,-3.668814,0.170214,0.064995
1783945907323,3.060000,-21.172329,-0.169613,-22.024319,31.614208,25.465082,0.151346,-0.372584
1783945907343,3.080000,12.852956,-0.180811,11.565709,-6.832256,-50.892383,0.128120,-1.675752
1783945907363,3.100000,-5.754964,-0.191721,-6.883801,19.847162,6.106439,0.101582,-3.690447
1783945907383,3.120000,28.619473,-0.202156,32.553383,-59.346557,-12.228012,0.072627,-5.677431
1783945907403,3.140000,-6.973569,-0.212203,-0.811339,-1.858975,12.432337,0.042676,-6.709568
1783945907423,3.160000,26.260040,-0.221641,32.029423,-18.024945,-11.393565,0.012754,-6.183025
1783945907443,3.180000,-0.247022,-0.230530,5.375076,14.779637,19.493321,-0.015716,-4.086466
1783945907463,3.200000,32.503150,-0.238670,36.990974,-5.542634,-19.374754,-0.041797,-0.935889
1783945907483,3.220000,0.114424,-0.246136,3.931355,22.504042,12.880624,-0.064321,2.505672
1783945907503,3.240000,31.981070,-0.252717,35.170250,-16.791892,-14.186704,-0.082777,5.526524
1783945907523,3.260000,-5.797792,-0.258499,-2.650105,14.904263,18.367505,-0.096508,7.632015
1783945907543,3.280000,36.137547,-0.263241,38.064530,-13.931257,-15.667472,-0.105669,8.571934
1783945907563,3.300000,-7.464643,-0.267068,-7.252008,18.989882,17.402111,-0.110216,8.313569
1783945907583,3.320000,29.175760,-0.269741,23.060635,-13.454473,-19.822187,-0.110972,7.002893
1783945907603,3.340000,-11.923672,-0.271372,-21.741692,18.907184,24.119502,-0.108548,4.902337
1783945907623,3.360000,68.707910,-0.271636,57.352436,-23.116466,-25.603828,-0.104457,2.336902
1783945907643,3.380000,14.527143,-0.270775,0.843211,17.341457,7.649086,-0.099549,-0.285862
1783945907663,3.400000,43.485756,-0.268560,29.972792,-27.358993,-34.675048,-0.095472,-2.458558
1783945907683,3.420000,-5.498471,-0.265119,-19.067064,9.842699,45.628839,-0.093349,-3.737652
1783945907703,3.440000,26.006000,-0.260239,12.932418,-30.659226,-8.023634,-0.094722,-4.048235
1783945907723,3.460000,-10.001169,-0.254033,-27.319538,50.392694,20.614561,-0.100455,-3.820968
1783945907743,3.480000,24.983260,-0.246317,6.187473,-2.672644,-21.082225,-0.111581,-3.759179
1783945907763,3.500000,-2.149869,-0.237204,-22.043915,25.754491,13.201749,-0.128343,-4.412891
1783945907783,3.520000,30.372755,-0.226546,11.039999,-23.349436,-20.619920,-0.150968,-5.887949
1783945907803,3.540000,-6.531838,-0.214484,-25.267086,7.615852,14.536737,-0.178827,-7.842366
1783945907823,3.560000,26.855438,-0.200863,8.540527,-24.206069,-12.737965,-0.211303,-9.711909
1783945907843,3.580000,1.037594,-0.185814,-16.161888,12.127314,17.944865,-0.246952,-10.990695
1783945907863,3.600000,40.373230,-0.169204,22.642270,-14.694562,-21.524723,-0.284375,-11.390868
1783945907883,3.620000,4.686007,-0.151216,-13.164651,16.809614,10.723240,-0.321444,-10.833500
1783945907903,3.640000,39.778072,-0.131722,21.388230,-21.472186,-16.662157,-0.356333,-9.374425
1783945907923,3.660000,-6.328130,-0.110934,-20.532726,11.547786,22.639528,-0.386665,-7.182972
1783945907943,3.680000,26.862335,-0.088722,14.006694,-14.457966,-13.048844,-0.410665,-4.574528
1783945907963,3.700000,-12.329661,-0.065294,-24.874050,25.895650,24.271096,-0.426264,-2.004778
1783945907983,3.720000,27.192863,-0.040536,13.630028,-9.473583,-19.638378,-0.432208,0.039456
1783945908003,3.740000,1.083821,-0.014657,-13.856222,24.856915,14.152452,-0.427203,1.223846
1783945908023,3.760000,22.576933,0.012371,7.269585,-20.821436,-22.172688,-0.410830,1.515594
1783945908043,3.780000,-12.020385,0.040343,-27.515640,13.674826,18.298545,-0.382895,1.173173
1783945908063,3.800000,17.146385,0.069307,2.669108,-23.194485,-6.191171,-0.344178,0.566048
1783945908083,3.820000,-12.741933,0.099036,-26.901218,18.070833,15.370652,-0.295629,-0.029359
1783945908103,3.840000,25.747856,0.129574,10.827004,-6.635187,-18.985831,-0.239128,-0.494414
1783945908123,3.860000,-9.605841,0.160645,-24.098843,15.185696,11.962549,-0.176526,-0.782565
1783945908143,3.880000,24.350351,0.192283,11.163147,-19.160424,-18.221338,-0.110452,-0.822617
1783945908163,3.900000,-14.560045,0.224197,-25.424564,10.229384,20.691727,-0.043253,-0.523316
1783945908183,3.920000,33.301450,0.256447,24.179724,-20.269792,-17.354481,0.022181,0.152819
1783945908203,3.940000,-18.900967,0.288671,-26.619670,20.218476,17.628217,0.083699,1.146925
1783945908223,3.960000,32.972286,0.320954,25.581352,-16.174757,-22.486251,0.138779,2.327112
1783945908243,3.980000,1.873125,0.352963,-5.266610,16.392084,23.462083,0.185930,3.548369
1783945908263,4.000000,38.010810,0.384691,31.094114,-24.604754,-31.017077,0.223724,4.719234
1783945908283,4.020000,-8.978892,0.415796,-16.506447,22.880437,19.925984,0.251851,5.828547
1783945908303,4.040000,24.523733,0.446290,18.994658,-29.199568,-9.710224,0.270143,6.880039
1783945908323,4.060000,0.016389,0.475880,-6.552222,21.711462,23.274568,0.279557,7.780925
1783945908343,4.080000,29.063400,0.504518,21.105438,-9.859004,-23.063653,0.281322,8.331948
1783945908363,4.100000,-11.644658,0.531880,-21.689064,25.987142,12.691936,0.277618,8.352767
1783945908383,4.120000,22.889100,0.557961,12.468390,-19.961325,-9.295123,0.270580,7.790149
1783945908403,4.140000,-14.542432,0.582433,-24.840729,13.105447,20.679145,0.263082,6.703189
1783945908423,4.160000,24.991627,0.605297,13.731107,-10.603831,-20.106896,0.257606,5.198507
1783945908443,4.180000,-9.979785,0.626222,-21.711609,19.628471,16.092891,0.257015,3.419649
1783945908463,4.200000,17.781958,0.645181,5.758595,-19.056702,-19.458400,0.263432,1.567486
1783945908483,4.220000,-15.787598,0.661878,-26.769726,16.157927,20.766149,0.278901,-0.131966
1783945908503,4.240000,26.425957,0.676324,15.007975,-21.463828,-14.794740,0.304383,-1.503509
1783945908523,4.260000,0.034286,0.688217,-10.585630,18.068442,10.537551,0.340554,-2.452043
1783945908543,4.280000,37.260520,0.697553,27.825895,-17.722682,-25.076821,0.386828,-2.909137
1783945908563,4.300000,-5.530150,0.704015,-12.941890,9.427610,16.395128,0.442236,-2.785498
1783945908583,4.320000,37.106556,0.707661,30.375687,-25.563692,-13.217310,0.504440,-2.026885
1783945908603,4.340000,-6.873360,0.708177,-13.794451,15.882956,22.523218,0.570926,-0.726325
1783945908623,4.360000,35.962852,0.705640,29.039970,-11.605838,-21.856934,0.638010,0.840096
1783945908643,4.380000,-7.309989,0.699759,-15.052582,25.353417,22.003818,0.702149,2.301563
1783945908663,4.400000,26.916983,0.690611,18.562939,-18.350755,-20.252175,0.759067,3.325443
1783945908683,4.420000,0.139198,0.677982,-9.636592,22.693271,21.639145,0.804966,3.705722
1783945908703,4.440000,41.024837,0.661954,30.482140,-22.746533,-22.286743,0.835915,3.406853
1783945908723,4.460000,4.636985,0.642304,-7.002835,19.629409,10.021839,0.848972,2.583739
1783945908743,4.480000,23.637049,0.619110,11.730249,-22.281085,-14.701646,0.841506,1.533821
1783945908763,4.500000,-2.370811,0.592249,-15.191113,11.629953,25.360797,0.812122,0.543955
1783945908783,4.520000,38.164513,0.561856,23.751530,-15.253627,-12.901643,0.760105,-0.264892
1783945908803,4.540000,-8.484557,0.527744,-24.357426,25.793131,7.535713,0.686355,-0.941139
1783945908823,4.560000,37.177635,0.490139,20.844496,-10.716199,-17.830947,0.592302,-1.575017
1783945908843,4.580000,-50.036620,0.448782,-65.007416,12.556528,31.816645,0.481159,-2.223800
1783945908863,4.600000,13.127827,0.404057,-2.158898,-12.072417,-13.080888,0.356130,-2.988393
1783945908883,4.620000,-15.731367,0.355840,-31.123886,30.049964,34.808063,0.221923,-4.071204
1783945908903,4.640000,23.770010,0.304370,8.538610,-14.873623,-50.007108,0.083210,-5.614217
1783945908923,4.660000,-11.846036,0.249591,-27.198914,32.436871,13.717586,-0.054669,-7.439252
1783945908943,4.680000,27.716595,0.191795,16.636381,-55.185339,-13.564768,-0.186958,-9.005536
1783945908963,4.700000,-2.812074,0.130973,-12.513372,8.023234,18.065851,-0.308830,-9.679311
1783945908983,4.720000,36.070800,0.067440,27.956558,-20.626588,-21.374024,-0.416588,-9.062695
1783945909003,4.740000,-7.380396,0.001196,-13.769155,18.764373,16.796778,-0.506968,-7.130564
1783945909023,4.760000,27.414757,-0.067393,22.674301,-15.875386,-14.339348,-0.578350,-4.194555
1783945909043,4.780000,-2.956272,-0.138252,-8.104684,18.979211,23.061898,-0.629892,-0.797832
1783945909063,4.800000,29.016499,-0.211014,23.912212,-13.138325,-20.605948,-0.662465,2.437932
1783945909083,4.820000,1.413369,-0.285560,-3.481545,24.030075,13.484964,-0.677802,4.998117
1783945909103,4.840000,38.195830,-0.361484,33.190502,-20.863703,-17.240237,-0.679185,6.621258
1783945909123,4.860000,-6.024594,-0.438683,-10.053637,13.349306,14.506568,-0.670371,7.325241
1783945909143,4.880000,27.221708,-0.516695,18.484630,-16.972235,-13.064387,-0.656315,7.300768
1783945909163,4.900000,-10.683263,-0.595365,-21.009209,15.787655,25.005905,-0.641861,6.749625
1783945909183,4.920000,27.408327,-0.674206,15.367909,-10.949227,-18.946490,-0.632345,5.783525
1783945909203,4.940000,-13.159452,-0.753056,-26.642452,26.411139,16.728615,-0.632250,4.445610
1783945909223,4.960000,22.060015,-0.831402,7.994870,-17.273811,-18.487053,-0.645853,2.798847
1783945909243,4.980000,-13.219934,-0.909042,-27.235590,16.998858,20.803760,-0.675927,0.975029
1783945909263,5.000000,25.199558,-0.985449,11.971022,-20.524419,-19.426994,-0.724416,-0.842331
1783945909283,5.020000,-1.311415,-1.060391,-13.673704,17.839649,14.230498,-0.791320,-2.448147
1783945909303,5.040000,26.370506,-1.133367,14.586123,-21.545598,-20.876480,-0.875431,-3.630200
1783945909323,5.060000,-10.400769,-1.204134,-21.649680,14.111487,17.083231,-0.973553,-4.206847
1783945909343,5.080000,26.204863,-1.272140,15.982319,-21.066778,-10.118550,-1.081443,-4.109287
1783945909363,5.100000,-13.005089,-1.337158,-22.845938,17.584897,17.527564,-1.193072,-3.445088
1783945909383,5.120000,32.845670,-1.398606,23.277298,-9.469810,-20.518063,-1.301937,-2.464084
1783945909403,5.140000,-9.956576,-1.456283,-18.342415,17.891823,17.528429,-1.400336,-1.434074
1783945909423,5.160000,27.611240,-1.509620,19.663020,-19.434574,-21.888312,-1.480919,-0.529082
1783945909443,5.180000,-13.781653,-1.558400,-21.628190,17.227229,24.525928,-1.536081,0.185705
1783945909463,5.200000,16.069057,-1.602080,8.454703,-21.069672,-16.587017,-1.559434,0.688613
1783945909483,5.220000,-24.970459,-1.640438,-33.128548,27.146991,22.975027,-1.545300,0.928942
1783945909503,5.240000,20.219010,-1.672910,11.740633,-15.040105,-16.313423,-1.490077,0.817041
1783945909523,5.260000,-13.315430,-1.699306,-22.348928,22.819177,14.097096,-1.391493,0.300079
1783945909543,5.280000,22.575085,-1.719118,13.597757,-18.210739,-26.103061,-1.249833,-0.531985
1783945909563,5.300000,-23.861708,-1.732190,-31.925985,12.725633,20.766417,-1.067053,-1.424156
1783945909583,5.320000,11.119432,-1.738014,5.421059,-26.141259,-11.943085,-0.847763,-2.082431
1783945909603,5.340000,-35.009094,-1.736459,-40.092320,21.553462,25.620536,-0.598000,-2.361006
1783945909623,5.360000,8.959799,-1.727030,4.168041,-10.115834,-18.939722,-0.326012,-2.343940
1783945909643,5.380000,-18.679361,-1.709607,-23.108140,26.264452,16.935406,-0.040773,-2.242930
1783945909663,5.400000,14.302065,-1.683797,10.958947,-19.995642,-27.814283,0.247565,-2.195507
1783945909683,5.420000,-17.990583,-1.649508,-19.161077,14.287510,15.176089,0.529066,-2.137768
1783945909703,5.440000,14.556122,-1.606379,15.890880,-31.274727,-13.035852,0.793765,-1.855641
1783945909723,5.460000,-17.262154,-1.554362,-14.062252,13.088839,16.987750,1.033090,-1.156053
1783945909743,5.480000,14.824072,-1.493148,18.513744,-13.775220,-16.282277,1.239561,-0.005077
1783945909763,5.500000,-25.397398,-1.422754,-21.531027,19.359775,17.384101,1.408106,1.452486
1783945909783,5.520000,1.721846,-1.342916,4.890230,-11.993114,-12.337471,1.535514,2.948757
1783945909803,5.540000,-30.805550,-1.253676,-27.070877,20.133236,21.884582,1.621505,4.161596
1783945909823,5.560000,6.731057,-1.154820,10.860403,-11.462166,-17.032710,1.667954,4.799535
1783945909843,5.580000,-20.724365,-1.046457,-15.819918,20.828561,10.663569,1.679642,4.718138
1783945909863,5.600000,23.727470,-0.928425,28.785486,-20.335450,-23.347727,1.663100,4.023843
1783945909883,5.620000,-10.712353,-0.800924,-4.714578,6.055971,11.741373,1.627120,3.080501
1783945909903,5.640000,36.880690,-0.663829,42.458110,-28.703881,-21.573856,1.581181,2.382925
1783945909923,5.660000,-5.287246,-0.517426,0.513049,7.635235,18.624928,1.535869,2.357666
1783945909943,5.680000,37.577030,-0.361646,43.581825,-22.095483,-20.955891,1.501029,3.190964
1783945909963,5.700000,-6.319922,-0.196830,-1.257667,20.448604,24.236412,1.486135,4.755196
1783945909983,5.720000,29.578552,-0.022983,33.912983,-16.776889,-18.906704,1.498477,6.649633
1783945910003,5.740000,-10.525478,0.159515,-8.423504,28.788146,23.926426,1.543551,8.325848
1783945910023,5.760000,27.395630,0.350595,28.300114,-15.446247,-18.389683,1.623521,9.253935
1783945910043,5.780000,-3.099497,0.549837,-4.470309,25.655542,17.144166,1.737814,9.084373
1783945910063,5.800000,29.461468,0.757077,26.182907,-18.814809,-21.607270,1.882035,7.758097
1783945910083,5.820000,-8.061926,0.971832,-14.126156,16.818622,16.604172,2.048838,5.511833
1783945910103,5.840000,26.366896,1.193902,18.274658,-22.234029,-13.355679,2.227276,2.760865
1783945910123,5.860000,-9.838304,1.422747,-19.996998,16.142185,19.090757,2.404175,-0.073895
1783945910143,5.880000,24.440212,1.658112,12.519030,-13.039260,-17.940068,2.563871,-2.688626
1783945910163,5.900000,-9.284950,1.899410,-21.779531,19.818208,17.519663,2.689943,-4.918806
1783945910183,5.920000,32.867480,2.146350,20.107857,-18.034079,-19.253205,2.765249,-6.690327
1783945910203,5.940000,-0.518372,2.398284,-12.226617,15.394032,13.768052,2.773925,-7.952821
1783945910223,5.960000,37.318504,2.654864,26.065365,-21.803455,-21.782378,2.701473,-8.638055
1783945910243,5.980000,-5.882469,2.915389,-15.821927,12.753358,19.710746,2.536751,-8.678472
1783945910263,6.000000,36.604404,3.179505,26.961449,-21.686098,-15.702471,2.271848,-8.081735
1783945910283,6.020000,2.705007,3.446487,-7.266841,19.389639,20.136078,1.903915,-6.986980
1783945910303,6.040000,39.085360,3.715917,28.112803,-15.268059,-24.101208,1.434698,-5.629873
1783945910323,6.060000,-15.417554,3.987007,-27.382400,23.126742,20.868862,0.871828,-4.255099
1783945910343,6.080000,33.078840,4.259387,21.392290,-20.938094,-12.323925,0.227663,-3.076640
1783945910363,6.100000,-6.222570,4.532258,-18.623413,21.242541,24.113112,-0.479764,-2.283928
1783945910383,6.120000,18.687017,4.805147,5.209483,-11.238810,-27.403571,-1.228451,-2.013540
1783945910403,6.140000,-3.890536,5.077331,-18.639915,25.478760,22.192081,-1.992458,-2.286766
1783945910423,6.160000,37.266285,5.348331,23.074830,-29.018932,-16.806151,-2.743751,-2.974878
1783945910443,6.180000,2.246885,5.617357,-12.808433,18.664526,5.159364,-3.452703,-3.810379
1783945910463,6.200000,29.983328,5.883925,14.621771,-19.974777,-16.902271,-4.090443,-4.442862
1783945910483,6.220000,-9.304116,6.147268,-23.247627,6.135723,24.768141,-4.629491,-4.567411
1783945910503,6.240000,8.644804,6.406897,-4.961491,-13.397775,-8.577556,-5.046058,-4.101492
1783945910523,6.260000,-29.139578,6.662083,-42.740650,29.131249,23.367060,-5.320645,-3.281532
1783945910543,6.280000,16.609142,6.912416,2.195135,-4.241181,-12.477527,-5.440051,-2.567206
1783945910563,6.300000,-24.319717,7.157120,-38.071617,25.304977,9.899160,-5.397288,-2.381285
1783945910583,6.320000,12.675088,7.395796,0.124100,-13.381274,-25.000515,-5.193271,-2.852587
1783945910603,6.340000,-17.515955,7.627742,-27.022888,5.930187,22.116845,-4.836056,-3.742319
1783945910623,6.360000,20.232857,7.852571,12.098127,-30.150852,-20.743357,-4.341595,-4.583594
1783945910643,6.380000,-13.487922,8.069608,-19.975681,17.171349,13.642839,-3.732291,-4.900850
1783945910663,6.400000,15.366774,8.278494,10.688728,-22.295855,-16.341143,-3.036951,-4.377096
1783945910683,6.420000,-24.136091,8.478605,-28.212944,16.182148,21.377065,-2.288640,-2.949180
1783945910703,6.440000,9.579370,8.669652,6.865058,-14.102352,-11.827761,-1.523986,-0.838116
1783945910723,6.460000,-9.773208,8.851098,-10.784176,21.709823,15.736477,-0.780512,1.529114
1783945910743,6.480000,26.231870,9.022672,26.794384,-12.973229,-24.766223,-0.095470,3.719762
1783945910763,6.500000,-11.297339,9.183845,-9.273171,14.579230,8.584141,0.496901,5.504141
1783945910783,6.520000,27.565514,9.334452,31.072880,-26.412678,-12.801561,0.966353,6.907168
1783945910803,6.540000,-13.353797,9.474014,-9.939888,6.886567,21.406468,1.289345,8.071753
1783945910823,6.560000,23.004246,9.602429,24.481518,-12.743150,-18.360220,1.449475,9.075357
1783945910843,6.580000,-23.261929,9.719280,-22.746930,24.239329,22.750753,1.439606,9.846984
1783945910863,6.600000,20.649162,9.824562,19.861923,-13.818119,-17.238107,1.261450,10.204541
1783945910883,6.620000,-15.253269,9.917932,-17.529550,24.156452,19.779258,0.926879,9.960739
1783945910903,6.640000,25.473627,9.999430,22.781130,-18.352285,-26.138269,0.456569,9.048398
1783945910923,6.660000,-20.463840,10.068769,-23.433475,19.074821,18.957829,-0.119770,7.592896
1783945910943,6.680000,10.263551,10.126058,8.271316,-25.594522,-14.821153,-0.765719,5.857601
1783945910963,6.700000,-27.284508,10.171125,-29.804981,19.915286,26.576173,-1.438853,4.086902
1783945910983,6.720000,7.147517,10.204142,3.738761,-13.945345,-17.111020,-2.093698,2.383650
1783945911003,6.740000,-20.176296,10.225027,-25.174479,27.463801,14.436876,-2.683133,0.731101
1783945911023,6.760000,12.921455,10.234000,8.992336,-17.465387,-21.019154,-3.161644,-0.875526
1783945911043,6.780000,-26.295488,10.231025,-28.627775,13.565360,14.384812,-3.486940,-2.329333
1783945911063,6.800000,17.027428,10.216444,16.293858,-23.620526,-14.066314,-3.623230,-3.438645
1783945911083,6.820000,-17.820705,10.190278,-16.512476,11.068243,17.454136,-3.542300,-4.030919
1783945911103,6.840000,21.392883,10.152919,23.383362,-15.847496,-24.137034,-3.226298,-4.024140
1783945911123,6.860000,-11.159677,10.104468,-8.160917,16.319839,17.683112,-2.668082,-3.427001
1783945911143,6.880000,24.454832,10.045369,27.756947,-24.316232,-19.087251,-1.872955,-2.314058
1783945911163,6.900000,-22.084042,9.975762,-18.419754,18.486637,19.424430,-0.857940,-0.827261
1783945911183,6.920000,23.626991,9.896203,27.548023,-18.009443,-14.228057,0.347532,0.804834
1783945911203,6.940000,-20.487400,9.806874,-16.158295,21.235255,21.830901,1.703759,2.282647
1783945911223,6.960000,22.308270,9.708373,25.706959,-12.255986,-24.860538,3.161137,3.314110
1783945911243,6.980000,-13.369498,9.600959,-11.389936,22.065924,21.218799,4.663308,3.722504
1783945911263,7.000000,25.538023,9.485251,26.997538,-25.324010,-23.076124,6.148572,3.513160
1783945911283,7.020000,-12.196609,9.361557,-12.385041,19.824614,18.071641,7.553622,2.854896
1783945911303,7.040000,23.424599,9.230533,23.267277,-24.492949,-17.572395,8.815481,1.992913
1783945911323,7.060000,-9.809076,9.092541,-10.905080,18.167661,19.555405,9.875392,1.143819
1783945911343,7.080000,34.423714,8.948281,32.035110,-18.506995,-20.198468,10.680720,0.435200
1783945911363,7.100000,-8.337613,8.798104,-11.577275,19.025883,14.584093,11.188540,-0.080157
1783945911383,7.120000,25.443550,8.642731,21.641478,-18.890405,-18.633837,11.366772,-0.387972
1783945911403,7.140000,-11.631321,8.482570,-15.636564,15.845195,25.504738,11.196895,-0.519966
1783945911423,7.160000,26.764336,8.318357,22.624033,-17.834086,-17.813211,10.674112,-0.582488
1783945911443,7.180000,-13.058414,8.150496,-18.195606,26.367595,16.509508,9.808804,-0.733056
1783945911463,7.200000,26.233915,7.979739,19.722082,-16.463321,-19.200397,8.625316,-1.099082
1783945911483,7.220000,-3.125835,7.806516,-9.819325,16.410765,18.326631,7.162073,-1.705470
1783945911503,7.240000,26.049593,7.631533,18.470497,-20.926606,-21.597126,5.469168,-2.457969
1783945911523,7.260000,-20.943956,7.455196,-28.968660,18.582539,19.247309,3.607122,-3.194495
1783945911543,7.280000,20.166086,7.278268,12.110274,-19.814448,-9.012733,1.643333,-3.791990
1783945911563,7.300000,-15.493046,7.101143,-23.618446,20.193424,20.568467,-0.349789,-4.250501
1783945911583,7.320000,11.387460,6.924509,2.354981,-7.760717,-23.950673,-2.298971,-4.667597
1783945911603,7.340000,-26.934225,6.748762,-36.229202,22.945002,21.127434,-4.132451,-5.137797
1783945911623,7.360000,17.983190,6.574615,9.801701,-23.170433,-13.187297,-5.784046,-5.686516
1783945911643,7.380000,-16.282703,6.402405,-23.038430,18.262038,12.916333,-7.195078,-6.258340
1783945911663,7.400000,14.274725,6.232770,8.234541,-16.201175,-24.423459,-8.317947,-6.712828
1783945911683,7.420000,-15.103471,6.066056,-19.738045,11.877095,20.429027,-9.117352,-6.846358
1783945911703,7.440000,22.940931,5.902866,19.836647,-26.133724,-15.762444,-9.572618,-6.473028
1783945911723,7.460000,-23.975670,5.743449,-26.201840,19.086862,14.301891,-9.677636,-5.516940
1783945911743,7.480000,19.698185,5.588414,17.794445,-15.132241,-15.362137,-9.442090,-4.053276
1783945911763,7.500000,-16.923733,5.437974,-17.631554,15.568256,22.789103,-8.889782,-2.286248
1783945911783,7.520000,21.640924,5.292656,22.130867,-14.835286,-25.355198,-8.058470,-0.475634
1783945911803,7.540000,-21.917430,5.152615,-21.116623,22.707436,19.454317,-6.997023,1.157486
1783945911823,7.560000,22.982834,5.018353,24.086813,-24.709129,-17.174585,-5.764116,2.485392
1783945911843,7.580000,-11.925880,4.889976,-10.775111,18.529044,19.381774,-4.424357,3.467407
1783945911863,7.600000,17.126942,4.767876,18.420780,-18.378096,-23.748040,-3.046238,4.126100
1783945911883,7.620000,-17.237064,4.652135,-16.968573,20.399920,21.204446,-1.698063,4.522210
1783945911903,7.640000,5.050545,4.543069,4.817357,-21.369395,-10.939204,-0.445565,4.703436
1783945911923,7.660000,-1.374049,4.440779,-2.107201,21.270707,14.689721,0.651775,4.659499
1783945911943,7.680000,38.084824,4.345502,36.915990,-15.476671,-22.191284,1.542928,4.378143
1783945911963,7.700000,-7.057342,4.257153,-8.511398,12.589512,-0.715098,2.188278,3.976948
1783945911983,7.720000,28.386396,4.175981,27.145700,-22.449041,-9.016268,2.560414,3.721001
1783945912003,7.740000,0.785573,4.101892,1.333915,-2.431733,27.438833,2.646280,3.846676
1783945912023,7.760000,21.099966,4.035004,19.388145,-8.668040,-20.378237,2.446846,4.363173
1783945912043,7.780000,-12.026943,3.975185,-15.577427,30.800939,16.840984,1.977611,5.024720
1783945912063,7.800000,24.645070,3.922545,20.107946,-15.093040,-8.519880,1.267038,5.463679
1783945912083,7.820000,-14.539662,3.876847,-19.751331,20.080958,13.041566,0.355973,5.355673
1783945912103,7.840000,36.388690,3.838196,28.906720,-10.653679,-21.419059,-0.705355,4.550021
1783945912123,7.860000,4.308458,3.806287,-2.985226,9.092463,14.665807,-1.858659,3.152123
1783945912143,7.880000,32.484660,3.781107,25.201082,-23.474430,-26.416374,-3.041378,1.509762
1783945912163,7.900000,-0.309223,3.762352,-8.344614,12.522771,22.559024,-4.188760,0.066698
1783945912183,7.920000,37.110516,3.749988,28.805386,-27.534373,-11.598782,-5.237685,-0.849726
1783945912203,7.940000,-4.975897,3.743626,-16.414840,23.970126,14.983459,-6.128664,-1.169210
1783945912223,7.960000,26.516119,3.743199,14.508924,-8.651721,-16.164995,-6.809524,-1.067603
1783945912243,7.980000,-3.795029,3.748323,-15.242208,18.701290,22.605325,-7.236832,-0.850711
1783945912263,8.000000,27.566826,3.758869,15.444835,-14.384769,-18.661449,-7.378657,-0.819696
1783945912283,8.020000,-11.027106,3.774408,-24.021510,22.683715,14.616881,-7.215149,-1.163471
1783945912303,8.040000,37.581320,3.794839,25.163065,-19.521961,-15.772734,-6.740302,-1.902161
1783945912323,8.060000,4.018857,3.819684,-8.941014,11.999015,14.089995,-5.961122,-2.886963
1783945912343,8.080000,40.521423,3.848786,26.738361,-19.115809,-26.838155,-4.898291,-3.840455
1783945912363,8.100000,-13.937698,3.881626,-28.012936,13.608893,23.460716,-3.584197,-4.450251
1783945912383,8.120000,32.039993,3.918103,17.613499,-24.477987,-10.847274,-2.062613,-4.529242
1783945912403,8.140000,-8.181541,3.957699,-22.727299,24.451004,25.181031,-0.385543,-4.142727
1783945912423,8.160000,44.897500,4.000294,30.380701,-10.949598,-30.497454,1.387864,-3.553940
1783945912443,8.180000,-2.237698,4.045338,-17.558172,25.397235,16.522996,3.195045,-3.009284
1783945912463,8.200000,40.075645,4.092701,26.118020,-30.312768,-23.624241,4.971431,-2.570884
1783945912483,8.220000,4.210386,4.141888,-9.240188,14.141174,26.430119,6.654269,-2.140389
1783945912503,8.240000,32.269820,4.192720,19.139812,-25.549210,-20.743383,8.184174,-1.603529
1783945912523,8.260000,-1.200087,4.244750,-16.168232,28.051726,20.406384,9.508344,-0.947874
1783945912543,8.280000,28.371964,4.297812,13.248085,-17.868526,-12.704619,10.581785,-0.285695
1783945912563,8.300000,-8.343115,4.351466,-24.717875,23.885358,16.372384,11.369788,0.197753
1783945912583,8.320000,37.149826,4.405611,19.251316,-12.490884,-16.609886,11.848230,0.333622
1783945912603,8.340000,-7.686181,4.459780,-25.053540,15.519014,14.944926,12.005330,0.065028
1783945912623,8.360000,24.702654,4.513884,7.857189,-15.931408,-20.508959,11.840769,-0.515120
1783945912643,8.380000,-4.012649,4.567551,-19.643167,13.818138,25.452743,11.366388,-1.221410
1783945912663,8.400000,29.199610,4.620692,13.009632,-21.809338,-19.521205,10.604598,-1.871297
1783945912683,8.420000,-11.252702,4.672938,-27.953663,25.229912,13.352561,9.588039,-2.337931
1783945912703,8.440000,25.274680,4.724269,8.524181,-18.906581,-13.383551,8.357119,-2.553865
1783945912723,8.460000,-3.194955,4.774376,-17.925968,13.681741,19.080170,6.959139,-2.506306
1783945912743,8.480000,37.707817,4.823261,23.154299,-15.967147,-23.539669,5.445384,-2.216914
1783945912763,8.500000,-6.906286,4.870607,-20.372200,17.101429,13.469986,3.869925,-1.692544
1783945912783,8.520000,36.965065,4.916502,25.045460,-23.332407,-16.293891,2.286412,-0.908121
1783945912803,8.540000,0.404426,4.960683,-10.815666,12.385914,22.666026,0.747101,0.141434
1783945912823,8.560000,40.880867,5.003254,29.860262,-17.701542,-24.549108,-0.700126,1.389453
1783945912843,8.580000,5.610328,5.044007,-6.343864,22.238932,17.854696,-2.012458,2.714159
1783945912863,8.600000,43.387894,5.083080,31.290020,-23.794000,-19.652623,-3.154553,3.993961
1783945912883,8.620000,2.061692,5.120301,-10.017705,18.745912,19.329155,-4.098652,5.131284
1783945912903,8.640000,40.161434,5.155864,27.272976,-19.303403,-16.474112,-4.826319,6.033082
1783945912923,8.660000,13.524167,5.189672,-0.982114,19.501127,19.116830,-5.327821,6.598202
1783945912943,8.680000,42.417484,5.221910,26.948906,-16.240379,-22.465474,-5.602966,6.751795
1783945912963,8.700000,11.779705,5.252531,-5.107700,19.668588,14.606038,-5.659975,6.497117
1783945912983,8.720000,33.510696,5.281752,15.291851,-21.312177,-10.385029,-5.515525,5.913130
1783945913003,8.740000,-0.373093,5.309573,-20.080614,16.865317,18.914085,-5.193052,5.077824
1783945913023,8.760000,48.683510,5.336316,27.304075,-10.552215,-13.144040,-4.722342,4.004146
1783945913043,8.780000,-26.528807,5.361863,-48.379204,21.555016,15.262447,-4.137007,2.664983
1783945913063,8.800000,29.606392,5.386673,5.887394,-7.704613,-16.486160,-3.474480,1.042561
1783945913083,8.820000,-8.167255,5.410730,-31.540817,15.049273,35.894936,-2.772888,-0.857190
1783945913103,8.840000,36.938630,5.434416,13.642818,-18.512236,-39.888703,-2.070790,-2.968456
1783945913123,8.860000,2.096181,5.457770,-21.979893,31.687166,15.834950,-1.404571,-5.078939
1783945913143,8.880000,31.797722,5.481157,10.935560,-42.463175,-19.124399,-0.808061,-6.804483
1783945913163,8.900000,10.330184,5.504698,-9.153829,13.816976,19.838321,-0.310467,-7.730694
1783945913183,8.920000,51.250305,5.528773,32.789190,-25.730632,-18.611447,0.063906,-7.606638
1783945913203,8.940000,6.000427,5.553439,-12.138409,18.737901,8.728814,0.297296,-6.416715
1783945913223,8.960000,49.631077,5.579144,32.635040,-16.199305,-14.854132,0.377980,-4.345070
1783945913243,8.980000,16.141556,5.605974,0.207495,9.235200,23.725093,0.301663,-1.722435
1783945913263,9.000000,55.830320,5.634349,40.041210,-14.854731,-25.530218,0.070476,1.038752
1783945913283,9.020000,18.995514,5.664357,1.432446,23.349113,16.656210,-0.306270,3.548405
1783945913303,9.040000,44.157387,5.696389,25.956966,-22.622640,-15.651158,-0.813485,5.527744
1783945913323,9.060000,21.655897,5.730594,3.360720,19.052038,21.428362,-1.430171,6.810415
1783945913343,9.080000,58.390310,5.767349,35.828094,-17.096742,-16.866317,-2.130972,7.310178
1783945913363,9.100000,27.441736,5.806748,2.257130,20.880867,6.412193,-2.886425,7.044786
1783945913383,9.120000,58.550674,5.849161,30.649790,-16.683976,-16.542689,-3.664904,6.179182
1783945913403,9.140000,29.979570,5.894680,1.356810,6.079983,18.361048,-4.432991,4.988989
1783945913423,9.160000,59.422380,5.943646,28.843649,-17.400637,-15.131692,-5.157468,3.741789
1783945913443,9.180000,17.572908,5.996100,-15.665079,19.190640,16.657744,-5.805721,2.588722
1783945913463,9.200000,55.471570,6.052405,20.522423,-11.722059,-11.426903,-6.347807,1.527898
1783945913483,9.220000,6.580857,6.112541,-29.098324,20.628345,21.492720,-6.756489,0.434414
1783945913503,9.240000,59.015180,6.176886,20.938084,-9.428538,-20.434170,-7.009338,-0.859478
1783945913523,9.260000,10.368493,6.245355,-28.687733,21.143012,20.733005,-7.088259,-2.450136
1783945913543,9.280000,49.587505,6.318262,10.388142,-19.826179,-26.518562,-6.981383,-4.276501
1783945913563,9.300000,6.884092,6.395524,-32.279396,20.128247,27.697230,-6.682339,-6.134773
1783945913583,9.320000,52.711926,6.477416,14.789906,-28.178591,-20.489516,-6.191583,-7.777197
1783945913603,9.340000,17.489990,6.563820,-21.917809,25.504690,16.911307,-5.515306,-8.997770
1783945913623,9.360000,45.142723,6.654907,6.863663,-21.714031,-23.480029,-4.666255,-9.648984
1783945913643,9.380000,14.683186,6.750565,-22.715595,17.793953,21.628689,-3.662482,-9.643525
1783945913663,9.400000,43.445330,6.850914,8.102318,-23.706836,-12.569551,-2.527524,-8.991483
1783945913683,9.420000,5.157697,6.955772,-29.601440,22.263314,15.370914,-1.288863,-7.832948
1783945913703,9.440000,47.533497,7.065261,14.023319,-11.810454,-14.225551,0.022090,-6.407492
1783945913723,9.460000,12.953193,7.179131,-19.129017,15.583809,15.292726,1.371989,-4.958825
1783945913743,9.480000,32.608814,7.297396,0.815575,-13.177859,-20.905923,2.725716,-3.642341
1783945913763,9.500000,1.134069,7.419816,-29.456549,16.159287,23.728064,4.048269,-2.514634
1783945913783,9.520000,46.636370,7.546407,16.188072,-21.520790,-11.384080,5.305139,-1.592997
1783945913803,9.540000,6.231743,7.676808,-23.068388,21.980835,8.092533,6.464352,-0.881849
1783945913823,9.560000,39.598335,7.810980,10.039736,-12.045030,-22.059685,7.496440,-0.329476
1783945913843,9.580000,1.096191,7.948546,-26.764538,8.969290,25.418783,8.376341,0.185737
1783945913863,9.600000,47.830116,8.089452,20.544390,-22.943933,-17.522728,9.083176,0.780701
1783945913883,9.620000,-6.060637,8.233211,-32.738808,23.680201,17.042982,9.601961,1.492402
1783945913903,9.640000,36.952682,8.379753,11.400335,-15.666345,-19.845215,9.922765,2.272680
1783945913923,9.660000,-7.522867,8.528584,-32.520775,19.747853,29.181146,10.042143,3.014914
1783945913943,9.680000,26.897907,8.679554,3.258699,-18.183200,-22.592868,9.961991,3.577910
1783945913963,9.700000,-0.442408,8.832192,-24.520094,28.708373,20.676883,9.690318,3.831259
1783945913983,9.720000,38.337654,8.986289,15.381802,-24.352508,-22.216589,9.239957,3.736805
1783945914003,9.740000,10.683370,9.141332,-11.214400,18.215648,9.413517,8.628816,3.417771
1783945914023,9.760000,40.473590,9.297065,20.623426,-26.347427,-18.513615,7.878289,3.147967
1783945914043,9.780000,5.097509,9.452953,-14.181564,7.673215,18.163050,7.013181,3.232374
1783945914063,9.800000,47.904200,9.608763,28.782776,-19.674508,-12.992283,6.059882,3.838655
1783945914083,9.820000,12.214214,9.763911,-6.077341,17.278069,14.688500,5.046331,4.911906
1783945914103,9.840000,44.766670,9.918127,26.029953,-11.157614,-21.759083,4.000017,6.229488
1783945914123,9.860000,5.963512,10.070829,-12.860729,17.283968,21.834251,2.947931,7.512412
1783945914143,9.880000,40.549118,10.221749,21.324745,-19.457234,-13.868323,1.914744,8.492504
1783945914163,9.900000,9.459755,10.370311,-9.772026,22.359241,17.957092,0.922936,8.939278
1783945914183,9.920000,51.930565,10.516247,30.871298,-14.690036,-21.517127,-0.008750,8.713347
1783945914203,9.940000,25.616780,10.658975,3.776115,16.369079,10.834718,-0.864869,7.850323
1783945914223,9.960000,45.119137,10.798169,21.929832,-22.898634,-20.313390,-1.634396,6.588562
1783945914243,9.980000,4.078828,10.933272,-20.475597,11.788840,22.471535,-2.310117,5.254267
1783945914263,10.000000,41.648346,11.064039,16.103704,-18.674938,-4.025455,-2.889336,4.050037
1783945914283,10.020000,2.147597,11.189894,-24.756336,24.802534,16.695595,-3.372644,2.929867
1783945914303,10.040000,37.114014,11.310601,8.716740,-0.745985,-21.875289,-3.764490,1.681170
1783945914323,10.060000,-8.403015,11.425596,-37.264843,20.193024,21.364195,-4.071611,0.120482
1783945914343,10.080000,37.039513,11.534707,8.279552,-20.496324,-16.789950,-4.303427,-1.781755
1783945914363,10.100000,1.686647,11.637396,-26.447727,17.850505,18.575164,-4.470191,-3.894491
1783945914383,10.120000,46.404358,11.733499,19.276646,-21.097623,-27.734534,-4.583298,-5.957359
1783945914403,10.140000,-3.788502,11.822480,-30.150950,16.809322,18.697344,-4.653451,-7.626135
1783945914423,10.160000,38.041410,11.904236,13.115612,-27.999935,-16.810088,-4.691142,-8.581405
1783945914443,10.180000,0.100292,11.978304,-24.474543,17.840447,26.490405,-4.704884,-8.676203
1783945914463,10.200000,46.406532,12.044607,22.609007,-17.988237,-25.263625,-4.701820,-7.997527
1783945914483,10.220000,-7.639643,12.102680,-30.884546,27.708197,18.120669,-4.686248,-6.785211
1783945914503,10.240000,32.784090,12.152512,12.479712,-22.051670,-17.550404,-4.660685,-5.313892
1783945914523,10.260000,-10.101713,12.193726,-29.698317,19.948111,29.808037,-4.624652,-3.848837
1783945914543,10.280000,35.670216,12.226347,16.471466,-17.856077,-23.842938,-4.575972,-2.638793
1783945914563,10.300000,1.705404,12.250058,-17.969166,28.448287,16.313276,-4.509982,-1.853057
1783945914583,10.320000,39.329340,12.264902,20.633497,-24.890385,-25.392995,-4.421024,-1.483904
1783945914603,10.340000,-7.751339,12.270603,-26.014190,15.929631,20.397550,-4.302018,-1.337767
1783945914623,10.360000,35.218810,12.267296,17.125828,-26.673912,-13.973049,-4.146168,-1.165296
1783945914643,10.380000,-8.638004,12.254760,-26.594057,19.971847,23.406935,-3.946506,-0.825839
1783945914663,10.400000,34.244340,12.233178,16.286411,-12.776746,-23.436098,-3.697695,-0.347882
1783945914683,10.420000,-10.277439,12.202382,-27.527866,25.110969,21.531192,-3.395529,0.139962
1783945914703,10.440000,34.263157,12.162621,17.409014,-22.117616,-21.481258,-3.038609,0.516480
1783945914723,10.460000,6.816948,12.113815,-9.754934,19.160667,18.973038,-2.627673,0.738497
1783945914743,10.480000,43.019974,12.056215,27.321920,-25.431123,-26.848935,-2.166825,0.874456
1783945914763,10.500000,9.986511,11.989801,-4.495321,16.623110,14.587575,-1.662764,1.095168
1783945914783,10.520000,42.878086,11.914882,28.660032,-28.253543,-14.297591,-1.125576,1.593821
1783945914803,10.540000,-5.934774,11.831465,-20.300735,16.105396,21.181657,-0.567548,2.450816
1783945914823,10.560000,37.034344,11.739965,20.976517,-11.522366,-12.313670,-0.003767,3.528011
1783945914843,10.580000,-1.123040,11.640442,-17.915844,23.929163,21.901236,0.549602,4.492198
1783945914863,10.600000,45.738438,11.533349,28.117523,-10.253709,-27.364702,1.074954,4.982307
1783945914883,10.620000,-4.303705,11.418756,-22.279493,22.040492,17.986119,1.555200,4.811297
1783945914903,10.640000,36.948220,11.297173,18.790773,-27.040875,-19.182954,1.973452,4.043716
1783945914923,10.660000,12.098655,11.168785,-6.240346,15.400073,24.672953,2.315026,2.908899
1783945914943,10.680000,44.180100,11.034065,25.089603,-22.873324,-26.560150,2.567393,1.677781
1783945914963,10.700000,12.172994,10.893239,-8.066911,23.769506,12.475770,2.721725,0.604322
1783945914983,10.720000,49.872433,10.746845,29.035156,-26.972071,-13.062794,2.772703,-0.102675
1783945915003,10.740000,5.346372,10.595100,-15.759412,13.151739,17.410304,2.719902,-0.335433
1783945915023,10.760000,47.341850,10.438608,25.707897,-12.728577,-16.329073,2.567008,-0.145017
1783945915043,10.780000,4.387999,10.277608,-17.361967,18.801764,22.655475,2.322957,0.266691
1783945915063,10.800000,30.489422,10.112686,8.520809,-11.680440,-19.588807,2.000681,0.619226
1783945915083,10.820000,-3.695126,9.944155,-26.363174,25.958141,25.051358,1.617598,0.634962
1783945915103,10.840000,26.250725,9.772610,2.454563,-17.498171,-13.965542,1.194139,0.104460
1783945915123,10.860000,-1.458195,9.598384,-26.285109,25.852993,13.269976,0.753704,-1.054026
1783945915143,10.880000,38.454660,9.422090,13.076641,-16.528315,-19.433373,0.320864,-2.732486
1783945915163,10.900000,1.079393,9.244024,-22.773724,10.682469,11.063912,-0.078878,-4.609932
1783945915183,10.920000,39.357235,9.064822,15.443260,-22.450559,-18.122977,-0.421230,-6.230662
1783945915203,10.940000,3.284017,8.884785,-19.560211,7.701527,20.626687,-0.683313,-7.170248
1783945915223,10.960000,26.200533,8.704506,4.711990,-17.893261,-16.740214,-0.845713,-7.203878
1783945915243,10.980000,6.056874,8.524351,-14.859123,21.852706,20.285116,-0.892746,-6.387960
1783945915263,11.000000,39.862526,8.344894,20.055890,-16.459871,-16.022746,-0.813972,-5.001774
1783945915283,11.020000,0.887287,8.166420,-17.867830,21.359729,6.925788,-0.604125,-3.385704
1783945915303,11.040000,36.046623,7.989530,17.497742,-15.693079,-12.666103,-0.264426,-1.798123
1783945915323,11.060000,-2.431401,7.814489,-18.866150,7.320758,22.092119,0.198221,-0.386763
1783945915343,11.080000,36.712437,7.641883,20.110800,-12.648678,-18.635104,0.770385,0.755039
1783945915363,11.100000,1.590955,7.471950,-15.947991,21.105817,17.268552,1.433498,1.557449
1783945915383,11.120000,45.759884,7.305253,27.762695,-18.509686,-22.192365,2.163538,2.009209
1783945915403,11.140000,1.067721,7.141967,-17.909058,16.871279,16.921401,2.932985,2.194862
1783945915423,11.160000,44.271950,6.982639,25.392490,-23.413887,-19.570970,3.710808,2.268907
1783945915443,11.180000,3.662156,6.827419,-15.043080,15.969423,23.582367,4.464858,2.374563
1783945915463,11.200000,36.321926,6.676785,17.565533,-18.797999,-21.044711,5.162156,2.567873
1783945915483,11.220000,-2.436544,6.530873,-21.833202,25.703313,22.830768,5.771252,2.793053
1783945915503,11.240000,43.572456,6.390145,24.397427,-19.741433,-17.414455,6.262610,2.918182
1783945915523,11.260000,-7.413380,6.254639,-28.395552,23.960994,16.658832,6.610956,2.812356
1783945915543,11.280000,34.762436,6.124788,14.019735,-16.453800,-20.514719,6.795185,2.414403
1783945915563,11.300000,-8.750981,6.000608,-29.139622,17.240164,27.563137,6.800451,1.744653
1783945915583,11.320000,21.588339,5.882443,1.532080,-19.101152,-20.967101,6.617736,0.861702
1783945915603,11.340000,-3.440165,5.770328,-24.249006,27.358637,21.375985,6.245159,-0.177300
1783945915623,11.360000,34.920048,5.664537,14.609405,-22.692009,-20.695364,5.687272,-1.296450
1783945915643,11.380000,8.381191,5.565034,-11.734451,19.011903,7.011528,4.955659,-2.339050
1783945915663,11.400000,43.014660,5.472037,23.933210,-25.170787,-19.392347,4.067632,-3.040405
1783945915683,11.420000,3.073126,5.385438,-13.591169,4.617566,16.997182,3.046340,-3.104327
1783945915703,11.440000,35.977590,5.305428,19.764084,-19.651451,-11.939884,1.918905,-2.369937
1783945915723,11.460000,7.443693,5.231881,-7.834622,17.223054,20.879609,0.716203,-0.942739
1783945915743,11.480000,40.714905,5.164913,24.964685,-9.911050,-20.027735,-0.529199,0.832179
1783945915763,11.500000,-8.591249,5.104301,-25.010742,24.706446,15.705469,-1.783463,2.527880
1783945915783,11.520000,35.466114,5.050183,18.495655,-16.622865,-11.570337,-3.013806,3.782523
1783945915803,11.540000,7.209005,5.002313,-9.001966,15.216682,21.011562,-4.188598,4.366966
1783945915823,11.560000,38.681305,4.960709,20.984625,-13.693341,-28.745211,-5.279418,4.225936
1783945915843,11.580000,-0.512781,4.925082,-18.804708,20.467268,16.638231,-6.261120,3.504745
1783945915863,11.600000,39.634842,4.895451,21.326942,-28.500904,-11.438868,-7.113452,2.489733
1783945915883,11.620000,-7.790322,4.871448,-27.486000,16.642804,19.899945,-7.820499,1.459800
1783945915903,11.640000,26.185783,4.853055,5.425190,-10.635124,-17.747420,-8.372009,0.557328
1783945915923,11.660000,-1.316786,4.839925,-22.453506,21.713223,23.821169,-8.762359,-0.232034
1783945915943,11.680000,24.735844,4.831944,4.488522,-15.882957,-21.279752,-8.991145,-0.999045
1783945915963,11.700000,-13.896990,4.828722,-33.806328,24.795241,14.927055,-9.061969,-1.807707
1783945915983,11.720000,22.663828,4.830162,3.840834,-21.349695,-9.747012,-8.982658,-2.649447
1783945916003,11.740000,-15.926749,4.835824,-33.770565,14.939986,17.661689,-8.763578,-3.469146
1783945916023,11.760000,28.885462,4.845603,11.917696,-11.582999,-21.421092,-8.417816,-4.198174
1783945916043,11.780000,-21.895119,4.858988,-37.264977,16.607865,18.569449,-7.959246,-4.748582
1783945916063,11.800000,18.464592,4.875869,3.625307,-19.907944,-18.975920,-7.402910,-5.019429
1783945916083,11.820000,-15.567522,4.895765,-29.126580,17.430594,26.114713,-6.763147,-4.948371
1783945916103,11.840000,32.177658,4.918531,20.932175,-21.759171,-26.251506,-6.054032,-4.538479
1783945916123,11.860000,-9.298217,4.943640,-19.564114,23.851183,13.003450,-5.287852,-3.808148
1783945916143,11.880000,35.088370,4.970944,26.960707,-27.964650,-22.062482,-4.475955,-2.729823
1783945916163,11.900000,-3.182994,4.999923,-9.193633,11.323661,22.564010,-3.627526,-1.250849
1783945916183,11.920000,34.770030,5.030403,29.537111,-23.919073,-21.629438,-2.750738,0.618576
1783945916203,11.940000,0.481244,5.061883,-5.350862,22.185308,20.082355,-1.851988,2.745557
1783945916223,11.960000,29.119417,5.094162,24.085453,-19.313963,-17.679302,-0.937197,4.888505
1783945916243,11.980000,-14.271892,5.126740,-20.341108,24.310301,21.102667,-0.011404,6.746401
1783945916263,12.000000,20.549511,5.159456,13.408895,-14.169555,-10.762975,0.919775,8.003133
1783945916283,12.020000,-18.675716,5.191815,-27.026955,24.094289,20.457318,1.850600,8.379641
1783945916303,12.040000,19.571772,5.223665,9.579735,-8.933908,-20.400948,2.773725,7.717273
1783945916323,12.060000,-27.901793,5.254500,-37.917225,21.564622,19.150961,3.680817,6.060701
1783945916343,12.080000,7.969643,5.284197,-2.808113,-19.114814,-16.549303,4.561206,3.661537
1783945916363,12.100000,-18.828375,5.312319,-29.814621,17.271127,22.457598,5.402791,0.890711
1783945916383,12.120000,20.161589,5.338725,9.486161,-20.493256,-24.951313,6.191226,-1.848516
1783945916403,12.140000,-25.774158,5.362954,-35.188995,20.379772,12.103196,6.911097,-4.156910
1783945916423,12.160000,18.259396,5.384941,10.704915,-26.007791,-14.476092,7.545318,-5.686807
1783945916443,12.180000,-25.197914,5.404245,-30.040522,10.956247,24.063226,8.076905,-6.241003
1783945916463,12.200000,19.107891,5.420825,15.829821,-15.697608,-23.728896,8.488612,-5.847941
1783945916483,12.220000,-19.182972,5.434282,-21.000198,23.343081,20.363757,8.764921,-4.725109
1783945916503,12.240000,21.306778,5.444586,22.115093,-22.766166,-23.284417,8.891901,-3.159716
1783945916523,12.260000,-17.113598,5.451379,-15.219281,20.188568,19.577961,8.859164,-1.406961
1783945916543,12.280000,20.793724,5.454659,23.780643,-24.551150,-19.135290,8.659707,0.344342
1783945916563,12.300000,-14.136259,5.454117,-11.005178,19.285443,19.510851,8.291633,1.957140
1783945916583,12.320000,23.778309,5.449780,26.960115,-19.367092,-19.687928,7.757756,3.326582
1783945916603,12.340000,-15.585027,5.441364,-12.576721,20.103745,17.619736,7.066891,4.378787
1783945916623,12.360000,21.976616,5.428944,23.906101,-18.688353,-17.421886,6.232940,5.072983
1783945916643,12.380000,-4.845947,5.412302,-4.198870,17.183773,18.448073,5.275646,5.398846
1783945916663,12.400000,34.126210,5.391528,34.304077,-19.248042,-23.137344,4.219217,5.390324
1783945916683,12.420000,-1.689839,5.366420,-1.873645,16.917212,12.349896,3.092443,5.152340
1783945916703,12.440000,23.857677,5.337094,22.654959,-22.701214,-14.485896,1.926781,4.840689
1783945916723,12.460000,-6.724533,5.303427,-8.298974,13.821523,23.009513,0.755951,4.563426
1783945916743,12.480000,26.440336,5.265581,22.830698,-13.565702,-13.550490,-0.386202,4.286631
1783945916763,12.500000,-15.294513,5.223429,-20.405983,25.522281,13.738454,-1.466317,3.849637
1783945916783,12.520000,11.898508,5.177179,5.037725,-9.105788,-13.139139,-2.453900,3.066539
1783945916803,12.540000,-20.608393,5.126778,-27.724266,16.944065,23.178822,-3.321823,1.809710
1783945916823,12.560000,8.694525,5.072454,0.539745,-12.309936,-16.028835,-4.048383,0.041403
1783945916843,12.580000,-9.736776,5.014217,-18.456217,21.344016,11.666227,-4.617578,-2.157008
1783945916863,12.600000,20.904226,4.952304,12.300611,-19.068635,-19.917989,-5.020518,-4.539121
1783945916883,12.620000,-16.048805,4.886712,-23.464441,9.560283,9.510644,-5.255158,-6.701773
1783945916903,12.640000,12.892792,4.817748,5.979492,-21.850130,-9.086371,-5.327170,-8.214848
1783945916923,12.660000,-18.975487,4.745417,-24.560577,8.677884,21.282480,-5.248749,-8.818471
1783945916943,12.680000,20.694765,4.670169,15.598758,-9.178860,-17.670591,-5.039041,-8.534973
1783945916963,12.700000,-14.857626,4.591921,-18.631435,21.418453,12.124481,-4.721705,-7.599522
1783945916983,12.720000,22.196356,4.511188,19.858444,-16.564363,-19.959153,-4.325301,-6.288063
1783945917003,12.740000,-6.712172,4.427920,-7.953595,10.987612,18.154994,-3.880064,-4.795800
1783945917023,12.760000,35.932670,4.342639,35.916344,-23.604481,-21.237377,-3.417935,-3.214805
1783945917043,12.780000,-11.844036,4.255279,-11.285808,16.276497,14.628030,-2.969140,-1.567260
1783945917063,12.800000,22.639666,4.166400,23.154205,-19.449438,-14.604648,-2.562301,0.126266
1783945917083,12.820000,-14.810026,4.075992,-15.325271,17.480666,28.032260,-2.221121,1.757517
1783945917103,12.840000,20.916998,3.984656,19.012130,-12.230282,-19.531219,-1.964789,3.095256
1783945917123,12.860000,-16.077105,3.892344,-20.705786,30.124721,16.513305,-1.805057,3.868258
1783945917143,12.880000,28.685236,3.799720,24.267280,-18.451032,-19.728482,-1.747551,3.916787
1783945917163,12.900000,-11.345106,3.706733,-15.936605,15.681418,15.915387,-1.789342,3.294722
1783945917183,12.920000,31.037424,3.614032,26.322048,-22.652381,-22.478342,-1.921148,2.257296
1783945917203,12.940000,-10.497834,3.521558,-16.015633,13.453209,21.565300,-2.125766,1.154479
1783945917223,12.960000,31.967447,3.429983,26.159811,-23.144371,-20.306783,-2.381115,0.292054
1783945917243,12.980000,-0.670010,3.339323,-7.276693,20.500567,19.507898,-2.659439,-0.162700
1783945917263,13.000000,34.906933,3.250200,27.948997,-20.756502,-23.064310,-2.930728,-0.185184
1783945917283,13.020000,-11.018896,3.162563,-18.860939,21.246915,19.346603,-3.162564,0.151686
1783945917303,13.040000,15.272724,3.077067,7.809248,-19.723915,-10.663404,-3.324034,0.692094
1783945917323,13.060000,-8.064297,2.993797,-15.131250,21.940085,24.507949,-3.385704,1.182810
1783945917343,13.080000,35.351196,2.913298,27.166842,-11.363968,-21.981838,-3.322925,1.333901
1783945917363,13.100000,-0.741723,2.835616,-10.152805,23.152637,4.321735,-3.116004,0.992665
1783945917383,13.120000,44.340480,2.761367,34.550285,-24.103498,-20.587544,-2.753096,0.287408
1783945917403,13.140000,10.118015,2.690533,0.892248,0.126537,19.305130,-2.229392,-0.415642
1783945917423,13.160000,41.941517,2.623742,31.914469,-24.207891,-21.232588,-1.549545,-0.718179
1783945917443,13.180000,-0.293470,2.560950,-10.987114,19.169948,22.554478,-0.725842,-0.406623
1783945917463,13.200000,35.575226,2.502796,23.821243,-16.989800,-11.705326,0.220144,0.435611
1783945917483,13.220000,-3.276670,2.449228,-16.360958,27.318180,20.540667,1.260380,1.457996
1783945917503,13.240000,36.997875,2.400833,21.852003,-9.076800,-20.470553,2.359600,2.204249
1783945917523,13.260000,-0.877711,2.357564,-17.020992,22.028044,17.230765,3.478723,2.326786
1783945917543,13.280000,34.684795,2.320011,18.503860,-20.140304,-20.411677,4.574782,1.728349
1783945917563,13.300000,0.155620,2.288100,-16.092144,15.638658,19.788019,5.604835,0.560544
1783945917583,13.320000,38.841020,2.262446,21.819035,-22.663291,-18.631866,6.526013,-0.881107
1783945917603,13.340000,1.650195,2.242926,-17.544304,18.458035,16.109496,7.299653,-2.277438
1783945917623,13.360000,26.692936,2.230000,6.779777,-17.892693,-16.702189,7.891232,-3.376285
1783945917643,13.380000,-3.442241,2.223697,-23.288761,17.984690,22.410632,8.273506,-4.058737
1783945917663,13.400000,36.851833,2.224423,16.915579,-16.672146,-15.141365,8.426654,-4.359390
1783945917683,13.420000,0.250451,2.232234,-19.135857,21.660543,9.885570,8.340294,-4.398695
1783945917703,13.440000,34.377644,2.247596,15.838118,-15.268259,-19.505710,8.012872,-4.268141
1783945917723,13.460000,-0.675986,2.270358,-17.690655,9.754309,21.176060,7.453245,-3.977945
1783945917743,13.480000,25.149593,2.300956,8.449802,-19.427347,-15.168098,6.678488,-3.510613
1783945917763,13.500000,-17.367023,2.339220,-34.194473,22.618991,21.279892,5.714841,-2.913649
1783945917783,13.520000,21.576702,2.385672,4.396538,-12.255959,-11.227883,4.594573,-2.341046
1783945917803,13.540000,-14.875307,2.440109,-31.793447,23.523784,17.118656,3.356550,-2.000639
1783945917823,13.560000,11.714905,2.502955,-5.223410,-10.032043,-21.620837,2.042478,-2.037043
1783945917843,13.580000,-21.012120,2.574042,-36.996914,17.550524,20.712244,0.696815,-2.444592
1783945917863,13.600000,10.110905,2.653769,-4.121626,-22.291999,-13.233317,-0.636890,-3.080080
1783945917883,13.620000,-17.790943,2.741956,-30.297043,18.455865,13.427548,-1.916176,-3.738281
1783945917903,13.640000,22.061682,2.838963,11.208133,-16.764548,-19.380307,-3.103043,-4.201016
1783945917923,13.660000,-15.958698,2.944536,-25.314445,11.353935,11.923283,-4.163753,-4.245183
1783945917943,13.680000,19.560421,3.059065,11.961663,-20.814172,-17.286151,-5.071851,-3.674568
1783945917963,13.700000,-8.007244,3.182318,-12.931910,9.372875,20.398995,-5.807141,-2.395711
1783945917983,13.720000,25.626984,3.314616,22.506458,-18.934002,-20.207398,-6.357856,-0.473048
1783945918003,13.740000,-16.569098,3.455658,-18.458027,21.088003,15.108080,-6.718979,1.886057
1783945918023,13.760000,18.057308,3.605788,17.696650,-17.566618,-11.792189,-6.893785,4.382411
1783945918043,13.780000,-30.105710,3.764684,-29.907450,18.861860,24.199874,-6.891241,6.659910
1783945918063,13.800000,2.981341,3.932671,2.243622,-7.992848,-15.233028,-6.726986,8.334699
1783945918083,13.820000,-41.934216,4.109376,-43.076960,28.055707,25.047873,-6.420157,9.059929
1783945918103,13.840000,8.816906,4.295131,7.843538,-12.815897,-20.313465,-5.994137,8.630912
1783945918123,13.860000,-22.677086,4.489607,-24.284695,22.482347,13.791584,-5.473136,7.104061
1783945918143,13.880000,19.032642,4.693050,18.334393,-25.627893,-31.286529,-4.882652,4.871115
1783945918163,13.900000,-16.406580,4.905084,-16.391872,8.299092,17.181405,-4.246408,2.596387
1783945918183,13.920000,19.422998,5.125953,21.852032,-35.996067,-17.052863,-3.587089,0.987036
1783945918203,13.940000,-6.130712,5.355288,-2.377200,13.711217,18.689614,-2.923618,0.513513
1783945918223,13.960000,16.203396,5.593313,20.628746,-17.597384,-17.980690,-2.272316,1.254895
1783945918243,13.980000,0.920559,5.839650,5.398687,21.009717,13.915947,-1.644780,2.932959
1783945918263,14.000000,46.007915,6.094434,51.325977,-18.732162,-16.133641,-1.049478,5.084136
1783945918283,14.020000,2.918270,6.357225,8.856730,12.612167,2.979658,-0.490355,7.273015
1783945918303,14.040000,27.070740,6.628196,31.965363,-14.766926,-13.577802,0.030959,9.210204
1783945918323,14.060000,3.577729,6.906933,8.657742,4.941700,29.891480,0.516280,10.699218
1783945918343,14.080000,38.694176,7.193566,40.671562,-12.307290,-16.946628,0.968406,11.527115
1783945918363,14.100000,7.799994,7.487625,5.474722,30.359408,6.059269,1.391969,11.483337
1783945918383,14.120000,39.574825,7.789217,32.764305,-14.745419,-16.361560,1.790828,10.497815
1783945918403,14.140000,-8.377312,8.097841,-17.013214,9.631711,20.637484,2.169022,8.702054
1783945918423,14.160000,33.641266,8.413624,22.379883,-15.605087,-11.351786,2.528271,6.324150
1783945918443,14.180000,-9.295466,8.736018,-22.523003,20.532962,22.568578,2.869386,3.551400
1783945918463,14.200000,25.055580,9.065140,9.407387,-8.265987,-23.110460,3.189991,0.500341
1783945918483,14.220000,-4.209360,9.400454,-21.872736,24.221608,20.909677,3.486389,-2.716266
1783945918503,14.240000,36.403316,9.742045,18.964602,-24.663787,-21.498470,3.751839,-5.911096
1783945918523,14.260000,7.519913,10.089350,-11.662588,16.960573,10.203039,3.978791,-8.790505
1783945918543,14.280000,46.997720,10.442412,28.836820,-26.806514,-21.287977,4.157610,-10.984001
1783945918563,14.300000,10.724895,10.800592,-5.340770,7.252042,15.987972,4.279166,-12.140004
1783945918583,14.320000,37.997870,11.163937,22.644970,-21.855202,-15.052480,4.333633,-12.071191
1783945918603,14.340000,0.436225,11.531836,-15.849935,17.876120,23.651064,4.313301,-10.880359
1783945918623,14.360000,37.379430,11.904296,20.699050,-11.381100,-12.784447,4.211512,-8.977490
1783945918643,14.380000,7.787318,12.280704,-9.723413,26.388429,14.443960,4.025214,-6.940775
1783945918663,14.400000,29.903116,12.660945,12.099896,-10.369149,-20.268584,3.753876,-5.283749
1783945918683,14.420000,-1.937497,13.044430,-19.583023,16.676639,18.785020,3.401323,-4.286744
1783945918703,14.440000,36.465298,13.431133,17.938417,-20.891204,-10.551664,2.974356,-3.984838
1783945918723,14.460000,-0.827237,13.820371,-19.727932,16.886716,11.774711,2.484463,-4.245958
1783945918743,14.480000,35.581768,14.212112,14.972794,-11.563801,-19.766291,1.945547,-4.839729
1783945918763,14.500000,-3.706018,14.605623,-24.799747,11.995089,20.552060,1.375342,-5.491226
1783945918783,14.520000,34.509136,15.000835,13.188219,-19.496651,-17.508145,0.792597,-5.955306
1783945918803,14.540000,-0.317026,15.397060,-21.644140,18.981469,18.630781,0.218014,-6.084070
1783945918823,14.560000,45.861400,15.794253,25.369001,-19.159263,-22.223021,-0.328685,-5.828970
1783945918843,14.580000,12.038837,16.191633,-7.311966,16.824590,13.847786,-0.827845,-5.180608
1783945918863,14.600000,42.106930,16.589084,24.199219,-23.683577,-22.065903,-1.263046,-4.117693
1783945918883,14.620000,8.098188,16.985847,-9.460651,13.528008,22.145156,-1.620169,-2.633802
1783945918903,14.640000,47.602220,17.381880,30.118704,-22.411846,-13.859588,-1.890264,-0.816851
1783945918923,14.660000,10.071780,17.776381,-8.259932,22.676678,14.477037,-2.067991,1.121223
1783945918943,14.680000,31.817886,18.169195,13.061024,-10.769496,-17.191119,-2.154077,2.902991
1783945918963,14.700000,-0.792541,18.559615,-20.769787,19.007249,24.451476,-2.153627,4.257804
1783945918983,14.720000,24.025959,18.947499,3.045145,-13.953175,-10.065469,-2.077541,4.951359
1783945919003,14.740000,-15.691002,19.332091,-37.785507,27.088254,15.645502,-1.940254,4.807641
1783945919023,14.760000,23.008293,19.713260,-0.176113,-8.156875,-12.865936,-1.760759,3.762709
1783945919043,14.780000,-7.833043,20.090249,-30.641060,15.576419,14.936700,-1.559712,1.931246
1783945919063,14.800000,14.469446,20.462908,-8.629921,-14.270259,-21.888854,-1.360028,-0.369158
1783945919083,14.820000,-9.691860,20.830479,-31.742908,12.327245,18.293661,-1.183748,-2.681270
1783945919103,14.840000,22.655064,21.192828,2.141413,-24.895000,-12.319193,-1.052468,-4.543156
1783945919123,14.860000,-8.607981,21.549227,-26.836319,15.672271,8.802793,-0.984185,-5.614262
1783945919143,14.880000,20.508604,21.899515,4.267452,-14.038137,-14.941898,-0.993798,-5.729532
1783945919163,14.900000,-17.634780,22.242942,-31.112185,9.948576,19.038649,-1.090339,-4.905404
1783945919183,14.920000,26.708548,22.579401,15.010150,-14.480989,-14.264247,-1.278025,-3.332969
1783945919203,14.940000,-14.740473,22.908130,-23.944155,17.770882,15.693774,-1.553843,-1.324964
1783945919223,14.960000,22.058107,23.229083,14.722401,-13.397144,-22.350117,-1.909444,0.791421
1783945919243,14.980000,-16.445156,23.541492,-22.649935,16.580652,23.299406,-2.329227,2.763149
1783945919263,15.000000,19.531176,23.845303,15.010621,-22.068905,-17.986710,-2.793029,4.427643
1783945919283,15.020000,-7.869336,24.139882,-12.658150,22.092171,17.184296,-3.275111,5.692389
1783945919303,15.040000,32.793694,24.425108,27.909828,-20.370713,-22.333158,-3.746949,6.544470
1783945919323,15.060000,-15.705587,24.700292,-20.494434,17.137627,13.804026,-4.177062,7.073099
1783945919343,15.080000,27.384472,24.965434,23.456837,-22.053223,-14.484213,-4.534435,7.426787
1783945919363,15.100000,-13.889713,25.219912,-18.323523,13.548603,25.752910,-4.788247,7.706541
1783945919383,15.120000,23.605675,25.463746,18.989613,-13.541622,-23.425455,-4.911374,7.892990
1783945919403,15.140000,-14.010550,25.696316,-19.640474,27.048416,20.688140,-4.880056,7.876856
1783945919423,15.160000,21.655071,25.917688,16.734907,-21.410562,-18.729608,-4.677231,7.550306
1783945919443,15.180000,-6.493827,26.127305,-12.101578,20.684365,17.230487,-4.291735,6.877117
1783945919463,15.200000,23.759842,26.325235,17.777584,-21.012687,-19.781633,-3.720969,5.918966
1783945919483,15.220000,-3.201592,26.510997,-8.873563,16.015927,14.102635,-2.969635,4.824111
1783945919503,15.240000,25.583782,26.684666,19.838820,-20.879307,-14.375948,-2.051450,3.778046
1783945919523,15.260000,-13.950796,26.845789,-19.655455,14.610835,15.867762,-0.987254,2.926512
1783945919543,15.280000,28.614693,26.994556,21.914902,-13.661086,-12.253609,0.193955,2.307116
1783945919563,15.300000,-5.884275,27.130564,-13.006933,15.792040,16.430173,1.457861,1.846037
1783945919583,15.320000,25.214811,27.253997,17.625378,-11.330308,-23.346900,2.764429,1.429877
1783945919603,15.340000,-7.772838,27.364489,-14.641279,16.831295,19.980463,4.071139,0.985079
1783945919623,15.360000,10.577776,27.462264,3.533855,-21.595554,-12.017503,5.333038,0.486203
1783945919643,15.380000,-10.591630,27.547086,-17.758574,21.379716,18.521721,6.506104,-0.101766
1783945919663,15.400000,24.116404,27.619260,16.148918,-13.154908,-13.716212,7.547587,-0.844217
1783945919683,15.420000,-14.519028,27.678539,-22.647429,19.075921,6.073527,8.419352,-1.768425
1783945919703,15.440000,38.510530,27.725326,29.758356,-15.204402,-17.311832,9.087684,-2.781015
1783945919723,15.460000,-0.404062,27.759375,-8.048505,1.791538,16.168072,9.526545,-3.656733
1783945919743,15.480000,32.877895,27.781110,25.643232,-19.804188,-26.184046,9.716687,-4.117184
1783945919763,15.500000,-13.252281,27.790381,-20.522600,15.640646,27.288954,9.648223,-3.968795
1783945919783,15.520000,23.734440,27.787707,17.595865,-22.846749,-11.561978,9.319160,-3.240333
1783945919803,15.540000,-6.466528,27.772976,-13.897778,30.052178,20.377896,8.737350,-2.221113
1783945919823,15.560000,23.037000,27.746695,14.251077,-10.108336,-23.173358,7.918291,-1.325984
1783945919843,15.580000,1.502729,27.708864,-7.709515,21.964185,13.495564,6.886131,-0.868320
1783945919863,15.600000,39.236908,27.660061,30.761465,-25.678041,-17.765239,5.671100,-0.905534
1783945919883,15.620000,11.199591,27.600287,2.872185,8.736818,7.662977,4.310008,-1.233249
1783945919903,15.640000,48.450580,27.530186,39.992546,-22.458155,-17.990651,2.843057,-1.497065
1783945919923,15.660000,3.128049,27.449785,-6.575911,6.692162,18.144432,1.314184,-1.364369
1783945919943,15.680000,48.634320,27.359887,37.720924,-16.417752,-14.159105,-0.232564,-0.695747
1783945919963,15.700000,15.197698,27.260413,2.772251,18.471429,20.809389,-1.752142,0.383271
1783945919983,15.720000,51.105743,27.152095,36.108437,-12.303018,-26.491281,-3.202498,1.570182
1783945920003,15.740000,24.293722,27.035121,8.302409,21.871946,16.832635,-4.543935,2.562098
1783945920023,15.760000,53.116280,26.910180,36.771755,-26.458513,-17.381604,-5.741848,3.185916
1783945920043,15.780000,14.844711,26.777473,-3.075457,17.713560,16.573664,-6.766245,3.402846
1783945920063,15.800000,49.618958,26.637795,28.853794,-16.761267,-10.402463,-7.594089,3.223678
1783945920083,15.820000,14.158752,26.491331,-9.343542,18.850862,18.593252,-8.208028,2.634791
1783945920103,15.840000,53.761840,26.338881,27.183521,-8.492285,-20.120999,-8.598447,1.603698
1783945920123,15.860000,4.861849,26.180635,-24.724400,20.156893,17.891893,-8.761668,0.146098
1783945920143,15.880000,34.490143,26.017428,3.569696,-16.700259,-14.463957,-8.701597,-1.643570
1783945920163,15.900000,-1.574777,25.849501,-33.533430,19.751236,27.875712,-8.427468,-3.647259
1783945920183,15.920000,43.518140,25.677717,11.263569,-14.950210,-20.007476,-7.955058,-5.776253
1783945920203,15.940000,9.933661,25.502266,-22.852034,26.088884,10.325000,-7.304036,-7.922310
1783945920223,15.960000,57.192940,25.324050,24.233868,-23.218773,-26.311769,-6.499193,-9.849840
1783945920243,15.980000,25.025211,25.143253,-6.519445,5.391471,15.420587,-5.567434,-11.168346
1783945920263,16.000000,52.522945,24.960710,22.655535,-30.963847,-21.169359,-4.538869,-11.456141
1783945920283,16.020000,15.034257,24.776541,-14.074391,14.041519,23.321748,-3.443874,-10.475265
1783945920303,16.040000,50.728127,24.591729,23.055485,-19.239589,-10.047646,-2.314521,-8.340594
1783945920323,16.060000,14.336454,24.406446,-13.743853,27.072230,16.716289,-1.181248,-5.519493
1783945920343,16.080000,52.965397,24.221532,23.867039,-6.943024,-20.067808,-0.074264,-2.644119
1783945920363,16.100000,22.079432,24.037151,-7.309326,18.189289,16.117025,0.979151,-0.251115
1783945920383,16.120000,51.947790,23.854066,22.471480,-20.142364,-20.178789,1.953366,1.392131
1783945920403,16.140000,22.927360,23.672458,-6.245577,14.252136,17.134637,2.826662,2.299030
1783945920423,16.160000,51.576942,23.493041,21.456545,-21.577938,-13.892797,3.579997,2.654883
1783945920443,16.180000,21.477697,23.315989,-10.490225,17.405757,14.785354,4.198915,2.680065
1783945920463,16.200000,44.666306,23.141985,10.332962,-12.694544,-12.851895,4.672201,2.536381
1783945920483,16.220000,18.276110,22.971156,-16.900198,16.849628,16.431575,4.993582,2.294287
1783945920503,16.240000,59.291970,22.804155,22.816288,-13.027186,-14.891700,5.160158,1.958238
1783945920523,16.260000,29.274498,22.641032,-6.639584,14.128592,7.239052,5.174000,1.546752
1783945920543,16.280000,57.555515,22.482402,21.996185,-16.429665,-20.147573,5.040275,1.168321
1783945920563,16.300000,18.449703,22.328260,-16.323960,7.121917,21.372953,4.768771,0.995514
1783945920583,16.320000,50.383020,22.179208,15.285172,-19.111802,-9.597305,4.371760,1.129396
1783945920603,16.340000,22.118380,22.035184,-13.835852,21.984956,18.043334,3.865508,1.488626
1783945920623,16.360000,63.079914,21.896713,25.631878,-9.182813,-21.693802,3.267958,1.858475
1783945920643,16.380000,27.339195,21.763640,-10.567856,18.512054,10.562066,2.600099,2.064299
1783945920663,16.400000,66.831436,21.636431,29.287361,-22.810271,-19.248561,1.883475,2.101347
1783945920683,16.420000,29.284454,21.514938,-8.103146,8.022211,19.907181,1.141405,2.111787
1783945920703,16.440000,57.346620,21.399520,20.039917,-20.047894,-16.994138,0.396691,2.249037
1783945920723,16.460000,16.893974,21.289949,-21.563026,22.151693,23.368837,-0.327405,2.541220
1783945920743,16.480000,49.602734,21.186548,10.559582,-12.793748,-11.931948,-1.009488,2.838517
1783945920763,16.500000,20.355263,21.089033,-20.904400,26.507937,17.294207,-1.628936,2.876581
1783945920783,16.520000,59.691800,20.997688,17.331303,-11.969923,-21.968500,-2.168214,2.436061
1783945920803,16.540000,28.426670,20.912146,-13.739292,15.461414,10.883224,-2.611591,1.507242
1783945920823,16.560000,62.586555,20.832620,21.658646,-24.941896,-19.237570,-2.947395,0.337004
1783945920843,16.580000,24.993137,20.758640,-15.139492,8.001470,18.749107,-3.166500,-0.688927
1783945920863,16.600000,63.176132,20.690441,22.852947,-20.880471,-14.778256,-3.264611,-1.247877
1783945920883,16.620000,34.654274,20.627470,-6.599789,17.919084,16.998460,-3.240176,-1.219434
1783945920903,16.640000,59.044567,20.569819,17.159676,-13.515841,-20.487085,-3.096508,-0.683945
1783945920923,16.660000,26.750170,20.516980,-15.085382,19.658425,17.975326,-2.839810,0.161133
1783945920943,16.680000,56.734108,20.469011,15.133163,-18.648131,-9.571124,-2.480649,1.071141
1783945920963,16.700000,22.685440,20.425307,-18.549980,19.301847,15.203785,-2.031769,1.793771
1783945920983,16.720000,52.030685,20.385827,10.258285,-8.453900,-15.233037,-1.509438,2.116960
1783945921003,16.740000,31.053524,20.350009,-10.888668,15.673708,15.351026,-0.931293,1.934362
1783945921023,16.760000,64.538536,20.317774,21.610722,-16.815887,-19.613304,-0.317197,1.299881
1783945921043,16.780000,25.430332,20.288423,-18.210620,13.124331,9.951914,0.313046,0.432328
1783945921063,16.800000,64.959520,20.261896,21.085548,-21.102676,-12.396149,0.938510,-0.363380
1783945921083,16.820000,35.661835,20.237465,-7.446022,8.141813,18.926131,1.539749,-0.829504
1783945921103,16.840000,65.468810,20.215003,22.098270,-13.477772,-22.421761,2.097562,-0.848149
1783945921123,16.860000,35.150505,20.193803,-8.415237,19.167206,16.424597,2.595315,-0.441979
1783945921143,16.880000,65.218080,20.173688,21.608620,-20.789395,-12.986345,3.017819,0.270916
1783945921163,16.900000,38.162380,20.153909,-5.625420,17.192099,14.698622,3.353360,1.115346
1783945921183,16.920000,71.321090,20.134291,27.432533,-14.034626,-16.679945,3.592339,1.903790
1783945921203,16.940000,32.722750,20.114066,-11.808231,15.605426,13.877478,3.729179,2.493377
1783945921223,16.960000,78.768060,20.093127,33.397045,-16.135831,-15.394764,3.760579,2.816357
1783945921243,16.980000,54.377472,20.070659,8.158058,11.037030,14.559451,3.687504,2.885101
1783945921263,17.000000,82.165790,20.046496,34.398680,-17.739297,-26.863507,3.513063,2.799880
1783945921283,17.020000,43.497650,20.019830,-6.198498,14.635831,18.292591,3.244185,2.724075
1783945921303,17.040000,72.407936,19.990532,22.544865,-24.656421,-6.279138,2.889365,2.775458
1783945921323,17.060000,28.455196,19.957812,-22.830826,22.058420,22.220439,2.460277,2.888956
1783945921343,17.080000,56.710033,19.921512,2.529297,-1.481364,-12.771363,1.969441,2.784572
1783945921363,17.100000,15.694908,19.880890,-40.206450,28.553701,22.586017,1.431565,2.087605
1783945921383,17.120000,51.999466,19.835861,-4.685482,-8.182276,-16.339002,0.861256,0.516610
1783945921403,17.140000,13.929988,19.785723,-43.448875,22.607286,16.843779,0.274426,-1.964177
1783945921423,17.160000,58.913690,19.730362,2.204357,-19.360017,-21.922306,-0.313920,-5.082770
1783945921443,17.180000,26.546392,19.669082,-29.312136,11.677928,14.700387,-0.888390,-8.301806
1783945921463,17.200000,65.371950,19.601870,11.760170,-27.657813,-24.812744,-1.435447,-10.950328
1783945921483,17.220000,34.549880,19.528032,-17.129734,9.541522,17.028462,-1.941727,-12.408277
1783945921503,17.240000,65.067180,19.447673,15.266838,-27.793880,-17.516788,-2.396518,-12.289787
1783945921523,17.260000,26.140663,19.360012,-21.674240,17.421275,19.273657,-2.789495,-10.568716
1783945921543,17.280000,63.202076,19.265150,18.170284,-15.595227,-12.263143,-3.113517,-7.598041
1783945921563,17.300000,38.070805,19.162560,-5.281605,20.992741,16.333421,-3.362507,-3.993618
1783945921583,17.320000,66.865660,19.052307,24.408028,-11.315948,-22.842048,-3.533337,-0.411275
1783945921603,17.340000,28.575136,18.933890,-13.148424,17.736837,15.215156,-3.624120,2.662760
1783945921623,17.360000,63.333780,18.807465,21.841675,-21.631689,-9.627215,-3.635986,4.978864
1783945921643,17.380000,38.627520,18.672620,-3.513790,14.221611,17.086497,-3.571198,6.461257
1783945921663,17.400000,59.976204,18.529535,15.597305,-10.370085,-20.666381,-3.434740,7.141244
1783945921683,17.420000,35.437386,18.377869,-10.428135,18.336019,14.531166,-3.232498,7.137817
1783945921703,17.440000,66.984230,18.217850,19.654194,-20.146210,-10.194856,-2.972678,6.636212
1783945921723,17.460000,36.667450,18.049198,-11.104591,13.559755,9.805109,-2.663966,5.842365
1783945921743,17.480000,47.098175,17.872157,-1.881981,-9.536115,-12.027775,-2.316783,4.932486
1783945921763,17.500000,28.077797,17.686579,-20.362785,12.811870,21.277356,-1.941629,3.998057
1783945921783,17.520000,61.646645,17.492843,13.117310,-11.205046,-9.317830,-1.550123,3.018692
1783945921803,17.540000,24.471327,17.290743,-24.249712,20.752179,2.940571,-1.153007,1.928103
1783945921823,17.560000,62.174023,17.080748,12.400303,-9.448626,-15.278106,-0.761668,0.735980
1783945921843,17.580000,24.609201,16.862705,-23.554125,2.383931,20.300450,-0.385876,-0.424245
1783945921863,17.600000,60.269173,16.637157,13.105148,-16.665744,-19.070034,-0.035398,-1.368968
1783945921883,17.620000,33.360645,16.404039,-13.281479,17.110778,17.752187,0.282236,-1.962190
1783945921903,17.640000,66.576150,16.163904,20.344406,-20.023732,-20.634219,0.560186,-2.142626
1783945921923,17.660000,16.599756,15.916701,-29.516008,19.685734,16.337682,0.794329,-1.910372
1783945921943,17.680000,62.296417,15.663101,17.582485,-19.398912,-10.591245,0.981444,-1.341856
1783945921963,17.700000,25.753548,15.403153,-18.989681,16.493484,22.433535,1.121290,-0.610495
1783945921983,17.720000,73.821625,15.137551,29.286068,-11.632542,-29.801601,1.214717,0.070431
1783945922003,17.740000,40.672127,14.866348,-3.822620,19.962884,14.676480,1.265493,0.585631
1783945922023,17.760000,69.701355,14.590259,27.213375,-30.766244,-22.387257,1.278190,1.004526
1783945922043,17.780000,35.928880,14.309390,-8.078926,13.798449,22.459300,1.259800,1.501937
1783945922063,17.800000,66.000130,14.024528,22.224750,-23.317515,-11.307484,1.217495,2.178093
1783945922083,17.820000,34.511170,13.735825,-10.481709,24.635509,16.262141,1.160156,2.944970
1783945922103,17.840000,67.318375,13.444077,20.705418,-8.588211,-16.426459,1.096039,3.568104
1783945922123,17.860000,37.462180,13.149483,-9.903511,18.354774,14.179782,1.034127,3.811656
1783945922143,17.880000,56.928970,12.852812,8.431309,-14.880956,-15.180447,0.981920,3.558710
1783945922163,17.900000,32.971043,12.554293,-16.099716,14.468544,18.119730,0.946607,2.827110
1783945922183,17.920000,63.464950,12.254744,14.279140,-15.984748,-11.313935,0.932988,1.715056
1783945922203,17.940000,25.164257,11.954390,-24.095776,18.373244,9.710674,0.944870,0.355710
1783945922223,17.960000,59.921345,11.654104,8.575069,-10.504950,-13.014414,0.982986,-1.099166
1783945922243,17.980000,24.448357,11.354088,-26.361176,10.109892,19.648463,1.046807,-2.498020
1783945922263,18.000000,52.638332,11.055195,1.107044,-12.511855,-17.937124,1.132575,-3.722543
1783945922283,18.020000,31.871868,10.757654,-18.623749,18.245982,17.003160,1.235310,-4.702401
1783945922303,18.040000,76.201850,10.462302,27.257019,-20.943058,-20.592644,1.347246,-5.377392
1783945922323,18.060000,38.517060,10.169353,-9.449772,13.708542,5.371863,1.460020,-5.632336
1783945922343,18.080000,69.056870,9.879619,22.238090,-22.977236,-16.917188,1.563358,-5.293090
1783945922363,18.100000,39.637550,9.593341,-5.845051,4.546088,24.881262,1.647381,-4.238806
1783945922383,18.120000,67.497190,9.311287,22.278522,-16.623600,-15.280005,1.701605,-2.547935
1783945922403,18.140000,35.832226,9.033677,-10.274792,26.639585,14.599746,1.717187,-0.529972
1783945922423,18.160000,67.940810,8.761288,21.728306,-11.847151,-13.442734,1.685935,1.390796
1783945922443,18.180000,19.459240,8.494258,-27.966060,19.191570,17.593209,1.602666,2.828066
1783945922463,18.200000,67.600930,8.233376,19.508980,-11.724009,-13.829098,1.463796,3.521010
1783945922483,18.220000,28.147896,7.978730,-20.347275,16.508028,20.194428,1.269726,3.370150
1783945922503,18.240000,52.346874,7.731013,2.784905,-12.771439,-25.762089,1.023132,2.454799
1783945922523,18.260000,30.121685,7.490362,-20.242230,20.176683,23.331358,0.730749,1.008788
1783945922543,18.280000,54.282948,7.257427,4.417946,-26.827495,-13.845366,0.401655,-0.656944
1783945922563,18.300000,20.640936,7.032252,-30.720324,23.213856,10.156662,0.048611,-2.247685
1783945922583,18.320000,60.271114,6.815526,9.282249,-15.516570,-10.846891,-0.314277,-3.542455
1783945922603,18.340000,14.544101,6.607182,-34.059265,10.811221,15.581672,-0.670142,-4.408474
1783945922623,18.360000,56.094696,6.407884,8.330868,-10.229357,-18.684977,-1.002350,-4.802764
1783945922643,18.380000,31.975647,6.217574,-14.310791,12.680265,20.636207,-1.293221,-4.752667
1783945922663,18.400000,64.945015,6.036778,20.558239,-20.696155,-26.867817,-1.526910,-4.298947
1783945922683,18.420000,36.416447,5.865398,-7.247723,18.107168,12.053526,-1.688552,-3.439280
1783945922703,18.440000,73.471886,5.703913,31.936527,-29.732347,-14.265652,-1.766926,-2.130370
1783945922723,18.460000,39.463943,5.552188,-0.886803,10.884023,14.550409,-1.753485,-0.360028
1783945922743,18.480000,68.180115,5.410644,26.577724,-14.624743,-15.992395,-1.644729,1.770895
1783945922763,18.500000,46.329400,5.279121,4.992599,15.775779,18.670752,-1.440969,4.026741
1783945922783,18.520000,69.983870,5.157955,27.820217,-13.724065,-16.177000,-1.148157,6.091479
1783945922803,18.540000,47.548440,5.046944,3.272282,20.030940,10.683839,-0.776342,7.667683
1783945922823,18.560000,78.589570,4.946389,33.379190,-16.226490,-12.019823,-0.340932,8.569712
1783945922843,18.580000,49.980957,4.855997,3.380859,10.689151,9.881811,0.139429,8.766001
1783945922863,18.600000,61.661224,4.776006,12.492279,-10.833185,-11.467137,0.641959,8.346374
1783945922883,18.620000,32.953460,4.706128,-17.186760,13.167583,21.803316,1.142242,7.421313
1783945922903,18.640000,64.878044,4.646611,11.437389,-8.408462,-5.954326,1.613774,6.023187
1783945922923,18.660000,36.601078,4.597048,-19.089066,22.918954,7.550502,2.030939,4.119105
1783945922943,18.680000,65.513740,4.557627,8.023067,-5.423021,-18.977957,2.368430,1.743013
1783945922963,18.700000,6.997332,4.527871,-50.164963,10.190453,20.110564,2.604354,-0.912560
1783945922983,18.720000,41.976982,4.508036,-14.839008,-15.716623,-4.885695,2.719339,-3.587458
1783945923003,18.740000,5.329838,4.497571,-50.626766,20.429822,28.630904,2.699838,-6.130273
1783945923023,18.760000,52.739320,4.496673,-2.931000,-5.262119,-27.862383,2.536665,-8.528955
1783945923043,18.780000,-21.177399,4.504731,-76.581080,30.766378,16.747013,2.227870,-10.762940
1783945923063,18.800000,44.296017,4.521941,-7.174454,-26.013510,-16.363844,1.776673,-12.690412
1783945923083,18.820000,24.495693,4.547750,-24.174088,9.811918,28.129245,1.193761,-14.075577
1783945923103,18.840000,61.582306,4.582209,17.134384,-26.505653,-49.055028,0.494996,-14.621718
1783945923123,18.860000,34.560993,4.624786,-7.301903,21.107838,11.546529,-0.297424,-13.957608
1783945923143,18.880000,62.033714,4.675479,27.286652,-52.460879,-9.802861,-1.157475,-11.727020
1783945923163,18.900000,41.632664,4.733781,8.622124,9.549004,16.815408,-2.054869,-7.832728
1783945923183,18.920000,67.086990,4.799628,34.922226,-12.762321,-14.004400,-2.957724,-2.618385
1783945923203,18.940000,45.944870,4.872443,14.109680,20.262789,9.893458,-3.832536,3.201959
1783945923223,18.960000,76.826430,4.952232,45.195248,-9.167235,-13.048279,-4.647232,8.793526
1783945923243,18.980000,45.626870,5.038383,14.343687,11.625059,10.561734,-5.370797,13.448502
1783945923263,19.000000,76.632510,5.130869,41.885796,-12.009640,-13.013519,-5.976367,16.718782
1783945923283,19.020000,38.510560,5.229079,1.252846,12.043199,18.388392,-6.440636,18.420288
1783945923303,19.040000,66.356750,5.332999,25.037529,-9.576365,-12.689462,-6.746544,18.557652
1783945923323,19.060000,27.086407,5.442027,-16.641521,22.052654,21.459255,-6.882181,17.237627
1783945923343,19.080000,60.854446,5.556157,10.446091,-9.028980,-14.000697,-6.842907,14.624261
1783945923363,19.100000,32.620464,5.674775,-21.021542,22.877880,16.013227,-6.629637,10.953372
1783945923383,19.120000,71.052920,5.797832,16.009422,-15.640663,-22.327184,-6.250309,6.586688
1783945923403,19.140000,36.283050,5.924735,-19.237885,13.171709,11.812106,-5.717720,2.040179
1783945923423,19.160000,73.590720,6.055496,18.817242,-25.775063,-17.627537,-5.050407,-2.084177
1783945923443,19.180000,40.308216,6.189487,-14.347340,8.524842,18.601284,-4.269814,-5.256485
1783945923463,19.200000,68.022180,6.326715,14.267845,-18.848107,-17.363208,-3.401001,-7.177818
1783945923483,19.220000,43.904840,6.466600,-10.246090,19.044921,18.063732,-2.469602,-7.849106
1783945923503,19.240000,67.999110,6.609138,14.814365,-15.889185,-14.709803,-1.502276,-7.523240
1783945923523,19.260000,52.693478,6.753760,-0.167690,18.857778,10.269089,-0.523820,-6.577043
1783945923543,19.280000,69.235070,6.900434,16.905766,-15.262789,-13.122309,0.442284,-5.367405
1783945923563,19.300000,37.865570,7.048612,-13.602699,11.926665,11.379069,1.376322,-4.151065
1783945923583,19.320000,74.515020,7.198370,22.507324,-12.536885,-5.008703,2.261345,-3.099908
1783945923603,19.340000,39.724450,7.349124,-12.447479,11.213245,12.229620,3.085470,-2.341842
1783945923623,19.360000,74.488570,7.500924,19.755936,-4.182172,-20.221456,3.840107,-1.953185
1783945923643,19.380000,36.475075,7.653210,-19.095623,12.742734,19.131061,4.521652,-1.921897
1783945923663,19.400000,33.323940,7.805956,-22.771263,-15.156942,-9.674321,5.129384,-2.177338
1783945923683,19.420000,23.282736,7.958785,-33.158676,23.554718,27.520271,5.666140,-2.710815
1783945923703,19.440000,58.870136,8.111739,2.084583,-10.322955,-7.885743,6.136361,-3.627594
1783945923723,19.460000,30.035633,8.264284,-26.839703,26.706950,-9.422075,6.546624,-4.994501
1783945923743,19.480000,50.513920,8.416494,-5.978104,-9.434430,-15.467504,6.902886,-6.621645
1783945923763,19.500000,16.161360,8.567888,-36.860840,-10.415144,23.505515,7.211221,-8.060883
1783945923783,19.520000,36.531600,8.718554,-14.428387,-16.658006,-5.863598,7.475252,-8.876157
1783945923803,19.540000,11.016461,8.868056,-39.030632,21.800193,16.659068,7.697001,-8.915486
1783945923823,19.560000,43.488730,9.016528,-4.292576,-3.934326,-15.129924,7.874732,-8.331215
1783945923843,19.580000,16.692389,9.163465,-29.216803,18.522229,7.464190,8.004415,-7.381397
1783945923863,19.600000,46.158930,9.309026,2.420162,-17.113830,-17.325117,8.077780,-6.219489
1783945923883,19.620000,23.962970,9.452747,-15.977459,3.188387,13.846883,8.084468,-4.827517
1783945923903,19.640000,57.640390,9.594773,20.570759,-22.203777,-16.467589,8.010755,-3.089797
1783945923923,19.660000,38.243393,9.734676,4.273750,9.447716,8.461130,7.842091,-0.899060
1783945923943,19.680000,63.433388,9.872581,31.442013,-18.640572,-17.058940,7.562456,1.780756
1783945923963,19.700000,33.962173,10.008066,0.687298,9.045888,13.740183,7.157148,4.877572
1783945923983,19.720000,61.806538,10.141276,28.463638,-15.677566,-8.264749,6.612416,8.171880
1783945924003,19.740000,31.406448,10.271781,-1.813473,15.960855,15.684666,5.918407,11.290662
1783945924023,19.760000,62.713463,10.399781,28.672764,-5.358615,-14.632061,5.068611,13.784446
1783945924043,19.780000,40.546394,10.524867,5.213749,17.445979,12.828471,4.062757,15.275910
1783945924063,19.800000,62.822075,10.647172,25.709350,-13.691550,-17.469734,2.905955,15.598834
1783945924083,19.820000,31.019070,10.766290,-8.621151,13.447205,14.327798,1.610851,14.833737
1783945924103,19.840000,59.279690,10.882409,17.600471,-17.116815,-7.418129,0.196189,13.218808
1783945924123,19.860000,20.165329,10.995095,-23.436363,15.998006,16.731071,-1.311539,11.010228
1783945924143,19.880000,49.560640,11.104536,3.573547,-4.781788,-12.879796,-2.880458,8.391170
1783945924163,19.900000,16.568111,11.210358,-31.085293,19.233299,19.377204,-4.472447,5.471325
1783945924183,19.920000,48.203743,11.312761,-0.155273,-11.209426,-17.300768,-6.046058,2.347010
1783945924203,19.940000,17.297920,11.411309,-31.225025,18.462046,14.381401,-7.556255,-0.831350
1783945924223,19.960000,54.129898,11.506218,7.414757,-19.793958,-17.752829,-8.958081,-3.825646
1783945924243,19.980000,21.319311,11.597094,-24.008558,11.524061,13.690473,-10.206694,-6.333147
1783945924263,20.000000,58.719315,11.684137,15.130852,-21.058192,-18.741796,-11.261095,-8.057390
1783945924283,20.020000,29.914190,11.766922,-12.313993,10.687928,15.865835,-12.084240,-8.789851
1783945924303,20.040000,49.136486,11.845634,8.319157,-19.203574,-17.100209,-12.646627,-8.474144
1783945924323,20.060000,16.859348,11.919924,-23.099625,17.959002,20.372890,-12.926121,-7.250756
1783945924343,20.080000,45.589054,11.989971,7.552792,-14.454427,-7.008761,-12.910718,-5.465855
1783945924363,20.100000,23.757530,12.055430,-13.868458,22.226635,11.807165,-12.597799,-3.594014
1783945924383,20.120000,60.102104,12.116536,22.586605,-7.768326,-20.700437,-11.996101,-2.056780
1783945924403,20.140000,29.643398,12.172864,-6.857780,10.219423,8.074401,-11.123774,-1.031224
1783945924423,20.160000,53.328810,12.224637,17.158234,-21.977607,-14.455844,-10.009706,-0.406301
1783945924443,20.180000,30.281776,12.271519,-5.491642,5.855853,19.651659,-8.690681,0.069726
1783945924463,20.200000,62.377144,12.313748,25.884780,-16.341454,-13.605062,-7.211570,0.590481
1783945924483,20.220000,20.862090,12.350913,-16.820108,20.908330,10.562923,-5.621686,1.199254
1783945924503,20.240000,56.347160,12.383307,17.430412,-10.271443,-11.858287,-3.974697,1.812951
1783945924523,20.260000,31.277458,12.410614,-7.559181,11.972158,19.964738,-2.324398,2.286655
1783945924543,20.280000,58.832283,12.433055,19.099396,-12.399199,-22.467562,-0.724083,2.488127
1783945924563,20.300000,27.694801,12.450347,-12.403870,19.302442,13.448671,0.777267,2.370723
1783945924583,20.320000,59.368060,12.462675,20.174603,-22.139208,-11.119517,2.135663,1.994365
1783945924603,20.340000,20.234356,12.469777,-19.680172,14.286766,16.539930,3.315295,1.466435
1783945924623,20.360000,34.420105,12.471958,-6.936237,-8.892065,-10.943043,4.288512,0.846946
1783945924643,20.380000,2.211437,12.468950,-40.469227,21.469794,25.574553,5.038543,0.078814
1783945924663,20.400000,30.975485,12.461053,-12.098906,-6.527523,-8.916351,5.558370,-1.007744
1783945924683,20.420000,8.532367,12.448088,-34.468616,26.378709,8.463137,5.852308,-2.578052
1783945924703,20.440000,50.363937,12.430366,8.303856,-12.156673,-22.244844,5.934092,-4.599402
1783945924723,20.460000,24.450918,12.407652,-15.718290,2.711730,5.816443,5.827436,-6.710895
1783945924743,20.480000,58.036130,12.380324,20.673954,-29.417322,-20.562679,5.562896,-8.288868
1783945924763,20.500000,37.971790,12.348164,3.749783,-1.680974,15.308833,5.177874,-8.692790
1783945924783,20.520000,62.284603,12.311563,29.295567,-24.415746,-15.822373,4.712764,-7.541222
1783945924803,20.540000,21.725147,12.270373,-10.665569,17.266745,15.564042,4.210420,-4.879185
1783945924823,20.560000,58.192425,12.225039,26.484362,-11.023506,-5.805045,3.712179,-1.190928
1783945924843,20.580000,32.213696,12.175432,0.585247,19.561480,17.213971,3.257365,2.742984
1783945924863,20.600000,59.435570,12.122022,26.779419,-3.348868,-23.578725,2.879501,6.115199
1783945924883,20.620000,31.976637,12.064722,-0.971167,18.619518,13.887745,2.606241,8.370593
1783945924903,20.640000,59.924374,12.004004,26.827488,-22.895982,-11.697612,2.456331,9.334152
1783945924923,20.660000,19.428308,11.939812,-16.045805,14.073557,15.907068,2.440256,9.135980
1783945924943,20.680000,48.952390,11.872705,10.478046,-10.996798,-10.011859,2.558108,8.032981
1783945924963,20.700000,24.241982,11.802642,-17.078370,17.598057,19.264497,2.801425,6.268906
1783945924983,20.720000,48.131916,11.730200,4.467144,-8.445608,-19.347626,3.151971,4.046471
1783945925003,20.740000,17.561737,11.655411,-27.059082,19.918471,12.578939,3.584500,1.576854
1783945925023,20.760000,46.914986,11.578931,2.796429,-19.449852,-9.963238,4.066511,-0.890921
1783945925043,20.780000,15.175673,11.500747,-28.034510,11.778033,14.635469,4.561971,-3.108993
1783945925063,20.800000,42.202763,11.421538,0.365562,-11.209095,-14.809772,5.031375,-4.892690
1783945925083,20.820000,5.181958,11.341339,-35.239975,15.360307,17.720147,5.435925,-6.153780
1783945925103,20.840000,42.953426,11.260930,2.947834,-13.512777,-13.156084,5.737705,-6.902504
1783945925123,20.860000,25.695763,11.180407,-13.182083,15.213727,12.515335,5.903926,-7.206000
1783945925143,20.880000,57.376774,11.100479,20.202728,-17.368025,-26.249101,5.906935,-7.091382
1783945925163,20.900000,28.382023,11.021315,-7.068741,9.245061,9.321308,5.727530,-6.469444
1783945925183,20.920000,58.937790,10.943639,26.166496,-28.856331,-10.725526,5.354561,-5.185548
1783945925203,20.940000,38.398796,10.867670,7.324596,6.831431,15.419345,4.787246,-3.175425
1783945925223,20.960000,62.537760,10.794136,30.836815,-11.988510,-16.839461,4.033933,-0.575897
1783945925243,20.980000,19.380896,10.723202,-13.162489,19.271979,14.768784,3.113419,2.287609
1783945925263,21.000000,55.533623,10.655745,22.576233,-11.055858,-5.463019,2.052297,4.971430
1783945925283,21.020000,26.907850,10.591969,-7.130125,17.327320,18.921641,0.885779,6.999338
1783945925303,21.040000,56.965960,10.532658,20.844280,-4.612928,-23.906585,-0.345793,7.996092
1783945925323,21.060000,19.143583,10.478056,-18.540377,20.181255,15.455344,-1.597241,7.833088
1783945925343,21.080000,55.979610,10.429024,17.875126,-22.835893,-12.077404,-2.822424,6.665152
1783945925363,21.100000,20.002176,10.385769,-19.435392,14.154819,17.877160,-3.974646,4.825769
1783945925383,21.120000,37.242325,10.349092,-4.367836,-12.301408,-16.896668,-5.010755,2.676862
1783945925403,21.140000,12.482755,10.319289,-30.528660,20.348306,22.343542,-5.891667,0.496262
1783945925423,21.160000,44.596825,10.297216,2.240631,-15.679977,-11.572370,-6.585835,-1.564032
1783945925443,21.180000,23.369675,10.283100,-18.846806,20.757172,4.963431,-7.069073,-3.424715
1783945925463,21.200000,57.401610,10.277775,16.023117,-15.407061,-20.033139,-7.327531,-4.961357
1783945925483,21.220000,31.166557,10.281469,-8.042389,1.407217,10.220201,-7.356599,-5.937017
1783945925503,21.240000,60.195755,10.294993,23.578411,-23.675332,-14.832521,-7.162839,-6.073925
1783945925523,21.260000,29.596400,10.318567,-5.226851,7.393456,16.347140,-6.761928,-5.215281
1783945925543,21.280000,56.397587,10.352993,21.175457,-13.875492,-11.854707,-6.179559,-3.453093
1783945925563,21.300000,27.519829,10.398463,-7.889099,19.404678,16.482799,-5.448401,-1.138761
1783945925583,21.320000,60.652670,10.455731,24.817871,-9.171409,-14.658400,-4.608169,1.230168
1783945925603,21.340000,32.820007,10.525002,-3.337776,17.824064,11.867212,-3.702003,3.189067
1783945925623,21.360000,58.730328,10.606967,21.527264,-14.188642,-16.766308,-2.775835,4.456309
1783945925643,21.380000,40.293816,10.701834,3.048954,10.920131,14.583630,-1.874695,4.981628
1783945925663,21.400000,73.434820,10.810242,35.438194,-19.560948,-16.088571,-1.041812,4.903185
1783945925683,21.420000,43.063300,10.932250,2.725639,12.382219,7.231171,-0.315022,4.472276
1783945925703,21.440000,63.605010,11.068596,21.233624,-15.791370,-11.697398,0.273239,3.962419
1783945925723,21.460000,31.801092,11.219204,-11.983645,9.898482,21.613426,0.699674,3.548531
1783945925743,21.480000,60.694363,11.384718,15.217213,-8.967708,-9.085434,0.948984,3.206533
1783945925763,21.500000,28.778214,11.565100,-18.302254,24.047458,13.375544,1.016609,2.733050
1783945925783,21.520000,47.497395,11.760883,-0.772747,-5.008534,-14.105470,0.907041,1.885827
1783945925803,21.540000,13.770494,11.972025,-34.840576,17.438127,19.669935,0.635193,0.518351
1783945925823,21.560000,55.274292,12.198991,6.442757,-14.020188,-10.857761,0.224002,-1.373592
1783945925843,21.580000,19.736801,12.441628,-29.524414,16.928785,9.872135,-0.295163,-3.646107
1783945925863,21.600000,47.906270,12.700385,-1.480785,-12.434509,-21.723417,-0.885910,-6.004440
1783945925883,21.620000,25.868500,12.975042,-22.203026,8.004152,20.265333,-1.506857,-8.051988
1783945925903,21.640000,59.602566,13.265943,13.435989,-25.322505,-17.289686,-2.115556,-9.405412
1783945925923,21.660000,18.688246,13.572777,-27.132730,17.492578,10.060158,-2.668887,-9.806750
1783945925943,21.680000,45.526250,13.895841,1.760979,-16.528102,-10.352939,-3.127094,-9.191403
1783945925963,21.700000,5.900593,14.234792,-35.311825,13.929129,25.687162,-3.453997,-7.730855
1783945925983,21.720000,40.818977,14.589804,1.326038,-7.440799,-14.045943,-3.620523,-5.824802
1783945926003,21.740000,22.519760,14.960502,-16.572933,25.418340,13.350185,-3.604635,-3.966136
1783945926023,21.760000,46.220720,15.346959,8.439308,-14.590622,-24.045165,-3.393943,-2.505488
1783945926043,21.780000,14.949327,15.748714,-21.315268,12.726129,11.496373,-2.984929,-1.492957
1783945926063,21.800000,53.549427,16.165809,19.572594,-27.463844,-8.140041,-2.384709,-0.728228
1783945926083,21.820000,28.353333,16.597700,-4.955658,7.206057,11.818796,-1.609156,0.058466
1783945926103,21.840000,45.728725,17.044322,11.544807,-9.705776,-20.270888,-0.683762,1.061233
1783945926123,21.860000,21.013227,17.505056,-12.265329,13.762686,18.580301,0.359033,2.339392
1783945926143,21.880000,45.536766,17.979817,12.736954,-17.509759,-6.501801,1.479744,3.796361
1783945926163,21.900000,24.067970,18.467861,-9.296158,19.273604,9.353817,2.635400,5.201102
1783945926183,21.920000,46.609390,18.969058,12.996780,-6.501531,-14.205008,3.779676,6.289834
1783945926203,21.940000,22.515080,19.482626,-9.710148,10.874328,11.291573,4.866863,6.893396
1783945926223,21.960000,54.865930,20.008355,22.408203,-14.705691,-11.700090,5.852193,6.993859
1783945926243,21.980000,18.516449,20.545353,-13.942329,9.461136,11.257459,6.695706,6.696234
1783945926263,22.000000,42.589172,21.093359,8.313660,-10.911634,-12.345585,7.362155,6.151605
1783945926283,22.020000,23.491220,21.651538,-11.363333,12.115997,20.101390,7.824345,5.472561
1783945926303,22.040000,48.166485,22.219487,13.312401,-12.222089,-16.507607,8.062868,4.699636
1783945926323,22.060000,16.616627,22.796301,-19.101978,20.568421,8.548191,8.068311,3.842027
1783945926343,22.080000,43.712116,23.381581,7.636799,-15.598595,-8.690792,7.840154,2.930547
1783945926363,22.100000,14.950101,23.974332,-20.029190,9.385915,16.578865,7.388342,2.013425
1783945926383,22.120000,39.898502,24.574128,5.405422,-9.040948,-14.522548,6.731074,1.117838
1783945926403,22.140000,13.521143,25.180005,-21.215712,16.533711,14.234620,5.895526,0.243190
1783945926423,22.160000,43.142864,25.791450,8.845669,-13.843841,-13.690124,4.915127,-0.607322
1783945926443,22.180000,15.304653,26.407408,-18.810078,13.572828,11.476939,3.829450,-1.394822
1783945926463,22.200000,50.725520,27.027437,17.522575,-16.002822,-16.069321,2.680709,-2.033684
1783945926483,22.220000,23.102243,27.650454,-9.429609,8.984477,12.193710,1.513669,-2.402346
1783945926503,22.240000,56.063010,28.275961,24.430550,-18.182535,-18.338586,0.371854,-2.374859
1783945926523,22.260000,25.003231,28.902835,-5.456923,10.600526,15.168600,-0.702617,-1.868706
1783945926543,22.280000,53.539383,29.530629,23.400410,-18.220412,-14.187430,-1.672756,-0.897684
1783945926563,22.300000,25.931187,30.158207,-5.021423,16.102346,17.002248,-2.506293,0.395775
1783945926583,22.320000,56.361970,30.785088,25.448257,-13.167277,-14.996940,-3.178969,1.763654
1783945926603,22.340000,25.644062,31.410167,-6.059303,18.581198,13.115576,-3.673617,2.932121
1783945926623,22.360000,54.304850,32.032919,21.762825,-13.594780,-14.199593,-3.982522,3.689282
1783945926643,22.380000,25.474903,32.652288,-8.049847,13.924347,16.152577,-4.105959,3.929243
1783945926663,22.400000,54.192482,33.267771,19.569626,-14.030545,-14.674180,-4.053567,3.647018
1783945926683,22.420000,27.283665,33.878353,-8.985539,15.982096,13.761195,-3.842144,2.915534
1783945926703,22.440000,46.567356,34.483527,9.085857,-13.786247,-13.436317,-3.496161,1.860051
1783945926723,22.460000,20.648733,35.082281,-17.948961,15.309991,16.113817,-3.044975,0.617964
1783945926743,22.480000,44.099335,35.674176,4.484611,-12.575951,-9.094081,-2.522864,-0.707322
1783945926763,22.500000,21.605862,36.258257,-18.355556,16.574160,10.834450,-1.965697,-2.059111
1783945926783,22.520000,45.041077,36.834097,4.661518,-9.202568,-13.558938,-1.410666,-3.390278
1783945926803,22.540000,14.940114,37.400754,-24.489880,11.151518,11.948922,-0.892912,-4.619909
1783945926823,22.560000,44.466614,37.957863,5.472069,-13.783281,-10.194427,-0.445405,-5.638824
1783945926843,22.580000,20.393328,38.504532,-17.657213,10.175478,13.283355,-0.095717,-6.350366
1783945926863,22.600000,55.920513,39.040456,18.302505,-12.490798,-18.787804,0.133679,-6.685578
1783945926883,22.620000,16.297503,39.564807,-20.188417,12.043033,11.623423,0.228116,-6.583565
1783945926903,22.640000,33.474080,40.077307,-1.941444,-16.748602,-10.522031,0.179861,-6.009884
1783945926923,22.660000,8.060274,40.577184,-26.371428,14.036744,26.151794,-0.009998,-5.046501
1783945926943,22.680000,47.539270,41.064278,13.615723,-10.380536,-13.983325,-0.333222,-3.939785
1783945926963,22.700000,22.668352,41.537845,-11.427996,25.040400,2.814081,-0.773089,-2.980012
1783945926983,22.720000,52.834976,41.997772,19.837242,-15.361999,-22.085469,-1.306983,-2.285596
1783945927003,22.740000,16.955132,42.443339,-14.733274,1.613076,17.283923,-1.905679,-1.718363
1783945927023,22.760000,43.734283,42.874520,13.304724,-23.727497,-9.297029,-2.536669,-1.032650
1783945927043,22.780000,23.724644,43.290729,-7.048910,15.418367,18.258866,-3.163909,-0.102100
1783945927063,22.800000,44.899357,43.691993,14.019554,-8.350435,-17.180992,-3.751282,0.995186
1783945927083,22.820000,13.972137,44.077757,-17.687054,22.048725,11.047528,-4.262624,2.061706
1783945927103,22.840000,40.663414,44.448121,8.802721,-14.550052,-6.933517,-4.665305,2.898498
1783945927123,22.860000,11.122046,44.802610,-20.665415,11.922922,15.213377,-4.930055,3.358238
1783945927143,22.880000,30.720604,45.141422,-1.399986,-6.404850,-13.544897,-5.034254,3.352874
1783945927163,22.900000,-12.175719,45.464113,-43.194195,18.254270,19.129774,-4.961181,2.849370
1783945927183,22.920000,14.590733,45.770959,-16.195206,-8.848526,-5.360157,-4.702896,1.842178
1783945927203,22.940000,2.196108,46.061655,-29.308764,19.318653,16.201073,-4.258830,0.339219
1783945927223,22.960000,46.438145,46.336515,14.627098,-10.493101,-27.657705,-3.637686,-1.549877
1783945927243,22.980000,15.074402,46.595259,-15.054779,9.970481,-1.549979,-2.855386,-3.463657
1783945927263,23.000000,40.972030,46.838276,14.327259,-32.533109,-15.653175,-1.936286,-4.787448
1783945927283,23.020000,21.908726,47.065380,-0.911621,-6.560316,22.908121,-0.910348,-4.912993
1783945927303,23.040000,52.298645,47.277013,30.954199,-20.118464,-14.740274,0.186388,-3.568874
1783945927323,23.060000,25.368954,47.473032,3.754122,22.698882,7.295213,1.315147,-0.941286
1783945927343,23.080000,45.913143,47.653936,25.163336,-10.184115,-11.680591,2.434330,2.453857
1783945927363,23.100000,13.487832,47.819645,-6.869243,13.147158,18.973757,3.503134,5.964161
1783945927383,23.120000,38.998390,47.970707,17.847656,-8.356911,-7.626994,4.481603,8.932467
1783945927403,23.140000,21.061739,48.107176,-1.252520,20.146444,13.058359,5.334033,10.806422
1783945927423,23.160000,31.594170,48.229581,7.855221,-5.298849,-15.916206,6.029137,11.269844
1783945927443,23.180000,6.919870,48.338038,-18.338333,16.060793,12.669199,6.542712,10.321602
1783945927463,23.200000,18.165335,48.433166,-9.659224,-14.083848,-0.642817,6.857346,8.215583
1783945927483,23.220000,1.361399,48.515086,-28.903925,13.481442,11.910686,6.964609,5.306788
1783945927503,23.240000,34.490513,48.584493,2.338627,-2.674396,-12.012301,6.863791,1.952688
1783945927523,23.260000,-0.294584,48.641477,-30.962074,10.424389,2.792551,6.563574,-1.464922
1783945927543,23.280000,28.162594,48.686831,-1.689442,-12.474855,-13.439456,6.079628,-4.511127
1783945927563,23.300000,-3.892392,48.720681,-31.463760,0.508632,21.491702,5.435804,-6.779696
1783945927583,23.320000,24.931763,48.743781,-0.584873,-14.888642,-14.421133,4.661045,-8.040368
1783945927603,23.340000,2.514509,48.756382,-21.221313,20.095195,13.843860,3.789617,-8.307218
1783945927623,23.360000,19.021900,48.759210,-2.147568,-13.432675,-15.633024,2.858029,-7.770726
1783945927643,23.380000,0.973900,48.752546,-18.420513,15.619100,12.979717,1.904622,-6.683408
1783945927663,23.400000,18.446068,48.737167,0.789677,-16.463959,-7.818115,0.966391,-5.289037
1783945927683,23.420000,-5.583230,48.713318,-21.832958,13.054659,8.971082,0.078766,-3.800636
1783945927703,23.440000,2.738752,48.681787,-11.656254,-6.187419,-5.378083,-0.727575,-2.403597
1783945927723,23.460000,-22.091928,48.642884,-35.229706,12.499706,16.195158,-1.426566,-1.274757
1783945927743,23.480000,16.352440,48.597421,3.809258,-4.367278,-7.389230,-1.999285,-0.583283
1783945927763,23.500000,-16.478199,48.545639,-29.049454,14.363470,3.841435,-2.433114,-0.416398
1783945927783,23.520000,10.803426,48.488338,-1.073367,-8.252994,-19.715472,-2.723764,-0.675315
1783945927803,23.540000,-12.802294,48.425799,-21.503910,1.600669,19.932074,-2.873653,-1.073252
1783945927823,23.560000,8.347858,48.358824,1.825975,-22.162607,-13.833416,-2.893028,-1.271903
1783945927843,23.580000,-18.764587,48.287674,-24.105455,18.255609,12.893652,-2.797598,-1.047391
1783945927863,23.600000,-0.159448,48.213138,-4.241735,-12.714478,-7.960087,-2.609020,-0.372038
1783945927883,23.620000,-26.296500,48.135505,-28.965952,16.638474,14.826449,-2.352006,0.597547
1783945927903,23.640000,6.605482,48.055513,5.467709,-7.353919,-11.586339,-2.054173,1.599982
1783945927923,23.660000,-23.810938,47.973405,-23.881308,13.968134,8.853574,-1.743007,2.398810
1783945927943,23.680000,5.624741,47.889965,7.528220,-12.071541,-16.829625,-1.445728,2.897315
1783945927963,23.700000,-20.357359,47.805387,-16.593328,6.921514,16.337819,-1.186046,3.160884
1783945927983,23.720000,-2.604869,47.720395,3.230489,-17.874709,-13.671031,-0.984408,3.338137
1783945928003,23.740000,-22.717733,47.635189,-17.269047,16.018817,15.168187,-0.855286,3.546277
1783945928023,23.760000,6.049856,47.550477,11.670443,-14.167802,-10.721309,-0.807860,3.809575
1783945928043,23.780000,-10.675285,47.466411,-3.981929,14.458946,4.841906,-0.843951,4.092678
1783945928063,23.800000,9.821568,47.383673,16.902840,-12.521255,-15.970429,-0.959547,4.386267
1783945928083,23.820000,-13.096569,47.302365,-4.674467,3.911241,11.587028,-1.143456,4.745869
1783945928103,23.840000,10.205384,47.223142,19.619030,-16.561613,-7.273155,-1.379677,5.231461
1783945928123,23.860000,-9.153873,47.146102,0.489573,10.740270,10.963055,-1.646784,5.818186
1783945928143,23.880000,13.546322,47.071828,22.380836,-6.777029,-13.204493,-1.920792,6.381482
1783945928163,23.900000,-9.202089,47.000347,-1.365676,12.604297,9.851927,-2.175158,6.763134
1783945928183,23.920000,20.493835,46.932280,27.010256,-12.623711,-11.286041,-2.384148,6.846306
1783945928203,23.940000,2.198609,46.867590,8.355040,8.186608,8.864957,-2.522695,6.596118
1783945928223,23.960000,17.045895,46.806788,21.736618,-12.272253,-15.023539,-2.569818,6.064653
1783945928243,23.980000,-11.109322,46.749844,-7.210756,10.471346,14.998293,-2.508504,5.346205
1783945928263,24.000000,19.778427,46.697219,22.561466,-13.272751,-4.335616,-2.328462,4.490902
1783945928283,24.020000,-9.482455,46.648829,-9.009287,16.061762,10.558397,-2.025509,3.457101
1783945928303,24.040000,12.765388,46.605093,10.746922,-2.489464,-16.308746,-1.603650,2.161113
1783945928323,24.060000,-12.681730,46.565916,-15.799801,12.710607,17.059060,-1.073671,0.566769
1783945928343,24.080000,10.328857,46.531687,7.254191,-15.122864,-11.082316,-0.454293,-1.278177
1783945928363,24.100000,7.332357,46.502288,3.262004,14.111441,8.091914,0.230067,-3.251117
1783945928383,24.120000,29.036000,46.477987,24.604237,-16.003658,-18.898133,0.949139,-5.139028
1783945928403,24.140000,7.180220,46.458606,2.492456,5.746024,1.335342,1.669521,-6.624765
1783945928423,24.160000,26.423620,46.444449,22.088642,-20.638866,-3.937531,2.355092,-7.373503
1783945928443,24.180000,13.171624,46.435249,9.158392,-0.056374,13.457220,2.970500,-7.208202
1783945928463,24.200000,39.357147,46.431245,33.690470,-5.010746,-13.236608,3.481596,-6.220417
1783945928483,24.220000,10.898691,46.432155,4.377798,14.654783,5.412403,3.858913,-4.709938
1783945928503,24.240000,27.726118,46.438181,20.707064,-8.697070,-7.621279,4.078009,-3.043379
1783945928523,24.260000,7.255858,46.448995,-0.700969,8.552571,18.551637,4.122526,-1.574049
1783945928543,24.280000,27.005798,46.464789,16.620876,-6.367119,-10.003848,3.983862,-0.619529
1783945928563,24.300000,-4.430873,46.485159,-16.773666,20.994727,9.757328,3.663591,-0.417707
1783945928583,24.320000,15.751560,46.510226,1.370652,-6.135285,-6.778667,3.172122,-1.067113
1783945928603,24.340000,-0.951008,46.539647,-16.827990,11.505265,14.946223,2.529949,-2.507624
1783945928623,24.360000,23.348610,46.573492,5.477869,-8.657494,-15.760864,1.765625,-4.531672
1783945928643,24.380000,-3.255479,46.611305,-22.793915,12.735156,6.173459,0.915935,-6.795532
1783945928663,24.400000,23.126862,46.653174,4.764749,-17.078487,-9.882620,0.022656,-8.866904
1783945928683,24.420000,2.351882,46.698603,-14.681786,3.958627,13.286539,-0.867808,-10.337720
1783945928703,24.440000,17.559422,46.747658,1.338875,-11.727272,-13.618860,-1.708402,-10.946045
1783945928723,24.460000,1.570799,46.799833,-14.342247,13.140853,12.343179,-2.452197,-10.635091
1783945928743,24.480000,28.663458,46.855139,14.393123,-13.629002,-9.317608,-3.056468,-9.529639
1783945928763,24.500000,3.710545,46.913022,-8.936761,11.939197,4.728927,-3.483471,-7.852133
1783945928783,24.520000,17.389866,46.973493,5.597239,-8.999613,-10.303529,-3.704258,-5.835894
1783945928803,24.540000,-9.292241,47.035992,-20.068200,7.042049,18.729816,-3.698800,-3.704551
1783945928823,24.560000,14.531624,47.100523,4.324173,-8.064875,-5.718463,-3.459010,-1.709807
1783945928843,24.580000,0.428003,47.166538,-9.945213,18.659436,8.151323,-2.987921,-0.120489
1783945928863,24.600000,24.409900,47.233974,13.222542,-6.421780,-17.821857,-2.301452,0.894715
1783945928883,24.620000,-6.745063,47.302261,-18.096252,8.167235,7.744609,-1.426559,1.383684
1783945928903,24.640000,23.043282,47.371374,12.526217,-19.063258,-7.301248,-0.401817,1.582599
1783945928923,24.660000,4.146877,47.440712,-5.488490,4.502999,14.440796,0.725803,1.763800
1783945928943,24.680000,26.374325,47.510205,16.370610,-9.371709,-18.687950,1.901361,2.111458
1783945928963,24.700000,4.078322,47.579258,-6.053697,14.573410,10.492008,3.065990,2.702218
1783945928983,24.720000,16.195010,47.647806,6.972685,-16.462067,-7.035249,4.158116,3.524859
1783945929003,24.740000,1.611158,47.715277,-8.159552,12.235938,13.799496,5.117946,4.470733
1783945929023,24.760000,15.915273,47.781547,5.886955,-6.798832,-7.308505,5.889036,5.336330
1783945929043,24.780000,-7.370335,47.846061,-17.169739,16.208450,6.727718,6.422441,5.889162
1783945929063,24.800000,20.861183,47.908798,11.025002,-5.732681,-6.937277,6.677896,5.963531
1783945929083,24.820000,-5.570844,47.969118,-15.287539,6.266585,8.975032,6.627711,5.527808
1783945929103,24.840000,15.808412,48.027003,5.001376,-7.593780,-14.246143,6.256642,4.692368
1783945929123,24.860000,-16.925888,48.081831,-27.871288,8.817611,17.074883,5.564787,3.651962
1783945929143,24.880000,19.892733,48.133633,9.727166,-13.819837,-10.020054,4.566167,2.590344
1783945929163,24.900000,-16.068161,48.181779,-25.878855,16.426329,12.808839,3.290400,1.619205
1783945929183,24.920000,10.702384,48.226292,0.774268,-9.456435,-18.232327,1.779813,0.790589
1783945929203,24.940000,-1.688266,48.266639,-10.892895,12.252763,17.939197,0.089614,0.141856
1783945929223,24.960000,24.821583,48.302796,17.724230,-21.372168,-19.523892,-1.715873,-0.265686
1783945929243,24.980000,-4.775957,48.334221,-11.225151,15.187015,5.221665,-3.564380,-0.328589
1783945929263,25.000000,21.779898,48.360956,17.345352,-20.865750,-7.483513,-5.380389,0.064402
1783945929283,25.020000,4.869729,48.382501,0.984447,4.860737,15.536688,-7.086755,0.943036
1783945929303,25.040000,18.954782,48.398841,15.399443,-7.844550,-15.436252,-8.609598,2.191513
1783945929323,25.060000,3.821844,48.409558,-0.624128,16.590526,10.201252,-9.880290,3.578004
1783945929343,25.080000,27.425380,48.414704,22.719970,-13.760279,-7.142884,-10.839824,4.843952
1783945929363,25.100000,15.133278,48.413882,10.335997,9.675433,3.623964,-11.440151,5.791645
1783945929383,25.120000,38.501260,48.407126,32.659920,-10.014624,-14.295869,-11.647693,6.350138
1783945929403,25.140000,17.248014,48.394046,11.092039,2.176801,7.244620,-11.443693,6.592792
1783945929423,25.160000,39.872490,48.374763,31.641740,-14.461228,-8.533766,-10.826539,6.669849
1783945929443,25.180000,7.578066,48.348884,-1.405947,7.906906,14.208179,-9.810474,6.684534
1783945929463,25.200000,28.072640,48.316549,15.968482,-5.014470,-7.152944,-8.426652,6.593933
1783945929483,25.220000,14.010196,48.277459,-0.873850,17.439465,15.658712,-6.720497,6.207130
1783945929503,25.240000,31.664154,48.231721,14.886480,-5.084718,-15.496194,-4.751105,5.300877
1783945929523,25.260000,7.059415,48.179080,-11.223350,17.216001,6.696480,-2.587712,3.776609
1783945929543,25.280000,29.731958,48.119754,10.213793,-15.309081,-5.675876,-0.308059,1.733232
1783945929563,25.300000,-2.538375,48.053459,-22.685814,6.952658,13.664156,2.006228,-0.595986
1783945929583,25.320000,24.305855,47.980457,3.244369,-5.690245,-10.312785,4.271445,-2.969316
1783945929603,25.340000,-7.069520,47.900484,-29.401943,14.395466,15.873044,6.406795,-5.215734
1783945929623,25.360000,20.738129,47.813869,-1.918051,-8.295837,-14.576285,8.335992,-7.236031
1783945929643,25.380000,-7.749043,47.720385,-30.635880,15.909417,14.736021,9.991984,-8.962453
1783945929663,25.400000,2.745301,47.620334,-18.374372,-13.828182,-12.141578,11.317961,-10.330450
1783945929683,25.420000,-13.056531,47.513590,-32.756660,15.722721,17.419097,12.270889,-11.296840
1783945929703,25.440000,10.313071,47.400544,-6.955306,-13.517546,-8.735945,12.821660,-11.864493
1783945929723,25.460000,-12.188679,47.281039,-27.543620,16.214912,2.611593,12.957572,-12.052074
1783945929743,25.480000,8.097776,47.155466,-5.724454,-10.108842,-11.083513,12.680928,-11.832643
1783945929763,25.500000,-4.127781,47.023749,-15.417278,0.544443,11.682545,12.010114,-11.121190
1783945929783,25.520000,13.575736,46.886286,4.992912,-14.184377,-12.624278,10.977144,-9.828864
1783945929803,25.540000,0.402524,46.743017,-6.045192,8.438021,5.419002,9.627403,-7.922375
1783945929823,25.560000,24.091130,46.594412,19.568222,-14.399029,-9.102899,8.016069,-5.445125
1783945929843,25.580000,2.330737,46.440406,-0.028752,4.879448,6.180716,6.207182,-2.514577
1783945929863,25.600000,33.647366,46.281530,31.446817,-10.436316,-11.250761,4.269208,0.687198
1783945929883,25.620000,15.936383,46.117733,14.808847,4.367910,9.093817,2.273871,3.940710
1783945929903,25.640000,30.988483,45.949508,29.113743,-10.872843,-15.568700,0.291588,7.028418
1783945929923,25.660000,15.568071,45.776902,13.358031,10.040088,13.220338,-1.609874,9.752635
1783945929943,25.680000,30.190998,45.600434,26.972980,-13.929628,-5.507290,-3.369305,11.922109
1783945929963,25.700000,8.913269,45.420149,2.605044,16.082896,8.447721,-4.932874,13.339297
1783945929983,25.720000,11.264130,45.236500,2.056613,-1.396926,-3.242151,-6.257226,13.815946
1783945930003,25.740000,-18.921915,45.049571,-30.196972,15.587618,17.190492,-7.309649,13.192168
1783945930023,25.760000,15.662407,44.859986,1.611674,1.010078,-1.532891,-8.070203,11.352750
1783945930043,25.780000,-11.611094,44.667748,-27.871147,17.027188,5.347831,-8.530237,8.305047
1783945930063,25.800000,3.763375,44.473444,-13.800785,-1.262142,-20.433610,-8.693900,4.303956
1783945930083,25.820000,-13.422237,44.277181,-30.755236,4.024581,17.873296,-8.575782,-0.120832
1783945930103,25.840000,-8.294349,44.079497,-23.694902,-22.233181,-6.140458,-8.201042,-4.320426
1783945930123,25.860000,-18.449718,43.880515,-33.007400,15.752920,9.155311,-7.602579,-7.761711
1783945930143,25.880000,0.653156,43.680794,-12.510342,-8.566796,-5.528759,-6.820425,-10.156610
1783945930163,25.900000,-6.932963,43.480433,-17.108060,8.392296,-1.180560,-5.898366,-11.421588
1783945930183,25.920000,10.568078,43.279990,3.328842,-8.723711,-12.470046,-4.883174,-11.555907
1783945930203,25.940000,-19.146591,43.079527,-22.457544,-3.573355,7.586887,-3.821073,-10.575481
1783945930223,25.960000,9.909332,42.879653,10.000158,-13.153417,-3.033179,-2.757276,-8.570874
1783945930243,25.980000,0.888463,42.680447,3.933073,4.699501,11.244832,-1.732579,-5.790273
1783945930263,26.000000,3.924571,42.482418,8.553804,-2.902737,-19.015073,-0.783237,-2.608294
1783945930283,26.020000,-22.839140,42.285674,-18.140300,15.539994,12.691880,0.061489,0.578978
1783945930303,26.040000,-4.104065,42.090741,0.617241,-14.593703,6.116368,0.778972,3.396190
1783945930323,26.060000,-25.757100,41.897673,-20.460485,15.192958,10.254227,1.355004,5.474176
1783945930343,26.080000,4.983170,41.707046,9.029827,5.739088,-15.688456,1.782415,6.513461
1783945930363,26.100000,-13.553906,41.518879,-9.523367,9.437290,5.453680,2.062382,6.447484
1783945930383,26.120000,1.848390,41.333668,6.820618,-16.454452,-15.853325,2.202272,5.540423
1783945930403,26.140000,-32.428627,41.151430,-27.875427,3.608826,16.485193,2.216150,4.276226
1783945930423,26.160000,-9.466291,40.972690,-4.182353,-16.106646,-1.158178,2.122179,3.092633
1783945930443,26.180000,-8.033766,40.797460,-3.182829,15.525846,11.290228,1.942817,2.181745
1783945930463,26.200000,-6.871621,40.626131,-1.358590,-1.931610,-21.010990,1.702114,1.530590
1783945930483,26.220000,-36.213837,40.458710,-29.828836,14.808155,5.728001,1.425427,1.092883
1783945930503,26.240000,-10.178185,40.295646,-2.464982,-18.861450,9.164955,1.136832,0.845977
1783945930523,26.260000,-41.193860,40.136859,-31.543093,5.644562,11.787973,0.859330,0.708647
1783945930543,26.280000,-18.300505,39.982771,-7.757515,9.405455,-16.081875,0.612251,0.505929
1783945930563,26.300000,-44.125355,39.833282,-32.502747,13.624745,15.969042,0.411916,0.066582
1783945930583,26.320000,-18.699070,39.688820,-5.738993,-13.662725,-13.075391,0.269493,-0.661434
1783945930603,26.340000,-32.195880,39.549266,-18.628391,12.349652,9.148304,0.192248,-1.574402
1783945930623,26.360000,0.263191,39.414975,15.374357,-19.638971,-18.416775,0.181983,-2.425053
1783945930643,26.380000,-17.642443,39.285800,-0.202909,4.215251,3.084274,0.236669,-2.858455
1783945930663,26.400000,-3.273659,39.162059,17.223019,-21.969395,-12.917011,0.349459,-2.508209
1783945930683,26.420000,-27.156824,39.043565,-4.605400,2.551189,16.713972,0.510756,-1.169267
1783945930703,26.440000,-5.465614,38.930651,17.062534,-11.416878,-3.397238,0.707499,1.037067
1783945930723,26.460000,-35.538647,38.823057,-13.983446,20.476672,11.528673,0.925706,3.643859
1783945930743,26.480000,0.997748,38.721122,23.513817,0.641212,-12.476917,1.149681,6.011015
1783945930763,26.500000,-14.784428,38.624529,7.371843,12.075903,8.737956,1.364831,7.601089
1783945930783,26.520000,7.326707,38.533537,28.577278,-14.409839,-23.101804,1.556748,8.204984
1783945930803,26.540000,-30.835556,38.447827,-10.056244,7.145338,14.047713,1.713723,7.976610
1783945930823,26.560000,-4.860500,38.367675,15.353291,-22.415325,-1.835315,1.825687,7.241976
1783945930843,26.580000,-24.499815,38.292776,-6.215849,14.806807,18.436015,1.886438,6.237268
1783945930863,26.600000,-3.792544,38.223291,11.557329,-0.923481,-18.927867,1.892389,5.009172
1783945930883,26.620000,-26.625168,38.158945,-13.877871,21.134489,9.020646,1.843997,3.524243
1783945930903,26.640000,-14.685188,38.099811,-2.073924,-16.105817,-6.950020,1.744487,1.807217
1783945930923,26.660000,-31.847840,38.045598,-18.724207,9.500158,13.925965,1.600588,-0.044712
1783945930943,26.680000,-3.262774,37.996493,10.546596,-9.713104,-9.172946,1.420806,-1.919972
1783945930963,26.700000,-27.649908,37.952114,-13.788650,12.280715,3.292049,1.216349,-3.700875
1783945930983,26.720000,-12.476994,37.912526,1.331100,-8.571539,-12.423195,0.998896,-5.232589
1783945931003,26.740000,-20.224556,37.877416,-5.494505,2.307341,15.095102,0.781019,-6.342397
1783945931023,26.760000,6.727508,37.846866,21.088478,-16.014112,-12.860814,0.574246,-6.901033
1783945931043,26.780000,-13.828929,37.820484,0.958092,11.503865,-0.691052,0.389566,-6.840901
1783945931063,26.800000,-1.698450,37.798360,14.375118,-13.092678,-8.699335,0.235327,-6.138186
1783945931083,26.820000,-16.265953,37.780077,1.787985,1.044314,16.355404,0.118120,-4.847080
1783945931103,26.840000,10.724124,37.765748,27.716960,-9.244179,-8.067886,0.040815,-3.163680
1783945931123,26.860000,-11.087778,37.754927,4.746258,15.631880,2.539796,0.003925,-1.395340
1783945931143,26.880000,12.617279,37.747682,27.384228,-6.512563,-13.009335,0.003952,0.172249
1783945931163,26.900000,-12.930513,37.743578,1.627026,4.145976,13.831006,0.035031,1.375391
1783945931183,26.920000,8.776646,37.742696,22.298264,-12.546891,-9.726745,0.087749,2.156652
1783945931203,26.940000,-21.299686,37.744596,-10.318998,14.550699,14.817267,0.151175,2.488563
1783945931223,26.960000,-1.242696,37.749379,7.661985,-6.464182,-8.736055,0.211949,2.323869
1783945931243,26.980000,-26.214863,37.756629,-18.898186,18.479468,15.492285,0.256606,1.600669
1783945931263,27.000000,-3.655412,37.766420,2.189325,-6.872628,-11.871932,0.270942,0.291632
1783945931283,27.020000,-25.811039,37.778317,-22.091667,15.789040,10.331812,0.242356,-1.531107
1783945931303,27.040000,-0.955421,37.792403,2.871465,-13.119338,-13.018344,0.159195,-3.657761
1783945931323,27.060000,-26.707432,37.808285,-22.083527,8.499618,10.442399,0.013015,-5.764608
1783945931343,27.080000,-13.300867,37.826006,-7.438368,-13.880735,-9.703533,-0.202071,-7.506448
1783945931363,27.100000,-18.526460,37.845215,-12.468266,9.238311,13.870685,-0.487630,-8.633190
1783945931383,27.120000,16.947697,37.866015,23.960402,-13.734421,-15.315178,-0.841803,-9.031799
1783945931403,27.140000,-7.467626,37.887969,0.713032,9.737991,-4.965849,-1.257663,-8.649276
1783945931423,27.160000,12.749721,37.911196,22.492344,-17.413262,-12.475632,-1.724912,-7.412022
1783945931443,27.180000,-9.639105,37.935297,2.695333,-5.664273,20.153804,-2.228562,-5.286530
1783945931463,27.200000,3.085733,37.960379,15.979766,-11.563980,-6.992619,-2.750945,-2.441716
1783945931483,27.220000,-14.434619,37.986075,-2.357690,22.772535,12.542754,-3.270955,0.677646
1783945931503,27.240000,18.442707,38.012554,29.136430,-3.582601,-10.095240,-3.766392,3.479769
1783945931523,27.260000,-15.790859,38.039419,-6.496378,15.543089,4.016803,-4.213315,5.474160
1783945931543,27.280000,-0.424391,38.066811,7.212514,-8.133385,-11.307863,-4.588740,6.445738
1783945931563,27.300000,-23.944637,38.094387,-16.981846,5.133271,23.953718,-4.870228,6.433299
1783945931583,27.320000,-4.023141,38.122319,1.802008,-10.289997,-9.095036,-5.038447,5.582140
1783945931603,27.340000,-16.374510,38.150319,-12.489173,23.478017,6.594747,-5.076743,4.053100
1783945931623,27.360000,-1.876382,38.178485,0.917297,-9.292938,-13.538983,-4.973276,2.061507
1783945931643,27.380000,-24.446245,38.206534,-22.940214,7.554243,7.825076,-4.720623,-0.073522
1783945931663,27.400000,-2.276626,38.234636,-0.228776,-15.429767,-4.217586,-4.317533,-1.988493
1783945931683,27.420000,-16.974440,38.262474,-12.829506,4.745711,9.118842,-3.767831,-3.396195
1783945931703,27.440000,-9.034602,38.290191,-3.998981,-4.857927,-12.615778,-3.081864,-4.154991
1783945931723,27.460000,-25.129398,38.317561,-18.631166,10.574055,11.012990,-2.275064,-4.266045
1783945931743,27.480000,-11.360693,38.344699,-3.381747,-10.902178,-2.104106,-1.368534,-3.850292
1783945931763,27.500000,-20.889154,38.371383,-12.373973,10.961894,5.242883,-0.387340,-3.113960
1783945931783,27.520000,7.945951,38.397792,16.715115,-4.932830,-12.555675,0.639301,-2.260550
1783945931803,27.540000,-3.054679,38.423662,8.462216,1.675025,-1.106930,1.680349,-1.364453
1783945931823,27.560000,15.095996,38.449161,27.546745,-16.117009,-14.657158,2.702845,-0.311635
1783945931843,27.580000,-0.448470,38.473992,13.095909,-4.748082,10.064459,3.674520,1.112611
1783945931863,27.600000,17.939821,38.498374,31.178652,-16.298187,-5.819590,4.563621,3.037234
1783945931883,27.620000,-0.053349,38.522011,11.988571,10.844808,8.858451,5.341692,5.361684
1783945931903,27.640000,13.638962,38.545091,24.348900,-2.423177,-7.634850,5.983249,7.754290
1783945931923,27.660000,-9.868822,38.567319,-0.856122,14.201440,11.889131,6.468210,9.763772
1783945931943,27.680000,9.414961,38.588876,16.027884,-3.420591,-5.157200,6.781297,10.954594
1783945931963,27.700000,7.590360,38.609514,12.181639,12.119748,7.195307,6.913958,11.032295
1783945931983,27.720000,27.188420,38.629413,30.087590,-7.797669,-17.853911,6.863426,9.966662
1783945932003,27.740000,2.663807,38.648210,3.295619,5.322793,0.977013,6.634226,8.052206
1783945932023,27.760000,13.966677,38.666094,13.072432,-18.072059,-0.902207,6.236338,5.796489
1783945932043,27.780000,-1.546722,38.682753,-4.518532,1.321549,17.308836,5.686289,3.656628
1783945932063,27.800000,6.085226,38.698315,0.265464,0.682408,-6.660821,5.005045,1.821129
1783945932083,27.820000,-11.398581,38.712468,-19.142590,21.414991,7.806872,4.218401,0.199248
1783945932103,27.840000,3.120537,38.725318,-5.195320,-2.057779,-3.695212,3.354623,-1.423462
1783945932123,27.860000,-11.210208,38.736560,-19.413132,9.379229,6.249071,2.444478,-3.210183
1783945932143,27.880000,3.194577,38.746259,-4.898522,-5.512131,-9.439386,1.518816,-5.167807
1783945932163,27.900000,-4.843666,38.754110,-11.751307,3.363219,5.629223,0.608397,-7.126448
1783945932183,27.920000,12.490845,38.760175,6.717727,-12.650830,-9.769125,-0.258411,-8.789533
1783945932203,27.940000,1.717018,38.764055,-3.004257,1.962967,2.449727,-1.055528,-9.824893
1783945932223,27.960000,24.381582,38.765827,19.794445,-13.409269,-9.132024,-1.761501,-9.960420
1783945932243,27.980000,-3.454274,38.765054,-7.419373,1.186272,6.909831,-2.358813,-9.065994
1783945932263,28.000000,23.744688,38.761808,21.022993,-8.617917,-7.289014,-2.835925,-7.215788
1783945932283,28.020000,-3.700026,38.755650,-4.951965,7.946738,15.184943,-3.186074,-4.702246
1783945932303,28.040000,5.905945,38.746530,4.748685,-3.105630,-11.553430,-3.408636,-1.981060
1783945932323,28.060000,-3.254885,38.734059,-5.453634,18.763402,16.474183,-3.507830,0.436052
1783945932343,28.080000,16.835310,38.718220,14.827315,-10.436528,-9.712819,-3.493326,2.120776
1783945932363,28.100000,-5.602521,38.698469,-9.376462,16.838320,0.251193,-3.378235,2.865540
1783945932383,28.120000,16.603338,38.674843,12.059542,-11.017644,-7.719411,-3.179912,2.747687
1783945932403,28.140000,0.639967,38.646825,-4.182370,-1.303967,11.647451,-2.917294,2.066842
1783945932423,28.160000,15.707255,38.614372,10.089386,-9.597364,-12.423932,-2.611353,1.195050
1783945932443,28.180000,-6.032340,38.576921,-13.014284,10.750637,10.244837,-2.282540,0.438179
1783945932463,28.200000,13.895384,38.534408,6.989326,-10.702264,-5.228547,-1.951205,-0.041793
1783945932483,28.220000,9.769682,38.486334,2.452374,10.156624,7.276707,-1.635235,-0.232017
1783945932503,28.240000,27.891783,38.432539,20.682180,-8.005330,-16.344295,-1.350309,-0.187033
1783945932523,28.260000,5.360868,38.372473,-0.981302,6.200382,2.796612,-1.108126,0.080258
1783945932543,28.280000,25.625505,38.306037,19.541142,-16.418232,-2.982132,-0.917133,0.613102
1783945932563,28.300000,13.380817,38.232675,8.281385,1.611158,11.904443,-0.780893,1.418167
1783945932583,28.320000,30.432896,38.152284,23.986492,-3.897500,-13.382724,-0.699384,2.394192
1783945932603,28.340000,17.010773,38.064246,8.365786,12.587521,5.675065,-0.667751,3.369978
1783945932623,28.360000,19.061106,37.968413,9.554543,-10.278780,-5.097844,-0.678166,4.183501
1783945932643,28.380000,9.030206,37.864252,-1.355376,8.479603,11.342679,-0.719174,4.697852
1783945932663,28.400000,57.299190,37.751675,45.015274,-8.105466,-7.358392,-0.777701,4.796874
1783945932683,28.420000,14.098543,37.630004,0.431671,8.513727,-5.427680,-0.838421,4.460928
1783945932703,28.440000,19.200253,37.499139,3.896300,-4.039243,-13.586472,-0.886461,3.831189
1783945932723,28.460000,10.918159,37.358539,-4.721179,-2.544639,35.697947,-0.906918,3.096726
1783945932743,28.480000,21.819190,37.208059,4.673597,-12.194907,-7.962381,-0.887058,2.291602
1783945932763,28.500000,15.021930,37.047161,-6.464044,35.909965,-3.859291,-0.816054,1.268229
1783945932783,28.520000,28.996857,36.875755,7.077999,-7.147078,-7.424330,-0.687006,-0.097388
1783945932803,28.540000,-3.918850,36.693247,-24.968555,0.047595,6.479600,-0.496111,-1.728245
1783945932823,28.560000,15.722512,36.499589,-5.882922,-7.900640,0.261964,-0.244615,-3.402217
1783945932843,28.580000,8.323690,36.294250,-12.901112,3.071043,14.669302,0.062557,-4.925331
1783945932863,28.600000,21.449524,36.077173,0.060612,-0.141251,-18.184794,0.415487,-6.200651
1783945932883,28.620000,-5.437441,35.847828,-26.682750,15.787275,4.866463,0.800987,-7.162315
1783945932903,28.640000,12.608246,35.606246,-6.544102,-16.469232,0.199077,1.201654,-7.728513
1783945932923,28.660000,-7.407082,35.351984,-26.225569,5.004654,13.906282,1.598175,-7.860311
1783945932943,28.680000,1.749979,35.085045,-16.997856,-0.387247,-10.651927,1.968928,-7.628573
1783945932963,28.700000,-15.807023,34.805023,-30.969890,15.821483,11.415545,2.292323,-7.190241
1783945932983,28.720000,-9.546591,34.511971,-22.755860,-7.211138,-3.433763,2.546686,-6.714052
1783945933003,28.740000,-9.785630,34.205574,-22.335700,11.421228,6.447996,2.712647,-6.321289
1783945933023,28.760000,19.904594,33.885945,9.187050,-9.012308,-12.325064,2.773115,-6.019709
1783945933043,28.780000,-7.893839,33.552742,-16.604462,1.766506,-5.983506,2.715607,-5.629835
1783945933063,28.800000,10.453620,33.206143,4.825892,-14.690906,-7.673152,2.531695,-4.815508
1783945933083,28.820000,-3.115701,32.845928,-4.889085,-8.662648,19.901852,2.219031,-3.276541
1783945933103,28.840000,5.861403,32.472281,4.674697,-8.227003,-10.464580,1.780596,-0.968366
1783945933123,28.860000,-13.030826,32.085061,-14.635739,22.025595,8.423745,1.225936,1.835449
1783945933143,28.880000,9.842592,31.684541,9.859431,-6.582099,-3.468576,0.569945,4.665672
1783945933163,28.900000,-10.939915,31.270581,-9.823485,11.278649,6.016208,-0.166339,7.051467
1783945933183,28.920000,8.707374,30.843565,9.591629,-4.116069,-12.584980,-0.957807,8.680574
1783945933203,28.940000,-9.453121,30.403453,-7.894181,4.827785,11.344674,-1.774825,9.472167
1783945933223,28.960000,-0.250150,29.950660,1.871165,-12.048970,-8.419241,-2.585687,9.538371
1783945933243,28.980000,-16.522213,29.485215,-15.210160,11.687286,11.809946,-3.356686,9.068486
1783945933263,29.000000,-9.158133,29.007579,-8.332790,-7.134046,-3.183761,-4.054747,8.218836
1783945933283,29.020000,-20.395868,28.517873,-21.395924,14.241260,7.595202,-4.647733,7.068825
1783945933303,29.040000,-4.854610,28.016675,-5.887916,-2.847634,-6.416531,-5.107045,5.656799
1783945933323,29.060000,-17.539780,27.504142,-16.557611,6.806233,2.295326,-5.407652,4.061028
1783945933343,29.080000,-22.165890,26.980880,-20.320883,-6.264982,-5.289786,-5.530532,2.441746
1783945933363,29.100000,-51.080647,26.447144,-47.274464,5.113171,16.011211,-5.462433,0.968219
1783945933383,29.120000,-33.747425,25.903672,-28.213226,-1.879084,7.424257,-5.197788,-0.328197
1783945933403,29.140000,-47.659557,25.350760,-41.053757,17.482817,7.342095,-4.737709,-1.603050
1783945933423,29.160000,-33.712128,24.789161,-26.655432,8.143845,-16.763076,-4.091387,-3.045839
1783945933443,29.180000,-45.061295,24.219259,-34.803750,6.371643,5.157065,-3.274599,-4.653142
1783945933463,29.200000,-21.943940,23.641907,-7.672322,-21.264533,-8.792058,-2.310362,-6.142618
1783945933483,29.220000,-25.514389,23.057555,-6.997293,-3.419459,0.894328,-1.226783,-7.055231
1783945933503,29.240000,-13.501306,22.467077,8.836434,-16.466921,-13.829193,-0.057155,-6.929653
1783945933523,29.260000,-31.271427,21.870946,-5.587492,-1.146328,6.556807,1.162555,-5.468465
1783945933543,29.280000,-16.210940,21.270117,12.326902,-13.090990,0.069494,2.393857,-2.682337
1783945933563,29.300000,-29.064606,20.665170,0.751816,7.824761,9.416462,3.598503,1.047473
1783945933583,29.320000,-4.607044,20.057096,25.721228,1.340274,-11.243142,4.738836,5.073035
1783945933603,29.340000,-25.434643,19.446460,5.758299,11.130866,3.804054,5.780441,8.723313
1783945933623,29.360000,-11.495613,18.834304,21.070496,-8.860907,-9.383894,6.692114,11.522408
1783945933643,29.380000,-18.427948,18.221283,13.542664,3.536246,12.933089,7.448205,13.251981
1783945933663,29.400000,-9.548684,17.608399,20.220322,-10.556946,-9.004887,8.028383,13.893037
1783945933683,29.420000,-27.833515,16.996345,-0.978546,14.132529,4.728961,8.419170,13.546524
1783945933703,29.440000,-17.397377,16.386225,7.235100,-6.305463,-0.071651,8.613123,12.367326
1783945933723,29.460000,-33.207660,15.778699,-10.796837,7.827190,10.103115,8.610067,10.504781
1783945933743,29.480000,-26.930973,15.174866,-7.183483,1.966858,-5.609156,8.415451,8.071578
1783945933763,29.500000,-35.387760,14.575467,-16.879795,11.478438,7.653618,8.040926,5.167778
1783945933783,29.520000,-8.685472,13.981620,10.054406,-6.398550,-8.300534,7.502448,1.947190
1783945933803,29.540000,-28.689950,13.393995,-9.560469,4.363118,-1.881108,6.820491,-1.315374
1783945933823,29.560000,-3.679528,12.813721,15.643579,-12.228773,-12.624203,6.017609,-4.218287
1783945933843,29.580000,-23.672297,12.241466,-3.277187,-5.427651,12.488858,5.118633,-6.333376
1783945933863,29.600000,-4.361728,11.678366,16.665695,-14.403134,-11.277161,4.148157,-7.372927
1783945933883,29.620000,-18.203087,11.125045,3.232181,11.336111,10.869149,3.130922,-7.308884
1783945933903,29.640000,-1.714694,10.582594,20.046104,-10.236635,-10.285416,2.089428,-6.364610
1783945933923,29.660000,-17.222845,10.051683,3.756346,13.175306,7.113969,1.044495,-4.909215
1783945933943,29.680000,-0.710933,9.533366,20.792692,-9.439468,-7.222156,0.013528,-3.333383
1783945933963,29.700000,-32.046867,9.028206,-11.061939,9.537012,10.661998,-0.988503,-1.970548
1783945933983,29.720000,-18.144575,8.537255,1.877312,-3.358437,-2.549011,-1.950598,-1.089170
1783945934003,29.740000,-31.420513,8.061065,-12.966894,13.403013,16.165805,-2.864105,-0.910822
1783945934023,29.760000,-15.983910,7.600596,0.871227,-0.874700,-12.791926,-3.723720,-1.574856
1783945934043,29.780000,-42.002384,7.156303,-27.769249,17.470220,5.240289,-4.525614,-3.050348
1783945934063,29.800000,-20.448885,6.729139,-6.549840,-12.256998,-4.745991,-5.268289,-5.097109
1783945934083,29.820000,-31.559694,6.319503,-16.714739,2.980955,10.609417,-5.950324,-7.334205
1783945934103,29.840000,-26.733356,5.928221,-11.615345,-7.793117,-13.977594,-6.571107,-9.352990
1783945934123,29.860000,-43.955097,5.555667,-27.606647,10.316711,9.665003,-7.128904,-10.812150
1783945934143,29.880000,-38.821080,5.202588,-20.639622,-11.890748,2.360389,-7.621508,-11.523755
1783945934163,29.900000,-59.089893,4.869294,-39.299720,12.367054,10.034645,-8.044654,-11.521396
1783945934183,29.920000,-27.822506,4.556513,-6.696672,2.224038,-5.958159,-8.393066,-11.032130
1783945934203,29.940000,-51.846992,4.264375,-28.219294,9.093024,2.557074,-8.658948,-10.315995
1783945934223,29.960000,-31.458607,3.993488,-5.157682,-6.581248,-16.924197,-8.833795,-9.486233
1783945934243,29.980000,-44.888687,3.743988,-14.776749,-1.158600,14.498788,-8.907405,-8.460273
1783945934263,30.000000,-18.731487,3.516389,14.084755,-21.599153,-12.873963,-8.869750,-7.055524
1783945934283,30.020000,-23.093006,3.310697,10.691029,8.821565,1.514940,-8.710420,-5.108023
1783945934303,30.040000,-12.637537,3.127260,23.189146,-16.612503,-14.445968,-8.420738,-2.521160
1783945934323,30.060000,-18.942255,2.966073,18.431898,1.274598,6.227109,-7.993645,0.710325
1783945934343,30.080000,-2.865383,2.827368,34.797405,-15.751052,-2.899947,-7.425446,4.448916
1783945934363,30.100000,-15.989396,2.710991,21.501652,6.096099,2.738974,-6.715688,8.385140
1783945934383,30.120000,1.393245,2.617127,38.037624,-1.186995,-6.919866,-5.868885,12.089601
1783945934403,30.140000,-10.622747,2.545548,24.612047,5.146049,7.078629,-4.893856,15.126613
1783945934423,30.160000,2.094040,2.496253,34.827553,-4.513934,-8.500647,-3.804865,17.160486
1783945934443,30.180000,-10.994646,2.468895,18.143297,8.173534,7.557392,-2.620716,18.010689
1783945934463,30.200000,0.063485,2.463459,24.891376,-6.829976,-4.946744,-1.365377,17.653252
1783945934483,30.220000,-31.366419,2.479411,-9.460102,11.380006,10.332881,-0.066078,16.174720
1783945934503,30.240000,-13.698280,2.516698,4.085613,-0.529911,-0.240552,1.246125,13.697528
1783945934523,30.260000,-26.233807,2.574719,-11.805178,12.916031,13.419423,2.539021,10.337226
1783945934543,30.280000,-13.697069,2.653245,-2.657844,0.910513,-15.378630,3.779190,6.248411
1783945934563,30.300000,-27.475029,2.751617,-18.315302,13.117208,5.036240,4.934615,1.719004
1783945934583,30.320000,-21.092590,2.869544,-11.105523,-16.064113,-3.973275,5.974937,-2.809866
1783945934603,30.340000,-41.549625,3.006194,-31.456484,4.696714,10.260664,6.874190,-6.863642
1783945934623,30.360000,-32.532370,3.161206,-21.710073,-4.376172,-0.378281,7.610560,-10.110903
1783945934643,30.380000,-47.584908,3.333696,-35.679443,11.819592,9.562675,8.168895,-12.457141
1783945934663,30.400000,-39.121920,3.523206,-26.067892,1.960173,-6.656885,8.540066,-14.001317
1783945934683,30.420000,-55.639847,3.728817,-40.337234,10.769955,7.054507,8.722714,-14.911954
1783945934703,30.440000,-34.405230,3.949985,-16.009930,-7.616385,-5.779258,8.722084,-15.315225
1783945934723,30.460000,-36.755770,4.185721,-14.897827,2.453066,1.884754,8.550943,-15.230614
1783945934743,30.480000,-18.588737,4.435372,6.928234,-12.110305,-16.957112,8.227737,-14.540622
1783945934763,30.500000,-30.938763,4.697866,-1.503250,-3.300944,1.503148,7.776704,-13.016423
1783945934783,30.520000,-22.765194,4.972492,9.097660,-19.651611,-3.573513,7.225413,-10.446074
1783945934803,30.540000,-34.331802,5.258177,-0.398251,0.861224,11.042179,6.604311,-6.827249
1783945934823,30.560000,-27.136599,5.554112,7.849150,-2.028893,-2.519286,5.944135,-2.485224
1783945934843,30.580000,-51.726807,5.859139,-16.251892,16.552330,8.149456,5.275119,1.977800
1783945934863,30.600000,-24.577492,6.172536,11.243794,2.747861,-2.419026,4.624184,5.864392
1783945934883,30.620000,-33.640152,6.493059,2.348396,8.721461,5.226409,4.014857,8.612927
1783945934903,30.640000,-25.530070,6.819881,9.736696,-3.732663,-18.902987,3.464638,9.996163
1783945934923,30.660000,-40.285300,7.151779,-5.558113,3.815493,9.238578,2.985261,10.177917
1783945934943,30.680000,-20.316381,7.487897,14.824999,-20.601951,-0.960785,2.581022,9.573932
1783945934963,30.700000,-38.974365,7.826960,-5.287430,7.350924,5.023890,2.249803,8.622143
1783945934983,30.720000,-16.632423,8.168185,14.854540,-2.325013,-11.055518,1.982043,7.635386
1783945935003,30.740000,-21.756615,8.510309,8.842831,4.527550,6.932811,1.762906,6.795834
1783945935023,30.760000,-11.580851,8.852441,19.371548,-11.783254,-14.050042,1.572140,6.216348
1783945935043,30.780000,-19.888890,9.193363,11.236273,5.001873,4.892498,1.386578,5.975893
1783945935063,30.800000,-1.376609,9.532220,30.552113,-15.976199,-3.388323,1.180813,6.101324
1783945935083,30.820000,-25.013222,9.867739,6.302223,5.503050,4.460584,0.930206,6.526798
1783945935103,30.840000,-10.834426,10.199150,19.223500,-1.090707,-4.813788,0.611431,7.072420
1783945935123,30.860000,-29.081420,10.525154,-0.579071,7.964669,14.919294,0.205819,7.461746
1783945935143,30.880000,-5.961986,10.845035,19.356571,-1.778809,-9.653796,-0.300641,7.386522
1783945935163,30.900000,-7.641541,11.157616,15.356929,13.600189,2.483775,-0.914409,6.633192
1783945935183,30.920000,12.019194,11.462085,34.154970,-12.901585,-17.995853,-1.634643,5.232949
1783945935203,30.940000,2.096140,11.757335,22.762350,-1.108065,0.605354,-2.451703,3.513577
1783945935223,30.960000,-0.265795,12.042589,19.280027,-20.486564,-2.835640,-3.348060,1.959186
1783945935243,30.980000,-5.563164,12.316790,12.547220,1.200297,12.905386,-4.297876,0.932458
1783945935263,31.000000,-3.062073,12.579278,11.915029,-0.310712,2.499013,-5.269007,0.455360
1783945935283,31.020000,-6.579907,12.829014,5.532031,17.506692,-0.039861,-6.223303,0.217944
1783945935303,31.040000,-6.594876,13.065350,3.131787,7.159683,-2.234885,-7.119592,-0.209064
1783945935323,31.060000,-13.563964,13.287376,-4.968806,3.246002,2.876224,-7.914857,-1.139954
1783945935343,31.080000,1.633095,13.494544,8.795679,-2.810875,-0.958092,-8.567476,-2.660683
1783945935363,31.100000,-11.182052,13.685952,-3.850921,0.044267,-0.036580,-9.038546,-4.631608
1783945935383,31.120000,-9.525411,13.861127,-4.037611,-1.319107,-5.928445,-9.295336,-6.757006
1783945935403,31.140000,-19.048656,14.019287,-13.984812,0.780404,11.346739,-9.312284,-8.707042
1783945935423,31.160000,-8.582453,14.160005,-5.070354,-5.357018,-1.137145,-9.073738,-10.249925
1783945935443,31.180000,-27.554554,14.282577,-24.801964,12.039180,2.851261,-8.574321,-11.311268
1783945935463,31.200000,-12.302469,14.386683,-9.195828,0.148073,-4.349390,-7.820695,-11.932927
1783945935483,31.220000,-18.120869,14.471705,-12.859767,2.958810,7.273282,-6.830746,-12.186520
1783945935503,31.240000,2.567336,14.537423,9.942917,-7.480656,-13.714277,-5.634185,-12.092796
1783945935523,31.260000,-32.311520,14.583256,-24.104273,4.860302,3.748286,-4.270405,-11.582954
1783945935543,31.280000,-5.768565,14.609104,4.637820,-13.371633,-2.539096,-2.788119,-10.556062
1783945935563,31.300000,-16.331623,14.614477,-5.001198,2.395409,16.278621,-1.241989,-9.001185
1783945935583,31.320000,0.720634,14.599334,13.205155,-4.447595,-20.770752,0.308618,-7.042223
1783945935603,31.340000,-13.315987,14.563296,-1.747686,15.667343,4.971389,1.803557,-4.850719
1783945935623,31.360000,-7.037023,14.506453,6.406034,-19.366056,-3.990942,3.183582,-2.553341
1783945935643,31.380000,-26.907454,14.428444,-12.724231,7.112189,12.160637,4.394583,-0.260350
1783945935663,31.400000,-24.019325,14.329423,-9.321146,-2.279183,1.165809,5.388835,1.836404
1783945935683,31.420000,-22.948227,14.209194,-9.274651,15.255809,8.547541,6.128654,3.442268
1783945935703,31.440000,-11.773706,14.068085,1.326603,2.653293,-9.240500,6.587042,4.283424
1783945935723,31.460000,-39.352894,13.905782,-26.407127,9.636394,-2.012887,6.750774,4.284894
1783945935743,31.480000,-19.638489,13.722705,-6.757433,-8.847045,1.158455,6.619127,3.625532
1783945935763,31.500000,-29.521935,13.518834,-15.469193,-4.639884,12.768724,6.205684,2.623015
1783945935783,31.520000,-16.013477,13.294572,-1.477999,-1.895375,-16.144773,5.536461,1.590851
1783945935803,31.540000,-49.071240,13.049947,-33.101654,12.854671,7.923468,4.649824,0.776914
1783945935823,31.560000,-40.855003,12.785444,-24.181284,-11.342719,2.886905,3.593410,0.319204
1783945935843,31.580000,-57.461987,12.501239,-39.401276,11.427139,19.413545,2.422917,0.166564
1783945935863,31.600000,-33.725080,12.197893,-14.345337,2.514269,-11.296453,1.198344,0.083158
1783945935883,31.620000,-42.762430,11.875626,-21.709276,18.004147,-0.873467,-0.017892,-0.166787
1783945935903,31.640000,-27.035961,11.535072,-2.407282,-13.527390,-15.643370,-1.165115,-0.584506
1783945935923,31.660000,-32.671630,11.176524,-4.661154,-5.979280,5.360268,-2.186249,-0.873913
1783945935943,31.680000,-24.576109,10.800672,6.489821,-22.092502,-6.390231,-3.031648,-0.605199
1783945935963,31.700000,-41.870930,10.407855,-9.834423,2.879305,6.737729,-3.660369,0.527872
1783945935983,31.720000,-27.896910,9.998860,6.121012,-4.969702,0.130698,-4.043240,2.521861
1783945936003,31.740000,-53.175636,9.574038,-17.631489,11.167207,9.961754,-4.162859,5.035669
1783945936023,31.760000,-34.511880,9.134250,0.364140,4.897225,-6.087081,-4.015651,7.511780
1783945936043,31.780000,-33.368100,8.679968,2.001682,10.583358,8.003017,-3.610533,9.393085
1783945936063,31.800000,-22.160480,8.212053,14.444202,-7.867923,-17.678313,-2.969391,10.356583
1783945936083,31.820000,-38.952724,7.730988,-1.159702,5.725126,0.499075,-2.124654,10.440599
1783945936103,31.840000,-26.697155,7.237713,11.506310,-19.587481,1.442896,-1.118702,9.964355
1783945936123,31.860000,-40.569645,6.732780,-3.000496,-0.133923,10.549517,-0.000348,9.287461
1783945936143,31.880000,-18.377510,6.217143,16.782253,0.389997,-8.931788,1.176574,8.609057
1783945936163,31.900000,-31.156520,5.691398,2.846783,10.526176,2.955184,2.357077,7.958197
1783945936183,31.920000,-26.306870,5.156462,7.315468,-6.425072,-10.226241,3.486782,7.307256
1783945936203,31.940000,-32.751904,4.613047,0.836552,3.788124,10.932424,4.515343,6.641153
1783945936223,31.960000,-23.685340,4.062109,10.692917,-11.167020,-2.348555,5.398160,5.938542
1783945936243,31.980000,-39.359013,3.504271,-5.600617,11.624206,2.299323,6.099225,5.142373
1783945936263,32.000000,-17.826140,2.940610,14.860815,-1.588238,-4.237606,6.591488,4.180721
1783945936283,32.020000,-30.213100,2.371743,2.314846,2.387450,4.671721,6.859170,3.025286
1783945936303,32.040000,-12.551926,1.798746,17.933650,-5.472107,-13.294442,6.896803,1.739411
1783945936323,32.060000,-17.489536,1.222343,11.913384,1.286446,5.694702,6.710219,0.484697
1783945936343,32.080000,0.352955,0.643456,30.354965,-16.260274,-10.698640,6.314992,-0.519227
1783945936363,32.100000,-19.728987,0.062759,9.839590,4.129846,3.690863,5.735827,-1.072857
1783945936383,32.120000,-1.086976,-0.518662,27.607640,-10.779103,-4.036608,5.003921,-1.089702
1783945936403,32.140000,-13.907941,-1.100131,13.372149,4.997674,11.088357,4.156189,-0.660503
1783945936423,32.160000,2.317302,-1.680612,27.289383,-2.540200,-11.471790,3.231967,-0.034871
1783945936443,32.180000,-2.521136,-2.259422,20.577898,11.618503,4.675488,2.271842,0.491570
1783945936463,32.200000,-2.388072,-2.835610,19.568207,-10.007245,-7.688639,1.314560,0.707574
1783945936483,32.220000,-6.138529,-3.408476,13.295763,6.227309,6.271527,0.395836,0.530579
1783945936503,32.240000,-2.438234,-3.977044,15.111660,-7.605026,1.658299,-0.454116,-0.041954
1783945936523,32.260000,-1.717475,-4.540627,13.232153,7.043011,-0.240382,-1.211049,-0.988711
1783945936543,32.280000,4.881387,-5.098288,16.147228,1.751731,-4.418186,-1.858343,-2.260380
1783945936563,32.300000,-0.943989,-5.649381,8.778046,0.006294,-0.980749,-2.386602,-3.738428
1783945936583,32.320000,-3.706340,-6.192997,3.608238,-3.482226,-0.040279,-2.794396,-5.240088
1783945936603,32.340000,-4.713765,-6.728461,1.589444,-0.701349,6.321123,-3.086996,-6.596886
1783945936623,32.360000,5.055874,-7.254871,9.781877,-0.254448,-0.753271,-3.276123,-7.730249
1783945936643,32.380000,-8.478591,-7.771666,-4.205432,6.940160,-2.388769,-3.377861,-8.643770
1783945936663,32.400000,4.315217,-8.277935,6.709876,0.444455,-3.301832,-3.412174,-9.356158
1783945936683,32.420000,-0.511992,-8.773146,2.144604,-2.880549,6.395807,-3.400217,-9.854337
1783945936703,32.440000,15.459869,-9.256444,17.197048,-5.677784,-10.333026,-3.363705,-10.087264
1783945936723,32.460000,-8.482667,-9.727346,-7.019346,4.768374,3.088931,-3.322327,-9.978185
1783945936743,32.480000,2.406565,-10.185009,4.465631,-8.518609,-1.296725,-3.293420,-9.471974
1783945936763,32.500000,-2.482279,-10.628968,-1.093542,4.429027,13.675750,-3.289740,-8.614884
1783945936783,32.520000,-5.534754,-11.058463,-4.708671,-0.215339,-8.625124,-3.319649,-7.582457
1783945936803,32.540000,-13.614896,-11.473071,-14.578623,16.646634,4.447926,-3.385738,-6.611303
1783945936823,32.560000,-5.158282,-11.872053,-5.445490,-6.274486,2.995440,-3.485733,-5.899122
1783945936843,32.580000,-3.330486,-12.255021,-3.370212,4.099936,-0.915732,-3.611832,-5.535634
1783945936863,32.600000,13.809132,-12.621284,13.923235,-1.738300,-10.896302,-3.752360,-5.451034
1783945936883,32.620000,13.098249,-12.970533,13.395194,-6.151799,-5.036443,-3.891718,-5.380674
1783945936903,32.640000,20.431305,-13.302124,21.618362,-14.729085,-7.536323,-4.012653,-4.917540
1783945936923,32.660000,3.462596,-13.615819,5.671069,-7.466997,6.757046,-4.096511,-3.692383
1783945936943,32.680000,6.758670,-13.911007,8.452333,-6.074411,4.060005,-4.125785,-1.603959
1783945936963,32.700000,-0.908748,-14.187422,-0.164477,10.907853,10.989438,-4.084414,1.055274
1783945936983,32.720000,14.658479,-14.444530,14.041726,8.177647,-6.120829,-3.959909,3.696574
1783945937003,32.740000,3.237328,-14.682180,2.123431,13.825481,-1.181268,-3.743409,5.718522
1783945937023,32.760000,16.796259,-14.899887,14.487836,-5.338682,-8.242846,-3.431473,6.785518
1783945937043,32.780000,0.838893,-15.097553,-1.904740,-2.459546,7.761665,-3.025436,6.918295
1783945937063,32.800000,15.908224,-15.274699,13.007237,-10.336874,-5.184411,-2.532598,6.380142
1783945937083,32.820000,-4.563879,-15.431285,-9.484188,6.996566,8.983708,-1.964722,5.488544
1783945937103,32.840000,4.424485,-15.566936,-2.181047,-2.823903,-5.267992,-1.338559,4.475534
1783945937123,32.860000,7.074122,-15.681605,-1.726863,10.373876,9.161873,-0.673951,3.445242
1783945937143,32.880000,12.472281,-15.774970,3.254358,-6.154851,-10.589567,0.006428,2.431503
1783945937163,32.900000,12.537381,-15.847088,3.109549,7.569867,-3.550951,0.679337,1.501319
1783945937183,32.920000,23.955088,-15.897703,16.293468,-13.831897,-2.242457,1.321326,0.810508
1783945937203,32.940000,16.712055,-15.926903,10.651117,-6.191006,-0.390288,1.911067,0.559872
1783945937223,32.960000,25.455488,-15.934485,19.033398,-4.407291,-3.830355,2.429668,0.889079
1783945937243,32.980000,18.500751,-15.920610,11.507300,-0.775319,5.682914,2.862724,1.789942
1783945937263,33.000000,24.181196,-15.885115,15.843132,-1.537516,-3.511605,3.200106,3.084965
1783945937283,33.020000,9.139686,-15.828213,-0.128039,8.509835,5.798111,3.437523,4.468665
1783945937303,33.040000,11.869904,-15.749842,1.254705,0.522260,0.857571,3.575730,5.580106
1783945937323,33.060000,-8.042906,-15.650291,-19.524027,10.777396,10.663843,3.621281,6.069719
1783945937343,33.080000,4.319226,-15.529513,-8.928081,4.637964,-0.854957,3.584992,5.658287
1783945937363,33.100000,-1.932689,-15.387851,-16.007292,11.765416,5.280835,3.482201,4.217102
1783945937383,33.120000,14.786119,-15.225297,-0.658840,-2.359197,-13.066129,3.330594,1.867032
1783945937403,33.140000,2.519004,-15.042264,-13.670496,1.790326,0.399450,3.150085,-0.974730
1783945937423,33.160000,10.701703,-14.838839,-3.976094,-16.647105,-5.657766,2.960344,-3.687406
1783945937443,33.180000,2.917771,-14.615434,-10.944721,-2.726675,9.234263,2.780368,-5.671423
1783945937463,33.200000,15.906242,-14.372169,3.490757,-8.151095,-4.964021,2.626260,-6.568148
1783945937483,33.220000,-5.326539,-14.109627,-16.825129,10.014335,3.784320,2.511182,-6.341646
1783945937503,33.240000,14.152575,-13.827943,4.073291,-2.481046,-3.894022,2.443089,-5.221140
1783945937523,33.260000,4.795117,-13.527693,-3.808789,4.417850,8.715097,2.425396,-3.576217
1783945937543,33.280000,0.737945,-13.209165,-6.307663,-3.007954,-10.857058,2.455631,-1.786458
1783945937563,33.300000,-10.247206,-12.872947,-16.465317,10.811969,10.816220,2.526364,-0.161884
1783945937583,33.320000,0.945988,-12.519317,-3.825501,-9.036799,3.952137,2.624747,1.064715
1783945937603,33.340000,-10.165194,-12.148984,-15.164949,11.710735,0.701407,2.734397,1.730231
1783945937623,33.360000,4.782423,-11.762300,-1.501135,2.945205,-8.722051,2.835313,1.784647
1783945937643,33.380000,6.443169,-11.359958,0.517738,-1.464507,2.196467,2.906230,1.359479
1783945937663,33.400000,9.579886,-10.942418,4.485908,-11.817022,-10.388372,2.925254,0.771631
1783945937683,33.420000,8.820240,-10.510431,5.110274,-2.038506,1.381338,2.872187,0.422632
1783945937703,33.440000,2.202659,-10.064510,-0.238887,-11.954697,2.832638,2.729278,0.631200
1783945937723,33.460000,-4.651984,-9.605445,-6.501602,3.937631,5.050487,2.483394,1.473438
1783945937743,33.480000,16.915720,-9.133716,14.713562,3.980599,2.268625,2.126350,2.734445
1783945937763,33.500000,3.252626,-8.650271,1.683103,5.767333,-3.817199,1.656974,4.037623
1783945937783,33.520000,16.625381,-8.155656,13.641181,3.439748,-11.846091,1.080381,5.065579
1783945937803,33.540000,5.667640,-7.650785,3.878432,-4.761117,10.247046,0.409263,5.697277
1783945937823,33.560000,8.626113,-7.136265,7.781614,-12.000129,-4.486624,-0.337350,5.972813
1783945937843,33.580000,1.467521,-6.613043,-0.994755,10.065140,7.866214,-1.133818,5.960526
1783945937863,33.600000,16.585793,-6.081771,12.773534,-4.298545,-3.036539,-1.949891,5.673441
1783945937883,33.620000,5.632720,-5.543435,0.252521,9.392962,-0.474748,-2.751180,5.095686
1783945937903,33.640000,9.226350,-4.998707,2.262868,-2.267148,-6.400168,-3.501794,4.254753
1783945937923,33.660000,0.399215,-4.448657,-6.948636,0.186205,9.596174,-4.165153,3.239566
1783945937943,33.680000,16.808500,-3.893969,9.958214,-6.961665,-2.720630,-4.707089,2.148971
1783945937963,33.700000,11.394672,-3.335716,3.843796,7.342403,-0.781525,-5.096641,1.059209
1783945937983,33.720000,3.073980,-2.774669,-4.158144,-2.255531,-7.356691,-5.308876,0.048575
1783945938003,33.740000,7.631500,-2.211888,-0.302993,1.141714,8.719464,-5.325599,-0.800003
1783945938023,33.760000,10.559637,-1.648152,2.120024,-7.878774,3.083421,-5.137456,-1.450751
1783945938043,33.780000,4.022155,-1.084544,-4.406737,8.275048,-5.841094,-4.743932,-1.941534
1783945938063,33.800000,8.597520,-0.521904,-0.645577,3.660047,0.084923,-4.154588,-2.340181
1783945938083,33.820000,0.129786,0.038654,-7.758171,-4.110352,4.890541,-3.388224,-2.692937
1783945938103,33.840000,19.204386,0.596343,11.120043,-0.550635,-4.335342,-2.473217,-3.015789
1783945938123,33.860000,-6.139965,1.149971,-14.417662,3.031420,2.535267,-1.445409,-3.297432
1783945938143,33.880000,2.968471,1.698773,-5.564688,-2.122059,-4.667272,-0.347874,-3.509957
1783945938163,33.900000,-1.938263,2.241622,-9.672595,3.786599,15.400730,0.772070,-3.651263
1783945938183,33.920000,14.005425,2.777718,6.821388,-5.774279,-10.844939,1.863952,-3.766092
1783945938203,33.940000,0.821995,3.305899,-7.359846,13.981271,-1.851870,2.877464,-3.886775
1783945938223,33.960000,17.538918,3.825381,10.010995,-12.061008,-6.481027,3.763715,-3.952064
1783945938243,33.980000,5.269254,4.335001,-0.874666,-3.077282,7.561125,4.478678,-3.813854
1783945938263,34.000000,1.413933,4.833951,-3.396693,-7.265657,-5.363215,4.984255,-3.344105
1783945938283,34.020000,-2.530028,5.321162,-8.433799,8.944012,11.452335,5.251087,-2.554268
1783945938303,34.040000,-2.703407,5.795801,-7.926228,-2.048638,1.967476,5.259355,-1.636182
1783945938323,34.060000,-3.398444,6.256826,-9.319192,14.394133,-1.184438,5.000538,-0.887109
1783945938343,34.080000,-1.750109,6.703469,-7.795567,2.596327,-1.913561,4.477312,-0.555322
1783945938363,34.100000,-11.281349,7.134694,-16.608448,-0.324686,0.671494,3.704433,-0.714652
1783945938383,34.120000,-0.189419,7.549780,-5.250537,-2.849162,0.243682,2.707431,-1.255873
1783945938403,34.140000,-3.102194,7.947701,-5.972532,-2.630123,1.987378,1.522557,-1.961878
1783945938423,34.160000,-3.531678,8.327756,-6.676169,-1.218100,-7.405817,0.194430,-2.585665
1783945938443,34.180000,-1.786170,8.689017,-4.458803,1.135777,3.417401,-1.225006,-2.908225
1783945938463,34.200000,14.688957,9.030840,12.950633,-9.722965,-2.235218,-2.679388,-2.779596
1783945938483,34.220000,3.599572,9.352233,3.280732,0.756005,-5.144856,-4.109394,-2.128198
1783945938503,34.240000,11.578706,9.652666,11.652286,-3.584981,-5.360702,-5.456458,-0.948367
1783945938523,34.260000,3.086369,9.931254,5.267008,-4.662947,10.082998,-6.664056,0.686901
1783945938543,34.280000,8.214528,10.187458,11.100710,-3.913902,-2.964089,-7.681153,2.585515
1783945938563,34.300000,10.717411,10.420507,12.276090,10.361349,2.931116,-8.463519,4.443900
1783945938583,34.320000,2.124122,10.629928,3.069841,-0.959391,-3.467082,-8.976385,5.941129
1783945938603,34.340000,-0.385125,10.815009,-0.867617,6.748037,2.325193,-9.195111,6.839818
1783945938623,34.360000,-0.668804,10.975364,-1.799778,-2.030588,6.869327,-9.107035,7.015176
1783945938643,34.380000,-10.273579,11.110310,-12.401016,3.946312,0.502696,-8.711061,6.432106
1783945938663,34.400000,2.691017,11.219558,-1.636296,7.648989,-1.085965,-8.018672,5.133789
1783945938683,34.420000,-0.805866,11.302566,-5.364534,-0.503756,0.550902,-7.052452,3.270474
1783945938703,34.440000,7.417804,11.359109,2.587429,-2.596913,-9.936154,-5.845921,1.129059
1783945938723,34.460000,2.184675,11.388677,-2.931987,-2.790422,2.600143,-4.441197,-0.897301
1783945938743,34.480000,9.138311,11.391156,4.870390,-12.487576,-2.531260,-2.888193,-2.416399
1783945938763,34.500000,-8.595413,11.366163,-11.663541,2.408303,5.412716,-1.241532,-3.179435
1783945938783,34.520000,-6.204681,11.313646,-8.832265,-0.255700,1.662203,0.440858,-3.186995
1783945938803,34.540000,-2.159649,11.233361,-4.371142,8.145423,8.841470,2.100896,-2.693327
1783945938823,34.560000,4.387996,11.125326,2.266672,2.406613,-8.387286,3.682050,-2.075519
1783945938843,34.580000,8.045620,10.989399,5.831918,7.528330,-6.973379,5.132219,-1.618333
1783945938863,34.600000,12.544805,10.825696,12.262384,-11.190773,-3.496095,6.405162,-1.358116
1783945938883,34.620000,1.512920,10.634120,2.063381,-9.031920,1.366827,7.462944,-1.110844
1783945938903,34.640000,4.446893,10.414965,5.174806,-4.689797,3.249189,8.276441,-0.661516
1783945938923,34.660000,0.449215,10.168246,0.671448,2.031394,7.313564,8.827306,0.044299
1783945938943,34.680000,4.688468,9.894292,3.078781,6.134003,-3.768400,9.107615,0.851656
1783945938963,34.700000,8.135447,9.593274,5.540382,8.960102,-0.849398,9.120631,1.508458
1783945938983,34.720000,11.924102,9.265636,9.097157,-3.884662,-4.743626,8.879764,1.837485
1783945939003,34.740000,-0.634068,8.911584,-3.163921,-1.103247,-0.146542,8.408490,1.829832
1783945939023,34.760000,8.077587,8.531708,5.721280,-5.469884,2.695322,7.738199,1.598292
1783945939043,34.780000,8.090003,8.126343,6.178680,-1.235069,5.210512,6.907572,1.262678
1783945939063,34.800000,1.755098,7.696112,-1.829311,3.290881,-6.858763,5.959958,0.883661
1783945939083,34.820000,-9.429942,7.241452,-14.827229,8.173822,4.780457,4.942046,0.465097
1783945939103,34.840000,-7.178496,6.763139,-12.728342,-3.221809,7.976639,3.900984,-0.040673
1783945939123,34.860000,-5.717457,6.261701,-11.636261,6.106513,2.488966,2.883133,-0.731711
1783945939143,34.880000,4.321866,5.738015,-1.601377,6.155589,-8.070121,1.931163,-1.688548
1783945939163,34.900000,9.255966,5.192696,4.411694,-0.291368,-6.013002,1.083079,-2.842413
1783945939183,34.920000,18.655006,4.626703,14.905021,-12.149498,-7.368614,0.369737,-3.902530
1783945939203,34.940000,4.976414,4.040701,2.388967,-10.459101,0.269650,-0.185534,-4.444204
1783945939223,34.960000,8.207534,3.435738,6.236754,-9.011056,2.639411,-0.568852,-4.130783
1783945939243,34.980000,-1.384931,2.812587,-3.319050,1.975760,11.316364,-0.775344,-2.930411
1783945939263,35.000000,-4.890780,2.172361,-6.936952,7.574448,-0.826788,-0.810160,-1.179345
1783945939283,35.020000,-7.436089,1.515934,-10.155352,16.774103,5.186342,-0.687289,0.550858
1783945939303,35.040000,3.040010,0.844497,-0.240300,2.073660,-1.803624,-0.429651,1.702749
1783945939323,35.060000,-2.000322,0.158959,-5.293627,4.933067,-4.146684,-0.067082,1.968627
1783945939343,35.080000,15.161378,-0.539412,12.815567,-5.743349,-7.850967,0.364160,1.408624
1783945939363,35.100000,4.322766,-1.249652,2.641543,-8.755879,1.673850,0.824118,0.406719
1783945939383,35.120000,9.859249,-1.970477,7.978641,-10.421612,-5.824821,1.270134,-0.517290
1783945939403,35.140000,0.475082,-2.700856,-2.427378,0.504621,10.018351,1.659747,-0.949940
1783945939423,35.160000,-2.955783,-3.439482,-6.229956,-3.419380,0.179038,1.952000,-0.760512
1783945939443,35.180000,-14.976480,-4.185267,-19.334604,15.101475,7.878214,2.110195,-0.139568
1783945939463,35.200000,-18.727848,-4.936849,-22.592651,5.646570,4.142251,2.103058,0.497617
1783945939483,35.220000,-29.588863,-5.693138,-32.574093,13.398330,6.363324,1.907205,0.681530
1783945939503,35.240000,-23.405613,-6.452731,-25.940708,6.658725,-0.113229,1.507637,0.064472
1783945939523,35.260000,-22.397327,-7.214515,-23.816092,5.267561,-0.052529,0.899633,-1.438247
1783945939543,35.280000,-20.114239,-7.977063,-20.173847,-3.225574,-8.053801,0.088441,-3.580678
1783945939563,35.300000,-20.533764,-8.739248,-19.209665,-4.491289,-0.944337,-0.909679,-5.837926
1783945939583,35.320000,-11.172536,-9.499697,-7.633160,-13.249126,-1.195270,-2.068589,-7.577328
1783945939603,35.340000,-7.743254,-10.257311,-1.559316,-6.244042,-2.553117,-3.352292,-8.265174
1783945939623,35.360000,-7.751556,-11.010711,0.472082,-4.756179,-5.581651,-4.716983,-7.605653
1783945939643,35.380000,-4.582548,-11.758776,7.168653,-3.512484,0.810447,-6.111879,-5.585859
1783945939663,35.400000,-12.922638,-12.500167,1.314217,-4.512530,3.041129,-7.481881,-2.465455
1783945939683,35.420000,-25.464825,-13.233828,-9.124792,4.436294,3.854670,-8.769071,1.258236
1783945939703,35.440000,-12.930990,-13.958418,4.230877,6.818114,7.316754,-9.915963,4.924992
1783945939723,35.460000,-16.575440,-14.672899,1.066006,6.227623,0.448695,-10.867115,7.867114
1783945939743,35.480000,-7.762257,-15.375994,8.839794,8.161433,-12.091709,-11.572408,9.627828
1783945939763,35.500000,-33.040142,-16.066795,-17.018612,1.071981,5.185059,-11.988485,10.113212
1783945939783,35.520000,-23.890354,-16.744029,-8.281228,-10.198425,3.368561,-12.081961,9.537644
1783945939803,35.540000,-22.430590,-17.406773,-7.868926,3.804144,11.676039,-11.830137,8.217668
1783945939823,35.560000,-33.284573,-18.053913,-19.305098,2.712996,-10.209583,-11.223198,6.425564
1783945939843,35.580000,-44.199097,-18.684632,-31.454820,15.487834,3.544148,-10.264369,4.375566
1783945939863,35.600000,-36.759240,-19.297874,-22.764324,-7.406391,9.836743,-8.971091,2.238340
1783945939883,35.620000,-44.784504,-19.892908,-29.517807,3.675365,0.940153,-7.373975,0.130674
1783945939903,35.640000,-31.220554,-20.468677,-14.485125,6.964085,-8.752671,-5.516997,-1.856987
1783945939923,35.660000,-45.245240,-21.024574,-25.956509,-1.022918,2.489628,-3.455013,-3.583385
1783945939943,35.680000,-46.542866,-21.559728,-23.292480,-8.059381,-3.325921,-1.252972,-4.841497
1783945939963,35.700000,-47.621124,-22.073553,-21.987080,0.838574,10.808367,1.017204,-5.459564
1783945939983,35.720000,-40.383960,-22.565262,-12.817947,-5.537329,-2.612199,3.278575,-5.407646
1783945940003,35.740000,-55.448864,-23.034425,-26.053896,11.328448,-2.132431,5.452941,-4.797201
1783945940023,35.760000,-34.950060,-23.480318,-2.688114,-2.529689,-2.589105,7.462985,-3.794775
1783945940043,35.780000,-44.537030,-23.902662,-8.397022,-3.793522,4.530024,9.236474,-2.537192
1783945940063,35.800000,-30.910797,-24.300897,6.687309,-5.456624,-13.140225,10.708206,-1.093627
1783945940083,35.820000,-32.244320,-24.674765,7.003151,0.526521,4.795779,11.823641,0.533169
1783945940103,35.840000,-42.846280,-25.023918,-0.296986,-13.375810,-4.380805,12.540749,2.362628
1783945940123,35.860000,-35.926422,-25.348166,6.789421,6.191112,5.991688,12.832322,4.344993
1783945940143,35.880000,-37.808098,-25.647299,4.941540,-4.269334,5.134504,12.687098,6.294487
1783945940163,35.900000,-37.838600,-25.921313,4.326191,8.378646,-6.583861,12.110859,7.926117
1783945940183,35.920000,-35.925420,-26.170011,4.985355,6.599269,1.171768,11.125909,8.976839
1783945940203,35.940000,-37.103540,-26.393557,4.969807,-5.837223,0.099962,9.771278,9.315711
1783945940223,35.960000,-34.343560,-26.591889,6.797905,1.021985,-1.347660,8.100550,8.969523
1783945940243,35.980000,-26.978516,-26.765273,13.289471,-2.615543,-0.925798,6.180732,8.085359
1783945940263,36.000000,-29.969908,-26.913823,9.319826,-2.740134,-3.410283,4.089025,6.883919
1783945940283,36.020000,-31.677877,-27.037887,7.166002,-0.883598,-1.677090,1.910400,5.606182
1783945940303,36.040000,-15.812912,-27.137673,21.196434,-4.765055,2.335870,-0.266316,4.448961
1783945940323,36.060000,-20.771576,-27.213690,16.177120,-3.520559,-3.377516,-2.351366,3.527179
1783945940343,36.080000,-21.304192,-27.266278,13.888657,2.194094,-7.258714,-4.258407,2.882439
1783945940363,36.100000,-22.752214,-27.296011,12.346544,-2.305937,7.901868,-5.907492,2.494541
1783945940383,36.120000,-27.701221,-27.303378,7.340893,-4.836325,2.565089,-7.228883,2.259255
1783945940403,36.140000,-30.759766,-27.289120,1.579010,10.394262,1.879455,-8.165518,1.971221
1783945940423,36.160000,-24.257156,-27.253717,6.566135,4.426958,1.838807,-8.676233,1.377162
1783945940443,36.180000,-32.632973,-27.198040,-3.460072,4.459788,-1.133301,-8.736639,0.289190
1783945940463,36.200000,-14.770897,-27.122673,12.893368,1.491864,-5.280728,-8.341264,-1.314176
1783945940483,36.220000,-18.366700,-27.028560,8.475147,-4.788260,0.490963,-7.502988,-3.247949
1783945940503,36.240000,-20.936410,-26.916435,5.271057,-7.334455,-9.012323,-6.253491,-5.166115
1783945940523,36.260000,-28.830297,-26.787293,-3.631472,-0.025973,8.528175,-4.641396,-6.701276
1783945940543,36.280000,-25.363369,-26.641929,0.400904,-7.995873,5.116741,-2.731065,-7.642639
1783945940563,36.300000,-31.681087,-26.481448,-7.436714,10.759091,2.388383,-0.599320,-8.034157
1783945940583,36.320000,-25.735962,-26.306666,-2.822706,6.966762,-3.677993,1.666757,-8.111714
1783945940603,36.340000,-22.912918,-26.118734,0.512688,3.612367,0.546638,3.974234,-8.128922
1783945940623,36.360000,-20.599510,-25.918568,3.631968,-4.647285,-5.827230,6.227254,-8.202935
1783945940643,36.380000,-29.875769,-25.707350,-5.238373,-1.456077,0.292141,8.331646,-8.275731
1783945940663,36.400000,-35.148144,-25.486067,-9.617859,-5.736070,4.745980,10.198067,-8.206458
1783945940683,36.420000,-44.021110,-25.255928,-18.687351,2.774496,9.116059,11.746224,-7.928689
1783945940703,36.440000,-20.632635,-25.017865,3.916439,5.567162,-1.010755,12.907378,-7.533742
1783945940723,36.460000,-28.538790,-24.773140,-4.355480,7.851419,-5.345484,13.627989,-7.176414
1783945940743,36.480000,-21.909416,-24.522744,1.998173,-1.770235,-14.000133,13.870947,-6.887937
1783945940763,36.500000,-30.240396,-24.267933,-4.295084,-7.186679,9.449113,13.617792,-6.504887
1783945940783,36.520000,-20.597992,-24.009689,7.912762,-16.573442,-0.882067,12.868596,-5.794584
1783945940803,36.540000,-30.362064,-23.749260,-1.881687,7.559948,3.470799,11.642640,-4.639521
1783945940823,36.560000,-40.246628,-23.487650,-11.795401,1.618504,-1.591182,9.976799,-3.121511
1783945940843,36.580000,22.042599,-23.225901,50.148430,3.056042,-0.379009,7.924360,-1.460014
1783945940863,36.600000,-5.241935,-22.965176,22.719826,-8.265559,-12.920995,5.552910,0.180065
1783945940883,36.620000,-15.846336,-22.706568,11.601627,-1.440633,-25.204569,2.941275,1.853850
1783945940903,36.640000,-19.079437,-22.451001,9.113443,-11.360024,36.831566,0.176175,3.736019
1783945940923,36.660000,-36.085144,-22.199642,-5.927551,-20.489953,10.500878,-2.650632,5.787808
1783945940943,36.680000,-24.542843,-21.953270,0.422913,42.062617,-2.720820,-5.446866,7.557420
1783945940963,36.700000,-90.619040,-21.713118,-68.643906,20.815947,12.823019,-8.122051,8.348844
1783945940983,36.720000,-54.540504,-21.479765,-35.382847,13.605797,4.033740,-10.592516,7.541663
1783945941003,36.740000,-33.715637,-21.254214,-14.713299,10.708054,18.554258,-12.782852,4.840140
1783945941023,36.760000,-34.316080,-21.037281,-14.559105,-6.890708,-44.982499,-14.629428,0.505056
1783945941043,36.780000,-45.282143,-20.829822,-25.261827,11.384067,-7.371130,-16.082112,-4.521913
1783945941063,36.800000,-37.226920,-20.632435,-11.168743,-51.493632,15.567750,-17.106173,-8.877078
1783945941083,36.820000,-43.126660,-20.445928,-13.674231,-12.687063,7.051911,-17.682370,-11.384252
1783945941103,36.840000,-37.021458,-20.270836,-7.233671,9.932006,-6.833993,-17.807785,-11.553210
1783945941123,36.860000,-35.399616,-20.107835,-6.204887,9.263010,1.501893,-17.494669,-9.616076
1783945941143,36.880000,-32.883957,-19.957327,3.043247,-0.868941,-4.636534,-16.769906,-6.229181
1783945941163,36.900000,-26.242538,-19.819870,12.883163,0.748631,-1.704600,-15.672689,-2.141183
1783945941183,36.920000,-38.367023,-19.695833,3.486710,-6.768457,0.107259,-14.252892,2.015068
1783945941203,36.940000,-27.572480,-19.585602,16.075455,-1.277571,0.030555,-12.568305,5.782514
1783945941223,36.960000,-40.078170,-19.489403,3.501213,0.920480,7.181426,-10.682207,8.847325
1783945941243,36.980000,-43.990913,-19.407557,0.422581,3.307016,-3.511176,-8.660230,10.990898
1783945941263,37.000000,-19.422490,-19.340079,18.553352,8.167993,5.039789,-6.568222,12.081108
1783945941283,37.020000,-27.531553,-19.287226,8.826944,-5.516003,-7.251065,-4.468876,12.130975
1783945941303,37.040000,-31.745380,-19.248911,3.998798,4.750932,-12.267415,-2.420295,11.361123
1783945941323,37.060000,-31.998780,-19.225210,4.321613,-8.094842,13.038724,-0.473306,10.144892
1783945941343,37.080000,-33.971420,-19.215926,2.219849,-11.898838,3.911870,1.329405,8.825745
1783945941363,37.100000,-42.272217,-19.220992,-7.861393,14.272553,-0.588407,2.954933,7.553677
1783945941383,37.120000,-36.411880,-19.240085,-3.560566,5.967975,1.989758,4.380118,6.278385
1783945941403,37.140000,-32.346153,-19.273014,-0.022446,2.231516,0.819552,5.592173,4.875192
1783945941423,37.160000,-32.106236,-19.319323,-0.122612,1.180922,-7.421103,6.587674,3.291664
1783945941443,37.180000,-33.265060,-19.378690,-1.172691,-1.864303,-1.349719,7.372311,1.627039
1783945941463,37.200000,-26.066355,-19.450540,7.628981,-9.500714,1.398497,7.959120,0.100993
1783945941483,37.220000,-37.987220,-19.534498,-4.487396,-2.594810,0.924248,8.367683,-1.061423
1783945941503,37.240000,-34.086266,-19.629861,-0.109074,1.705006,-0.622178,8.621686,-1.746881
1783945941523,37.260000,-33.905403,-19.736082,-0.725407,2.135585,6.836402,8.747883,-2.002949
1783945941543,37.280000,-34.451153,-19.852352,-2.343742,1.024734,-4.693644,8.773728,-1.998990
1783945941563,37.300000,-30.828180,-19.978055,1.943617,7.079036,-1.198837,8.726388,-1.927186
1783945941583,37.320000,-21.882915,-20.112283,11.934444,-6.294726,-1.715214,8.630529,-1.900436
1783945941603,37.340000,-29.367369,-20.254330,4.684080,-2.691650,-3.697605,8.507793,-1.905733
1783945941623,37.360000,-13.081781,-20.403171,21.160330,-4.413233,-3.575380,8.375050,-1.832882
1783945941643,37.380000,-16.621485,-20.558012,17.668600,-6.623340,2.489232,8.244566,-1.544051
1783945941663,37.400000,-16.004662,-20.717840,17.141022,-4.006537,-8.069637,8.123011,-0.943988
1783945941683,37.420000,-25.903921,-20.881760,5.788862,3.730398,7.395241,8.011984,-0.040062
1783945941703,37.440000,-19.371365,-21.048645,12.023539,-5.225546,3.436946,7.907815,1.014605
1783945941723,37.460000,-20.771687,-21.217591,8.720772,9.746671,2.621155,7.802840,1.936217
1783945941743,37.480000,-27.604826,-21.387434,0.223278,5.522334,-4.857597,7.685523,2.415533
1783945941763,37.500000,-38.953300,-21.557214,-12.131367,6.951669,5.396928,7.542143,2.240947
1783945941783,37.520000,-27.241340,-21.725675,-1.627735,-2.411747,5.869386,7.357152,1.340079
1783945941803,37.540000,-31.177252,-21.891902,-7.035137,4.301797,-0.084864,7.115278,-0.234414
1783945941823,37.560000,-33.863216,-22.054628,-11.034473,4.979618,-9.018030,6.801606,-2.299542
1783945941843,37.580000,-25.322062,-22.212854,-3.177952,-0.983463,3.452326,6.403539,-4.537989
1783945941863,37.600000,-20.283390,-22.365394,2.673233,-11.904064,-1.703825,5.911007,-6.552162
1783945941883,37.620000,-17.161690,-22.511232,6.330776,-1.066327,-8.021724,5.317715,-7.956009
1783945941903,37.640000,-15.376162,-22.649152,8.297291,-5.401759,-1.458100,4.621089,-8.452785
1783945941923,37.660000,-14.713647,-22.778199,11.037950,-8.693528,0.836638,3.823225,-7.899231
1783945941943,37.680000,-17.629326,-22.897221,8.992327,-1.149923,1.252689,2.930242,-6.363720
1783945941963,37.700000,-19.317484,-23.005240,7.732040,1.925167,2.037454,1.952640,-4.138884
1783945941983,37.720000,-18.022038,-23.101165,8.153265,4.124937,2.323077,0.904474,-1.675866
1783945942003,37.740000,-9.302314,-23.184071,16.473469,3.722971,-1.902498,-0.196808,0.549039
1783945942023,37.760000,-15.610294,-23.252954,9.559685,2.560194,-3.551634,-1.331442,2.188441
1783945942043,37.780000,-9.038216,-23.306936,15.134213,-1.983870,-3.202093,-2.477840,3.119437
1783945942063,37.800000,-14.231119,-23.345060,7.977726,-4.277255,4.951263,-3.613755,3.424272
1783945942083,37.820000,-24.355062,-23.366590,-3.068148,-2.262472,-0.517120,-4.716681,3.275619
1783945942103,37.840000,-11.571313,-23.370556,7.528108,6.076767,4.979837,-5.765332,2.811259
1783945942123,37.860000,-6.890707,-23.356340,10.383421,-1.013507,-0.615001,-6.739503,2.098538
1783945942143,37.880000,-12.776533,-23.323190,2.869209,5.073292,-11.211237,-7.621405,1.205234
1783945942163,37.900000,-6.685437,-23.270502,8.355080,-1.382816,1.180382,-8.395716,0.274754
1783945942183,37.920000,-14.589383,-23.197624,1.170469,-11.850024,5.920699,-9.050205,-0.500283
1783945942203,37.940000,-6.701124,-23.104093,8.678245,0.673606,-2.907450,-9.575554,-0.986032
1783945942223,37.960000,-12.047858,-22.989345,2.549215,4.997968,3.263070,-9.965802,-1.175217
1783945942243,37.980000,-6.393560,-22.853078,7.718234,-1.152323,-4.723734,-10.217707,-1.156699
1783945942263,38.000000,-12.557149,-22.694844,0.291440,4.771376,3.127961,-10.331116,-1.043898
1783945942283,38.020000,-15.435833,-22.514485,-2.930510,-4.024493,-0.760374,-10.307999,-0.931872
1783945942303,38.040000,-15.844948,-22.311660,-3.599743,4.291129,5.103186,-10.152786,-0.900072
1783945942323,38.060000,-7.116301,-22.086288,4.772659,-1.033045,-0.991208,-9.871293,-1.018328
1783945942343,38.080000,-13.422411,-21.838266,-1.797915,4.685841,-3.640799,-9.470745,-1.312604
1783945942363,38.100000,-25.854214,-21.567684,-14.397115,0.439129,-0.806472,-8.959079,-1.730829
1783945942383,38.120000,-19.614016,-21.274461,-9.048840,-1.937092,9.098319,-8.345172,-2.183148
1783945942403,38.140000,-9.719231,-20.958811,1.273310,-2.044396,1.839443,-7.637899,-2.617693
1783945942423,38.160000,-13.697025,-20.620887,-2.681926,6.849167,-10.950348,-6.846487,-3.013091
1783945942443,38.180000,-14.509114,-20.261016,-3.429427,1.354613,-3.478014,-5.980104,-3.295193
1783945942463,38.200000,-16.063583,-19.879463,-3.067019,-10.726546,6.856966,-5.048199,-3.320117
1783945942483,38.220000,-16.621730,-19.476707,-3.122705,-4.367759,1.340425,-4.060183,-2.974867
1783945942503,38.240000,-16.181845,-19.053111,-2.381008,5.560716,-0.043693,-3.026048,-2.276383
1783945942523,38.260000,-7.776126,-18.609303,6.189628,1.648905,-1.922013,-1.955980,-1.357066
1783945942543,38.280000,-5.965251,-18.145781,8.812057,0.091099,-3.768788,-0.861128,-0.361626
1783945942563,38.300000,-13.534187,-17.663291,1.593765,-2.695372,-3.491391,0.246784,0.640057
1783945942583,38.320000,-13.125351,-17.162462,2.121191,-3.902386,4.424622,1.354781,1.643820
1783945942603,38.340000,-12.967541,-16.644129,2.312692,-3.137670,5.626466,2.449043,2.624925
1783945942623,38.360000,-24.936820,-16.109064,-9.590605,6.392029,-0.483308,3.514517,3.472308
1783945942643,38.380000,-37.531162,-15.558199,-22.930664,10.505109,4.884701,4.535356,3.995063
1783945942663,38.400000,-42.744793,-14.992370,-29.376297,5.604294,11.172435,5.494759,3.963832
1783945942683,38.420000,-35.755540,-14.412663,-23.035908,7.926511,2.906714,6.375792,3.168986
1783945942703,38.440000,-13.541357,-13.819915,-0.496896,7.820272,-9.618293,7.161089,1.548037
1783945942723,38.460000,-17.447258,-13.215328,-3.278818,-3.181894,-14.085305,7.834263,-0.636625
1783945942743,38.480000,-7.462230,-12.599883,9.008416,-15.626538,-10.008483,8.379634,-2.748054
1783945942763,38.500000,-12.042000,-11.974782,7.096767,-20.989388,7.957506,8.783489,-3.991513
1783945942783,38.520000,-12.441694,-11.341127,8.610453,-14.068501,-0.998912,9.034265,-3.791989
1783945942803,38.540000,-22.714943,-10.700177,-1.926846,9.120423,6.812684,9.123532,-2.078350
1783945942823,38.560000,-16.954544,-10.053027,4.800669,4.416294,2.801778,9.046091,0.690372
1783945942843,38.580000,-14.204517,-9.400948,7.700394,12.068658,1.861627,8.800947,3.739896
1783945942863,38.600000,-17.624292,-8.745071,4.131399,4.976837,-6.717945,8.391207,6.307227
1783945942883,38.620000,-18.863312,-8.086750,2.824015,2.887921,0.179340,7.824825,7.906180
1783945942903,38.640000,-26.905563,-7.427152,-4.243496,-6.048908,5.340011,7.114036,8.400804
1783945942923,38.660000,-12.725678,-6.767490,9.138162,-0.760667,0.255359,6.275572,7.907417
1783945942943,38.680000,-23.369800,-6.108987,-3.838625,3.580117,0.085548,5.330290,6.669405
1783945942963,38.700000,-19.011398,-5.452937,-1.992273,0.857282,-7.155556,4.302755,4.989918
1783945942983,38.720000,-18.039444,-4.800473,-2.709541,0.178037,7.093521,3.220235,3.187514
1783945943003,38.740000,-35.408905,-4.152949,-18.742580,-6.594818,-0.793002,2.112439,1.528477
1783945943023,38.760000,-31.601107,-3.511392,-15.406942,9.049724,4.347991,1.009773,0.145703
1783945943043,38.780000,-32.089333,-2.877043,-14.304411,0.194083,8.547220,-0.056880,-0.993286
1783945943063,38.800000,-31.614105,-2.250922,-13.132244,5.951467,-7.448190,-1.057858,-2.020046
1783945943083,38.820000,-23.185703,-1.634239,-4.144066,7.355660,-2.944674,-1.965185,-3.027486
1783945943103,38.840000,-9.321544,-1.027998,10.989488,-11.772203,-4.885884,-2.754160,-3.946203
1783945943123,38.860000,-13.748872,-0.433269,8.026816,-7.862086,-8.020661,-3.403889,-4.521187
1783945943143,38.880000,-32.461426,0.148988,-8.897257,-7.441149,0.551127,-3.898336,-4.430852
1783945943163,38.900000,-19.645065,0.717773,5.318085,-6.902555,12.341242,-4.226728,-3.511282
1783945943183,38.920000,-25.715750,1.272269,-0.320360,2.293478,6.930855,-4.384311,-1.928130
1783945943203,38.940000,-20.317387,1.811526,3.319601,14.648485,-12.259752,-4.372106,-0.125239
1783945943223,38.960000,-17.697672,2.334845,6.041635,8.830814,1.952630,-4.197435,1.423857
1783945943243,38.980000,-16.095370,2.841360,8.553101,-11.481137,-3.726972,-3.873073,2.448667
1783945943263,39.000000,-16.766338,3.330458,7.945498,-0.149552,-0.944457,-3.417375,2.938258
1783945943283,39.020000,-27.135912,3.801382,-1.656446,-5.825216,2.923733,-2.853001,3.040876
1783945943303,39.040000,-27.742317,4.253685,-3.772003,1.415224,4.863796,-2.206730,2.905764
1783945943323,39.060000,-40.615097,4.686751,-18.035126,6.721561,7.575780,-1.507721,2.561497
1783945943343,39.080000,-26.292137,5.100265,-5.311562,7.706935,-1.361384,-0.787089,1.906783
1783945943363,39.100000,-27.373800,5.493700,-7.878000,7.808840,-0.088050,-0.075961,0.830231
1783945943383,39.120000,-28.385263,5.866838,-8.494444,-2.293783,-11.024343,0.594958,-0.627961
1783945943403,39.140000,-28.736969,6.219265,-7.004070,-2.058230,3.565460,1.197281,-2.217610
1783945943423,39.160000,-30.747593,6.550890,-6.328072,-13.626017,2.984676,1.705257,-3.584093
1783945943443,39.180000,-39.064304,6.861475,-15.261713,2.993836,1.714748,2.097411,-4.452874
1783945943463,39.200000,-35.745445,7.151098,-11.169981,3.810084,2.938593,2.356648,-4.753494
1783945943483,39.220000,-21.840775,7.419628,3.001642,2.269107,0.005799,2.471622,-4.602468
1783945943503,39.240000,-18.010695,7.667190,7.673681,0.944239,-10.040007,2.436419,-4.161443
1783945943523,39.260000,-8.364553,7.893818,18.624817,-4.291440,-10.116551,2.251217,-3.473381
1783945943543,39.280000,-12.434109,8.099747,16.852152,-13.993953,0.735872,1.921769,-2.416056
1783945943563,39.300000,-15.180742,8.285126,16.003431,-11.894400,0.585358,1.459505,-0.831602
1783945943583,39.320000,-4.773359,8.450331,25.881298,-0.350921,5.069486,0.880558,1.277065
1783945943603,39.340000,-1.599195,8.595587,28.082298,0.765382,-2.373667,0.205625,3.669860
1783945943623,39.360000,7.163415,8.721413,33.619854,6.620424,-9.315985,-0.541555,5.980120
1783945943643,39.380000,-4.840290,8.828116,20.230347,-0.871534,0.504021,-1.334405,7.893759
1783945943663,39.400000,-0.990702,8.916272,22.860628,-7.093641,1.770950,-2.145247,9.226024
1783945943683,39.420000,-0.216241,8.986334,21.273897,1.151288,8.039477,-2.945793,9.867928
1783945943703,39.440000,0.067004,9.038983,18.843367,2.517682,-4.770954,-3.708686,9.730095
1783945943723,39.460000,-6.797293,9.074748,8.187969,11.123566,-0.055018,-4.407921,8.766912
1783945943743,39.480000,-11.836140,9.094347,-0.273279,-0.939935,3.886036,-5.020216,7.021132
1783945943763,39.500000,-16.204367,9.098378,-8.116981,3.012015,6.063294,-5.525318,4.609221
1783945943783,39.520000,-23.491808,9.087661,-17.566875,5.658321,2.949182,-5.907094,1.668770
1783945943803,39.540000,9.331376,9.062933,13.448538,4.848508,-3.680935,-6.153501,-1.641339
1783945943823,39.560000,-7.813450,9.024962,-3.853014,-0.518102,-6.735753,-6.257002,-5.053775
1783945943843,39.580000,-15.976327,8.974454,-12.075687,-4.443345,-12.493355,-6.214485,-8.139220
1783945943863,39.600000,-14.516230,8.912349,-10.513227,-7.459019,20.776510,-6.027604,-10.435918
1783945943883,39.620000,-17.773808,8.839347,-11.898961,-12.990704,3.893258,-5.701805,-11.696690
1783945943903,39.640000,-18.320023,8.756380,-13.538233,21.671183,-5.131583,-5.246637,-12.012664
1783945943923,39.660000,-25.475925,8.664167,-19.196450,6.394220,2.129731,-4.674575,-11.699880
1783945943943,39.680000,-21.107975,8.563667,-13.714895,-0.841473,1.087907,-4.001121,-11.094193
1783945943963,39.700000,-9.362803,8.455634,-0.617170,-0.065533,-0.560562,-3.243500,-10.416307
1783945943983,39.720000,-12.030962,8.340978,-1.529573,-4.469195,-8.130676,-2.420558,-9.709558
1783945944003,39.740000,-14.899005,8.220437,-2.558914,-2.592372,-4.241860,-1.551633,-8.841912
1783945944023,39.760000,-13.404343,8.094873,0.803612,-9.189185,6.684033,-0.656402,-7.610242
1783945944043,39.780000,-12.216054,7.964996,2.919084,-5.197262,1.805895,0.246064,-5.904216
1783945944063,39.800000,-15.574489,7.831708,-1.123506,6.653736,-1.984396,1.137257,-3.801804
1783945944083,39.820000,-15.525400,7.695676,-2.220502,3.760736,0.537366,2.000231,-1.533489
1783945944103,39.840000,-16.764430,7.557721,-1.036493,0.737134,2.514566,2.819314,0.620273
1783945944123,39.860000,-14.673039,7.418481,1.613987,1.151507,-0.881530,3.580811,2.417648
1783945944143,39.880000,-15.166119,7.278689,0.744879,1.745610,-0.538812,4.272696,3.712701
1783945944163,39.900000,-12.803001,7.138887,3.213821,-1.268805,-1.680017,4.885088,4.483431
1783945944183,39.920000,-25.866566,6.999793,-10.074583,0.163845,2.126721,5.409681,4.812982
1783945944203,39.940000,-21.124294,6.861905,-5.487870,-0.452657,2.566789,5.840289,4.818073
1783945944223,39.960000,-16.843540,6.725837,-2.287405,1.982655,4.943092,6.172260,4.578321
1783945944243,39.980000,-13.367596,6.591981,0.594355,1.604728,-8.338047,6.402895,4.141558
1783945944263,40.000000,-12.088364,6.460848,2.217606,3.619234,-4.108734,6.530851,3.597159
1783945944283,40.020000,-5.278637,6.332792,10.410892,-10.469007,-1.082041,6.556481,3.121492
1783945944303,40.040000,-9.753605,6.208223,6.558454,-6.427818,-0.291590,6.481464,2.928751
1783945944323,40.060000,-13.283589,6.087350,3.372390,-2.286009,-0.319142,6.309157,3.160033
1783945944343,40.080000,-13.932119,5.970518,2.839014,1.066535,6.005348,6.044075,3.790065
1783945944363,40.100000,-12.260110,5.857892,4.162410,2.291478,1.345799,5.692368,4.612196
1783945944383,40.120000,-2.773010,5.749701,12.624834,6.791849,-3.736744,5.261446,5.328711
1783945944403,40.140000,7.664702,5.645992,22.361462,-0.562018,-6.542497,4.760340,5.717482
1783945944423,40.160000,-6.894050,5.546822,7.663765,-5.086951,-5.347081,4.199373,5.762270
1783945944443,40.180000,6.791218,5.452181,21.225632,-7.751363,0.794218,3.590187,5.627834
1783945944463,40.200000,-5.313027,5.362062,9.067098,-6.756887,9.795415,2.945509,5.499485
1783945944483,40.220000,-4.033565,5.276343,8.037206,2.605705,-6.134428,2.279124,5.428236
1783945944503,40.240000,-8.630797,5.194950,0.561072,12.931137,8.527138,1.605366,5.293415
1783945944523,40.260000,-2.704709,5.117650,5.492212,-2.685503,-1.848872,0.939089,4.883043
1783945944543,40.280000,-20.806551,5.044243,-14.625510,11.687208,1.749341,0.294979,4.012623
1783945944563,40.300000,-16.008987,4.974436,-10.505481,-0.042150,0.952142,-0.312724,2.601725
1783945944583,40.320000,-12.978149,4.907993,-7.599150,2.257827,8.155750,-0.870930,0.686345
1783945944603,40.340000,-16.929392,4.844450,-11.662673,0.120004,-7.796787,-1.367795,-1.591023
1783945944623,40.360000,-17.096302,4.783468,-12.887471,7.066317,-1.588305,-1.793740,-3.985036
1783945944643,40.380000,-24.747627,4.724555,-19.851353,-7.881640,5.116352,-2.141501,-6.185368
1783945944663,40.400000,-26.262165,4.667354,-20.991003,-0.989163,2.074378,-2.406941,-7.920206
1783945944683,40.420000,-19.197960,4.611309,-12.906284,3.558115,2.438964,-2.588841,-9.053592
1783945944703,40.440000,-18.503696,4.555937,-9.752611,0.594162,-4.291437,-2.689476,-9.578808
1783945944723,40.460000,-14.437492,4.500641,-4.666182,1.600530,-6.221291,-2.714343,-9.525216
1783945944743,40.480000,-16.742496,4.444883,-3.817301,-6.457200,0.783946,-2.672287,-8.886567
1783945944763,40.500000,-5.539286,4.388023,9.480823,-9.018709,-1.723180,-2.574949,-7.636709
1783945944783,40.520000,-9.674987,4.329471,6.861562,-2.284820,-0.421506,-2.436519,-5.792582
1783945944803,40.540000,-4.846445,4.268550,12.677393,-2.798850,-5.118429,-2.272911,-3.452883
1783945944823,40.560000,1.355855,4.204666,20.052970,-0.577862,2.774856,-2.101263,-0.793975
1783945944843,40.580000,-7.146111,4.137074,11.144600,-4.643018,-2.576075,-1.938742,1.956588
1783945944863,40.600000,-3.915322,4.065198,13.328418,4.325508,0.114605,-1.802117,4.544952
1783945944883,40.620000,8.036649,3.988318,24.950073,-2.533654,4.054248,-1.706369,6.718718
1783945944903,40.640000,-5.335314,3.905822,10.369816,0.978050,-5.170996,-1.664191,8.276546
1783945944923,40.660000,-12.120522,3.816935,1.739392,6.948653,-0.727861,-1.684792,9.108621
1783945944943,40.680000,-15.860125,3.721124,-3.760361,-1.641550,14.093440,-1.773833,9.172655
1783945944963,40.700000,-22.917997,3.617647,-13.052917,3.327110,3.350125,-1.932283,8.426127
1783945944983,40.720000,-25.483511,3.505916,-18.341892,16.859933,0.159614,-2.156688,6.813145
1783945945003,40.740000,-20.704239,3.385257,-14.879458,5.073750,1.210160,-2.438790,4.350182
1783945945023,40.760000,-24.644945,3.255137,-19.051860,0.888621,-2.629440,-2.766085,1.230903
1783945945043,40.780000,-37.471725,3.114851,-31.966879,0.181580,-0.969754,-3.121837,-2.161085
1783945945063,40.800000,-30.101732,2.963960,-22.859015,-4.257651,6.183119,-3.486451,-5.363140
1783945945083,40.820000,-19.153725,2.801868,-10.330154,-4.104127,1.615034,-3.837757,-7.979705
1783945945103,40.840000,-23.373987,2.628110,-12.964638,2.479012,-11.563333,-4.152541,-9.736953
1783945945123,40.860000,-8.432683,2.442153,4.576747,-1.830478,-6.238599,-4.407460,-10.438744
1783945945143,40.880000,-15.000577,2.243556,1.041415,-14.743213,3.102013,-4.580533,-9.938962
1783945945163,40.900000,-2.823028,2.031896,15.837605,-9.382717,-6.893032,-4.652296,-8.198647
1783945945183,40.920000,-11.671641,1.806836,9.708028,0.184103,4.976590,-4.607060,-5.364479
1783945945203,40.940000,7.271166,1.568000,30.454702,-6.833699,-5.995452,-4.433747,-1.778939
1783945945223,40.960000,-4.178247,1.315090,18.636505,6.060935,2.982807,-4.126865,2.094724
1783945945243,40.980000,-1.393345,1.047810,21.335453,-4.114797,-7.039029,-3.686936,5.781432
1783945945263,41.000000,0.892482,0.766003,21.611784,4.963331,9.254935,-3.120938,8.871184
1783945945283,41.020000,-7.774043,0.469432,11.564074,-5.023251,-1.369309,-2.441873,11.049136
1783945945303,41.040000,1.098039,0.158026,17.638615,11.472354,-0.712687,-1.668712,12.112025
1783945945323,41.060000,-7.061194,-0.168470,7.432712,-0.114208,3.961866,-0.825116,11.996036
1783945945343,41.080000,-20.174364,-0.509914,-9.288297,3.188072,-2.038639,0.060748,10.784120
1783945945363,41.100000,-26.855583,-0.866403,-19.068937,7.877155,11.077150,0.958452,8.647124
1783945945383,41.120000,-19.146065,-1.237832,-12.497387,-0.041927,6.257674,1.836132,5.760409
1783945945403,41.140000,-26.450504,-1.624188,-22.249030,12.202321,-3.742752,2.662502,2.294077
1783945945423,41.160000,-21.502838,-2.025272,-17.438510,5.775547,-6.657158,3.408061,-1.506050
1783945945443,41.180000,-25.381458,-2.440968,-20.799753,-4.938811,4.105737,4.047033,-5.256258
1783945945463,41.200000,-36.284706,-2.870970,-29.299746,-7.902311,-0.513645,4.558355,-8.500838
1783945945483,41.220000,-23.144785,-3.315075,-15.412381,1.344281,3.815555,4.927273,-10.869209
1783945945503,41.240000,-25.927809,-3.772949,-14.823238,-3.257573,1.067225,5.145857,-12.180823
1783945945523,41.260000,-18.060728,-4.244263,-5.223698,2.790046,-11.234319,5.213693,-12.422482
1783945945543,41.280000,-23.407936,-4.728569,-8.172094,-0.765217,2.223119,5.137806,-11.660205
1783945945563,41.300000,-25.981224,-5.225533,-7.027662,-11.755901,-0.459944,4.932687,-10.000412
1783945945583,41.320000,-8.535808,-5.734560,11.954827,0.322995,2.782320,4.619023,-7.623060
1783945945603,41.340000,-4.053260,-6.255239,19.139961,-4.699754,-5.746809,4.223260,-4.780459
1783945945623,41.360000,-2.412026,-6.786983,21.881150,1.258246,-12.239394,3.775638,-1.709633
1783945945643,41.380000,-10.045207,-7.329298,14.571324,-5.622587,3.870102,3.308915,1.435276
1783945945663,41.400000,-0.794063,-7.881534,23.735031,-11.744939,4.583671,2.856145,4.529525
1783945945683,41.420000,1.321535,-8.443141,24.789606,3.253845,1.674445,2.449141,7.377560
1783945945703,41.440000,-0.439648,-9.013349,20.788698,5.187577,-7.308095,2.116111,9.714122
1783945945723,41.460000,-7.417530,-9.591595,11.901735,5.764490,2.503760,1.880552,11.301059
1783945945743,41.480000,-21.365463,-10.177125,-3.579823,-2.072937,7.778264,1.759158,11.981765
1783945945763,41.500000,-18.216183,-10.769233,-3.979605,6.401702,7.378911,1.761004,11.643822
1783945945783,41.520000,-17.686840,-11.367130,-5.896894,9.432403,3.216491,1.886587,10.198077
1783945945803,41.540000,-23.183037,-11.970167,-13.941906,9.584199,-6.647346,2.127861,7.659796
1783945945823,41.560000,-39.113125,-12.577509,-30.936314,6.276426,2.947513,2.467928,4.243930
1783945945843,41.580000,-40.477802,-13.188441,-32.505238,-4.628247,8.986902,2.882168,0.331444
1783945945863,41.600000,-33.983230,-13.802078,-26.787170,1.839949,5.593666,3.338958,-3.672185
1783945945883,41.620000,-23.352780,-14.417684,-15.241616,4.836724,-9.480323,3.801693,-7.412674
1783945945903,41.640000,-18.818480,-15.034424,-8.794338,1.178410,-10.656393,4.230330,-10.522575
1783945945923,41.660000,-26.650452,-15.651586,-12.956202,-12.828386,-3.583919,4.583853,-12.563255
1783945945943,41.680000,-18.728270,-16.268305,-1.990759,-14.456782,3.649056,4.822142,-13.132362
1783945945963,41.700000,-6.318729,-16.883841,13.737698,-9.151955,2.490177,4.908689,-12.064873
1783945945983,41.720000,-13.180090,-17.497394,9.343769,1.027820,-8.808985,4.812496,-9.521343
1783945946003,41.740000,-11.245894,-18.108190,13.115848,4.368405,-2.904617,4.510169,-5.908791
1783945946023,41.760000,-9.898315,-18.715418,16.386719,-6.385048,8.018229,3.987429,-1.755826
1783945946043,41.780000,-3.698576,-19.318419,22.322737,-2.140788,-2.668444,3.240576,2.375829
1783945946063,41.800000,-9.664431,-19.916414,15.167137,7.836872,-2.244888,2.276756,5.976494
1783945946083,41.820000,-10.572420,-20.508732,13.808472,-0.302524,-0.188361,1.114408,8.679154
1783945946103,41.840000,-2.029578,-21.094594,21.157600,-0.047218,4.152960,-0.217515,10.299639
1783945946123,41.860000,-0.172241,-21.673404,20.093456,-1.347461,-3.658504,-1.680128,10.826755
1783945946143,41.880000,-0.126652,-22.244441,16.461123,2.992117,-6.195104,-3.226610,10.408452
1783945946163,41.900000,3.690727,-22.807089,17.846622,-3.974684,1.116188,-4.803854,9.322783
1783945946183,41.920000,1.283214,-23.360677,14.161072,-6.329003,1.148917,-6.355034,7.896849
1783945946203,41.940000,-10.366102,-23.904705,0.832866,2.125859,1.160120,-7.821854,6.390994
1783945946223,41.960000,-14.618115,-24.438527,-6.066969,4.455176,7.075589,-9.147696,4.904119
1783945946243,41.980000,-16.163225,-24.961677,-9.472240,5.747230,7.333239,-10.279805,3.349422
1783945946263,42.000000,-31.920270,-25.473570,-26.230232,11.790193,0.982860,-11.172217,1.522996
1783945946283,42.020000,-30.059021,-25.973758,-25.815311,11.331340,2.355805,-11.787598,-0.766722
1783945946303,42.040000,-38.227646,-26.461758,-34.071915,3.301831,7.395838,-12.099286,-3.582725
1783945946323,42.060000,-20.286190,-26.937115,-15.658481,1.061213,-6.707859,-12.092507,-6.796722
1783945946343,42.080000,-14.981401,-27.399394,-9.107227,1.001578,-4.786062,-11.765112,-10.057605
1783945946363,42.100000,-15.566426,-27.848299,-7.466667,-12.829752,-13.054154,-11.127539,-12.802575
1783945946383,42.120000,-11.969746,-28.283423,-1.921327,-9.643207,1.562215,-10.202700,-14.387021
1783945946403,42.140000,6.455410,-28.704465,20.123634,-19.493983,0.781266,-9.024575,-14.317737
1783945946423,42.160000,6.219127,-29.111151,21.898746,-3.636251,-7.211555,-7.636749,-12.433166
1783945946443,42.180000,4.861894,-29.503305,22.026990,-0.433974,-7.806222,-6.090238,-8.923050
1783945946463,42.200000,2.462415,-29.880601,21.553225,-4.457268,7.711631,-4.441471,-4.253152
1783945946483,42.220000,-0.316597,-30.242942,20.099508,-3.834830,4.933710,-2.749109,0.903665
1783945946503,42.240000,2.468256,-30.590047,21.202210,10.520736,1.170143,-1.071952,5.753237
1783945946523,42.260000,-7.283642,-30.921889,9.366587,8.984198,1.060506,0.534356,9.542282
1783945946543,42.280000,-8.943615,-31.238264,5.604102,7.023187,0.808618,2.019156,11.739718
1783945946563,42.300000,-1.310170,-31.539128,9.799278,3.198082,4.622148,3.339432,12.138077
1783945946583,42.320000,-9.287197,-31.824382,-1.151991,0.150815,-3.171481,4.461236,10.862477
1783945946603,42.340000,-12.830867,-32.094049,-8.765251,4.864295,-2.745742,5.361194,8.311039
1783945946623,42.360000,-25.519943,-32.348029,-22.754581,-1.713696,9.552402,6.026843,5.022797
1783945946643,42.380000,-28.242184,-32.586411,-26.080600,-0.063260,5.068466,6.457205,1.494435
1783945946663,42.400000,-31.119799,-32.809163,-30.383842,10.928406,5.220826,6.661879,-1.953291
1783945946683,42.420000,-22.017029,-33.016372,-21.549328,5.121422,-4.017107,6.660396,-5.159407
1783945946703,42.440000,-33.877840,-33.208061,-31.481508,5.212362,-2.640907,6.480496,-7.992495
1783945946723,42.460000,-22.356453,-33.384372,-16.786217,-5.969433,-3.930924,6.156539,-10.250340
1783945946743,42.480000,-25.731750,-33.545369,-16.851107,-7.012861,5.207147,5.727092,-11.676479
1783945946763,42.500000,-28.216127,-33.691207,-15.977262,-7.199880,-6.658007,5.232888,-12.057815
1783945946783,42.520000,-19.604920,-33.821949,-5.196012,2.934662,2.944233,4.714241,-11.317250
1783945946803,42.540000,-7.576384,-33.937787,10.467133,-9.451597,-2.837838,4.209144,-9.534981
1783945946823,42.560000,-18.376780,-34.038881,1.174021,1.355474,-7.905725,3.751016,-6.895505
1783945946843,42.580000,-17.245907,-34.125494,3.983706,-3.119451,-0.146275,3.367199,-3.632221
1783945946863,42.600000,-12.387567,-34.197683,11.532640,-7.477051,9.658230,3.077205,-0.032254
1783945946883,42.620000,-14.404253,-34.255757,10.547728,0.372878,-3.444145,2.892550,3.541236
1783945946903,42.640000,-12.598671,-34.299841,11.827862,10.273497,-3.480980,2.815766,6.697975
1783945946923,42.660000,-13.830871,-34.330244,9.881345,-1.379457,2.419774,2.841108,9.128459
1783945946943,42.680000,-21.240273,-34.347132,1.372316,-0.697732,0.880337,2.954716,10.668218
1783945946963,42.700000,-18.867908,-34.350747,1.871458,3.225786,2.956253,3.136010,11.277148
1783945946983,42.720000,-17.355190,-34.341290,2.622898,0.984128,2.551990,3.358967,10.995261
1783945947003,42.740000,-34.527390,-34.319091,-16.677220,5.484810,-1.503556,3.594094,9.923995
1783945947023,42.760000,-33.181824,-34.284293,-16.184210,5.733114,4.299335,3.809856,8.208809
1783945947043,42.780000,-50.405125,-34.237255,-33.856660,1.639634,11.907762,3.975234,5.993690
1783945947063,42.800000,-49.701645,-34.178125,-34.088000,7.743407,-0.520876,4.061020,3.375182
1783945947083,42.820000,-38.011170,-34.107192,-22.622500,11.616817,4.015233,4.042092,0.427254
1783945947103,42.840000,-34.346893,-34.024672,-16.263123,-3.380561,-10.376117,3.898644,-2.680702
1783945947123,42.860000,-39.319923,-33.930902,-19.755650,0.513910,-8.873882,3.617652,-5.578257
1783945947143,42.880000,-33.511692,-33.826028,-10.631496,-15.482249,2.871571,3.193244,-7.741690
1783945947163,42.900000,-38.334873,-33.710450,-11.723270,-12.832072,4.524140,2.627741,-8.704144
1783945947183,42.920000,-31.839130,-33.584344,-2.866835,0.306796,-3.425976,1.930918,-8.273246
1783945947203,42.940000,-20.576195,-33.448023,10.570925,2.575954,-0.523574,1.120070,-6.584277
1783945947223,42.960000,-17.712654,-33.301717,15.983368,-3.943993,-8.119129,0.218834,-3.972855
1783945947243,42.980000,-12.854036,-33.145739,22.069128,-1.890871,-6.034367,-0.743753,-0.800232
1783945947263,43.000000,-4.735429,-32.980297,32.134434,-11.210673,0.432525,-1.734989,2.640735
1783945947283,43.020000,-20.134146,-32.805787,18.184110,-6.502633,0.262611,-2.719706,6.106558
1783945947303,43.040000,-15.615716,-32.622390,21.307419,2.887184,2.417327,-3.662590,9.320672
1783945947323,43.060000,-12.053728,-32.430440,23.322489,3.024106,9.115522,-4.529363,11.925172
1783945947343,43.080000,-11.377388,-32.230172,20.243721,5.669294,-7.339072,-5.288781,13.543342
1783945947363,43.100000,-11.756377,-32.021954,15.368113,11.130051,-3.003585,-5.913738,13.928195
1783945947383,43.120000,-30.257046,-31.806062,-4.920258,-4.426874,4.812005,-6.382812,13.065117
1783945947403,43.140000,-29.399776,-31.582788,-5.936106,0.973914,7.032617,-6.681004,11.116948
1783945947423,43.160000,-37.302340,-31.352377,-16.565292,6.494870,10.268065,-6.800395,8.279105
1783945947443,43.180000,-33.199875,-31.115143,-14.676254,9.205794,-4.708246,-6.740180,4.713951
1783945947463,43.200000,-29.778801,-30.871345,-13.913030,11.331142,-0.784074,-6.506705,0.621674
1783945947483,43.220000,-27.242378,-30.621328,-11.534815,-6.458703,-6.105637,-6.112774,-3.650924
1783945947503,43.240000,-35.165947,-30.365357,-18.576023,-3.646410,-1.185022,-5.577126,-7.602531
1783945947523,43.260000,-28.538765,-30.103824,-9.989872,-9.900471,2.092550,-4.923098,-10.711086
1783945947543,43.280000,-25.464588,-29.836973,-4.881111,-4.389286,2.656014,-4.177837,-12.612205
1783945947563,43.300000,-19.257195,-29.565158,3.830620,-0.218130,-7.591335,-3.370607,-13.186093
1783945947583,43.320000,-6.840769,-29.288640,16.957870,-0.023335,-4.787158,-2.531715,-12.506635
1783945947603,43.340000,-8.631705,-29.007860,17.121956,-10.023711,-4.814760,-1.690795,-10.731582
1783945947623,43.360000,0.854009,-28.723046,28.256176,-7.212164,-4.610693,-0.876141,-8.044686
1783945947643,43.380000,-9.614474,-28.434678,19.196415,-6.496527,4.651684,-0.112940,-4.680807
1783945947663,43.400000,0.500266,-28.142999,30.061235,-3.317040,-1.466727,0.576904,-0.981113
1783945947683,43.420000,1.663743,-27.848418,28.883085,6.208773,4.532164,1.176032,2.605975
1783945947703,43.440000,1.454654,-27.551261,26.597187,0.755777,-7.318889,1.671690,5.619463
1783945947723,43.460000,-7.490771,-27.251974,13.836130,8.136692,2.605695,2.056204,7.710291
1783945947743,43.480000,-20.257719,-26.950849,-1.289360,-2.852478,7.287794,2.326522,8.684764
1783945947763,43.500000,-24.278603,-26.648333,-8.338150,7.764403,9.522725,2.484386,8.444427
1783945947783,43.520000,-25.733097,-26.344735,-12.683257,10.817113,4.949528,2.535455,6.929211
1783945947803,43.540000,-26.248470,-26.040533,-16.860691,12.369700,-3.165385,2.489150,4.167541
1783945947823,43.560000,-37.188670,-25.736090,-29.905691,7.228543,-0.745715,2.357525,0.386294
1783945947843,43.580000,-32.929794,-25.431818,-26.167501,-3.206873,2.039628,2.154755,-3.958798
1783945947863,43.600000,-38.953224,-25.128077,-31.688790,-3.282408,4.640173,1.896209,-8.284765
1783945947883,43.620000,-42.397350,-24.825285,-33.243683,-0.330793,-3.280236,1.597872,-12.037164
1783945947903,43.640000,-53.131077,-24.523862,-42.215736,4.612407,5.544970,1.275575,-14.812939
1783945947923,43.660000,-38.651695,-24.224181,-23.932085,-3.211700,1.588744,0.944329,-16.419533
1783945947943,43.680000,-39.668380,-23.926672,-22.617237,2.988242,-1.442097,0.617992,-16.849070
1783945947963,43.700000,-34.313988,-23.631742,-13.317497,-2.031649,-11.945125,0.308784,-16.173336
1783945947983,43.720000,-38.669170,-23.339809,-13.266571,-4.182168,2.486915,0.027084,-14.450541
1783945948003,43.740000,-23.767485,-23.051289,7.093687,-15.163994,-1.634748,-0.218719,-11.733818
1783945948023,43.760000,-28.439775,-22.766570,5.537489,-1.559501,-0.395573,-0.422294,-8.143648
1783945948043,43.780000,-27.596056,-22.486080,8.322271,-3.109560,-6.593361,-0.579218,-3.908478
1783945948063,43.800000,-19.668892,-22.210178,17.252975,0.316399,4.975076,-0.687004,0.648395
1783945948083,43.820000,-23.092834,-21.939329,15.122642,-5.969235,-1.567406,-0.744686,5.149238
1783945948103,43.840000,-38.265396,-21.673886,-0.298019,7.445882,-0.790983,-0.752937,9.206914
1783945948123,43.860000,-31.118954,-21.414257,5.973537,2.020318,8.361426,-0.713625,12.453856
1783945948143,43.880000,-16.451435,-21.160751,20.107685,0.542342,2.939427,-0.629844,14.578580
1783945948163,43.900000,-21.214058,-20.913830,13.416626,7.159514,-13.296801,-0.505359,15.425243
1783945948183,43.920000,-26.108772,-20.673726,6.591461,2.479532,-5.077046,-0.345022,15.105229
1783945948203,43.940000,-36.116173,-20.440927,-4.902508,-11.458161,11.761030,-0.153918,13.959862
1783945948223,43.960000,-32.150482,-20.215647,-1.690090,-3.940649,5.979254,0.061956,12.346722
1783945948243,43.980000,-31.313873,-19.998264,-3.175175,11.098652,1.117027,0.296429,10.457223
1783945948263,44.000000,-36.689117,-19.789020,-9.860413,8.038051,-5.517427,0.542801,8.336711
1783945948283,44.020000,-40.531204,-19.588235,-14.958538,4.887174,1.667788,0.794243,6.020250
1783945948303,44.040000,-41.910053,-19.396111,-15.102518,-4.755761,5.137944,1.043592,3.605046
1783945948323,44.060000,-34.152840,-19.212919,-6.974232,-0.486681,-0.564522,1.283758,1.228477
1783945948343,44.080000,-30.028603,-19.038884,-2.478212,1.707645,-4.760256,1.507675,-0.952431
1783945948363,44.100000,-39.903700,-18.874258,-10.651287,-1.798635,-4.707467,1.708572,-2.746175
1783945948383,44.120000,-40.321270,-18.719116,-9.325018,-4.219473,3.655105,1.879854,-3.956149
1783945948403,44.140000,-31.580236,-18.573696,-0.219515,-6.051915,6.287514,2.015805,-4.479394
1783945948423,44.160000,-18.863314,-18.438053,12.800795,0.376581,-7.428706,2.111289,-4.359426
1783945948443,44.180000,-12.935617,-18.312357,20.086206,2.662992,-11.382480,2.162401,-3.701310
1783945948463,44.200000,-10.760450,-18.196597,24.130339,-9.804971,-5.852805,2.166211,-2.541752
1783945948483,44.220000,-13.125699,-18.090930,23.186340,-12.963092,2.401117,2.121454,-0.845838
1783945948503,44.240000,-9.547937,-17.995315,26.310507,-7.458269,3.199925,2.028100,1.352734
1783945948523,44.260000,-10.134273,-17.909851,24.395454,2.856796,1.800765,1.887907,3.825681
1783945948543,44.280000,-12.875973,-17.834443,19.815930,7.069230,-1.562374,1.703925,6.166804
1783945948563,44.300000,-13.236664,-17.769085,16.862370,6.577693,2.065562,1.480834,7.923804
1783945948583,44.320000,-30.462809,-17.713683,-3.104328,3.226598,4.762953,1.224535,8.729354
1783945948603,44.340000,-38.007595,-17.668137,-13.885324,7.447096,6.168235,0.942048,8.349117
1783945948623,44.360000,-50.243122,-17.632263,-28.522709,9.998741,12.590075,0.641121,6.661253
1783945948643,44.380000,-45.816124,-17.605924,-25.810972,10.545092,1.310905,0.330108,3.649179
1783945948663,44.400000,-53.670180,-17.588866,-36.331734,14.475374,0.565154,0.017373,-0.537409
1783945948683,44.420000,-54.607033,-17.580947,-38.254433,1.397362,-4.775312,-0.288728,-5.503260
1783945948703,44.440000,-49.213980,-17.581861,-32.218643,-2.180820,2.776882,-0.580590,-10.616664
1783945948723,44.460000,-47.211235,-17.591356,-27.077915,-10.708650,-3.543234,-0.851340,-15.132628
1783945948743,44.480000,-45.815660,-17.609067,-22.394290,-2.987684,-5.217998,-1.095340,-18.359608
1783945948763,44.500000,-45.909943,-17.634731,-18.197601,-7.574412,0.190692,-1.308041,-19.804390
1783945948783,44.520000,-61.117660,-17.667968,-29.257187,-5.445780,3.434683,-1.486394,-19.284727
1783945948803,44.540000,-56.503334,-17.708437,-20.676254,1.796847,5.146309,-1.628644,-16.999979
1783945948823,44.560000,-55.414047,-17.755663,-15.879272,4.316685,6.085370,-1.734482,-13.495236
1783945948843,44.580000,-56.880960,-17.809268,-14.052216,6.818743,-7.510726,-1.804557,-9.478385
1783945948863,44.600000,-58.647960,-17.868784,-12.551891,7.222238,-0.757683,-1.840518,-5.573400
1783945948883,44.620000,-49.121754,-17.933756,0.039799,-8.534007,0.866906,-1.844587,-2.155529
1783945948903,44.640000,-56.376590,-18.003686,-5.365463,-3.203420,-1.390186,-1.819343,0.665923
1783945948923,44.660000,-49.491386,-18.078126,2.036831,-1.886118,-4.325844,-1.767282,2.964960
1783945948943,44.680000,-62.778854,-18.156535,-10.144157,-1.656711,6.427830,-1.690770,4.884151
1783945948963,44.700000,-49.226845,-18.238393,3.905632,-3.092021,-2.102692,-1.591647,6.526516
1783945948983,44.720000,-54.376460,-18.323155,-1.792515,5.760065,4.070596,-1.471163,7.905861
1783945949003,44.740000,-48.623250,-18.410300,4.676960,-2.282779,-9.299957,-1.329849,8.985577
1783945949023,44.760000,-64.225450,-18.499237,-10.697228,5.483565,5.560196,-1.167709,9.742958
1783945949043,44.780000,-52.152220,-18.589432,3.072319,-8.276777,0.854053,-0.984190,10.175699
1783945949063,44.800000,-54.039955,-18.680283,1.516277,4.814431,5.150780,-0.778618,10.269779
1783945949083,44.820000,-47.727960,-18.771267,7.154152,-0.474563,-10.701234,-0.550304,10.013183
1783945949103,44.840000,-56.158670,-18.861806,-2.064564,5.256855,1.669031,-0.299145,9.454590
1783945949123,44.860000,-47.803250,-18.951310,7.171993,-10.514159,-0.355371,-0.025972,8.716317
1783945949143,44.880000,-54.220080,-19.039243,0.282288,0.703194,4.289062,0.267135,7.930678
1783945949163,44.900000,-47.029926,-19.125037,7.011646,-1.404233,-4.995363,0.576349,7.172958
1783945949183,44.920000,-53.873165,-19.208170,0.029026,4.857433,3.332259,0.895924,6.452515
1783945949203,44.940000,-37.971060,-19.288068,15.909340,-4.638496,-4.710722,1.217877,5.748142
1783945949223,44.960000,-49.236390,-19.364237,4.475197,2.218018,1.325719,1.532160,5.050919
1783945949243,44.980000,-42.554947,-19.436136,10.300758,-5.158540,-6.392237,1.826607,4.383362
1783945949263,45.000000,-54.020960,-19.503313,-1.384945,2.029715,9.476681,2.087461,3.771535
1783945949283,45.020000,-46.776410,-19.565272,5.809277,-4.908679,-1.830901,2.299665,3.188535
1783945949303,45.040000,-44.098465,-19.621514,7.422001,9.787405,3.221425,2.447588,2.538759
1783945949323,45.060000,-43.091583,-19.671660,6.929974,-1.949091,-7.391168,2.516017,1.725716
1783945949343,45.080000,-53.464530,-19.715282,-4.402702,4.656797,0.558073,2.490807,0.736379
1783945949363,45.100000,-52.788555,-19.752010,-3.728626,-6.233353,4.941619,2.360002,-0.361879
1783945949383,45.120000,-54.408260,-19.781395,-5.443485,1.064706,6.013051,2.114610,-1.506028
1783945949403,45.140000,-56.866170,-19.803176,-9.107418,5.632162,-2.678270,1.749902,-2.695076
1783945949423,45.160000,-55.828403,-19.817002,-8.540817,7.298245,-0.047305,1.265789,-3.956565
1783945949443,45.180000,-57.313858,-19.822598,-10.101830,-1.598811,0.703369,0.667692,-5.274062
1783945949463,45.200000,-58.454040,-19.819705,-10.666149,-0.479528,-0.922956,-0.033181,-6.556473
1783945949483,45.220000,-49.332222,-19.808113,-1.490822,-1.843651,-0.461244,-0.819660,-7.659437
1783945949503,45.240000,-57.368180,-19.787659,-7.637268,-2.974590,-1.453379,-1.668836,-8.421512
1783945949523,45.260000,-56.468925,-19.758200,-6.078812,-0.599089,-2.659769,-2.552603,-8.705636
1783945949543,45.280000,-58.638054,-19.719581,-6.772049,-1.567191,6.930324,-3.438552,-8.452962
1783945949563,45.300000,-59.393880,-19.671729,-7.084564,-2.046841,-0.758963,-4.290963,-7.724719
1783945949583,45.320000,-58.999084,-19.614537,-6.434185,7.534060,0.231133,-5.072372,-6.689794
1783945949603,45.340000,-48.048977,-19.548007,5.842892,-1.383618,-2.151871,-5.744946,-5.545736
1783945949623,45.360000,-52.250206,-19.472167,2.979397,-0.842182,-3.760692,-6.272345,-4.418312
1783945949643,45.380000,-54.386340,-19.387113,1.360615,-3.304063,-3.712994,-6.621428,-3.316292
1783945949663,45.400000,-73.502300,-19.292913,-17.094807,-2.555063,9.714487,-6.764151,-2.195041
1783945949683,45.420000,-50.672356,-19.189648,6.194214,-2.026254,4.059671,-6.679103,-1.085608
1783945949703,45.440000,-52.429363,-19.077461,3.555489,8.429972,0.828584,-6.352833,-0.134352
1783945949723,45.460000,-42.903522,-18.956584,12.723511,2.872202,-19.144952,-5.780901,0.528781
1783945949743,45.480000,-51.429268,-18.827199,3.905014,0.015190,3.548169,-4.968792,0.950241
1783945949763,45.500000,-43.745010,-18.689589,13.094101,-20.665657,0.017607,-3.931999,1.342560
1783945949783,45.520000,-49.776314,-18.544053,7.196812,1.242010,5.589117,-2.695976,1.910012
1783945949803,45.540000,-56.383606,-18.390913,0.095642,0.318465,-1.984754,-1.295501,2.689350
1783945949823,45.560000,-56.862990,-18.230486,-1.740288,10.305585,6.438442,0.226385,3.517831
1783945949843,45.580000,-65.236880,-18.063184,-10.835052,2.864893,4.129364,1.820032,4.105043
1783945949863,45.600000,-66.989815,-17.889348,-14.152878,9.897902,0.115496,3.430813,4.148550
1783945949883,45.620000,-58.720097,-17.709409,-6.805435,4.671373,2.131960,5.001530,3.456124
1783945949903,45.640000,-66.428070,-17.523813,-13.679951,-0.536049,-3.466637,6.474642,2.042785
1783945949923,45.660000,-60.969078,-17.333022,-7.759678,0.791123,-4.455327,7.794703,0.153378
1783945949943,45.680000,-58.934770,-17.137482,-4.640316,-6.832217,4.159688,8.910706,-1.811568
1783945949963,45.700000,-56.253475,-16.937735,-2.610268,-7.334305,-5.045519,9.778491,-3.427056
1783945949983,45.720000,-65.372510,-16.734275,-10.924534,2.495032,0.143922,10.362534,-4.368237
1783945950003,45.740000,-46.494446,-16.527645,9.353405,-6.201857,0.140621,10.637707,-4.485542
1783945950023,45.760000,-64.901130,-16.318427,-7.246723,0.060949,2.567426,10.590473,-3.816780
1783945950043,45.780000,-48.785164,-16.107150,9.619793,0.450086,-8.582261,10.219431,-2.545432
1783945950063,45.800000,-50.463985,-15.894349,9.191818,1.478798,8.884006,9.535569,-0.924943
1783945950083,45.820000,-45.344765,-15.680621,15.870659,-8.977771,-11.340797,8.561955,0.803155
1783945950103,45.840000,-49.778890,-15.466521,10.447620,8.235375,2.176233,7.332663,2.463227
1783945950123,45.860000,-39.966408,-15.252635,21.063915,-12.271576,-0.590595,5.891458,3.951546
1783945950143,45.880000,-49.656017,-15.039502,9.729134,2.916515,1.987773,4.289853,5.201187
1783945950163,45.900000,-54.433662,-14.827770,3.298904,1.055713,-1.504935,2.585149,6.136171
1783945950183,45.920000,-64.380264,-14.617949,-7.985226,6.075708,10.626926,0.837669,6.636087
1783945950203,45.940000,-76.210300,-14.410614,-21.480175,4.613169,6.081573,-0.891486,6.516487
1783945950223,45.960000,-64.650710,-14.206244,-12.020859,14.400609,3.782565,-2.543199,5.561416
1783945950243,45.980000,-58.483665,-14.005433,-6.781689,5.680850,-3.077828,-4.062442,3.655119
1783945950263,46.000000,-63.793358,-13.808680,-12.273361,2.236142,-12.551640,-5.400781,0.955507
1783945950283,46.020000,-59.359580,-13.616526,-7.938812,-6.308979,-0.171064,-6.518017,-2.054582
1783945950303,46.040000,-67.202644,-13.429455,-12.810287,-16.396639,6.466378,-7.383793,-4.731529
1783945950323,46.060000,-49.757236,-13.247886,4.610081,-3.857966,-3.252159,-7.978582,-6.541944
1783945950343,46.080000,-61.084457,-13.072322,-5.747292,3.451923,0.587243,-8.293933,-7.230230
1783945950363,46.100000,-48.717340,-12.903124,7.952759,-2.429403,-8.883542,-8.332765,-6.807910
1783945950383,46.120000,-53.666940,-12.740735,4.404636,0.933043,6.874130,-8.108495,-5.460558
1783945950403,46.140000,-43.407013,-12.585561,16.406940,-10.190350,-7.111852,-7.644209,-3.464805
1783945950423,46.160000,-58.631920,-12.437933,2.161118,6.653179,3.826811,-6.971318,-1.134503
1783945950443,46.180000,-55.292324,-12.298193,6.643559,-4.993176,-0.200274,-6.127712,1.204463
1783945950463,46.200000,-61.637596,-12.166606,-0.273346,7.158365,10.151842,-5.155953,3.217734
1783945950483,46.220000,-53.783165,-12.043436,6.509754,1.651123,-4.228760,-4.101087,4.589715
1783945950503,46.240000,-52.778060,-11.928912,4.234524,10.468592,-1.037311,-3.008616,5.113972
1783945950523,46.260000,-55.544380,-11.823294,0.866325,-4.177601,-5.359689,-1.922394,4.795440
1783945950543,46.280000,-53.986640,-11.726687,2.104931,-1.547786,1.720529,-0.883082,3.858893
1783945950563,46.300000,-50.849228,-11.639258,5.026768,-7.679869,1.985118,0.073744,2.641150
1783945950583,46.320000,-40.801895,-11.561073,14.516457,-1.111943,-4.253819,0.918592,1.462520
1783945950603,46.340000,-40.903667,-11.492280,12.972229,-0.357173,-4.842662,1.629212,0.571232
1783945950623,46.360000,-40.281456,-11.432870,14.173157,-4.958539,-3.788017,2.190722,0.144397
1783945950643,46.380000,-49.529964,-11.382868,4.214867,-3.977035,5.256913,2.595982,0.262453
1783945950663,46.400000,-52.246006,-11.342265,1.712013,-1.778782,4.865036,2.845217,0.838400
1783945950683,46.420000,-41.803898,-11.310968,10.867619,7.070624,3.979692,2.945324,1.590739
1783945950703,46.440000,-36.059853,-11.288877,16.361328,5.297032,-6.059157,2.909075,2.155255
1783945950723,46.460000,-36.470830,-11.275909,14.115303,4.011888,-9.514005,2.754030,2.292661
1783945950743,46.480000,-35.964546,-11.271881,14.045349,-7.038830,0.208618,2.501096,2.018967
1783945950763,46.500000,-35.123230,-11.276672,13.947506,-11.327471,3.551541,2.173414,1.543827
1783945950783,46.520000,-35.426834,-11.289975,12.445976,-1.422870,0.337368,1.794669,1.090612
1783945950803,46.540000,-27.280643,-11.311611,18.920341,2.958873,-1.576890,1.388291,0.767751
1783945950823,46.560000,-32.519990,-11.341312,11.773644,1.771749,-1.325551,0.976020,0.568312
1783945950843,46.580000,-36.314976,-11.378831,6.176445,0.956535,-1.655131,0.577142,0.430445
1783945950863,46.600000,-47.814260,-11.423806,-6.895435,1.354676,8.466012,0.207587,0.261268
1783945950883,46.620000,-38.052110,-11.475917,2.329208,0.675893,3.714812,-0.120284,-0.081735
1783945950903,46.640000,-44.594280,-11.534779,-5.575264,9.675527,1.447734,-0.398043,-0.769621
1783945950923,46.660000,-37.456028,-11.600002,0.786839,4.534700,-8.355653,-0.621055,-1.900577
1783945950943,46.680000,-37.356506,-11.671205,-0.435139,0.878910,2.212583,-0.788191,-3.394571
1783945950963,46.700000,-36.029503,-11.747982,0.448692,-10.529747,-4.377165,-0.901441,-4.985751
1783945950983,46.720000,-34.254723,-11.829903,1.848293,-0.884808,0.501164,-0.965323,-6.323875
1783945951003,46.740000,-15.214652,-11.916495,21.741806,-8.633577,-3.205557,-0.986236,-7.098202
1783945951023,46.760000,-25.980783,-12.007350,11.074194,-2.149246,-4.980804,-0.971593,-7.101962
1783945951043,46.780000,-12.797343,-12.102002,24.396832,-4.401487,-7.315805,-0.929300,-6.246335
1783945951063,46.800000,-35.207565,-12.200033,2.077236,-4.335154,11.366109,-0.866954,-4.586205
1783945951083,46.820000,-16.139965,-12.300889,21.027630,-4.751588,-2.714944,-0.791578,-2.370032
1783945951103,46.840000,-19.927612,-12.404152,16.033382,11.821816,8.080644,-0.708790,-0.023865
1783945951123,46.860000,-18.132452,-12.509366,17.174623,-0.876673,-13.843278,-0.622777,1.994235
1783945951143,46.880000,-12.397270,-12.615990,20.558040,9.810844,2.960403,-0.536253,3.377775
1783945951163,46.900000,-19.794292,-12.723627,11.900349,-14.222899,0.338914,-0.450128,4.052969
1783945951183,46.920000,-22.485767,-12.831766,7.017656,3.667805,0.013774,-0.364049,4.114459
1783945951203,46.940000,-22.188595,-12.939976,4.848160,0.577552,6.757061,-0.276385,3.695455
1783945951223,46.960000,-42.969284,-13.047849,-17.864887,4.071562,3.200318,-0.184658,2.872366
1783945951243,46.980000,-30.268840,-13.154853,-7.660366,11.553894,2.531574,-0.086170,1.638408
1783945951263,47.000000,-34.474937,-13.260611,-13.489985,4.083609,6.508357,0.022001,-0.042775
1783945951283,47.020000,-25.222218,-13.364689,-5.414160,2.300360,-13.367677,0.142280,-2.120745
1783945951303,47.040000,-24.357464,-13.466689,-3.852011,3.040517,-0.355284,0.276380,-4.355770
1783945951323,47.060000,-31.627090,-13.566302,-9.422787,-16.390708,-2.988298,0.425103,-6.330862
1783945951343,47.080000,-34.897970,-13.663123,-10.946516,-1.440194,4.919202,0.587880,-7.616964
