time_ms,time_s,mixed_xF,respiration_reference,fitted_breathing_contribution,mixed_minus_fitted_breathing,direct_resp_subtract_heart,rolling_projection_heart,current_app_cleanHeart
1783943674274,0.000000,-517.926800,-529.425291,-528.637828,10.711028,-1.063036,-1.071644,-12.054839
1783943674294,0.020000,-522.428400,-524.721642,-524.090024,1.661624,-13.625003,-13.664599,-13.009557
1783943674314,0.040000,-530.162660,-519.879425,-519.458244,-10.704416,-23.371809,-23.440244,-14.304787
1783943674334,0.060000,-542.785340,-514.896047,-514.686591,-28.098749,-28.075240,-28.167001,-16.615030
1783943674354,0.080000,-523.201540,-509.768691,-509.772181,-13.429359,-27.145097,-27.255251,-20.211357
1783943674374,0.100000,-502.118070,-504.494304,-504.711884,2.593814,-22.092724,-22.218684,-24.934950
1783943674394,0.120000,-502.595400,-499.069600,-499.502315,-3.093085,-15.472403,-15.613803,-30.181475
1783943674414,0.140000,-480.749630,-493.491055,-494.139832,13.390202,-9.488588,-9.646329,-34.969807
1783943674434,0.160000,-469.159550,-487.754906,-488.620535,19.460985,-5.285094,-5.460338,-38.206080
1783943674454,0.180000,-472.657380,-481.857160,-482.940260,10.282880,-2.614936,-2.808400,-39.064070
1783943674474,0.200000,-468.416630,-475.793592,-477.094584,8.677954,-0.271818,-0.483447,-37.282494
1783943674494,0.220000,-451.983400,-469.559757,-471.078831,19.095431,2.571855,2.342935,-33.244186
1783943674514,0.240000,-435.003780,-463.151002,-464.888073,29.884293,5.561280,5.316663,-27.806776
1783943674534,0.260000,-427.977570,-456.562472,-458.517147,30.539577,7.746619,7.488481,-21.947184
1783943674554,0.280000,-429.623540,-449.789131,-451.960660,22.337120,8.491519,8.222500,-16.423557
1783943674574,0.300000,-419.335240,-442.825780,-445.213007,25.877767,7.522491,7.245618,-11.673298
1783943674594,0.320000,-414.832340,-435.667074,-438.268389,23.436049,4.495293,4.213938,-7.926979
1783943674614,0.340000,-401.154800,-428.307549,-431.120833,29.966033,-0.865148,-1.147291,-5.323588
1783943674634,0.360000,-418.765350,-420.741646,-423.764215,4.998865,-8.064688,-8.343621,-3.916813
1783943674654,0.380000,-404.913540,-412.963740,-416.192289,11.278749,-15.571364,-15.842808,-3.660421
1783943674674,0.400000,-417.415220,-404.968170,-408.398713,-9.016507,-21.296962,-21.556394,-4.452501
1783943674694,0.420000,-406.742920,-396.749277,-400.377084,-6.365836,-23.367847,-23.610536,-6.184049
1783943674714,0.440000,-400.297600,-388.301432,-392.120972,-8.176628,-20.915863,-21.136926,-8.710827
1783943674734,0.460000,-377.848080,-379.619081,-383.623958,5.775878,-14.498092,-14.692542,-11.755089
1783943674754,0.480000,-366.063960,-370.696780,-374.879675,8.815715,-5.786594,-5.949405,-14.821899
1783943674774,0.500000,-341.269650,-361.529241,-365.881852,24.612202,3.195561,3.069399,-17.214233
1783943674794,0.520000,-327.612640,-352.111369,-356.624357,29.011717,10.908939,10.824353,-18.177797
1783943674814,0.540000,-309.916380,-342.438316,-347.101249,37.184869,17.004721,16.966492,-17.129288
1783943674834,0.560000,-311.584140,-332.505520,-337.306825,25.722685,22.461062,22.473758,-13.870940
1783943674854,0.580000,-292.008540,-322.308759,-327.235676,35.227136,28.713647,28.781555,-8.707194
1783943674874,0.600000,-282.437620,-311.844198,-316.882743,34.445123,36.247896,36.374950,-2.401546
1783943674894,0.620000,-248.304020,-301.108442,-306.243373,57.939353,43.848887,44.038606,4.055535
1783943674914,0.640000,-236.247070,-290.098585,-295.313379,59.066309,49.252312,49.507726,9.795776
1783943674934,0.660000,-226.614840,-278.812265,-284.089103,57.474263,50.640888,50.964474,14.341361
1783943674954,0.680000,-224.199400,-267.247718,-272.567476,48.368076,47.619736,48.013355,17.607344
1783943674974,0.700000,-221.902800,-255.403828,-260.746088,38.843288,41.100383,41.565220,19.662600
1783943674994,0.720000,-219.036040,-243.280185,-248.623247,29.587207,32.652501,33.189009,20.473375
1783943675014,0.740000,-214.725500,-230.877134,-236.198052,21.472552,23.976866,24.584722,19.839250
1783943675034,0.760000,-221.218250,-218.195825,-223.470450,2.252200,16.586378,17.264435,17.530647
1783943675054,0.780000,-204.591300,-205.238269,-210.441307,5.850007,11.419735,12.165994,13.478894
1783943675074,0.800000,-205.430950,-192.007378,-197.112470,-8.318480,8.520941,9.332529,7.898293
1783943675094,0.820000,-187.483960,-178.507017,-183.486828,-3.997132,7.073741,7.946893,1.310565
1783943675114,0.840000,-180.421230,-164.742041,-169.568369,-10.852861,5.704361,6.634421,-5.518545
1783943675134,0.860000,-165.419480,-150.718335,-155.362237,-10.057243,2.982495,3.963929,-11.717216
1783943675154,0.880000,-165.840820,-136.442849,-140.874782,-24.966038,-2.039818,-1.013406,-16.496908
1783943675174,0.900000,-155.526060,-121.923623,-126.113604,-29.412456,-9.610499,-8.546322,-19.342730
1783943675194,0.920000,-151.430970,-107.169816,-111.087595,-40.343375,-19.333491,-18.239537,-20.136900
1783943675214,0.940000,-152.125840,-92.191721,-95.806970,-56.318870,-30.208061,-29.093027,-19.160913
1783943675234,0.960000,-149.529740,-77.000776,-80.283291,-69.246449,-40.814094,-39.687309,-16.980707
1783943675254,0.980000,-136.969760,-61.609571,-64.529489,-72.440271,-49.725405,-48.596747,-14.269795
1783943675274,1.000000,-133.434370,-46.031844,-48.559867,-84.874503,-55.730327,-54.610122,-11.621040
1783943675294,1.020000,-121.263810,-30.282476,-32.390103,-88.873707,-57.902293,-56.801202,-9.391244
1783943675314,1.040000,-103.531310,-14.377468,-16.037238,-87.494072,-55.926629,-54.855531,-7.629103
1783943675334,1.060000,-77.618970,1.666078,0.480347,-78.099317,-50.415489,-49.385354,-6.101458
1783943675354,1.080000,-59.579082,17.829997,17.142957,-76.722039,-42.794996,-41.816752,-4.378892
1783943675374,1.100000,-21.279552,34.095092,33.929632,-55.209184,-34.858933,-33.943328,-1.944876
1783943675394,1.120000,-7.897538,50.441194,50.818194,-58.715732,-28.111761,-27.269223,1.671758
1783943675414,1.140000,17.715416,66.847205,67.785316,-50.069900,-23.215245,-22.455744,6.740260
1783943675434,1.160000,34.414620,83.291169,84.806589,-50.391969,-20.020045,-19.352954,13.185787
1783943675454,1.180000,61.588814,99.750336,101.856612,-40.267798,-17.944346,-17.378308,20.534819
1783943675474,1.200000,73.553640,116.201241,118.909081,-45.355441,-16.208786,-15.751588,28.001778
1783943675494,1.220000,96.253685,132.619784,135.936890,-39.683205,-14.070255,-13.728711,34.688540
1783943675514,1.240000,114.538410,148.981317,152.912246,-38.373836,-11.258212,-11.038055,39.797047
1783943675534,1.260000,151.822560,165.260735,169.806781,-17.984221,-8.148087,-8.053872,42.788807
1783943675554,1.280000,165.622340,181.432576,186.591678,-20.969338,-5.157236,-5.192266,43.488667
1783943675574,1.300000,178.987460,197.471116,203.237801,-24.250341,-2.046121,-2.212376,42.096104
1783943675594,1.320000,200.270770,213.350477,219.715828,-19.445058,1.710960,1.412866,39.047840
1783943675614,1.340000,236.214540,229.044731,235.996387,0.218153,6.005177,5.576025,34.807476
1783943675634,1.360000,252.132230,244.528005,252.050198,0.082032,10.082343,9.524322,29.759924
1783943675654,1.380000,280.781500,259.774593,267.848214,12.933286,13.363391,12.680087,24.255950
1783943675674,1.400000,291.263120,274.759064,283.361760,7.901360,16.003653,15.200022,18.660295
1783943675694,1.420000,313.300780,289.456366,298.562674,14.738106,18.727527,17.809847,13.283359
1783943675714,1.440000,331.224670,303.841940,313.423444,17.801226,22.161869,21.137675,8.266507
1783943675734,1.460000,363.237820,317.891821,327.917342,35.320478,26.335319,25.213322,3.566923
1783943675754,1.480000,364.999450,331.582741,342.018557,22.980893,30.697483,29.487468,-0.934223
1783943675774,1.500000,400.359200,344.892230,355.702314,44.656886,34.164479,32.877194,-5.310759
1783943675794,1.520000,411.886020,357.798713,368.944998,42.941022,35.168174,33.815200,-9.548358
1783943675814,1.540000,433.537540,370.281599,381.724258,51.813282,32.322721,30.916338,-13.567912
1783943675834,1.560000,427.961000,382.321369,394.019117,33.941883,25.363267,23.916303,-17.277208
1783943675854,1.580000,432.643100,393.899661,405.810061,26.833039,15.350416,13.876097,-20.657960
1783943675874,1.600000,435.362340,404.999340,417.079125,18.283215,4.028514,2.540299,-23.867426
1783943675894,1.620000,441.119700,415.604572,427.809971,13.309729,-6.785172,-8.273745,-27.242126
1783943675914,1.640000,442.291630,425.700888,437.987949,4.303681,-15.259927,-16.735407,-31.138098
1783943675934,1.660000,446.189000,435.275236,447.600155,-1.411155,-19.514678,-20.963857,-35.710087
1783943675954,1.680000,457.954070,444.316037,456.635477,1.318593,-17.970984,-19.381054,-40.786453
1783943675974,1.700000,471.239350,452.813226,465.084624,6.154726,-9.967457,-11.326154,-45.884170
1783943675994,1.720000,481.224800,460.758282,472.940153,8.284647,3.532557,2.236810,-50.307056
1783943676014,1.740000,530.753700,468.144266,480.196481,50.557219,19.444356,18.222324,-53.264790
1783943676034,1.760000,548.470000,474.965831,486.849890,61.620110,33.366759,32.228280,-53.970303
1783943676054,1.780000,561.454160,481.219243,492.898511,68.555649,41.738069,40.691951,-51.739690
1783943676074,1.800000,558.831670,486.902380,498.342315,60.489355,43.366092,42.420026,-46.189167
1783943676094,1.820000,567.520500,492.014732,503.183079,64.337421,39.288908,38.449399,-37.527554
1783943676114,1.840000,545.099300,496.557387,507.424348,37.674952,31.780954,31.053269,-26.744009
1783943676134,1.860000,553.607700,500.533016,511.071391,42.536309,23.143536,22.531667,-15.474650
1783943676154,1.880000,544.391700,503.945842,514.131144,30.260556,14.770812,14.277461,-5.556140
1783943676174,1.900000,548.272500,506.801608,516.612148,31.660352,7.177884,6.804461,1.519924
1783943676194,1.920000,533.647460,509.107537,518.524477,15.122983,0.719799,0.466440,5.010042
1783943676214,1.940000,524.337650,510.872283,519.879663,4.457987,-4.066988,-4.201388,5.018009
1783943676234,1.960000,520.151200,512.105875,520.690614,-0.539414,-6.981609,-6.999347,2.285876
1783943676254,1.980000,526.635500,512.819661,520.971529,5.663971,-8.770882,-8.675383,-2.136622
1783943676274,2.000000,523.762200,513.026240,520.737804,3.024396,-10.791692,-10.587436,-7.131280
1783943676294,2.020000,517.517150,512.739391,520.005939,-2.488789,-13.916170,-13.608601,-11.629483
1783943676314,2.040000,503.813000,511.973999,518.793445,-14.980445,-17.825336,-17.420771,-14.730629
1783943676334,2.060000,496.909300,510.745978,517.118740,-20.209440,-21.305542,-20.811061,-15.880975
1783943676354,2.080000,491.257570,509.072183,515.001056,-23.743486,-23.105019,-22.528361,-15.004207
1783943676374,2.100000,491.744720,506.970334,512.460332,-20.715612,-22.542205,-21.891648,-12.443416
1783943676394,2.120000,482.525880,504.458919,509.517121,-26.991241,-19.618868,-18.903117,-8.729584
1783943676414,2.140000,493.075320,501.557112,506.192486,-13.117166,-14.925573,-14.153640,-4.333069
1783943676434,2.160000,484.982500,498.284678,502.507903,-17.525403,-9.407121,-8.588210,0.469612
1783943676454,2.180000,487.763800,494.661880,498.485164,-10.721364,-4.027764,-3.171159,5.589256
1783943676474,2.200000,479.401300,490.709394,494.146281,-14.744981,0.320420,1.205466,11.022541
1783943676494,2.220000,490.280700,486.448207,489.513396,0.767304,2.785880,3.690250,16.728468
1783943676514,2.240000,471.653750,481.899534,484.608687,-12.954937,2.882936,3.797740,22.555145
1783943676534,2.260000,470.075560,477.084720,479.454281,-9.378721,0.913282,1.829955,28.234985
1783943676554,2.280000,457.735000,472.025156,474.072171,-16.337171,-2.031298,-1.120923,33.410114
1783943676574,2.300000,450.989720,466.742186,468.484133,-17.494413,-4.307415,-3.411029,37.670357
1783943676594,2.320000,427.482420,461.257023,462.711646,-35.229226,-4.192059,-3.316820,40.618748
1783943676614,2.340000,433.204530,455.590667,456.775823,-23.571293,-0.925050,-0.077524,41.958290
1783943676634,2.360000,435.041630,449.763820,450.697333,-15.655703,4.392835,5.206706,41.586967
1783943676654,2.380000,441.109130,443.796811,444.496341,-3.387211,9.247302,10.022240,39.701183
1783943676674,2.400000,422.934000,437.709522,438.192439,-15.258439,11.146055,11.877464,36.842136
1783943676694,2.420000,422.456180,431.521315,431.804593,-9.348413,8.621486,9.305463,33.760315
1783943676714,2.440000,402.655700,425.250967,425.351087,-22.695387,1.451369,2.084707,31.104784
1783943676734,2.460000,397.951300,418.916609,418.849469,-20.898169,-9.224644,-8.644460,29.142736
1783943676754,2.480000,364.220520,412.535665,412.316513,-48.095993,-20.747819,-20.222632,27.694769
1783943676774,2.500000,343.414000,406.124805,405.768173,-62.354173,-29.522800,-29.053798,26.260134
1783943676794,2.520000,331.815670,399.699889,399.219549,-67.403879,-32.734693,-32.322444,24.208307
1783943676814,2.540000,344.341800,393.275934,392.684856,-48.343056,-29.927073,-29.571556,21.014126
1783943676834,2.560000,346.696350,386.867071,386.177397,-39.481047,-22.815915,-22.516559,16.554052
1783943676854,2.580000,345.978800,380.486514,379.709543,-33.730743,-13.700436,-13.456169,11.330489
1783943676874,2.600000,332.226000,374.146537,373.292713,-41.066713,-4.424082,-4.233373,6.385143
1783943676894,2.620000,359.034500,367.858452,366.937366,-7.902866,3.375844,3.514932,2.869906
1783943676914,2.640000,345.127200,361.632595,360.652992,-15.525792,8.144540,8.234302,1.575719
1783943676934,2.660000,354.849200,355.478316,354.448108,0.401092,9.212341,9.255377,2.718604
1783943676954,2.680000,328.501250,349.403974,348.330261,-19.829011,7.446027,7.445187,5.976259
1783943676974,2.700000,326.289120,343.416940,342.306035,-16.016915,4.803235,4.761571,10.593249
1783943676994,2.720000,312.747500,337.523602,336.381057,-23.633557,3.064515,2.985231,15.497386
1783943677014,2.740000,327.829100,331.729375,330.560015,-2.730915,2.897248,2.783649,19.525114
1783943677034,2.760000,311.754460,326.038718,324.846673,-13.092213,4.098714,3.954170,21.767600
1783943677054,2.780000,312.114800,320.455151,319.243895,-7.129095,6.324225,6.152137,21.855050
1783943677074,2.800000,300.850460,314.981280,313.753666,-12.903206,9.114042,8.917820,19.983030
1783943677094,2.820000,322.482100,309.618824,308.377127,14.104973,11.534585,11.317630,16.702694
1783943677114,2.840000,301.909300,304.368649,303.114599,-1.205299,12.540604,12.306289,12.682122
1783943677134,2.860000,308.862900,299.230796,297.965622,10.897278,11.766571,11.518204,8.558908
1783943677154,2.880000,290.591740,294.204526,292.928991,-2.337251,9.704871,9.445626,4.829575
1783943677174,2.900000,290.918270,289.288354,288.002796,2.915474,7.225154,6.957950,1.733280
1783943677194,2.920000,280.403780,284.480094,283.184465,-2.780685,4.946932,4.674288,-0.794520
1783943677214,2.940000,283.604950,279.776906,278.470804,5.134146,2.886797,2.610703,-3.024518
1783943677234,2.960000,266.017760,275.175340,273.858049,-7.840289,0.504908,0.226828,-5.250016
1783943677254,2.980000,277.419280,270.671385,269.341908,8.077372,-3.060819,-3.339677,-7.640282
1783943677274,3.000000,261.586550,266.260520,264.929017,-3.342467,-8.472778,-8.750947,-10.189418
1783943677294,3.020000,259.214000,261.937767,260.592547,-1.378547,-15.370687,-15.646108,-12.751023
1783943677314,3.040000,229.718580,257.697737,256.337048,-26.618468,-22.075794,-22.346010,-15.137539
1783943677334,3.060000,237.036160,253.534692,252.156635,-15.120475,-26.403425,-26.666035,-17.249376
1783943677354,3.080000,217.469180,249.442588,248.045157,-30.575977,-26.927730,-27.180698,-19.143015
1783943677374,3.100000,241.015840,245.415137,243.996241,-2.980401,-23.691904,-23.933639,-20.946804
1783943677394,3.120000,237.974300,241.445854,240.003345,-2.029045,-17.845536,-18.074834,-22.656141
1783943677414,3.140000,242.268550,237.528112,236.059816,6.208734,-10.548517,-10.764466,-23.979017
1783943677434,3.160000,242.288060,233.655192,232.158930,10.129130,-2.327191,-2.529079,-24.393875
1783943677454,3.180000,251.430200,229.820336,228.293952,23.136248,6.631026,6.443763,-23.399065
1783943677474,3.200000,244.359770,226.016791,224.458173,19.901597,15.807139,15.634940,-20.772848
1783943677494,3.220000,269.752140,222.237861,220.644964,49.107176,23.815544,23.658732,-16.671625
1783943677514,3.240000,267.197020,218.476946,216.847813,50.349207,28.657553,28.516326,-11.531016
1783943677534,3.260000,267.715760,214.727586,213.060369,54.655391,28.901908,28.776335,-5.885166
1783943677554,3.280000,254.279300,210.983503,209.276474,45.002826,24.664671,24.554692,-0.260143
1783943677574,3.300000,246.543850,207.238628,205.490205,41.053645,17.610133,17.515557,4.800996
1783943677594,3.320000,222.090940,203.487143,201.695897,20.395043,10.177808,10.098323,8.669923
1783943677614,3.340000,230.655900,199.723501,197.888172,32.767728,4.490757,4.425933,10.670615
1783943677634,3.360000,213.464450,195.942459,194.061965,19.402485,1.689712,1.639011,10.275672
1783943677654,3.380000,219.065280,192.139091,190.212537,28.852743,2.008544,1.971326,7.355452
1783943677674,3.400000,197.734760,188.308812,186.335499,11.399261,4.880540,4.856070,2.305722
1783943677694,3.420000,227.672590,184.447387,182.426816,45.245774,8.787982,8.775438,-4.035048
1783943677714,3.440000,205.060530,180.550944,178.482819,26.577711,11.654705,11.653184,-10.603389
1783943677734,3.460000,216.283680,176.615979,174.500206,41.783474,11.854659,11.863185,-16.343843
1783943677754,3.480000,191.358100,172.639357,170.476048,20.882052,8.823429,8.840962,-20.429245
1783943677774,3.500000,201.830020,168.618312,166.407779,35.422241,3.058475,3.083917,-22.458963
1783943677794,3.520000,164.797100,164.550445,162.293196,2.503904,-4.028809,-3.996600,-22.553154
1783943677814,3.540000,169.795820,160.433707,158.130444,11.665376,-10.548208,-10.510412,-21.275232
1783943677834,3.560000,150.442840,156.266400,153.918005,-3.475165,-14.872210,-14.830034,-19.417625
1783943677854,3.580000,153.149260,152.047152,149.654685,3.494575,-16.073476,-16.028144,-17.732935
1783943677874,3.600000,133.699130,147.774905,145.339592,-11.640462,-14.026205,-13.978944,-16.695276
1783943677894,3.620000,154.052860,143.448895,140.972116,13.080744,-9.511646,-9.463677,-16.375175
1783943677914,3.640000,139.734680,139.068631,136.551910,3.182770,-3.958268,-3.910795,-16.459711
1783943677934,3.660000,152.493410,134.633867,132.078860,20.414550,1.329645,1.375447,-16.382400
1783943677954,3.680000,136.061340,130.144579,127.553062,8.508278,5.793756,5.836762,-15.519099
1783943677974,3.700000,148.077640,125.600937,122.974793,25.102847,9.717655,9.756797,-13.411720
1783943677994,3.720000,115.083620,121.003274,118.344481,-3.260861,13.780085,13.814371,-9.949265
1783943678014,3.740000,143.831180,116.352058,113.662677,30.168503,18.112571,18.141100,-5.421650
1783943678034,3.760000,130.735470,111.647859,108.930022,21.805448,21.818051,21.840023,-0.398424
1783943678054,3.780000,133.322750,106.891316,104.147214,29.175536,23.726944,23.741661,4.516726
1783943678074,3.800000,107.677800,102.083104,99.314980,8.362820,23.224442,23.231299,8.885777
1783943678094,3.820000,125.952440,97.223903,94.434041,31.518399,20.226589,20.225057,12.454797
1783943678114,3.840000,89.716370,92.314363,89.505080,0.211290,15.151519,15.141125,15.051488
1783943678134,3.860000,89.202545,87.355073,84.528717,4.673828,9.062590,9.042930,16.515350
1783943678154,3.880000,57.692055,82.346526,79.506422,-21.814367,3.150918,3.121709,16.699150
1783943678174,3.900000,73.530975,77.289093,74.437641,-0.906666,-2.077257,-2.116112,15.500144
1783943678194,3.920000,51.182705,72.182990,69.322609,-18.139904,-6.686570,-6.734925,12.939060
1783943678214,3.940000,43.389763,67.028252,64.161379,-20.771616,-10.384968,-10.442434,9.273398
1783943678234,3.960000,20.831955,61.824705,58.953800,-38.121845,-12.250634,-12.316600,5.007292
1783943678254,3.980000,30.731895,56.571949,53.699499,-22.967604,-11.521149,-11.594806,0.735246
1783943678274,4.000000,11.525336,51.269333,48.397859,-36.872523,-8.343179,-8.423548,-3.036669
1783943678294,4.020000,26.464685,45.915937,43.048005,-16.583320,-3.895589,-3.981529,-5.938219
1783943678314,4.040000,13.504924,40.510565,37.648796,-24.143872,-0.050713,-0.140933,-7.677741
1783943678334,4.060000,25.045227,35.051727,32.198811,-7.153584,1.365245,1.272179,-8.009946
1783943678354,4.080000,-0.436137,29.537639,26.696349,-27.132486,-0.573295,-0.667633,-6.790798
1783943678374,4.100000,2.262280,23.966214,21.139426,-18.877146,-5.508182,-5.602092,-4.088733
1783943678394,4.120000,-29.416431,18.335071,15.525779,-44.942210,-12.127535,-12.219202,-0.281460
1783943678414,4.140000,-19.991207,12.641535,9.852872,-29.844079,-18.863720,-18.951228,3.949875
1783943678434,4.160000,-47.836360,6.882649,4.117906,-51.954266,-24.368041,-24.449396,7.781085
1783943678454,4.180000,-46.949234,1.055187,-1.682161,-45.267073,-27.675106,-27.748253,10.498706
1783943678474,4.200000,-64.534256,-4.844325,-7.550603,-56.983653,-28.491820,-28.554667,11.706871
1783943678494,4.220000,-42.875560,-10.819590,-13.490896,-29.384664,-27.369227,-27.419672,11.408788
1783943678514,4.240000,-69.910126,-16.874509,-19.506695,-50.403431,-25.162678,-25.198631,9.983323
1783943678534,4.260000,-50.385290,-23.013156,-25.601801,-24.783489,-22.296427,-22.315841,8.078458
1783943678554,4.280000,-76.889830,-29.239736,-31.780132,-45.109698,-18.650849,-18.651745,6.416121
1783943678574,4.300000,-60.894962,-35.558551,-38.045679,-22.849283,-14.073590,-14.054090,5.554269
1783943678594,4.320000,-66.013520,-41.973960,-44.402471,-21.611049,-8.970308,-8.928662,5.734438
1783943678614,4.340000,-59.916588,-48.490327,-50.854529,-9.062059,-4.329564,-4.264182,6.902773
1783943678634,4.360000,-68.627080,-55.111983,-57.405825,-11.221255,-1.295831,-1.205315,8.837541
1783943678654,4.380000,-59.420620,-61.843167,-64.060230,4.639610,-0.793337,-0.676507,11.254903
1783943678674,4.400000,-86.467320,-68.687981,-70.821469,-15.645851,-3.257845,-3.113772,13.834201
1783943678694,4.420000,-76.257805,-75.650333,-77.693072,1.435267,-8.603138,-8.431172,16.193848
1783943678714,4.440000,-99.695750,-82.733883,-84.678322,-15.017428,-16.285912,-16.085705,17.893316
1783943678734,4.460000,-97.510910,-89.941990,-91.780205,-5.730705,-25.026765,-24.798297,18.500257
1783943678754,4.480000,-136.275680,-97.277653,-99.001363,-37.274317,-32.615174,-32.358776,17.688509
1783943678774,4.500000,-126.856735,-104.743460,-106.344041,-20.512694,-36.582937,-36.299304,15.298614
1783943678794,4.520000,-147.749240,-112.341530,-113.810040,-33.939200,-35.402655,-35.092864,11.353524
1783943678814,4.540000,-121.739290,-120.073465,-121.400673,-0.338617,-29.113887,-28.779401,6.102123
1783943678834,4.560000,-132.887480,-127.940292,-129.116719,-3.770761,-18.906130,-18.548807,0.107645
1783943678854,4.580000,-114.113080,-135.942419,-136.958377,22.845297,-6.213436,-5.835527,-5.735937
1783943678874,4.600000,-125.419945,-144.079587,-144.925236,19.505291,7.740678,8.136539,-10.379172
1783943678894,4.620000,-101.100860,-152.350826,-153.016231,51.915371,21.701815,22.112622,-12.936127
1783943678914,4.640000,-109.853806,-160.754421,-161.229615,51.375809,34.072907,34.495302,-12.959651
1783943678934,4.660000,-92.868600,-169.287870,-169.562930,76.694330,43.022746,43.453044,-10.530293
1783943678954,4.680000,-99.308700,-177.947863,-178.012988,78.704288,47.043008,47.477232,-6.169087
1783943678974,4.700000,-97.873460,-186.730250,-186.575849,88.702389,45.878442,46.312360,-0.677662
1783943678994,4.720000,-136.279860,-195.630031,-195.246809,58.966949,41.144724,41.573894,4.994062
1783943679014,4.740000,-130.497500,-204.641339,-204.020396,73.522896,35.701532,36.121351,9.819760
1783943679034,4.760000,-175.282670,-213.757440,-212.890365,37.607695,32.057564,32.463325,12.769465
1783943679054,4.780000,-145.199260,-222.970730,-221.849705,76.650445,30.964352,31.351305,12.980401
1783943679074,4.800000,-171.671600,-232.272746,-230.890649,59.219049,31.352317,31.715730,10.045136
1783943679094,4.820000,-168.874190,-241.654182,-240.004686,71.130496,31.690565,32.025791,4.259080
1783943679114,4.840000,-195.665500,-251.104913,-249.182587,53.517087,31.208539,31.511083,-3.405388
1783943679134,4.860000,-195.342440,-260.614021,-258.414430,63.071990,30.013719,30.279308,-11.644858
1783943679154,4.880000,-226.628590,-270.169834,-267.689628,41.061038,28.590421,28.815069,-19.283766
1783943679174,4.900000,-214.555180,-279.759970,-276.996973,62.441793,27.256039,27.436118,-25.568354
1783943679194,4.920000,-248.995510,-289.371381,-286.324670,37.329160,26.010600,26.142898,-30.187560
1783943679214,4.940000,-242.317110,-298.990413,-295.660389,53.343279,24.756724,24.838508,-33.129944
1783943679234,4.960000,-279.163540,-308.602863,-304.991312,25.827772,23.374504,23.403570,-34.535343
1783943679254,4.980000,-270.654570,-318.194047,-314.304185,43.649615,21.527634,21.502358,-34.617780
1783943679274,5.000000,-304.775050,-327.748867,-323.585380,18.810330,18.566702,18.486075,-33.635044
1783943679294,5.020000,-300.765750,-337.251887,-332.820951,32.055201,13.788198,13.651864,-31.851334
1783943679314,5.040000,-339.464000,-346.687411,-341.996699,2.532699,6.899238,6.707509,-29.496780
1783943679334,5.060000,-341.914900,-356.039559,-351.098235,9.183335,-1.637404,-1.883531,-26.762903
1783943679354,5.080000,-383.948030,-365.292353,-360.111047,-23.836983,-10.583537,-10.882381,-23.837265
1783943679374,5.100000,-381.047800,-374.429799,-369.020571,-12.027229,-18.193219,-18.542422,-20.930668
1783943679394,5.120000,-429.682430,-383.435972,-377.812254,-51.870176,-22.677571,-23.074119,-18.254263
1783943679414,5.140000,-416.956900,-392.295097,-386.471627,-30.485273,-22.972552,-23.412802,-15.955434
1783943679434,5.160000,-440.461670,-400.991637,-394.984373,-45.477297,-19.443140,-19.922864,-14.037908
1783943679454,5.180000,-423.585750,-409.510372,-403.336397,-20.249353,-13.688240,-14.202674,-12.282974
1783943679474,5.200000,-456.844120,-417.836477,-411.513887,-45.330233,-7.638462,-8.182363,-10.227090
1783943679494,5.220000,-432.098630,-425.955605,-419.503388,-12.595242,-2.880098,-3.447812,-7.273507
1783943679514,5.240000,-471.867860,-433.853956,-427.291861,-44.575999,-0.349180,-0.934719,-2.927680
1783943679534,5.260000,-456.918670,-441.518348,-434.866746,-22.051924,-0.253018,-0.850138,2.969045
1783943679554,5.280000,-488.152770,-448.936283,-442.216022,-45.936748,-2.263593,-2.865881,10.138114
1783943679574,5.300000,-485.701350,-456.096008,-449.328261,-36.373089,-5.740290,-6.341253,17.927130
1783943679594,5.320000,-517.514100,-462.986571,-456.192685,-61.321415,-9.973140,-10.566294,25.481659
1783943679614,5.340000,-501.276180,-469.597866,-462.799208,-38.476972,-14.438694,-15.017659,31.957214
1783943679634,5.360000,-547.455260,-475.920684,-469.138489,-78.316771,-18.753011,-19.311601,36.711422
1783943679654,5.380000,-531.210270,-481.946741,-475.201963,-56.008307,-22.666015,-23.198325,39.416462
1783943679674,5.400000,-555.226500,-487.668714,-480.981884,-74.244616,-26.255910,-26.756400,40.073780
1783943679694,5.420000,-548.479500,-493.080259,-486.471349,-62.008151,-29.656141,-30.119719,38.966553
1783943679714,5.440000,-581.476600,-498.176027,-491.664325,-89.812275,-32.585010,-33.007101,36.579235
1783943679734,5.460000,-563.379000,-502.951672,-496.555663,-66.823337,-34.501241,-34.877857,33.478104
1783943679754,5.480000,-591.541930,-507.403846,-501.141114,-90.400816,-35.071023,-35.398814,30.172485
1783943679774,5.500000,-569.118300,-511.530198,-505.417328,-63.700972,-34.344202,-34.620508,27.035013
1783943679794,5.520000,-594.422100,-515.329348,-509.381858,-85.040242,-32.675394,-32.898278,24.318075
1783943679814,5.540000,-573.455440,-518.800869,-513.033143,-60.422297,-30.627621,-30.795896,22.198471
1783943679834,5.560000,-591.099240,-521.945253,-516.370500,-74.728740,-28.925443,-29.038686,20.784185
1783943679854,5.580000,-562.356800,-524.763872,-519.394092,-42.962708,-28.169886,-28.228437,20.101683
1783943679874,5.600000,-600.480000,-527.258933,-522.104906,-78.375094,-28.318862,-28.323816,20.092255
1783943679894,5.620000,-569.681200,-529.433421,-524.504707,-45.176493,-28.685085,-28.638269,20.597694
1783943679914,5.640000,-593.830570,-531.291047,-526.596003,-67.234567,-28.524091,-28.428038,21.338057
1783943679934,5.660000,-570.566160,-532.836178,-528.381986,-42.184174,-27.432068,-27.289984,21.939692
1783943679954,5.680000,-579.235400,-534.073769,-529.866482,-49.368918,-25.343216,-25.158947,22.045784
1783943679974,5.700000,-557.988160,-535.009290,-531.053885,-26.934275,-22.230285,-22.008283,21.452333
1783943679994,5.720000,-576.256100,-535.648649,-531.949092,-44.307008,-17.801758,-17.547032,20.165482
1783943680014,5.740000,-538.417850,-535.998107,-532.557433,-5.860417,-11.657465,-11.375514,18.348166
1783943680034,5.760000,-558.959840,-536.064202,-532.884592,-26.075248,-3.648705,-3.345406,16.220953
1783943680054,5.780000,-514.522340,-535.853657,-532.936530,18.414190,5.916782,6.235354,13.991782
1783943680074,5.800000,-523.409100,-535.373302,-532.719407,9.310307,16.293341,16.621146,11.844882
1783943680094,5.820000,-484.390720,-534.629983,-532.239496,47.848776,26.683610,27.014902,9.956792
1783943680114,5.840000,-497.942800,-533.630484,-531.503103,33.560303,36.669145,36.998629,8.483032
1783943680134,5.860000,-462.031430,-532.381438,-530.516482,68.485052,46.147520,46.470254,7.495903
1783943680154,5.880000,-474.339940,-530.889256,-529.285755,54.945815,54.824179,55.135029,6.907687
1783943680174,5.900000,-433.733460,-529.160044,-527.816833,94.083373,61.774272,62.066851,6.453499
1783943680194,5.920000,-447.659120,-527.199536,-526.115339,78.456219,65.564665,65.829960,5.773916
1783943680214,5.940000,-420.362300,-525.013025,-524.186532,103.824232,64.898992,65.124369,4.538537
1783943680234,5.960000,-447.982670,-522.605301,-522.035242,74.052572,59.202401,59.372215,2.507357
1783943680254,5.980000,-425.017330,-519.980600,-519.665805,94.648475,48.788885,48.888236,-0.504607
1783943680274,6.000000,-464.220920,-517.142549,-516.944114,52.723194,34.791722,34.812643,-4.691620
1783943680294,6.020000,-446.604340,-514.094128,-514.150666,67.546326,18.979573,18.924331,-10.263510
1783943680314,6.040000,-485.097930,-510.837631,-511.148672,26.050742,3.436754,3.314479,-17.372620
1783943680334,6.060000,-466.464100,-507.374642,-507.939965,41.475865,-9.779610,-9.959083,-26.002367
1783943680354,6.080000,-506.346370,-503.706009,-504.525656,-1.820714,-19.049690,-19.279448,-35.874350
1783943680374,6.100000,-469.248900,-499.831835,-500.906108,31.657208,-23.722483,-23.998974,-46.412273
1783943680394,6.120000,-489.870120,-495.751466,-497.080919,7.210799,-24.230391,-24.552266,-56.761340
1783943680414,6.140000,-459.081730,-491.463495,-493.048913,33.967183,-21.444315,-21.810925,-65.853390
1783943680434,6.160000,-481.425230,-486.965768,-488.808131,7.382901,-16.074747,-16.484976,-72.549965
1783943680454,6.180000,-445.037080,-482.255400,-484.355839,39.318759,-8.869748,-9.321391,-75.884010
1783943680474,6.200000,-450.375600,-477.328792,-479.688538,29.312938,-1.082417,-1.572020,-75.307090
1783943680494,6.220000,-419.322880,-472.181664,-474.801978,55.479098,5.655215,5.132254,-70.791405
1783943680514,6.240000,-436.801030,-466.809088,-469.691185,32.890155,9.870106,9.319329,-62.765620
1783943680534,6.260000,-402.071840,-461.205527,-464.350493,62.278653,10.574530,10.002223,-51.999740
1783943680554,6.280000,-425.860200,-455.364886,-458.773579,32.913379,7.522524,6.935573,-39.510440
1783943680574,6.300000,-403.530120,-449.280562,-452.953511,49.423391,1.581499,0.987300,-26.460464
1783943680594,6.320000,-432.428770,-442.945505,-446.882798,14.454028,-5.205389,-5.798996,-14.028350
1783943680614,6.340000,-416.302430,-436.352282,-440.553447,24.251017,-10.198822,-10.783600,-3.275341
1783943680634,6.360000,-441.090270,-429.493147,-433.957026,-7.133244,-11.340767,-11.908143,4.970801
1783943680654,6.380000,-385.756040,-422.360112,-427.084736,41.328696,-8.168500,-8.709642,10.248079
1783943680674,6.400000,-420.387270,-414.945030,-419.927482,-0.459788,-1.623762,-2.129662,12.615399
1783943680694,6.420000,-373.772200,-407.239672,-412.475958,38.703758,6.753879,6.292298,12.715054
1783943680714,6.440000,-385.273500,-399.235813,-404.720726,19.447226,15.137775,14.729552,11.616783
1783943680734,6.460000,-346.822700,-390.925323,-396.652309,49.829609,21.703752,21.357770,10.486834
1783943680754,6.480000,-361.452600,-382.300251,-388.261283,26.808683,25.308750,25.033615,10.261204
1783943680774,6.500000,-331.191160,-373.352923,-379.538373,48.347213,26.029026,25.832945,11.449196
1783943680794,6.520000,-358.930600,-364.076030,-370.474555,11.543955,25.127092,25.017750,14.056806
1783943680814,6.540000,-329.040220,-354.462722,-361.061159,32.020939,24.273027,24.257464,17.605532
1783943680834,6.560000,-343.745500,-344.506702,-351.289970,7.544470,24.440276,24.524767,21.279488
1783943680854,6.580000,-308.601800,-334.202322,-341.153339,32.551539,25.374578,25.564516,24.202484
1783943680874,6.600000,-324.044370,-323.544666,-330.644289,6.599919,25.919501,26.219284,25.750448
1783943680894,6.620000,-296.197700,-312.529650,-319.756623,23.558923,24.669997,25.082924,25.740232
1783943680914,6.640000,-314.362500,-301.154100,-308.485031,-5.877469,20.425224,20.953400,24.392874
1783943680934,6.660000,-281.286160,-289.415839,-296.825197,15.539037,12.535191,13.179445,22.132349
1783943680954,6.680000,-325.270940,-277.313768,-284.773900,-40.497040,1.283888,2.043701,19.367094
1783943680974,6.700000,-288.924700,-264.847939,-272.329117,-16.595583,-12.156489,-11.283039,16.341557
1783943680994,6.720000,-324.771480,-252.019623,-259.490120,-65.281360,-26.156557,-25.172833,13.088085
1783943681014,6.740000,-296.779420,-238.831375,-246.257566,-50.521854,-38.837554,-37.748380,9.492449
1783943681034,6.760000,-331.208860,-225.287090,-232.633582,-98.575278,-48.302203,-47.113871,5.437703
1783943681054,6.780000,-283.202850,-211.392051,-218.621843,-64.581007,-53.193487,-51.913741,0.945318
1783943681074,6.800000,-304.818180,-197.152972,-204.227646,-100.590534,-53.000385,-51.638383,-3.738138
1783943681094,6.820000,-261.125600,-182.578028,-189.457963,-71.667637,-47.956343,-46.522598,-8.115087
1783943681114,6.840000,-263.100800,-167.676881,-174.321498,-88.779302,-39.089400,-37.595686,-11.492986
1783943681134,6.860000,-210.674360,-152.460692,-158.828726,-51.845634,-28.318724,-26.777954,-13.130849
1783943681154,6.880000,-202.272770,-136.942128,-142.991640,-59.281130,-18.008869,-16.434932,-12.413281
1783943681174,6.900000,-164.049200,-121.135357,-126.824877,-37.224323,-10.081817,-8.489413,-8.986115
1783943681194,6.920000,-164.227140,-105.056035,-110.344335,-53.882805,-5.456809,-3.861285,-2.866538
1783943681214,6.940000,-118.681570,-88.721283,-93.567719,-25.113851,-4.106119,-2.523319,5.466954
1783943681234,6.960000,-130.932330,-72.149651,-76.514519,-54.417811,-5.220569,-3.666675,15.080986
1783943681254,6.980000,-87.460570,-55.361079,-59.205979,-28.254591,-7.358960,-5.850320,24.743706
1783943681274,7.000000,-107.565704,-38.376847,-41.665042,-65.900662,-8.948653,-7.501587,33.175438
1783943681294,7.020000,-48.255806,-21.219512,-23.916294,-24.339512,-9.053242,-7.683833,39.293835
1783943681314,7.040000,-64.754940,-3.912843,-5.985886,-58.769054,-7.793146,-6.517031,42.411373
1783943681334,7.060000,-1.271408,13.518257,12.098552,-13.369960,-6.083838,-4.915986,42.368970
1783943681354,7.080000,-17.811888,31.047838,30.308008,-48.119896,-4.963409,-3.917914,39.552310
1783943681374,7.100000,34.687557,48.648986,48.612205,-13.924648,-5.000396,-4.090276,34.745270
1783943681394,7.120000,17.078493,66.293931,66.979719,-49.901226,-6.221425,-5.458430,28.856323
1783943681414,7.140000,69.597290,83.954144,85.378116,-15.780826,-8.522405,-7.916846,22.642470
1783943681434,7.160000,55.540268,101.600449,103.774091,-48.233823,-12.043438,-11.604026,16.558699
1783943681454,7.180000,111.612946,119.203142,122.133622,-10.520676,-17.055657,-16.789368,10.778501
1783943681474,7.200000,109.875970,136.732105,140.422127,-30.546157,-23.090689,-23.002650,5.333819
1783943681494,7.220000,108.550095,154.156931,158.604632,-50.054537,-28.106478,-28.199875,0.238913
1783943681514,7.240000,119.308334,171.447052,176.645943,-57.337609,-29.596703,-29.872715,-4.530323
1783943681534,7.260000,182.083470,188.571868,194.510813,-12.427343,-26.868434,-27.326200,-9.115928
1783943681554,7.280000,182.327910,205.500876,212.164130,-29.836220,-21.272379,-21.908987,-13.680148
1783943681574,7.300000,231.478590,222.203799,229.571088,1.907502,-14.471753,-15.282264,-18.131641
1783943681594,7.320000,230.240450,238.650725,246.697366,-16.456916,-7.328300,-8.305796,-21.994558
1783943681614,7.340000,285.455200,254.812227,263.509307,21.945893,0.027353,-1.108310,-24.629457
1783943681634,7.360000,277.911160,270.659503,279.974090,-2.062930,7.752520,6.469299,-25.600515
1783943681654,7.380000,334.305630,286.164493,296.059895,38.245735,15.762722,14.344214,-24.873503
1783943681674,7.400000,332.528700,301.300006,311.736069,20.792631,23.266854,21.726834,-22.779710
1783943681694,7.420000,396.943360,316.039840,326.973275,69.970085,28.922662,27.276235,-19.847227
1783943681714,7.440000,378.843000,330.358892,341.743639,37.099361,31.791712,30.055110,-16.608488
1783943681734,7.460000,428.262300,344.233270,356.020884,72.241416,32.244825,30.435203,-13.490734
1783943681754,7.480000,405.786400,357.640390,369.780453,36.005947,31.947585,30.082793,-10.843791
1783943681774,7.500000,445.289200,370.559072,382.999615,62.289585,32.927603,31.025958,-9.035412
1783943681794,7.520000,437.944700,382.969628,395.657570,42.287130,36.254776,34.334822,-8.473418
1783943681814,7.540000,489.630370,394.853937,407.735524,81.894846,41.256782,39.337058,-9.476886
1783943681834,7.560000,478.257700,406.195515,419.216762,59.040938,45.919694,44.018498,-12.068315
1783943681854,7.580000,526.973000,416.979576,430.086702,96.886298,48.066420,46.201581,-15.854477
1783943681874,7.600000,501.105220,427.193078,440.332933,60.772287,46.536129,44.724793,-20.119299
1783943681894,7.620000,532.497700,436.824772,449.945240,82.552460,41.749635,40.008062,-24.108315
1783943681914,7.640000,505.968870,445.865222,458.915618,47.053252,35.380015,33.723391,-27.342056
1783943681934,7.660000,527.675100,454.306835,467.238261,60.436839,29.437618,27.879889,-29.776545
1783943681954,7.680000,502.689580,462.143864,474.909550,27.780030,25.153008,23.706736,-31.739386
1783943681974,7.700000,546.946170,469.372413,481.928020,65.018150,22.212217,20.888452,-33.687366
1783943681994,7.720000,520.591800,475.990430,488.294316,32.297484,19.194970,18.003156,-35.902966
1783943682014,7.740000,547.290340,481.997681,494.011143,53.279197,14.935028,13.882931,-38.290916
1783943682034,7.760000,512.062200,487.395730,499.083194,12.979006,9.406544,8.500200,-40.411236
1783943682054,7.780000,536.855470,492.187901,503.517083,33.338387,3.538694,2.782388,-41.736027
1783943682074,7.800000,503.514220,496.379231,507.321255,-3.807035,-1.511011,-2.114739,-41.934120
1783943682094,7.820000,527.162200,499.976420,510.505899,16.656301,-5.059023,-5.509353,-40.978283
1783943682114,7.840000,506.022060,502.987772,513.082852,-7.060792,-7.273551,-7.571333,-39.047127
1783943682134,7.860000,534.074300,505.423128,515.065492,19.008808,-8.891234,-9.038918,-36.336500
1783943682154,7.880000,501.303600,507.293791,516.468635,-15.165035,-10.385853,-10.387395,-32.915604
1783943682174,7.900000,515.128540,508.612456,517.308422,-2.179882,-11.551130,-11.411889,-28.723910
1783943682194,7.920000,495.527920,509.393119,517.602208,-22.074288,-12.036018,-11.762631,-23.703577
1783943682214,7.940000,517.927100,509.650994,517.368447,0.558653,-11.972144,-11.572393,-17.931503
1783943682234,7.960000,481.955400,509.402425,516.626577,-34.671177,-11.998929,-11.481594,-11.623343
1783943682254,7.980000,515.458500,508.664788,515.396903,0.061597,-13.094651,-12.469363,-5.039432
1783943682274,8.000000,472.853760,507.456398,513.700488,-40.846728,-16.331122,-15.608205,1.591702
1783943682294,8.020000,503.383800,505.796411,511.559035,-8.175235,-22.322858,-21.513171,8.082100
1783943682314,8.040000,455.384340,503.704728,508.994781,-53.610441,-30.569300,-29.684081,14.259155
1783943682334,8.060000,464.611270,501.201893,506.030388,-41.419118,-39.206171,-38.256886,19.928038
1783943682354,8.080000,422.950260,498.308994,502.688839,-79.738579,-45.698892,-44.697079,24.825983
1783943682374,8.100000,445.350370,495.047571,498.993336,-53.642966,-48.126826,-47.083961,28.628347
1783943682394,8.120000,419.255070,491.439512,494.967206,-75.712136,-45.970810,-44.898170,31.072378
1783943682414,8.140000,449.828600,487.506962,490.633808,-40.805208,-39.920364,-38.828905,32.164207
1783943682434,8.160000,425.410460,483.272232,486.016445,-60.605985,-31.099575,-29.999822,32.318493
1783943682454,8.180000,456.552550,478.757702,481.138280,-24.585730,-20.396757,-19.298707,32.291195
1783943682474,8.200000,422.881840,473.985743,476.022260,-53.140420,-8.435055,-7.348087,32.915745
1783943682494,8.220000,469.519960,468.978624,470.691038,-1.171078,3.813657,4.880850,34.792340
1783943682514,8.240000,443.891600,463.758436,465.166907,-21.275307,14.627970,15.667438,38.110058
1783943682534,8.260000,478.872200,458.347013,459.471734,19.400466,22.021026,23.025611,42.670216
1783943682554,8.280000,442.684230,452.765857,453.626897,-10.942667,24.584332,25.547695,48.015625
1783943682574,8.300000,466.314330,447.036068,447.653231,18.661099,21.975431,22.892071,53.523884
1783943682594,8.320000,421.072140,441.178278,441.570973,-20.498833,14.964199,15.829461,58.431440
1783943682614,8.340000,433.398650,435.212588,435.399716,-2.001066,5.140780,5.950845,61.870210
1783943682634,8.360000,390.547500,429.158507,429.158362,-38.610862,-5.609171,-4.857301,62.984802
1783943682654,8.380000,403.933780,423.034902,422.865082,-18.931302,-15.563476,-14.872005,61.117847
1783943682674,8.400000,357.259200,416.859941,416.537282,-59.278082,-23.422211,-22.792587,55.996403
1783943682694,8.420000,386.420040,410.651054,410.191564,-23.771524,-28.472040,-27.904995,47.843887
1783943682714,8.440000,343.688100,404.424884,403.843702,-60.155602,-30.486204,-29.981810,37.379300
1783943682734,8.460000,366.202880,398.197256,397.508614,-31.305734,-29.460561,-29.018283,25.700735
1783943682754,8.480000,343.789580,391.983137,391.200339,-47.410759,-25.610311,-25.229072,14.079520
1783943682774,8.500000,365.504100,385.796614,384.932020,-19.427920,-19.414656,-19.092898,3.727574
1783943682794,8.520000,342.177670,379.650863,378.715886,-36.538216,-11.549251,-11.285005,-4.394768
1783943682814,8.540000,378.009400,373.558134,372.563244,5.446156,-2.903549,-2.694502,-9.691401
1783943682834,8.560000,350.301940,367.529728,366.484462,-16.182522,5.548894,5.705332,-11.963094
1783943682854,8.580000,386.378270,361.575990,360.488968,25.889302,13.104915,13.211543,-11.379729
1783943682874,8.600000,349.290470,355.706295,354.585243,-5.294773,19.521153,19.580914,-8.417612
1783943682894,8.620000,390.763000,349.929041,348.780816,41.982184,24.878830,24.894753,-3.789099
1783943682914,8.640000,346.814100,344.251648,343.082267,3.731833,29.333078,29.308217,1.642346
1783943682934,8.660000,387.700000,338.680557,337.495226,50.204774,32.879062,32.816443,6.980985
1783943682954,8.680000,346.068940,333.221226,332.024376,14.044564,35.185434,35.088008,11.434384
1783943682974,8.700000,380.266480,327.878139,326.673457,53.593023,35.643068,35.513667,14.424526
1783943682994,8.720000,340.025940,322.654809,321.445273,18.580667,33.635763,33.477061,15.642201
1783943683014,8.740000,363.466500,317.553786,316.341697,47.124803,28.912188,28.726672,15.035232
1783943683034,8.760000,320.063170,312.576665,311.363679,8.699491,21.879949,21.669898,12.738513
1783943683054,8.780000,341.229130,307.724098,306.511259,34.717871,13.705309,13.472784,8.981046
1783943683074,8.800000,287.099150,302.995805,301.783574,-14.684424,6.149491,5.896332,4.013224
1783943683094,8.820000,308.982240,298.390586,297.178872,11.803368,0.888577,0.616416,-1.927795
1783943683114,8.840000,282.308900,293.906339,292.694524,-10.385624,-1.342855,-1.632589,-8.598045
1783943683134,8.860000,302.242250,289.540078,288.327043,13.915207,-0.830436,-1.136508,-15.660333
1783943683154,8.880000,274.905270,285.287946,284.072096,-9.166826,1.741227,1.419833,-22.589582
1783943683174,8.900000,297.783750,281.145237,279.924526,17.859224,5.722468,5.386506,-28.683264
1783943683194,8.920000,269.031130,277.106420,275.878370,-6.847240,10.482399,10.132282,-33.221670
1783943683214,8.940000,300.849980,273.165157,271.926881,28.923099,15.223850,14.859598,-35.679123
1783943683234,8.960000,271.550380,269.314331,268.062553,3.487827,19.008585,18.629848,-35.846104
1783943683254,8.980000,298.760960,265.546070,264.277145,34.483815,21.091038,20.697325,-33.829334
1783943683274,9.000000,262.783300,261.851775,260.569700,2.213600,21.220413,20.811483,-29.992250
1783943683294,9.020000,287.630200,258.222151,256.915755,30.714445,19.652742,19.228895,-24.893692
1783943683314,9.040000,243.961760,254.647233,253.311844,-9.350084,16.888113,16.450120,-19.229208
1783943683334,9.060000,278.068730,251.116425,249.747091,28.321639,13.329488,12.878325,-13.742999
1783943683354,9.080000,232.793880,247.618528,246.210047,-13.416167,9.249239,8.785917,-9.095760
1783943683374,9.100000,253.835050,244.141785,242.688728,11.146322,4.998511,4.524048,-5.734230
1783943683394,9.120000,211.513080,240.673909,239.170657,-27.657577,0.865528,0.381022,-3.837212
1783943683414,9.140000,231.875800,237.202133,235.642906,-3.767106,-3.452876,-3.946157,-3.357567
1783943683434,9.160000,208.279140,233.713250,232.092149,-23.813009,-9.029518,-9.530051,-4.091741
1783943683454,9.180000,224.774630,230.193656,228.504705,-3.730075,-16.854928,-17.360873,-5.699883
1783943683474,9.200000,173.457490,226.629401,224.866595,-51.409105,-26.524225,-27.033389,-7.719279
1783943683494,9.220000,185.780980,223.006242,221.163599,-35.382619,-36.011832,-36.521658,-9.680690
1783943683514,9.240000,145.754180,219.309689,217.381310,-71.627130,-42.820920,-43.328485,-11.302483
1783943683534,9.260000,171.131770,215.525069,213.505200,-42.373430,-45.278880,-45.780898,-12.580157
1783943683554,9.280000,137.810240,211.637582,209.520681,-71.710441,-43.143598,-43.636435,-13.650224
1783943683574,9.300000,187.010040,207.632361,205.413174,-18.403134,-37.423352,-37.903042,-14.528743
1783943683594,9.320000,144.013800,203.494538,201.168178,-57.154378,-29.532077,-29.994346,-14.937369
1783943683614,9.340000,185.902950,199.209308,196.771340,-10.868390,-20.576218,-21.016515,-14.351747
1783943683634,9.360000,149.681240,194.762003,192.208527,-42.527287,-11.539162,-11.952699,-12.244731
1783943683654,9.380000,193.988740,190.138156,187.465902,6.522838,-3.877776,-4.259575,-8.362310
1783943683674,9.400000,169.263180,185.323579,182.529998,-13.266818,0.472603,0.127654,-2.848809
1783943683694,9.420000,199.407150,180.304432,177.387791,22.019359,0.065554,-0.237362,3.830540
1783943683714,9.440000,149.428920,175.067298,172.026777,-22.597857,-4.899274,-5.154975,11.034493
1783943683734,9.460000,170.550260,169.599263,166.435045,4.115215,-12.460312,-12.663688,18.006640
1783943683754,9.480000,128.157780,163.887983,160.601350,-32.443570,-19.826050,-19.972146,23.875025
1783943683774,9.500000,140.863100,157.921766,154.515182,-13.652082,-24.504568,-24.588668,27.732191
1783943683794,9.520000,116.952670,151.689639,148.166840,-31.214170,-25.241293,-25.259006,28.857233
1783943683814,9.540000,147.095830,145.181429,141.547491,5.548339,-22.338595,-22.285941,26.989225
1783943683834,9.560000,118.164050,138.387828,134.649239,-16.485189,-17.007050,-16.880549,22.497910
1783943683854,9.580000,145.224980,131.300465,127.465178,17.759802,-10.475136,-10.271893,16.336823
1783943683874,9.600000,115.816090,123.911976,119.989455,-4.173365,-3.706453,-3.424239,9.764053
1783943683894,9.620000,150.879550,116.216062,112.217315,38.662235,2.453878,2.816549,3.953948
1783943683914,9.640000,120.567535,108.207555,104.145146,16.422389,7.339087,7.782888,-0.296906
1783943683934,9.660000,142.719130,99.882473,95.770522,46.948608,10.766883,11.291613,-2.666820
1783943683954,9.680000,98.993070,91.238070,87.092238,11.900832,12.913915,13.518453,-3.276461
1783943683974,9.700000,140.903430,82.272890,78.110336,62.793094,13.682547,14.364821,-2.607335
1783943683994,9.720000,98.069670,72.986801,68.826127,29.243543,12.654253,13.411220,-1.351942
1783943684014,9.740000,110.805786,63.381040,59.242210,51.563576,9.837714,10.665355,-0.198285
1783943684034,9.760000,72.659424,53.458233,49.362479,23.296945,5.973214,6.866530,0.333259
1783943684054,9.780000,87.882490,43.222430,39.192125,48.690365,2.148335,3.101339,-0.083598
1783943684074,9.800000,45.132750,32.679114,28.737636,16.395114,-0.533543,0.472157,-1.621523
1783943684094,9.820000,68.906340,21.835214,18.006783,50.899557,-1.099188,-0.048821,-4.295912
1783943684114,9.840000,26.235907,10.699106,7.008607,19.227300,1.234508,2.320475,-7.919954
1783943684134,9.860000,52.669067,-0.719390,-4.246603,56.915670,7.007053,8.118584,-12.096672
1783943684154,9.880000,12.948365,-12.409023,-15.744950,28.693315,16.248256,17.374537,-16.278551
1783943684174,9.900000,56.855220,-24.357133,-27.475999,84.331219,28.167766,29.297476,-19.864206
1783943684194,9.920000,15.277750,-36.549678,-39.425936,54.703686,41.274157,42.395706,-22.285470
1783943684214,9.940000,45.314945,-48.971273,-51.579850,96.894795,53.712933,54.814612,-23.080870
1783943684234,9.960000,16.362340,-61.605229,-63.921791,80.284131,63.338240,64.408313,-21.986696
1783943684254,9.980000,45.316776,-74.433614,-76.434821,121.751597,68.053462,69.080256,-19.022858
1783943684274,10.000000,-11.020367,-87.437305,-89.101077,78.080710,66.780829,67.752839,-14.517447
1783943684294,10.020000,6.303891,-100.596061,-101.901834,108.205725,60.138753,61.044777,-9.077034
1783943684314,10.040000,-67.181465,-113.888598,-114.817573,47.636108,50.134178,50.963467,-3.550441
1783943684334,10.060000,-55.085820,-127.292669,-127.828054,72.742234,39.052073,39.794484,1.031867
1783943684354,10.080000,-116.893814,-140.785156,-140.912388,24.018574,28.186054,28.832210,3.626702
1783943684374,10.100000,-98.369280,-154.342165,-154.049116,55.679836,17.365991,17.907425,3.469048
1783943684394,10.120000,-153.179750,-167.939120,-167.216286,14.036536,5.784263,6.213546,0.367291
1783943684414,10.140000,-164.532100,-181.550878,-180.391536,15.859436,-6.618012,-6.307148,-5.178720
1783943684434,10.160000,-224.724730,-195.151828,-193.552173,-31.172557,-18.744348,-18.556916,-12.159808
1783943684454,10.180000,-214.974910,-208.716010,-206.675257,-8.299653,-29.197877,-29.137546,-19.444813
1783943684474,10.200000,-272.852540,-222.217221,-219.737683,-53.114857,-37.043266,-37.112305,-26.098465
1783943684494,10.220000,-259.448100,-235.629139,-232.716265,-26.731835,-41.862350,-42.061577,-31.454208
1783943684514,10.240000,-313.836600,-248.925431,-245.587818,-68.248782,-43.646769,-43.975533,-35.021946
1783943684534,10.260000,-289.492340,-262.079876,-258.329238,-31.163102,-42.778664,-43.234838,-36.414207
1783943684554,10.280000,-339.099460,-275.066473,-270.917588,-68.181872,-39.894860,-40.474858,-35.351925
1783943684574,10.300000,-316.001400,-287.859557,-283.330172,-32.671228,-35.638674,-36.337491,-31.702322
1783943684594,10.320000,-355.848200,-300.433911,-295.544619,-60.303581,-30.496363,-31.307630,-25.515703
1783943684614,10.340000,-339.151860,-312.764873,-307.538957,-31.612903,-24.741384,-25.657448,-17.052011
1783943684634,10.360000,-379.287800,-324.828438,-319.291689,-59.996111,-18.608680,-19.620698,-6.787776
1783943684654,10.380000,-350.620670,-336.601363,-330.781869,-19.838801,-12.667927,-13.765976,4.615217
1783943684674,10.400000,-398.274050,-348.061258,-341.989170,-56.284880,-7.948970,-9.122172,16.391655
1783943684694,10.420000,-365.304870,-359.186679,-352.893959,-12.410911,-5.694972,-6.931633,27.784440
1783943684714,10.440000,-412.562070,-369.957217,-363.477361,-49.084709,-6.800532,-8.088289,38.144608
1783943684734,10.460000,-396.307370,-380.353570,-373.721327,-22.586043,-11.043559,-12.369538,46.975600
1783943684754,10.480000,-454.445070,-390.357625,-383.608692,-70.836378,-16.808297,-18.159272,53.903670
1783943684774,10.500000,-432.450650,-399.952519,-393.123245,-39.327405,-21.744368,-23.106927,58.610874
1783943684794,10.520000,-484.513500,-409.122703,-402.249774,-82.263726,-23.821592,-25.182302,60.814518
1783943684814,10.540000,-451.967300,-417.853997,-410.974130,-40.993170,-22.115196,-23.460765,60.358673
1783943684834,10.560000,-486.901430,-426.133634,-419.283273,-67.618157,-16.996120,-18.313559,57.381714
1783943684854,10.580000,-456.922900,-433.950300,-427.165322,-29.757578,-9.690861,-10.967632,52.431255
1783943684874,10.600000,-488.989440,-441.294169,-434.609593,-54.379847,-1.687551,-2.911716,46.413640
1783943684894,10.620000,-459.842130,-448.156926,-441.606645,-18.235485,5.539245,4.378895,40.372135
1783943684914,10.640000,-487.797300,-454.531785,-448.148307,-39.648993,10.599922,9.513744,35.197530
1783943684934,10.660000,-454.029300,-460.413500,-454.227713,0.198413,12.502592,11.499982,31.416565
1783943684954,10.680000,-496.668200,-465.798367,-459.839327,-36.828873,11.321432,10.410735,29.132193
1783943684974,10.700000,-479.462740,-470.684224,-464.978959,-14.483781,8.487713,7.676143,28.064323
1783943684994,10.720000,-514.130600,-475.070434,-469.643781,-44.486819,6.064406,5.357987,27.619822
1783943685014,10.740000,-490.788020,-478.957875,-473.832336,-16.955684,5.569191,4.972712,27.009855
1783943685034,10.760000,-521.905300,-482.348911,-477.544543,-44.360757,7.164373,6.681363,25.462374
1783943685054,10.780000,-478.395260,-485.247363,-480.781690,2.386430,9.548143,9.180859,22.489502
1783943685074,10.800000,-510.445470,-487.658472,-483.546429,-26.899041,10.806298,10.555734,18.081163
1783943685094,10.820000,-484.922400,-489.588860,-485.842757,0.920357,9.761306,9.627211,12.702450
1783943685114,10.840000,-522.191900,-491.046475,-487.675999,-34.515901,6.622002,6.602921,7.067404
1783943685134,10.860000,-491.580140,-492.040544,-489.052775,-2.527365,2.647220,2.740541,1.802046
1783943685154,10.880000,-527.591700,-492.581510,-489.980972,-37.610728,-0.454146,-0.252126,-2.796769
1783943685174,10.900000,-501.511800,-492.680970,-490.469699,-11.042101,-1.093642,-0.787643,-6.774123
1783943685194,10.920000,-527.803000,-492.351608,-490.529241,-37.273759,1.428467,1.832793,-10.357299
1783943685214,10.940000,-474.974500,-491.607121,-490.171010,15.196510,6.397572,6.893742,-13.751934
1783943685234,10.960000,-511.831050,-490.462143,-489.407481,-22.423569,12.113080,12.693883,-16.972570
1783943685254,10.980000,-462.303560,-488.932166,-488.252135,25.948575,16.756089,17.413700,-19.779142
1783943685274,11.000000,-490.392600,-487.033460,-486.719380,-3.673220,18.954400,19.680493,-21.775248
1783943685294,11.020000,-456.656740,-484.782980,-484.824486,28.167746,18.199375,18.985230,-22.621323
1783943685314,11.040000,-491.757930,-482.198288,-482.583499,-9.174431,14.994360,15.830950,-22.234222
1783943685334,11.060000,-453.021000,-479.297457,-480.013161,26.992161,10.494420,11.372475,-20.870527
1783943685354,11.080000,-495.121700,-476.098982,-477.130821,-17.990879,6.003384,6.913437,-19.071173
1783943685374,11.100000,-455.760440,-472.621688,-473.954345,18.193905,2.475792,3.408226,-17.498642
1783943685394,11.120000,-480.041140,-468.884637,-470.502020,-9.539120,0.130221,1.075366,-16.725199
1783943685414,11.140000,-444.363530,-464.907034,-466.790420,22.426890,-1.356700,-0.408388,-17.047176
1783943685434,11.160000,-478.211430,-460.708134,-462.840409,-15.371021,-2.346546,-1.404256,-18.400862
1783943685454,11.180000,-439.106260,-456.307148,-458.670980,19.564720,-3.225008,-2.297407,-20.427770
1783943685474,11.200000,-462.329930,-451.723150,-454.301150,-8.028780,-4.699329,-3.794490,-22.650118
1783943685494,11.220000,-427.009340,-446.974988,-449.749862,22.740522,-7.662744,-6.788143,-24.632883
1783943685514,11.240000,-461.724430,-442.081190,-445.035887,-16.688543,-12.718689,-11.881216,-26.059555
1783943685534,11.260000,-423.038000,-437.059876,-440.177718,17.139718,-19.914919,-19.120886,-26.763483
1783943685554,11.280000,-464.719400,-431.928672,-435.193479,-29.525921,-28.685352,-27.940489,-26.757300
1783943685574,11.300000,-419.121770,-426.704626,-430.100821,10.979051,-37.743610,-37.053056,-26.227486
1783943685594,11.320000,-476.528380,-421.404122,-424.916834,-51.611546,-45.057591,-44.425875,-25.464148
1783943685614,11.340000,-425.253600,-416.042805,-419.657949,-5.595651,-48.408492,-47.839528,-24.767350
1783943685634,11.360000,-456.710940,-410.635503,-414.339854,-42.371086,-46.383251,-45.880336,-24.360632
1783943685654,11.380000,-402.438480,-405.196157,-408.977406,6.538926,-38.880617,-38.446438,-24.288954
1783943685674,11.400000,-419.144530,-399.737748,-403.584554,-15.559976,-26.927763,-26.564412,-24.316507
1783943685694,11.420000,-364.788000,-394.272239,-398.174262,33.386262,-12.267857,-11.976851,-23.911003
1783943685714,11.440000,-372.286350,-388.810513,-392.758439,20.472089,3.063964,3.281659,-22.380697
1783943685734,11.460000,-323.679500,-383.362322,-387.347875,63.668375,17.157443,17.301383,-19.113840
1783943685754,11.480000,-342.937440,-377.936238,-381.952185,39.014745,28.449287,28.519527,-13.812169
1783943685774,11.500000,-280.572720,-372.539610,-376.579757,96.007037,35.740790,35.737854,-6.634464
1783943685794,11.520000,-316.462650,-367.178535,-371.237708,54.775058,38.542111,38.466963,1.804464
1783943685814,11.540000,-276.612000,-361.857827,-365.931853,89.319853,37.538343,37.392362,10.559348
1783943685834,11.560000,-310.639530,-356.580997,-360.666673,50.027143,34.333450,34.118401,18.522554
1783943685854,11.580000,-270.778870,-351.350243,-355.445298,84.666428,30.715095,30.433102,24.590935
1783943685874,11.600000,-311.744840,-346.166446,-350.269499,38.524659,28.071959,27.725479,27.851173
1783943685894,11.620000,-266.858030,-341.029169,-345.139683,78.281653,26.906723,26.498525,27.777878
1783943685914,11.640000,-296.612120,-335.936677,-340.054901,43.442781,26.568059,26.101212,24.370596
1783943685934,11.660000,-254.664460,-330.885947,-335.012863,80.348403,25.629746,25.107620,18.169252
1783943685954,11.680000,-287.443820,-325.872706,-330.009961,42.566141,22.765510,22.191795,10.141362
1783943685974,11.700000,-256.693970,-320.891457,-325.041303,68.347333,17.524916,16.903654,1.453407
1783943685994,11.720000,-298.538850,-315.935528,-320.100749,21.561899,10.534781,9.870398,-6.827954
1783943686014,11.740000,-258.448240,-310.997122,-315.180960,56.732720,3.157435,2.454746,-13.988129
1783943686034,11.760000,-304.430900,-306.067370,-310.273448,5.842548,-2.881081,-3.616942,-19.746286
1783943686054,11.780000,-268.312840,-301.136400,-305.368643,37.055803,-5.842588,-6.606350,-24.154367
1783943686074,11.800000,-305.000670,-296.193405,-300.455952,-4.544718,-4.684780,-5.471329,-27.412603
1783943686094,11.820000,-256.723570,-291.226720,-295.523837,38.800267,0.132760,-0.671942,-29.701080
1783943686114,11.840000,-274.642240,-286.223903,-290.559892,15.917652,6.539346,5.720477,-31.053495
1783943686134,11.860000,-229.801760,-281.171820,-285.550923,55.749163,11.842932,11.013544,-31.279894
1783943686154,11.880000,-272.362060,-276.056740,-280.483037,8.120977,14.053292,13.217831,-30.011007
1783943686174,11.900000,-227.047060,-270.864426,-275.341735,48.294675,12.349822,11.515644,-26.917826
1783943686194,11.920000,-268.825200,-265.580232,-270.112003,1.286803,6.837984,6.018077,-21.994630
1783943686214,11.940000,-234.548340,-260.189210,-264.778413,30.230073,-1.553531,-2.338474,-15.697459
1783943686234,11.960000,-287.810420,-254.676208,-259.325225,-28.485195,-11.151735,-11.874184,-8.851441
1783943686254,11.980000,-248.157680,-249.025974,-253.736486,5.578806,-20.042621,-20.674943,-2.423846
1783943686274,12.000000,-289.342300,-243.223267,-248.252007,-41.090293,-26.619000,-27.144870,2.719199
1783943686294,12.020000,-252.209490,-237.252958,-242.346841,-9.862649,-29.681415,-30.102152,6.030501
1783943686314,12.040000,-287.376280,-231.100137,-236.258144,-51.118136,-28.412874,-28.741557,7.427697
1783943686334,12.060000,-239.915370,-224.750223,-229.970149,-9.945221,-22.619661,-22.869987,7.299994
1783943686354,12.080000,-262.630500,-218.189058,-223.467404,-39.163096,-13.000310,-13.179920,6.379191
1783943686374,12.100000,-207.676970,-211.403017,-216.734889,9.057919,-1.089348,-1.198930,5.556698
1783943686394,12.120000,-227.882050,-204.379103,-209.758115,-18.123935,11.136801,11.101454,5.708096
1783943686414,12.140000,-180.400000,-197.105045,-202.523234,22.123234,21.692047,21.737291,7.522748
1783943686434,12.160000,-204.112490,-189.569388,-195.017140,-9.095350,28.733110,28.865268,11.335269
1783943686454,12.180000,-149.891300,-181.761586,-187.227571,37.336271,30.662439,30.886569,17.013340
1783943686474,12.200000,-182.027280,-173.672083,-179.143211,-2.884069,26.794319,27.113796,23.975561
1783943686494,12.220000,-148.574160,-165.292393,-170.753784,22.179624,18.381888,18.798466,31.332369
1783943686514,12.240000,-219.000850,-156.615178,-162.050145,-56.950705,8.572126,9.086184,38.036587
1783943686534,12.260000,-162.776720,-147.634315,-153.024375,-9.752345,0.434282,1.045044,42.970410
1783943686554,12.280000,-188.455810,-138.344959,-143.669859,-44.785951,-5.058963,-4.353296,45.091070
1783943686574,12.300000,-146.973240,-128.743599,-133.981369,-12.991871,-8.762986,-7.965206,43.765316
1783943686594,12.320000,-182.487060,-118.828111,-123.955136,-58.531924,-11.751220,-10.865136,39.119380
1783943686614,12.340000,-142.722020,-108.597799,-113.588917,-29.133103,-14.554286,-13.584771,32.060955
1783943686634,12.360000,-160.680850,-98.053429,-102.882056,-57.798794,-17.313602,-16.266616,23.905764
1783943686654,12.380000,-131.642990,-87.197259,-91.835531,-39.807459,-19.890839,-18.773440,15.912398
1783943686674,12.400000,-144.770080,-76.033059,-80.452002,-64.318078,-21.896398,-20.716707,9.006829
1783943686694,12.420000,-105.922195,-64.566117,-68.735846,-37.186349,-22.838577,-21.605726,3.716505
1783943686714,12.440000,-130.096180,-52.803248,-56.693176,-73.403004,-22.262648,-20.986695,0.214916
1783943686734,12.460000,-79.650110,-40.752788,-44.331861,-35.318249,-20.063272,-18.755111,-1.592171
1783943686754,12.480000,-92.883995,-28.424574,-31.661526,-61.222469,-16.825241,-15.496482,-1.960344
1783943686774,12.500000,-43.104675,-15.829929,-18.693550,-24.411125,-13.642212,-12.305061,-1.193419
1783943686794,12.520000,-67.483230,-2.981627,-5.441046,-62.042184,-11.668254,-10.335375,0.440252
1783943686814,12.540000,-3.070568,10.106145,8.081172,-11.151740,-11.858589,-10.542955,2.719473
1783943686834,12.560000,-31.817587,23.417831,21.856620,-53.674207,-14.527731,-13.242472,5.424349
1783943686854,12.580000,8.188157,36.936568,35.867205,-27.679048,-18.805667,-17.563906,8.287446
1783943686874,12.600000,-18.800890,50.644240,50.093280,-68.894170,-22.982278,-21.796967,10.956721
1783943686894,12.620000,34.941452,64.521550,64.513722,-29.572270,-25.651793,-24.535544,12.983935
1783943686914,12.640000,20.919620,78.548096,79.106016,-58.186396,-26.369799,-25.334721,13.908008
1783943686934,12.660000,69.691864,92.702456,93.846344,-24.154480,-25.335074,-24.392606,13.450669
1783943686954,12.680000,52.393696,106.962270,108.709697,-56.316001,-22.874787,-22.035545,11.681369
1783943686974,12.700000,106.056770,121.304336,123.669980,-17.613210,-19.423594,-18.697212,8.995010
1783943686994,12.720000,97.832680,135.704709,138.700139,-40.867459,-15.710177,-15.105162,5.934144
1783943687014,12.740000,153.867160,150.138803,153.772284,0.094876,-12.543511,-12.067104,3.013737
1783943687034,12.760000,140.549410,164.581492,168.857828,-28.308418,-10.191537,-9.849602,0.633798
1783943687054,12.780000,187.562680,179.007223,183.927626,3.635054,-7.953713,-7.750652,-0.963399
1783943687074,12.800000,173.901760,193.390126,198.952117,-25.050357,-4.448678,-4.387406,-1.744792
1783943687094,12.820000,226.228900,207.704121,213.901472,12.327428,1.503186,1.421204,-1.913884
1783943687114,12.840000,216.131070,221.923037,228.745745,-12.614675,9.926067,9.700720,-1.845944
1783943687134,12.860000,288.940800,236.020716,243.455022,45.485778,19.264147,18.896570,-1.922374
1783943687154,12.880000,275.194150,249.971133,258.001195,17.192955,27.012179,26.504695,-2.340135
1783943687174,12.900000,336.263800,263.748498,272.354656,63.909144,31.111884,30.468031,-3.020971
1783943687194,12.920000,307.920400,277.327371,286.486447,21.433953,31.073414,30.298023,-3.706726
1783943687214,12.940000,352.823180,290.682758,300.368203,52.454977,28.100689,27.199928,-4.205292
1783943687234,12.960000,331.700350,303.790219,313.972278,17.728072,24.321027,23.302393,-4.620652
1783943687254,12.980000,380.323700,316.625961,327.271878,53.051822,21.924553,20.796808,-5.380408
1783943687274,13.000000,353.469300,329.166933,340.241180,13.228120,22.698594,21.471648,-7.030853
1783943687294,13.020000,404.900020,341.390908,352.855441,52.044579,27.541082,26.225856,-9.952886
1783943687314,13.040000,396.483220,353.276569,365.091104,31.392116,35.852862,34.461140,-14.171002
1783943687334,13.060000,454.320600,364.803584,376.925891,77.394709,45.511020,44.055287,-19.304993
1783943687354,13.080000,439.750920,375.952670,388.338887,51.412033,53.666944,52.160227,-24.634283
1783943687374,13.100000,493.829470,386.705660,399.310612,94.518858,57.823501,56.279213,-29.268915
1783943687394,13.120000,463.209720,397.045555,409.823085,53.386635,56.715920,55.147698,-32.419533
1783943687414,13.140000,505.047730,406.956577,419.859876,85.187854,50.730128,49.151680,-33.681750
1783943687434,13.160000,459.251220,416.424203,429.406147,29.845073,41.649334,40.074283,-33.205950
1783943687454,13.180000,498.754820,425.435205,438.448679,60.306141,31.780407,30.222140,-31.673070
1783943687474,13.200000,451.524630,433.977673,446.975899,4.548731,22.839625,21.311155,-30.078268
1783943687494,13.220000,502.484800,442.041037,454.977885,47.506915,15.170427,13.684257,-29.391264
1783943687514,13.240000,463.775540,449.616081,462.446367,1.329173,7.874100,6.442098,-30.209010
1783943687534,13.260000,497.657600,456.694950,469.374721,28.282879,-0.210168,-1.576879,-32.543050
1783943687554,13.280000,446.514650,463.271147,475.757953,-29.243303,-9.742902,-11.034039,-35.860730
1783943687574,13.300000,486.673220,469.339537,481.592671,5.080549,-20.981320,-22.187531,-39.364550
1783943687594,13.320000,448.545100,474.896328,486.877061,-38.331961,-33.864948,-34.977879,-42.316620
1783943687614,13.340000,489.011600,479.939066,491.610847,-2.599247,-47.097598,-48.109953,-44.194630
1783943687634,13.360000,383.813420,484.466610,495.795249,-111.981829,-57.477025,-58.382606,-44.696674
1783943687654,13.380000,451.238650,488.479111,499.432938,-48.194288,-61.868730,-62.662469,-43.783344
1783943687674,13.400000,434.512400,491.977990,502.527988,-68.015588,-60.102572,-60.780547,-41.707730
1783943687694,13.420000,472.149720,494.965903,505.085819,-32.936099,-54.696239,-55.255677,-38.786537
1783943687714,13.440000,443.244140,497.446717,507.113147,-63.869007,-48.323407,-48.762675,-35.000446
1783943687734,13.460000,482.063350,499.425468,508.617923,-26.554573,-42.420232,-42.738819,-29.869514
1783943687754,13.480000,451.639770,500.908334,509.609272,-57.969502,-37.230651,-37.429137,-22.802313
1783943687774,13.500000,491.111270,501.902590,510.097436,-18.986166,-32.261114,-32.341130,-13.574658
1783943687794,13.520000,459.611150,502.416574,510.093714,-50.482564,-26.778380,-26.742559,-2.528024
1783943687814,13.540000,503.664000,502.459639,509.610392,-5.946392,-20.218798,-20.070719,9.548754
1783943687834,13.560000,466.839000,502.042121,508.660690,-41.821690,-12.474000,-12.218121,21.677902
1783943687854,13.580000,522.099200,501.175283,507.258689,14.840511,-4.053420,-3.695014,32.945160
1783943687874,13.600000,486.706480,499.871280,505.419275,-18.712795,4.113478,4.568406,42.677790
1783943687894,13.620000,525.411000,498.143106,503.158073,22.252927,11.168753,11.713540,50.518005
1783943687914,13.640000,495.298900,496.004547,500.491381,-5.192481,16.539769,17.167184,56.378450
1783943687934,13.660000,529.584530,493.470134,497.436110,32.148420,19.882723,20.585048,60.318623
1783943687954,13.680000,489.684630,490.555090,494.009721,-4.325091,21.080012,21.849136,62.423534
1783943687974,13.700000,531.131400,487.275279,490.230156,40.901244,20.286601,21.114107,62.749622
1783943687994,13.720000,484.399900,483.647153,486.115783,-1.715883,18.175434,19.052690,61.342743
1783943688014,13.740000,503.318050,479.687696,481.685331,21.632719,16.083880,17.002130,58.273846
1783943688034,13.760000,466.805570,475.414372,476.957826,-10.152256,15.326591,16.277042,53.644302
1783943688054,13.780000,500.208800,470.845063,471.952535,28.256265,16.174862,17.148769,47.584515
1783943688074,13.800000,468.963560,465.998018,466.688900,2.274660,17.726705,18.715457,40.313038
1783943688094,13.820000,496.728580,460.891791,461.186487,35.542093,18.746178,19.741375,32.244240
1783943688114,13.840000,443.375600,455.545183,455.464922,-12.089322,18.398261,19.391788,24.002878
1783943688134,13.860000,480.242370,449.977182,449.543836,30.698534,16.090197,17.074292,16.252690
1783943688154,13.880000,448.495300,444.206906,443.442810,5.052490,11.280107,12.247424,9.472519
1783943688174,13.900000,456.748780,438.253542,437.181321,19.567459,4.312352,5.256016,3.875665
1783943688194,13.920000,404.113500,432.136287,430.778688,-26.665188,-2.898600,-1.984940,-0.541447
1783943688214,13.940000,425.168270,425.874286,424.254025,0.914245,-7.756128,-6.878258,-3.966777
1783943688234,13.960000,380.509430,419.486580,417.626185,-37.116755,-8.634616,-7.797716,-6.764071
1783943688254,13.980000,424.063170,412.992040,410.913719,13.149451,-5.825962,-5.034571,-9.349145
1783943688274,14.000000,381.912480,406.409319,404.134826,-22.222346,-1.225755,-0.483757,-11.929912
1783943688294,14.020000,416.950130,399.756787,397.307310,19.642820,2.759339,3.448731,-14.314172
1783943688314,14.040000,374.270360,393.052486,390.448537,-16.178177,4.167314,4.801536,-15.974533
1783943688334,14.060000,406.653780,386.314070,383.575399,23.078381,2.073803,2.650906,-16.332361
1783943688354,14.080000,348.640080,379.558757,376.704267,-28.064187,-3.034462,-2.515871,-15.068738
1783943688374,14.100000,373.120030,372.803283,369.850964,3.269066,-9.418479,-8.959300,-12.301753
1783943688394,14.120000,328.776600,366.063848,363.030722,-34.254122,-14.784009,-14.384669,-8.576523
1783943688414,14.140000,344.524900,359.356077,356.259713,-11.734813,-16.973315,-16.633734,-4.686331
1783943688434,14.160000,305.360020,352.694977,349.550356,-44.190336,-14.673855,-14.393370,-1.401629
1783943688454,14.180000,351.380520,346.094894,342.915923,8.464597,-8.096827,-7.874162,0.786527
1783943688474,14.200000,316.233900,339.569478,336.368981,-20.135081,1.224123,1.390816,1.833634
1783943688494,14.220000,351.086600,333.131650,329.921368,21.165232,11.413934,11.526987,2.168063
1783943688514,14.240000,312.523800,326.793566,323.584168,-11.060368,20.782289,20.844422,2.526147
1783943688534,14.260000,362.483430,320.566593,317.367691,45.115739,27.726314,27.740552,3.633304
1783943688554,14.280000,318.022130,314.461277,311.281457,6.740673,30.997521,30.967117,5.913446
1783943688574,14.300000,341.328550,308.487327,305.334172,35.994378,30.329317,30.257699,9.371929
1783943688594,14.320000,291.112100,302.653589,299.533719,-8.421619,26.338748,26.229468,13.609204
1783943688614,14.340000,326.942080,296.968030,293.887143,33.054937,19.769202,19.625889,17.891340
1783943688634,14.360000,276.959660,291.437727,288.400640,-11.440980,11.332673,11.158989,21.315939
1783943688654,14.380000,289.738130,286.068851,283.079547,6.658583,2.240474,2.040070,23.078783
1783943688674,14.400000,243.567470,280.866663,277.928339,-34.360869,-5.765241,-5.988767,22.695333
1783943688694,14.420000,264.215820,275.835509,272.950624,-8.734804,-11.145850,-11.388990,20.057444
1783943688714,14.440000,222.313570,270.978820,268.149142,-45.835572,-13.321160,-13.580534,15.384976
1783943688734,14.460000,260.964000,266.299112,263.525768,-2.561768,-12.954395,-13.226781,9.189771
1783943688754,14.480000,225.603910,261.797994,259.081516,-33.477606,-11.487920,-11.770281,2.262377
1783943688774,14.500000,252.793530,257.476181,254.816552,-2.023022,-10.152690,-10.442196,-4.404451
1783943688794,14.520000,207.683750,253.333504,250.730201,-43.046451,-9.462183,-9.756224,-9.818362
1783943688814,14.540000,243.381740,249.368931,246.820965,-3.439225,-9.653042,-9.949242,-13.267772
1783943688834,14.560000,202.041800,245.580586,243.086543,-41.044743,-11.287263,-11.583485,-14.523303
1783943688854,14.580000,246.046220,241.965776,239.523853,6.522367,-15.104524,-15.398874,-13.822502
1783943688874,14.600000,188.866670,238.521020,236.129057,-47.262387,-21.134598,-21.425426,-11.673806
1783943688894,14.620000,217.800550,235.242082,232.897592,-15.097042,-28.071177,-28.357065,-8.664714
1783943688914,14.640000,168.522750,232.124005,229.824203,-61.301453,-33.706774,-33.986531,-5.393787
1783943688934,14.660000,201.703580,229.161151,226.902984,-25.199404,-35.992440,-36.265088,-2.460291
1783943688954,14.680000,161.599230,226.347246,224.127408,-62.528178,-33.982620,-34.247375,-0.385487
1783943688974,14.700000,215.723630,223.675421,221.490384,-5.766754,-28.261964,-28.518212,0.554900
1783943688994,14.720000,179.978940,221.138264,218.984290,-39.005350,-20.513189,-20.760465,0.483167
1783943689014,14.740000,226.150360,218.727867,216.601034,9.549326,-12.544754,-12.782724,-0.072081
1783943689034,14.760000,194.991070,216.435880,214.332095,-19.341025,-5.584988,-5.813433,-0.359789
1783943689054,14.780000,224.524260,214.253564,212.168585,12.355675,-0.182730,-0.401554,0.285399
1783943689074,14.800000,209.946040,212.171847,210.101296,-0.155256,3.470558,3.261319,2.167554
1783943689094,14.820000,235.347640,210.181379,208.120762,27.226878,5.421531,5.221682,5.139074
1783943689114,14.840000,200.999900,208.272590,206.217312,-5.217412,6.141597,5.950783,8.703816
1783943689134,14.860000,238.755830,206.435742,204.381131,34.374699,6.364091,6.181856,12.196429
1783943689154,14.880000,201.957120,204.660992,202.602311,-0.645191,6.710373,6.536312,14.946652
1783943689174,14.900000,235.680510,202.938440,200.870910,34.809600,7.539115,7.373146,16.412148
1783943689194,14.920000,206.856320,201.258186,199.177007,7.679313,8.871542,8.714248,16.285282
1783943689214,14.940000,242.809940,199.610384,197.510756,45.299184,10.482839,10.335729,14.550430
1783943689234,14.960000,207.215790,197.985288,195.862432,11.353358,12.229926,12.095330,11.464767
1783943689254,14.980000,242.597640,196.373303,194.222487,48.375153,14.201602,14.081845,7.468186
1783943689274,15.000000,204.286800,194.765031,192.550008,11.736792,16.456162,16.352175,3.047632
1783943689294,15.020000,246.235840,193.151312,190.899113,55.336727,18.598492,18.509062,-1.389825
1783943689314,15.040000,214.047410,191.523262,189.229265,24.818145,19.713035,19.635567,-5.566257
1783943689334,15.060000,246.853300,189.872313,187.532051,59.321249,18.896867,18.828770,-9.299680
1783943689354,15.080000,207.582210,188.190243,185.799426,21.782784,15.931954,15.871454,-12.464017
1783943689374,15.100000,231.586000,186.469202,184.023743,47.562257,11.498408,11.444639,-15.009498
1783943689394,15.120000,198.011140,184.701742,182.197781,15.813359,6.902405,6.855137,-17.020155
1783943689414,15.140000,229.161060,182.880836,180.314757,48.846303,3.817782,3.777072,-18.712840
1783943689434,15.160000,157.388120,180.999891,178.368348,-20.980228,3.849285,3.815208,-20.352740
1783943689454,15.180000,230.197540,179.052765,176.352697,53.844843,7.212994,7.185492,-22.160660
1783943689474,15.200000,193.597400,177.033776,174.262422,19.334978,11.975160,11.954001,-24.217003
1783943689494,15.220000,233.095280,174.937702,172.092616,61.002664,15.494871,15.479661,-26.331482
1783943689514,15.240000,184.408950,172.759788,169.838849,14.570101,16.330738,16.320961,-27.997162
1783943689534,15.260000,215.820250,170.495735,167.497158,48.323092,14.584263,14.579314,-28.596792
1783943689554,15.280000,176.240690,168.141701,165.064039,11.176651,11.201068,11.200277,-27.778605
1783943689574,15.300000,209.119700,165.694286,162.536433,46.583267,7.495359,7.498005,-25.672010
1783943689594,15.320000,151.910280,163.150518,159.911713,-8.001433,5.041043,5.046354,-22.784195
1783943689614,15.340000,188.600420,160.507836,157.187657,31.412763,5.116362,5.123522,-19.748423
1783943689634,15.360000,157.383180,157.764072,154.362432,3.020748,7.831636,7.839789,-17.109484
1783943689654,15.380000,187.133850,154.917423,151.434564,35.699286,12.015242,12.023500,-15.169889
1783943689674,15.400000,157.805970,151.966433,148.402915,9.403055,15.848711,15.856167,-13.894067
1783943689694,15.420000,197.026700,148.909956,145.266648,51.760052,17.712893,17.718633,-12.926167
1783943689714,15.440000,149.724120,145.747135,142.025202,7.698918,17.183657,17.186781,-11.750964
1783943689734,15.460000,163.024700,142.477365,138.678256,24.346444,15.386377,15.386015,-9.943821
1783943689754,15.480000,126.007040,139.100263,135.225696,-9.218656,13.846121,13.841453,-7.406193
1783943689774,15.500000,162.015850,135.615635,131.667584,30.348266,12.936013,12.926284,-4.448575
1783943689794,15.520000,123.187515,132.023440,128.004123,-4.816608,11.664289,11.648833,-1.617090
1783943689814,15.540000,147.886930,128.323761,124.235623,23.651307,8.667913,8.646167,0.636322
1783943689834,15.560000,104.423370,124.516764,120.362470,-15.939100,3.159705,3.131227,2.167477
1783943689854,15.580000,119.401985,120.602673,116.385095,3.016890,-4.729900,-4.765414,3.085282
1783943689874,15.600000,73.852990,116.581733,112.303941,-38.450951,-14.130147,-14.172850,3.543671
1783943689894,15.620000,94.547240,112.454182,108.119439,-13.572199,-23.795593,-23.845472,3.590791
1783943689914,15.640000,44.949250,108.220224,103.831980,-58.882730,-32.306691,-32.363562,3.169770
1783943689934,15.660000,63.732277,103.880000,99.441892,-35.709615,-38.267514,-38.331009,2.218058
1783943689954,15.680000,22.425333,99.433567,94.949419,-72.524086,-40.819494,-40.889058,0.765838
1783943689974,15.700000,58.164734,94.880881,90.354708,-32.189974,-40.124237,-40.199127,-1.010961
1783943689994,15.720000,16.758663,90.221773,85.657789,-68.899126,-37.278460,-37.357742,-2.768951
1783943690014,15.740000,54.381336,85.455944,80.858567,-26.477231,-33.825607,-33.908161,-4.014722
1783943690034,15.760000,19.331093,80.582950,75.956819,-56.625726,-31.219654,-31.304179,-4.198225
1783943690054,15.780000,46.057620,75.602198,70.952184,-24.894564,-30.286662,-30.371685,-2.874615
1783943690074,15.800000,3.346375,70.512946,65.844172,-62.497797,-30.988760,-31.072653,0.128227
1783943690094,15.820000,37.442620,65.314304,60.632158,-23.189538,-32.683442,-32.764437,4.611472
1783943690114,15.840000,-10.076767,60.005240,55.315399,-65.392166,-34.449917,-34.526137,10.029028
1783943690134,15.860000,31.778645,54.584590,49.893040,-18.114395,-35.183245,-35.252730,15.639325
1783943690154,15.880000,-22.309816,49.051073,44.364209,-66.674025,-33.610450,-33.671188,20.721521
1783943690174,15.900000,21.009644,43.403303,38.727907,-17.718263,-28.605682,-28.655636,24.746431
1783943690194,15.920000,-18.042469,37.639818,32.983058,-51.025527,-19.882747,-19.919873,27.449158
1783943690214,15.940000,28.186330,31.759092,27.128544,1.057786,-8.549842,-8.572112,28.836359
1783943690234,15.960000,5.835842,25.759571,21.163239,-15.327398,2.972987,2.967565,29.170311
1783943690254,15.980000,49.175640,19.639691,15.086027,34.089613,11.891333,11.904689,28.927315
1783943690274,16.000000,13.718658,13.397916,8.895830,4.822828,16.506314,16.540290,28.683914
1783943690294,16.020000,32.172962,7.032763,2.591638,29.581324,17.145699,17.202022,28.902311
1783943690314,16.040000,-0.892489,0.542835,-3.827462,2.934973,15.823277,15.903529,29.679770
1783943690334,16.060000,18.520853,-6.073147,-10.362264,28.883117,15.142771,15.248371,30.622553
1783943690354,16.080000,-19.760023,-12.816313,-17.013409,-2.746614,17.191055,17.323225,30.969330
1783943690374,16.100000,26.759045,-19.687609,-23.781363,50.540408,22.731879,22.891630,29.922838
1783943690394,16.120000,-11.798096,-26.687771,-30.666390,18.868294,31.179113,31.367222,27.018763
1783943690414,16.140000,30.804010,-33.817294,-37.668527,68.472537,41.243724,41.460718,22.344920
1783943690434,16.160000,-2.292829,-41.076403,-44.787564,42.494734,51.459779,51.705921,16.510536
1783943690454,16.180000,33.438923,-48.465027,-52.023021,85.461944,60.385748,60.661022,10.397422
1783943690474,16.200000,-4.046800,-55.982779,-59.374134,55.327334,66.612804,66.916911,4.832201
1783943690494,16.220000,33.872500,-63.628929,-66.839836,100.712336,68.737093,69.069441,0.339921
1783943690514,16.240000,-12.867115,-71.402390,-74.418749,61.551634,65.681470,66.041171,-2.946375
1783943690534,16.260000,-0.214736,-79.301701,-82.109167,81.894431,57.199274,57.585145,-5.252667
1783943690554,16.280000,-47.731255,-87.325015,-89.909055,42.177800,43.941430,44.351994,-7.081104
1783943690574,16.300000,-42.671986,-95.470088,-97.816042,55.144056,27.213457,27.646948,-9.107556
1783943690594,16.320000,-100.202805,-103.734269,-105.827417,5.624612,8.822074,9.276445,-12.038661
1783943690614,16.340000,-87.139740,-112.114504,-113.940130,26.800390,-9.036628,-8.563696,-16.425674
1783943690634,16.360000,-165.970400,-120.607325,-122.150797,-43.819603,-24.083978,-23.595063,-22.500786
1783943690654,16.380000,-134.469790,-129.208854,-130.455698,-4.014092,-34.803511,-34.301437,-30.111193
1783943690674,16.400000,-180.584000,-137.914806,-138.850787,-41.733213,-41.183782,-40.671600,-38.726185
1783943690694,16.420000,-164.130700,-146.720491,-147.331697,-16.799003,-44.301721,-43.782691,-47.459484
1783943690714,16.440000,-208.603090,-155.620821,-155.893748,-52.709342,-45.486019,-44.963590,-55.149160
1783943690734,16.460000,-180.706040,-164.610312,-164.531956,-16.174084,-46.041102,-45.518885,-60.571780
1783943690754,16.480000,-223.438500,-173.683097,-173.241040,-50.197460,-47.037909,-46.519653,-62.745640
1783943690774,16.500000,-196.072450,-182.832932,-182.015436,-14.057014,-48.753051,-48.242615,-61.159718
1783943690794,16.520000,-255.848480,-192.053201,-190.849301,-64.999179,-50.286033,-49.787355,-55.844837
1783943690814,16.540000,-224.407680,-201.336931,-199.736528,-24.671152,-50.032361,-49.549423,-47.344574
1783943690834,16.560000,-273.739700,-210.676800,-208.670754,-65.068946,-46.803935,-46.340729,-36.614243
1783943690854,16.580000,-227.730590,-220.065145,-217.645370,-10.085220,-40.612938,-40.173431,-24.806494
1783943690874,16.600000,-271.136200,-229.493976,-226.653529,-44.482671,-32.513971,-32.102061,-12.964294
1783943690894,16.620000,-232.412500,-238.954987,-235.688159,3.275659,-23.835759,-23.455238,-1.765299
1783943690914,16.640000,-271.522640,-248.439564,-244.741973,-26.780667,-15.518158,-15.172663,8.530984
1783943690934,16.660000,-241.283980,-257.938806,-253.807474,12.523494,-7.855557,-7.548535,17.929575
1783943690954,16.680000,-268.346250,-267.443530,-262.876971,-5.469279,-0.484183,-0.218840,26.479803
1783943690974,16.700000,-236.274050,-276.944291,-271.942583,35.668533,7.765622,7.986364,34.143220
1783943690994,16.720000,-312.294400,-286.431397,-280.996255,-31.298145,18.571266,18.744809,40.766140
1783943691014,16.740000,-238.045530,-295.894927,-290.029764,51.984234,32.276695,32.400811,46.076324
1783943691034,16.760000,-260.483830,-305.324750,-299.034734,38.550904,46.441004,46.513872,49.750980
1783943691054,16.780000,-226.786440,-314.710543,-308.002645,81.216205,57.396437,57.416678,51.641140
1783943691074,16.800000,-274.658140,-324.041821,-316.924847,42.266707,62.903580,62.870292,51.980587
1783943691094,16.820000,-251.967770,-333.307951,-325.792573,73.824803,62.934922,62.847704,51.272410
1783943691114,16.840000,-301.784270,-342.498189,-334.596954,32.812684,58.840616,58.699591,49.870785
1783943691134,16.860000,-285.903720,-351.601701,-343.329035,57.425315,52.289427,52.095256,47.664677
1783943691154,16.880000,-339.227480,-360.607599,-351.979791,12.752311,44.485964,44.239850,44.144215
1783943691174,16.900000,-316.847350,-369.504965,-360.540145,43.692795,35.771430,35.475120,38.728634
1783943691194,16.920000,-365.737100,-378.282895,-369.000990,3.263890,25.915105,25.570875,31.105400
1783943691214,16.940000,-359.786620,-386.930523,-377.353202,17.566582,14.982270,14.592901,21.422447
1783943691234,16.960000,-415.611600,-395.437062,-385.587670,-30.023930,3.843401,3.412145,10.265325
1783943691254,16.980000,-396.164300,-403.791840,-393.695311,-2.468989,-6.097493,-6.566956,-1.541374
1783943691274,17.000000,-454.401730,-411.984332,-401.667097,-52.734633,-13.356299,-13.859906,-13.159598
1783943691294,17.020000,-433.071470,-420.004197,-409.494076,-23.577394,-16.794268,-17.327619,-23.859987
1783943691314,17.040000,-474.699620,-427.841314,-417.167396,-57.532224,-16.191216,-16.749605,-33.034534
1783943691334,17.060000,-445.340400,-435.485815,-424.678328,-20.662072,-12.581737,-13.160177,-40.166200
1783943691354,17.080000,-479.587950,-442.928116,-432.018292,-47.569658,-7.986193,-8.579436,-44.803013
1783943691374,17.100000,-439.363400,-450.158945,-439.178875,-0.184525,-4.528958,-5.131541,-46.559254
1783943691394,17.120000,-491.683100,-457.169377,-446.151860,-45.531240,-3.207494,-3.813862,-45.175335
1783943691414,17.140000,-471.739070,-463.950854,-452.931402,-18.807668,-3.349237,-3.953970,-40.658085
1783943691434,17.160000,-518.646000,-470.495208,-459.507081,-59.138919,-3.587772,-4.185835,-33.448800
1783943691454,17.180000,-482.132230,-476.794684,-465.871347,-16.260883,-3.444967,-4.031880,-24.471361
1783943691474,17.200000,-518.576350,-482.841957,-472.016930,-46.559420,-3.877380,-4.449263,-14.929238
1783943691494,17.220000,-488.944060,-488.630143,-477.936857,-11.007203,-6.379752,-6.933305,-5.918577
1783943691514,17.240000,-545.414400,-494.152811,-483.624461,-61.789939,-11.730935,-12.263415,1.871781
1783943691534,17.260000,-521.611400,-499.403990,-489.073399,-32.538001,-19.625881,-20.135100,8.164913
1783943691554,17.280000,-566.176330,-504.378172,-494.277658,-71.898672,-29.111317,-29.595667,12.884053
1783943691574,17.300000,-551.110960,-509.070308,-499.231568,-51.879392,-38.909510,-39.368003,15.973414
1783943691594,17.320000,-594.260250,-513.475807,-503.929805,-90.330445,-47.517467,-47.949771,17.384138
1783943691614,17.340000,-572.226700,-517.590525,-508.367395,-63.859305,-53.446853,-53.853320,17.161049
1783943691634,17.360000,-604.557100,-521.410750,-512.539711,-92.017389,-55.464024,-55.845710,15.520246
1783943691654,17.380000,-569.750700,-524.933192,-516.442473,-53.308227,-52.556593,-52.915250,12.885940
1783943691674,17.400000,-606.257800,-528.154954,-520.071736,-86.186064,-43.853131,-44.191190,9.882907
1783943691694,17.420000,-561.654540,-531.073514,-523.423884,-38.230656,-29.125032,-29.445567,7.251393
1783943691714,17.440000,-572.693500,-533.686694,-526.495614,-46.197886,-9.765382,-10.072066,5.701204
1783943691734,17.460000,-514.682600,-535.992635,-529.283915,14.601315,10.872007,10.574968,5.799081
1783943691754,17.480000,-531.205900,-537.989757,-531.786052,0.580152,28.310005,28.017941,7.936523
1783943691774,17.500000,-480.466740,-539.676733,-533.999538,53.532798,38.380062,38.087925,12.302503
1783943691794,17.520000,-513.651200,-541.052446,-535.922109,22.270909,38.635192,38.337646,18.771736
1783943691814,17.540000,-497.934720,-542.115953,-537.551693,39.616973,29.234025,28.925546,26.737060
1783943691834,17.560000,-551.856600,-542.866451,-538.886378,-12.970222,12.596665,12.271649,35.005840
1783943691854,17.580000,-527.089600,-543.303236,-539.924379,12.834779,-7.952710,-8.299841,41.887135
1783943691874,17.600000,-573.153800,-543.425663,-540.664003,-32.489797,-29.099451,-29.474136,45.545100
1783943691894,17.620000,-568.003400,-543.233113,-541.103612,-26.899788,-47.464115,-47.871537,44.536167
1783943691914,17.640000,-600.199700,-542.724953,-541.241587,-58.958113,-59.635063,-60.080020,38.269470
1783943691934,17.660000,-579.182430,-541.900502,-541.076291,-38.106139,-62.832138,-63.318898,27.169878
1783943691954,17.680000,-601.793400,-540.758997,-540.606030,-61.187370,-55.776344,-56.308481,12.549072
1783943691974,17.700000,-545.907000,-539.299560,-539.829019,-6.077981,-39.459516,-40.039727,-3.664592
1783943691994,17.720000,-542.914500,-537.521170,-538.743338,-4.171162,-17.147378,-17.777311,-19.220130
1783943692014,17.740000,-483.775570,-535.422635,-537.346905,53.571335,6.877689,6.197551,-31.844543
1783943692034,17.760000,-488.786870,-533.002568,-535.637437,46.850567,29.043576,28.313907,-39.585140
1783943692054,17.780000,-441.678920,-530.259371,-533.612416,91.933496,47.505961,46.728402,-41.206530
1783943692074,17.800000,-456.965330,-527.191216,-531.269065,74.303735,62.014199,61.190975,-36.546947
1783943692094,17.820000,-410.642880,-523.796038,-528.604318,117.961438,72.992483,72.125954,-26.641594
1783943692114,17.840000,-432.687870,-520.071527,-525.614800,92.926930,80.563939,79.656366,-13.493080
1783943692134,17.860000,-385.201540,-516.015133,-522.296808,137.095268,84.063879,83.117923,0.438487
1783943692154,17.880000,-410.752600,-511.624069,-518.646306,107.893706,82.340163,81.360623,12.820381
1783943692174,17.900000,-382.879500,-506.895328,-514.658912,131.779412,74.710854,73.707933,21.892632
1783943692194,17.920000,-431.871460,-501.825698,-510.329909,78.458449,61.704441,60.697971,26.639807
1783943692214,17.940000,-415.495060,-496.411793,-505.654247,90.159187,44.763649,43.786354,26.693567
1783943692234,17.960000,-448.357850,-490.650079,-500.626563,52.268713,25.384134,24.480385,22.124954
1783943692254,17.980000,-429.800230,-484.536913,-495.241207,65.440977,5.023269,4.238787,13.333961
1783943692274,18.000000,-486.891240,-478.068588,-489.885238,2.993998,-14.179169,-14.814974,1.074977
1783943692294,18.020000,-457.406800,-471.241378,-483.776249,26.369449,-29.253715,-29.737835,-13.540412
1783943692314,18.040000,-491.532530,-464.051591,-477.290665,-14.241865,-37.066651,-37.413930,-29.164263
1783943692334,18.060000,-494.501430,-456.495624,-470.422031,-24.079399,-35.446311,-35.672623,-44.393402
1783943692354,18.080000,-471.726500,-448.570023,-463.163839,-8.562661,-25.126609,-25.238651,-57.914074
1783943692374,18.100000,-407.755550,-440.271547,-455.509594,47.754044,-10.618860,-10.612684,-68.528180
1783943692394,18.120000,-430.958070,-431.597228,-447.452889,16.494819,2.206193,2.342120,-75.069550
1783943692414,18.140000,-379.507930,-422.544442,-438.987487,59.479557,9.486814,9.767413,-76.418460
1783943692434,18.160000,-416.213560,-413.110976,-430.107403,13.893843,10.716861,11.157040,-71.833160
1783943692454,18.180000,-379.792270,-403.295092,-420.807001,41.014731,8.208127,8.820791,-61.474120
1783943692474,18.200000,-420.057500,-393.095604,-411.081081,-8.976419,5.482025,6.277305,-46.676132
1783943692494,18.220000,-373.602300,-382.511938,-400.924987,27.322687,5.233972,6.219196,-29.691933
1783943692514,18.240000,-383.907170,-371.544208,-390.334701,6.427531,8.066936,9.246878,-13.034671
1783943692534,18.260000,-334.987800,-360.193275,-379.306952,44.319152,12.957532,14.334648,1.271728
1783943692554,18.280000,-367.243100,-348.460820,-367.839324,0.596224,18.673376,20.247905,12.198636
1783943692574,18.300000,-323.870600,-336.349399,-355.930356,32.059756,24.241969,26.011894,19.735815
1783943692594,18.320000,-327.447140,-323.862507,-343.579658,16.132518,28.338530,30.299467,24.503103
1783943692614,18.340000,-288.375200,-311.004633,-330.788010,42.412810,29.295875,31.440930,27.299461
1783943692634,18.360000,-313.194340,-297.781313,-317.557468,4.363128,26.080473,28.400142,28.846313
1783943692654,18.380000,-278.141900,-284.199175,-303.891465,25.749565,18.944831,21.426946,29.678091
1783943692674,18.400000,-310.759400,-270.265984,-289.794905,-20.964495,9.262199,11.891940,30.047098
1783943692694,18.420000,-282.941700,-255.990675,-275.274255,-7.667445,-1.141133,1.618826,29.864336
1783943692714,18.440000,-303.711900,-241.383390,-260.337625,-43.374275,-10.865469,-7.995169,28.779282
1783943692734,18.460000,-267.252800,-226.455493,-244.994843,-22.257957,-19.428542,-16.470082,26.404837
1783943692754,18.480000,-294.407930,-211.219595,-229.257522,-65.150408,-27.066206,-24.043864,22.574590
1783943692774,18.500000,-247.766450,-195.689554,-213.139105,-34.627345,-34.282665,-31.222576,17.494303
1783943692794,18.520000,-281.399900,-179.880484,-196.654911,-84.744989,-41.469794,-38.399667,11.713128
1783943692814,18.540000,-234.049090,-163.808737,-179.822157,-54.226933,-48.729035,-45.677835,5.946146
1783943692834,18.560000,-261.863130,-147.491895,-162.659969,-99.203161,-55.954873,-52.952483,0.860475
1783943692854,18.580000,-212.528020,-130.948738,-145.189374,-67.338646,-62.899344,-59.976182,-3.071325
1783943692874,18.600000,-240.387300,-114.199210,-127.433275,-112.954025,-69.089986,-66.276620,-5.615183
1783943692894,18.620000,-189.949220,-97.264374,-109.416411,-80.532809,-73.831425,-71.158157,-6.744092
1783943692914,18.640000,-201.858920,-80.166359,-91.165295,-110.693625,-76.282910,-73.779359,-6.575298
1783943692934,18.660000,-163.463530,-62.928294,-72.708133,-90.755397,-75.501260,-73.195937,-5.299598
1783943692954,18.680000,-157.933440,-45.574239,-54.074727,-103.858713,-70.736859,-68.656739,-3.120031
1783943692974,18.700000,-107.221360,-28.129102,-35.296357,-71.925003,-61.892988,-60.063091,-0.206977
1783943692994,18.720000,-97.585915,-10.618553,-16.405649,-81.180266,-49.652038,-48.095024,3.337251
1783943693014,18.740000,-32.586926,6.931075,2.563581,-35.150507,-35.238856,-33.974652,7.502477
1783943693034,18.760000,-31.431168,24.492884,21.576488,-53.007656,-20.037375,-19.082857,12.353086
1783943693054,18.780000,33.842777,42.039526,40.597380,-6.754603,-5.406836,-4.775595,17.935904
1783943693074,18.800000,42.837387,59.543308,59.589911,-16.752524,7.243301,7.541099,24.152824
1783943693094,18.820000,106.086210,76.976317,78.517285,27.568925,16.689882,16.647519,30.687963
1783943693114,18.840000,91.918564,94.310537,97.342458,-5.423894,22.436362,22.050544,37.024296
1783943693134,18.860000,154.625500,111.517971,116.028367,38.597133,24.815750,24.086635,42.502712
1783943693154,18.880000,145.603330,128.570765,134.542769,11.060561,24.744836,23.676211,46.388607
1783943693174,18.900000,192.257660,145.441336,152.845224,39.412436,23.716543,22.316094,47.975210
1783943693194,18.920000,177.181440,162.102487,170.899808,6.281632,23.646468,21.925930,46.725720
1783943693214,18.940000,232.113650,178.527536,188.671422,43.442228,26.117031,24.092106,42.390713
1783943693234,18.960000,230.455020,194.690429,206.125995,24.329025,31.626378,29.316470,35.070328
1783943693254,18.980000,280.494320,210.565859,223.230680,57.263640,39.436981,36.864838,25.247133
1783943693274,19.000000,283.033570,226.129372,239.954040,43.079530,47.769169,44.960499,13.770417
1783943693294,19.020000,345.559400,241.357475,256.266225,89.293175,54.261876,51.244954,1.738908
1783943693314,19.040000,333.377800,256.227736,272.139124,61.238676,57.033042,53.838304,-9.704370
1783943693334,19.060000,379.580050,270.718872,287.546514,92.033536,55.836775,52.496412,-19.606527
1783943693354,19.080000,341.181920,284.810837,302.464177,38.717743,52.154368,48.701902,-27.432371
1783943693374,19.100000,397.924530,298.484900,316.870017,81.054513,47.922203,44.392051,-33.226254
1783943693394,19.120000,375.783080,311.723712,330.744138,45.038942,44.171918,40.598944,-37.570316
1783943693414,19.140000,424.385530,324.511363,344.068920,80.316610,40.895200,37.314263,-41.273754
1783943693434,19.160000,391.594600,336.833442,356.829063,34.765537,37.664559,34.110075,-44.967090
1783943693454,19.180000,443.771600,348.677068,369.011622,74.759978,33.973406,30.478912,-48.872906
1783943693474,19.200000,412.780520,360.030933,380.606014,32.174506,29.381921,25.979671,-52.841656
1783943693494,19.220000,447.271000,370.885317,391.604011,55.666989,23.735817,20.456399,-56.526814
1783943693514,19.240000,417.383060,381.232109,401.999718,15.383342,17.077567,13.949558,-59.562330
1783943693534,19.260000,454.127320,391.064809,411.789530,42.337790,9.292007,6.341665,-61.688350
1783943693554,19.280000,422.501530,400.378523,420.972076,1.529454,0.098648,-2.650358,-62.796660
1783943693574,19.300000,457.328200,409.169957,429.548149,27.780051,-10.442547,-12.969357,-62.888380
1783943693594,19.320000,411.177370,417.437390,437.520623,-26.343253,-21.358620,-23.645363,-62.005062
1783943693614,19.340000,439.558350,425.180651,444.894358,-5.336008,-30.813933,-32.845855,-60.215805
1783943693634,19.360000,407.505980,432.401082,451.676099,-44.170119,-36.902547,-38.668100,-57.649326
1783943693654,19.380000,441.017730,439.101496,457.874363,-16.856633,-38.457307,-39.948182,-54.478527
1783943693674,19.400000,422.741730,445.286125,463.499319,-40.757589,-35.329913,-36.541037,-50.812070
1783943693694,19.420000,455.498100,450.960571,468.562667,-13.064567,-28.243491,-29.172976,-46.564575
1783943693714,19.440000,444.389340,456.131743,473.077509,-28.688169,-18.563118,-19.212168,-41.427986
1783943693734,19.460000,487.765500,460.807788,477.058217,10.707283,-8.015469,-8.388257,-34.978497
1783943693754,19.480000,466.489440,464.998028,480.520301,-14.030861,1.825734,1.722232,-26.849184
1783943693774,19.500000,509.808470,468.712878,483.480278,26.328192,10.032896,10.189091,-16.893414
1783943693794,19.520000,470.167800,471.963774,485.955537,-15.787737,16.342871,16.746781,-5.305024
1783943693814,19.540000,519.992740,474.763087,487.964207,32.028533,20.629706,21.267197,7.328931
1783943693834,19.560000,489.549380,477.124043,489.525028,0.024352,22.516290,23.371333,20.099247
1783943693854,19.580000,511.197000,479.060631,490.657224,20.539776,21.650195,22.705141,31.977640
1783943693874,19.600000,476.878800,480.587517,491.380380,-14.501580,17.893724,19.129584,42.037266
1783943693894,19.620000,510.385250,481.719957,491.714324,18.670926,11.154746,12.551478,49.582195
1783943693914,19.640000,460.908870,482.473698,491.679012,-30.770142,1.680606,3.217398,54.196120
1783943693934,19.660000,478.353820,482.864897,491.294420,-12.940600,-9.421463,-7.765907,55.759064
1783943693954,19.680000,431.422330,482.910021,490.580440,-59.158110,-20.352682,-18.599873,54.420013
1783943693974,19.700000,451.859440,482.625765,489.556790,-37.697350,-29.327879,-27.499273,50.517376
1783943693994,19.720000,416.223500,482.028956,488.242916,-72.019416,-35.115206,-33.231962,44.523575
1783943694014,19.740000,440.849000,481.136476,486.657918,-45.808918,-37.122097,-35.204844,37.069065
1783943694034,19.760000,406.172520,479.965171,484.820470,-78.647950,-35.274874,-33.343501,28.975111
1783943694054,19.780000,436.858980,478.531773,482.748753,-45.889773,-30.112860,-28.186326,21.196245
1783943694074,19.800000,419.468930,476.852825,480.460396,-60.991466,-22.952560,-21.048730,14.675980
1783943694094,19.820000,455.077900,474.944607,477.972417,-22.894517,-15.496790,-13.632291,10.203223
1783943694114,19.840000,422.407100,472.823067,475.301180,-52.894080,-8.983130,-7.173239,8.316709
1783943694134,19.860000,458.111300,470.503757,472.462353,-14.351053,-3.748695,-2.007242,9.221269
1783943694154,19.880000,417.923030,468.001774,469.470870,-51.547840,0.447107,2.107803,12.699000
1783943694174,19.900000,454.698600,465.331709,466.340906,-11.642306,3.695623,5.264800,18.084470
1783943694194,19.920000,431.868650,462.507591,463.085849,-31.217199,5.488264,6.956745,24.392328
1783943694214,19.940000,450.362820,459.542850,459.718287,-9.355467,5.105369,6.465567,30.578238
1783943694234,19.960000,415.287930,456.450274,456.249990,-40.962060,2.236441,3.482353,35.781662
1783943694254,19.980000,448.283140,453.241977,452.691907,-4.408767,-2.848051,-1.720868,39.424442
1783943694274,20.000000,399.643000,449.929371,449.054158,-49.411158,-9.117465,-8.111932,41.185420
1783943694294,20.020000,418.407230,446.523147,445.346042,-26.938812,-14.711422,-13.829007,40.941400
1783943694314,20.040000,384.888280,443.033250,441.576034,-56.687754,-17.643323,-16.884148,38.721935
1783943694334,20.060000,410.479460,439.468875,437.751803,-27.272343,-16.783208,-16.146193,34.690520
1783943694354,20.080000,382.622700,435.838457,433.880222,-51.257522,-12.391033,-11.874078,29.172730
1783943694374,20.100000,430.366800,432.149671,429.967386,0.399414,-6.022967,-5.623136,22.719223
1783943694394,20.120000,397.227050,428.409431,426.018635,-28.791585,0.347457,0.633822,16.121920
1783943694414,20.140000,424.760600,424.623907,422.041412,2.719188,5.368322,5.545608,10.293862
1783943694434,20.160000,397.516970,420.798530,418.036976,-20.520006,8.453377,8.526788,6.012266
1783943694454,20.180000,428.439940,416.938011,414.008521,14.431419,9.340203,9.315788,3.651080
1783943694474,20.200000,394.868040,413.046366,409.958608,-15.090568,7.982707,7.867277,3.075507
1783943694494,20.220000,421.632140,409.126935,405.889194,15.742946,4.774734,4.575694,3.753125
1783943694514,20.240000,377.808600,405.182414,401.801669,-23.993069,0.618693,0.343865,4.964431
1783943694534,20.260000,407.244320,401.214887,397.696895,9.547425,-3.391235,-3.733768,5.978237
1783943694554,20.280000,366.990750,397.225853,393.575242,-26.584492,-6.445641,-6.847666,6.174960
1783943694574,20.300000,399.043880,393.216272,389.436632,9.607248,-8.268397,-8.721671,5.154577
1783943694594,20.320000,369.206480,389.186596,385.280581,-16.074101,-8.954369,-9.450704,2.827362
1783943694614,20.340000,393.719880,385.136811,381.106240,12.613640,-8.476577,-9.007910,-0.557302
1783943694634,20.360000,365.578950,381.066481,376.912436,-11.333486,-6.324773,-6.883233,-4.487724
1783943694654,20.380000,383.197200,376.974787,372.697718,10.499482,-1.776731,-2.354702,-8.360803
1783943694674,20.400000,373.340100,372.860573,368.460399,4.879701,5.307551,4.717371,-11.665997
1783943694694,20.420000,401.299200,368.722385,364.198594,37.100606,13.985000,13.389544,-14.072678
1783943694714,20.440000,384.402040,364.558519,359.910267,24.491773,22.525753,21.931537,-15.390858
1783943694734,20.460000,417.273320,360.367062,355.593264,61.680056,29.101107,28.514187,-15.498843
1783943694754,20.480000,387.616760,356.145933,351.245356,36.371404,32.445382,31.871325,-14.344777
1783943694774,20.500000,406.429320,351.892922,346.864272,59.565048,32.187581,31.631431,-12.037580
1783943694794,20.520000,376.142550,347.605735,342.447733,33.694817,28.606268,28.072528,-8.945594
1783943694814,20.540000,396.055050,343.282024,337.993487,58.061563,22.261948,21.754567,-5.699713
1783943694834,20.560000,351.167050,338.919427,333.499333,17.667717,13.963121,13.485483,-3.064936
1783943694854,20.580000,372.853360,334.515600,328.963152,43.890208,4.792498,4.347418,-1.740715
1783943694874,20.600000,327.499570,330.068247,324.382929,3.116641,-3.984105,-4.394383,-2.191131
1783943694894,20.620000,345.400820,325.575147,319.756775,25.644045,-11.034768,-11.408562,-4.559402
1783943694914,20.640000,310.776760,321.034184,315.082946,-4.306186,-15.165235,-15.501412,-8.655022
1783943694934,20.660000,327.021580,316.443366,310.359861,16.661719,-15.589862,-15.887815,-13.989736
1783943694954,20.680000,300.702100,311.800844,305.586111,-4.884011,-12.269118,-12.528729,-19.856344
1783943694974,20.700000,329.435240,307.104937,300.760477,28.674763,-6.211705,-6.433301,-25.434006
1783943694994,20.720000,308.252320,302.354140,295.881930,12.370390,0.668632,0.484327,-29.895050
1783943695014,20.740000,338.798370,297.547138,290.949645,47.848725,6.284800,6.136700,-32.505157
1783943695034,20.760000,305.030640,292.682818,285.963000,19.067640,9.300988,9.187637,-32.733444
1783943695054,20.780000,322.877500,287.760274,280.921575,41.955925,9.576671,9.496191,-30.390892
1783943695074,20.800000,295.909270,282.778809,275.825155,20.084115,7.906485,7.856454,-25.749046
1783943695094,20.820000,307.489170,277.737941,270.673722,36.815448,5.590913,5.568239,-19.533777
1783943695114,20.840000,270.187680,272.637399,265.467451,4.720229,4.016117,4.016995,-12.755206
1783943695134,20.860000,295.763500,267.477120,260.206698,35.556802,4.001844,4.021980,-6.447938
1783943695154,20.880000,262.978880,262.257240,254.891995,8.086885,5.348220,5.383489,-1.423353
1783943695174,20.900000,288.981350,256.978089,249.524032,39.457318,7.042916,7.090537,1.904184
1783943695194,20.920000,262.671570,251.640179,244.103648,18.567922,7.955659,8.015695,3.580420
1783943695214,20.940000,274.072940,246.244192,238.631813,35.441127,7.655071,7.731569,4.029185
1783943695234,20.960000,227.502690,240.790961,233.109611,-5.606921,6.567846,6.668395,3.826768
1783943695254,20.980000,266.312300,235.281460,227.538227,38.774073,5.170858,5.303030,3.433896
1783943695274,21.000000,220.932400,229.716781,221.782518,-0.850118,3.467480,3.632806,3.055696
1783943695294,21.020000,243.894010,224.098119,216.116316,27.777694,1.388472,1.579182,2.701848
1783943695314,21.040000,201.075350,218.426746,210.404950,-9.329600,-0.878667,-0.676353,2.331902
1783943695334,21.060000,222.579880,212.703998,204.649807,17.930073,-3.091406,-2.891201,1.925480
1783943695354,21.080000,188.156710,206.931247,198.852278,-10.695568,-5.179236,-4.991146,1.466579
1783943695374,21.100000,207.134980,201.109882,193.013739,14.121241,-7.136151,-6.965946,0.943542
1783943695394,21.120000,167.500440,195.241289,187.135529,-19.635089,-8.768966,-8.619236,0.384891
1783943695414,21.140000,186.604890,189.326826,181.218937,5.385953,-9.740275,-9.611852,-0.133832
1783943695434,21.160000,148.401690,183.367804,175.265180,-26.863490,-9.957143,-9.850215,-0.531220
1783943695454,21.180000,178.189400,177.365468,169.275391,8.914009,-9.883143,-9.797859,-0.756899
1783943695474,21.200000,136.377140,171.320976,163.250604,-26.873464,-10.373333,-10.309974,-0.777033
1783943695494,21.220000,166.816800,165.235382,157.191739,9.625061,-12.113612,-12.072511,-0.534727
1783943695514,21.240000,119.035545,159.109616,151.099589,-32.064044,-15.046685,-15.028057,0.051266
1783943695534,21.260000,143.656540,152.944476,144.974812,-1.318272,-18.131030,-18.134822,1.027381
1783943695554,21.280000,100.819260,146.740607,138.817921,-37.998661,-19.601681,-19.627485,2.331871
1783943695574,21.300000,115.419920,140.498491,132.629276,-17.209356,-17.730143,-17.777172,3.772407
1783943695594,21.320000,95.496140,134.218443,126.409079,-30.912939,-11.929417,-11.996517,5.082479
1783943695614,21.340000,127.847390,127.900594,120.157371,7.690019,-3.393193,-3.478882,6.055244
1783943695634,21.360000,102.976150,121.544892,113.874028,-10.897878,5.442606,5.340100,6.702158
1783943695654,21.380000,132.860000,115.151094,107.558760,25.301240,12.049363,11.932064,7.318167
1783943695674,21.400000,102.041330,108.718768,101.211116,0.830214,14.771623,14.641780,8.361617
1783943695694,21.420000,119.732820,102.247290,94.830481,24.902339,13.398727,13.258783,10.191387
1783943695714,21.440000,75.164474,95.735846,88.416085,-13.251611,9.132959,8.985530,12.819717
1783943695734,21.460000,89.928444,89.183440,81.967008,7.961436,3.806391,3.654240,15.816391
1783943695754,21.480000,62.692608,82.588897,75.482187,-12.789579,-1.076362,-1.230356,18.414816
1783943695774,21.500000,71.887850,75.950872,68.960421,2.927429,-4.618203,-4.771070,19.792894
1783943695794,21.520000,36.471855,69.267857,62.400389,-25.928534,-6.370349,-6.519060,19.392103
1783943695814,21.540000,60.446380,62.538198,55.800655,4.645725,-6.442838,-6.584334,17.098760
1783943695834,21.560000,33.595620,55.760105,49.159686,-15.564066,-5.526154,-5.657383,13.234118
1783943695854,21.580000,50.019848,48.931668,42.475860,7.543988,-4.374122,-4.492066,8.431949
1783943695874,21.600000,14.850353,42.050874,35.747488,-20.897135,-3.374621,-3.476330,3.469284
1783943695894,21.620000,40.934467,35.115625,28.972827,11.961640,-2.707678,-2.790299,-0.936931
1783943695914,21.640000,10.577566,28.123759,22.150097,-11.572531,-2.532533,-2.593345,-4.305004
1783943695934,21.660000,20.855839,21.073067,15.277499,5.578340,-2.848467,-2.884908,-6.449146
1783943695954,21.680000,-5.683792,13.961322,8.353237,-14.037028,-3.552342,-3.562040,-7.437995
1783943695974,21.700000,13.613167,6.786296,1.375531,12.237636,-4.702038,-4.682849,-7.519121
1783943695994,21.720000,-17.146057,-0.454210,-5.657356,-11.488701,-6.371185,-6.321221,-7.028507
1783943696014,21.740000,-8.093203,-7.762349,-12.747103,4.653900,-8.274417,-8.192079,-6.290183
1783943696034,21.760000,-36.148610,-15.140195,-19.895312,-16.253298,-9.811331,-9.695330,-5.555587
1783943696054,21.780000,-16.579836,-22.589721,-27.103483,10.523647,-10.375602,-10.224969,-5.002721
1783943696074,21.800000,-50.815517,-30.112773,-34.372999,-16.442518,-9.427463,-9.241536,-4.739490
1783943696094,21.820000,-28.370886,-37.711043,-41.705105,13.334219,-6.502618,-6.281010,-4.779943
1783943696114,21.840000,-59.606796,-45.386045,-49.100890,-10.505906,-1.476621,-1.219187,-5.032572
1783943696134,21.860000,-31.625662,-53.139090,-56.561269,24.935607,5.086744,5.379924,-5.328976
1783943696154,21.880000,-53.302467,-60.971257,-64.088368,10.785901,11.888809,12.217376,-5.462032
1783943696174,21.900000,-29.430943,-68.883378,-71.681545,42.250602,17.382468,17.745703,-5.206764
1783943696194,21.920000,-59.515434,-76.876006,-79.341113,19.825679,20.500549,20.897304,-4.355214
1783943696214,21.940000,-42.416756,-84.949401,-87.067145,44.650389,21.066791,21.495480,-2.800506
1783943696234,21.960000,-74.244800,-93.103508,-94.859470,20.614670,19.757212,20.215840,-0.639849
1783943696254,21.980000,-75.260810,-101.337938,-102.717654,27.456844,17.658774,18.144979,1.777054
1783943696274,22.000000,-97.122210,-109.651950,-110.640994,13.518784,15.386817,15.897908,3.900006
1783943696294,22.020000,-65.507080,-118.044444,-118.628510,53.121430,12.680754,13.213751,5.145143
1783943696314,22.040000,-128.965800,-126.513941,-126.678938,-2.286862,9.300729,9.852387,5.129100
1783943696334,22.060000,-104.685590,-135.058575,-134.790722,30.105132,5.720778,6.287615,3.809079
1783943696354,22.080000,-142.305370,-143.676087,-142.962017,0.656647,2.561275,3.139600,1.415238
1783943696374,22.100000,-138.083020,-152.363817,-151.190679,13.107659,-0.046862,0.539080,-1.728762
1783943696394,22.120000,-163.925640,-161.118699,-159.474268,-4.451372,-2.687527,-2.097988,-5.314176
1783943696414,22.140000,-144.628280,-169.937260,-167.810048,23.181768,-6.484303,-5.895294,-9.029210
1783943696434,22.160000,-194.471340,-178.815621,-176.194988,-18.276352,-12.186327,-11.602047,-12.517188
1783943696454,22.180000,-180.536290,-187.749496,-184.625765,4.089475,-19.355519,-18.780198,-15.412112
1783943696474,22.200000,-223.306090,-196.734198,-193.098765,-30.207325,-26.396195,-25.834052,-17.451532
1783943696494,22.220000,-222.318970,-205.764642,-201.610090,-20.708880,-31.069649,-30.524849,-18.587720
1783943696514,22.240000,-247.544000,-214.835354,-210.155564,-37.388436,-31.316871,-30.793484,-18.992157
1783943696534,22.260000,-227.492780,-223.940479,-218.730734,-8.762046,-25.994972,-25.496931,-18.915817
1783943696554,22.280000,-266.493650,-233.073790,-227.330880,-39.162770,-15.156707,-14.687771,-18.493254
1783943696574,22.300000,-238.758270,-242.228702,-235.951023,-2.807247,-0.583032,-0.146742,-17.631674
1783943696594,22.320000,-207.737060,-251.398283,-244.585929,36.848869,14.042077,14.442430,-16.020464
1783943696614,22.340000,-223.429490,-260.575271,-253.230118,29.800628,25.171699,25.533108,-13.185294
1783943696634,22.360000,-247.785060,-269.752087,-261.877873,14.092813,31.813112,32.132884,-8.619763
1783943696654,22.380000,-234.950030,-278.920856,-270.523251,35.573221,35.174028,35.449811,-2.100563
1783943696674,22.400000,-270.868350,-288.073427,-279.160086,8.291736,36.718819,36.948620,5.953808
1783943696694,22.420000,-244.499440,-297.201390,-287.782006,43.282566,37.011951,37.194152,14.441272
1783943696714,22.440000,-281.731500,-306.296104,-296.382439,14.650939,35.774848,35.908214,21.979935
1783943696734,22.460000,-273.973720,-315.348714,-304.954626,30.980906,32.643733,32.727415,27.435762
1783943696754,22.480000,-309.600700,-324.350183,-313.491634,3.890934,27.715186,27.748715,30.204622
1783943696774,22.500000,-299.829220,-333.291312,-321.986363,22.157143,21.667423,21.650698,30.198294
1783943696794,22.520000,-354.022340,-342.162772,-330.431567,-23.590773,15.696316,15.629583,27.682592
1783943696814,22.540000,-341.279300,-350.955127,-338.819861,-2.459439,10.885133,10.768961,23.104652
1783943696834,22.560000,-367.140800,-359.658862,-347.143738,-19.997062,7.352059,7.187306,16.985865
1783943696854,22.580000,-360.999540,-368.264414,-355.395583,-5.603957,4.373642,4.161415,9.913126
1783943696874,22.600000,-397.288020,-376.762195,-363.567687,-33.720333,1.260903,1.002514,2.578797
1783943696894,22.620000,-379.667420,-385.142620,-371.652263,-8.015157,-2.097710,-2.400794,-4.250718
1783943696914,22.640000,-428.627560,-393.396134,-379.641460,-48.986100,-5.149440,-5.495646,-9.885715
1783943696934,22.660000,-421.676270,-401.513235,-387.527379,-34.148891,-7.170625,-7.558336,-13.896710
1783943696954,22.680000,-447.242900,-409.484494,-395.302084,-51.940816,-8.412104,-8.839708,-16.206797
1783943696974,22.700000,-423.538240,-417.300583,-402.957622,-20.580618,-10.597836,-11.063784,-17.023010
1783943696994,22.720000,-454.323000,-424.952286,-410.486032,-43.836968,-15.704985,-16.207845,-16.629710
1783943697014,22.740000,-464.477840,-432.430523,-417.879362,-46.598478,-24.161215,-24.699722,-15.204826
1783943697034,22.760000,-502.875180,-439.726357,-425.129674,-77.745506,-34.445796,-35.018895,-12.855682
1783943697054,22.780000,-495.392730,-446.831012,-432.229063,-63.163667,-44.204592,-44.811479,-9.832191
1783943697074,22.800000,-527.832300,-453.735876,-439.169661,-88.662639,-51.296978,-51.937128,-6.633667
1783943697094,22.820000,-527.449300,-460.432512,-445.943647,-81.505653,-54.204511,-54.877703,-3.849405
1783943697114,22.840000,-545.308900,-466.912657,-452.543252,-92.765648,-52.498588,-53.204912,-1.881321
1783943697134,22.860000,-513.796260,-473.168224,-458.960766,-54.835494,-47.136167,-47.876028,-0.762054
1783943697154,22.880000,-532.391900,-479.191296,-465.188533,-67.203367,-39.655256,-40.429363,-0.115999
1783943697174,22.900000,-494.950530,-484.974124,-471.218960,-23.731570,-30.600893,-31.410232,0.765572
1783943697194,22.920000,-567.385700,-490.509117,-477.044509,-90.341191,-19.010030,-19.855829,2.691851
1783943697214,22.940000,-499.636470,-495.788828,-482.657689,-16.978781,-4.438350,-5.322020,6.183580
1783943697234,22.960000,-494.523070,-500.805948,-488.051058,-6.472012,10.713037,9.789964,11.202975
1783943697254,22.980000,-467.564540,-505.553287,-493.217201,25.652661,22.218408,21.254369,17.298850
1783943697274,23.000000,-483.709100,-510.023758,-498.148730,14.439630,27.114091,26.107574,24.000763
1783943697294,23.020000,-485.863100,-514.210363,-502.838263,16.975163,25.243421,24.193060,30.977560
1783943697314,23.040000,-508.044130,-518.106176,-507.278407,-0.765723,18.547947,17.452589,37.781723
1783943697334,23.060000,-500.303770,-521.704323,-511.461751,11.157981,9.487963,8.346718,43.556885
1783943697354,23.080000,-525.713870,-524.997970,-515.380836,-10.333034,0.027758,-1.159974,47.125240
1783943697374,23.100000,-511.498570,-527.980301,-519.028144,7.529574,-8.444359,-9.678860,47.414570
1783943697394,23.120000,-552.068240,-530.644509,-522.396080,-29.672160,-14.895825,-16.176960,43.889190
1783943697414,23.140000,-531.878600,-532.983775,-525.474436,-6.404164,-18.900421,-20.227440,36.716976
1783943697434,23.160000,-545.045650,-534.991264,-528.257652,-16.787998,-21.104268,-22.475522,26.667809
1783943697454,23.180000,-526.900100,-536.660103,-530.737816,3.837716,-22.806825,-24.219544,14.915245
1783943697474,23.200000,-546.488800,-537.983382,-532.906859,-13.581941,-24.755634,-26.205803,2.841191
1783943697494,23.220000,-530.660600,-538.954142,-534.756542,4.095942,-26.314279,-27.796599,-8.190891
1783943697514,23.240000,-559.225460,-539.565372,-536.278440,-22.947020,-25.636366,-27.144247,-17.117441
1783943697534,23.260000,-537.152340,-539.810007,-537.463926,0.311586,-20.878254,-22.403811,-23.407568
1783943697554,23.280000,-535.165900,-539.680932,-538.304162,3.138262,-11.687596,-13.221640,-27.089828
1783943697574,23.300000,-502.177550,-539.170985,-538.790089,36.612539,0.403493,-1.128547,-28.528633
1783943697594,23.320000,-495.203060,-538.272967,-538.912419,43.709359,13.059824,11.541580,-28.087784
1783943697614,23.340000,-472.587770,-536.979656,-538.661634,66.073864,24.737940,23.246553,-25.917871
1783943697634,23.360000,-488.390620,-535.283823,-538.027986,49.637366,35.446061,33.995809,-22.027784
1783943697654,23.380000,-461.515620,-533.178255,-537.001508,75.485888,45.909607,44.515907,-16.568783
1783943697674,23.400000,-460.152280,-530.655782,-535.572019,75.419739,56.011388,54.690675,-10.062225
1783943697694,23.420000,-423.471070,-527.709307,-533.729149,110.258079,64.263363,63.032952,-3.345183
1783943697714,23.440000,-440.139280,-524.331844,-531.462361,91.323081,68.750219,67.628133,2.727250
1783943697734,23.460000,-414.511440,-520.516560,-528.760984,114.249544,68.390215,67.394981,7.552301
1783943697754,23.480000,-450.306150,-516.256822,-525.614253,75.308103,63.433890,62.584316,10.804974
1783943697774,23.500000,-422.126920,-511.546247,-522.011358,99.884438,55.129101,54.444026,12.272120
1783943697794,23.520000,-450.671800,-506.378759,-517.941504,67.269704,45.311903,44.809923,11.726829
1783943697814,23.540000,-443.717530,-500.748648,-513.393973,69.676443,36.346864,36.046043,8.974842
1783943697834,23.560000,-469.771150,-494.650638,-508.358204,38.587054,30.664819,30.582392,3.988914
1783943697854,23.580000,-446.727720,-488.079946,-502.823877,56.096157,29.573750,29.725810,-3.000337
1783943697874,23.600000,-446.846200,-481.032363,-496.781004,49.934804,32.461089,32.862271,-11.466820
1783943697894,23.620000,-430.873570,-473.504315,-490.220032,59.346462,37.191258,37.854430,-20.559542
1783943697914,23.640000,-436.165130,-465.492945,-483.131954,46.966824,40.971829,41.907778,-29.144964
1783943697934,23.660000,-403.930200,-456.996183,-475.508423,71.578223,41.027199,42.244325,-36.016266
1783943697954,23.680000,-429.865840,-448.012818,-467.341875,37.476035,35.462757,36.966771,-40.210255
1783943697974,23.700000,-417.704040,-438.542578,-458.625657,40.921617,24.047299,25.840937,-41.281580
1783943697994,23.720000,-448.941100,-428.586195,-449.354160,0.413060,8.090044,10.172817,-39.443270
1783943698014,23.740000,-436.068100,-418.145476,-439.522952,3.454852,-10.290683,-7.922691,-35.537724
1783943698034,23.760000,-468.814300,-407.223369,-429.128911,-39.685389,-28.732552,-26.086776,-30.808935
1783943698054,23.780000,-459.500600,-395.824025,-418.170363,-41.330237,-44.988347,-42.075702,-26.524794
1783943698074,23.800000,-480.833000,-383.952854,-406.647213,-74.185787,-57.386729,-54.221425,-23.611734
1783943698094,23.820000,-458.520020,-371.616571,-394.561073,-63.958947,-65.241521,-61.840774,-22.436132
1783943698114,23.840000,-468.872070,-358.823247,-381.915378,-86.956692,-68.842424,-65.226228,-22.751990
1783943698134,23.860000,-444.540300,-345.582337,-368.715504,-75.824796,-69.129616,-65.320816,-23.791727
1783943698154,23.880000,-436.045530,-331.904711,-354.968867,-81.076663,-67.303129,-63.328094,-24.479025
1783943698174,23.900000,-416.393370,-317.802674,-340.685010,-75.708360,-64.327432,-60.217484,-23.712122
1783943698194,23.920000,-411.027770,-303.289970,-325.875679,-85.152091,-60.607444,-56.400829,-20.642725
1783943698214,23.940000,-376.346770,-288.381791,-310.554877,-65.791893,-56.144913,-51.888362,-14.879519
1783943698234,23.960000,-378.972930,-273.094758,-294.738908,-84.234022,-50.855639,-46.603715,-6.561966
1783943698254,23.980000,-330.441740,-257.446907,-278.446394,-51.995346,-44.808054,-40.617881,3.713642
1783943698274,24.000000,-329.596920,-241.457658,-261.500829,-68.096091,-38.255349,-34.177332,15.083394
1783943698294,24.020000,-286.398680,-225.147776,-244.304538,-42.094142,-31.402282,-27.474111,26.631400
1783943698314,24.040000,-278.976870,-208.539320,-226.701594,-52.275276,-24.254431,-20.504174,37.545380
1783943698334,24.060000,-241.249590,-191.655588,-208.719765,-32.529825,-16.735422,-13.189032,47.183620
1783943698354,24.080000,-238.606900,-174.521049,-190.388929,-48.217971,-9.135030,-5.821000,55.068775
1783943698374,24.100000,-173.991520,-157.161265,-171.740968,-2.250552,-2.598984,0.451069,60.867706
1783943698394,24.120000,-173.333570,-139.602809,-152.809642,-20.523928,1.342903,4.095870,64.418816
1783943698414,24.140000,-139.982070,-121.873173,-133.630438,-6.351632,2.032991,4.456525,65.771706
1783943698434,24.160000,-145.844020,-104.000670,-114.240410,-31.603610,0.048602,2.113058,65.124960
1783943698454,24.180000,-98.080185,-86.014328,-94.677991,-3.402194,-3.589973,-1.910263,62.650913
1783943698474,24.200000,-101.497530,-67.943783,-74.982800,-26.514730,-7.919734,-6.645795,58.380047
1783943698494,24.220000,-70.705580,-49.819159,-55.195429,-15.510151,-11.847708,-10.995664,52.277630
1783943698514,24.240000,-61.613130,-31.670952,-35.357219,-26.255911,-14.135375,-13.716385,44.412212
1783943698534,24.260000,-35.958057,-13.529907,-15.510032,-20.448025,-13.796564,-13.816833,35.045605
1783943698554,24.280000,-17.020023,4.573109,4.303995,-21.324018,-10.619192,-11.079979,24.617960
1783943698574,24.300000,28.240036,22.607235,24.042687,4.197349,-5.408723,-6.306345,13.711495
1783943698594,24.320000,36.924706,40.541742,43.664080,-6.739374,0.459812,-0.866054,3.027436
1783943698614,24.340000,90.054955,58.346162,63.126669,26.928286,5.851318,4.110633,-6.672366
1783943698634,24.360000,79.856125,75.990419,82.389645,-2.533520,10.372864,8.235475,-14.702006
1783943698654,24.380000,131.522860,93.444951,101.413134,30.109726,14.147407,11.635896,-20.645832
1783943698674,24.400000,142.501310,110.680839,120.158428,22.342882,17.222653,14.363777,-24.493866
1783943698694,24.420000,183.866330,127.669922,138.588201,45.278129,19.644668,16.468996,-26.598677
1783943698714,24.440000,177.598630,144.384918,156.666713,20.931917,21.955854,18.497348,-27.493195
1783943698734,24.460000,225.047900,160.799533,174.360003,50.687897,25.009702,21.305249,-27.724548
1783943698754,24.480000,223.234040,176.888568,191.636063,31.597977,29.266522,25.355427,-27.783743
1783943698774,24.500000,272.007400,192.628018,208.464992,63.542408,34.378986,30.302439,-28.065878
1783943698794,24.520000,276.652800,207.995167,224.819134,51.833666,39.318882,35.119404,-28.792435
1783943698814,24.540000,308.595730,222.968669,240.673194,67.922536,42.836509,38.557383,-29.952072
1783943698834,24.560000,315.072480,237.528627,256.004329,59.068151,43.809680,39.494385,-31.348831
1783943698854,24.580000,347.435240,251.656661,270.792227,76.643013,41.512229,37.203878,-32.736652
1783943698874,24.600000,338.124570,265.335965,285.019151,53.105419,36.126589,31.867381,-33.946754
1783943698894,24.620000,352.694950,278.551359,298.669971,54.024979,28.999834,24.830532,-34.959490
1783943698914,24.640000,343.182430,291.289329,311.732174,31.450256,22.001192,17.960629,-35.930866
1783943698934,24.660000,377.107240,303.538052,324.195845,52.911395,16.581681,12.706318,-37.154690
1783943698954,24.680000,357.502930,315.287425,336.053640,21.449290,13.522352,9.845879,-38.913580
1783943698974,24.700000,387.680970,326.529068,347.300733,40.380237,13.058394,9.611382,-41.279842
1783943698994,24.720000,384.856260,337.256327,357.934745,26.921515,14.765202,11.574828,-44.012860
1783943699014,24.740000,414.034520,347.464266,367.955663,46.078857,17.633599,14.723402,-46.607220
1783943699034,24.760000,403.147860,357.149650,377.365739,25.782121,20.502175,17.891866,-48.428600
1783943699054,24.780000,436.822270,366.310913,386.169379,50.652891,22.368125,20.073419,-48.873974
1783943699074,24.800000,416.120900,374.948126,394.373021,21.747879,22.518435,20.550892,-47.531635
1783943699094,24.820000,444.902100,383.062950,401.985005,42.917095,20.564413,18.931310,-44.302013
1783943699114,24.840000,430.537260,390.658585,409.015428,21.521832,16.471700,15.175981,-39.422590
1783943699134,24.860000,434.530270,397.739708,415.476016,19.054254,10.698864,9.739257,-33.394550
1783943699154,24.880000,425.061200,404.312406,421.384303,3.676897,4.063405,3.434789,-26.866526
1783943699174,24.900000,428.351560,410.384103,426.750311,1.601249,-2.707564,-3.013650,-20.513860
1783943699194,24.920000,414.900670,415.963481,431.589691,-16.689021,-9.264504,-9.259426,-14.919137
1783943699214,24.940000,425.601200,421.060393,435.919106,-10.317906,-15.631521,-15.329275,-10.456717
1783943699234,24.960000,408.574920,425.685778,439.756078,-31.181158,-21.897391,-21.314425,-7.212163
1783943699254,24.980000,418.020200,429.851564,443.118846,-25.098646,-27.720224,-26.875240,-4.984670
1783943699274,25.000000,392.426820,433.570578,446.026217,-53.599397,-32.114370,-31.028082,-3.381910
1783943699294,25.020000,410.797730,436.856442,448.497432,-37.699702,-33.801816,-32.496640,-1.966549
1783943699314,25.040000,393.505500,439.723479,450.552031,-57.046531,-31.805160,-30.304873,-0.374536
1783943699334,25.060000,412.366030,442.186612,452.209732,-39.843702,-25.890697,-24.220068,1.657935
1783943699354,25.080000,410.934400,444.261260,453.490304,-42.555904,-16.826027,-15.010453,4.341486
1783943699374,25.100000,433.547060,445.963246,454.413463,-20.866403,-6.286055,-4.351212,7.887635
1783943699394,25.120000,431.457280,447.308689,454.998761,-23.541481,3.690917,5.719407,12.513446
1783943699414,25.140000,448.051730,448.313918,455.265497,-7.213767,11.343431,13.440300,18.377090
1783943699434,25.160000,431.135130,448.995365,455.232617,-24.097487,15.477629,17.618249,25.455185
1783943699454,25.180000,453.031800,449.369485,454.918642,-1.886842,15.345598,17.506231,33.419680
1783943699474,25.200000,426.705380,449.452659,454.341587,-27.636207,10.613375,12.771403,41.611805
1783943699494,25.220000,433.922060,449.261110,453.518900,-19.596840,1.628461,3.762587,49.149937
1783943699514,25.240000,407.420470,448.810826,452.467397,-45.046927,-10.378289,-8.287871,55.111470
1783943699534,25.260000,402.769100,448.117479,451.203215,-48.434115,-23.306516,-21.277975,58.704815
1783943699554,25.280000,370.282470,447.196356,449.741763,-79.459293,-34.584396,-32.634152,59.388973
1783943699574,25.300000,372.486540,446.062291,448.097692,-75.611152,-42.156367,-40.299007,56.946606
1783943699594,25.320000,363.390380,444.729607,446.284858,-82.894478,-45.470754,-43.718975,51.539190
1783943699614,25.340000,384.783230,443.212062,444.316302,-59.533072,-45.378777,-43.743358,43.770140
1783943699634,25.360000,359.334870,441.522798,442.204236,-82.869366,-42.926327,-41.416128,34.707535
1783943699654,25.380000,372.946350,439.674304,439.960029,-67.013679,-38.551274,-37.173256,25.732199
1783943699674,25.400000,364.213620,437.678380,437.594206,-73.380586,-32.552725,-31.311997,18.181208
1783943699694,25.420000,388.871550,435.546108,435.116450,-46.244900,-25.781477,-24.681358,12.984158
1783943699714,25.440000,383.411870,433.287834,432.535610,-49.123740,-19.454734,-18.496834,10.525788
1783943699734,25.460000,401.601070,430.913152,429.859709,-28.258639,-14.304441,-13.488759,10.743651
1783943699754,25.480000,392.461880,428.430895,427.095971,-34.634091,-9.842569,-9.167601,13.275777
1783943699774,25.500000,389.801180,425.849136,424.250830,-34.449650,-4.469854,-3.932711,17.523363
1783943699794,25.520000,392.015200,423.175190,421.329967,-29.314767,3.225366,3.628830,22.659414
1783943699814,25.540000,421.718080,420.415623,418.338331,3.379749,13.018778,13.293837,27.717860
1783943699834,25.560000,413.483640,417.576271,415.280175,-1.796535,22.999464,23.152386,31.836401
1783943699854,25.580000,436.754270,414.662253,412.159089,24.595181,30.606513,30.644423,34.527500
1783943699874,25.600000,428.605300,411.678002,408.978039,19.627261,33.625462,33.556207,35.759342
1783943699894,25.620000,436.117800,408.627287,405.739403,30.378397,30.996303,30.828321,35.778576
1783943699914,25.640000,416.614530,405.513249,402.445018,14.169512,23.379159,23.121354,34.824024
1783943699934,25.660000,413.812440,402.338433,399.096214,14.716226,13.155508,12.817121,32.920406
1783943699954,25.680000,371.882080,399.104826,395.693866,-23.811786,3.561781,3.152276,29.819534
1783943699974,25.700000,393.880680,395.813897,392.238432,1.642248,-3.011187,-3.482235,25.086227
1783943699994,25.720000,381.148500,392.466638,388.730004,-7.581504,-6.177910,-6.700920,18.338951
1783943700014,25.740000,392.951050,389.063609,385.168349,7.782701,-6.916712,-7.482194,9.584160
1783943700034,25.760000,374.647830,385.604979,381.552957,-6.905127,-6.162100,-6.760742,-0.564100
1783943700054,25.780000,395.144780,382.090576,377.883085,17.261695,-4.078269,-4.701020,-10.979611
1783943700074,25.800000,370.561460,378.519929,374.157805,-3.596345,-0.050321,-0.688464,-20.396070
1783943700094,25.820000,391.320130,374.892316,370.376043,20.944087,6.763256,6.118038,-27.804770
1783943700114,25.840000,384.432300,371.206809,366.536627,17.895673,16.477868,15.833437,-32.664715
1783943700134,25.860000,407.747200,367.462321,362.638323,45.108877,27.858069,27.221779,-34.887010
1783943700154,25.880000,413.608220,363.657647,358.679879,54.928341,38.549092,37.927754,-34.671375
1783943700174,25.900000,427.546700,359.791509,354.660055,72.886645,46.102639,45.502480,-32.320885
1783943700194,25.920000,407.287100,355.862596,350.577667,56.709433,49.050353,48.476999,-28.171920
1783943700214,25.940000,416.197020,351.869601,346.431610,69.765410,47.052306,46.510759,-22.683237
1783943700234,25.960000,397.326350,347.811263,342.220890,55.105460,40.370208,39.864842,-16.564173
1783943700254,25.980000,398.014340,343.686396,337.944654,60.069686,29.690620,29.225176,-10.766655
1783943700274,26.000000,364.981200,339.493922,333.602208,31.378992,16.380947,15.958541,-6.296250
1783943700294,26.020000,360.115940,335.232900,329.193038,30.922902,2.501542,2.124666,-3.973010
1783943700314,26.040000,329.705440,330.902553,324.716834,4.988606,-9.665336,-9.994796,-4.279232
1783943700334,26.060000,325.386230,326.502290,320.173498,5.212732,-18.309651,-18.590411,-7.301327
1783943700354,26.080000,301.671020,322.031728,315.563161,-13.892141,-22.833340,-23.064708,-12.715352
1783943700374,26.100000,321.925540,317.490706,310.886193,11.039347,-24.259444,-24.441308,-19.798560
1783943700394,26.120000,307.762400,312.879309,306.143212,1.619188,-24.563398,-24.696194,-27.475454
1783943700414,26.140000,301.307800,308.197872,301.335544,-0.027744,-25.230852,-25.315516,-34.443172
1783943700434,26.160000,283.876680,303.446998,296.463877,-12.587197,-26.621968,-26.659871,-39.440090
1783943700454,26.180000,295.849240,298.627561,291.529599,4.319641,-28.459556,-28.452450,-41.599873
1783943700474,26.200000,278.223420,293.740718,286.534364,-8.310944,-30.106551,-30.056531,-40.675110
1783943700494,26.220000,269.446300,288.787909,281.480081,-12.033781,-30.429259,-30.338736,-36.992447
1783943700514,26.240000,265.185820,283.770861,276.368920,-11.183100,-28.260702,-28.132383,-31.241920
1783943700534,26.260000,272.004520,278.691587,271.203301,0.801219,-23.232184,-23.069040,-24.258240
1783943700554,26.280000,263.961850,273.552386,265.985889,-2.024039,-16.015583,-15.820819,-16.824080
1783943700574,26.300000,278.834000,268.355836,260.719588,18.114412,-8.041404,-7.818421,-9.495877
1783943700594,26.320000,273.037900,263.104793,255.407530,17.630370,-0.993538,-0.745898,-2.522425
1783943700614,26.340000,287.411070,257.802376,250.053061,37.358009,3.996765,4.265378,4.096028
1783943700634,26.360000,252.504210,252.451961,244.659735,7.844475,6.972430,7.258249,10.446124
1783943700654,26.380000,275.293330,247.057170,239.231289,36.062041,8.786111,9.085323,16.506216
1783943700674,26.400000,251.672640,241.621851,233.771637,17.901003,10.233145,10.541923,22.021010
1783943700694,26.420000,266.001070,236.150068,228.284845,37.716225,11.776556,12.091095,26.549470
1783943700714,26.440000,245.651520,230.646074,222.775116,22.876404,13.764629,14.081178,29.660309
1783943700734,26.460000,249.904140,225.114299,217.246764,32.657376,16.488492,16.803386,31.115433
1783943700754,26.480000,241.072020,219.559321,211.704199,29.367821,19.930818,20.240505,30.919810
1783943700774,26.500000,242.621120,213.985841,206.151897,36.469223,23.525484,23.826558,29.272993
1783943700794,26.520000,242.899430,208.398662,200.594379,42.305051,26.295269,26.584492,26.511019
1783943700814,26.540000,231.416530,202.802655,195.036183,36.380347,27.341823,27.616150,23.057938
1783943700834,26.560000,223.278260,197.202729,189.481840,33.796420,26.189077,26.445676,19.347270
1783943700854,26.580000,222.052890,191.603804,183.935842,38.117048,22.763892,23.000166,15.708535
1783943700874,26.600000,198.858200,186.010775,178.402621,20.455579,17.425670,17.639270,12.285214
1783943700894,26.620000,188.566790,180.428480,172.886512,15.680278,10.928237,11.117076,9.030104
1783943700914,26.640000,172.971500,174.861668,167.391731,5.579769,3.949506,4.111768,5.761226
1783943700934,26.660000,167.480480,169.314958,161.922343,5.558137,-3.277610,-3.143463,2.253566
1783943700954,26.680000,148.108410,163.792814,156.482235,-8.373825,-10.732186,-10.627410,-1.641791
1783943700974,26.700000,145.173200,158.299503,151.075088,-5.901888,-18.061051,-17.986621,-5.890833
1783943700994,26.720000,112.430670,152.839068,145.704346,-33.273676,-24.276899,-24.233508,-10.261302
1783943701014,26.740000,120.571080,147.415289,140.373196,-19.802116,-28.069657,-28.057725,-14.417797
1783943701034,26.760000,95.135560,142.031659,135.084537,-39.948977,-28.469741,-28.489420,-18.037964
1783943701054,26.780000,106.660520,136.691349,129.840961,-23.180441,-25.353882,-25.405072,-20.857069
1783943701074,26.800000,99.488010,131.397182,124.644726,-25.156716,-19.607120,-19.689479,-22.633432
1783943701094,26.820000,106.302410,126.151607,119.497738,-13.195328,-12.826592,-12.939554,-23.099508
1783943701114,26.840000,104.958466,120.956676,114.401531,-9.443065,-6.710581,-6.853372,-21.973562
1783943701134,26.860000,115.732860,115.814021,109.357248,6.375612,-2.322249,-2.493897,-19.043056
1783943701154,26.880000,90.654510,110.724838,104.365630,-13.711120,0.549676,0.350331,-14.283769
1783943701174,26.900000,89.782684,105.689867,99.426998,-9.644314,3.058685,2.832996,-7.980451
1783943701194,26.920000,89.525270,100.709381,94.541246,-5.015976,5.915856,5.665376,-0.782284
1783943701214,26.940000,97.652600,95.783171,89.707830,7.944770,8.567353,8.293837,6.409378
1783943701234,26.960000,89.934010,90.910546,84.925759,5.008251,9.845310,9.550697,12.730807
1783943701254,26.980000,94.727970,86.090316,80.193596,14.534374,9.222681,8.909037,17.645370
1783943701274,27.000000,58.828050,81.320799,75.507488,-16.679438,7.425101,7.094517,21.005968
1783943701294,27.020000,67.419914,76.599815,70.868970,-3.449056,5.667592,5.322128,22.864908
1783943701314,27.040000,64.455460,71.924693,66.273357,-1.817897,4.366888,4.008609,23.259180
1783943701334,27.060000,63.600555,67.292272,61.717426,1.883129,3.078739,2.709796,22.198110
1783943701354,27.080000,42.172585,62.698916,57.197522,-15.024937,1.369493,0.992173,19.813538
1783943701374,27.100000,44.813828,58.140518,52.709569,-7.895741,-0.968299,-1.351571,16.438410
1783943701394,27.120000,37.325990,53.612521,48.249087,-10.923097,-4.247041,-4.633712,12.505586
1783943701414,27.140000,35.004387,49.109932,43.811207,-8.806820,-8.669603,-9.057017,8.406711
1783943701434,27.160000,15.109559,44.627343,39.390694,-24.281135,-13.718193,-14.103608,4.446141
1783943701454,27.180000,14.083725,40.158952,34.981964,-20.898239,-18.057169,-18.437767,0.839885
1783943701474,27.200000,-3.325909,35.698591,30.579115,-33.905024,-20.093806,-20.466699,-2.311503
1783943701494,27.220000,7.336835,31.239755,26.175954,-18.839119,-18.677355,-19.039587,-5.026770
1783943701514,27.240000,-5.167859,26.775628,21.766024,-26.933883,-13.531791,-13.880342,-7.360992
1783943701534,27.260000,8.538853,22.299121,17.342642,-8.803789,-5.433191,-5.764986,-9.283000
1783943701554,27.280000,12.194788,17.802904,12.898929,-0.704141,3.827254,3.515341,-10.609557
1783943701574,27.300000,22.857876,13.279446,8.427850,14.430026,11.964292,11.675425,-11.032512
1783943701594,27.320000,19.670835,8.721050,3.922251,15.748584,17.104182,16.841545,-10.223496
1783943701614,27.340000,26.551975,4.119899,-0.625101,27.177076,18.559131,18.325914,-7.985808
1783943701634,27.360000,1.256430,-0.531907,-5.221478,6.477908,17.080853,16.880227,-4.411657
1783943701654,27.380000,9.033317,-5.242308,-9.874149,18.907466,14.304942,14.140035,0.021442
1783943701674,27.400000,-6.410724,-10.019235,-14.590337,8.179613,11.771265,11.645135,4.499566
1783943701694,27.420000,-5.060027,-14.870573,-19.377179,14.317152,10.327777,10.243381,8.091232
1783943701714,27.440000,-13.954501,-19.804111,-24.241684,10.287183,9.977084,9.937244,10.046513
1783943701734,27.460000,-12.694160,-24.827501,-29.190689,16.496529,9.929365,9.936731,10.025228
1783943701754,27.480000,-23.456257,-29.948210,-34.230822,10.774565,8.855390,8.912403,8.150143
1783943701774,27.500000,-16.534935,-35.173479,-39.368459,22.833524,5.367831,5.476683,4.901268
1783943701794,27.520000,-36.520930,-40.510276,-44.609684,8.088754,-1.198063,-1.035473,0.934333
1783943701814,27.540000,-52.945610,-45.965252,-49.960256,-2.985354,-10.179719,-9.961825,-3.122913
1783943701834,27.560000,-69.231514,-51.544701,-55.425568,-13.805946,-19.921964,-19.647576,-6.862154
1783943701854,27.580000,-72.809250,-57.254517,-61.010614,-11.798636,-28.633563,-28.301909,-10.195050
1783943701874,27.600000,-92.475494,-63.100151,-66.719957,-25.755537,-34.782442,-34.393211,-13.278922
1783943701894,27.620000,-91.480950,-69.086573,-72.557697,-18.923253,-37.107448,-36.660825,-16.300970
1783943701914,27.640000,-107.489334,-75.218232,-78.527442,-28.961892,-34.815598,-34.312298,-19.278070
1783943701934,27.660000,-92.519940,-81.499021,-84.632283,-7.887657,-27.981127,-27.422427,-21.990677
1783943701954,27.680000,-98.437130,-87.932237,-90.874768,-7.562362,-17.748807,-17.136562,-24.026382
1783943701974,27.700000,-83.635670,-94.520553,-97.256880,13.621210,-6.134561,-5.471218,-24.865976
1783943701994,27.720000,-75.232290,-101.265983,-103.780019,28.547729,4.536542,5.247942,-23.993628
1783943702014,27.740000,-81.754650,-108.169853,-110.444986,28.690336,12.452706,13.208528,-21.034643
1783943702034,27.760000,-84.226830,-115.232777,-117.251967,33.025137,16.787779,17.583801,-15.916137
1783943702054,27.780000,-91.493370,-122.454631,-124.200521,32.707151,17.394206,18.225610,-9.002503
1783943702074,27.800000,-96.056640,-129.834533,-131.289580,35.232940,14.358131,15.219484,-1.112607
1783943702094,27.820000,-107.144330,-137.370828,-138.517434,31.373104,8.089758,8.974980,6.642900
1783943702114,27.840000,-130.569090,-145.061075,-145.881734,15.312644,-0.290079,0.612275,13.140606
1783943702134,27.860000,-140.110460,-152.902034,-153.379492,13.269032,-8.924216,-8.012082,17.483637
1783943702154,27.880000,-160.882800,-160.889664,-161.005050,0.122250,-15.622634,-14.708544,19.123009
1783943702174,27.900000,-169.271060,-169.019121,-168.756083,-0.514977,-18.339508,-17.431549,17.903807
1783943702194,27.920000,-178.769350,-177.284758,-176.627716,-2.141634,-15.661662,-14.768011,14.087054
1783943702214,27.940000,-180.449070,-185.680133,-184.614470,4.165400,-7.300171,-6.429003,8.338312
1783943702234,27.960000,-173.008450,-194.198022,-192.710267,19.701817,5.610891,6.451454,1.652248
1783943702254,27.980000,-159.172320,-202.830431,-200.908452,41.736132,20.793967,21.595894,-4.778682
1783943702274,28.000000,-168.843750,-211.568613,-209.201810,40.358060,35.695521,36.450933,-9.740145
1783943702294,28.020000,-151.817230,-220.403099,-217.582582,65.765352,48.187754,48.888999,-12.228429
1783943702314,28.040000,-157.868680,-229.323720,-226.042488,68.173808,56.919899,57.559652,-11.697296
1783943702334,28.060000,-165.964970,-238.319639,-234.572753,68.607783,61.679537,62.250891,-8.216335
1783943702354,28.080000,-181.655760,-247.379391,-243.164127,61.508367,63.282907,63.779483,-2.475658
1783943702374,28.100000,-192.465580,-256.490921,-251.806914,59.341334,62.652281,63.068310,4.349775
1783943702394,28.120000,-199.555340,-265.641630,-260.491000,60.935660,59.897758,60.228172,10.847184
1783943702414,28.140000,-209.646600,-274.818420,-269.205881,59.559281,54.359688,54.600184,15.706906
1783943702434,28.160000,-237.709950,-284.007751,-277.940694,40.230744,45.502549,45.649651,18.052970
1783943702454,28.180000,-261.434750,-293.195689,-286.684246,25.249496,33.535817,33.586918,17.580954
1783943702474,28.200000,-286.576020,-302.367965,-295.425052,8.849032,19.187024,19.140419,14.445195
1783943702494,28.220000,-315.837400,-311.510037,-304.151364,-11.686036,3.212175,3.067080,9.039920
1783943702514,28.240000,-333.851260,-320.607144,-312.851204,-21.000056,-13.749575,-13.993023,1.859203
1783943702534,28.260000,-368.391330,-329.644368,-321.512404,-46.878926,-30.874152,-31.214904,-6.518209
1783943702554,28.280000,-389.239750,-338.606697,-330.122637,-59.117113,-46.740837,-47.176957,-15.413213
1783943702574,28.300000,-415.039500,-347.479082,-338.669450,-76.370050,-59.241871,-59.770577,-24.082357
1783943702594,28.320000,-436.819850,-356.246495,-347.140305,-89.679545,-65.923612,-66.541324,-31.796896
1783943702614,28.340000,-466.422000,-364.893987,-355.522607,-110.899393,-65.051837,-65.754243,-37.924680
1783943702634,28.360000,-430.247680,-373.406742,-363.803744,-66.443936,-57.088298,-57.870423,-41.964108
1783943702654,28.380000,-423.830600,-381.770130,-371.971114,-51.859486,-44.505704,-45.361992,-43.460754
1783943702674,28.400000,-470.919920,-389.969749,-380.012162,-90.907758,-29.951759,-30.876161,-41.886272
1783943702694,28.420000,-428.497560,-397.991478,-387.914407,-40.583153,-16.096223,-17.082286,-36.730840
1783943702714,28.440000,-417.317140,-405.821511,-395.665476,-21.651664,-6.602898,-7.643860,-27.820587
1783943702734,28.460000,-421.919860,-413.446400,-403.253126,-18.666734,-4.601473,-5.690358,-15.527720
1783943702754,28.480000,-447.276600,-420.853083,-410.665277,-36.611323,-9.976539,-11.106249,-0.704599
1783943702774,28.500000,-478.108030,-428.028916,-417.890032,-60.217998,-19.125357,-20.288764,15.414533
1783943702794,28.520000,-483.107300,-434.961695,-424.915703,-58.191597,-27.270441,-28.460472,31.179972
1783943702814,28.540000,-502.570200,-441.639681,-431.730832,-70.839368,-31.004134,-32.213849,44.639496
1783943702834,28.560000,-488.858100,-448.051613,-438.324207,-50.533893,-29.469402,-30.692071,54.030148
1783943702854,28.580000,-496.484130,-454.186722,-444.684884,-51.799246,-24.055159,-25.284321,58.408966
1783943702874,28.600000,-487.310550,-460.034739,-450.802200,-36.508350,-17.245505,-18.475021,57.994884
1783943702894,28.620000,-492.196400,-465.585897,-456.665784,-35.530616,-11.476762,-12.700858,54.019154
1783943702914,28.640000,-482.057430,-470.830939,-462.265572,-19.791858,-8.341732,-9.555031,48.212276
1783943702934,28.660000,-492.904240,-475.761106,-467.591808,-25.312432,-7.971265,-9.168806,42.216870
1783943702954,28.680000,-503.752000,-480.368140,-472.635057,-31.116943,-8.905745,-10.082989,37.155290
1783943702974,28.700000,-506.370900,-484.644268,-477.386204,-28.984696,-8.978179,-10.131010,33.435207
1783943702994,28.720000,-503.481200,-488.582197,-481.836454,-21.644746,-6.660812,-7.785520,30.804167
1783943703014,28.740000,-501.752870,-492.175097,-485.977336,-15.775534,-1.803483,-2.896739,28.631800
1783943703034,28.760000,-494.178900,-495.416585,-489.800691,-4.378209,4.407204,3.348377,26.299845
1783943703054,28.780000,-488.929440,-498.300713,-493.298676,4.369236,9.919950,8.898221,23.497660
1783943703074,28.800000,-472.628480,-500.821944,-496.463750,23.835270,12.728692,11.746468,20.295555
1783943703094,28.820000,-484.441350,-502.975139,-499.288668,14.847318,12.168592,11.228070,17.024885
1783943703114,28.840000,-484.393680,-504.755534,-501.766471,17.372791,9.742319,8.845543,14.052678
1783943703134,28.860000,-512.063660,-506.158722,-503.890475,-8.173185,8.397546,7.546464,11.529202
1783943703154,28.880000,-491.220900,-507.180638,-505.654259,14.433359,10.382594,9.579117,9.227225
1783943703174,28.900000,-479.299930,-507.817534,-507.051655,27.751725,15.557021,14.803081,6.633688
1783943703194,28.920000,-470.059080,-508.065971,-508.076733,38.017653,21.816988,21.114590,3.310863
1783943703214,28.940000,-468.125000,-507.922799,-508.723793,40.598793,26.729353,26.080620,-0.740621
1783943703234,28.960000,-461.317440,-507.385141,-508.987353,47.669913,28.617352,28.024564,-5.038942
1783943703254,28.980000,-459.064880,-506.450389,-508.862140,49.797260,26.965267,26.430883,-8.923739
1783943703274,29.000000,-466.009460,-505.116187,-508.343082,42.333622,22.620068,22.146747,-11.930084
1783943703294,29.020000,-472.475600,-503.380430,-507.425304,34.949704,17.554442,17.145052,-13.988584
1783943703314,29.040000,-471.822330,-501.241257,-506.104121,34.281791,13.982627,13.640264,-15.416265
1783943703334,29.060000,-479.265320,-498.697048,-504.375040,25.109720,13.260070,12.988085,-16.757936
1783943703354,29.080000,-456.952360,-495.746429,-502.233762,45.281402,15.152158,14.954200,-18.536486
1783943703374,29.100000,-456.642940,-492.388271,-499.676185,43.033245,18.029488,17.909546,-20.991035
1783943703394,29.120000,-444.847300,-488.621704,-496.698416,51.851116,19.958724,19.921140,-23.927925
1783943703414,29.140000,-445.913820,-484.446117,-493.298282,47.384462,19.789922,19.839315,-26.787710
1783943703434,29.160000,-444.100460,-479.861178,-489.471504,45.371044,17.607905,17.749022,-28.909770
1783943703454,29.180000,-454.437560,-474.866844,-485.214867,30.777307,14.429162,14.666704,-29.851156
1783943703474,29.200000,-443.374150,-469.463382,-480.525429,37.151279,11.297886,11.636364,-29.578796
1783943703494,29.220000,-446.598570,-463.651383,-475.400553,28.801983,8.517437,8.961061,-28.435760
1783943703514,29.240000,-436.146850,-457.431790,-469.837930,33.691080,5.629458,6.182047,-26.923569
1783943703534,29.260000,-437.755460,-450.805915,-463.835619,26.080159,1.961524,2.626415,-25.446577
1783943703554,29.280000,-435.562650,-443.775467,-457.392080,21.829430,-2.741133,-1.961174,-24.173529
1783943703574,29.300000,-440.794700,-436.342578,-450.506220,9.711520,-8.034511,-7.137385,-23.072357
1783943703594,29.320000,-429.851600,-428.509829,-443.177430,13.325830,-12.911852,-11.896228,-22.039324
1783943703614,29.340000,-432.577640,-420.280278,-435.405637,2.827997,-15.951164,-14.816577,-20.995556
1783943703634,29.360000,-434.588680,-411.657486,-427.191347,-7.397333,-15.555982,-14.302932,-19.900908
1783943703654,29.380000,-419.379330,-402.645546,-418.535696,-0.843634,-10.817350,-9.447386,-18.726820
1783943703674,29.400000,-399.283450,-393.249112,-409.440503,10.157053,-2.454364,-0.970161,-17.417732
1783943703694,29.420000,-380.683380,-383.473421,-399.908315,19.224935,7.252679,8.847251,-15.825503
1783943703714,29.440000,-353.327200,-373.324324,-389.942462,36.615262,15.557644,17.257476,-13.645046
1783943703734,29.460000,-350.592470,-362.808306,-379.547106,28.954636,20.633637,22.432340,-10.453801
1783943703754,29.480000,-339.846000,-351.932512,-368.727291,28.881291,22.322207,24.212095,-5.916976
1783943703774,29.500000,-343.214000,-340.704764,-357.488988,14.274988,21.621552,23.593644,-0.064172
1783943703794,29.520000,-320.287450,-329.133583,-345.839143,25.551693,19.469720,21.513752,6.561621
1783943703814,29.540000,-320.622380,-317.228206,-333.785714,13.163334,16.069944,18.174414,13.024826
1783943703834,29.560000,-309.294860,-304.998597,-321.337718,12.042858,11.107797,13.260019,18.333727
1783943703854,29.580000,-301.346920,-292.455458,-308.505257,7.158337,4.288834,6.475020,21.772760
1783943703874,29.600000,-307.228150,-279.610238,-295.299551,-11.928599,-4.192620,-1.987255,23.047155
1783943703894,29.620000,-305.527600,-266.475135,-281.732962,-23.794638,-13.637815,-11.428937,22.219995
1783943703914,29.640000,-287.281100,-253.063095,-267.819009,-19.462091,-23.241055,-21.045071,19.562578
1783943703934,29.660000,-298.308960,-239.387811,-253.572378,-44.736582,-32.094241,-29.928154,15.454364
1783943703954,29.680000,-287.230350,-225.463707,-239.008927,-48.221423,-39.019085,-36.900333,10.355121
1783943703974,29.700000,-282.023350,-211.305929,-224.145672,-57.877678,-43.026738,-40.973029,4.782960
1783943703994,29.720000,-262.027800,-196.930327,-209.000779,-53.027021,-43.934244,-41.963376,-0.733331
1783943704014,29.740000,-249.983930,-182.353423,-193.593531,-56.390399,-42.441148,-40.570792,-5.682358
1783943704034,29.760000,-225.831540,-167.592392,-177.944299,-47.887241,-39.769810,-38.017254,-9.559756
1783943704054,29.780000,-212.511300,-152.665018,-162.074490,-50.436810,-37.162786,-35.544613,-11.887357
1783943704074,29.800000,-186.878700,-137.589661,-146.006494,-40.872206,-35.387523,-33.919238,-12.303807
1783943704094,29.820000,-175.152270,-122.385207,-129.763617,-45.388653,-34.329061,-33.024717,-10.678001
1783943704114,29.840000,-154.100340,-107.071023,-113.370005,-40.730335,-32.838587,-31.710532,-7.179362
1783943704134,29.860000,-152.401700,-91.666901,-96.850559,-55.551141,-29.229170,-28.288088,-2.280640
1783943704154,29.880000,-111.900820,-76.192997,-80.230839,-31.669981,-22.473741,-21.729154,3.311661
1783943704174,29.900000,-88.358430,-60.669773,-63.536962,-24.821468,-13.085443,-12.546727,8.823620
1783943704194,29.920000,-54.788063,-45.117931,-46.795494,-7.992569,-2.764443,-2.442096,13.658238
1783943704214,29.940000,-32.863174,-29.558340,-30.033332,-2.829842,6.591202,6.684785,17.582987
1783943704234,29.960000,-4.624740,-14.011970,-13.277583,8.652843,13.580673,13.432178,20.710575
1783943704254,29.980000,11.911811,1.500183,3.444558,8.467253,17.560384,17.159801,23.280296
1783943704274,30.000000,38.542110,16.957173,20.250871,18.291239,18.671559,18.018641,25.411749
1783943704294,30.020000,46.689728,32.338175,36.812005,9.877723,17.790835,16.898022,26.987020
1783943704314,30.040000,61.272200,47.622566,53.258597,8.013603,16.230153,15.118183,27.676580
1783943704334,30.060000,78.093300,62.789997,69.564460,8.528840,15.017401,13.708232,27.048170
1783943704354,30.080000,101.268360,77.820465,85.703960,15.564400,14.324495,12.837355,24.720375
1783943704374,30.100000,117.182434,92.694393,101.652136,15.530298,13.676509,12.027562,20.535894
1783943704394,30.120000,135.386950,107.392695,117.384821,18.002129,12.669187,10.872909,14.683995
1783943704414,30.140000,133.590790,121.896851,132.878751,0.712039,11.329753,9.400571,7.671824
1783943704434,30.160000,172.267610,136.188966,148.111670,24.155940,9.798757,7.752205,0.141336
1783943704454,30.180000,173.260030,150.251842,163.062426,10.197604,8.178552,6.031753,-7.320199
1783943704474,30.200000,193.235960,164.069032,177.711063,15.524897,6.942078,4.713690,-14.254543
1783943704494,30.220000,195.481140,177.624898,192.038899,3.442241,6.945898,4.655761,-20.332418
1783943704514,30.240000,220.164180,190.904664,206.028595,14.135585,8.691454,6.360135,-25.366251
1783943704534,30.260000,235.870620,203.894462,219.664219,16.206401,11.687104,9.335472,-29.316230
1783943704554,30.280000,258.896940,216.581374,232.931290,25.965650,14.597321,12.246194,-32.216858
1783943704574,30.300000,275.013100,228.953472,245.816823,29.196277,16.063453,13.733323,-34.061930
1783943704594,30.320000,279.735530,240.999847,258.309353,21.426177,15.544167,13.254971,-34.773815
1783943704614,30.340000,290.344000,252.710638,270.398956,19.945044,13.479756,11.250676,-34.308273
1783943704634,30.360000,302.389740,264.077053,282.077248,20.312492,10.808715,8.657992,-32.801228
1783943704654,30.380000,306.091600,275.091382,293.337392,12.754208,8.504237,6.448990,-30.612900
1783943704674,30.400000,323.695980,285.747008,304.174071,19.521909,7.372737,5.428790,-28.221275
1783943704694,30.420000,317.349760,296.038410,314.583475,2.766285,7.861159,6.042880,-26.049255
1783943704714,30.440000,352.585400,305.961161,324.563257,28.022143,9.813080,8.133246,-24.339354
1783943704734,30.460000,343.655030,315.511919,334.112498,9.542532,12.537956,11.007628,-23.106207
1783943704754,30.480000,367.744080,324.688413,343.231649,24.512431,15.178917,13.807353,-22.154772
1783943704774,30.500000,373.511400,333.489425,351.922479,21.588921,16.964787,15.759369,-21.163490
1783943704794,30.520000,383.903780,341.914759,360.188003,23.715777,17.487431,16.453633,-19.807707
1783943704814,30.540000,378.957100,349.965218,368.032413,10.924687,16.899398,16.040763,-17.880707
1783943704834,30.560000,392.338600,357.642564,375.461000,16.877600,15.566456,14.884613,-15.374669
1783943704854,30.580000,397.209600,364.949477,382.480073,14.729527,13.647369,13.142068,-12.487564
1783943704874,30.600000,395.200200,371.889510,389.096872,6.103328,11.193980,10.863152,-9.537747
1783943704894,30.620000,398.871460,378.467043,395.319479,3.551981,8.334198,8.174031,-6.833094
1783943704914,30.640000,400.811040,384.687225,401.156728,-0.345688,5.173090,5.178131,-4.585074
1783943704934,30.660000,398.344570,390.555922,406.618116,-8.273546,1.715360,1.878629,-2.894925
1783943704954,30.680000,404.341220,396.079652,411.713702,-7.372482,-2.061724,-1.748616,-1.765658
1783943704974,30.700000,402.694340,401.265529,416.454026,-13.759686,-5.988830,-5.535543,-1.107204
1783943704994,30.720000,392.639340,406.121194,420.850010,-28.210670,-9.504150,-8.921481,-0.756332
1783943705014,30.740000,393.412140,410.654752,424.912870,-31.500730,-12.009281,-11.309006,-0.535336
1783943705034,30.760000,415.679000,414.874704,428.654031,-12.975031,-13.363171,-12.557873,-0.304849
1783943705054,30.780000,390.979060,418.789880,432.085039,-41.105979,-13.541110,-12.643969,0.054755
1783943705074,30.800000,406.544200,422.409371,435.217484,-28.673284,-12.241380,-11.265920,0.693872
1783943705094,30.820000,398.933840,425.742461,438.062919,-39.129079,-9.437603,-8.397418,1.777087
1783943705114,30.840000,422.522700,428.798563,440.632786,-18.110086,-5.937704,-4.846203,3.410826
1783943705134,30.860000,413.323800,431.587151,442.938343,-29.614543,-3.040184,-1.910443,5.627053
1783943705154,30.880000,423.691470,434.117699,444.986765,-21.295295,-1.814512,-0.659311,8.433720
1783943705174,30.900000,415.344970,436.399615,446.792723,-31.447753,-2.761878,-1.593834,11.813797
1783943705194,30.920000,422.870030,438.442187,448.366583,-25.496553,-5.823838,-4.655440,15.643093
1783943705214,30.940000,409.732670,440.254523,449.718297,-39.985627,-10.392062,-9.235556,19.629889
1783943705234,30.960000,405.514000,441.845498,450.857368,-45.343368,-15.460719,-14.327887,23.343613
1783943705254,30.980000,407.691700,443.223706,451.792802,-44.101102,-20.050206,-18.952155,26.308685
1783943705274,31.000000,398.362850,444.397412,452.533079,-54.170229,-23.475755,-22.422749,28.125677
1783943705294,31.020000,399.362370,445.374510,453.086124,-53.723754,-25.364791,-24.366144,28.587393
1783943705314,31.040000,400.330930,446.162485,453.459284,-53.128354,-25.720935,-24.784941,27.744986
1783943705334,31.060000,396.260200,446.768381,453.659313,-57.399113,-24.960162,-24.094067,25.891810
1783943705354,31.080000,414.243400,447.198771,453.692355,-39.448955,-23.715257,-22.925240,23.484476
1783943705374,31.100000,394.905700,447.459730,453.563943,-58.658243,-22.396509,-21.687681,21.045500
1783943705394,31.120000,409.249850,447.556821,453.278995,-44.029145,-20.983539,-20.359942,19.049166
1783943705414,31.140000,399.924500,447.495079,452.841816,-52.917316,-19.376556,-18.841171,17.798475
1783943705434,31.160000,422.885830,447.278996,452.256108,-29.370278,-17.618936,-17.173701,17.362318
1783943705454,31.180000,401.530400,446.912522,451.524981,-49.994581,-15.562326,-15.208159,17.621979
1783943705474,31.200000,422.634300,446.399063,450.650968,-28.016668,-12.651659,-12.388494,18.371843
1783943705494,31.220000,411.906680,445.741483,449.636050,-37.729370,-8.218403,-8.045228,19.381819
1783943705514,31.240000,428.634460,444.942113,448.481673,-19.847213,-1.874557,-1.789466,20.417230
1783943705534,31.260000,423.816160,444.002762,447.188778,-23.372618,6.160218,6.159971,21.270336
1783943705554,31.280000,448.258760,442.924734,445.757830,2.500930,14.838498,14.756440,21.813242
1783943705574,31.300000,453.643550,441.708848,444.188850,9.454700,22.620765,22.461138,22.041077
1783943705594,31.320000,460.878360,440.355458,442.481446,18.396914,28.421167,28.188860,22.075490
1783943705614,31.340000,450.533450,438.864477,440.634853,9.898597,32.209813,31.910297,22.088264
1783943705634,31.360000,463.388670,437.235407,438.647963,24.740707,34.578172,34.217430,22.143957
1783943705654,31.380000,455.691600,435.467367,436.519370,19.172230,35.945001,35.529454,22.074135
1783943705674,31.400000,462.568400,433.559125,434.247400,28.321000,36.208144,35.744584,21.509848
1783943705694,31.420000,458.987980,431.509129,431.830157,27.157823,34.839226,34.334744,20.055937
1783943705714,31.440000,466.707400,429.315542,429.265558,37.441842,31.383250,30.845170,17.472383
1783943705734,31.460000,435.785950,426.976277,426.551372,9.234578,26.074217,25.510022,13.745605
1783943705754,31.480000,442.535700,424.489034,423.685259,18.850441,19.673008,19.090281,9.021374
1783943705774,31.500000,430.875820,421.851333,420.664811,10.211009,12.692530,12.098881,3.479276
1783943705794,31.520000,433.963440,419.060555,417.487587,16.475853,5.305988,4.708994,-2.714907
1783943705814,31.540000,413.498600,416.113974,414.151151,-0.652551,-1.969175,-2.562030,-9.339765
1783943705834,31.560000,402.207460,413.008801,410.653112,-8.445652,-8.031960,-8.613353,-16.058350
1783943705854,31.580000,394.311220,409.742214,406.991158,-12.679938,-11.984782,-12.547604,-22.484010
1783943705874,31.600000,402.132780,406.311402,403.163091,-1.030311,-14.029157,-14.566576,-28.287718
1783943705894,31.620000,393.000550,402.713598,399.166863,-6.166313,-15.342699,-15.848213,-33.196040
1783943705914,31.640000,394.105350,398.946118,395.000609,-0.895259,-17.195197,-17.662690,-36.905674
1783943705934,31.660000,382.590820,395.006398,390.662680,-8.071860,-20.247416,-20.671213,-39.072080
1783943705954,31.680000,377.248900,390.892028,386.151673,-8.902773,-24.374784,-24.749699,-39.437230
1783943705974,31.700000,366.016720,386.600792,381.466458,-15.449738,-28.899597,-29.220982,-37.990730
1783943705994,31.720000,365.276370,382.130696,376.606212,-11.329842,-32.946043,-33.209834,-35.022846
1783943706014,31.740000,352.020700,377.480010,371.570437,-19.549737,-35.638519,-35.841275,-31.033365
1783943706034,31.760000,349.380580,372.647296,366.358988,-16.978408,-36.268299,-36.407242,-26.568186
1783943706054,31.780000,341.814670,367.631440,360.972096,-19.157426,-34.664499,-34.737548,-22.078588
1783943706074,31.800000,358.249080,362.431685,355.410381,2.838699,-31.393646,-31.399443,-17.838577
1783943706094,31.820000,343.099370,357.047655,349.674875,-6.575505,-27.269593,-27.207525,-13.902706
1783943706114,31.840000,354.267400,351.479386,343.767031,10.500369,-22.625706,-22.495921,-10.118924
1783943706134,31.860000,338.490570,345.727349,337.688736,0.801834,-17.167279,-16.970692,-6.236768
1783943706154,31.880000,350.088440,339.792468,331.442318,18.646122,-10.446508,-10.184804,-2.078880
1783943706174,31.900000,349.559270,333.676146,325.030549,24.528721,-2.392097,-2.067720,2.345513
1783943706194,31.920000,360.333370,327.380274,318.456647,41.876723,6.684397,7.068261,6.872697
1783943706214,31.940000,353.163640,320.907246,311.724275,41.439365,16.475722,16.915171,11.304509
1783943706234,31.960000,363.392460,314.259970,304.837528,58.554932,26.787312,27.277762,15.487468
1783943706254,31.980000,356.005680,307.441869,297.800932,58.204748,37.195020,37.731251,19.297640
1783943706274,32.000000,374.926000,300.456883,290.619422,84.306578,46.722084,47.298294,22.593353
1783943706294,32.020000,358.687930,293.309463,283.298332,75.389598,53.972298,54.582168,25.216227
1783943706314,32.040000,376.895630,286.004568,275.843368,101.052262,57.663344,58.300111,27.031942
1783943706334,32.060000,342.810670,278.547644,268.260588,74.550082,57.194544,57.851093,27.943369
1783943706354,32.080000,345.865300,270.944611,260.556375,85.308925,52.773472,53.442434,27.839203
1783943706374,32.100000,318.414250,263.201840,252.737405,65.676845,45.016023,45.689881,26.523882
1783943706394,32.120000,313.355530,255.326123,244.810617,68.544913,34.675120,35.346308,23.722168
1783943706414,32.140000,280.032840,247.324645,236.782790,43.250050,22.803780,23.464770,19.188631
1783943706434,32.160000,268.068570,239.204945,228.661613,39.406957,10.892614,11.535990,12.848366
1783943706454,32.180000,231.903630,230.974879,220.454591,11.449039,0.588407,1.206946,4.867533
1783943706474,32.200000,225.492160,222.642574,212.169348,13.322812,-6.983518,-6.396758,-4.365231
1783943706494,32.220000,210.440640,214.216387,203.813584,6.627056,-11.727230,-11.178811,-14.275285
1783943706514,32.240000,206.164430,205.704852,195.395037,10.769393,-14.228812,-13.724827,-24.105390
1783943706534,32.260000,183.848420,197.116632,186.921445,-3.073025,-14.862302,-14.408288,-32.935112
1783943706554,32.280000,175.853650,188.460468,178.400503,-2.546853,-13.434366,-13.035235,-39.809505
1783943706574,32.300000,158.032320,179.745120,169.839824,-11.807504,-9.795836,-9.455816,-43.975933
1783943706594,32.320000,172.544630,170.979322,161.246902,11.297728,-4.651155,-4.373735,-45.080430
1783943706614,32.340000,156.620650,162.171721,152.629072,3.991578,0.523011,0.735111,-43.172527
1783943706634,32.360000,158.019260,153.330826,143.993472,14.025788,4.384357,4.529220,-38.556126
1783943706654,32.380000,129.903990,144.464952,135.347009,-5.443019,6.282499,6.359025,-31.672165
1783943706674,32.400000,146.515050,135.582171,126.696320,19.818730,6.087231,6.095144,-23.105371
1783943706694,32.420000,112.056970,126.690261,118.047739,-5.990769,4.133254,4.073098,-13.611009
1783943706714,32.440000,110.790016,117.796653,109.407269,1.382747,1.415681,1.288804,-4.047080
1783943706734,32.460000,75.731260,108.908386,100.780544,-25.049284,-0.843375,-1.034841,4.749308
1783943706754,32.480000,85.148445,100.032067,92.172803,-7.024358,-2.234595,-2.487772,12.060070
1783943706774,32.500000,66.677320,91.173822,83.588865,-16.911545,-3.637679,-3.948980,17.381409
1783943706794,32.520000,70.862030,82.339263,75.033104,-4.171074,-6.428627,-6.793810,20.555033
1783943706814,32.540000,34.892740,73.533455,66.509424,-31.616684,-11.168932,-11.583151,21.837570
1783943706834,32.560000,26.662592,64.760882,58.021241,-31.358649,-17.173386,-17.631255,21.769560
1783943706854,32.580000,6.563269,56.025423,49.571468,-43.008199,-23.195365,-23.691022,20.890823
1783943706874,32.600000,0.495630,47.330332,41.162501,-40.666872,-28.147011,-28.674184,19.528467
1783943706894,32.620000,-25.559252,38.678220,32.796208,-58.355460,-31.326729,-31.878809,17.803846
1783943706914,32.640000,-14.121140,30.071047,24.473924,-38.595064,-32.498467,-33.068581,15.783264
1783943706934,32.660000,-40.018852,21.510111,16.196445,-56.215297,-31.761442,-32.342537,13.614865
1783943706954,32.680000,-37.220306,12.996054,7.964035,-45.184341,-29.300161,-29.885084,11.566216
1783943706974,32.700000,-47.269524,4.528862,-0.223575,-47.045949,-25.489839,-26.071429,9.967762
1783943706994,32.720000,-39.939037,-3.892121,-8.367176,-31.571861,-21.030761,-21.601933,9.118573
1783943707014,32.740000,-56.489790,-12.268180,-16.468066,-40.021724,-16.711914,-17.265727,9.215271
1783943707034,32.760000,-44.551130,-20.601205,-24.528036,-20.023094,-13.144597,-13.674293,10.322771
1783943707054,32.780000,-68.819046,-28.893666,-32.549346,-36.269700,-10.692941,-11.191934,12.356626
1783943707074,32.800000,-57.714670,-37.148584,-40.534705,-17.179965,-9.586072,-10.047893,15.063229
1783943707094,32.820000,-72.785520,-45.369490,-48.487238,-24.298282,-10.015819,-10.434047,18.038070
1783943707114,32.840000,-68.995580,-53.560389,-56.410454,-12.585126,-11.837697,-12.205957,20.808718
1783943707134,32.860000,-96.688260,-61.725716,-64.308215,-32.380045,-14.180238,-14.492386,22.938745
1783943707154,32.880000,-96.691500,-69.870284,-72.184691,-24.506809,-15.758345,-16.008974,24.081282
1783943707174,32.900000,-107.378660,-77.999236,-80.044327,-27.334333,-15.770756,-15.956070,23.977930
1783943707194,32.920000,-95.503960,-86.117992,-87.891789,-7.612171,-14.292643,-14.411547,22.489252
1783943707214,32.940000,-113.194690,-94.232186,-95.731927,-17.462763,-11.705179,-11.760060,19.695200
1783943707234,32.960000,-108.842210,-102.347615,-103.569723,-5.272487,-8.043843,-8.040162,15.955802
1783943707254,32.980000,-126.034870,-110.470173,-111.410240,-14.624630,-3.154523,-3.098079,11.812631
1783943707274,33.000000,-102.588590,-118.605790,-119.157006,16.568416,2.709801,2.817371,7.787682
1783943707294,33.020000,-122.319660,-126.760373,-127.020670,4.701010,8.814581,8.978128,4.253482
1783943707314,33.040000,-107.977050,-134.939739,-134.902340,26.925290,14.385724,14.613978,1.434274
1783943707334,33.060000,-125.322450,-143.149558,-142.806915,17.484465,18.855527,19.156470,-0.560160
1783943707354,33.080000,-108.841034,-151.395288,-150.739130,41.898096,21.906799,22.284972,-1.744967
1783943707374,33.100000,-132.311040,-159.682118,-158.703504,26.392464,23.681425,24.137620,-2.278474
1783943707394,33.120000,-110.471420,-168.014909,-166.704294,56.232874,25.112750,25.644900,-2.429400
1783943707414,33.140000,-171.536930,-176.398140,-174.745454,3.208524,27.776614,28.380928,-2.522027
1783943707434,33.160000,-125.404680,-184.835856,-182.830591,57.425911,32.568192,33.240044,-2.917523
1783943707454,33.180000,-142.422120,-193.331615,-190.962925,48.540805,38.515640,39.250045,-3.963656
1783943707474,33.200000,-131.990780,-201.888449,-199.145257,67.154477,43.593001,44.384769,-5.828523
1783943707494,33.220000,-156.878100,-210.508816,-207.379935,50.501835,46.255701,47.099393,-8.343395
1783943707514,33.240000,-145.439830,-219.194567,-215.668824,70.228994,45.898250,46.788072,-11.068069
1783943707534,33.260000,-178.037630,-227.946909,-224.013281,45.975651,42.697189,43.626906,-13.572174
1783943707554,33.280000,-179.302030,-236.766380,-232.414134,53.112104,37.350881,38.313778,-15.686282
1783943707574,33.300000,-207.498720,-245.652820,-240.871664,33.372944,30.582376,31.571272,-17.549059
1783943707594,33.320000,-210.120640,-254.605357,-249.385588,39.264948,22.727008,23.734292,-19.490496
1783943707614,33.340000,-237.985890,-263.622385,-257.955050,19.969160,13.803157,14.820853,-21.848944
1783943707634,33.360000,-244.688480,-272.701562,-266.578612,21.890132,3.967557,4.987379,-24.802114
1783943707654,33.380000,-278.834700,-281.839794,-275.254251,-3.580449,-6.040128,-5.026710,-28.290857
1783943707674,33.400000,-286.298340,-291.033239,-283.979354,-2.318986,-14.841495,-13.843207,-32.062965
1783943707694,33.420000,-319.828740,-300.277306,-292.750719,-27.078021,-20.856992,-19.882701,-35.781223
1783943707714,33.440000,-310.488370,-309.566663,-301.564562,-8.923808,-22.932828,-21.991492,-39.105366
1783943707734,33.460000,-343.427370,-318.895239,-310.416517,-33.010853,-20.731050,-19.831663,-41.697144
1783943707754,33.480000,-325.562680,-328.256245,-319.301646,-6.261034,-14.881609,-14.033150,-43.182194
1783943707774,33.500000,-345.274260,-337.642179,-328.214446,-17.059814,-6.972433,-6.183810,-43.139324
1783943707794,33.520000,-330.766330,-347.044851,-337.148860,6.382530,0.826732,1.546738,-41.151974
1783943707814,33.540000,-354.171940,-356.455399,-346.098289,-8.073651,6.356159,6.998952,-36.914340
1783943707834,33.560000,-339.690500,-365.864311,-355.055599,15.365099,7.986137,8.543366,-30.360054
1783943707854,33.580000,-373.092680,-375.261452,-364.013141,-9.079539,5.141287,5.604905,-21.765701
1783943707874,33.600000,-379.689030,-384.636085,-372.962757,-6.726273,-1.400951,-1.038627,-11.785472
1783943707894,33.620000,-412.940730,-393.976904,-381.895800,-31.044930,-9.928573,-9.674800,-1.400810
1783943707914,33.640000,-412.324900,-403.272058,-390.803144,-21.521756,-18.591574,-18.453125,8.224009
1783943707934,33.660000,-446.523320,-412.509186,-399.675200,-46.848120,-25.808213,-25.791324,15.986575
1783943707954,33.680000,-446.665160,-421.675442,-408.501931,-38.163229,-30.321722,-30.432052,21.128590
1783943707974,33.700000,-483.431340,-430.757532,-417.272865,-66.158475,-31.505047,-31.747638,23.417300
1783943707994,33.720000,-464.809940,-439.741741,-425.977110,-38.832830,-29.980649,-30.359903,23.144035
1783943708014,33.740000,-473.948600,-448.613970,-434.603367,-39.345233,-27.570885,-28.090530,21.013084
1783943708034,33.760000,-476.137270,-457.359763,-443.139947,-32.997323,-25.925544,-26.588567,18.017458
1783943708054,33.780000,-511.574800,-465.964342,-451.574778,-60.000022,-25.293568,-26.102095,15.253882
1783943708074,33.800000,-492.921260,-474.412640,-459.895426,-33.025834,-24.927014,-25.882113,13.614970
1783943708094,33.820000,-521.329470,-482.689330,-468.089098,-53.240372,-24.079147,-25.180564,13.500130
1783943708114,33.840000,-503.206270,-490.778856,-476.142663,-27.063607,-22.238936,-23.484852,14.775043
1783943708134,33.860000,-529.858300,-498.665469,-484.042669,-45.815631,-18.880214,-20.267175,16.995360
1783943708154,33.880000,-514.811160,-506.333250,-491.782232,-23.028928,-13.403787,-14.926949,19.672945
1783943708174,33.900000,-536.226700,-513.766149,-499.340777,-36.885923,-5.516933,-7.170503,22.410105
1783943708194,33.920000,-512.337100,-520.948010,-506.703876,-5.633224,4.167942,2.390401,24.925196
1783943708214,33.940000,-529.937200,-527.862605,-513.856810,-16.080390,13.820189,11.925729,27.057276
1783943708234,33.960000,-493.406160,-534.493661,-520.784579,27.378419,20.797887,18.794333,28.781357
1783943708254,33.980000,-519.728900,-540.824898,-527.471919,7.743019,22.956560,20.852693,30.207443
1783943708274,34.000000,-512.787200,-546.840051,-533.903311,21.116111,20.123692,17.929384,31.501001
1783943708294,34.020000,-555.355960,-552.522911,-540.062998,-15.292962,14.283842,12.010120,32.695070
1783943708314,34.040000,-531.475600,-557.857352,-545.934997,14.459397,8.297936,5.956987,33.496580
1783943708334,34.060000,-576.577760,-562.827367,-551.503122,-25.074638,4.498019,2.103150,33.282860
1783943708354,34.080000,-549.714300,-567.417101,-556.750998,7.036698,3.830063,1.395642,31.359915
1783943708374,34.100000,-574.160500,-571.610886,-561.662086,-12.498414,5.456530,2.997918,27.325928
1783943708394,34.120000,-544.223270,-575.393279,-566.219704,21.996434,7.181213,4.714690,21.316366
1783943708414,34.140000,-569.474000,-578.749094,-570.407054,0.933054,6.751189,4.293877,14.020592
1783943708434,34.160000,-555.551200,-581.663443,-574.207252,18.656052,3.225777,0.795554,6.475140
1783943708454,34.180000,-592.808960,-584.121774,-577.603358,-15.205602,-2.527821,-4.912423,-0.300989
1783943708474,34.200000,-576.183000,-586.109908,-580.578410,4.395410,-8.483542,-10.803443,-5.675781
1783943708494,34.220000,-608.564200,-587.614081,-583.115467,-25.448733,-12.627861,-14.863557,-9.577491
1783943708514,34.240000,-581.911400,-588.620984,-585.197644,3.286244,-13.877583,-16.009285,-12.378464
1783943708534,34.260000,-599.324700,-589.117803,-586.808159,-12.516541,-12.305746,-14.313533,-14.576255
1783943708554,34.280000,-574.840640,-589.092263,-587.930385,13.089745,-8.640863,-10.504840,-16.471670
1783943708574,34.300000,-591.201300,-588.532670,-588.547897,-2.653403,-3.593286,-5.293760,-18.022593
1783943708594,34.320000,-562.621100,-587.427954,-588.644528,26.023428,2.449474,0.931816,-18.920668
1783943708614,34.340000,-586.991300,-585.767710,-588.204435,1.213135,9.264521,7.948416,-18.804407
1783943708634,34.360000,-545.018430,-583.542248,-587.212152,42.193722,16.290963,15.194375,-17.465280
1783943708654,34.380000,-563.393000,-580.742633,-585.652667,22.259667,22.341402,21.481322,-14.933787
1783943708674,34.400000,-526.302800,-577.360732,-583.511485,57.208685,26.020234,25.412467,-11.433579
1783943708694,34.420000,-550.331240,-573.389256,-580.774707,30.443467,26.509682,26.168645,-7.285689
1783943708714,34.440000,-522.904700,-568.821811,-577.429109,54.524409,24.126818,24.065325,-2.859512
1783943708734,34.460000,-554.849730,-563.652938,-573.462220,18.612490,20.309685,20.538745,1.406411
1783943708754,34.480000,-532.773300,-557.878162,-568.862413,36.089113,16.894593,17.423213,4.980021
1783943708774,34.500000,-540.857200,-551.494034,-563.618987,22.761787,15.131167,15.966156,7.294067
1783943708794,34.520000,-519.641240,-544.498178,-557.722265,38.081025,15.339889,16.485684,7.916220
1783943708814,34.540000,-536.280500,-536.889331,-551.163683,14.883183,17.160767,18.619266,6.743591
1783943708834,34.560000,-498.105740,-528.667389,-543.935888,45.830148,19.659425,21.429844,4.077059
1783943708854,34.580000,-515.015000,-519.833445,-536.032834,21.017834,21.481224,23.559970,0.525988
1783943708874,34.600000,-477.700680,-510.389829,-527.449877,49.749197,21.427107,23.807679,-3.178096
1783943708894,34.620000,-501.328430,-500.340143,-518.183877,16.855447,19.096353,21.769269,-6.365428
1783943708914,34.640000,-474.695200,-489.689301,-508.233289,33.538089,15.088932,18.041687,-8.587183
1783943708934,34.660000,-500.956020,-478.443554,-497.598260,-3.357760,10.490961,13.708018,-9.735806
1783943708954,34.680000,-458.958130,-466.610520,-486.280718,27.322588,6.025604,9.488417,-10.057797
1783943708974,34.700000,-479.124700,-454.199211,-474.284457,-4.840243,1.800925,5.488000,-10.006844
1783943708994,34.720000,-452.006040,-441.220054,-461.615225,9.609185,-2.242717,1.644280,-10.004033
1783943709014,34.740000,-463.797030,-427.684901,-448.280791,-15.516239,-6.038243,-1.978370,-10.264962
1783943709034,34.760000,-431.858200,-413.607048,-434.291020,2.432820,-9.433097,-5.229926,-10.783928
1783943709054,34.780000,-449.563480,-399.001238,-419.657926,-29.905554,-12.207122,-7.892541,-11.419910
1783943709074,34.800000,-411.069340,-383.883661,-404.395726,-6.673614,-14.188118,-9.796075,-11.985965
1783943709094,34.820000,-418.371200,-368.271949,-388.520873,-29.850327,-15.398049,-10.964251,-12.300076
1783943709114,34.840000,-394.509950,-352.185167,-372.052087,-22.457863,-16.038986,-11.600582,-12.209239
1783943709134,34.860000,-386.502870,-335.643791,-355.010363,-31.492507,-16.594200,-12.189416,-11.606360
1783943709154,34.880000,-349.765000,-318.669689,-337.418972,-12.346028,-17.743620,-13.411377,-10.435636
1783943709174,34.900000,-363.113650,-301.286085,-319.303445,-43.810205,-19.708200,-15.487707,-8.682010
1783943709194,34.920000,-325.472560,-283.517525,-300.691539,-24.781021,-21.879464,-17.809788,-6.375530
1783943709214,34.940000,-332.998470,-265.389828,-281.613187,-51.385283,-23.265937,-19.385570,-3.635100
1783943709234,34.960000,-289.672550,-246.930037,-262.100440,-27.572110,-23.102462,-19.448870,-0.703035
1783943709254,34.980000,-292.227300,-228.166361,-242.187376,-50.039924,-21.140143,-17.749315,2.111177
1783943709274,35.000000,-244.847990,-209.128103,-221.910009,-22.937981,-17.659819,-14.565813,4.562089
1783943709294,35.020000,-243.079940,-189.845596,-201.306171,-41.773769,-13.322478,-10.556977,6.568037
1783943709314,35.040000,-192.563050,-170.350115,-180.415378,-12.147672,-8.898201,-6.490077,8.218005
1783943709334,35.060000,-200.033450,-150.673798,-159.278687,-40.754763,-5.033041,-3.007945,9.697545
1783943709354,35.080000,-143.092650,-130.849550,-137.938533,-5.154117,-2.285058,-0.665066,11.174153
1783943709374,35.100000,-142.900000,-110.910950,-116.438548,-26.461452,-1.128373,0.068306,12.705308
1783943709394,35.120000,-101.749560,-90.892142,-94.823381,-6.926179,-1.592631,-0.833425,14.216535
1783943709414,35.140000,-113.816800,-70.827732,-73.139428,-40.677372,-3.184970,-2.873239,15.523074
1783943709434,35.160000,-60.971200,-50.752676,-51.430651,-9.540549,-5.562843,-5.704350,16.345612
1783943709454,35.180000,-58.388786,-30.702159,-29.743503,-28.645283,-8.984485,-9.580617,16.350740
1783943709474,35.200000,-27.579882,-10.711480,-8.124612,-19.455270,-13.803724,-14.851321,15.267194
1783943709494,35.220000,-34.447950,9.184073,13.379455,-47.827405,-19.982292,-21.473503,13.001961
1783943709514,35.240000,9.734192,28.949350,34.722430,-24.988238,-27.323977,-29.246215,9.638301
1783943709534,35.260000,4.963468,48.549464,55.858575,-50.895107,-35.566261,-37.902253,5.351210
1783943709554,35.280000,44.006004,67.949919,76.742925,-32.736921,-43.797220,-46.525162,0.367215
1783943709574,35.300000,28.995544,87.116743,97.331516,-68.335972,-49.969882,-53.063675,-5.022235
1783943709594,35.320000,66.687065,106.016617,117.581618,-50.894553,-51.422667,-54.852217,-10.491128
1783943709614,35.340000,68.619736,124.617001,137.451956,-68.832220,-46.371136,-50.102715,-15.757544
1783943709634,35.360000,134.796250,142.886264,156.902926,-22.106676,-35.234807,-39.231455,-20.590252
1783943709654,35.380000,157.915370,160.793811,175.896797,-17.981427,-20.483248,-24.705225,-24.676844
1783943709674,35.400000,206.719560,178.310202,194.397901,12.321659,-5.052136,-9.457403,-27.474585
1783943709694,35.420000,216.811980,195.407275,212.372813,4.439167,9.035470,4.490734,-28.265081
1783943709714,35.440000,268.683960,212.058257,229.790508,38.893452,20.762555,16.123407,-26.471878
1783943709734,35.460000,280.750200,228.237873,246.622504,34.127696,29.655965,24.968140,-22.021362
1783943709754,35.480000,326.026860,243.922453,262.842986,63.183874,35.732810,31.042153,-15.467090
1783943709774,35.500000,321.530180,259.090021,278.428907,43.101273,39.693699,35.045593,-7.828096
1783943709794,35.520000,357.409300,273.720386,293.360070,64.049230,42.636458,38.075264,-0.319116
1783943709814,35.540000,366.257870,287.795220,307.619188,58.638682,45.318445,40.886957,5.882872
1783943709834,35.560000,396.644380,301.298126,321.191920,75.452460,47.804794,43.543723,9.839188
1783943709854,35.580000,396.977140,314.214700,334.066888,62.910252,49.677535,45.625024,11.025647
1783943709874,35.600000,436.010680,326.532578,346.235670,89.775010,50.376259,46.567438,9.418038
1783943709894,35.620000,414.744960,338.241477,357.692772,57.052188,49.550529,46.017127,5.428321
1783943709914,35.640000,455.884900,349.333218,368.435581,87.449319,47.178301,43.948309,-0.280515
1783943709934,35.660000,439.650420,359.801746,378.464300,61.186120,43.497456,40.594864,-6.996513
1783943709954,35.680000,457.345980,369.643135,387.781862,69.564118,39.064428,36.509032,-14.095946
1783943709974,35.700000,443.908080,378.855580,396.393826,47.514254,34.515515,32.322801,-21.108036
1783943709994,35.720000,473.261230,387.439378,404.308268,68.952962,30.065282,28.246369,-27.720179
1783943710014,35.740000,443.230600,395.396901,411.535647,31.694953,25.430901,23.992519,-33.731564
1783943710034,35.760000,479.131400,402.732558,418.088671,61.042729,20.050352,18.994826,-38.978320
1783943710054,35.780000,449.552430,409.452741,423.982140,25.570290,13.411671,12.736873,-43.277830
1783943710074,35.800000,473.650020,415.565766,429.232798,44.417222,5.633532,5.332813,-46.431904
1783943710094,35.820000,431.669370,421.081804,433.859166,-2.189796,-2.239865,-2.177703,-48.284008
1783943710114,35.840000,463.942080,426.012803,437.881376,26.060704,-8.691915,-8.282442,-48.795177
1783943710134,35.860000,431.261720,430.372396,441.321005,-10.059285,-12.364802,-11.627326,-48.074750
1783943710154,35.880000,458.118160,434.175812,444.200904,13.917256,-12.328390,-11.284609,-46.309280
1783943710174,35.900000,436.067260,437.439768,446.545031,-10.477771,-8.262079,-6.933946,-43.631016
1783943710194,35.920000,462.349760,440.182362,448.378280,13.971480,-0.786788,0.806046,-40.033676
1783943710214,35.940000,453.246370,442.422961,449.726325,3.520045,8.272637,10.114690,-35.384518
1783943710234,35.960000,484.110600,444.182076,450.615453,33.495147,16.125191,18.204428,-29.489447
1783943710254,35.980000,463.974430,445.481243,451.072411,12.902019,19.925572,22.227808,-22.172628
1783943710274,36.000000,484.496460,446.342892,450.907800,33.588660,17.885271,20.385035,-13.384598
1783943710294,36.020000,444.918030,446.790218,450.594703,-5.676673,9.982200,12.638581,-3.342429
1783943710314,36.040000,450.984680,446.847050,449.930348,1.054332,-2.074292,0.688861,7.352084
1783943710334,36.060000,407.637450,446.537714,448.941840,-41.304390,-15.626426,-12.804728,17.711775
1783943710354,36.080000,421.991150,445.886905,447.656070,-25.664920,-28.043741,-25.204094,26.546717
1783943710374,36.100000,381.202120,444.919547,446.099599,-64.897479,-37.253396,-34.428065,32.798176
1783943710394,36.120000,394.139250,443.660667,444.298547,-50.159297,-41.904974,-39.119779,35.883373
1783943710414,36.140000,368.706800,442.135266,442.278497,-73.571697,-41.603951,-38.880637,35.884296
1783943710434,36.160000,387.286440,440.368188,440.064396,-52.777956,-37.145754,-34.503748,33.514520
1783943710454,36.180000,373.357480,438.384000,437.680472,-64.322992,-30.454227,-27.911501,29.922470
1783943710474,36.200000,404.863200,436.206876,435.150151,-30.286951,-23.981037,-21.554248,26.433289
1783943710494,36.220000,372.907350,433.860481,432.495986,-59.588636,-19.606645,-17.310897,24.284819
1783943710514,36.240000,396.629880,431.367868,429.739593,-33.109713,-17.861398,-15.709899,24.362680
1783943710534,36.260000,361.906740,428.751372,426.901587,-64.994847,-18.072555,-16.076357,26.970991
1783943710554,36.280000,382.185500,426.032517,424.001530,-41.816030,-19.077135,-17.245007,31.735937
1783943710574,36.300000,354.466670,423.231931,421.057885,-66.591215,-19.940656,-18.279098,37.729527
1783943710594,36.320000,374.819180,420.369265,418.087972,-43.268792,-20.316844,-18.830182,43.786182
1783943710614,36.340000,354.078920,417.463119,415.107930,-61.029010,-20.311497,-19.002029,48.864853
1783943710634,36.360000,376.334300,414.530976,412.132693,-35.798393,-19.923367,-18.791535,52.308304
1783943710654,36.380000,335.558650,411.589152,409.175956,-73.617306,-18.572120,-17.616671,53.916553
1783943710674,36.400000,368.249700,408.652739,406.250160,-38.000460,-15.477396,-14.695553,53.833843
1783943710694,36.420000,345.743700,405.735573,403.366480,-57.622780,-10.505809,-9.893430,52.363026
1783943710714,36.440000,376.200500,402.850194,400.534807,-24.334307,-4.385170,-3.936910,49.855316
1783943710734,36.460000,352.206900,400.007829,397.763753,-45.556853,1.677836,1.968363,46.704700
1783943710754,36.480000,384.594800,397.218373,395.060647,-10.465847,6.365417,6.505482,43.344288
1783943710774,36.500000,361.875240,394.490380,392.431544,-30.556304,8.624501,8.622102,40.167633
1783943710794,36.520000,382.108760,391.831066,389.881234,-7.772474,8.153153,8.016865,37.418230
1783943710814,36.540000,355.001800,389.246312,387.413261,-32.411461,5.645448,5.384286,35.115720
1783943710834,36.560000,365.528870,386.740683,385.029944,-19.501074,2.468929,2.092214,33.036310
1783943710854,36.580000,345.682130,384.317446,382.732405,-37.050275,-0.115019,-0.597777,30.756819
1783943710874,36.600000,375.847300,381.978598,380.520601,-4.673301,-1.474398,-2.053601,27.793947
1783943710894,36.620000,344.217620,379.724904,378.393359,-34.175739,-1.287857,-1.953914,23.819270
1783943710914,36.640000,362.590700,377.555929,376.348423,-13.757723,0.816711,0.073306,18.819040
1783943710934,36.660000,354.393100,375.470092,374.382497,-19.989397,4.838378,4.026979,13.082538
1783943710954,36.680000,380.562650,373.464711,372.491297,8.071353,10.045429,9.175177,7.070626
1783943710974,36.700000,366.287350,371.536059,370.669609,-4.382259,15.417090,14.496858,1.302508
1783943710994,36.720000,393.946100,369.679425,368.911346,25.034754,20.284118,19.322468,-3.707524
1783943711014,36.740000,366.315500,367.889176,367.209613,-0.894113,24.506373,23.511522,-7.542491
1783943711034,36.760000,396.668520,366.158820,365.556771,31.111749,28.017232,26.997046,-10.020905
1783943711054,36.780000,376.273930,364.481078,363.944508,12.329422,30.157675,29.119699,-11.275922
1783943711074,36.800000,404.791080,362.847957,362.363913,42.427167,29.580371,28.531900,-11.691684
1783943711094,36.820000,380.541320,361.250814,360.805545,19.735775,24.927340,23.875532,-11.736974
1783943711114,36.840000,393.197100,359.680442,359.259508,33.937592,15.799636,14.751605,-11.819570
1783943711134,36.860000,355.114260,358.127135,357.715528,-2.601268,3.314655,2.277482,-12.259740
1783943711154,36.880000,366.686340,356.580768,356.159517,10.526823,-10.121491,-11.140903,-13.358051
1783943711174,36.900000,330.262200,355.030873,354.584126,-24.321926,-21.531892,-22.527061,-15.437027
1783943711194,36.920000,343.220370,353.466714,352.978435,-9.758065,-28.217950,-29.182978,-18.771217
1783943711214,36.940000,318.118530,351.877361,351.331457,-33.212927,-28.700278,-29.629859,-23.432785
1783943711234,36.960000,357.225920,350.251767,349.632213,7.593707,-23.395152,-24.284491,-29.142965
1783943711254,36.980000,336.486570,348.578838,347.869800,-11.383230,-14.415731,-15.260455,-35.202827
1783943711274,37.000000,375.802550,346.847508,346.033472,29.769078,-4.671914,-5.468002,-40.558260
1783943711294,37.020000,359.415040,345.046808,344.112699,15.302341,3.103360,2.359604,-44.028660
1783943711314,37.040000,389.490720,343.165933,342.097239,47.393481,7.236939,6.548879,-44.645750
1783943711334,37.060000,359.625240,341.194308,339.977197,19.648043,7.719015,7.089664,-41.969234
1783943711354,37.080000,376.656560,339.121650,337.743083,38.913477,6.040637,5.472629,-36.258420
1783943711374,37.100000,348.424200,336.938025,335.385869,13.038331,4.196816,3.692371,-28.447240
1783943711394,37.120000,369.256740,334.633909,332.897034,36.359706,3.468302,3.029204,-19.914911
1783943711414,37.140000,352.491900,332.200234,330.268608,22.223292,3.767075,3.394656,-12.096767
1783943711434,37.160000,372.431200,329.628436,327.493216,44.937984,3.923577,3.618689,-6.069998
1783943711454,37.180000,346.534520,326.910503,324.564104,21.970416,2.560896,2.323904,-2.298923
1783943711474,37.200000,368.852870,324.039008,321.475175,47.377695,-1.071229,-1.240461,-0.648044
1783943711494,37.220000,323.125730,321.007146,318.221004,4.904726,-6.629953,-6.732078,-0.616555
1783943711514,37.240000,346.568940,317.808762,314.796861,31.772079,-12.836759,-12.872942,-1.644751
1783943711534,37.260000,312.689700,314.438379,311.198720,1.490980,-18.028176,-18.000105,-3.327544
1783943711554,37.280000,325.425870,310.891209,307.423266,18.002604,-20.518254,-20.428131,-5.450249
1783943711574,37.300000,300.356400,307.163177,303.467894,-3.111494,-18.951121,-18.801655,-7.889286
1783943711594,37.320000,329.544650,303.250926,299.330708,30.213942,-12.777529,-12.571918,-10.479949
1783943711614,37.340000,299.110000,299.151819,295.010510,4.099490,-2.499495,-2.241405,-12.931184
1783943711634,37.360000,345.194270,294.863943,290.506788,54.687482,10.274613,10.581078,-14.813924
1783943711654,37.380000,327.686370,290.386098,285.819692,41.866678,23.167656,23.517987,-15.610928
1783943711674,37.400000,353.163300,285.717793,280.950016,72.213284,33.996727,34.386056,-14.819745
1783943711694,37.420000,326.883970,280.859222,275.899170,50.984800,41.505089,41.928234,-12.110724
1783943711714,37.440000,354.837980,275.811249,270.669144,84.168836,45.321749,45.773271,-7.507387
1783943711734,37.460000,312.496830,270.575381,265.262479,47.234351,45.678614,46.152874,-1.494770
1783943711754,37.480000,335.978730,265.153733,259.682221,76.296509,43.100201,43.591428,5.036242
1783943711774,37.500000,294.647900,259.549001,253.931888,40.716012,38.076356,38.578709,10.999318
1783943711794,37.520000,305.426640,253.764418,248.015418,57.411222,30.969030,31.476672,15.375191
1783943711814,37.540000,267.220200,247.803710,241.937125,25.283075,22.108468,22.615638,17.429330
1783943711834,37.560000,277.421500,241.671055,235.701654,41.719846,12.060440,12.561520,16.838766
1783943711854,37.580000,223.490300,235.371028,229.313927,-5.823627,1.977849,2.467438,13.708198
1783943711874,37.600000,232.038730,228.908553,222.779097,9.259633,-6.584868,-6.111882,8.479179
1783943711894,37.620000,194.745150,222.288851,216.102497,-21.357347,-12.441978,-11.990361,1.785496
1783943711914,37.640000,207.620010,215.517379,209.289588,-1.669578,-15.277829,-14.851933,-5.654766
1783943711934,37.660000,175.814940,208.599781,202.345910,-26.530970,-15.524122,-15.127835,-13.064977
1783943711954,37.680000,193.308960,201.541830,195.277039,-1.968079,-13.947927,-13.584618,-19.613256
1783943711974,37.700000,158.246250,194.349369,188.088533,-29.842283,-11.269920,-10.942404,-24.485620
1783943711994,37.720000,181.576500,187.028264,180.785889,0.790611,-7.999003,-7.709502,-27.033356
1783943712014,37.740000,132.381640,179.584341,173.374505,-40.992865,-4.610009,-4.360128,-26.921667
1783943712034,37.760000,180.259520,172.023343,165.859632,14.399888,-1.903066,-1.693774,-24.204895
1783943712054,37.780000,125.528060,164.350874,158.246340,-32.718280,-0.836125,-0.667750,-19.278578
1783943712074,37.800000,149.473140,156.572357,150.539481,-1.066341,-1.881053,-1.753275,-12.745814
1783943712094,37.820000,112.003650,148.692987,142.743660,-30.740010,-4.799782,-4.711648,-5.300188
1783943712114,37.840000,120.945330,140.717694,134.863199,-13.917869,-8.747328,-8.697264,2.333181
1783943712134,37.860000,71.944010,132.651103,126.902120,-54.958110,-12.567335,-12.553172,9.433599
1783943712154,37.880000,95.793780,124.497504,118.864116,-23.070336,-15.609459,-15.628466,15.345874
1783943712174,37.900000,59.885567,116.260824,110.752539,-50.866972,-18.288225,-18.337147,19.583105
1783943712194,37.920000,79.139170,107.944604,102.570380,-23.431210,-21.533712,-21.608819,21.953379
1783943712214,37.940000,34.766430,99.551981,94.320264,-59.553834,-25.726510,-25.823655,22.637224
1783943712234,37.960000,49.857403,91.085673,86.004440,-36.147037,-30.137725,-30.252403,22.110016
1783943712254,37.980000,2.279201,82.547976,77.624784,-75.345583,-33.210437,-33.337858,20.917479
1783943712274,38.000000,28.341713,73.940757,69.182797,-40.841084,-33.400012,-33.535165,19.462858
1783943712294,38.020000,-11.359045,65.265460,60.679618,-72.038663,-29.993910,-30.131630,17.951265
1783943712314,38.040000,22.037868,56.523114,52.116028,-30.078160,-23.506928,-23.641945,16.490402
1783943712334,38.060000,-4.922296,47.714349,43.492471,-48.414768,-15.548975,-15.675955,15.236466
1783943712354,38.080000,21.750187,38.839409,34.809073,-13.058886,-8.202199,-8.315774,14.467339
1783943712374,38.100000,-6.388742,29.898187,26.065661,-32.454402,-3.263759,-3.358570,14.525688
1783943712394,38.120000,15.471966,20.890242,17.261794,-1.789828,-1.688970,-1.759767,15.662955
1783943712414,38.140000,-20.647530,11.814842,8.395077,-29.042607,-3.254233,-3.296049,17.875048
1783943712434,38.160000,-11.631203,2.670997,-0.533385,-11.097818,-6.606138,-6.614483,20.817274
1783943712454,38.180000,-46.582474,-6.542497,-9.524635,-37.057839,-9.907227,-9.878231,23.837317
1783943712474,38.200000,-29.445774,-15.827018,-18.579849,-10.865925,-11.727872,-11.658324,26.123892
1783943712494,38.220000,-56.948210,-25.184062,-27.700297,-29.247913,-11.506873,-11.394213,26.945414
1783943712514,38.240000,-42.069134,-34.615201,-36.887296,-5.181838,-9.426700,-9.269008,25.898737
1783943712534,38.260000,-66.542984,-44.122023,-46.142170,-20.400814,-6.128165,-5.924161,23.042380
1783943712554,38.280000,-36.695770,-53.706083,-55.466200,18.770430,-2.357186,-2.106251,18.852150
1783943712574,38.300000,-75.240850,-63.368844,-64.860585,-10.380265,1.638821,1.936616,14.050713
1783943712594,38.320000,-58.596622,-73.111624,-74.326392,15.729770,6.311992,6.655855,9.384324
1783943712614,38.340000,-82.953964,-82.935535,-83.864513,0.910549,12.002636,12.391030,5.402593
1783943712634,38.360000,-50.449673,-92.841433,-93.475620,43.025947,18.087118,18.517748,2.335778
1783943712654,38.380000,-81.039950,-102.829858,-103.160121,22.120171,23.210814,23.680626,0.152310
1783943712674,38.400000,-58.966180,-112.900982,-112.918117,53.951937,26.163677,26.668864,-1.273802
1783943712694,38.420000,-102.069305,-123.054558,-122.749363,20.680058,26.331878,26.867907,-2.072256
1783943712714,38.440000,-76.862620,-133.289869,-132.653230,55.790610,23.502346,24.063985,-2.432395
1783943712734,38.460000,-119.345024,-143.605686,-142.628669,23.283645,17.692773,18.274136,-2.677428
1783943712754,38.480000,-103.847460,-154.000218,-152.674174,48.826714,9.484406,10.078999,-3.227022
1783943712774,38.500000,-157.836610,-164.471076,-162.787757,4.951147,0.403248,1.004037,-4.478635
1783943712794,38.520000,-145.635930,-175.015240,-172.966918,27.330988,-7.335920,-6.736444,-6.718967
1783943712814,38.540000,-196.160370,-185.629020,-183.208619,-12.951751,-11.769311,-11.179057,-10.100485
1783943712834,38.560000,-164.885130,-196.308038,-193.509265,28.624135,-12.178981,-11.606173,-14.615254
1783943712854,38.580000,-202.100050,-207.047198,-203.864686,1.764636,-9.291655,-8.744745,-20.009506
1783943712874,38.600000,-174.125980,-217.840672,-214.270121,40.144141,-4.509585,-3.997163,-25.697230
1783943712894,38.620000,-214.361330,-228.681888,-224.720208,10.358878,1.021926,1.491236,-30.803293
1783943712914,38.640000,-189.286830,-239.563522,-235.208976,45.922146,6.753266,7.170920,-34.391130
1783943712934,38.660000,-229.221100,-250.477495,-245.729844,16.508744,12.449423,12.807099,-35.772423
1783943712954,38.680000,-192.644260,-261.414979,-256.275612,63.631352,17.809672,18.099440,-34.712940
1783943712974,38.700000,-239.061630,-272.366405,-266.838475,27.776845,22.522804,22.737312,-31.430616
1783943712994,38.720000,-219.836550,-283.321480,-277.410018,57.573468,26.434221,26.566883,-26.453718
1783943713014,38.740000,-251.024720,-294.269205,-287.981238,36.956518,29.265549,29.310662,-20.470976
1783943713034,38.760000,-232.483890,-305.197904,-298.542545,66.058655,30.437523,30.390246,-14.214612
1783943713054,38.780000,-275.138920,-316.095256,-309.083789,33.944869,29.497484,29.353607,-8.347333
1783943713074,38.800000,-259.343870,-326.948330,-319.594275,60.250405,26.604087,26.359592,-3.366443
1783943713094,38.820000,-310.983700,-337.743632,-330.062789,19.079089,22.605189,22.255747,0.417411
1783943713114,38.840000,-308.259920,-348.467150,-340.477623,32.217703,18.538220,18.078994,2.820374
1783943713134,38.860000,-338.588170,-359.104408,-350.826610,12.238440,14.709109,14.135442,3.726204
1783943713154,38.880000,-322.319240,-369.640523,-361.097151,38.777911,10.477145,9.786752,3.119639
1783943713174,38.900000,-374.015870,-380.060265,-371.276259,-2.739611,5.290917,4.487844,1.197104
1783943713194,38.920000,-365.263520,-390.348123,-381.350594,16.087074,-0.335820,-1.236185,-1.587593
1783943713214,38.940000,-416.272220,-400.488370,-391.306506,-24.965714,-4.994378,-5.961603,-4.654472
1783943713234,38.960000,-401.353180,-410.465137,-401.130083,-0.223097,-7.274918,-8.265370,-7.520570
1783943713254,38.980000,-442.994020,-420.262482,-410.807197,-32.186823,-6.602735,-7.572276,-9.912921
1783943713274,39.000000,-408.190920,-429.864465,-420.796242,12.605322,-3.435493,-4.360649,-11.688263
1783943713294,39.020000,-461.416930,-439.255223,-430.134535,-31.282395,1.311062,0.421679,-12.671361
1783943713314,39.040000,-430.693900,-448.419043,-439.281754,8.587854,6.794029,5.911128,-12.586843
1783943713334,39.060000,-474.583920,-457.340439,-448.223409,-26.360511,12.095991,11.190657,-11.152847
1783943713354,39.080000,-444.789400,-466.004227,-456.945076,12.155676,15.921527,14.977714,-8.244279
1783943713374,39.100000,-485.787720,-474.395594,-465.432453,-20.355267,16.737761,15.753895,-3.981293
1783943713394,39.120000,-457.385380,-482.500175,-473.671428,16.286048,13.465223,12.450283,1.305361
1783943713414,39.140000,-522.034200,-490.304119,-481.648134,-40.386066,6.350117,5.318440,7.152079
1783943713434,39.160000,-505.108580,-497.794155,-489.349016,-15.759564,-2.918182,-3.950998,12.990260
1783943713454,39.180000,-562.313350,-504.957656,-496.760890,-65.552460,-12.161057,-13.180460,18.138456
1783943713474,39.200000,-539.297000,-511.782702,-503.871005,-35.425995,-19.846472,-20.839723,21.863642
1783943713494,39.220000,-586.545700,-518.258129,-510.667104,-75.878596,-25.569823,-26.525879,23.576454
1783943713514,39.240000,-564.163000,-524.373581,-517.137482,-47.025518,-29.843113,-30.752172,23.074850
1783943713534,39.260000,-609.600500,-530.119560,-523.271044,-86.329456,-33.622704,-34.475814,20.660242
1783943713554,39.280000,-582.021360,-535.487457,-529.057361,-52.963999,-37.867895,-38.656749,17.042680
1783943713574,39.300000,-627.346200,-540.469594,-534.486717,-92.859483,-43.055530,-43.772454,13.107137
1783943713594,39.320000,-603.380070,-545.059242,-539.550160,-63.829910,-48.699583,-49.337648,9.666200
1783943713614,39.340000,-647.995240,-549.250650,-544.239544,-103.755696,-53.198845,-53.752022,7.280735
1783943713634,39.360000,-630.546200,-553.039051,-548.547565,-81.998635,-54.325697,-54.789002,6.172128
1783943713654,39.380000,-660.401400,-556.420676,-552.467800,-107.933600,-50.422442,-50.792043,6.232649
1783943713674,39.400000,-608.023250,-559.392745,-555.994728,-52.028522,-41.480667,-41.753941,7.157629
1783943713694,39.420000,-633.527900,-561.953470,-559.123752,-74.404148,-28.933438,-29.108995,8.685380
1783943713714,39.440000,-590.415500,-564.102034,-561.851216,-28.564284,-14.558260,-14.635936,10.808263
1783943713734,39.460000,-611.228000,-565.838576,-564.174410,-47.053590,0.114552,0.133728,13.774067
1783943713754,39.480000,-563.418500,-567.164161,-566.091572,2.673072,13.677935,13.791783,17.859715
1783943713774,39.500000,-582.072900,-568.080752,-567.601882,-14.471018,24.750480,24.955730,23.109747
1783943713794,39.520000,-538.060400,-568.591170,-568.705450,30.645050,32.276592,32.568952,29.230013
1783943713814,39.540000,-569.550300,-568.699057,-569.403292,-0.147008,35.973269,36.347510,35.638540
1783943713834,39.560000,-537.172240,-568.408824,-569.697312,32.525072,36.383040,36.833085,41.562664
1783943713854,39.580000,-572.882500,-567.725606,-569.590263,-3.292237,34.287988,34.807009,46.125576
1783943713874,39.600000,-527.574500,-566.655205,-569.085713,41.511213,30.036772,30.617299,48.459910
1783943713894,39.620000,-569.332760,-565.204037,-568.188002,-1.144758,23.604749,24.238775,47.890827
1783943713914,39.640000,-541.303830,-563.379070,-566.902192,25.598362,15.165473,15.844579,44.123165
1783943713934,39.660000,-578.563500,-561.187764,-565.234018,-13.329482,5.283270,5.998752,37.302470
1783943713954,39.680000,-548.846300,-558.638009,-563.189825,14.343525,-5.251371,-4.508355,27.920350
1783943713974,39.700000,-582.307860,-555.738059,-560.776516,-21.531344,-15.373323,-14.611587,16.670572
1783943713994,39.720000,-561.862400,-552.496468,-558.001480,-3.860920,-23.587806,-22.815965,4.350678
1783943714014,39.740000,-599.228150,-548.922022,-554.872529,-44.355621,-28.405963,-27.632280,-8.214714
1783943714034,39.760000,-551.842000,-545.023674,-551.397828,-0.444172,-29.407228,-28.639531,-20.261229
1783943714054,39.780000,-570.095340,-540.810477,-547.585827,-22.509513,-27.693895,-26.939617,-31.117700
1783943714074,39.800000,-521.619500,-536.291521,-543.445181,21.825681,-24.906392,-24.172766,-40.143032
1783943714094,39.820000,-550.968930,-531.475865,-538.984682,-11.984248,-21.695958,-20.990350,-46.675120
1783943714114,39.840000,-518.561040,-526.372472,-534.213187,15.652147,-17.227351,-16.557566,-50.148087
1783943714134,39.860000,-536.802100,-520.990154,-529.139512,-7.662588,-10.306755,-9.680996,-50.355022
1783943714154,39.880000,-475.350620,-515.337509,-523.758742,48.408122,-0.930173,-0.356401,-47.613544
1783943714174,39.900000,-493.387630,-509.422865,-518.092579,24.704949,9.416133,9.931193,-42.637352
1783943714194,39.920000,-443.436650,-503.254226,-512.149505,68.712855,18.597823,19.049382,-36.212563
1783943714214,39.940000,-452.660130,-496.839228,-505.937713,53.277583,24.739636,25.124934,-28.958618
1783943714234,39.960000,-414.212280,-490.185091,-499.465048,85.252768,27.031201,27.349227,-21.319330
1783943714254,39.980000,-447.247860,-483.298579,-492.738948,45.491088,26.236443,26.487565,-13.703973
1783943714274,40.000000,-409.300300,-476.185969,-485.766395,76.466095,24.185048,24.370713,-6.631403
1783943714294,40.020000,-432.504640,-468.853018,-478.553869,46.049229,22.571631,22.694189,-0.771241
1783943714314,40.040000,-389.205750,-461.304942,-471.107305,81.901555,22.213564,22.276187,3.180474
1783943714334,40.060000,-419.387050,-453.546398,-463.432067,44.045017,23.039836,23.046480,4.750569
1783943714354,40.080000,-369.910770,-445.581477,-455.532917,85.622147,24.272255,24.227644,3.893302
1783943714374,40.100000,-397.976440,-437.413692,-447.413998,49.437558,24.666473,24.576056,1.011719
1783943714394,40.120000,-354.146670,-429.045985,-439.078828,84.932158,22.997716,22.867607,-3.186410
1783943714414,40.140000,-386.868700,-420.480733,-430.530292,43.661592,18.616253,18.453148,-7.899895
1783943714434,40.160000,-353.584560,-411.719763,-421.770651,68.186091,11.748284,11.559367,-12.440734
1783943714454,40.180000,-389.502870,-402.764371,-412.801552,23.298682,3.382563,3.175392,-16.390902
1783943714474,40.200000,-351.710330,-393.615349,-403.624049,51.913719,-5.089144,-5.306741,-19.655200
1783943714494,40.220000,-388.518250,-384.273018,-394.238635,5.720385,-12.119837,-12.339880,-22.381098
1783943714514,40.240000,-344.776980,-374.737263,-384.645268,39.868288,-16.093873,-16.308339,-24.787485
1783943714534,40.260000,-387.006560,-365.007576,-374.843422,-12.163138,-15.573572,-15.774508,-26.997961
1783943714554,40.280000,-330.801270,-355.083105,-364.832131,34.030861,-10.003373,-10.183006,-28.959920
1783943714574,40.300000,-347.889100,-344.962704,-354.610042,6.720942,-0.419417,-0.570260,-30.440912
1783943714594,40.320000,-281.568100,-334.644989,-344.175478,62.607378,10.838861,10.723901,-31.037971
1783943714614,40.340000,-306.602540,-324.128398,-333.526501,26.923961,21.443035,21.370553,-30.202047
1783943714634,40.360000,-255.976750,-313.411255,-322.660987,66.684237,30.198063,30.174061,-27.366465
1783943714654,40.380000,-284.348420,-302.491833,-311.576692,27.228272,37.013483,37.043280,-22.211891
1783943714674,40.400000,-231.306300,-291.368425,-300.271342,68.965042,42.025205,42.113344,-14.923672
1783943714694,40.420000,-250.170840,-280.039413,-288.742705,38.571865,44.931620,45.081799,-6.231490
1783943714714,40.440000,-207.083620,-268.503339,-276.988685,69.905065,45.177054,45.392053,2.817316
1783943714734,40.460000,-241.007300,-256.758984,-265.007404,24.000104,42.491328,42.772955,11.178528
1783943714754,40.480000,-199.667300,-244.805431,-252.797291,53.129991,36.992807,37.341847,18.017305
1783943714774,40.500000,-232.387760,-232.642149,-240.357179,7.969419,28.975207,29.391393,22.756353
1783943714794,40.520000,-205.732070,-220.269059,-227.686385,21.954315,18.794081,19.276070,25.060648
1783943714814,40.540000,-234.945590,-207.686605,-214.784810,-20.160780,6.731838,7.277203,24.831003
1783943714834,40.560000,-201.353550,-194.895827,-201.653016,0.299466,-7.014520,-6.409279,22.207193
1783943714854,40.580000,-241.264250,-181.898421,-188.292320,-52.971930,-21.873459,-21.212895,17.561308
1783943714874,40.600000,-214.018430,-168.696806,-174.704867,-39.313563,-36.457376,-35.747055,11.457886
1783943714894,40.620000,-261.169770,-155.294178,-160.893710,-100.276060,-48.935344,-48.181793,4.553301
1783943714914,40.640000,-205.034360,-141.694561,-146.862878,-58.171482,-58.015722,-57.226358,-2.530111
1783943714934,40.660000,-234.871700,-127.902857,-132.617440,-102.254260,-63.284449,-62.467498,-9.237542
1783943714954,40.680000,-203.389400,-113.924885,-118.163557,-85.225843,-64.662180,-63.826580,-15.002479
1783943714974,40.700000,-212.037410,-99.767409,-103.508532,-108.528878,-62.321450,-61.476740,-19.204412
1783943714994,40.720000,-162.979870,-85.438169,-88.660839,-74.319031,-57.161016,-56.317213,-21.258095
1783943715014,40.740000,-167.400150,-70.945898,-73.630158,-93.769992,-50.672667,-49.840139,-20.744236
1783943715034,40.760000,-117.094160,-56.300327,-58.427385,-58.666775,-44.146645,-43.335969,-17.466171
1783943715054,40.780000,-127.002780,-41.512192,-43.064635,-83.938145,-37.960318,-37.182135,-11.461801
1783943715074,40.800000,-87.729320,-26.593226,-27.555241,-60.174079,-31.562931,-30.827798,-3.057038
1783943715094,40.820000,-84.872250,-11.556140,-11.913731,-72.958519,-24.286480,-23.604720,7.074457
1783943715114,40.840000,-24.920296,3.585392,3.844199,-28.764495,-16.059716,-15.441274,17.971140
1783943715134,40.860000,-38.823902,18.816770,19.701725,-58.525627,-7.219035,-6.673330,28.602354
1783943715154,40.880000,16.019587,34.122501,35.640947,-19.621360,1.792819,2.257027,38.113070
1783943715174,40.900000,13.815791,49.486249,51.642948,-37.827157,10.108265,10.483006,45.931180
1783943715194,40.920000,75.074870,64.890882,67.687865,7.387005,16.286258,16.564480,51.736980
1783943715214,40.940000,55.988930,80.318532,83.754969,-27.766039,18.900215,19.075913,55.409260
1783943715234,40.960000,115.886490,95.750660,99.822752,16.063738,17.273293,17.341626,56.982784
1783943715254,40.980000,79.727690,111.168123,115.869022,-36.141332,11.829592,11.786998,56.564790
1783943715274,41.000000,133.289670,126.551250,131.871005,1.418665,3.917332,3.761614,54.216053
1783943715294,41.020000,106.024340,141.879919,147.805453,-41.781113,-4.706844,-4.976487,49.892360
1783943715314,41.040000,150.714610,157.133642,163.648753,-12.934143,-12.250522,-12.633555,43.511920
1783943715334,41.060000,127.029910,172.291648,179.377051,-52.347141,-17.163062,-17.657781,35.103500
1783943715354,41.080000,176.650500,187.332970,194.966363,-18.315863,-18.607164,-19.210961,24.935226
1783943715374,41.100000,164.003420,202.236543,210.392700,-46.389280,-16.897405,-17.607028,13.558929
1783943715394,41.120000,231.198290,216.981288,225.632194,5.566096,-13.371331,-14.182948,1.782464
1783943715414,41.140000,213.272830,231.546209,240.669486,-27.396656,-9.441647,-10.350551,-9.401473
1783943715434,41.160000,263.805360,245.910488,255.473368,8.331992,-5.590650,-6.590771,-18.963425
1783943715454,41.180000,245.286440,260.053579,270.020958,-24.734518,-1.413199,-2.496794,-26.085321
1783943715474,41.200000,303.561430,273.955295,284.289981,19.271449,3.426965,2.269243,-30.410065
1783943715494,41.220000,296.383480,287.595907,298.258872,-1.875392,8.480595,7.259391,-32.115540
1783943715514,41.240000,347.771580,300.956229,311.906878,35.864702,12.692883,11.419785,-31.747484
1783943715534,41.260000,344.095580,314.017702,325.214164,18.881416,15.192277,13.879493,-29.949392
1783943715554,41.280000,391.428040,326.762483,338.161906,53.266134,16.266519,14.926631,-27.276146
1783943715574,41.300000,348.970150,339.173517,350.732380,-1.762230,17.762357,16.408138,-24.173930
1783943715594,41.320000,407.331300,351.234615,362.909037,44.422263,21.813594,20.457854,-21.087137
1783943715614,41.340000,406.431580,362.930522,374.676578,31.755002,28.868128,27.523578,-18.528610
1783943715634,41.360000,462.535060,374.246979,386.021008,76.514052,37.428836,36.107948,-16.946388
1783943715654,41.380000,443.518800,385.170781,396.929694,46.589106,45.430915,44.145782,-16.455389
1783943715674,41.400000,492.196260,395.689825,407.391398,84.804862,51.255276,50.017467,-16.729216
1783943715694,41.420000,477.834350,405.793158,417.396311,60.438039,53.840995,52.661421,-17.211832
1783943715714,41.440000,517.308900,415.471008,426.936073,90.372827,52.739205,51.627989,-17.456398
1783943715734,41.460000,487.526980,424.714818,436.003778,51.523202,48.327243,47.293606,-17.323080
1783943715754,41.480000,517.587600,433.517261,444.593981,72.993619,41.652915,40.705078,-16.991201
1783943715774,41.500000,485.649050,441.872262,452.702681,32.946369,33.788382,32.933490,-16.874968
1783943715794,41.520000,518.706600,449.774996,460.327307,58.379293,25.213850,24.457907,-17.482075
1783943715814,41.540000,486.591220,457.221895,467.466687,19.124533,15.752588,15.100418,-19.220402
1783943715834,41.560000,522.717400,464.210634,474.121014,48.596386,5.189080,4.644301,-22.212206
1783943715854,41.580000,475.367300,470.740119,480.291806,-4.924506,-5.801706,-6.236687,-26.215643
1783943715874,41.600000,494.746400,476.810465,485.981852,8.764548,-15.384879,-15.708851,-30.717321
1783943715894,41.620000,465.988040,482.422968,491.195165,-25.207125,-21.493757,-21.706683,-35.144215
1783943715914,41.640000,502.205500,487.580076,495.936913,6.268587,-22.951152,-23.054125,-39.026170
1783943715934,41.660000,464.434360,492.285344,500.213366,-35.779006,-19.863500,-19.858700,-41.989094
1783943715954,41.680000,517.483900,496.543394,504.031822,13.452078,-13.693118,-13.583761,-43.647034
1783943715974,41.700000,491.363220,500.359870,507.400538,-16.037318,-7.050092,-6.840375,-43.546223
1783943715994,41.720000,532.141800,503.741381,510.328662,21.813138,-2.788060,-2.483097,-41.225925
1783943716014,41.740000,502.110570,506.695450,512.826159,-10.715589,-2.850266,-2.455998,-36.361290
1783943716034,41.760000,530.732850,509.230456,514.903731,15.829119,-7.447517,-6.970571,-28.936043
1783943716054,41.780000,477.474850,511.355570,516.572750,-39.097900,-14.899309,-14.346793,-19.389633
1783943716074,41.800000,512.904360,513.080695,517.845180,-4.940820,-22.414679,-21.793917,-8.651229
1783943716094,41.820000,461.597700,514.416401,518.733501,-57.135801,-27.330976,-26.649218,2.013549
1783943716114,41.840000,499.090400,515.373861,519.250641,-20.160241,-28.135186,-27.399427,11.323697
1783943716134,41.860000,471.217040,515.964779,519.409898,-48.192858,-25.006934,-24.224005,18.358118
1783943716154,41.880000,516.510250,516.201330,519.224878,-2.714628,-19.454517,-18.631652,22.835657
1783943716174,41.900000,480.680900,516.096091,518.709419,-38.028519,-13.134393,-12.280349,25.177622
1783943716194,41.920000,514.871200,515.661973,517.877531,-3.006331,-6.971990,-6.098502,26.305975
1783943716214,41.940000,483.190500,514.912159,516.743331,-33.552831,-1.299508,-0.422347,27.245642
1783943716234,41.960000,518.867900,513.860036,515.320983,3.546917,3.489623,4.351288,28.729324
1783943716254,41.980000,490.839170,512.519138,513.624641,-22.785471,6.584754,7.412330,31.013083
1783943716274,42.000000,525.280300,510.903079,511.814543,13.465757,7.045275,7.827310,33.944126
1783943716294,42.020000,476.047970,509.025499,509.611105,-33.563135,4.397857,5.133554,37.140522
1783943716314,42.040000,506.667720,506.900004,507.175316,-0.507596,-1.197909,-0.502243,40.120743
1783943716334,42.060000,463.701840,504.540116,504.520788,-40.818948,-9.205656,-8.543135,42.355990
1783943716354,42.080000,481.604550,501.959218,501.660876,-20.056326,-18.756563,-18.123586,43.325733
1783943716374,42.100000,436.701420,499.170508,498.608649,-61.907229,-28.568708,-27.965456,42.618904
1783943716394,42.120000,459.723080,496.186955,495.376847,-35.653767,-37.072902,-36.502139,40.037296
1783943716414,42.140000,411.163640,493.021254,491.977856,-80.814216,-42.656593,-42.122091,35.646545
1783943716434,42.160000,452.482240,489.685792,488.423675,-35.941435,-43.933970,-43.439292,29.778894
1783943716454,42.180000,406.203060,486.192613,484.725898,-78.522838,-39.912491,-39.460336,23.015198
1783943716474,42.200000,445.240570,482.553386,480.895688,-35.655118,-30.257159,-29.849194,16.128986
1783943716494,42.220000,427.684140,478.779379,476.943760,-49.259620,-15.896351,-15.533324,9.976575
1783943716514,42.240000,479.501700,474.881437,472.880371,6.621329,0.811022,1.129069,5.376968
1783943716534,42.260000,456.941960,470.869962,468.715306,-11.773346,16.926740,17.200272,3.024607
1783943716554,42.280000,502.995180,466.754894,464.457867,38.537313,30.083946,30.313800,3.404785
1783943716574,42.300000,473.176400,462.545702,460.116871,13.059529,39.204834,39.392138,6.655701
1783943716594,42.320000,501.431400,458.251371,455.700642,45.730758,44.587417,44.733559,12.411285
1783943716614,42.340000,462.036000,453.880396,451.217013,10.818987,47.197675,47.304285,19.742186
1783943716634,42.360000,494.425000,449.440772,446.673322,47.751678,47.442791,47.511723,27.277628
1783943716654,42.380000,468.498660,444.940000,442.076414,26.422246,44.529906,44.563223,33.510296
1783943716674,42.400000,491.288400,440.385076,437.432645,53.855755,37.279432,37.279370,37.198593
1783943716694,42.420000,435.539670,435.782498,432.747886,2.791784,25.630425,25.599364,37.671967
1783943716714,42.440000,464.055480,431.138269,428.027528,36.027952,11.403690,11.344117,34.862076
1783943716734,42.460000,376.656620,426.457896,423.276490,-46.619870,-2.154426,-2.239949,29.083506
1783943716754,42.480000,424.210750,421.746405,418.499225,5.711525,-11.960988,-12.069856,20.769022
1783943716774,42.500000,380.369750,417.008339,413.699733,-33.329983,-16.632256,-16.761852,10.386776
1783943716794,42.520000,410.410520,412.247775,408.881570,1.528950,-16.410333,-16.558051,-1.413077
1783943716814,42.540000,370.356080,407.468333,404.047862,-33.691782,-12.325569,-12.488840,-13.626622
1783943716834,42.560000,412.503600,402.673187,399.201318,13.302282,-6.001945,-6.178255,-24.942590
1783943716854,42.580000,376.194100,397.865080,394.344245,-18.150145,0.315049,0.128140,-34.031970
1783943716874,42.600000,419.661250,393.046342,389.478563,30.182687,4.149963,3.954803,-39.875440
1783943716894,42.620000,379.390380,388.218903,384.605826,-5.215446,3.599836,3.398669,-41.953575
1783943716914,42.640000,405.081300,383.384315,379.727237,25.354063,-1.781876,-1.986925,-40.310272
1783943716934,42.660000,350.302600,378.543769,374.843668,-24.541068,-10.663193,-10.870128,-35.552547
1783943716954,42.680000,371.549870,373.698115,369.955682,1.594188,-20.547493,-20.754460,-28.785393
1783943716974,42.700000,332.950260,368.847885,365.063549,-32.113289,-28.778334,-28.983632,-21.426409
1783943716994,42.720000,350.125180,363.993311,360.167274,-10.042094,-33.138813,-33.340906,-14.875762
1783943717014,42.740000,312.069340,359.134353,355.266613,-43.197273,-32.224619,-32.422143,-10.147040
1783943717034,42.760000,349.660980,354.270717,350.361098,-0.700118,-26.047152,-26.238922,-7.631556
1783943717054,42.780000,328.420400,349.401882,345.450059,-17.029659,-16.306622,-16.491618,-7.066360
1783943717074,42.800000,370.744500,344.527119,340.532647,30.211853,-5.681429,-5.858778,-7.652392
1783943717094,42.820000,331.625200,339.645521,335.607856,-3.982656,3.331889,3.162959,-8.281289
1783943717114,42.840000,374.357060,334.756019,330.674542,43.682518,9.026370,8.866568,-7.875534
1783943717134,42.860000,337.873400,329.857411,325.731449,12.141951,10.586945,10.436934,-5.755886
1783943717154,42.880000,365.827300,324.948378,320.776035,45.051265,8.330345,8.190708,-1.857694
1783943717174,42.900000,308.978700,320.027511,315.807877,-6.829177,3.749264,3.620429,3.284279
1783943717194,42.920000,349.825380,315.093325,310.825493,38.999887,-1.169459,-1.287273,8.714237
1783943717214,42.940000,290.843870,310.144283,305.827363,-14.983493,-4.769552,-4.876342,13.317220
1783943717234,42.960000,326.011080,305.178810,300.811945,25.199135,-6.232751,-6.328715,16.119772
1783943717254,42.980000,297.137200,300.195310,295.777683,1.359517,-5.777959,-5.863457,16.563470
1783943717274,43.000000,324.967500,295.192176,290.723027,34.244473,-4.083409,-4.158938,14.665236
1783943717294,43.020000,283.398560,290.167809,285.646439,-2.247879,-1.290618,-1.356790,10.994717
1783943717314,43.040000,316.760620,285.120621,280.546401,36.214219,3.199835,3.142306,6.458220
1783943717334,43.060000,278.503270,280.049049,275.421423,3.081847,10.078478,10.028789,1.976967
1783943717354,43.080000,321.884280,274.951553,270.270047,51.614233,19.386494,19.343758,-1.766848
1783943717374,43.100000,296.639950,269.826630,265.090848,31.549102,30.268887,30.232146,-4.385368
1783943717394,43.120000,327.671500,264.672804,259.882434,67.789066,41.324377,41.292610,-5.692646
1783943717414,43.140000,301.055240,259.488635,254.643443,46.411797,50.959976,50.932114,-5.623433
1783943717434,43.160000,334.072750,254.272706,249.372542,84.700208,57.450355,57.425296,-4.243245
1783943717454,43.180000,301.230300,249.023626,244.068414,57.161886,59.170991,59.147614,-1.800462
1783943717474,43.200000,326.969180,243.740017,238.729754,88.239426,55.252803,55.229984,1.265538
1783943717494,43.220000,265.170440,238.420502,233.355255,31.815185,46.171695,46.148326,4.367655
1783943717514,43.240000,283.786600,233.063700,227.943600,55.843000,33.525484,33.500487,6.808765
1783943717534,43.260000,227.841660,227.668205,222.493441,5.348219,19.137162,19.109503,7.826090
1783943717554,43.280000,245.048900,222.232575,217.003393,28.045507,4.456072,4.424782,6.722231
1783943717574,43.300000,186.328310,216.755316,211.472009,-25.143699,-9.437330,-9.473143,3.085159
1783943717594,43.320000,207.187290,211.234866,205.897775,1.289515,-21.646999,-21.688133,-3.024424
1783943717614,43.340000,151.912920,205.669574,200.279083,-48.366163,-31.320264,-31.367411,-11.040772
1783943717634,43.360000,173.610840,200.057692,194.614228,-21.003388,-37.621262,-37.674994,-20.019524
1783943717654,43.380000,126.386030,194.397353,188.901384,-62.515354,-39.958374,-40.019131,-28.841095
1783943717674,43.400000,159.950150,188.686560,183.138598,-23.188448,-38.341186,-38.409267,-36.408840
1783943717694,43.420000,122.760254,182.923172,177.323777,-54.563523,-33.488529,-33.564081,-41.788216
1783943717714,43.440000,149.939130,177.104895,171.454680,-21.515550,-26.686065,-26.769079,-44.283615
1783943717734,43.460000,126.820450,171.229274,165.528911,-38.708461,-19.682222,-19.772524,-43.491726
1783943717754,43.480000,166.603840,165.293682,159.543914,7.059926,-14.250179,-14.347434,-39.338974
1783943717774,43.500000,112.165215,159.295325,153.496973,-41.331758,-11.229310,-11.333010,-32.085770
1783943717794,43.520000,140.067540,153.231232,147.385214,-7.317674,-10.276634,-10.386109,-22.328302
1783943717814,43.540000,97.186220,147.098264,141.205607,-44.019387,-10.907490,-11.021904,-11.013246
1783943717834,43.560000,140.041780,140.893117,134.954972,5.086808,-13.339848,-13.458204,0.633570
1783943717854,43.580000,86.884636,134.612328,128.629994,-41.745358,-17.942294,-18.063444,11.360916
1783943717874,43.600000,109.134090,128.252287,122.227227,-13.093137,-24.140869,-24.263519,20.208143
1783943717894,43.620000,57.496002,121.809252,115.743118,-58.247116,-30.196944,-30.319666,26.643105
1783943717914,43.640000,88.014946,115.279367,109.174020,-21.159074,-33.858431,-33.979676,30.482126
1783943717934,43.660000,36.368040,108.658678,102.516214,-66.148174,-33.142063,-33.260171,31.772497
1783943717954,43.680000,70.156425,101.943158,95.765934,-25.609509,-27.189521,-27.302744,30.766298
1783943717974,43.700000,50.565820,95.128735,88.919391,-38.353571,-17.051108,-17.157620,27.954208
1783943717994,43.720000,100.271385,88.211313,81.972802,18.298583,-5.345686,-5.443606,24.094942
1783943718014,43.740000,66.796616,81.186809,74.922418,-8.125802,5.463032,5.375621,20.190197
1783943718034,43.760000,85.004740,74.051182,67.764559,17.240181,14.442495,14.367524,17.309101
1783943718054,43.780000,62.186560,66.800466,60.495643,1.690917,21.727044,21.666439,16.229305
1783943718074,43.800000,95.583660,59.430806,53.112224,42.471436,27.249700,27.205355,17.101374
1783943718094,43.820000,64.390970,51.938493,45.611021,18.779949,30.438107,30.411863,19.421206
1783943718114,43.840000,85.324300,44.320003,37.988957,47.335343,30.762232,30.755848,22.319147
1783943718134,43.860000,30.849453,36.572028,30.243192,0.606261,27.882167,27.897296,24.885107
1783943718154,43.880000,83.735610,28.691523,22.371154,61.364456,21.294026,21.332184,26.329275
1783943718174,43.900000,20.131516,20.675731,14.370580,5.760936,10.852922,10.915467,26.059563
1783943718194,43.920000,37.136400,12.522228,6.239542,30.896858,-1.847569,-1.759459,23.769648
1783943718214,43.940000,-45.448368,4.228955,-2.023519,-43.424849,-13.468622,-13.353956,19.441566
1783943718234,43.960000,-4.772844,-4.205748,-10.419763,5.646919,-21.027838,-20.885811,13.200541
1783943718254,43.980000,-43.991512,-12.783108,-18.949920,-25.041592,-23.800541,-23.630528,5.216429
1783943718274,44.000000,-14.607129,-21.503885,-27.614264,13.007135,-22.999875,-22.801431,-4.143717
1783943718294,44.020000,-56.598576,-30.368344,-36.412588,-20.185988,-20.228734,-20.001623,-14.075379
1783943718314,44.040000,-28.138744,-39.376225,-45.344181,17.205437,-16.559956,-16.304244,-23.359945
1783943718334,44.060000,-59.080196,-48.526718,-54.407802,-4.672394,-12.382410,-12.098634,-30.717047
1783943718354,44.080000,-29.112482,-57.818435,-63.601668,34.489186,-7.290007,-6.979402,-35.207020
1783943718374,44.100000,-78.333340,-67.249389,-72.923430,-5.409910,-0.106062,0.229234,-36.436924
1783943718394,44.120000,-46.705240,-76.816978,-82.370166,35.664926,10.134342,10.491293,-34.576740
1783943718414,44.140000,-65.082140,-86.517963,-91.930923,26.848783,22.618272,22.993269,-30.256334
1783943718434,44.160000,-21.736448,-96.348459,-101.608910,79.872462,34.418083,34.807471,-24.331299
1783943718454,44.180000,-58.624897,-106.303924,-111.399456,52.774559,41.965488,42.365926,-17.567919
1783943718474,44.200000,-28.931322,-116.379154,-121.297274,92.365952,42.940461,43.348953,-10.454060
1783943718494,44.220000,-88.923930,-126.568277,-131.296487,42.372557,37.286138,37.699877,-3.298398
1783943718514,44.240000,-78.707400,-136.864762,-141.390626,62.683226,26.959945,27.376130,3.480723
1783943718534,44.260000,-134.141270,-147.261416,-151.572645,17.431375,14.684338,15.100045,9.153527
1783943718554,44.280000,-116.964660,-157.750401,-161.834932,44.870272,2.731398,3.143534,12.761096
1783943718574,44.300000,-178.422850,-168.323244,-172.169325,-6.253525,-7.495954,-7.090634,13.448749
1783943718594,44.320000,-149.337890,-178.970858,-182.567131,33.229241,-15.316859,-14.921700,10.840652
1783943718614,44.340000,-209.415280,-189.683558,-193.019151,-16.396129,-20.358127,-19.976507,5.239367
1783943718634,44.360000,-194.699040,-200.451091,-203.515699,8.816659,-22.280722,-21.915994,-2.440302
1783943718654,44.380000,-233.957380,-211.262662,-214.046638,-19.910742,-21.176150,-20.831581,-10.939865
1783943718674,44.400000,-204.010570,-222.106966,-224.601401,20.590831,-17.998022,-17.676750,-18.964912
1783943718694,44.420000,-250.246770,-232.972222,-235.169030,-15.077740,-14.167105,-13.872096,-25.393509
1783943718714,44.440000,-217.702790,-243.846212,-245.738206,28.035416,-10.787873,-10.521884,-29.374863
1783943718734,44.460000,-266.049960,-254.716318,-256.297285,-9.752675,-8.088415,-7.853953,-30.400818
1783943718754,44.480000,-248.608340,-265.569566,-266.834337,18.225997,-5.322195,-5.121483,-28.392090
1783943718774,44.500000,-293.442570,-276.392673,-277.337182,-16.105388,-1.448606,-1.283548,-23.744143
1783943718794,44.520000,-258.233670,-287.172090,-287.793433,29.559763,3.843456,3.971308,-17.251057
1783943718814,44.540000,-292.803860,-297.894052,-298.190536,5.386676,9.947353,10.036830,-9.877213
1783943718834,44.560000,-265.179700,-308.544631,-308.515812,43.336112,16.252789,16.303128,-2.453640
1783943718854,44.580000,-320.657750,-319.109785,-318.756499,-1.901251,22.944775,22.955642,4.513586
1783943718874,44.600000,-289.132140,-329.575412,-328.899798,39.767658,30.502598,30.474101,10.790263
1783943718894,44.620000,-315.424900,-339.927406,-338.932919,23.508019,38.592165,38.524867,16.229770
1783943718914,44.640000,-291.563660,-350.151712,-348.843120,57.279460,45.979766,45.874683,20.694710
1783943718934,44.660000,-335.055300,-360.234380,-358.617760,23.562460,51.314532,51.173128,24.127350
1783943718954,44.680000,-308.511960,-370.161623,-368.244339,59.732379,53.515793,53.339960,26.594060
1783943718974,44.700000,-353.435330,-379.919874,-377.710545,24.275215,51.787174,51.579202,28.198463
1783943718994,44.720000,-348.009220,-389.495837,-387.004303,38.995083,45.733911,45.496448,28.953750
1783943719014,44.740000,-395.938260,-398.876550,-396.113813,0.175553,35.281762,35.017777,28.727127
1783943719034,44.760000,-381.915650,-408.049431,-405.027599,23.111949,20.555875,20.268628,27.273834
1783943719054,44.780000,-443.464170,-417.002332,-413.734552,-29.729618,2.401254,2.094303,24.339990
1783943719074,44.800000,-444.117860,-425.723591,-422.223967,-21.893893,-16.887485,-17.210261,19.787905
1783943719094,44.820000,-513.099700,-434.202075,-430.485584,-82.614116,-33.785822,-34.120169,13.656850
1783943719114,44.840000,-501.566900,-442.427224,-438.509628,-63.057272,-44.952816,-45.294085,6.133166
1783943719134,44.860000,-543.799200,-450.389091,-446.286839,-97.512361,-48.871759,-49.215009,-2.463954
1783943719154,44.880000,-514.220640,-458.078372,-453.808505,-60.412135,-46.525552,-46.865886,-11.584598
1783943719174,44.900000,-545.441160,-465.486444,-461.066485,-84.374675,-40.799254,-41.132462,-20.316751
1783943719194,44.920000,-509.352050,-472.605380,-468.053240,-41.298810,-35.104427,-35.427901,-27.403662
1783943719214,44.940000,-553.938000,-479.427971,-474.761845,-79.176155,-31.924785,-32.238388,-31.505533
1783943719234,44.960000,-526.403200,-485.947741,-481.186004,-45.217196,-32.049324,-32.355597,-31.625320
1783943719254,44.980000,-574.607670,-492.158950,-487.320063,-87.287607,-34.802367,-35.105168,-27.495272
1783943719274,45.000000,-548.880500,-498.056596,-493.092864,-55.787636,-38.848684,-39.150272,-19.727137
1783943719294,45.020000,-596.341900,-503.636407,-498.619075,-97.722825,-43.051201,-43.350075,-9.648562
1783943719314,45.040000,-550.120500,-508.894833,-503.842274,-46.278226,-46.859684,-47.151280,1.101569
1783943719334,45.060000,-606.470460,-513.829024,-508.759400,-97.711060,-49.829626,-50.108683,11.043328
1783943719354,45.080000,-572.193100,-518.436809,-513.367999,-58.825101,-50.978664,-51.240999,19.187027
1783943719374,45.100000,-608.876500,-522.716664,-517.666206,-91.210294,-48.943517,-49.186632,25.110512
1783943719394,45.120000,-574.364200,-526.667678,-521.652717,-52.711483,-42.623631,-42.846590,28.841720
1783943719414,45.140000,-600.277340,-530.289514,-525.326757,-74.950583,-31.798239,-32.001259,30.701757
1783943719434,45.160000,-548.735400,-533.582362,-528.688045,-20.047355,-17.581668,-17.765703,31.206247
1783943719454,45.180000,-566.758500,-536.546892,-531.736756,-35.021744,-2.301201,-2.467660,31.006668
1783943719474,45.200000,-508.804570,-539.184202,-534.473475,25.668905,11.420973,11.270360,30.816553
1783943719494,45.220000,-546.100600,-541.495764,-536.899148,-9.201452,21.890326,21.753547,31.285406
1783943719514,45.240000,-501.537000,-543.483365,-539.015039,37.478039,28.885323,28.760079,32.800255
1783943719534,45.260000,-532.431000,-545.149049,-540.822672,8.391672,33.167651,33.051346,35.283188
1783943719554,45.280000,-491.912020,-546.495059,-542.323777,50.411757,35.739341,35.629089,38.137540
1783943719574,45.300000,-526.215400,-547.523776,-543.520244,17.304844,37.416217,37.308880,40.423737
1783943719594,45.320000,-485.087700,-548.237660,-544.414055,59.326355,38.579023,38.471261,41.177258
1783943719614,45.340000,-526.746700,-548.639196,-545.007242,18.260542,38.953090,38.841426,39.691696
1783943719634,45.360000,-479.492250,-548.730832,-545.301824,65.809574,37.449918,37.330814,35.659985
1783943719654,45.380000,-505.784850,-548.514929,-545.299757,39.514907,32.596651,32.466573,29.196024
1783943719674,45.400000,-492.643280,-547.993707,-545.002884,52.359604,23.787334,23.642827,20.779370
1783943719694,45.420000,-536.232400,-547.169201,-544.412882,8.180482,12.030543,11.868300,11.097426
1783943719714,45.440000,-505.310270,-546.043210,-543.531221,38.220951,-0.652981,-0.836055,0.798566
1783943719734,45.460000,-544.260900,-544.617263,-542.359114,-1.901786,-11.950794,-12.157514,-9.689429
1783943719754,45.480000,-522.278800,-542.892578,-540.897483,18.618683,-19.371965,-19.604805,-20.128965
1783943719774,45.500000,-561.221860,-540.870028,-539.146916,-22.074944,-20.717185,-20.978215,-30.299738
1783943719794,45.520000,-511.509460,-538.550121,-537.107639,25.598179,-15.289666,-15.580499,-39.869570
1783943719814,45.540000,-532.314450,-535.932967,-534.779484,2.465034,-4.739520,-5.061257,-48.351970
1783943719834,45.560000,-465.542970,-533.018268,-532.161868,66.618898,7.450968,7.097787,-55.080425
1783943719854,45.580000,-500.546800,-529.805303,-529.253768,28.706968,17.561580,17.177015,-59.230270
1783943719874,45.600000,-448.536500,-526.292919,-526.053712,77.517212,23.089475,22.674223,-60.008663
1783943719894,45.620000,-485.229250,-522.479533,-522.559765,37.330515,23.268026,22.823448,-57.003754
1783943719914,45.640000,-448.365780,-518.363133,-518.769527,70.403747,18.936808,18.464950,-50.490726
1783943719934,45.660000,-491.802370,-513.941292,-514.680133,22.877763,12.082132,11.585739,-41.489372
1783943719954,45.680000,-461.106630,-509.211178,-510.288261,49.181631,5.013331,4.495847,-31.538490
1783943719974,45.700000,-488.492680,-504.169584,-505.590144,17.097464,-0.498109,-1.032544,-22.300165
1783943719994,45.720000,-457.025150,-498.812947,-500.581588,43.556438,-3.513185,-4.059751,-15.132335
1783943720014,45.740000,-482.274400,-493.137386,-495.257999,12.983599,-3.656975,-4.210203,-10.759562
1783943720034,45.760000,-445.677980,-487.138740,-489.614410,43.936430,-0.833768,-1.387579,-9.157339
1783943720054,45.780000,-470.396600,-480.812612,-483.645519,13.248919,4.780587,4.232825,-9.679604
1783943720074,45.800000,-427.406000,-474.154414,-477.345731,49.939731,12.472627,11.938036,-11.340649
1783943720094,45.820000,-440.508120,-467.159424,-470.709204,30.201084,20.753758,20.239875,-13.106210
1783943720114,45.840000,-392.243320,-459.822844,-463.729902,71.486582,27.701990,27.216700,-14.092830
1783943720134,45.860000,-419.350900,-452.139858,-456.401653,37.050753,31.871227,31.422701,-13.671741
1783943720154,45.880000,-380.688140,-444.105703,-448.717782,68.029642,32.969793,32.566444,-11.542661
1783943720174,45.900000,-412.602940,-435.715733,-440.672823,28.069883,31.764689,31.415111,-7.812284
1783943720194,45.920000,-378.235400,-426.965494,-432.260604,54.025204,29.425437,29.138299,-3.018163
1783943720214,45.940000,-406.072330,-417.850797,-423.475098,17.402768,26.757082,26.540985,1.985718
1783943720234,45.960000,-362.736100,-408.367796,-414.310500,51.574400,23.821934,23.685251,6.281837
1783943720254,45.980000,-396.210300,-398.513060,-404.761314,8.551014,20.240829,20.191544,9.175766
1783943720274,46.000000,-355.606630,-388.283661,-394.822438,39.215808,15.798493,15.844054,10.377892
1783943720294,46.020000,-388.232730,-377.677241,-384.489257,-3.743473,10.845561,10.992746,10.004834
1783943720314,46.040000,-365.576480,-366.692098,-373.757730,8.181250,6.199195,6.453987,8.427726
1783943720334,46.060000,-386.437260,-355.327259,-362.624484,-23.812776,2.325746,2.693213,6.069881
1783943720354,46.080000,-341.953670,-343.582552,-351.086907,9.133237,-1.455049,-0.970865,3.283655
1783943720374,46.100000,-373.260770,-331.458683,-339.143241,-34.117529,-6.644306,-6.040492,0.369542
1783943720394,46.120000,-333.272950,-318.957297,-326.792668,-6.480282,-14.492045,-13.766917,-2.341179
1783943720414,46.140000,-368.774780,-306.081048,-314.035406,-54.739374,-25.151561,-24.304747,-4.484966
1783943720434,46.160000,-337.867740,-292.833654,-300.872786,-36.994954,-37.344337,-36.376844,-5.790793
1783943720454,46.180000,-375.374660,-279.219954,-287.307339,-88.067321,-48.641619,-47.555893,-6.222656
1783943720474,46.200000,-334.480830,-265.245950,-273.342871,-61.137959,-56.303278,-55.103237,-6.007599
1783943720494,46.220000,-369.646800,-250.918854,-258.984530,-110.662270,-58.325821,-57.016875,-5.518517
1783943720514,46.240000,-305.970670,-236.247119,-244.238877,-61.731793,-54.394881,-52.983927,-5.069574
1783943720534,46.260000,-312.349000,-221.240462,-229.113934,-83.235066,-46.095683,-44.591082,-4.706100
1783943720554,46.280000,-254.928250,-205.909889,-213.619235,-41.309015,-35.893408,-34.304942,-4.080459
1783943720574,46.300000,-271.429050,-190.267700,-197.765866,-73.663184,-25.842495,-24.181300,-2.517017
1783943720594,46.320000,-206.008000,-174.327494,-181.566492,-24.441508,-17.173786,-15.452264,0.703515
1783943720614,46.340000,-218.037540,-158.104161,-165.035375,-53.002165,-10.388486,-8.620200,5.982010
1783943720634,46.360000,-163.262000,-141.613867,-148.188384,-15.073616,-5.210084,-3.409628,13.186645
1783943720654,46.380000,-185.068620,-124.874035,-131.042990,-54.025630,-0.782053,1.035089,21.672052
1783943720674,46.400000,-128.394530,-107.903310,-113.618255,-14.776275,3.447168,5.264785,30.439990
1783943720694,46.420000,-135.924410,-90.721522,-95.934800,-39.989610,6.760311,8.561641,38.356594
1783943720714,46.440000,-78.156296,-73.349640,-78.014776,-0.141520,7.170615,8.938533,44.414730
1783943720734,46.460000,-89.374760,-55.809717,-59.881809,-29.492951,2.619222,4.336437,47.983692
1783943720754,46.480000,-53.325260,-38.124832,-41.560943,-11.764317,-7.409995,-5.760734,48.909103
1783943720774,46.500000,-88.262470,-20.319016,-23.078568,-65.183902,-21.101229,-19.536922,47.375430
1783943720794,46.520000,-47.630512,-2.417186,-4.462336,-43.168176,-35.001034,-33.538221,43.623478
1783943720814,46.540000,-65.250595,15.554943,14.258930,-79.509525,-45.367463,-44.022014,37.760708
1783943720834,46.560000,-17.863182,33.570940,33.055340,-50.918522,-48.987377,-47.774288,29.834938
1783943720854,46.580000,-35.735590,51.603750,51.896054,-87.631644,-43.640588,-42.573783,20.093510
1783943720874,46.600000,42.131943,69.625789,70.749399,-28.617456,-28.893423,-27.985570,9.189327
1783943720894,46.620000,49.986680,87.609045,89.583001,-39.596321,-6.689363,-5.951700,-1.799788
1783943720914,46.640000,130.981300,105.525184,108.363926,22.617374,19.035503,19.593319,-11.500961
1783943720934,46.660000,151.960140,123.345649,127.058820,24.901320,43.480183,43.850215,-18.469973
1783943720954,46.680000,216.347560,141.041777,145.634059,70.713501,62.382110,62.558255,-21.503098
1783943720974,46.700000,210.681560,158.584900,164.055904,46.625656,73.065462,73.043544,-20.005840
1783943720994,46.720000,276.343170,175.946461,182.290648,94.052522,74.656458,74.434293,-14.290084
1783943721014,46.740000,249.415590,193.098119,200.304781,49.110809,68.029544,67.606986,-5.633970
1783943721034,46.760000,276.998170,210.011860,218.065136,58.933034,55.574936,54.953891,3.948074
1783943721054,46.780000,251.964600,226.660101,235.539049,16.425551,40.025195,39.209610,12.125954
1783943721074,46.800000,301.559880,243.015798,252.694508,48.865372,23.134538,22.130371,16.743357
1783943721094,46.820000,259.236050,259.052545,269.500297,-10.264247,5.733258,4.548416,16.305542
1783943721114,46.840000,304.404660,274.744676,285.926146,18.478514,-11.322140,-12.677887,10.344623
1783943721134,46.860000,266.108580,290.067357,301.942862,-35.834282,-26.524340,-28.039457,-0.515043
1783943721154,46.880000,300.766000,304.996679,317.522464,-16.756464,-37.717494,-39.378813,-14.832214
1783943721174,46.900000,280.655600,319.509749,332.638306,-51.982706,-42.757492,-44.550358,-30.783820
1783943721194,46.920000,332.480300,333.584769,347.265196,-14.784896,-40.405394,-42.313836,-46.526470
1783943721214,46.940000,317.760440,347.201118,361.379502,-43.619062,-30.848287,-32.855219,-60.391434
1783943721234,46.960000,391.390000,360.339427,374.959256,16.430744,-15.835446,-17.922882,-70.958380
1783943721254,46.980000,384.823550,372.981643,387.984238,-3.160688,1.662180,-0.487113,-77.097880
1783943721274,47.000000,453.448900,385.111097,400.436062,53.012838,18.327110,16.135032,-78.049600
1783943721294,47.020000,436.515620,396.712562,412.298242,24.217378,31.345368,29.129793,-73.547970
1783943721314,47.040000,494.152560,407.772299,423.556249,70.596311,38.756402,36.536691,-63.960415
1783943721334,47.060000,473.608200,418.278107,434.197561,39.410639,39.512324,37.307849,-50.353252
1783943721354,47.080000,511.497650,428.219358,444.211694,67.285956,33.665997,31.496159,-34.391730
1783943721374,47.100000,471.134700,437.587029,453.590224,17.544476,22.505431,20.389665,-18.080080
1783943721394,47.120000,498.093660,446.373725,462.326802,35.766858,8.145725,6.103328,-3.443957
1783943721414,47.140000,463.271800,454.573696,470.409690,-7.137890,-7.207867,-9.158228,7.767555
1783943721434,47.160000,496.054470,462.182847,477.843646,18.210824,-21.525880,-23.366864,14.356511
1783943721454,47.180000,447.034420,469.198739,484.628572,-37.594152,-32.644910,-34.361021,15.899231
1783943721474,47.200000,484.192320,475.620585,490.766361,-6.574041,-38.294628,-39.872417,12.811454
1783943721494,47.220000,444.365230,481.449240,496.260868,-51.895638,-36.945426,-38.373462,6.196857
1783943721514,47.240000,500.563600,486.687180,501.117854,-0.554254,-28.882651,-30.151427,-2.428851
1783943721534,47.260000,486.990170,491.338477,505.344927,-18.354757,-16.521021,-17.622879,-11.379865
1783943721554,47.280000,544.896500,495.408771,508.951469,35.945031,-3.353652,-4.282752,-18.954903
1783943721574,47.300000,512.201100,498.905226,511.948555,0.252545,7.786301,7.033980,-23.604868
1783943721594,47.320000,559.253800,501.836493,514.348874,44.904926,15.695510,15.122157,-24.215597
1783943721614,47.340000,525.046300,504.212652,516.166633,8.879667,20.582314,20.188294,-20.437126
1783943721634,47.360000,556.404400,506.045164,517.417460,38.986940,23.256696,23.040570,-12.849915
1783943721654,47.380000,532.850100,507.346802,518.118302,14.731798,24.258810,24.217393,-2.819585
1783943721674,47.400000,573.039900,508.131586,518.287321,54.752579,23.651023,23.779467,7.919853
1783943721694,47.420000,523.704160,508.414711,517.943780,5.760380,21.743445,22.035348,17.758139
1783943721714,47.440000,550.845500,508.212467,517.107933,33.737567,19.520137,19.967665,25.541742
1783943721734,47.460000,517.638500,507.542160,515.800906,1.837594,18.013684,18.607714,30.643270
1783943721754,47.480000,545.639470,506.422021,514.044588,31.594882,17.631746,18.362017,32.874850
1783943721774,47.500000,509.010500,504.871119,511.861505,-2.851005,18.112606,18.967876,32.415615
1783943721794,47.520000,543.987060,502.909266,509.274708,34.712352,18.776379,19.744593,29.780000
1783943721814,47.540000,501.735100,500.556919,506.307658,-4.572558,18.901606,19.970067,25.736960
1783943721834,47.560000,537.231600,497.835084,502.984105,34.247495,18.167189,19.322730,21.148088
1783943721854,47.580000,487.050480,494.765214,499.327980,-12.277500,16.916684,18.145840,16.783760
1783943721874,47.600000,513.490360,491.369104,495.363281,18.127079,15.935640,17.224822,13.172624
1783943721894,47.620000,477.127440,487.668793,491.113967,-13.986527,15.744403,17.080058,10.525750
1783943721914,47.640000,501.103500,483.686461,486.603852,14.499648,16.024375,17.393143,8.776640
1783943721934,47.660000,460.160100,479.444321,481.856506,-21.696406,15.492288,16.881133,7.717310
1783943721954,47.680000,493.883420,474.964526,476.895155,16.988265,12.105714,13.502048,7.145190
1783943721974,47.700000,441.451480,470.269064,471.742595,-30.291115,3.803401,5.195177,6.941118
1783943721994,47.720000,457.949130,465.379663,466.421099,-8.471969,-10.410630,-9.034826,7.048910
1783943722014,47.740000,400.132500,460.317698,460.952340,-60.819840,-29.703228,-28.354091,7.380765
1783943722034,47.760000,398.620600,455.104101,455.357315,-56.736715,-51.241709,-49.929103,7.708386
1783943722054,47.780000,343.443940,449.759272,449.656274,-106.212334,-70.715370,-69.448169,7.622584
1783943722074,47.800000,343.875500,444.303002,443.868658,-99.993158,-83.545672,-82.331564,6.624662
1783943722094,47.820000,302.932250,438.754395,438.013038,-135.080788,-86.537191,-85.382484,4.330948
1783943722114,47.840000,352.718020,433.131797,432.107070,-79.389050,-79.203123,-78.112661,0.725919
1783943722134,47.860000,321.437960,427.452736,426.167447,-104.729487,-63.658136,-62.635500,-3.616943
1783943722154,47.880000,377.118040,421.733857,420.209859,-43.091819,-43.308803,-42.356978,-7.485863
1783943722174,47.900000,354.095830,415.990881,414.248966,-60.153136,-21.589692,-20.712261,-9.276178
1783943722194,47.920000,403.144400,410.238553,408.298368,-5.153968,-1.227202,-0.429850,-7.491758
1783943722214,47.940000,369.394400,404.490604,402.370581,-32.976181,15.878595,16.586968,-1.284203
1783943722234,47.960000,422.620180,398.759723,396.477029,26.143151,28.219847,28.827668,9.219375
1783943722254,47.980000,389.004460,393.057532,390.628028,-1.623568,34.481889,34.978654,22.922411
1783943722274,48.000000,419.556270,387.394560,384.973852,34.582418,34.078523,34.460983,38.055534
1783943722294,48.020000,375.234860,381.780236,379.237108,-4.002248,27.806730,28.082047,52.593890
1783943722314,48.040000,387.557860,376.222878,373.569290,13.988570,17.914131,18.096181,64.611916
1783943722334,48.060000,339.346500,370.729690,367.976264,-28.629764,7.425375,7.528268,72.511406
1783943722354,48.080000,359.276120,365.306767,362.462804,-3.186684,-0.956946,-0.922662,75.186220
1783943722374,48.100000,321.532470,359.959097,357.032602,-35.500132,-5.693073,-5.720890,72.186966
1783943722394,48.120000,349.133480,354.690578,351.688292,-2.554812,-6.569148,-6.655432,63.854633
1783943722414,48.140000,316.744140,349.504035,346.431466,-29.687326,-4.351423,-4.493896,51.326496
1783943722434,48.160000,353.220280,344.401236,341.262705,11.957575,-0.231531,-0.428121,36.345314
1783943722454,48.180000,310.837950,339.382923,336.181607,-25.343657,4.665368,4.417120,20.900260
1783943722474,48.200000,355.030460,334.448837,331.186814,23.843646,9.398343,9.101423,6.810854
1783943722494,48.220000,317.943050,329.597753,326.276057,-8.333007,13.145991,12.803775,-4.605815
1783943722514,48.240000,351.454160,324.827515,321.446183,30.007977,15.354227,14.970270,-12.689541
1783943722534,48.260000,314.286200,320.135072,316.693204,-2.407004,15.881742,15.459588,-17.415243
1783943722554,48.280000,346.535740,315.516526,312.012336,34.523404,14.958700,14.501764,-19.261639
1783943722574,48.300000,305.803250,310.967169,307.398044,-1.594794,13.139711,12.651235,-19.032194
1783943722594,48.320000,329.910370,306.481533,302.844092,27.066278,11.158944,10.641993,-17.661428
1783943722614,48.340000,295.121770,302.053436,298.343586,-3.221816,9.515550,8.973033,-16.038328
1783943722634,48.360000,324.588500,297.676032,293.889030,30.699470,8.120647,7.555343,-14.867719
1783943722654,48.380000,291.147640,293.341859,289.472375,1.675265,6.450817,5.865402,-14.567474
1783943722674,48.400000,310.456450,289.042895,285.085072,25.371378,4.025668,3.422731,-15.223103
1783943722694,48.420000,273.425260,284.770607,280.718127,-7.292867,0.616666,-0.001273,-16.646864
1783943722714,48.440000,305.983520,280.516006,276.362153,29.621367,-3.802687,-4.433164,-18.523280
1783943722734,48.460000,255.576390,276.269695,272.007427,-16.431037,-8.865326,-9.505921,-20.543997
1783943722754,48.480000,285.912930,272.021932,267.643944,18.268986,-13.593954,-14.242268,-22.473482
1783943722774,48.500000,235.455960,267.762673,263.261474,-27.805514,-16.685238,-17.338883,-24.169024
1783943722794,48.520000,277.201140,263.481632,258.849613,18.351527,-17.082407,-17.738984,-25.578306
1783943722814,48.540000,230.932420,259.168333,254.397843,-23.465423,-14.324260,-14.981343,-26.690620
1783943722834,48.560000,274.223660,254.812158,249.895584,24.328076,-8.617131,-9.272253,-27.446200
1783943722854,48.580000,245.482650,250.402402,245.332244,0.150406,-0.736848,-1.387486,-27.669302
1783943722874,48.600000,275.571800,245.928324,240.697274,34.874526,8.274883,7.631320,-27.078157
1783943722894,48.620000,250.827640,241.379191,235.980218,14.847422,17.291293,16.657469,-25.377172
1783943722914,48.640000,294.885500,236.744332,231.170761,63.714739,25.137901,24.516564,-22.381601
1783943722934,48.660000,254.364380,232.013179,226.258775,28.105605,31.007951,30.401931,-18.103838
1783943722954,48.680000,283.896000,227.175310,221.234363,62.661637,34.827079,34.239300,-12.782588
1783943722974,48.700000,247.598050,222.220498,216.087900,31.510150,36.864176,36.297656,-6.882761
1783943722994,48.720000,274.308400,217.138742,210.810077,63.498323,37.060992,36.518845,-1.063694
1783943723014,48.740000,242.070860,211.920309,205.391929,36.678931,34.848656,34.334094,3.934995
1783943723034,48.760000,267.776300,206.555771,199.824877,67.951423,29.709258,29.225572,7.488337
1783943723054,48.780000,215.756560,201.036032,194.100753,21.655807,22.123228,21.673757,9.247659
1783943723074,48.800000,217.513730,195.352365,188.211831,29.301899,13.744324,13.332398,9.145202
1783943723094,48.820000,177.224330,189.496435,182.150853,-4.926523,6.121042,5.749900,7.251976
1783943723114,48.840000,209.212160,183.460331,175.911048,33.301112,-0.676211,-1.003496,3.663644
1783943723134,48.860000,169.883330,177.236583,169.486164,0.397166,-7.644170,-7.924728,-1.420116
1783943723154,48.880000,175.273510,170.818195,162.872441,12.401069,-15.145748,-15.376857,-7.512310
1783943723174,48.900000,116.480774,164.198657,156.062836,-39.582062,-22.256426,-22.435407,-13.838448
1783943723194,48.920000,152.194150,157.371970,149.052733,3.141417,-27.863195,-27.987358,-19.610384
1783943723214,48.940000,104.532930,150.332663,141.838091,-37.305161,-31.667233,-31.733900,-24.302282
1783943723234,48.960000,126.150570,143.075812,134.415454,-8.264884,-33.982481,-33.989063,-27.667116
1783943723254,48.980000,84.847140,135.597058,126.781963,-41.934823,-35.301399,-35.245488,-29.576746
1783943723274,49.000000,117.681110,127.892620,118.935362,-1.254252,-36.100789,-35.980234,-29.919989
1783943723294,49.020000,69.823350,119.959314,110.874006,-41.050656,-36.417988,-36.230954,-28.622320
1783943723314,49.040000,84.684880,111.794565,102.596871,-17.911991,-35.642319,-35.387332,-25.710274
1783943723334,49.060000,65.678100,103.396427,94.103553,-28.425453,-33.065563,-32.741543,-21.366980
1783943723354,49.080000,80.346590,94.763590,85.394278,-5.047688,-28.340007,-27.946298,-15.932804
1783943723374,49.100000,46.232018,85.895402,76.469901,-30.237883,-21.477088,-21.013491,-9.822498
1783943723394,49.120000,82.542920,76.791874,67.331910,15.211010,-13.103411,-12.570209,-3.415343
1783943723414,49.140000,52.488470,67.453699,57.982424,-5.493954,-4.625553,-4.023540,3.007729
1783943723434,49.160000,83.325516,57.882258,48.424197,34.901319,2.339004,3.008499,9.276006
1783943723454,49.180000,46.261246,48.079636,38.660610,7.600636,6.762488,7.497576,15.308235
1783943723474,49.200000,62.043760,38.048628,28.695673,33.348087,8.527516,9.325738,21.031015
1783943723494,49.220000,17.777338,27.792748,18.534015,-0.756677,7.982915,8.841227,26.243681
1783943723514,49.240000,47.452248,17.316234,8.180882,39.271366,5.190330,6.105102,30.543390
1783943723534,49.260000,1.406197,6.624057,-2.357873,3.764070,-0.089953,0.877069,33.413250
1783943723554,49.280000,12.963898,-4.278077,-13.075800,26.039698,-7.576717,-6.562229,34.426075
1783943723574,49.300000,-42.565430,-15.383729,-23.965862,-18.599568,-15.943625,-14.887006,33.395226
1783943723594,49.320000,-23.493060,-26.685723,-35.020448,11.527388,-23.148304,-22.055420,30.369581
1783943723614,49.340000,-75.441090,-38.176149,-46.231386,-29.209704,-27.048804,-25.926015,25.552221
1783943723634,49.360000,-53.607410,-49.846369,-57.589956,3.982546,-25.921329,-24.775450,19.275330
1783943723654,49.380000,-93.692760,-61.687026,-69.086912,-24.605848,-19.017683,-17.855936,12.041100
1783943723674,49.400000,-51.124930,-73.688048,-80.712494,29.587564,-6.954290,-5.784252,4.552336
1783943723694,49.420000,-83.086930,-85.838664,-92.456451,9.369521,8.574993,9.745453,-2.310039
1783943723714,49.440000,-45.803960,-98.127419,-104.308058,58.504098,25.585542,26.748328,-7.579029
1783943723734,49.460000,-80.341965,-110.542187,-116.256140,35.914175,42.296291,43.443154,-10.388020
1783943723754,49.480000,-42.754250,-123.070198,-128.289094,85.534844,57.046000,58.168611,-10.220472
1783943723774,49.500000,-77.201170,-135.698058,-140.394912,63.193742,68.116523,69.206554,-7.098721
1783943723794,49.520000,-51.527120,-148.411777,-152.561207,101.034087,73.898935,74.948140,-1.601152
1783943723814,49.540000,-92.745440,-161.196799,-164.775239,72.029799,73.357043,74.357339,5.279041
1783943723834,49.560000,-85.119070,-174.038038,-177.023944,91.904874,66.553287,67.496836,12.333847
1783943723854,49.580000,-143.333920,-186.919912,-189.293962,45.960042,54.879112,55.758402,18.316603
1783943723874,49.600000,-142.799740,-199.826387,-201.571665,58.771925,40.673047,41.480966,22.078592
1783943723894,49.620000,-199.451700,-212.741019,-213.843188,14.391488,26.443567,27.173476,22.700989
1783943723914,49.640000,-203.644940,-225.646997,-226.094463,22.449523,14.114848,14.760647,19.648466
1783943723934,49.660000,-248.441420,-238.527196,-238.311243,-10.130177,4.445834,5.002020,12.916249
1783943723954,49.680000,-238.613190,-251.364223,-250.479144,11.865954,-3.051585,-2.589863,3.107989
1783943723974,49.700000,-290.035200,-264.140470,-262.583665,-27.451535,-9.456446,-9.093350,-8.609467
1783943723994,49.720000,-280.460360,-276.838168,-274.610227,-5.850133,-15.615389,-15.354355,-20.702614
1783943724014,49.740000,-332.336550,-289.439433,-286.544203,-45.792347,-21.760648,-21.604365,-31.594711
1783943724034,49.760000,-319.519350,-301.926328,-298.370942,-21.148408,-27.502498,-27.452892,-40.010315
1783943724054,49.780000,-371.228730,-314.280907,-310.075807,-61.152923,-31.966028,-32.024261,-45.198090
1783943724074,49.800000,-356.221300,-326.485270,-321.644196,-34.577104,-34.065489,-34.231964,-46.965298
1783943724094,49.820000,-403.138120,-338.521613,-333.061573,-70.076547,-32.978289,-33.252660,-45.567760
1783943724114,49.840000,-376.776300,-350.372275,-344.313495,-32.462805,-28.666181,-29.047378,-41.531210
1783943724134,49.860000,-413.800000,-362.019784,-355.385632,-58.414368,-22.071524,-22.557772,-35.458244
1783943724154,49.880000,-381.903380,-373.446904,-366.263795,-15.639585,-14.752393,-15.341252,-27.867239
1783943724174,49.900000,-420.028140,-384.636671,-376.933956,-43.094184,-8.121502,-8.809906,-19.116545
1783943724194,49.920000,-402.300960,-395.572436,-387.382269,-14.918691,-2.860203,-3.644519,-9.452683
1783943724214,49.940000,-436.013600,-406.237902,-397.595087,-38.418513,0.991468,0.115363,0.843884
1783943724234,49.960000,-420.352970,-416.617152,-407.558985,-12.793985,3.498633,2.535268,11.323200
1783943724254,49.980000,-454.071960,-426.694681,-417.260767,-36.811193,4.394201,3.348408,21.348711
1783943724274,50.000000,-434.532780,-436.455425,-426.687489,-7.845291,3.012131,1.888972,30.215134
1783943724294,50.020000,-474.917300,-445.884780,-435.826468,-39.090832,-1.315203,-2.510454,37.319010
1783943724314,50.040000,-456.405270,-454.968625,-444.665290,-11.739980,-8.563484,-9.825254,42.278130
1783943724334,50.060000,-515.855100,-463.693337,-453.191829,-62.663271,-17.528156,-18.850365,44.947453
1783943724354,50.080000,-497.085300,-472.045808,-461.394245,-35.691055,-26.115836,-27.491610,45.342144
1783943724374,50.100000,-546.140140,-480.013448,-469.260996,-76.879144,-32.325628,-33.747086,43.547380
1783943724394,50.120000,-518.390600,-487.584199,-476.780842,-41.609758,-35.117906,-36.576298,39.714860
1783943724414,50.140000,-555.896850,-494.746531,-483.955151,-71.941699,-34.663522,-36.149920,34.162647
1783943724434,50.160000,-526.412600,-501.489450,-490.759920,-35.652680,-32.066698,-33.572928,27.480082
1783943724454,50.180000,-553.195800,-507.802490,-497.184685,-56.011115,-28.814867,-30.334072,20.515697
1783943724474,50.200000,-529.887700,-513.675707,-503.219326,-26.668374,-26.132420,-27.659007,14.221001
1783943724494,50.220000,-558.258540,-519.099675,-508.854027,-49.404513,-24.522073,-26.051311,9.417217
1783943724514,50.240000,-531.727200,-524.065469,-514.079282,-17.647918,-23.688614,-25.216206,6.584259
1783943724534,50.260000,-567.079200,-528.564661,-518.885880,-48.193320,-22.740834,-24.262597,5.755364
1783943724554,50.280000,-539.882300,-532.589295,-523.264901,-16.617399,-20.710205,-22.221899,6.546942
1783943724574,50.300000,-557.992740,-536.131882,-527.207703,-30.785037,-17.207541,-18.704809,8.306904
1783943724594,50.320000,-529.629300,-539.185376,-530.705912,1.076612,-12.574854,-14.053212,10.335811
1783943724614,50.340000,-554.287100,-541.743163,-533.751412,-20.535688,-7.542414,-8.997258,12.097497
1783943724634,50.360000,-522.041750,-543.799037,-536.336330,14.294580,-3.024468,-4.451069,13.319298
1783943724654,50.380000,-535.297700,-545.347190,-538.453024,3.155324,0.035699,-1.357783,13.954166
1783943724674,50.400000,-505.947200,-546.382194,-540.094074,34.146874,1.345431,-0.009874,14.084661
1783943724694,50.420000,-545.463260,-546.898985,-541.252264,-4.210996,1.985828,0.673985,13.833447
1783943724714,50.440000,-513.634640,-546.892855,-541.920580,28.285940,3.957415,2.694582,13.258736
1783943724734,50.460000,-537.766300,-546.359436,-542.092193,4.325893,8.671121,7.463143,12.257260
1783943724754,50.480000,-482.836900,-545.294696,-541.760461,58.923561,15.949658,14.802700,10.599572
1783943724774,50.500000,-509.466550,-543.694933,-540.918916,31.452366,24.459174,23.379725,8.142999
1783943724794,50.520000,-470.059270,-541.556775,-539.561269,69.501999,32.738053,31.732930,5.041434
1783943724814,50.540000,-490.466250,-538.877179,-537.681412,47.215162,39.596170,38.672492,1.728038
1783943724834,50.560000,-447.041870,-535.653439,-535.273421,88.231551,44.049170,43.214322,-1.313021
1783943724854,50.580000,-468.022700,-531.883199,-532.331573,64.308873,45.632468,44.894043,-3.769890
1783943724874,50.600000,-448.802200,-527.564462,-528.850356,80.048156,44.910713,44.276441,-5.584565
1783943724894,50.620000,-472.890780,-522.695613,-524.824493,51.933713,43.227824,42.705491,-6.945386
1783943724914,50.640000,-437.816600,-517.275440,-520.248972,82.432372,41.752457,41.349820,-8.249593
1783943724934,50.660000,-461.881040,-511.303165,-515.119073,53.238033,40.939083,40.663817,-9.987140
1783943724954,50.680000,-427.495730,-504.778472,-509.430414,81.934684,40.733611,40.593266,-12.532790
1783943724974,50.700000,-454.386000,-497.701546,-503.178989,48.792989,40.903425,40.905424,-15.967929
1783943724994,50.720000,-419.188660,-490.073112,-496.361228,77.172568,41.099027,41.250629,-20.061981
1783943725014,50.740000,-436.421570,-481.894481,-488.974045,52.552475,40.840616,41.148790,-24.392685
1783943725034,50.760000,-407.255550,-473.167591,-481.014911,73.759361,39.771383,40.242454,-28.486635
1783943725054,50.780000,-436.792720,-463.895063,-472.481917,35.689197,37.882748,38.521734,-31.926142
1783943725074,50.800000,-402.665900,-454.080249,-463.373851,60.707951,35.181615,35.991243,-34.439274
1783943725094,50.820000,-425.413200,-443.727284,-453.690276,28.277076,31.181426,32.161083,-35.957960
1783943725114,50.840000,-383.876830,-432.841144,-443.431616,59.554786,25.091087,26.236264,-36.585464
1783943725134,50.860000,-425.401760,-421.427700,-432.599238,7.197478,16.716364,18.019519,-36.481550
1783943725154,50.880000,-395.689900,-409.493768,-421.195547,25.505647,7.006737,8.460534,-35.785496
1783943725174,50.900000,-433.263120,-397.047168,-409.224072,-24.039048,-2.469572,-0.866228,-34.654750
1783943725194,50.920000,-395.164860,-384.096771,-396.689560,1.524700,-10.531484,-8.765746,-33.331024
1783943725214,50.940000,-417.776430,-370.652552,-383.598064,-34.178366,-16.870800,-14.910180,-32.091180
1783943725234,50.960000,-385.655300,-356.725629,-369.957035,-15.698265,-21.739699,-19.534987,-31.080256
1783943725254,50.980000,-400.448900,-342.328312,-355.775403,-44.673497,-25.366483,-22.871533,-30.179030
1783943725274,51.000000,-372.510440,-327.474134,-341.799945,-30.710495,-27.629801,-24.834446,-29.029976
1783943725294,51.020000,-388.274900,-312.177884,-326.564655,-61.710245,-28.233798,-25.181486,-27.202187
1783943725314,51.040000,-345.699900,-296.455630,-310.822144,-34.877756,-27.306586,-24.076327,-24.374609
1783943725334,51.060000,-356.959600,-280.324739,-294.587991,-62.371609,-25.806552,-22.479750,-20.422960
1783943725354,51.080000,-307.929400,-263.803888,-277.879612,-30.049788,-25.264318,-21.904897,-15.387807
1783943725374,51.100000,-320.228760,-246.913063,-260.716288,-59.512472,-26.955721,-23.607190,-9.391065
1783943725394,51.120000,-287.501160,-229.673556,-243.119201,-44.381959,-31.029006,-27.720111,-2.601325
1783943725414,51.140000,-304.580660,-212.107953,-225.111438,-79.469222,-36.353779,-33.106111,4.708174
1783943725434,51.160000,-268.662230,-194.240105,-206.717994,-61.944236,-41.258314,-38.092194,12.076823
1783943725454,51.180000,-277.172400,-176.095103,-187.965754,-89.206646,-44.489737,-41.427270,18.868979
1783943725474,51.200000,-228.907460,-157.699231,-168.883458,-60.024002,-45.680315,-42.746045,24.439505
1783943725494,51.220000,-240.729680,-139.079917,-149.501650,-91.228030,-45.166598,-42.386748,28.372566
1783943725514,51.240000,-189.501590,-120.265674,-129.852615,-59.648975,-43.629854,-41.031065,30.630041
1783943725534,51.260000,-189.201030,-101.286030,-109.970287,-79.230743,-41.815588,-39.423744,31.523623
1783943725554,51.280000,-149.601090,-82.171452,-89.890155,-59.710935,-40.186643,-38.026010,31.558294
1783943725574,51.300000,-146.861080,-62.953254,-69.649137,-77.211943,-38.770801,-36.863497,31.241013
1783943725594,51.320000,-100.368650,-43.663506,-49.285451,-51.083199,-37.347368,-35.713060,30.928589
1783943725614,51.340000,-105.487490,-24.334931,-28.838459,-76.649031,-35.658666,-34.314382,30.756042
1783943725634,51.360000,-53.943905,-5.000793,-8.348504,-45.595401,-33.653800,-32.613771,30.653822
1783943725654,51.380000,-49.994560,14.305220,12.143268,-62.137828,-31.676908,-30.952417,30.431763
1783943725674,51.400000,3.854637,33.549116,32.595101,-28.740464,-30.140931,-29.740148,29.889868
1783943725694,51.420000,-8.675896,52.696733,52.964830,-61.640726,-28.907400,-28.835231,28.905914
1783943725714,51.440000,47.101475,71.713866,73.210093,-26.108618,-27.217842,-27.475802,27.443695
1783943725734,51.460000,49.433002,90.566406,93.288544,-43.855542,-24.156348,-24.742482,25.491450
1783943725754,51.480000,101.437850,109.220478,113.158080,-11.720230,-18.882388,-19.791235,23.026215
1783943725774,51.500000,98.291750,127.642583,132.777062,-34.485312,-10.747963,-11.970584,20.051420
1783943725794,51.520000,164.951160,145.799738,152.104542,12.846618,0.197267,-1.326785,16.647572
1783943725814,51.540000,169.850040,163.659618,171.100485,-1.250445,12.767768,10.957896,12.983993
1783943725834,51.560000,239.597930,181.190692,189.725987,49.871943,24.914116,22.837124,9.312869
1783943725854,51.580000,247.025470,198.362364,207.943490,39.081980,34.689929,32.367377,5.958951
1783943725874,51.600000,288.952270,215.145104,225.716982,63.235288,41.320138,38.776175,3.250802
1783943725894,51.620000,287.243500,231.510578,243.012192,44.231308,45.378345,42.639401,1.355935
1783943725914,51.640000,337.532230,247.431771,259.796769,77.735461,47.958829,45.053276,0.109381
1783943725934,51.660000,333.523000,262.883102,276.040447,57.482553,49.932278,46.890065,-1.003682
1783943725954,51.680000,378.918600,277.840533,291.715193,87.203407,51.812963,48.665242,-2.655284
1783943725974,51.700000,363.458440,292.281674,306.795342,56.663098,53.716781,50.495517,-5.403014
1783943725994,51.720000,416.442700,306.185869,321.257708,95.184992,55.065172,51.802754,-9.521403
1783943726014,51.740000,409.771000,319.534284,335.081676,74.689324,54.607586,51.336421,-14.970222
1783943726034,51.760000,439.908630,332.309976,348.249278,91.659352,51.195084,47.947175,-21.430954
1783943726054,51.780000,424.183560,344.497953,360.745251,63.438309,44.536560,41.343041,-28.401367
1783943726074,51.800000,455.344120,356.085232,372.557061,82.787059,35.363487,32.254124,-35.360380
1783943726094,51.820000,427.337280,367.060870,383.674926,43.662354,25.363620,22.366294,-41.934536
1783943726114,51.840000,455.283900,377.415996,394.091806,61.192094,16.917679,14.057933,-47.963276
1783943726134,51.860000,428.624080,387.143830,403.803392,24.820688,12.376880,9.677671,-53.441376
1783943726154,51.880000,458.305940,396.239684,412.813733,45.492207,12.978041,10.459783,-58.400852
1783943726174,51.900000,454.225950,404.700960,421.117770,33.108180,17.863914,15.544705,-62.780903
1783943726194,51.920000,493.181000,412.527130,428.718882,64.462118,24.029608,21.925332,-66.306940
1783943726214,51.940000,490.984000,419.719711,435.622911,55.361089,27.623057,25.747262,-68.434135
1783943726234,51.960000,509.045470,426.282223,441.838062,67.207408,25.948364,24.312011,-68.440650
1783943726254,51.980000,479.719000,432.220145,447.374791,32.344209,18.835452,17.446691,-65.712350
1783943726274,52.000000,488.651180,437.540851,452.245681,36.405499,8.459409,7.323443,-60.119442
1783943726294,52.020000,456.146900,442.253547,456.465306,-0.318406,-2.041277,-2.922227,-52.249280
1783943726314,52.040000,475.376600,446.369194,460.050095,15.326505,-10.078076,-10.704705,-43.300007
1783943726334,52.060000,447.314640,449.900421,463.018181,-15.703541,-14.476716,-14.852517,-34.653988
1783943726354,52.080000,476.370060,452.861433,465.389250,10.980810,-15.517174,-15.648264,-27.362375
1783943726374,52.100000,452.489100,455.267918,467.184389,-14.695289,-14.334932,-14.229863,-21.805323
1783943726394,52.120000,472.355100,457.136935,468.425928,3.929172,-12.127960,-11.797503,-17.661700
1783943726414,52.140000,445.170600,458.486810,469.137281,-23.966681,-9.826383,-9.283300,-14.160563
1783943726434,52.160000,472.046570,459.337018,469.342790,2.703780,-8.315244,-7.574047,-10.459341
1783943726454,52.180000,449.914430,459.708068,469.067571,-19.153141,-8.475258,-7.551952,-5.948843
1783943726474,52.200000,460.386540,459.621380,468.337362,-7.950822,-10.701912,-9.613738,-0.373712
1783943726494,52.220000,430.502440,459.099165,467.178370,-36.675930,-14.568876,-13.334037,6.183323
1783943726514,52.240000,445.194400,458.164296,465.617132,-20.422732,-19.059693,-17.697089,13.355252
1783943726534,52.260000,415.052120,456.840189,463.680370,-48.628250,-22.916789,-21.445755,20.572641
1783943726554,52.280000,425.982120,455.150673,461.394858,-35.412738,-24.857419,-23.297464,27.207901
1783943726574,52.300000,395.226560,453.119868,458.787294,-63.560734,-23.992850,-22.363413,32.746160
1783943726594,52.320000,421.125550,450.772065,455.884179,-34.758629,-20.464440,-18.784661,36.905396
1783943726614,52.340000,406.495030,448.131600,452.711700,-46.216670,-15.557227,-13.845732,39.694336
1783943726634,52.360000,423.726400,445.222745,449.295623,-25.569223,-10.848765,-9.123474,41.428090
1783943726654,52.380000,396.523470,442.069586,445.661187,-49.137717,-7.216355,-5.494309,42.655544
1783943726674,52.400000,413.029850,438.695920,441.833019,-28.803169,-4.694920,-2.992133,43.951540
1783943726694,52.420000,386.887480,435.125144,437.835037,-50.947557,-3.035071,-1.366402,45.658580
1783943726714,52.440000,410.744140,431.380161,433.690377,-22.946237,-2.172776,-0.551826,47.755810
1783943726734,52.460000,377.235400,427.483282,429.421316,-52.185916,-2.210945,-0.649981,49.935955
1783943726754,52.480000,402.251040,423.456135,425.049209,-22.798169,-3.140180,-1.650075,51.792194
1783943726774,52.500000,364.194340,419.319590,420.594429,-56.400089,-4.630329,-3.220530,52.970490
1783943726794,52.520000,386.389680,415.093676,416.076316,-29.686636,-6.045651,-4.724167,53.228780
1783943726814,52.540000,353.061280,410.797515,411.513132,-58.451852,-6.707807,-5.481213,52.435430
1783943726834,52.560000,368.251830,406.449262,406.922022,-38.670192,-6.320577,-5.194043,50.557556
1783943726854,52.580000,351.332670,402.066050,402.318986,-50.986316,-5.385097,-4.362425,47.661877
1783943726874,52.600000,368.712500,397.663939,397.718850,-29.006350,-5.140472,-4.224157,43.933636
1783943726894,52.620000,346.933960,393.257885,393.135253,-46.201293,-6.821830,-6.013124,39.689865
1783943726914,52.640000,353.165280,388.861701,388.580633,-35.415353,-10.851746,-10.150738,35.333140
1783943726934,52.660000,323.052430,384.488041,384.066220,-61.013790,-16.669388,-16.075089,31.217972
1783943726954,52.680000,339.598180,380.148377,379.602042,-40.003862,-23.148650,-22.659091,27.496420
1783943726974,52.700000,296.987060,375.852997,375.196930,-78.209870,-29.105019,-28.717343,24.065474
1783943726994,52.720000,327.374500,371.611003,370.858532,-43.484032,-33.730843,-33.441412,20.659319
1783943727014,52.740000,296.132700,367.430316,366.593333,-70.460633,-36.708999,-36.513489,17.027779
1783943727034,52.760000,315.578830,363.317696,362.406679,-46.827849,-37.799001,-37.692509,13.100125
1783943727054,52.780000,287.980770,359.278757,358.302813,-70.322043,-36.568233,-36.545372,9.042594
1783943727074,52.800000,315.703580,355.318002,354.284905,-38.581325,-32.702477,-32.757477,5.186708
1783943727094,52.820000,297.380500,351.438852,350.355099,-52.974599,-26.393379,-26.520177,1.898714
1783943727114,52.840000,327.776100,347.643689,346.514556,-18.738456,-18.391759,-18.584087,-0.507369
1783943727134,52.860000,308.461500,343.933904,342.763506,-34.302006,-9.863278,-10.114743,-1.795049
1783943727154,52.880000,347.215800,340.309944,339.101302,8.114498,-2.190986,-2.495149,-1.826093
1783943727174,52.900000,328.922850,336.771367,335.526475,-6.603625,3.514910,3.164468,-0.594356
1783943727194,52.920000,358.501650,333.316903,332.036799,26.464851,7.229588,6.839199,1.751620
1783943727214,52.940000,318.608920,329.944514,328.629348,-10.020428,10.357651,9.933502,4.890968
1783943727234,52.960000,355.493560,326.651456,325.300564,30.192996,14.871953,14.420036,8.303355
1783943727254,52.980000,331.449000,323.434346,322.046319,9.402681,21.886635,21.412697,11.296229
1783943727274,53.000000,362.694520,320.289224,318.861982,43.832538,30.798137,30.307643,13.167748
1783943727294,53.020000,371.086360,317.211625,315.742482,55.343878,39.446173,38.944279,13.467509
1783943727314,53.040000,383.072720,314.196640,312.682375,70.390345,45.460254,44.951799,12.199406
1783943727334,53.060000,362.387940,311.238980,309.675904,52.712036,47.819166,47.308680,9.796931
1783943727354,53.080000,385.238560,308.333043,306.717062,78.521498,47.166621,46.658349,6.847175
1783943727374,53.100000,352.154900,305.472972,303.799649,48.355251,45.200226,44.698146,3.743948
1783943727394,53.120000,367.439970,302.652712,300.917328,66.522642,43.817343,43.325154,0.503755
1783943727414,53.140000,348.049320,299.866070,298.062384,49.986936,44.038704,43.559765,-3.157824
1783943727434,53.160000,370.204100,297.106762,295.229756,74.974344,45.324576,44.861814,-7.579570
1783943727454,53.180000,354.540000,294.368464,292.412993,62.127007,45.906246,45.462116,-12.892039
1783943727474,53.200000,369.215580,291.644855,289.605696,79.609884,43.869591,43.446090,-18.865095
1783943727494,53.220000,340.804630,288.929660,286.801556,54.003074,38.254621,37.853347,-24.958199
1783943727514,53.240000,339.022580,286.216685,283.994389,55.028191,29.448728,29.070936,-30.563330
1783943727534,53.260000,306.096440,283.499852,281.178166,24.918274,18.604205,18.250854,-35.296967
1783943727554,53.280000,320.475070,280.773223,278.347037,42.128033,6.751880,6.423667,-39.150913
1783943727574,53.300000,282.849700,278.031029,275.495353,7.354347,-5.342415,-5.645037,-42.399487
1783943727594,53.320000,292.534670,275.267692,272.617687,19.916983,-16.611377,-16.888180,-45.347427
1783943727614,53.340000,252.130580,272.477840,269.708847,-17.578267,-25.338034,-25.589004,-48.120250
1783943727634,53.360000,254.726470,269.656321,266.763886,-12.037416,-29.670000,-29.895318,-50.629303
1783943727654,53.380000,242.752600,266.798218,263.778116,-21.025516,-28.823244,-29.023271,-52.658447
1783943727674,53.400000,265.751100,263.898856,260.747109,5.003991,-23.785180,-23.960435,-53.912434
1783943727694,53.420000,242.894500,260.953808,257.666704,-14.772204,-16.808578,-16.959720,-53.976420
1783943727714,53.440000,274.504150,257.958897,254.533008,19.971142,-10.491525,-10.619335,-52.305897
1783943727734,53.460000,253.456200,254.910202,251.342395,2.113805,-6.941535,-7.046899,-48.359158
1783943727754,53.480000,266.822170,251.804057,248.091506,18.730664,-6.924818,-7.008706,-41.833885
1783943727774,53.500000,231.053390,248.637046,244.777242,-13.723852,-9.602306,-9.665763,-32.877544
1783943727794,53.520000,244.250300,245.406003,241.396762,2.853538,-13.329765,-13.373893,-22.175821
1783943727814,53.540000,216.096130,242.108007,237.947478,-21.851348,-16.855221,-16.881166,-10.865735
1783943727834,53.560000,235.912840,238.740376,234.427043,1.485797,-19.915575,-19.924518,-0.251744
1783943727854,53.580000,208.954100,235.300661,230.833348,-21.879248,-22.905129,-22.898274,8.581948
1783943727874,53.600000,218.577820,231.786639,227.164512,-8.586692,-26.111279,-26.089844,15.059719
1783943727894,53.620000,191.802860,228.196306,223.418873,-31.616013,-29.267659,-29.232866,19.155548
1783943727914,53.640000,200.974180,224.527867,219.594981,-18.620801,-31.653645,-31.606717,21.219337
1783943727934,53.660000,181.051910,220.779730,215.691586,-34.639676,-32.432316,-32.374473,21.748276
1783943727954,53.680000,193.401600,216.950499,211.707631,-18.306031,-30.910355,-30.842816,21.241549
1783943727974,53.700000,174.051060,213.038961,207.642245,-33.591185,-26.712448,-26.636438,20.158960
1783943727994,53.720000,198.579090,209.044085,203.494731,-4.915641,-19.963524,-19.880277,18.924566
1783943728014,53.740000,189.884800,204.965007,199.264557,-9.379757,-11.211478,-11.122237,17.934317
1783943728034,53.760000,201.224330,200.801027,194.951354,6.272976,-1.046093,-0.952099,17.550520
1783943728054,53.780000,185.852370,196.551598,190.554898,-4.702528,9.800178,9.897719,18.049322
1783943728074,53.800000,221.162960,192.216323,186.075108,35.087852,19.746805,19.846780,19.526020
1783943728094,53.820000,209.954470,187.794939,181.512038,28.442432,26.394853,26.496301,21.853540
1783943728114,53.840000,218.372680,183.287319,176.865862,41.506818,27.755260,27.857401,24.750443
1783943728134,53.860000,198.067230,178.693455,172.136875,25.930355,23.386791,23.488968,27.858908
1783943728154,53.880000,198.871220,174.013456,167.325473,31.545747,14.696525,14.797989,30.723206
1783943728174,53.900000,157.726960,169.247534,162.432155,-4.705195,4.564530,4.664041,32.722885
1783943728194,53.920000,163.791840,164.396001,157.457503,6.334337,-3.772318,-3.677012,33.100950
1783943728214,53.940000,133.564070,159.459257,152.402181,-18.838111,-8.206761,-8.119319,31.142174
1783943728234,53.960000,160.057890,154.437777,147.266924,12.790966,-8.583529,-8.508863,26.448336
1783943728254,53.980000,130.349520,149.332110,142.052522,-11.703002,-6.343623,-6.286633,19.197325
1783943728274,54.000000,159.562870,144.142863,136.808010,22.754860,-3.469131,-3.432560,10.229798
1783943728294,54.020000,127.704250,138.870693,131.438651,-3.734401,-1.440376,-1.423605,0.862278
1783943728314,54.040000,142.973040,133.516298,125.992763,16.980277,-0.670271,-0.670417,-7.511028
1783943728334,54.060000,118.722460,128.080409,120.471284,-1.748824,-0.632194,-0.646203,-13.837760
1783943728354,54.080000,129.271710,122.563776,114.875167,14.396543,-0.371980,-0.397899,-17.657257
1783943728374,54.100000,103.398285,116.967163,109.205367,-5.807082,0.926385,0.889229,-19.105833
1783943728394,54.120000,115.967680,111.291334,103.462836,12.504844,3.291401,3.242773,-18.734056
1783943728414,54.140000,106.603620,105.537049,97.648511,8.955109,5.592709,5.531972,-17.246780
1783943728434,54.160000,121.367170,99.705047,91.763308,29.603862,6.155935,6.082460,-15.254150
1783943728454,54.180000,97.070560,93.796042,85.808111,11.262449,4.215600,4.128987,-13.108859
1783943728474,54.200000,90.791794,87.810712,79.783765,11.008029,0.895261,0.795424,-10.917720
1783943728494,54.220000,64.715530,81.749687,73.691066,-8.975536,-1.344206,-1.457055,-8.732549
1783943728514,54.240000,76.201240,75.613544,67.530753,8.670487,-0.284634,-0.410026,-6.751597
1783943728534,54.260000,61.047173,69.402792,61.303503,-0.256330,4.846141,4.708889,-5.317634
1783943728554,54.280000,82.790150,63.117868,55.009919,27.780231,13.245943,13.097708,-4.690633
1783943728574,54.300000,61.894300,56.759124,48.650525,13.243775,23.101908,22.943759,-4.802384
1783943728594,54.320000,92.850960,50.326820,42.225755,50.625205,32.256741,32.089950,-5.211679
1783943728614,54.340000,72.718260,43.821113,35.735953,36.982307,38.972177,38.798231,-5.280192
1783943728634,54.360000,76.890490,37.242052,29.181357,47.709133,42.671747,42.492365,-4.441618
1783943728654,54.380000,55.944016,30.589564,22.562102,33.381914,43.891454,43.708595,-2.447345
1783943728674,54.400000,67.460556,23.863453,15.878206,51.582350,43.520734,43.336599,0.500972
1783943728694,54.420000,40.446312,17.063385,9.129568,31.316744,42.306110,42.123141,3.806874
1783943728714,54.440000,44.213400,10.188887,2.315965,41.897435,40.709848,40.530724,6.706915
1783943728734,54.460000,15.166820,3.239337,-4.562957,19.729777,38.586073,38.413699,8.530014
1783943728754,54.480000,32.167892,-3.786039,-11.507681,43.675573,34.872041,34.709533,8.859151
1783943728774,54.500000,-3.307087,-10.888173,-18.518823,15.211736,27.993627,27.844295,7.594383
1783943728794,54.520000,-4.210847,-18.068155,-25.597135,21.386288,16.824947,16.692270,4.942038
1783943728814,54.540000,-45.313910,-25.327238,-32.743499,-12.570411,1.329267,1.216868,1.303769
1783943728834,54.560000,-56.778420,-32.666829,-39.958926,-16.819494,-17.396510,-17.484898,-2.917676
1783943728854,54.580000,-95.724500,-40.088494,-47.244553,-48.479947,-37.372778,-37.433351,-7.481407
1783943728874,54.600000,-108.598820,-47.593944,-54.601633,-53.997187,-56.015775,-56.044701,-12.327243
1783943728894,54.620000,-153.376560,-55.185030,-62.031526,-91.345034,-70.555955,-70.549425,-17.463090
1783943728914,54.640000,-153.560240,-62.863725,-69.535684,-84.024556,-78.936242,-78.890519,-22.822699
1783943728934,54.660000,-165.835450,-70.632112,-77.115639,-88.719811,-80.711426,-80.622901,-28.150637
1783943728954,54.680000,-158.559600,-78.492359,-84.772983,-73.786617,-76.949745,-76.814987,-32.912990
1783943728974,54.700000,-174.378020,-86.446697,-92.509343,-81.868677,-69.384046,-69.199859,-36.278454
1783943728994,54.720000,-157.660130,-94.497390,-100.326362,-57.333768,-59.883306,-59.646774,-37.262398
1783943729014,54.740000,-163.158550,-102.646702,-108.225670,-54.932880,-50.284711,-49.993261,-35.022430
1783943729034,54.760000,-154.072240,-110.896864,-116.208851,-37.863389,-42.047280,-41.698747,-29.146484
1783943729054,54.780000,-170.518570,-119.250030,-124.277418,-46.241152,-35.975710,-35.568439,-19.799100
1783943729074,54.800000,-153.424870,-127.708239,-132.432773,-20.992097,-32.356078,-31.889045,-7.718484
1783943729094,54.820000,-176.390470,-136.273368,-140.676174,-35.714296,-31.070403,-30.543367,5.905940
1783943729114,54.840000,-162.876830,-144.947085,-149.008700,-13.868130,-31.406891,-30.820514,19.657389
1783943729134,54.860000,-187.707140,-153.730799,-157.431209,-30.275931,-31.852424,-31.208311,32.159900
1783943729154,54.880000,-183.585460,-162.625615,-165.941143,-17.644317,-30.222700,-29.523280,42.295742
1783943729174,54.900000,-202.270980,-171.632278,-174.542060,-27.728920,-24.418948,-23.667274,49.320953
1783943729194,54.920000,-189.553560,-180.751127,-183.233978,-6.319582,-13.651010,-12.850627,52.908020
1783943729214,54.940000,-175.584010,-189.982041,-192.016556,16.432546,0.794469,1.639516,53.175716
1783943729234,54.960000,-156.227570,-199.324398,-200.889057,44.661487,16.268492,17.153584,50.728590
1783943729254,54.980000,-162.034640,-208.777023,-209.850321,47.815681,30.584940,31.504802,46.620210
1783943729274,55.000000,-149.928680,-218.338145,-218.898737,68.970057,43.270135,44.218796,42.111233
1783943729294,55.020000,-174.723330,-228.005362,-228.032212,53.308882,55.209944,56.180744,38.241344
1783943729314,55.040000,-149.956000,-237.775600,-237.248152,87.292152,67.044266,68.029901,35.442640
1783943729334,55.060000,-160.120030,-247.645086,-246.543443,86.423413,77.712211,78.704805,33.462920
1783943729354,55.080000,-133.911350,-257.609317,-255.914431,122.003081,84.571034,85.562226,31.651182
1783943729374,55.100000,-156.209500,-267.663046,-265.356917,109.147417,85.085229,86.066266,29.380396
1783943729394,55.120000,-171.457470,-277.800262,-274.866143,103.408673,78.622455,79.584294,26.290090
1783943729414,55.140000,-206.652950,-288.014185,-284.436792,77.783842,66.752977,67.686390,22.198568
1783943729434,55.160000,-219.976210,-298.297260,-294.062988,74.086778,52.071533,52.967213,16.852072
1783943729454,55.180000,-253.539030,-308.641168,-303.738298,50.199268,36.963642,37.812316,9.825433
1783943729474,55.200000,-274.133900,-319.036832,-313.455741,39.321841,23.032777,23.825324,0.705139
1783943729494,55.220000,-289.900270,-329.474434,-323.207802,33.307532,11.022999,11.750564,-10.596554
1783943729514,55.240000,-312.605600,-339.943440,-332.986444,20.380844,1.265195,1.919309,-23.630224
1783943729534,55.260000,-337.680800,-350.432627,-342.783126,5.102326,-5.710873,-5.138181,-37.420124
1783943729554,55.280000,-357.806030,-360.930119,-352.588823,-5.217207,-9.297873,-8.813962,-50.683613
1783943729574,55.300000,-368.477700,-371.423424,-362.394053,-6.083647,-9.660271,-9.271785,-62.147907
1783943729594,55.320000,-360.591370,-381.899477,-372.188896,11.597526,-8.099200,-7.811968,-70.787300
1783943729614,55.340000,-387.462160,-392.344691,-381.963025,-5.499135,-6.174768,-5.993719,-75.878660
1783943729634,55.360000,-393.484440,-402.745002,-391.705735,-1.778705,-4.651900,-4.580989,-76.982340
1783943729654,55.380000,-415.141660,-413.085931,-401.405967,-13.735693,-3.548302,-3.590441,-74.007090
1783943729674,55.400000,-410.939200,-423.352636,-411.052349,0.113149,-2.766595,-2.923610,-67.321390
1783943729694,55.420000,-436.314330,-433.529974,-420.633216,-15.681114,-2.268674,-2.541267,-57.735320
1783943729714,55.440000,-440.229680,-443.602560,-430.136656,-10.093024,-1.914151,-2.301883,-46.305256
1783943729734,55.460000,-461.454900,-453.554833,-439.550530,-21.904370,-1.542354,-2.043642,-34.102090
1783943729754,55.480000,-463.707400,-463.371118,-448.862520,-14.844880,-1.216617,-1.828750,-22.062332
1783943729774,55.500000,-482.925960,-473.035688,-458.060151,-24.865809,-1.251561,-1.970731,-10.910771
1783943729794,55.520000,-484.943080,-482.532834,-467.130837,-17.812243,-1.954999,-2.776352,-1.113153
1783943729814,55.540000,-512.102200,-491.846920,-476.061910,-36.040290,-3.319718,-4.237415,7.127688
1783943729834,55.560000,-513.044560,-500.962453,-484.840658,-28.203902,-4.994086,-6.001385,13.808331
1783943729854,55.580000,-537.752870,-509.864141,-493.454360,-44.298510,-6.526837,-7.616184,19.025710
1783943729874,55.600000,-536.389300,-518.536949,-501.890326,-34.498974,-7.581334,-8.744471,22.906494
1783943729894,55.620000,-561.997440,-526.966160,-510.135928,-51.861512,-8.024532,-9.252610,25.594370
1783943729914,55.640000,-565.827940,-535.137427,-518.178639,-47.649301,-8.112054,-9.395765,27.262032
1783943729934,55.660000,-575.554700,-543.036823,-526.006067,-49.548633,-8.753643,-10.083342,28.107810
1783943729954,55.680000,-572.290400,-550.650886,-533.605991,-38.684409,-11.196275,-12.562125,28.352820
1783943729974,55.700000,-598.865500,-557.966668,-540.966398,-57.899102,-15.929794,-17.321899,28.251368
1783943729994,55.720000,-614.739400,-564.971764,-548.075509,-66.663891,-22.002475,-23.411018,28.054220
1783943730014,55.740000,-628.519000,-571.654356,-554.921820,-73.597180,-27.635666,-29.051045,27.886457
1783943730034,55.760000,-637.686200,-578.003235,-561.494125,-76.192075,-31.348576,-32.761529,27.645258
1783943730054,55.780000,-646.379760,-584.007827,-567.781550,-78.598210,-32.601060,-34.002786,27.062805
1783943730074,55.800000,-644.803040,-589.658216,-573.773581,-71.029459,-31.858180,-33.240452,25.918268
1783943730094,55.820000,-653.325600,-594.945150,-579.460083,-73.865517,-30.238890,-31.594149,24.228693
1783943730114,55.840000,-641.599240,-599.860057,-584.831328,-56.767912,-28.864353,-30.185798,22.287727
1783943730134,55.860000,-664.041560,-604.395042,-589.878008,-74.163552,-28.167647,-29.449306,20.554113
1783943730154,55.880000,-656.662300,-608.542889,-594.591259,-62.071041,-27.742682,-28.979466,19.453420
1783943730174,55.900000,-668.029400,-612.297053,-598.962666,-69.066734,-26.926411,-28.114150,19.185751
1783943730194,55.920000,-651.590760,-615.651646,-602.984275,-48.606485,-25.336638,-26.472092,19.653810
1783943730214,55.940000,-660.963600,-618.601421,-606.648597,-54.315003,-22.747507,-23.828346,20.560791
1783943730234,55.960000,-656.401730,-621.141753,-609.948611,-46.453119,-18.779371,-19.804125,21.587753
1783943730254,55.980000,-654.353500,-623.268610,-612.877758,-41.475742,-13.124552,-14.092533,22.500284
1783943730274,56.000000,-639.418700,-624.978530,-615.429937,-23.988763,-6.044877,-6.956098,23.152122
1783943730294,56.020000,-635.603450,-626.268581,-617.599491,-18.003959,1.564894,0.709784,23.472015
1783943730314,56.040000,-620.147460,-627.136336,-619.381193,-0.766267,8.545256,7.744970,23.478514
1783943730334,56.060000,-621.287400,-627.579826,-620.770230,-0.517170,13.864124,13.116639,23.271479
1783943730354,56.080000,-607.717300,-627.597512,-621.762177,14.044877,16.814554,16.116941,22.955160
1783943730374,56.100000,-602.714230,-627.188236,-622.352975,19.638745,17.178704,16.526964,22.541145
1783943730394,56.120000,-606.496100,-626.351189,-622.538902,16.042802,15.518065,14.907199,21.905207
1783943730414,56.140000,-611.553340,-625.085862,-622.307548,10.754208,13.057112,12.481594,20.798910
1783943730434,56.160000,-600.091900,-623.392013,-621.663849,21.571949,10.879300,10.333822,18.888678
1783943730454,56.180000,-600.923000,-621.269627,-620.604998,19.681998,9.301596,8.781656,15.841937
1783943730474,56.200000,-590.508800,-618.718873,-619.128383,28.619583,8.016079,7.518207,11.474847
1783943730494,56.220000,-591.780000,-615.740074,-617.231567,25.451567,6.574163,6.095899,5.885933
1783943730514,56.240000,-587.860600,-612.333668,-614.912249,27.051649,4.693331,4.233127,-0.540177
1783943730534,56.260000,-582.085600,-608.500180,-612.168236,30.082636,2.272252,1.829409,-7.269516
1783943730554,56.280000,-575.674800,-604.240192,-608.997402,33.322602,-0.574033,-0.999369,-13.783198
1783943730574,56.300000,-581.629100,-599.554319,-605.397662,23.768562,-3.353110,-3.759903,-19.677828
1783943730594,56.320000,-569.426900,-594.443185,-601.366939,31.940039,-5.322336,-5.708592,-24.702887
1783943730614,56.340000,-569.556200,-588.907405,-596.903137,27.346937,-5.891892,-6.254595,-28.760452
1783943730634,56.360000,-556.575700,-582.947575,-592.004120,35.428420,-4.874310,-5.209378,-31.866308
1783943730654,56.380000,-549.599730,-576.564257,-586.667691,37.067961,-2.498432,-2.800708,-34.073140
1783943730674,56.400000,-532.916300,-569.757978,-580.891572,47.975272,0.784455,0.521191,-35.394665
1783943730694,56.420000,-527.259640,-562.529229,-574.673402,47.413762,4.664801,4.447779,-35.780262
1783943730714,56.440000,-509.940340,-554.878468,-568.010724,58.070384,9.249178,9.086575,-35.151047
1783943730734,56.460000,-508.593170,-546.806133,-560.900988,52.307818,14.978341,14.879182,-33.474186
1783943730754,56.480000,-485.420780,-538.312651,-553.341555,67.920775,22.145066,22.119110,-30.833746
1783943730774,56.500000,-482.108550,-529.398463,-545.329716,63.221166,30.278244,30.335851,-27.448479
1783943730794,56.520000,-442.698970,-520.064050,-536.862705,94.163735,37.936367,38.088340,-23.611649
1783943730814,56.540000,-440.680480,-510.309956,-527.937728,87.257248,43.411239,43.668646,-19.578138
1783943730834,56.560000,-429.622300,-500.136833,-518.552002,88.929702,45.862241,46.236226,-15.491431
1783943730854,56.580000,-421.636720,-489.545471,-508.702790,87.066070,45.710283,46.211852,-11.440022
1783943730874,56.600000,-419.208980,-478.536852,-498.387459,79.178479,44.190576,44.830369,-7.602281
1783943730894,56.620000,-414.416020,-467.112194,-487.603533,73.187513,42.629487,43.417550,-4.334422
1783943730914,56.640000,-392.475650,-455.273004,-476.348763,83.873113,41.824721,42.770278,-2.095318
1783943730934,56.660000,-396.476470,-443.021138,-464.621199,68.144729,42.000043,43.111278,-1.245606
1783943730954,56.680000,-385.995970,-430.358860,-452.419270,66.423300,42.973363,44.257223,-1.873760
1783943730974,56.700000,-372.846700,-417.288901,-439.741875,66.895175,43.867514,45.329532,-3.764262
1783943730994,56.720000,-353.164400,-403.814529,-426.588478,73.424078,43.060162,44.704279,-6.484795
1783943731014,56.740000,-352.582900,-389.939612,-412.959203,60.376303,39.085133,40.913487,-9.493523
1783943731034,56.760000,-353.275240,-375.668683,-398.854944,45.579704,31.607460,33.620093,-12.243611
1783943731054,56.780000,-348.775100,-361.007009,-384.277468,35.502368,21.475077,23.669527,-14.335414
1783943731074,56.800000,-354.976960,-345.960656,-369.229529,14.252569,10.138864,12.509656,-15.671510
1783943731094,56.820000,-348.695620,-330.536548,-353.714979,5.019359,-0.954489,1.583685,-16.479013
1783943731114,56.840000,-351.741760,-314.742535,-337.738877,-14.002883,-10.847485,-8.154542,-17.156345
1783943731134,56.860000,-342.454530,-298.587446,-321.307600,-21.146930,-19.370068,-16.538067,-18.048525
1783943731154,56.880000,-337.546420,-282.081140,-304.428946,-33.117474,-27.151150,-24.197223,-19.276823
1783943731174,56.900000,-324.212220,-265.234558,-287.112238,-37.099982,-35.224054,-32.163869,-20.676062
1783943731194,56.920000,-324.230930,-248.059761,-269.368412,-54.862518,-44.313232,-41.157541,-21.844118
1783943731214,56.940000,-324.065000,-230.569968,-251.210105,-72.854895,-54.390426,-51.142877,-22.292290
1783943731234,56.960000,-310.023200,-212.779579,-232.651726,-77.371474,-64.873849,-61.533082,-21.644453
1783943731254,56.980000,-311.758670,-194.704198,-213.709517,-98.049153,-74.973703,-71.543291,-19.777695
1783943731274,57.000000,-291.578770,-176.360640,-194.750413,-96.828357,-83.738102,-80.241822,-16.820848
1783943731294,57.020000,-289.952030,-157.766934,-175.062263,-114.889767,-89.953194,-86.441605,-13.034527
1783943731314,57.040000,-271.831000,-138.942317,-155.049260,-116.781740,-92.230862,-88.770199,-8.679121
1783943731334,57.060000,-250.360320,-119.907208,-134.735429,-115.624891,-89.461077,-86.115749,-3.942785
1783943731354,57.080000,-223.418300,-100.683187,-114.146711,-109.271589,-81.305324,-78.128145,1.089777
1783943731374,57.100000,-192.781710,-81.292957,-93.310921,-99.470789,-68.431669,-65.462961,6.458288
1783943731394,57.120000,-146.563300,-61.760289,-72.257690,-74.305610,-52.474970,-49.745867,12.329594
1783943731414,57.140000,-111.941650,-42.109973,-51.018378,-60.923272,-35.513699,-33.050127,18.957830
1783943731434,57.160000,-75.463500,-22.367748,-29.625981,-45.837519,-19.265870,-17.091389,26.583084
1783943731454,57.180000,-44.821312,-2.560224,-8.115005,-36.706307,-4.767049,-2.904110,35.273197
1783943731474,57.200000,-4.560878,17.285194,13.478661,-18.039539,7.335004,8.865053,44.763783
1783943731494,57.220000,24.491009,37.140404,35.117906,-10.626897,16.513348,17.690935,54.402008
1783943731514,57.240000,62.480457,56.976696,56.764560,5.715897,22.544761,23.352946,63.259487
1783943731534,57.260000,77.730000,76.764861,78.379575,-0.649575,25.909685,26.334889,70.349060
1783943731554,57.280000,101.593475,96.475296,99.923218,1.670257,27.752399,27.784910,74.807680
1783943731574,57.300000,128.426240,116.078115,121.355271,7.070969,29.173333,28.807580,75.986400
1783943731594,57.320000,149.259490,135.543267,142.635243,6.624247,30.531002,29.765669,73.505940
1783943731614,57.340000,183.480480,154.840649,163.722581,19.757899,31.353475,30.191521,67.336680
1783943731634,57.360000,206.013430,173.940231,184.576891,21.436539,30.921142,29.369752,57.873220
1783943731654,57.380000,214.753390,192.812170,205.158155,9.595235,29.051525,27.122038,45.904766
1783943731674,57.400000,242.922560,211.426937,225.426950,17.495610,26.210453,23.918241,32.428123
1783943731694,57.420000,254.098050,229.755432,245.344661,8.753389,23.002480,20.366799,18.392843
1783943731714,57.440000,275.367280,247.769104,264.873696,10.493584,19.769349,16.813135,4.529596
1783943731734,57.460000,291.997920,265.440068,283.977682,8.020238,16.409035,13.158652,-8.667696
1783943731754,57.480000,317.514000,282.741220,302.621667,14.892333,12.484977,8.969922,-20.857607
1783943731774,57.500000,331.649540,299.646342,320.772296,10.877244,7.848361,4.100912,-31.759735
1783943731794,57.520000,337.806240,316.130217,338.397990,-0.591750,3.270678,-0.674487,-41.119675
1783943731814,57.540000,355.471100,332.168722,355.469100,0.002000,0.239093,-3.867136,-48.756336
1783943731834,57.560000,370.288020,347.738931,371.958053,-1.670033,0.042047,-4.187062,-54.641033
1783943731854,57.580000,392.767460,362.819204,387.839478,4.927982,3.000060,-1.312684,-58.898163
1783943731874,57.600000,419.135700,377.389271,403.090319,16.045381,8.293329,3.936782,-61.686690
1783943731894,57.620000,436.074340,391.430312,417.689927,18.384413,14.343919,9.983501,-63.054820
1783943731914,57.640000,470.204350,404.925030,431.620138,38.584212,19.515544,15.190812,-62.894740
1783943731934,57.660000,467.660500,417.857710,444.865330,22.795170,22.809770,18.559438,-61.033764
1783943731954,57.680000,494.532350,430.214280,457.412460,37.119890,24.058321,19.919815,-57.411366
1783943731974,57.700000,494.854250,441.982358,469.251088,25.603162,23.490108,19.499142,-52.241300
1783943731994,57.720000,509.409500,453.151288,480.373375,29.036125,21.211097,17.401279,-46.054630
1783943732014,57.740000,522.123800,463.712177,490.774071,31.349729,17.039493,13.441952,-39.586758
1783943732034,57.760000,531.579700,473.657915,500.450481,31.129219,11.017214,7.660244,-33.559998
1783943732054,57.780000,522.846440,482.983186,509.402418,13.444022,4.307340,1.216061,-28.490057
1783943732074,57.800000,524.527900,491.684477,517.632137,6.895763,-0.717435,-3.521392,-24.632345
1783943732094,57.820000,531.227050,499.760073,525.144258,6.082792,-1.536432,-4.035182,-22.057236
1783943732114,57.840000,532.796600,507.210042,531.945674,0.850926,3.200549,1.021004,-20.723112
1783943732134,57.860000,560.117740,514.036216,538.045461,22.072279,12.779336,10.929172,-20.440200
1783943732154,57.880000,577.762940,520.242163,543.458555,34.304385,24.434617,22.920474,-20.761190
1783943732174,57.900000,598.696040,525.833146,548.192454,50.503586,34.564233,33.389572,-20.935518
1783943732194,57.920000,601.227800,530.816078,552.261959,48.965841,40.398977,39.564266,-20.039778
1783943732214,57.940000,600.216000,535.199473,555.683564,44.532436,40.926669,40.429364,-17.293436
1783943732234,57.960000,596.671400,538.993378,558.475317,38.196083,36.647593,36.482052,-12.431418
1783943732254,57.980000,589.093000,542.209314,560.656676,28.436324,28.723743,28.881201,-5.907688
1783943732274,58.000000,581.984700,544.860196,562.248358,19.736342,18.290646,18.759307,1.217073
1783943732294,58.020000,568.186500,546.960256,563.272198,4.914302,6.198487,6.963718,7.640545
1783943732314,58.040000,558.957400,548.524961,563.750997,-4.793597,-6.925761,-5.881149,12.233253
1783943732334,58.060000,532.610170,549.570918,563.708380,-31.098210,-20.563554,-19.258985,14.318089
1783943732354,58.080000,528.476440,550.115785,563.168651,-34.692211,-34.382455,-32.839251,13.750164
1783943732374,58.100000,512.956700,550.178177,562.156655,-49.199955,-48.182255,-46.423289,10.854411
1783943732394,58.120000,495.921450,549.777561,560.697650,-64.776200,-61.334809,-59.384167,6.309667
1783943732414,58.140000,476.561900,548.934163,558.817169,-82.255269,-72.341827,-70.224478,1.004167
1783943732434,58.160000,469.037660,547.668861,556.540911,-87.503251,-79.158913,-76.900382,-4.144208
1783943732454,58.180000,457.688300,546.003088,553.894616,-96.206316,-79.959255,-77.585313,-8.353541
1783943732474,58.200000,464.484680,543.958730,550.903961,-86.419281,-73.848363,-71.384729,-11.041863
1783943732494,58.220000,471.534500,541.558023,547.594460,-76.059960,-61.261730,-58.733788,-11.771886
1783943732514,58.240000,495.579960,538.823458,543.991369,-48.411409,-43.732253,-41.164789,-10.155275
1783943732534,58.260000,501.776460,535.777679,540.119597,-38.343137,-23.069635,-20.486599,-5.812896
1783943732554,58.280000,517.788300,532.443392,536.003627,-18.215327,-0.730872,1.844838,1.545736
1783943732574,58.300000,529.094000,528.843269,531.667437,-2.573437,21.939496,24.486221,11.934604
1783943732594,58.320000,549.294430,524.999858,527.134434,22.159996,43.005260,45.502742,24.914291
1783943732614,58.340000,563.173200,520.935491,522.427387,40.745813,59.715555,62.145068,39.572628
1783943732634,58.360000,576.557000,516.672203,517.568365,58.988635,69.240621,71.585083,54.691150
1783943732654,58.380000,560.173460,512.231646,512.578685,47.594775,69.953139,72.197188,68.967400
1783943732674,58.400000,549.430800,507.635005,507.478860,41.951940,62.166425,64.296474,81.135600
1783943732694,58.420000,523.223400,502.902927,502.288545,20.934855,47.793725,49.797992,89.971460
1783943732714,58.440000,509.156070,498.055443,497.026504,12.129566,29.567170,31.435689,94.317710
1783943732734,58.460000,479.488700,493.111893,491.710559,-12.221859,10.572009,12.296611,93.254616
1783943732754,58.480000,455.029420,488.090869,486.357561,-31.328141,-6.014115,-4.439834,86.368920
1783943732774,58.500000,433.239750,483.010141,480.983358,-47.743608,-17.550286,-16.131018,73.949234
1783943732794,58.520000,423.226680,477.886608,475.602761,-52.376081,-22.893387,-21.632181,57.005375
1783943732814,58.540000,426.959350,472.736237,470.229525,-43.270175,-22.894006,-21.792350,37.154430
1783943732834,58.560000,433.137100,467.574021,464.876327,-31.739227,-19.683475,-18.741390,16.454020
1783943732854,58.580000,416.935600,462.413929,459.554747,-42.619147,-15.152466,-14.368615,-2.832082
1783943732874,58.600000,419.721680,457.268877,454.275260,-34.553580,-10.149945,-9.521741,-18.608498
1783943732894,58.620000,416.186460,452.150689,449.047222,-32.860762,-4.959545,-4.483268,-29.402985
1783943732914,58.640000,420.427300,447.070075,443.878871,-23.451571,-0.005745,0.323334,-34.674423
1783943732934,58.660000,419.925540,442.036613,438.777322,-18.851782,3.982588,4.170092,-34.796100
1783943732954,58.680000,426.497040,437.058731,433.748569,-7.251529,6.333224,6.385542,-30.767952
1783943732974,58.700000,404.830700,432.143701,428.797499,-23.966799,6.915675,6.839854,-23.875633
1783943732994,58.720000,408.852360,427.297640,423.927896,-15.075536,6.022472,5.826098,-15.463482
1783943733014,58.740000,404.578250,422.525511,419.142461,-14.564211,3.780384,3.471480,-6.814963
1783943733034,58.760000,399.836730,417.831135,414.442830,-14.606100,0.118656,-0.294420,0.960645
1783943733054,58.780000,386.795560,413.217207,409.829600,-23.034040,-4.724820,-5.233464,7.064845
1783943733074,58.800000,380.246280,408.685318,405.302357,-25.056077,-10.020439,-10.615887,11.085514
1783943733094,58.820000,373.579470,404.235979,400.859708,-27.280238,-14.778439,-15.451843,12.951083
1783943733114,58.840000,360.007300,399.868659,396.499320,-36.492020,-18.054109,-18.796602,12.825439
1783943733134,58.860000,361.595900,395.581821,392.217962,-30.622062,-19.348628,-20.151387,11.029938
1783943733154,58.880000,360.506400,391.372961,388.011552,-27.505152,-18.928320,-19.782619,8.008363
1783943733174,58.900000,357.198120,387.238661,383.875208,-26.677088,-17.685760,-18.583011,4.307834
1783943733194,58.920000,356.245730,383.174640,379.803301,-23.557571,-16.781230,-17.713021,0.537466
1783943733214,58.940000,359.919130,379.175808,375.789517,-15.870387,-17.331703,-18.289821,-2.719981
1783943733234,58.960000,352.062680,375.236328,371.826919,-19.764239,-19.935356,-20.911806,-5.022942
1783943733254,58.980000,344.473270,371.349679,367.908010,-23.434740,-24.219604,-25.206617,-6.164954
1783943733274,59.000000,338.911930,367.508722,364.024803,-25.112873,-28.894906,-29.884950,-6.219912
1783943733294,59.020000,325.332340,363.705773,360.168896,-34.836556,-32.303078,-33.288890,-5.527773
1783943733314,59.040000,337.809630,359.932669,356.331540,-18.521910,-33.073707,-34.048343,-4.595961
1783943733334,59.060000,333.910580,356.180843,352.503715,-18.593135,-30.325440,-31.282376,-3.907557
1783943733354,59.080000,330.380830,352.441401,348.676205,-18.295375,-23.480310,-24.413564,-3.719400
1783943733374,59.100000,344.583620,348.705193,344.839676,-0.256056,-12.545401,-13.449637,-3.979705
1783943733394,59.120000,360.726300,344.962890,340.984746,19.741554,1.358580,0.488044,-4.388997
1783943733414,59.140000,372.447600,341.205057,337.105810,35.341790,16.210473,15.377822,-4.512488
1783943733434,59.160000,382.492800,337.422227,333.189765,49.303035,29.814367,29.023533,-3.881887
1783943733454,59.180000,396.888820,333.604974,329.227528,67.661292,40.347361,39.602170,-2.119339
1783943733474,59.200000,397.704380,329.743978,325.210253,72.494127,46.782817,46.086963,0.903480
1783943733494,59.220000,394.222720,325.830094,321.129385,73.093335,49.164547,48.521463,4.945310
1783943733514,59.240000,384.812260,321.854413,316.976724,67.835536,48.272100,47.684832,9.377624
1783943733534,59.260000,387.123600,317.808323,312.744467,74.379133,44.816516,44.287618,13.279176
1783943733554,59.280000,376.718080,313.683561,308.425261,68.292819,39.034280,38.565765,15.644952
1783943733574,59.300000,366.793400,309.472264,304.012243,62.781157,30.994426,30.587743,15.664505
1783943733594,59.320000,352.711730,305.167013,299.499074,53.212656,21.060689,20.716728,12.940162
1783943733614,59.340000,338.468800,300.760875,294.879969,43.588831,10.112914,9.832009,7.536924
1783943733634,59.360000,317.352870,296.247435,290.149720,27.203150,-0.509204,-0.727259,-0.118258
1783943733654,59.380000,309.574160,291.620828,285.303718,24.270442,-9.357709,-9.513655,-9.384457
1783943733674,59.400000,295.377320,286.875761,280.337958,15.039362,-15.267949,-15.363048,-19.515140
1783943733694,59.420000,295.266240,282.007534,275.249055,20.017185,-17.445140,-17.481166,-29.703352
1783943733714,59.440000,275.777370,277.012050,270.034237,5.743133,-15.426209,-15.405428,-39.100860
1783943733734,59.460000,283.917140,271.885831,264.691347,19.225793,-9.412155,-9.337306,-46.875397
1783943733754,59.480000,296.364800,266.626013,259.218833,37.145967,-0.603470,-0.477734,-52.303844
1783943733774,59.500000,290.834630,261.230351,253.615733,37.218897,9.335572,9.508605,-54.834180
1783943733794,59.520000,293.892180,255.697211,247.881660,46.010520,19.120481,19.336854,-54.119858
1783943733814,59.540000,295.647280,250.025557,242.016779,53.630501,27.951626,28.207058,-50.095264
1783943733834,59.560000,286.875700,244.214939,236.021782,50.853918,35.108214,35.398153,-43.084286
1783943733854,59.580000,291.922730,238.265471,229.897856,62.024874,39.532192,39.851866,-33.832320
1783943733874,59.600000,291.272340,232.177807,223.646655,67.625685,39.855605,40.200080,-23.380249
1783943733894,59.620000,278.518430,225.953116,217.270264,61.248166,35.295312,35.659553,-12.835190
1783943733914,59.640000,249.533860,219.593047,210.771157,38.762703,26.603946,26.982879,-3.181586
1783943733934,59.660000,229.918640,213.099694,204.152165,25.766475,15.788814,16.177397,4.765324
1783943733954,59.680000,211.311190,206.475561,197.416430,13.894760,4.846228,5.239526,10.314836
1783943733974,59.700000,193.186740,199.723524,190.567366,2.619374,-5.190709,-4.797454,12.931256
1783943733994,59.720000,182.257110,192.846781,183.608617,-1.351507,-14.289175,-13.900465,12.406235
1783943734014,59.740000,166.470550,185.848818,176.544016,-10.073466,-22.716022,-22.336050,9.040304
1783943734034,59.760000,138.980930,178.733360,169.377542,-30.396612,-30.216801,-29.849421,3.649611
1783943734054,59.780000,133.162720,171.504329,162.113282,-28.950562,-35.861815,-35.510553,-2.647776
1783943734074,59.800000,117.028260,164.165795,154.755392,-37.727132,-38.432532,-38.100638,-8.733660
1783943734094,59.820000,108.558000,156.721941,147.308057,-38.750057,-36.749591,-36.440094,-13.705677
1783943734114,59.840000,96.012924,149.177013,139.775460,-43.762536,-30.168613,-29.884332,-16.945610
1783943734134,59.860000,110.318954,141.535283,132.161747,-21.842793,-19.364972,-19.108364,-18.093111
1783943734154,59.880000,116.685270,133.801010,124.470996,-7.785726,-6.489606,-6.262356,-16.974405
1783943734174,59.900000,108.835754,125.978401,116.707189,-7.871435,5.661970,5.859646,-13.517372
1783943734194,59.920000,114.090164,118.071578,108.874186,5.215978,14.396195,14.566397,-7.739559
1783943734214,59.940000,114.014880,110.084547,100.975705,13.039175,17.415804,17.563507,0.143836
1783943734234,59.960000,103.221010,102.021171,93.015296,10.205714,13.497986,13.630570,9.594253
1783943734254,59.980000,80.452090,93.885137,84.996329,-4.544239,3.423597,3.548450,19.731234
1783943734274,60.000000,59.138844,85.679944,76.837286,-17.698442,-9.850971,-9.730241,29.417267
1783943734294,60.020000,21.539516,77.408876,68.715585,-47.176069,-22.187180,-22.072595,37.382170
1783943734314,60.040000,11.548158,69.074990,60.544285,-48.996127,-30.159566,-30.056433,42.398743
1783943734334,60.060000,15.388135,60.681105,52.325905,-36.937770,-32.657967,-32.570927,43.569794
1783943734354,60.080000,-2.150118,52.229794,44.062738,-46.212856,-30.849712,-30.780545,40.682150
1783943734374,60.100000,2.181222,43.723380,35.756857,-33.575635,-27.067983,-27.015479,34.418705
1783943734394,60.120000,-5.051632,35.163937,27.410116,-32.461748,-23.875443,-23.836280,26.227936
1783943734414,60.140000,-8.267567,26.553294,19.024156,-27.291723,-23.295652,-23.265464,17.873990
1783943734434,60.160000,-19.423840,17.893045,10.600421,-30.024261,-26.071232,-26.045425,10.906232
1783943734454,60.180000,-35.269047,9.184560,2.140160,-37.409207,-31.305357,-31.279564,6.278730
1783943734474,60.200000,-51.456993,0.429003,-6.355546,-45.101447,-36.782961,-36.753202,4.193298
1783943734494,60.220000,-58.250656,-8.372652,-14.885775,-43.364881,-39.861998,-39.824671,4.164799
1783943734514,60.240000,-69.130646,-17.219595,-23.449744,-45.680902,-38.409142,-38.360959,5.288235
1783943734534,60.260000,-70.122910,-26.111154,-32.046782,-38.076128,-31.514156,-31.452087,6.615641
1783943734554,60.280000,-61.877320,-35.046771,-40.676311,-21.201009,-19.966480,-19.887743,7.496639
1783943734574,60.300000,-50.337380,-44.025967,-49.337822,-0.999558,-6.108667,-6.010743,7.768766
1783943734594,60.320000,-41.443558,-53.048309,-58.030847,16.587289,7.177809,7.297133,7.759298
1783943734614,60.340000,-38.586563,-62.113381,-66.754935,28.168372,17.828835,17.971420,8.107727
1783943734634,60.360000,-49.861473,-71.220747,-75.509625,25.648152,25.363301,25.530622,9.445270
1783943734654,60.380000,-44.214050,-80.369917,-84.294419,40.080369,30.565607,30.758724,12.042546
1783943734674,60.400000,-58.836525,-89.560310,-93.108755,34.272230,34.572454,34.791995,15.609813
1783943734694,60.420000,-47.439790,-98.791223,-101.951987,54.512197,38.172105,38.418266,19.373463
1783943734714,60.440000,-59.958870,-108.061800,-110.823352,50.864482,41.695178,41.967724,22.382095
1783943734734,60.460000,-63.486260,-117.370995,-119.721957,56.235697,45.262708,45.560983,23.851217
1783943734754,60.480000,-76.916145,-126.717548,-128.646750,51.730605,48.703386,49.026334,23.356718
1783943734774,60.500000,-69.366840,-136.099960,-137.596504,68.229664,51.135576,51.481757,20.840600
1783943734794,60.520000,-80.629830,-145.516461,-146.569801,65.939971,51.104514,51.472134,16.532837
1783943734814,60.540000,-89.848470,-154.964996,-155.565011,65.716541,47.486690,47.873628,10.876096
1783943734834,60.560000,-115.844310,-164.443206,-164.580285,48.735975,40.236213,40.640055,4.423846
1783943734854,60.580000,-123.899536,-173.948409,-173.613539,49.714003,30.370690,30.788764,-2.328160
1783943734874,60.600000,-156.163120,-183.477591,-182.662448,26.499328,19.575200,20.004613,-9.096463
1783943734894,60.620000,-175.021530,-193.027396,-191.724439,16.702909,9.646637,10.084314,-15.837247
1783943734914,60.640000,-188.904140,-202.594124,-200.796686,11.892546,1.728314,2.171037,-22.636040
1783943734934,60.660000,-197.129790,-212.173722,-209.876105,12.746315,-4.010167,-3.565718,-29.525599
1783943734954,60.680000,-218.947020,-221.761789,-218.959358,0.012338,-7.847713,-7.404920,-36.316070
1783943734974,60.700000,-230.484400,-231.353579,-228.042851,-2.441549,-9.979902,-9.542166,-42.538128
1783943734994,60.720000,-245.129430,-240.944004,-237.122738,-8.006692,-10.637932,-10.208634,-47.558598
1783943735014,60.740000,-248.880550,-250.527641,-246.194924,-2.685626,-10.406155,-9.988620,-50.791412
1783943735034,60.760000,-257.449650,-260.098747,-255.255071,-2.194579,-10.083283,-9.680752,-51.846302
1783943735054,60.780000,-262.060300,-269.651265,-264.298604,2.238304,-10.004668,-9.620285,-50.553646
1783943735074,60.800000,-291.572200,-279.178841,-273.320719,-18.251481,-9.508641,-9.145458,-46.947690
1783943735094,60.820000,-292.254300,-288.674838,-282.316393,-9.937907,-7.446134,-7.107133,-41.294983
1783943735114,60.840000,-308.224670,-298.132351,-291.280389,-16.944281,-3.469989,-3.158100,-34.125607
1783943735134,60.860000,-295.107330,-307.544226,-300.207266,5.099936,1.228314,1.510221,-26.147528
1783943735154,60.880000,-307.943730,-316.903077,-309.090096,1.146366,4.514014,4.763195,-18.020756
1783943735174,60.900000,-320.057370,-326.201308,-317.924328,-2.133042,4.618410,4.832343,-10.151192
1783943735194,60.920000,-339.992770,-335.431127,-326.703996,-13.288774,0.844629,1.021074,-2.697429
1783943735214,60.940000,-338.781700,-344.584569,-335.422974,-3.358726,-6.473625,-6.336622,4.231887
1783943735234,60.960000,-376.369500,-353.653516,-344.074988,-32.294512,-15.846105,-15.750246,10.404406
1783943735254,60.980000,-394.505070,-362.629717,-352.653627,-41.851443,-24.663568,-24.610350,15.445667
1783943735274,61.000000,-419.916440,-371.504804,-361.152352,-58.764088,-30.339580,-30.330337,18.923628
1783943735294,61.020000,-403.233800,-380.270314,-369.564509,-33.669291,-31.655411,-31.691339,20.479586
1783943735314,61.040000,-427.902920,-388.917706,-377.883338,-50.019582,-28.724852,-28.807035,20.029203
1783943735334,61.060000,-431.615780,-397.438378,-386.101979,-45.513801,-22.196508,-22.325930,17.950947
1783943735354,61.080000,-432.734950,-405.823683,-394.213487,-38.521463,-13.285034,-13.462593,15.061450
1783943735374,61.100000,-411.564820,-414.064943,-402.210835,-9.353985,-4.003399,-4.229923,12.361491
1783943735394,61.120000,-430.789120,-422.153466,-410.086921,-20.702199,3.716161,3.439904,10.762260
1783943735414,61.140000,-422.467530,-430.080557,-417.834581,-4.632949,9.138509,8.811792,10.912421
1783943735434,61.160000,-450.671500,-437.837528,-425.446586,-25.224914,12.667934,12.290060,13.055450
1783943735454,61.180000,-434.177760,-445.415712,-432.915654,-1.262106,14.825546,14.395839,16.902576
1783943735474,61.200000,-454.952800,-452.806469,-440.234450,-14.718350,15.454092,14.971889,21.668920
1783943735494,61.220000,-443.273350,-460.001198,-447.395591,4.122241,13.875578,13.340221,26.342087
1783943735514,61.240000,-474.522950,-466.991340,-454.391649,-20.131301,9.612764,9.023609,30.022064
1783943735534,61.260000,-472.163640,-473.768389,-461.215153,-10.948487,2.846403,2.202816,32.115560
1783943735554,61.280000,-497.818300,-480.323892,-467.858588,-29.959712,-5.603868,-6.302495,32.331550
1783943735574,61.300000,-507.094360,-486.649460,-474.314402,-32.779958,-14.476092,-15.230328,30.590635
1783943735594,61.320000,-525.443600,-492.736763,-480.574997,-44.868603,-22.378090,-23.188446,26.964670
1783943735614,61.340000,-530.014800,-498.577541,-486.632738,-43.382062,-28.154591,-29.021491,21.674446
1783943735634,61.360000,-539.609130,-504.163599,-492.479944,-47.129186,-31.017596,-31.941348,15.115800
1783943735654,61.380000,-539.035770,-509.486808,-498.108888,-40.926882,-30.399577,-31.380337,7.875919
1783943735674,61.400000,-554.869750,-514.539111,-503.511799,-51.357951,-25.937836,-26.975562,0.695366
1783943735694,61.420000,-537.628200,-519.312514,-508.680851,-28.947349,-17.964538,-19.058945,-5.648443
1783943735714,61.440000,-537.389040,-523.799088,-513.608162,-23.780878,-7.993889,-9.144397,-10.478896
1783943735734,61.460000,-515.690860,-527.990970,-518.285792,2.594932,1.641275,0.435597,-13.293347
1783943735754,61.480000,-523.392150,-531.880356,-522.705730,-0.686420,8.871678,7.612170,-13.774277
1783943735774,61.500000,-512.819760,-535.459503,-526.859896,14.040136,12.814414,11.502884,-11.828105
1783943735794,61.520000,-525.197630,-538.720726,-530.740130,5.542500,13.971664,12.610448,-7.691587
1783943735814,61.540000,-515.052600,-541.656399,-534.338185,19.285585,13.850885,12.442908,-2.011267
1783943735834,61.560000,-535.103900,-544.258951,-537.645723,2.541823,14.318694,12.867525,4.221872
1783943735854,61.580000,-520.770900,-546.520872,-540.654311,19.883411,16.708948,15.218854,9.887203
1783943735874,61.600000,-530.480470,-548.434715,-543.355411,12.874941,20.915371,19.391365,14.008777
1783943735894,61.620000,-504.897460,-549.993095,-545.740381,40.842921,25.139367,23.587251,15.996811
1783943735914,61.640000,-511.887500,-551.188701,-547.800471,35.912971,26.739339,25.165735,15.791321
1783943735934,61.660000,-502.385900,-552.014298,-549.526820,47.140920,23.801694,22.214071,13.841683
1783943735954,61.680000,-532.794200,-552.462741,-550.910461,18.116261,16.272617,14.679306,10.876582
1783943735974,61.700000,-529.132800,-552.526979,-551.942319,22.809519,5.745029,4.155220,7.534322
1783943735994,61.720000,-553.954500,-552.200077,-552.613220,-1.341280,-5.690306,-7.266566,4.062310
1783943736014,61.740000,-544.996460,-551.475223,-552.913901,7.917441,-16.399793,-17.951627,0.287551
1783943736034,61.760000,-566.543400,-550.345750,-552.835012,-13.708388,-25.430913,-26.946651,-4.133824
1783943736054,61.780000,-558.830100,-548.805151,-552.367141,-6.462959,-32.293837,-33.761063,-9.388172
1783943736074,61.800000,-565.046940,-546.847101,-551.500822,-13.546118,-36.649767,-38.055389,-15.310852
1783943736094,61.820000,-563.716400,-544.465482,-550.226558,-13.489842,-37.977730,-39.308056,-21.390192
1783943736114,61.840000,-560.287800,-541.654400,-548.534843,-11.752957,-35.479223,-36.720061,-26.909357
1783943736134,61.860000,-552.354400,-538.408218,-546.416189,-5.938211,-28.425057,-29.561815,-31.134180
1783943736154,61.880000,-547.861150,-534.721577,-543.861157,-3.999993,-16.840196,-17.858018,-33.474610
1783943736174,61.900000,-511.373200,-530.589429,-540.860384,29.487184,-2.192857,-3.076752,-33.568596
1783943736194,61.920000,-503.700350,-526.007066,-537.404624,33.704274,12.680694,11.945694,-31.266123
1783943736214,61.940000,-470.106840,-520.970149,-533.484789,63.377949,24.658320,24.086993,-26.565971
1783943736234,61.960000,-471.904800,-515.474747,-529.091988,57.187188,31.690570,31.297319,-19.603620
1783943736254,61.980000,-458.892600,-509.517368,-524.217582,65.324982,33.647475,33.446131,-10.744937
1783943736274,62.000000,-465.078950,-503.094999,-518.853229,53.774279,32.229457,32.233074,-0.722641
1783943736294,62.020000,-462.487980,-496.205139,-512.990949,50.502969,30.036880,30.257527,9.331658
1783943736314,62.040000,-461.127750,-488.845848,-506.623178,45.495428,29.252690,29.701245,18.051460
1783943736334,62.060000,-436.996100,-481.015780,-499.742842,62.746742,30.710393,31.396360,24.173737
1783943736354,62.080000,-442.431640,-472.714230,-492.343424,49.911784,34.004852,34.936193,26.924500
1783943736374,62.100000,-415.230930,-463.941176,-484.419040,69.188110,38.200900,39.383883,26.258950
1783943736394,62.120000,-430.364070,-454.697322,-475.964521,45.600451,42.238246,43.677271,22.818710
1783943736414,62.140000,-394.198430,-444.984147,-466.976814,72.778384,44.847504,46.544887,17.636072
1783943736434,62.160000,-397.429020,-434.803945,-457.451549,60.022529,44.657728,46.613452,11.782169
1783943736454,62.180000,-385.408000,-424.159869,-447.386226,61.978226,40.958183,43.169659,6.135082
1783943736474,62.200000,-391.791700,-413.055978,-436.779415,44.987715,34.348600,36.810504,1.268896
1783943736494,62.220000,-387.226000,-401.497277,-425.630852,38.404852,26.571696,29.275852,-2.606807
1783943736514,62.240000,-393.788120,-389.489757,-413.941530,20.153410,19.726738,22.662060,-5.655726
1783943736534,62.260000,-384.880300,-377.040434,-401.713797,16.833497,15.214161,18.366624,-8.310016
1783943736554,62.280000,-379.840640,-364.157386,-388.951453,9.110813,12.837088,16.189734,-11.047615
1783943736574,62.300000,-347.358670,-350.849780,-375.659835,28.301165,10.800536,14.333513,-14.134937
1783943736594,62.320000,-360.381230,-337.127907,-361.845911,1.464681,6.921578,10.612224,-17.448805
1783943736614,62.340000,-343.982060,-323.003198,-347.518361,3.536301,-0.055456,3.767507,-20.501078
1783943736634,62.360000,-353.436340,-308.488250,-332.687647,-20.748693,-10.192911,-6.265505,-22.696732
1783943736654,62.380000,-336.416320,-293.596831,-317.366087,-19.050233,-22.686409,-18.684740,-23.664122
1783943736674,62.400000,-359.503750,-278.343895,-301.567906,-57.935844,-36.140840,-32.097133,-23.429817
1783943736694,62.420000,-334.201780,-262.745575,-285.309282,-48.892498,-49.002025,-44.950245,-22.361526
1783943736714,62.440000,-341.748300,-246.819180,-268.608377,-73.139923,-59.939564,-55.915068,-20.967619
1783943736734,62.460000,-334.782500,-230.583177,-251.485356,-83.297144,-67.875044,-63.914198,-19.674612
1783943736754,62.480000,-322.603450,-214.057174,-233.962385,-88.641065,-72.212327,-68.352092,-18.675167
1783943736774,62.500000,-291.664460,-197.261883,-216.063616,-75.600844,-73.111436,-69.388921,-17.878532
1783943736794,62.520000,-288.022640,-180.219087,-197.815150,-90.207490,-71.040101,-67.492102,-16.935850
1783943736814,62.540000,-256.001600,-162.951591,-179.244987,-76.756613,-66.225197,-62.887719,-15.324506
1783943736834,62.560000,-241.522580,-145.483164,-160.382952,-81.139628,-58.824561,-55.732330,-12.506968
1783943736854,62.580000,-205.870390,-127.838481,-141.260601,-64.609789,-49.452952,-46.638935,-8.126353
1783943736874,62.600000,-173.445100,-110.043050,-121.911111,-51.533989,-39.397593,-36.892523,-2.118146
1783943736894,62.620000,-139.883560,-92.123131,-102.369151,-37.514409,-30.144633,-27.976555,5.324375
1783943736914,62.640000,-125.582794,-74.105655,-82.670733,-42.912061,-22.628807,-20.822661,13.839798
1783943736934,62.660000,-89.474760,-56.018131,-62.853050,-26.621710,-17.110630,-15.687878,22.926910
1783943736954,62.680000,-68.921460,-37.888547,-42.954290,-25.967170,-13.536688,-12.514992,31.923075
1783943736974,62.700000,-39.695740,-19.745270,-23.013453,-16.682287,-11.595903,-10.988869,40.037960
1783943736994,62.720000,-28.856394,-1.616937,-3.070136,-25.786258,-10.590241,-10.407209,46.483630
1783943737014,62.740000,6.012088,16.467655,16.835674,-10.823586,-9.612817,-9.858680,50.622726
1783943737034,62.760000,7.934494,34.479659,36.663826,-28.729332,-7.986579,-8.661597,52.055110
1783943737054,62.780000,66.331550,52.390299,56.374230,9.957320,-5.570112,-6.669697,50.658066
1783943737074,62.800000,61.329742,70.170983,75.927090,-14.597348,-2.449997,-3.964469,46.624370
1783943737094,62.820000,99.303480,87.793420,95.283126,4.020354,1.548572,-0.365834,40.456997
1783943737114,62.840000,120.591060,105.229739,114.403808,6.187252,6.682208,4.388030,32.858880
1783943737134,62.860000,149.508830,122.452598,133.251578,16.257252,12.927349,10.278176,24.563477
1783943737154,62.880000,170.336010,139.435306,151.790058,18.545952,19.915545,16.939356,16.206924
1783943737174,62.900000,211.953840,156.151924,169.984261,41.969579,26.944051,23.669718,8.287887
1783943737194,62.920000,228.825560,172.577374,187.800780,41.024780,33.328351,29.782845,1.177761
1783943737214,62.940000,254.829590,188.687541,205.207969,49.621621,38.952847,35.159204,-4.876784
1783943737234,62.960000,273.305660,204.459367,222.176102,51.129558,44.254966,40.233135,-9.782084
1783943737254,62.980000,296.470200,219.870941,238.677518,57.792682,49.625246,45.398365,-13.639874
1783943737274,63.000000,312.398250,234.901578,254.927557,57.470693,54.720107,50.324678,-16.743715
1783943737294,63.020000,355.106800,249.531899,270.405903,84.700897,58.229059,53.719507,-19.476152
1783943737314,63.040000,359.539180,263.743892,285.347746,74.191434,58.690708,54.131978,-22.139826
1783943737334,63.060000,371.419680,277.520975,299.734801,71.684879,55.744635,51.200230,-24.849709
1783943737354,63.080000,371.485470,290.848041,313.551264,57.934206,50.326316,45.851356,-27.594473
1783943737374,63.100000,390.496600,303.711500,326.783829,63.712771,43.841387,39.481609,-30.410543
1783943737394,63.120000,381.097780,316.099312,339.421692,41.676088,37.454329,33.247977,-33.477520
1783943737414,63.140000,410.429260,328.001003,351.456523,58.972737,31.855220,27.835502,-37.023140
1783943737434,63.160000,387.694100,339.407683,362.882427,24.811673,27.293172,23.490039,-41.135212
1783943737454,63.180000,414.663200,350.312045,373.695889,40.967311,23.478247,19.919192,-45.658000
1783943737474,63.200000,411.132750,360.708362,383.895692,27.237058,19.379846,16.089902,-50.221283
1783943737494,63.220000,431.100520,370.592470,393.482835,37.617685,13.699090,10.700420,-54.323290
1783943737514,63.240000,413.002700,379.961745,402.460422,10.542278,5.934642,3.246025,-57.417603
1783943737534,63.260000,415.126700,388.815073,410.833556,4.293144,-3.162362,-5.525934,-59.036990
1783943737554,63.280000,409.497650,397.152810,418.609209,-9.111559,-12.178818,-14.206371,-58.960650
1783943737574,63.300000,418.044220,404.976735,425.796094,-7.751874,-19.733513,-21.418146,-57.302580
1783943737594,63.320000,406.562870,412.290002,432.404527,-25.841657,-24.582779,-25.921599,-54.409290
1783943737614,63.340000,412.380070,419.097075,438.446286,-26.066216,-25.706838,-26.700809,-50.646923
1783943737634,63.360000,409.989500,425.403668,443.934465,-33.944965,-22.924679,-23.578426,-46.250780
1783943737654,63.380000,438.537900,431.216675,448.883328,-10.345428,-17.433779,-17.755363,-41.286030
1783943737674,63.400000,434.172760,436.544097,453.308168,-19.135408,-11.391410,-11.392082,-35.645050
1783943737694,63.420000,452.436650,441.394965,457.225158,-4.788508,-6.818972,-6.512900,-29.069748
1783943737714,63.440000,432.958440,445.779260,460.651214,-27.692774,-4.948050,-4.352036,-21.278738
1783943737734,63.460000,462.075930,449.707827,463.603855,-1.527925,-6.300671,-5.433840,-12.193759
1783943737754,63.480000,432.030880,453.192297,466.101071,-34.070191,-10.748387,-9.631860,-2.108370
1783943737774,63.500000,448.537960,456.244994,468.161193,-19.623233,-17.322125,-15.978684,8.327744
1783943737794,63.520000,421.543060,458.878854,469.802775,-48.259715,-24.262892,-22.716636,18.270317
1783943737814,63.540000,429.805730,461.107333,471.044476,-41.238746,-29.423304,-27.699305,26.875559
1783943737834,63.560000,411.242000,462.944321,471.904953,-60.662953,-30.918939,-29.042906,33.469738
1783943737854,63.580000,427.646180,464.404060,472.402757,-44.756577,-27.869912,-25.867859,37.691616
1783943737874,63.600000,420.833700,465.501054,472.556247,-51.722547,-20.844507,-18.742441,39.593243
1783943737894,63.620000,446.456100,466.249987,472.383495,-25.927395,-11.726110,-9.549733,39.664240
1783943737914,63.640000,442.863900,466.665644,471.902215,-29.038315,-2.969617,-0.744050,38.750164
1783943737934,63.660000,458.841700,466.762834,471.129689,-12.287989,3.435754,5.686224,37.851555
1783943737954,63.680000,444.144230,466.556308,470.082704,-25.938474,6.660756,8.912904,37.834637
1783943737974,63.700000,454.835330,466.060697,468.777496,-13.942166,7.006583,9.238450,39.146400
1783943737994,63.720000,438.875800,465.290434,467.229701,-28.353901,5.407019,7.598088,41.662918
1783943738014,63.740000,446.632260,464.259698,465.454312,-18.822052,2.929058,5.060400,44.755188
1783943738034,63.760000,429.033800,462.982344,463.465645,-34.431845,0.430900,2.485302,47.537533
1783943738054,63.780000,437.514400,461.471859,461.277305,-23.762905,-1.673780,0.288284,49.168854
1783943738074,63.800000,425.885680,459.741299,458.902169,-33.016489,-3.466748,-1.610528,49.086170
1783943738094,63.820000,430.271580,457.803251,456.352364,-26.080784,-5.286804,-3.547994,47.118237
1783943738114,63.840000,411.555800,455.669786,453.639256,-42.083456,-7.475743,-5.863945,43.469635
1783943738134,63.860000,429.786130,453.352425,450.773444,-20.987314,-10.299238,-8.822116,38.600777
1783943738154,63.880000,404.789800,450.862107,447.764354,-42.974554,-13.683389,-12.346724,33.074490
1783943738174,63.900000,410.744100,448.209165,444.621633,-33.877533,-16.894310,-15.702083,27.427462
1783943738194,63.920000,394.603550,445.403301,441.353598,-46.750048,-18.779986,-17.734456,22.075483
1783943738214,63.940000,405.713800,442.453576,437.967825,-32.254025,-18.368034,-17.469804,17.260830
1783943738234,63.960000,396.494930,439.368395,434.471163,-37.976233,-15.223421,-14.471514,13.076442
1783943738254,63.980000,399.429320,436.155506,430.869755,-31.440435,-9.649614,-9.041551,9.558758
1783943738274,64.000000,408.003420,432.821998,427.169064,-19.165644,-2.987116,-2.519023,6.768539
1783943738294,64.020000,429.237600,429.374306,423.373902,5.863698,2.637696,2.970968,4.820707
1783943738314,64.040000,405.333070,425.818225,419.488455,-14.155385,5.505654,5.710402,3.877533
1783943738334,64.060000,422.978420,422.158918,415.516323,7.462097,5.208706,5.292233,4.073503
1783943738354,64.080000,394.674800,418.400938,411.460552,-16.785752,2.445794,2.416275,5.356316
1783943738374,64.100000,405.772400,414.548251,407.323671,-1.551271,-1.700115,-1.833780,7.346570
1783943738394,64.120000,393.409800,410.604262,403.107733,-9.697933,-6.319655,-6.547973,9.371252
1783943738414,64.140000,397.735800,406.571840,398.814355,-1.078555,-10.607739,-10.920766,10.693851
1783943738434,64.160000,376.066040,402.453358,394.444760,-18.378720,-13.477027,-13.864501,10.780179
1783943738454,64.180000,377.757930,398.250721,389.999817,-12.241887,-13.804783,-14.256248,9.428146
1783943738474,64.200000,375.975620,393.965406,385.480089,-9.504469,-11.306351,-11.811290,6.736007
1783943738494,64.220000,393.033200,389.598501,380.885873,12.147327,-6.891857,-7.439802,3.028506
1783943738514,64.240000,377.888800,385.150749,376.217242,1.671558,-2.007571,-2.588221,-1.168681
1783943738534,64.260000,397.626280,380.622581,371.474091,26.152189,2.192915,1.589590,-5.175058
1783943738554,64.280000,374.635380,376.014170,366.656176,7.979204,5.165408,4.549069,-8.315387
1783943738574,64.300000,395.317300,371.325463,361.763156,33.554144,6.883663,6.263516,-10.144191
1783943738594,64.320000,377.077200,366.556231,356.794629,20.282571,7.699232,7.083946,-10.582728
1783943738614,64.340000,391.304380,361.706109,351.750172,39.554208,8.426346,7.823982,-9.887847
1783943738634,64.360000,370.123660,356.774637,346.629372,23.494288,10.404842,9.822794,-8.511408
1783943738654,64.380000,379.563230,351.761296,341.431860,38.131370,15.045534,14.490478,-6.954420
1783943738674,64.400000,371.788000,346.665555,336.157340,35.630660,22.878259,22.356114,-5.664656
1783943738694,64.420000,395.489320,341.486897,330.805615,64.683705,32.847053,32.362949,-4.946651
1783943738714,64.440000,384.619260,336.224860,325.376607,59.242653,42.503591,42.061850,-4.862572
1783943738734,64.460000,417.161650,330.879063,319.870382,97.291268,49.014503,48.618631,-5.183741
1783943738754,64.480000,387.386570,325.449237,314.287162,73.099408,50.588274,50.240960,-5.471770
1783943738774,64.500000,384.187200,319.935246,308.627337,75.559863,47.347161,47.050287,-5.311208
1783943738794,64.520000,360.504880,314.337113,302.891479,57.613401,40.669581,40.424243,-4.604759
1783943738814,64.540000,367.216000,308.655034,297.080344,70.135656,31.904761,31.711294,-3.732917
1783943738834,64.560000,330.282930,302.889393,291.194878,39.088052,21.917856,21.775872,-3.425722
1783943738854,64.580000,333.013030,297.040774,285.236213,47.776817,11.240929,11.149357,-4.419496
1783943738874,64.600000,303.014980,291.109968,279.205672,23.809308,0.215452,0.172587,-7.141783
1783943738894,64.620000,300.897520,285.097977,273.104756,27.792764,-10.718026,-10.714470,-11.586539
1783943738914,64.640000,267.463840,279.006015,266.935146,0.528694,-20.669261,-20.622097,-17.358238
1783943738934,64.660000,269.349030,272.835507,260.698686,8.650344,-28.293355,-28.205860,-23.804499
1783943738954,64.680000,228.777200,266.588086,254.397381,-25.620181,-32.292315,-32.168172,-30.184180
1783943738974,64.700000,252.803180,260.265585,248.033381,4.769799,-32.280020,-32.123253,-35.811703
1783943738994,64.720000,232.911940,253.870029,241.608971,-8.697031,-29.178595,-28.993510,-40.105720
1783943739014,64.740000,241.177700,247.403623,235.126557,6.051143,-24.609612,-24.400732,-42.549454
1783943739034,64.760000,224.438840,240.868743,228.588652,-4.149812,-20.164418,-19.936426,-42.676740
1783943739054,64.780000,237.039030,234.267922,221.997862,15.041168,-17.156869,-16.914544,-40.169586
1783943739074,64.800000,218.130310,227.603832,215.356873,2.773437,-16.358176,-16.106343,-35.009766
1783943739094,64.820000,220.568480,220.879271,208.668432,11.900048,-17.579016,-17.322487,-27.554825
1783943739114,64.840000,192.433170,214.097145,201.935334,-9.502164,-19.629001,-19.372529,-18.501194
1783943739134,64.860000,198.596730,207.260451,195.160406,3.436324,-20.911114,-20.659345,-8.784297
1783943739154,64.880000,171.950330,200.372257,188.346491,-16.396161,-20.286266,-20.043694,0.569165
1783943739174,64.900000,188.199190,193.435684,181.496432,6.702758,-17.695568,-17.466498,8.645081
1783943739194,64.920000,174.688260,186.453886,174.613056,0.075204,-14.102565,-13.891067,14.861279
1783943739214,64.940000,180.612820,179.430031,167.699158,12.913662,-10.673294,-10.483166,19.106650
1783943739234,64.960000,157.760310,172.367277,160.757486,-2.997176,-7.972146,-7.806867,21.703630
1783943739254,64.980000,169.196270,165.268759,153.790728,15.405542,-5.869054,-5.731745,23.192087
1783943739274,65.000000,144.646410,158.137560,146.801489,-2.155079,-3.842599,-3.735989,24.062067
1783943739294,65.020000,163.083200,150.976696,139.792285,23.290915,-1.162880,-1.089299,24.598450
1783943739314,65.040000,127.298294,143.789095,132.765520,-5.467226,3.007834,3.046429,24.887735
1783943739334,65.060000,153.701810,136.577572,125.723476,27.978334,9.243722,9.245674,24.902400
1783943739354,65.080000,135.927980,129.344814,118.668295,17.259685,17.442583,17.406439,24.589030
1783943739374,65.100000,148.086750,122.093355,111.601968,36.484782,26.882711,26.807146,23.949366
1783943739394,65.120000,132.720750,114.825558,104.526314,28.194436,36.342844,36.226704,23.084549
1783943739414,65.140000,150.794000,107.543595,97.447154,53.346846,43.967613,43.810140,22.163970
1783943739434,65.160000,138.808900,100.249426,90.361366,48.447534,47.552307,47.353448,21.344458
1783943739454,65.180000,144.885930,92.944779,83.270179,61.615751,45.621976,45.382556,20.709910
1783943739474,65.200000,107.249590,85.631132,76.174610,31.074980,38.553772,38.275462,20.232840
1783943739494,65.220000,99.839940,78.309693,69.075439,30.764501,28.624470,28.309644,19.700430
1783943739514,65.240000,68.274840,70.981385,61.973199,6.301641,18.869014,18.520599,18.644707
1783943739534,65.260000,66.450386,63.646825,54.868163,11.582223,11.728560,11.349925,16.413343
1783943739554,65.280000,36.492530,56.306314,47.760334,-11.267804,8.168744,7.763640,12.427281
1783943739574,65.300000,52.400530,48.959816,40.649437,11.751093,7.337602,6.910141,6.493425
1783943739594,65.320000,30.839012,41.606953,33.534911,-2.695899,7.021346,6.575994,-1.010409
1783943739614,65.340000,40.408775,34.246990,26.415902,13.992873,4.939212,4.480780,-9.171411
1783943739634,65.360000,6.583419,26.878829,19.291261,-12.707842,0.071264,-0.395101,-16.792520
1783943739654,65.380000,3.703688,19.501005,12.159544,-8.455857,-6.908849,-7.377690,-22.781916
1783943739674,65.400000,-36.282158,12.111681,5.019008,-41.301166,-14.377881,-14.843465,-26.528358
1783943739694,65.420000,-24.173286,4.708652,-2.132384,-22.040902,-21.103755,-21.560107,-28.070093
1783943739714,65.440000,-50.391968,-2.710653,-9.296953,-41.095015,-26.968365,-27.409316,-27.951782
1783943739734,65.460000,-48.271570,-10.149160,-16.477301,-31.794269,-32.518059,-32.937294,-26.863459
1783943739754,65.480000,-80.466910,-17.610144,-23.676297,-56.790613,-38.198093,-38.589200,-25.311373
1783943739774,65.500000,-69.022026,-25.097207,-30.897061,-38.124965,-44.036022,-44.392546,-23.512247
1783943739794,65.520000,-106.495980,-32.614263,-38.142949,-68.353031,-49.535529,-49.851023,-21.486105
1783943739814,65.540000,-93.659560,-40.165510,-45.417528,-48.242032,-53.644511,-53.912600,-19.192944
1783943739834,65.560000,-122.940414,-47.755408,-52.724559,-70.215855,-54.945233,-55.159673,-16.608560
1783943739854,65.580000,-119.586180,-55.388643,-60.067962,-59.518218,-52.129536,-52.284275,-13.741448
1783943739874,65.600000,-130.167360,-63.070094,-67.451794,-62.715566,-44.871478,-44.960723,-10.622794
1783943739894,65.620000,-102.416565,-70.804790,-74.880212,-27.536353,-34.478440,-34.496721,-7.262292
1783943739914,65.640000,-113.684250,-78.597874,-82.357440,-31.326810,-23.365399,-23.307635,-3.567802
1783943739934,65.660000,-93.819496,-86.454551,-89.887734,-3.931762,-13.739923,-13.601489,0.699728
1783943739954,65.680000,-114.903730,-94.380046,-97.475344,-17.428386,-6.672230,-6.449016,5.831345
1783943739974,65.700000,-101.726110,-102.379547,-105.124475,3.398365,-2.047296,-1.735770,11.936208
1783943739994,65.720000,-119.533110,-110.458158,-112.839244,-6.693866,0.918572,1.321312,18.734040
1783943740014,65.740000,-103.883470,-118.620844,-120.623644,16.740174,3.255675,3.751836,25.549692
1783943740034,65.760000,-135.219000,-126.872377,-128.481503,-6.737497,6.089197,6.680235,31.513422
1783943740054,65.780000,-111.188630,-135.217281,-136.416444,25.227814,10.333624,11.020171,35.823140
1783943740074,65.800000,-132.536800,-143.659776,-144.431843,11.895043,16.332948,17.114742,37.944416
1783943740094,65.820000,-117.459760,-152.203731,-152.530797,35.071037,23.841347,24.717159,37.714306
1783943740114,65.840000,-131.340360,-160.852604,-160.716083,29.375723,32.093698,33.061285,35.349970
1783943740134,65.860000,-114.193400,-169.609396,-168.990128,54.796728,39.848801,40.904910,31.364265
1783943740154,65.880000,-129.227890,-178.476599,-177.354974,48.127084,45.712499,46.852959,26.416296
1783943740174,65.900000,-110.629140,-187.456157,-185.812249,75.183109,48.815465,50.035385,21.158030
1783943740194,65.920000,-152.780320,-196.549414,-194.363141,41.582821,49.433922,50.727950,16.104055
1783943740214,65.940000,-145.738970,-205.757083,-203.008375,57.269405,48.651880,50.014410,11.504378
1783943740234,65.960000,-166.745470,-215.079204,-211.748189,45.002719,47.087049,48.512148,7.262936
1783943740254,65.980000,-151.327740,-224.515115,-220.582318,69.254578,44.289000,45.769778,3.017196
1783943740274,66.000000,-195.628740,-234.063423,-229.534809,33.906069,39.477685,41.005225,-1.611643
1783943740294,66.020000,-188.466780,-243.721981,-238.554762,50.087982,32.315681,33.878480,-6.788125
1783943740314,66.040000,-225.479460,-253.487867,-247.665073,22.185613,22.975099,24.559712,-12.435353
1783943740334,66.060000,-226.159360,-263.357367,-256.863336,30.703976,12.143178,13.735376,-18.360765
1783943740354,66.080000,-278.956300,-273.325968,-266.146595,-12.809705,1.037679,2.623178,-24.367773
1783943740374,66.100000,-265.555730,-283.388345,-275.511338,9.955608,-9.042338,-7.477713,-30.291784
1783943740394,66.120000,-310.490970,-293.538362,-284.953494,-25.537476,-17.153044,-15.623466,-35.980373
1783943740414,66.140000,-304.086030,-303.769068,-294.468440,-9.617590,-22.629085,-21.148893,-41.231600
1783943740434,66.160000,-340.639950,-314.072703,-304.050997,-36.588953,-24.980692,-23.564498,-45.732420
1783943740454,66.180000,-331.007500,-324.440701,-313.695435,-17.312065,-24.091666,-22.754356,-49.065550
1783943740474,66.200000,-356.177860,-334.863706,-323.395480,-32.782380,-20.443074,-19.199728,-50.788930
1783943740494,66.220000,-342.323000,-345.331578,-333.144313,-9.178687,-15.078576,-13.944332,-50.519610
1783943740514,66.240000,-365.264160,-355.833413,-342.934581,-22.329579,-9.271628,-8.261531,-47.987580
1783943740534,66.260000,-359.332300,-366.357558,-352.758396,-6.573904,-4.173988,-3.302827,-43.087795
1783943740554,66.280000,-385.663640,-376.891636,-362.607342,-23.056298,-0.804169,-0.086329,-35.951958
1783943740574,66.300000,-361.998720,-387.422561,-372.472483,10.473763,-0.086427,0.464249,-26.997131
1783943740594,66.320000,-403.231630,-397.936574,-382.344363,-20.887267,-2.245766,-1.875415,-16.881780
1783943740614,66.340000,-392.386400,-408.419258,-392.213012,-0.173388,-5.958099,-5.780420,-6.384865
1783943740634,66.360000,-456.275050,-418.855578,-402.067950,-54.207100,-8.604393,-8.630786,3.686968
1783943740654,66.380000,-426.308870,-429.229907,-411.898191,-14.410679,-8.033219,-8.274008,12.520562
1783943740674,66.400000,-446.647220,-439.526057,-421.692245,-24.954975,-4.151515,-4.615814,19.375244
1783943740694,66.420000,-432.351260,-449.727317,-431.438122,-0.913138,1.472199,0.776610,23.829916
1783943740714,66.440000,-470.882750,-459.816488,-441.123333,-29.759417,6.951397,6.018199,26.025063
1783943740734,66.460000,-442.308960,-469.775918,-450.734895,8.425935,10.517908,9.342358,26.619080
1783943740754,66.480000,-476.860350,-479.587544,-460.259330,-16.601020,10.580546,9.159587,26.456568
1783943740774,66.500000,-471.288240,-489.232925,-469.682670,-1.605570,6.279718,4.612082,26.217026
1783943740794,66.520000,-505.200440,-498.693290,-478.990458,-26.209982,-2.039881,-3.953579,26.233932
1783943740814,66.540000,-515.537960,-507.949572,-488.167751,-27.370209,-12.909852,-15.067034,26.457290
1783943740834,66.560000,-554.933200,-516.982457,-497.199125,-57.734075,-24.360307,-26.756356,26.496796
1783943740854,66.580000,-543.088200,-525.772418,-506.068674,-37.019526,-34.748700,-37.376900,25.766663
1783943740874,66.600000,-588.710450,-534.299763,-514.760022,-73.950428,-43.019299,-45.870788,23.736933
1783943740894,66.620000,-577.651550,-542.544676,-523.256322,-54.395228,-48.495388,-51.559120,20.187190
1783943740914,66.640000,-611.412500,-550.487261,-531.540266,-79.872234,-50.906379,-54.169104,15.327228
1783943740934,66.660000,-589.007750,-558.107581,-539.594093,-49.413657,-50.463280,-53.909540,9.742329
1783943740954,66.680000,-615.447800,-565.385707,-547.399595,-68.048205,-47.518166,-51.130309,4.241551
1783943740974,66.700000,-594.759400,-572.301754,-554.938131,-39.821269,-42.023584,-45.781793,-0.305269
1783943740994,66.720000,-624.295650,-578.835926,-562.190638,-62.105012,-33.463816,-37.346156,-3.139680
1783943741014,66.740000,-590.235050,-584.968562,-569.137642,-21.097408,-21.545810,-25.528285,-3.788991
1783943741034,66.760000,-604.284300,-590.680175,-575.759277,-28.525023,-6.997894,-11.054517,-2.157746
1783943741054,66.780000,-566.623200,-595.951497,-582.035305,15.412105,8.324211,4.221352,1.531692
1783943741074,66.800000,-577.006900,-600.763520,-587.945131,10.938231,22.064060,17.944711,6.895184
1783943741094,66.820000,-546.979000,-605.097549,-593.467832,46.488832,32.318231,28.213858,13.504924
1783943741114,66.840000,-572.807070,-608.935236,-598.582185,25.775115,38.383948,34.327552,20.884665
1783943741134,66.860000,-546.517700,-612.258638,-603.266701,56.749001,40.846475,36.872299,28.420280
1783943741154,66.880000,-576.841800,-615.050259,-607.501672,30.659872,41.125053,37.268161,35.302860
1783943741174,66.900000,-563.454700,-617.293102,-611.262073,47.807373,40.732772,37.028604,40.590347
1783943741194,66.920000,-583.279970,-618.970720,-614.525762,31.245792,40.308161,36.792177,43.383183
1783943741214,66.940000,-556.005000,-620.067271,-617.270520,61.265520,39.070809,35.778260,43.053160
1783943741234,66.960000,-577.123660,-620.567568,-619.474113,42.350453,35.511340,32.477073,39.449867
1783943741254,66.980000,-566.049500,-620.457141,-621.114361,55.064861,28.873361,26.131595,32.984406
1783943741274,67.000000,-603.644900,-619.722293,-622.169219,18.524319,20.052238,17.636278,24.491835
1783943741294,67.020000,-589.583400,-618.350153,-622.616860,33.033460,11.192383,9.134279,14.904235
1783943741314,67.040000,-625.319640,-616.328746,-622.435771,-2.883869,4.480224,2.810387,4.942121
1783943741334,67.060000,-591.615360,-613.647043,-621.604851,29.989491,1.063107,-0.190089,-4.969042
1783943741354,67.080000,-615.200900,-610.295031,-620.103525,4.902625,0.824010,0.013386,-14.537857
1783943741374,67.100000,-587.202700,-606.263767,-617.911855,30.709155,2.987198,2.642240,-23.376465
1783943741394,67.120000,-605.350600,-601.545440,-615.010668,9.660068,6.722011,6.862594,-30.909353
1783943741414,67.140000,-570.422900,-596.133434,-611.381682,40.958782,11.340947,11.983362,-36.484455
1783943741434,67.160000,-590.560900,-590.022384,-607.007645,16.446745,16.349764,17.506375,-39.582233
1783943741454,67.180000,-556.448060,-583.208235,-601.872474,45.424414,21.356006,23.034936,-39.980270
1783943741474,67.200000,-573.203500,-575.688297,-595.961401,22.757901,25.753244,27.958089,-37.811510
1783943741494,67.220000,-532.325800,-567.461299,-589.261123,56.935323,28.531123,31.260701,-33.523254
1783943741514,67.240000,-552.433100,-558.527443,-581.759948,29.326848,28.603265,31.851413,-27.759796
1783943741534,67.260000,-526.083600,-548.888446,-573.447956,47.364356,25.397463,29.152877,-21.226116
1783943741554,67.280000,-547.727360,-538.547593,-564.317141,16.589781,19.100874,23.347001,-14.608876
1783943741574,67.300000,-516.942500,-527.509774,-554.361570,37.419070,10.609173,15.324167,-8.557677
1783943741594,67.320000,-546.453250,-515.781519,-543.577528,-2.875722,1.588543,6.745277,-3.656385
1783943741614,67.340000,-521.037500,-503.371038,-531.963660,10.926160,-5.635540,-0.069395,-0.352592
1783943741634,67.360000,-547.445560,-490.288238,-519.521108,-27.924452,-8.911089,-2.972913,1.109762
1783943741654,67.380000,-503.950700,-476.544756,-506.253640,2.302940,-7.566877,-1.298887,0.724218
1783943741674,67.400000,-499.436040,-462.153963,-492.167769,-7.268271,-3.059971,3.491065,-1.233641
1783943741694,67.420000,-452.575930,-447.130984,-477.272858,24.696928,1.976164,8.759285,-4.132211
1783943741714,67.440000,-474.787960,-431.492689,-461.581213,-13.206747,5.465915,12.426390,-7.001429
1783943741734,67.460000,-428.978270,-415.257698,-445.108157,16.129887,6.572136,13.651954,-8.784623
1783943741754,67.480000,-445.443180,-398.446362,-427.872093,-17.571087,5.091928,12.230346,-8.750159
1783943741774,67.500000,-400.876130,-381.080745,-409.894541,9.018411,0.794866,7.929016,-6.782730
1783943741794,67.520000,-414.830800,-363.184593,-391.200156,-23.630644,-6.605444,0.460101,-3.356398
1783943741814,67.540000,-386.497250,-344.783300,-371.816728,-14.680522,-17.062537,-10.130708,0.727723
1783943741834,67.560000,-404.540860,-325.903859,-351.775153,-52.765707,-29.996417,-23.263456,4.610071
1783943741854,67.580000,-366.454740,-306.574811,-331.109383,-35.345357,-44.394460,-37.924809,7.535702
1783943741874,67.600000,-392.391420,-286.826179,-309.856349,-82.535071,-58.757299,-52.613916,8.950829
1783943741894,67.620000,-364.774400,-266.689397,-288.055858,-76.718542,-71.162142,-65.405730,8.570067
1783943741914,67.640000,-375.054800,-246.197230,-265.750466,-109.304334,-80.027731,-74.715977,6.395855
1783943741934,67.660000,-316.766850,-225.383681,-242.985322,-73.781528,-84.822689,-80.009519,2.705056
1783943741954,67.680000,-330.678130,-204.283898,-219.807986,-110.870144,-85.659018,-81.393885,-1.941160
1783943741974,67.700000,-276.497830,-182.934060,-196.268227,-80.229603,-82.465256,-78.792474,-6.702231
1783943741994,67.720000,-282.736630,-161.371271,-172.417787,-110.318843,-75.044388,-72.002523,-10.596656
1783943742014,67.740000,-205.365810,-139.633430,-148.310135,-57.055675,-63.799521,-61.420844,-12.760818
1783943742034,67.760000,-194.238430,-117.759108,-124.000191,-70.238239,-49.882788,-48.192814,-12.640015
1783943742054,67.780000,-128.086060,-95.787410,-99.544035,-28.542025,-34.443098,-33.460198,-10.000583
1783943742074,67.800000,-122.768390,-73.757837,-74.998608,-47.769782,-18.072201,-17.807321,-4.877453
1783943742094,67.820000,-50.385750,-51.710142,-50.421390,0.035640,-1.223025,-1.679494,2.406479
1783943742114,67.840000,-26.354916,-29.684179,-25.870076,-0.484840,15.185513,14.012066,11.203221
1783943742134,67.860000,32.736187,-7.719759,-1.402250,34.138437,29.945195,28.066817,20.621870
1783943742154,67.880000,45.147522,14.143502,22.924946,22.222576,42.080802,39.517092,29.712107
1783943742174,67.900000,107.736220,35.866336,47.055143,60.681077,50.969825,47.747697,37.604298
1783943742194,67.920000,110.267610,57.409973,70.933061,39.334549,56.312958,52.466308,43.550230
1783943742214,67.940000,160.076030,78.736284,94.504823,65.571207,58.175005,53.744277,46.930187
1783943742234,67.960000,160.156620,99.807927,117.718248,42.438372,56.855884,51.887551,47.280956
1783943742254,67.980000,215.665880,120.588491,140.523139,75.142741,52.863649,47.409616,44.343260
1783943742274,68.000000,196.744220,141.042625,162.871540,33.872680,47.306521,41.423464,38.114970
1783943742294,68.020000,240.115650,161.136174,184.717977,55.397673,42.016019,35.764667,28.872566
1783943742314,68.040000,222.291320,180.836296,206.019677,16.271643,38.684596,32.128979,17.116465
1783943742334,68.060000,284.102450,200.111582,226.736758,57.365692,37.638874,30.845530,3.481977
1783943742354,68.080000,284.606230,218.932162,246.832398,37.773832,37.644144,30.681288,-11.271136
1783943742374,68.100000,323.786440,237.269805,266.272969,57.513471,37.068816,30.005471,-26.190582
1783943742394,68.120000,313.329070,255.098012,285.028150,28.300920,35.014024,27.919093,-40.158054
1783943742414,68.140000,357.144380,272.392094,303.069788,54.074592,31.405207,24.346524,-52.117924
1783943742434,68.160000,331.833740,289.129250,320.376806,11.456934,26.510912,19.554358,-61.379925
1783943742454,68.180000,383.960820,305.288625,336.929039,47.031781,20.413520,13.622290,-67.774800
1783943742474,68.200000,366.513180,320.851366,352.709791,13.803389,12.933067,6.367096,-71.569984
1783943742494,68.220000,392.393430,335.800665,367.705816,24.687614,4.213504,-2.071038,-73.246025
1783943742514,68.240000,369.150150,350.121791,381.907273,-12.757123,-4.998641,-10.949826,-73.310120
1783943742534,68.260000,409.235050,363.802117,395.307659,13.927391,-13.801217,-19.371811,-72.225960
1783943742554,68.280000,378.476260,376.831129,407.903723,-29.427463,-21.441883,-26.589778,-70.396850
1783943742574,68.300000,414.523930,389.200437,419.695356,-5.171426,-27.319510,-32.008094,-68.118270
1783943742594,68.320000,397.334560,400.903763,430.685468,-33.350908,-31.075928,-35.274378,-65.514046
1783943742614,68.340000,435.667660,411.936933,440.879854,-5.212194,-32.483794,-36.167293,-62.515636
1783943742634,68.360000,409.756350,422.297851,450.287038,-40.530688,-31.108909,-34.258763,-58.897877
1783943742654,68.380000,444.223140,431.986468,458.918115,-14.694975,-26.516679,-29.120353,-54.367992
1783943742674,68.400000,443.221440,441.004740,466.786578,-23.565138,-19.056740,-21.107809,-48.687763
1783943742694,68.420000,491.521970,449.356584,473.908141,17.613829,-9.987552,-11.485578,-41.738796
1783943742714,68.440000,477.027900,457.047821,480.300556,-3.272656,-0.415816,-1.366146,-33.477863
1783943742734,68.460000,500.138850,464.086109,485.983428,14.155422,9.527029,9.113526,-23.898514
1783943742754,68.480000,495.296400,470.480876,490.978025,4.318375,19.969703,20.076963,-13.131915
1783943742774,68.500000,548.152600,476.243241,495.307089,52.845511,30.165184,30.772323,-1.585281
1783943742794,68.520000,524.906100,481.385932,498.994648,25.911452,38.717253,39.798995,10.101567
1783943742814,68.540000,551.447750,485.923192,502.065831,49.381919,44.492120,46.019265,21.262014
1783943742834,68.560000,538.106930,489.870686,504.546688,33.560242,46.702193,48.642115,31.336573
1783943742854,68.580000,560.620540,493.245398,506.464009,54.156531,44.681354,46.998528,39.848040
1783943742874,68.600000,527.558100,496.065528,507.845155,19.712945,38.182945,40.839486,46.355022
1783943742894,68.620000,542.366460,498.350379,508.717895,33.648565,27.699128,30.655339,50.480286
1783943742914,68.640000,494.073820,500.120245,509.110246,-15.036426,14.301125,17.516043,51.954605
1783943742934,68.660000,509.854280,501.396294,509.050329,0.803951,-0.871657,2.560268,50.627840
1783943742954,68.680000,470.908260,502.200452,508.566229,-37.657969,-16.914201,-13.307195,46.504010
1783943742974,68.700000,479.550170,502.555284,507.685862,-28.135692,-32.746106,-29.005694,39.833225
1783943742994,68.720000,429.422000,502.483871,506.436862,-77.014862,-46.524894,-42.692051,31.181421
1783943743014,68.740000,454.363280,502.009695,504.846467,-50.483187,-55.708594,-51.823163,21.387102
1783943743034,68.760000,391.467700,501.156519,502.941421,-111.473721,-57.854891,-53.955159,11.414210
1783943743054,68.780000,445.293950,499.948270,500.747883,-55.453933,-52.008683,-48.130949,2.198985
1783943743074,68.800000,431.839170,498.408930,498.291350,-66.452180,-39.580754,-35.758881,-5.394022
1783943743094,68.820000,458.751770,496.562420,495.596583,-36.844813,-23.537735,-19.802737,-10.505994
1783943743114,68.840000,451.782530,494.432498,492.687541,-40.905011,-7.113655,-3.493404,-12.272347
1783943743134,68.860000,485.940000,492.042654,489.587334,-3.647334,6.721118,10.201910,-10.005156
1783943743154,68.880000,459.452580,489.416015,486.318165,-26.865585,15.561625,18.880990,-3.502201
1783943743174,68.900000,497.789600,486.575248,482.901297,14.888303,17.935366,21.073132,6.739636
1783943743194,68.920000,458.303470,483.542477,479.357013,-21.053543,13.808165,16.744650,19.549341
1783943743214,68.940000,470.595950,480.339198,475.704586,-5.108636,5.096312,7.811245,33.287968
1783943743234,68.960000,408.664800,476.986205,471.962259,-63.297459,-4.851208,-2.378443,46.109013
1783943743254,68.980000,443.271850,473.503517,468.147221,-24.875371,-13.061709,-10.849084,56.215027
1783943743274,69.000000,415.334660,469.910316,464.395267,-49.060607,-18.229240,-16.286827,62.165253
1783943743294,69.020000,430.200320,466.224890,460.487302,-30.286982,-20.115634,-18.442582,63.255140
1783943743314,69.040000,394.566530,462.464583,456.550990,-61.984460,-18.520232,-17.107431,59.763570
1783943743334,69.060000,419.957820,458.645748,452.599264,-32.641444,-13.534304,-12.369687,52.825380
1783943743354,69.080000,405.150820,454.783716,448.643977,-43.493157,-6.407212,-5.479188,43.995358
1783943743374,69.100000,437.392400,450.892758,444.695909,-7.303509,0.438780,1.140488,34.827095
1783943743394,69.120000,414.912780,446.986072,440.764772,-25.851992,4.450569,4.935469,26.651850
1783943743414,69.140000,434.269100,443.075756,436.859225,-2.590125,4.144823,4.422582,20.457392
1783943743434,69.160000,400.864040,439.172809,432.986891,-32.122851,-0.344075,-0.262913,16.739264
1783943743454,69.180000,415.096070,435.287121,429.154373,-14.058303,-7.480149,-7.583837,15.370547
1783943743474,69.200000,378.073100,431.427480,425.367280,-47.294180,-14.994053,-15.269669,15.625459
1783943743494,69.220000,403.065800,427.601580,421.630251,-18.564451,-20.596322,-21.030013,16.413671
1783943743514,69.240000,360.601530,423.816040,417.946983,-57.345453,-22.497101,-23.074400,16.644290
1783943743534,69.260000,401.937870,420.076422,414.320270,-12.382400,-19.830264,-20.536387,15.564747
1783943743554,69.280000,372.306520,416.387261,410.752031,-38.445511,-12.872511,-13.692601,12.960026
1783943743574,69.300000,403.152280,412.752097,407.243353,-4.091073,-2.973187,-3.892496,9.169941
1783943743594,69.320000,396.077400,409.173509,403.794534,-7.717134,7.508595,6.504574,4.938203
1783943743614,69.340000,434.316250,405.653161,400.405121,33.911129,15.691709,14.617137,1.170722
1783943743634,69.360000,402.729800,402.191844,397.073966,5.655834,19.427286,18.295890,-1.312679
1783943743654,69.380000,430.791140,398.789528,393.799267,36.991873,18.271139,17.096136,-2.003839
1783943743674,69.400000,389.890380,395.445410,390.578622,-0.688242,13.416474,12.210500,-0.896450
1783943743694,69.420000,410.892330,392.157970,387.409079,23.483251,6.928949,5.704000,1.432782
1783943743714,69.440000,373.837700,388.925029,384.287193,-10.449493,0.765226,-0.467396,3.954954
1783943743734,69.460000,401.984380,385.743806,381.209079,20.775301,-3.943572,-5.173298,5.522644
1783943743754,69.480000,366.946840,382.610975,378.170467,-11.223627,-6.992741,-8.209768,5.259084
1783943743774,69.500000,395.240260,379.522731,375.166757,20.073503,-8.762538,-9.957846,2.830155
1783943743794,69.520000,367.831330,376.474843,372.193075,-4.361745,-9.745483,-10.910847,-1.500190
1783943743814,69.540000,388.211460,373.462723,369.244333,18.967127,-10.084612,-11.212611,-7.019567
1783943743834,69.560000,363.002080,370.481478,366.315276,-3.313196,-9.392486,-10.476493,-12.828816
1783943743854,69.580000,384.209530,367.525977,363.400541,20.808989,-7.016444,-8.050626,-18.102758
1783943743874,69.600000,366.230350,364.590904,360.494709,5.735641,-2.507175,-3.486480,-22.261246
1783943743894,69.620000,397.569460,361.670818,357.592351,39.977109,4.113358,3.193215,-25.004908
1783943743914,69.640000,368.738160,358.760204,354.688080,14.050080,12.359256,11.501813,-26.245280
1783943743934,69.660000,411.823180,355.853530,351.776591,60.046589,21.234883,20.442957,-26.020487
1783943743954,69.680000,389.039920,352.945294,348.852710,40.187210,29.294160,28.569879,-24.448755
1783943743974,69.700000,424.771240,350.030070,345.911422,78.859818,35.226914,34.571759,-21.708254
1783943743994,69.720000,386.059630,347.102552,342.947914,43.111716,38.509679,37.924534,-18.038269
1783943744014,69.740000,419.178100,344.157594,339.957601,79.220499,39.403587,38.888784,-13.780373
1783943744034,69.760000,381.438540,341.190244,336.936154,44.502386,38.478239,38.033583,-9.428681
1783943744054,69.780000,411.799800,338.195778,333.879519,77.920281,36.290323,35.915088,-5.599365
1783943744074,69.800000,364.947600,335.169723,330.783938,34.163662,33.294769,32.987637,-2.895277
1783943744094,69.820000,401.528140,332.107885,327.645961,73.882179,29.742868,29.501834,-1.749765
1783943744114,69.840000,356.366520,329.006365,324.462456,31.904064,25.743544,25.565831,-2.329561
1783943744134,69.860000,372.898860,325.861573,321.230624,51.668236,21.459657,21.341744,-4.519371
1783943744154,69.880000,338.232240,322.670243,317.952497,20.279743,16.905400,16.843257,-7.986021
1783943744174,69.900000,361.192570,319.429433,314.621613,46.570957,11.622328,11.611762,-12.283585
1783943744194,69.920000,320.140700,316.136535,311.236144,8.904556,4.949670,4.986583,-16.933725
1783943744214,69.940000,350.318360,312.789268,307.794569,42.523791,-3.194045,-3.113591,-21.454855
1783943744234,69.960000,281.191400,309.385682,304.295672,-23.104272,-11.658709,-11.538548,-25.395422
1783943744254,69.980000,307.722600,305.924145,300.738525,6.984075,-18.480743,-18.324676,-28.436014
1783943744274,70.000000,263.909200,302.403339,297.122477,-33.213277,-22.344011,-22.155860,-30.497000
1783943744294,70.020000,297.837130,298.822245,293.447141,4.389989,-23.561688,-23.345297,-31.707724
1783943744314,70.040000,266.809720,295.180136,289.712373,-22.902653,-23.672096,-23.431305,-32.203484
1783943744334,70.060000,294.052120,291.476555,285.918262,8.133858,-24.105012,-23.843615,-31.904806
1783943744354,70.080000,250.583040,287.711307,282.065108,-31.482068,-24.955512,-24.677211,-30.492935
1783943744374,70.100000,264.005250,283.884439,278.153409,-14.148159,-24.960733,-24.669093,-27.629372
1783943744394,70.120000,233.924220,279.996222,274.183840,-40.259620,-22.848491,-22.546910,-23.247213
1783943744414,70.140000,271.761750,276.047138,270.157239,1.604511,-18.736033,-18.427717,-17.668266
1783943744434,70.160000,243.571520,272.037857,266.074589,-22.503069,-14.134798,-13.822743,-11.434522
1783943744454,70.180000,273.872300,267.969225,261.937001,11.935299,-10.755001,-10.441980,-5.003787
1783943744474,70.200000,232.894700,263.842240,257.745701,-24.851001,-9.416113,-9.104669,1.412513
1783943744494,70.220000,258.003000,259.658044,253.502013,4.500987,-9.872316,-9.564753,7.747210
1783943744514,70.240000,222.777620,255.417899,249.207344,-26.429724,-11.320798,-11.019182,13.857274
1783943744534,70.260000,242.501220,251.123176,244.863174,-2.361954,-12.935841,-12.641998,19.413172
1783943744554,70.280000,215.467070,246.775335,240.471042,-25.003972,-14.136019,-13.851538,23.974901
1783943744574,70.300000,236.321350,242.375919,236.032531,0.288819,-14.527543,-14.253778,27.169070
1783943744594,70.320000,202.203280,237.926533,231.549264,-29.345984,-13.683235,-13.421323,28.834082
1783943744614,70.340000,227.480320,233.428835,227.022890,0.457430,-11.211408,-10.962269,29.054789
1783943744634,70.360000,205.064160,228.884525,222.455077,-17.390917,-7.057105,-6.821462,28.104330
1783943744654,70.380000,225.146330,224.295335,217.847503,7.298827,-1.600211,-1.378604,26.362213
1783943744674,70.400000,202.118410,219.663017,213.201850,-11.083440,4.308246,4.515444,24.246338
1783943744694,70.420000,232.669040,214.989339,208.519799,24.149241,9.232543,9.425110,22.149134
1783943744714,70.440000,200.831330,210.276072,203.803023,-2.971693,11.349813,11.527658,20.373170
1783943744734,70.460000,229.454040,205.524991,199.053183,30.400857,9.049157,9.212300,19.082910
1783943744754,70.480000,194.427370,200.737860,194.271925,0.155445,1.768108,1.916663,18.280516
1783943744774,70.500000,191.176760,195.916434,189.460875,1.715885,-9.291106,-9.156952,17.785696
1783943744794,70.520000,149.240140,191.062452,184.621636,-35.381496,-21.471754,-21.351757,17.206415
1783943744814,70.540000,173.275990,186.177634,179.755787,-6.479797,-31.866155,-31.760035,15.960995
1783943744834,70.560000,123.133870,181.263676,174.864883,-51.731013,-38.068100,-37.975558,13.442004
1783943744854,70.580000,151.267670,176.322249,169.950446,-18.682776,-38.414816,-38.335548,9.293267
1783943744874,70.600000,124.720170,171.354996,165.013972,-40.293802,-32.390758,-32.324472,3.635571
1783943744894,70.620000,170.807510,166.363532,160.056925,10.750585,-20.710936,-20.657366,-2.885609
1783943744914,70.640000,136.830110,161.349438,155.080738,-18.250628,-4.798460,-4.757375,-9.219421
1783943744934,70.660000,184.543140,156.314263,150.086809,34.456331,13.458755,13.487538,-14.151421
1783943744954,70.680000,173.665860,151.259521,145.076499,28.589361,31.474229,31.490840,-16.621687
1783943744974,70.700000,216.331540,146.186687,140.051132,76.280408,46.284203,46.288714,-15.995675
1783943744994,70.720000,186.475520,141.097194,135.011990,51.463530,55.574211,55.566632,-12.183357
1783943745014,70.740000,210.257630,135.992432,129.960305,80.297325,58.324194,58.304475,-5.649332
1783943745034,70.760000,175.482270,130.873735,124.897259,50.585011,54.626369,54.594403,2.608263
1783943745054,70.780000,210.106450,125.742384,119.823973,90.282477,45.561316,45.516943,11.166253
1783943745074,70.800000,123.391980,120.599590,114.741497,8.650483,33.504188,33.447205,18.440702
1783943745094,70.820000,159.617700,115.446489,109.650806,49.966894,21.521896,21.452067,22.998001
1783943745114,70.840000,113.350490,110.284131,104.552786,8.797704,11.896090,11.813160,23.795715
1783943745134,70.860000,131.650920,105.113469,99.448222,32.202698,5.682797,5.586503,20.381937
1783943745154,70.880000,80.950325,99.935341,94.337786,-13.387461,3.062071,2.952162,13.052335
1783943745174,70.900000,119.192820,94.750460,89.222028,29.970792,3.159883,3.036137,2.836615
1783943745194,70.920000,85.211660,89.559398,84.101354,1.110306,4.055829,3.918067,-8.742717
1783943745214,70.940000,113.163320,84.362572,78.976020,34.187300,3.837333,3.685431,-20.000868
1783943745234,70.960000,79.886330,79.160223,73.846113,6.040217,2.009764,1.843666,-29.384140
1783943745254,70.980000,70.463165,73.952407,68.711541,1.751624,-0.021196,-0.201467,-35.753136
1783943745274,71.000000,47.143010,68.738973,63.572014,-16.429004,-0.270568,-0.464899,-38.655582
1783943745294,71.020000,87.358574,63.519548,58.427034,28.931540,1.922215,1.714048,-38.407337
1783943745314,71.040000,39.228535,58.293526,53.275879,-14.047344,5.638800,5.417176,-35.827550
1783943745334,71.060000,74.900460,53.060047,48.117595,26.782865,9.237975,9.003487,-31.785078
1783943745354,71.080000,44.662956,47.817988,42.950981,1.711975,10.877404,10.630933,-26.888489
1783943745374,71.100000,63.556458,42.565947,37.774579,25.781879,9.122057,8.864837,-21.470087
1783943745394,71.120000,20.407550,37.302237,32.586667,-12.179117,3.663067,3.396682,-15.742764
1783943745414,71.140000,33.522010,32.024868,27.383006,6.139004,-4.625229,-4.898949,-9.963372
1783943745434,71.160000,-12.785459,26.731546,22.163686,-34.949146,-14.228226,-14.507359,-4.535503
1783943745454,71.180000,2.533776,21.419665,16.926159,-14.392383,-23.618447,-23.901073,0.000545
1783943745474,71.200000,-42.150780,16.086305,11.667590,-53.818370,-31.672235,-31.956430,3.113905
1783943745494,71.220000,-17.269220,10.728227,6.384863,-23.654083,-37.740768,-38.024537,4.486315
1783943745514,71.240000,-67.780045,5.341880,1.074585,-68.854630,-41.451482,-41.732690,4.154597
1783943745534,71.260000,-29.781116,-0.076596,-4.266906,-25.514210,-42.521428,-42.797760,2.523884
1783943745554,71.280000,-81.737830,-5.531365,-9.643535,-72.094295,-40.689685,-40.958631,0.260660
1783943745574,71.300000,-38.524696,-11.026880,-15.059475,-23.465221,-35.803075,-36.061940,-1.875943
1783943745594,71.320000,-77.237850,-16.567869,-20.519135,-56.718715,-28.039173,-28.285097,-3.194071
1783943745614,71.340000,-41.182278,-22.159322,-26.027137,-15.155141,-18.095426,-18.325416,-3.176479
1783943745634,71.360000,-57.362390,-27.806466,-31.588302,-25.774088,-7.239011,-7.449970,-1.528723
1783943745654,71.380000,-30.218437,-33.514746,-37.207625,6.989188,3.021400,2.832647,1.824006
1783943745674,71.400000,-51.579754,-39.289795,-42.890247,-8.689507,11.517654,11.354327,6.755553
1783943745694,71.420000,-27.604856,-45.137409,-48.641432,21.036576,17.702824,17.568157,12.936473
1783943745714,71.440000,-58.291320,-51.063515,-54.466537,-3.824783,21.522419,21.419631,19.817350
1783943745734,71.460000,-28.863901,-57.074139,-60.370979,31.507078,23.132466,23.064724,26.649536
1783943745754,71.480000,-69.493904,-63.175371,-66.360207,-3.133697,22.750990,22.721371,32.591476
1783943745774,71.500000,-34.809600,-69.373328,-72.439665,37.630065,20.757883,20.769337,36.874820
1783943745794,71.520000,-83.541070,-75.674121,-78.614763,-4.926307,17.961190,18.016494,38.958447
1783943745814,71.540000,-60.490875,-82.083808,-84.890837,24.399962,15.657255,15.758974,38.604595
1783943745834,71.560000,-106.996990,-88.608366,-91.273119,-15.723871,14.987934,15.138373,35.854720
1783943745854,71.580000,-64.159940,-95.253640,-97.766699,33.606759,16.008653,16.209807,30.962996
1783943745874,71.600000,-101.591340,-102.025309,-104.376491,2.785151,17.620052,17.873563,24.377913
1783943745894,71.620000,-82.493410,-108.928843,-111.107200,28.613790,18.400848,18.707956,16.764412
1783943745914,71.640000,-117.737160,-115.969463,-117.963284,0.226124,17.131962,17.493460,8.940705
1783943745934,71.660000,-89.583890,-123.152096,-124.948923,35.365033,12.820815,13.237013,1.681247
1783943745954,71.680000,-137.195450,-130.481338,-132.067987,-5.127463,5.085818,5.556514,-4.486991
1783943745974,71.700000,-131.603450,-137.961413,-139.323999,7.720549,-5.377836,-4.853374,-9.373456
1783943745994,71.720000,-172.684200,-145.596128,-146.720111,-25.964089,-17.110714,-16.533763,-13.115714
1783943746014,71.740000,-161.362530,-153.388840,-154.259065,-7.103465,-28.560708,-27.933111,-16.111376
1783943746034,71.760000,-208.339360,-161.342408,-161.943173,-46.396187,-38.356120,-37.680334,-18.864880
1783943746054,71.780000,-192.650330,-169.459164,-169.774283,-22.876047,-45.400931,-44.680124,-21.773428
1783943746074,71.800000,-237.218780,-177.740865,-177.753755,-59.465025,-49.158322,-48.396511,-24.966568
1783943746094,71.820000,-204.153230,-186.188665,-185.882435,-18.270795,-49.888783,-49.091004,-28.268595
1783943746114,71.840000,-248.003270,-194.803073,-194.160631,-53.842639,-48.438160,-47.610559,-31.246078
1783943746134,71.860000,-213.353580,-203.583920,-202.588092,-10.765488,-45.671353,-44.821071,-33.302155
1783943746154,71.880000,-249.666350,-212.530329,-211.163986,-38.502364,-41.918677,-41.053346,-33.818428
1783943746174,71.900000,-223.574740,-221.640680,-219.886880,-3.687860,-36.610116,-35.736858,-32.325645
1783943746194,71.920000,-271.083600,-230.912583,-228.754725,-42.328875,-28.585722,-27.709771,-28.658463
1783943746214,71.940000,-219.408940,-240.342852,-237.764841,18.355901,-17.268048,-16.391519,-23.033186
1783943746234,71.960000,-247.004850,-249.927480,-246.913898,-0.090952,-3.447553,-2.569397,-15.974594
1783943746254,71.980000,-205.217650,-259.661623,-256.197914,50.980264,11.289540,12.170983,-8.090792
1783943746274,72.000000,-246.529100,-269.539580,-265.724840,19.195740,25.481848,26.363947,0.146360
1783943746294,72.020000,-202.180950,-279.554780,-275.276862,73.095912,37.880376,38.753044,8.427377
1783943746314,72.040000,-233.795650,-289.699781,-284.948145,51.152495,47.198926,48.046553,16.462160
1783943746334,72.060000,-204.219510,-299.966258,-294.731968,90.512458,52.465658,53.271628,23.868063
1783943746354,72.080000,-253.099600,-310.345015,-304.620931,51.521331,53.634236,54.383977,30.179598
1783943746374,72.100000,-235.933010,-320.825987,-314.606956,78.673946,51.534007,52.215816,34.891690
1783943746394,72.120000,-279.063960,-331.398253,-324.681298,45.617338,47.197658,47.802269,37.478638
1783943746414,72.140000,-264.044160,-342.050061,-334.834554,70.790394,41.406467,41.926238,37.457460
1783943746434,72.160000,-309.657800,-352.768848,-345.056675,35.398875,34.853966,35.282198,34.540802
1783943746454,72.180000,-303.503900,-363.541270,-355.336986,51.833086,28.509622,28.840193,28.789785
1783943746474,72.200000,-350.196040,-374.353244,-365.664199,15.468159,23.608291,23.835589,20.643768
1783943746494,72.220000,-330.993470,-385.189984,-376.026442,45.032972,21.275972,21.395017,10.822307
1783943746514,72.240000,-386.594270,-396.036050,-386.411278,-0.182992,22.138243,22.144877,0.192832
1783943746534,72.260000,-352.811830,-406.875399,-396.805737,43.993907,25.902102,25.793170,-10.332597
1783943746554,72.280000,-396.715030,-417.691441,-407.196339,10.481309,31.134185,30.907664,-19.866766
1783943746574,72.300000,-362.397200,-428.467102,-417.569135,55.171935,35.762251,35.417328,-27.599280
1783943746594,72.320000,-408.556520,-439.184882,-427.909732,19.353212,38.148263,37.685363,-32.855804
1783943746614,72.340000,-396.951420,-449.826927,-438.203338,41.251918,37.928287,37.349074,-35.203026
1783943746634,72.360000,-451.747600,-460.375097,-448.434795,-3.312805,35.783232,35.090583,-34.608078
1783943746654,72.380000,-421.026980,-470.811040,-458.588625,37.561645,32.382480,31.580450,-31.546028
1783943746674,72.400000,-484.438720,-481.116263,-468.649067,-15.789653,27.762078,26.855846,-26.910284
1783943746694,72.420000,-458.515140,-491.272207,-478.600131,20.084991,21.452581,20.448385,-21.732100
1783943746714,72.440000,-512.127800,-501.260326,-488.425637,-23.702163,12.901979,11.807035,-16.876078
1783943746734,72.460000,-510.098880,-511.062156,-498.109268,-11.989612,2.044060,0.866468,-12.878673
1783943746754,72.480000,-566.391360,-520.659396,-507.634616,-58.756744,-10.514483,-11.765849,-9.970047
1783943746774,72.500000,-556.200900,-530.033973,-516.985240,-39.215660,-23.909223,-25.224836,-8.192519
1783943746794,72.520000,-614.266240,-539.168116,-526.144709,-88.121531,-37.328550,-38.698360,-7.496688
1783943746814,72.540000,-595.626340,-548.044421,-535.096664,-60.529676,-49.854941,-51.268519,-7.747736
1783943746834,72.560000,-664.190700,-556.645918,-543.824860,-120.365840,-60.189785,-61.636459,-8.679193
1783943746854,72.580000,-640.877200,-564.956121,-552.313226,-88.563974,-66.865758,-68.334761,-9.896914
1783943746874,72.600000,-690.512900,-572.959091,-560.545911,-129.966989,-68.999322,-70.479937,-10.951589
1783943746894,72.620000,-653.270200,-580.639479,-568.507336,-84.762864,-66.790321,-68.272016,-11.396033
1783943746914,72.640000,-698.408800,-587.982567,-576.182238,-122.226562,-61.343105,-62.815667,-10.779564
1783943746934,72.660000,-657.603760,-594.974311,-583.555717,-74.048043,-54.230935,-55.684589,-8.639594
1783943746954,72.680000,-690.125100,-601.601362,-590.613279,-99.511821,-47.077654,-48.503169,-4.570441
1783943746974,72.700000,-660.494900,-607.851096,-597.340870,-63.154030,-41.075776,-42.464551,1.642549
1783943746994,72.720000,-691.396700,-613.711630,-603.724915,-87.671785,-36.680428,-38.024559,9.897907
1783943747014,72.740000,-659.288450,-619.171830,-609.752344,-49.536106,-33.628728,-34.921051,19.723642
1783943747034,72.760000,-696.205400,-624.221315,-615.410619,-80.794781,-31.062776,-32.296906,30.321543
1783943747054,72.780000,-664.990360,-628.850461,-620.687757,-44.302603,-27.840324,-29.010683,40.702217
1783943747074,72.800000,-695.289700,-633.050387,-625.572343,-69.717357,-23.138864,-24.240728,49.869324
1783943747094,72.820000,-652.894900,-636.812942,-630.053542,-22.841358,-16.940296,-17.969863,57.006165
1783943747114,72.840000,-687.381300,-640.130694,-634.121106,-53.260194,-10.058377,-11.012850,61.629505
1783943747134,72.860000,-634.626700,-642.996898,-637.765371,3.138671,-3.837676,-4.715313,63.664700
1783943747154,72.880000,-669.869900,-645.405477,-640.975466,-28.894434,0.430694,-0.369380,63.405150
1783943747174,72.900000,-638.843260,-647.350986,-643.743462,4.900202,2.121954,1.399301,61.359950
1783943747194,72.920000,-664.982500,-648.828582,-646.061360,-18.921140,1.318171,0.672130,58.040110
1783943747214,72.940000,-627.550100,-649.833986,-647.921716,20.371616,-1.379868,-1.950585,53.785767
1783943747234,72.960000,-679.688100,-650.363447,-649.317616,-30.370484,-4.800572,-5.297578,48.716990
1783943747254,72.980000,-632.749270,-650.413702,-650.242651,17.493381,-7.572536,-7.997643,42.793304
1783943747274,73.000000,-662.578500,-649.981935,-650.690889,-11.887611,-8.783441,-9.138551,35.924244
1783943747294,73.020000,-630.892150,-649.065741,-650.656850,19.764700,-7.997251,-8.284254,28.101402
1783943747314,73.040000,-653.076500,-647.663082,-650.135467,-2.941033,-5.035748,-5.256423,19.514368
1783943747334,73.060000,-609.892700,-645.772251,-649.122058,39.229358,-0.063031,-0.218946,10.580834
1783943747354,73.080000,-631.183600,-643.391837,-647.612290,16.428690,6.446407,6.353988,1.868766
1783943747374,73.100000,-585.304000,-640.520688,-645.602148,60.298148,13.947568,13.917769,-6.023815
1783943747394,73.120000,-605.146500,-637.157879,-643.087900,37.941400,21.983256,22.015660,-12.577243
1783943747414,73.140000,-556.396400,-633.302688,-640.066066,83.669666,30.231247,30.325953,-17.444353
1783943747434,73.160000,-586.681460,-628.954567,-636.533393,49.851933,38.387916,38.545575,-20.518507
1783943747454,73.180000,-531.787900,-624.113127,-632.486824,100.698924,45.747281,45.969118,-21.954782
1783943747474,73.200000,-549.331850,-618.778118,-627.923485,78.591635,50.951164,51.238976,-22.125414
1783943747494,73.220000,-503.869420,-612.949424,-622.840660,118.971240,52.624210,52.980343,-21.504202
1783943747514,73.240000,-541.955750,-606.627056,-617.235786,75.280036,50.421738,50.849048,-20.543860
1783943747534,73.260000,-502.098750,-599.811154,-611.106448,109.007698,45.372299,45.874085,-19.645845
1783943747554,73.280000,-546.621100,-592.501994,-604.450377,57.829277,39.309933,39.889863,-19.225683
1783943747574,73.300000,-505.927550,-584.700005,-597.265465,91.337915,33.887307,34.549316,-19.752306
1783943747594,73.320000,-528.152100,-576.405781,-589.549776,61.397676,29.864889,30.613064,-21.649618
1783943747614,73.340000,-492.052280,-567.620113,-581.301576,89.249296,27.337924,28.176371,-25.088072
1783943747634,73.360000,-526.700300,-558.344017,-572.519358,45.819058,26.411134,27.343842,-29.826360
1783943747654,73.380000,-477.534060,-548.578768,-563.201890,85.667830,27.279753,28.310439,-35.244007
1783943747674,73.400000,-506.285220,-538.325945,-553.348257,47.063037,29.905084,31.037033,-40.541283
1783943747694,73.420000,-464.527980,-527.587473,-542.957917,78.429937,33.807949,35.043857,-44.959118
1783943747714,73.440000,-477.841500,-516.365674,-532.030766,54.189266,37.897071,39.238877,-47.910400
1783943747734,73.460000,-430.672000,-504.663324,-520.567203,89.895203,40.657487,42.106217,-49.019978
1783943747754,73.480000,-458.560420,-492.483704,-508.568209,50.007789,40.940329,42.495943,-48.120884
1783943747774,73.500000,-422.442750,-479.830664,-496.035424,73.592674,38.553316,40.214562,-45.260130
1783943747794,73.520000,-451.248350,-466.708683,-482.971236,31.722886,34.032489,35.796779,-40.741306
1783943747814,73.540000,-405.465820,-453.122930,-469.378865,63.913045,28.135278,29.998573,-35.142930
1783943747834,73.560000,-446.570980,-439.079331,-455.262460,8.691480,21.693613,23.650331,-29.217834
1783943747854,73.580000,-407.157070,-424.584628,-440.627192,33.470122,15.461697,17.504647,-23.701609
1783943747874,73.600000,-432.982300,-409.646444,-425.479343,-7.502957,9.607373,11.727712,-19.148844
1783943747894,73.620000,-388.746640,-394.273341,-409.826406,21.079766,3.523552,5.710772,-15.843738
1783943747914,73.640000,-422.357820,-378.474876,-393.677169,-28.680651,-3.658360,-1.416417,-13.762485
1783943747934,73.660000,-379.754700,-362.261657,-377.041809,-2.712891,-12.461230,-10.178319,-12.602120
1783943747954,73.680000,-413.386630,-345.645391,-359.931967,-53.454663,-22.772204,-20.463599,-11.908417
1783943747974,73.700000,-373.986630,-328.638925,-342.360825,-31.625805,-33.767670,-31.450048,-11.254914
1783943747994,73.720000,-413.209530,-311.256287,-324.343172,-88.866358,-44.124125,-41.815420,-10.373883
1783943748014,73.740000,-367.675600,-293.512712,-305.895461,-61.780139,-52.669733,-50.388956,-9.192464
1783943748034,73.760000,-389.650940,-275.424666,-287.035850,-102.615090,-59.057656,-56.824689,-7.776470
1783943748054,73.780000,-345.550780,-257.009862,-267.784236,-77.766544,-63.846153,-61.681515,-6.203695
1783943748074,73.800000,-356.886780,-238.287262,-248.162273,-108.724507,-68.018396,-65.942986,-4.433406
1783943748094,73.820000,-314.161870,-219.277071,-228.193371,-85.968499,-72.270701,-70.305520,-2.261572
1783943748114,73.840000,-337.494080,-200.000729,-207.902685,-129.591395,-76.499537,-74.665401,0.593799
1783943748134,73.860000,-286.683470,-180.480879,-187.317080,-99.366390,-79.990525,-78.307768,4.324327
1783943748154,73.880000,-305.377560,-160.741338,-166.465087,-138.912473,-82.082147,-80.570319,8.895152
1783943748174,73.900000,-242.419070,-140.807047,-145.376832,-97.042238,-82.586655,-81.264218,14.039393
1783943748194,73.920000,-263.898070,-120.704018,-124.083957,-139.814113,-81.719577,-80.603606,19.385653
1783943748214,73.940000,-191.540010,-100.459269,-102.619516,-88.920494,-79.777422,-78.883299,24.614359
1783943748234,73.960000,-206.797760,-80.100748,-81.017857,-125.779903,-76.682997,-76.024119,29.540777
1783943748254,73.980000,-137.569780,-59.657247,-59.314489,-78.255291,-71.465453,-71.052951,34.108440
1783943748274,74.000000,-150.537250,-39.158311,-37.545934,-112.991316,-62.154890,-61.997380,38.326115
1783943748294,74.020000,-78.325470,-18.634132,-15.749565,-62.575905,-46.543535,-46.646949,42.187565
1783943748314,74.040000,-78.033030,1.884551,6.036570,-84.069600,-23.716627,-24.084158,45.620655
1783943748334,74.060000,21.748775,22.366577,27.773926,-6.025151,4.432681,3.800485,48.521503
1783943748354,74.080000,48.343130,42.780476,49.423657,-1.080527,33.057387,32.162383,50.888905
1783943748374,74.100000,137.392400,63.094594,70.946813,66.445587,56.250832,55.096999,52.965820
1783943748394,74.120000,135.511670,83.277227,92.304535,43.207135,69.822165,68.415489,55.207478
1783943748414,74.140000,186.700210,103.296741,113.467283,73.232927,72.951413,71.300147,57.967014
1783943748434,74.160000,173.929660,123.121710,134.389254,39.540406,67.861603,65.976766,61.039530
1783943748454,74.180000,219.046390,142.721041,155.032894,64.013496,58.364255,56.259976,63.412720
1783943748474,74.200000,191.944290,162.064106,175.361533,16.582757,48.365883,46.059356,63.466724
1783943748494,74.220000,252.469850,181.120868,195.339557,57.130293,40.655901,38.167055,59.538097
1783943748514,74.240000,231.365630,199.862002,214.932581,16.433049,36.337970,33.689031,50.551144
1783943748534,74.260000,293.814180,218.259017,234.107622,59.706558,35.127348,32.342397,36.439198
1783943748554,74.280000,274.400020,236.284370,252.833249,21.566771,36.009531,33.114102,18.216208
1783943748574,74.300000,336.560180,253.911577,271.079727,65.480453,37.763777,34.784497,-2.297073
1783943748594,74.320000,318.025970,271.115311,288.819148,29.206822,39.274046,36.238302,-22.959310
1783943748614,74.340000,378.972840,287.871505,306.025538,72.947302,39.744819,36.680424,-41.802605
1783943748634,74.360000,357.846920,304.157438,322.674962,35.171958,38.931779,35.866652,-57.379170
1783943748654,74.380000,406.931030,319.951815,338.745601,68.185429,37.250531,34.212357,-68.917610
1783943748674,74.400000,385.096620,335.234845,354.217822,30.878798,35.485454,32.501353,-76.320274
1783943748694,74.420000,433.751220,349.988301,369.074221,64.676999,34.182264,31.278468,-80.041664
1783943748714,74.440000,415.985230,364.195581,383.299665,32.685565,33.173165,30.374711,-80.874916
1783943748734,74.460000,468.428770,377.841751,396.881302,71.547468,31.629325,28.959765,-79.688644
1783943748754,74.480000,436.750060,390.913587,409.808571,26.941489,28.599623,26.080770,-77.201660
1783943748774,74.500000,481.510830,403.399601,422.073183,59.437647,23.453026,21.104722,-73.892890
1783943748794,74.520000,451.987900,415.290066,433.669098,18.318802,15.949941,13.789868,-70.057750
1783943748814,74.540000,491.783540,426.577021,444.592490,47.191050,6.371861,4.415374,-65.915940
1783943748834,74.560000,451.608520,437.254280,454.841688,-3.233168,-4.169707,-5.909694,-61.672230
1783943748854,74.580000,483.781250,447.317421,464.417122,19.364128,-13.767875,-15.280985,-57.521957
1783943748874,74.600000,444.034000,456.763777,473.321247,-29.287247,-20.438698,-21.717134,-53.644460
1783943748894,74.620000,494.613770,465.592407,481.558466,13.055304,-23.090097,-24.128662,-50.176190
1783943748914,74.640000,459.583000,473.804074,489.135041,-29.552041,-21.940817,-22.736892,-47.122753
1783943748934,74.660000,506.751160,481.401203,496.058996,10.692164,-18.314212,-18.867706,-44.252320
1783943748954,74.680000,488.611500,488.387839,502.340025,-13.728525,-14.196554,-14.509816,-41.078327
1783943748974,74.700000,526.649200,494.769596,507.989381,18.659819,-11.471168,-11.548885,-36.977535
1783943748994,74.720000,491.893370,500.553604,513.019774,-21.126404,-11.100699,-10.949756,-31.400713
1783943749014,74.740000,531.423400,505.748445,517.445260,13.978140,-12.958747,-12.588072,-24.095568
1783943749034,74.760000,492.783870,510.364086,521.281129,-28.497259,-16.151948,-15.572334,-15.250499
1783943749054,74.780000,525.251800,514.411811,524.543795,0.708005,-19.380580,-18.604490,-5.481134
1783943749074,74.800000,487.231600,517.904141,527.250683,-40.019083,-21.409742,-20.451094,4.344400
1783943749094,74.820000,530.002800,520.854761,529.420120,0.582680,-21.543842,-20.417774,13.355920
1783943749114,74.840000,489.407960,523.278432,531.071222,-41.663262,-19.742392,-18.465019,20.910040
1783943749134,74.860000,533.743400,525.190909,532.223790,1.519610,-16.472957,-15.061129,26.731500
1783943749154,74.880000,494.319200,526.608854,532.898201,-38.579001,-12.597921,-11.069004,30.924680
1783943749174,74.900000,542.186340,527.549744,533.115306,9.071034,-9.226985,-7.598691,33.863865
1783943749194,74.920000,501.477100,528.031786,532.896331,-31.419231,-7.328571,-5.618867,36.032017
1783943749214,74.940000,538.161870,528.073817,532.262778,5.899092,-7.230849,-5.457935,37.871700
1783943749234,74.960000,496.565670,527.695221,531.236332,-34.670662,-8.401846,-6.584152,39.666164
1783943749254,74.980000,539.865300,526.915829,529.838771,10.026529,-9.476209,-7.632287,41.472860
1783943749274,75.000000,469.268300,525.755830,528.095441,-58.827141,-8.549014,-6.697177,43.133038
1783943749294,75.020000,522.949900,524.235681,526.028178,-3.078278,-4.401662,-2.559388,44.335390
1783943749314,75.040000,498.279000,522.376012,523.654410,-25.375410,2.086288,3.902913,44.733154
1783943749334,75.060000,535.144800,520.197540,520.995452,14.149348,8.264515,10.041063,44.140020
1783943749354,75.080000,503.049220,517.720979,518.072322,-15.023102,11.420670,13.144339,42.714798
1783943749374,75.100000,531.545530,514.966955,514.905668,16.639862,10.165567,11.825016,40.943764
1783943749394,75.120000,483.886300,511.955922,511.515707,-27.629407,4.991434,6.576630,39.361280
1783943749414,75.140000,508.121120,508.708080,507.922165,0.198955,-1.945036,-0.442913,38.208584
1783943749434,75.160000,454.044770,505.243297,504.144215,-50.099445,-7.726643,-6.315231,37.281010
1783943749454,75.180000,479.910550,501.581035,500.200427,-20.289877,-10.046563,-8.732318,36.026080
1783943749474,75.200000,453.596130,497.740276,496.108720,-42.512590,-8.467089,-7.255273,33.818400
1783943749494,75.220000,492.033020,493.739454,491.886309,0.146711,-4.494763,-3.389447,30.301840
1783943749514,75.240000,454.502800,489.596392,487.549669,-33.046869,-0.324520,0.671393,25.642908
1783943749534,75.260000,487.615300,485.328239,483.114489,4.500811,2.486318,3.371049,20.528978
1783943749554,75.280000,445.673220,480.951415,478.595643,-32.922423,3.509151,4.281987,15.874995
1783943749574,75.300000,479.126600,476.481562,474.007152,5.119448,3.286267,3.947489,12.415898
1783943749594,75.320000,429.829040,471.933489,469.362155,-39.533115,2.884411,3.435211,10.437028
1783943749614,75.340000,465.740050,467.321139,464.672888,1.067162,3.232251,3.674650,9.749841
1783943749634,75.360000,428.089100,462.657542,459.950658,-31.861558,4.517077,4.853841,9.856362
1783943749654,75.380000,463.208560,457.954788,455.205822,8.002738,6.141532,6.376087,10.195522
1783943749674,75.400000,423.403800,453.223994,450.447778,-27.043978,7.193252,7.329594,10.360454
1783943749694,75.420000,452.123100,448.475283,445.684948,6.438152,6.901125,6.943739,10.189846
1783943749714,75.440000,413.208650,443.717764,440.924771,-27.716121,4.822302,4.776078,9.708741
1783943749734,75.460000,452.986450,438.959519,436.173701,16.812749,1.101165,0.971319,9.005698
1783943749754,75.480000,383.547670,434.207590,431.437201,-47.889531,-3.114243,-3.322245,8.145596
1783943749774,75.500000,419.360440,429.467980,426.719751,-7.359311,-6.089193,-6.369706,7.115446
1783943749794,75.520000,385.734470,424.745649,422.024849,-36.290379,-6.792378,-7.139646,5.796373
1783943749814,75.540000,423.208370,420.044521,417.355027,5.853343,-5.339972,-5.748183,4.035089
1783943749834,75.560000,376.977480,415.367493,412.711860,-35.734380,-2.278327,-2.741672,1.819466
1783943749854,75.580000,414.334470,410.716449,408.095984,6.238486,1.817541,1.304826,-0.606854
1783943749874,75.600000,385.066070,406.092278,403.507120,-18.441050,6.103008,5.546600,-2.827031
1783943749894,75.620000,420.356480,401.494897,398.944097,21.412383,9.535873,8.941329,-4.434529
1783943749914,75.640000,373.352540,396.923277,394.404880,-21.052340,11.313295,10.686025,-5.157277
1783943749934,75.660000,412.963400,392.375474,389.886601,23.076799,10.895175,10.240418,-4.916343
1783943749954,75.680000,368.199340,387.848665,385.385599,-17.186259,7.769292,7.092095,-3.862101
1783943749974,75.700000,405.515700,383.339182,380.897449,24.618251,1.701124,1.006316,-2.351352
1783943749994,75.720000,349.923950,378.842553,376.417012,-26.493062,-6.590851,-7.298673,-0.839951
1783943750014,75.740000,365.857330,374.353551,371.938478,-6.081148,-15.224455,-15.940940,0.226380
1783943750034,75.760000,319.719300,369.866237,367.455407,-47.736107,-22.061972,-22.783006,0.443515
1783943750054,75.780000,361.239470,365.374008,362.960786,-1.721316,-25.916135,-26.637809,-0.528821
1783943750074,75.800000,314.984070,360.869652,358.447077,-43.463007,-26.700277,-27.418806,-2.844026
1783943750094,75.820000,347.703500,356.345404,353.906273,-6.202773,-24.822326,-25.533950,-6.301507
1783943750114,75.840000,316.549840,351.792998,349.329954,-32.780114,-20.906218,-21.607105,-10.316237
1783943750134,75.860000,354.102600,347.203728,344.709340,9.393260,-15.725409,-16.411642,-14.086499
1783943750154,75.880000,320.892900,342.568506,340.032087,-19.139187,-9.893193,-10.560905,-16.834068
1783943750174,75.900000,350.140500,337.877923,335.292083,14.848417,-3.691009,-4.336595,-17.990835
1783943750194,75.920000,325.246400,333.122311,330.479830,-5.233430,2.610233,1.989971,-17.313597
1783943750214,75.940000,366.894900,328.291805,325.585717,41.309183,8.501208,7.909063,-14.914426
1783943750234,75.960000,327.555180,323.376402,320.600077,6.955103,13.599613,13.038052,-11.177910
1783943750254,75.980000,359.561550,318.366025,315.513246,44.048304,17.989149,17.460411,-6.624582
1783943750274,76.000000,320.541700,313.250581,310.315622,10.226078,21.803849,21.310013,-1.826040
1783943750294,76.020000,363.379900,308.020023,304.997721,58.382179,24.569931,24.112949,2.626151
1783943750314,76.040000,318.844000,302.664404,299.550234,19.293766,25.191153,24.772857,6.187297
1783943750334,76.060000,362.205570,297.173939,293.964074,68.241496,22.678388,22.300477,8.479663
1783943750354,76.080000,304.056520,291.539052,288.230434,15.826086,17.140303,16.804334,9.368398
1783943750374,76.100000,318.726560,285.750433,282.340827,36.385733,10.145786,9.853153,8.901700
1783943750394,76.120000,274.312800,279.799087,276.287133,-1.974333,3.779794,3.531720,7.148772
1783943750414,76.140000,305.446380,273.676377,270.061644,35.384736,-0.669470,-0.871942,4.098008
1783943750434,76.160000,265.198000,267.374074,263.657097,1.540903,-2.938698,-3.094713,-0.253628
1783943750454,76.180000,288.482360,260.884393,257.066711,31.415649,-3.118588,-3.227482,-5.691104
1783943750474,76.200000,246.753390,254.200033,250.284221,-3.530831,-1.246867,-1.308176,-11.676936
1783943750494,76.220000,279.034400,247.314215,243.303904,35.730496,2.449798,2.436333,-17.469793
1783943750514,76.240000,240.624660,240.220711,236.120603,4.504057,7.202453,7.236881,-22.347565
1783943750534,76.260000,274.774630,232.913875,228.729752,46.044878,11.684781,11.766934,-25.763449
1783943750554,76.280000,230.791550,225.388666,221.127392,9.664158,14.285219,14.414709,-27.398062
1783943750574,76.300000,266.751220,217.640675,213.310186,53.441034,13.544535,13.720751,-27.168673
1783943750594,76.320000,220.336030,209.666143,205.275433,15.060597,8.887324,9.109428,-25.228785
1783943750614,76.340000,232.254940,201.461977,197.021074,35.233866,1.441319,1.708246,-21.953184
1783943750634,76.360000,174.838260,193.025762,188.545696,-13.707436,-5.996260,-5.685798,-17.919382
1783943750654,76.380000,190.592830,184.355775,179.848541,10.744289,-10.296829,-9.944342,-13.878197
1783943750674,76.400000,154.289430,175.450991,170.929500,-16.640070,-9.730920,-9.338137,-10.641500
1783943750694,76.420000,188.494540,166.311084,161.789110,26.705430,-4.741275,-4.310134,-8.827182
1783943750714,76.440000,150.100460,156.936435,152.428553,-2.328093,2.639719,3.107077,-8.557220
1783943750734,76.460000,185.457930,147.328127,142.849648,42.608282,9.953896,10.455135,-9.334090
1783943750754,76.480000,138.712280,137.487942,133.054836,5.657444,15.233832,15.766435,-10.227622
1783943750774,76.500000,171.744140,127.418359,123.047176,48.696964,17.445389,18.006666,-10.276796
1783943750794,76.520000,111.688430,117.122540,112.830327,-1.141897,16.501933,17.089038,-8.878311
1783943750814,76.540000,138.814240,106.604328,102.408536,36.405704,12.863464,13.473407,-5.990456
1783943750834,76.560000,86.243640,95.868227,91.786620,-5.542980,7.012466,7.642127,-2.105859
1783943750854,76.580000,108.082016,84.919395,80.969949,27.112067,-0.589430,0.056717,1.966419
1783943750874,76.600000,53.790825,73.763622,69.964430,-16.173605,-8.995197,-8.335896,5.402082
1783943750894,76.620000,57.007576,62.407322,58.776486,-1.768910,-16.437958,-15.768915,7.599802
1783943750914,76.640000,5.710085,50.857509,47.413038,-41.702953,-20.934938,-20.259631,8.256866
1783943750934,76.660000,27.892502,39.121778,35.881485,-7.988983,-21.564391,-20.886351,7.328844
1783943750954,76.680000,-13.211076,27.208291,24.189685,-37.400761,-19.231702,-18.554493,5.008909
1783943750974,76.700000,20.944817,15.125753,12.345933,8.598884,-16.245212,-15.572418,1.774984
1783943750994,76.720000,-28.959293,2.883393,0.358946,-29.318239,-14.994573,-14.329786,-1.595722
1783943751014,76.740000,-12.957223,-9.509056,-11.762159,-1.195064,-16.698759,-16.045559,-4.181057
1783943751034,76.760000,-61.062572,-22.041378,-24.007885,-37.054687,-21.058775,-20.420723,-5.230351
1783943751054,76.780000,-47.971703,-34.702892,-36.368367,-11.603336,-26.583649,-25.964267,-4.461307
1783943751074,76.800000,-99.420570,-47.482474,-48.833396,-50.587174,-31.059802,-30.462563,-2.148019
1783943751094,76.820000,-81.020400,-60.368576,-61.392432,-19.627968,-32.156852,-31.585167,1.037815
1783943751114,76.840000,-131.591780,-73.349247,-74.034620,-57.557160,-28.249833,-27.707039,4.314354
1783943751134,76.860000,-96.976530,-86.412150,-86.748808,-10.227722,-19.321379,-18.810721,7.061594
1783943751154,76.880000,-126.507034,-99.544580,-99.523558,-26.983476,-7.364874,-6.889498,9.012673
1783943751174,76.900000,-86.184720,-112.733486,-112.347164,26.162444,4.397855,4.834918,10.343850
1783943751194,76.920000,-128.781630,-125.965489,-125.207662,-3.573968,13.179606,13.575452,11.618688
1783943751214,76.940000,-105.105360,-139.226898,-138.092846,32.987486,17.938209,18.290075,13.541450
1783943751234,76.960000,-158.634540,-152.503729,-150.990280,-7.644260,19.458225,19.763504,16.577024
1783943751254,76.980000,-136.846160,-165.781727,-163.887309,27.041149,19.368371,19.624631,20.636795
1783943751274,77.000000,-184.580580,-179.046382,-176.771076,-7.809504,18.931700,19.136699,25.038324
1783943751294,77.020000,-151.740260,-192.282951,-189.628530,37.888270,18.504634,18.656344,28.778748
1783943751314,77.040000,-208.558750,-205.476475,-202.446442,-6.112308,17.941669,18.038292,30.956125
1783943751334,77.060000,-187.645520,-218.611803,-215.211417,27.565897,17.175040,17.215021,31.083452
1783943751354,77.080000,-232.864070,-231.673611,-227.909905,-4.954165,16.243756,16.225778,29.147629
1783943751374,77.100000,-213.243960,-244.646428,-240.528220,27.284260,15.154408,15.077378,25.475916
1783943751394,77.120000,-259.396420,-257.514653,-253.052548,-6.343872,14.004296,13.867318,20.570026
1783943751414,77.140000,-240.574100,-270.262583,-265.468968,24.894868,13.132494,12.934839,14.991898
1783943751434,77.160000,-292.491800,-282.874437,-277.762884,-14.728916,12.998736,12.739848,9.277855
1783943751454,77.180000,-261.110440,-295.334378,-289.920250,28.809810,13.810393,13.489934,3.862141
1783943751474,77.200000,-319.019470,-307.626541,-301.926964,-17.092506,15.218508,14.836432,-0.956729
1783943751494,77.220000,-286.501830,-319.735061,-313.768877,27.267047,16.172598,15.729209,-4.998658
1783943751514,77.240000,-325.006400,-331.644095,-325.431810,0.425410,15.103070,14.599069,-8.158646
1783943751534,77.260000,-312.413400,-343.337854,-336.901574,24.488174,10.842818,10.279323,-10.364761
1783943751554,77.280000,-368.643130,-354.800626,-348.163984,-20.479146,3.582550,2.961099,-11.585324
1783943751574,77.300000,-354.662000,-366.016809,-359.204879,4.542879,-5.216895,-5.894349,-11.912108
1783943751594,77.320000,-410.121100,-376.970935,-370.010136,-40.110964,-13.652639,-14.383734,-11.652173
1783943751614,77.340000,-395.597720,-387.647700,-380.565694,-15.032026,-20.209745,-20.991725,-11.302218
1783943751634,77.360000,-429.257970,-398.031991,-390.857569,-38.400401,-24.214492,-25.044213,-11.361119
1783943751654,77.380000,-418.643070,-408.108916,-400.871872,-17.771198,-25.607330,-26.481274,-12.086772
1783943751674,77.400000,-454.200900,-417.863826,-410.594832,-43.606068,-24.438996,-25.353282,-13.359062
1783943751694,77.420000,-432.188420,-427.282348,-420.012814,-12.175606,-20.786347,-21.736748,-14.729224
1783943751714,77.440000,-469.808560,-436.350408,-429.112336,-40.696224,-15.024958,-16.006916,-15.608795
1783943751734,77.460000,-433.378720,-445.054258,-437.880091,4.501371,-8.099412,-9.108061,-15.472118
1783943751754,77.480000,-468.279240,-453.380498,-446.302968,-21.976272,-1.459443,-2.489629,-13.969245
1783943751774,77.500000,-435.895800,-461.316107,-454.368068,18.472268,3.452799,2.406492,-10.952542
1783943751794,77.520000,-481.034450,-468.848459,-462.062728,-18.971722,5.705272,4.648494,-6.485039
1783943751814,77.540000,-447.884980,-475.965352,-469.374540,21.489560,4.984614,3.923223,-0.867519
1783943751834,77.560000,-500.202940,-482.655028,-476.291368,-23.911572,1.479666,0.419696,5.347976
1783943751854,77.580000,-465.766420,-488.906195,-482.801377,17.034957,-4.191955,-5.244325,11.419406
1783943751874,77.600000,-520.015600,-494.708051,-488.893043,-31.122557,-10.908476,-11.946957,16.561630
1783943751894,77.620000,-496.824430,-500.050298,-494.555183,-2.269247,-17.016463,-18.034685,20.114843
1783943751914,77.640000,-546.162300,-504.923172,-499.776974,-46.385326,-20.796314,-21.787871,21.658127
1783943751934,77.660000,-509.727050,-509.317453,-504.547974,-5.179076,-21.287644,-22.246127,21.057016
1783943751954,77.680000,-544.141540,-513.224488,-508.858143,-35.283397,-18.686661,-19.605707,18.491688
1783943751974,77.700000,-512.356450,-516.636211,-512.697867,0.341417,-14.032719,-14.906051,14.479580
1783943751994,77.720000,-537.767460,-519.545154,-516.057983,-21.709477,-8.676071,-9.497544,9.827899
1783943752014,77.740000,-500.877930,-521.944473,-518.929796,18.051866,-3.755495,-4.519140,5.468787
1783943752034,77.760000,-538.322630,-523.827955,-521.305107,-17.017523,0.325628,-0.374423,2.226667
1783943752054,77.780000,-504.533450,-525.190040,-523.176235,18.642785,3.952729,3.321815,0.607660
1783943752074,77.800000,-532.406740,-526.025835,-524.536040,-7.870700,7.747790,7.191330,0.682679
1783943752094,77.820000,-495.815430,-526.331126,-525.377949,29.562519,12.073781,11.596862,2.114020
1783943752114,77.840000,-522.728800,-526.102400,-525.695979,2.967179,16.968299,16.575745,4.325476
1783943752134,77.860000,-478.946170,-525.336853,-525.484766,46.538596,22.351847,22.048117,6.729664
1783943752154,77.880000,-517.799100,-524.032406,-524.739585,6.940485,28.245791,28.034762,8.888188
1783943752174,77.900000,-469.584780,-522.187722,-523.456384,53.871604,34.609422,34.494053,10.544364
1783943752194,77.920000,-499.358900,-519.802219,-521.631804,22.272904,40.885057,40.866994,11.573279
1783943752214,77.940000,-456.760620,-516.876084,-519.263212,62.502592,45.820645,45.899963,11.931170
1783943752234,77.960000,-479.234680,-513.410288,-516.348729,37.114049,47.757931,47.933326,11.641131
1783943752254,77.980000,-444.163200,-509.406598,-512.887256,68.724056,45.360068,45.629867,10.790680
1783943752274,78.000000,-485.764740,-504.867593,-508.842321,23.077581,38.456859,38.820610,9.488287
1783943752294,78.020000,-459.464300,-499.796677,-504.290115,44.825815,28.250743,28.709914,7.764937
1783943752314,78.040000,-507.284970,-494.198088,-499.192780,-8.092190,16.632415,17.189285,5.476135
1783943752334,78.060000,-470.546570,-488.076914,-493.552635,23.006065,5.172001,5.827876,2.299892
1783943752354,78.080000,-514.515600,-481.439101,-487.372924,-27.142676,-5.448419,-4.694193,-2.110753
1783943752374,78.100000,-471.314270,-474.291461,-480.657846,9.343576,-15.235752,-14.385857,-7.887108
1783943752394,78.120000,-517.331100,-466.641680,-473.412578,-43.918522,-24.204615,-23.263380,-14.772260
1783943752414,78.140000,-481.130980,-458.498321,-465.643300,-15.487680,-31.861656,-30.834605,-22.135462
1783943752434,78.160000,-517.695100,-449.870829,-457.357216,-60.337884,-37.331337,-36.224832,-29.162695
1783943752454,78.180000,-466.141420,-440.769527,-448.562570,-17.578850,-39.766683,-38.587725,-35.085860
1783943752474,78.200000,-503.515660,-431.205615,-439.268659,-64.247001,-38.482842,-37.238995,-39.312634
1783943752494,78.220000,-452.973140,-421.191159,-429.485849,-23.487291,-33.148581,-31.847956,-41.446156
1783943752514,78.240000,-467.571300,-410.739087,-419.225572,-48.345728,-24.374898,-23.026152,-41.271053
1783943752534,78.260000,-406.494500,-399.863167,-408.500333,2.005833,-13.991236,-12.603554,-38.735645
1783943752554,78.280000,-420.082030,-388.577998,-397.323702,-22.758328,-4.431439,-3.014489,-33.909817
1783943752574,78.300000,-367.100770,-376.898981,-385.710306,18.609536,2.290869,3.727005,-26.950533
1783943752594,78.320000,-393.286800,-364.842299,-373.675813,-19.610987,5.227574,6.672490,-18.150913
1783943752614,78.340000,-340.645400,-352.424887,-361.236910,20.591510,4.477726,5.920790,-8.059290
1783943752634,78.360000,-365.866700,-339.664401,-348.411277,-17.455423,0.937334,2.367794,2.463084
1783943752654,78.380000,-334.392400,-326.579182,-335.217555,0.825155,-3.922315,-2.515227,12.337199
1783943752674,78.400000,-351.628480,-313.188216,-321.675307,-29.953173,-8.644258,-7.271222,20.468864
1783943752694,78.420000,-306.052580,-299.511095,-307.804975,1.752395,-12.478430,-11.149927,25.971405
1783943752714,78.440000,-327.775730,-285.567970,-293.627829,-34.147901,-15.387326,-14.113540,28.360489
1783943752734,78.460000,-281.465580,-271.379502,-279.165914,-2.299666,-17.572188,-16.362899,27.673060
1783943752754,78.480000,-303.706270,-256.966815,-264.441990,-39.264280,-19.171019,-18.035501,24.439697
1783943752774,78.500000,-250.831360,-242.351437,-249.479463,-1.351897,-20.187862,-19.134793,19.501884
1783943752794,78.520000,-267.749480,-227.555248,-234.302321,-33.447159,-20.359320,-19.396686,13.781215
1783943752814,78.540000,-221.962500,-212.600420,-218.935053,-3.027447,-18.952502,-18.087511,8.107343
1783943752834,78.560000,-247.908780,-197.509359,-203.402577,-44.506203,-15.098920,-14.337928,3.107741
1783943752854,78.580000,-184.175540,-182.304637,-187.730152,3.554612,-8.922576,-8.271015,-0.864442
1783943752874,78.600000,-179.378540,-167.008937,-171.943298,-7.435242,-2.220214,-1.682536,-3.713210
1783943752894,78.620000,-124.401955,-151.644981,-156.067705,31.665750,2.633208,3.053580,-5.448605
1783943752914,78.640000,-146.382220,-136.235470,-140.129144,-6.253076,4.614036,4.914741,-6.026320
1783943752934,78.660000,-101.315420,-120.803015,-124.153378,22.837958,4.737096,4.916858,-5.384039
1783943752954,78.680000,-125.776600,-105.370076,-108.166069,-17.610531,5.006408,5.065040,-3.673587
1783943752974,78.700000,-66.046135,-89.958893,-92.192690,26.146555,6.758438,6.696830,-1.426588
1783943752994,78.720000,-74.119675,-74.591423,-76.258430,2.138755,9.803257,9.623354,0.577028
1783943753014,78.740000,-16.940304,-59.289279,-60.388111,43.447807,12.987923,12.692698,1.670641
1783943753034,78.760000,-35.665222,-44.073668,-44.606096,8.940874,15.448331,15.041755,1.605090
1783943753054,78.780000,13.017467,-28.965329,-28.936211,41.953678,17.313530,16.800559,0.571314
1783943753074,78.800000,-4.581429,-13.984481,-13.401660,8.820231,19.432960,18.819533,-1.034419
1783943753094,78.820000,41.801180,0.849236,1.975048,39.826132,22.521417,21.814461,-2.885984
1783943753114,78.840000,38.251938,15.516808,17.172173,21.079765,26.354136,25.561522,-4.845936
1783943753134,78.860000,95.102330,29.999901,32.168803,62.933527,29.755773,28.886179,-6.889070
1783943753154,78.880000,74.292280,44.280901,46.941961,27.350319,31.536374,30.599007,-8.946731
1783943753174,78.900000,119.011440,58.342956,61.476194,57.535246,31.330639,30.334914,-10.842679
1783943753194,78.920000,94.910510,72.170017,75.753442,19.157068,29.469015,28.424340,-12.394889
1783943753214,78.940000,135.795790,85.746869,89.756680,46.039110,26.200213,25.115946,-13.584557
1783943753234,78.960000,126.520450,99.059160,103.469961,23.050489,21.140816,20.026289,-14.613121
1783943753254,78.980000,157.510740,112.093427,116.878445,40.632295,13.622777,12.487322,-15.779175
1783943753274,79.000000,132.586240,124.837120,129.968422,2.617818,3.575810,2.428748,-17.298708
1783943753294,79.020000,166.657030,137.278619,142.727333,23.929697,-7.951861,-9.101283,-19.229166
1783943753314,79.040000,118.936830,149.407244,155.143783,-36.206953,-18.972801,-20.115495,-21.530716
1783943753334,79.060000,161.156850,161.213270,167.207548,-6.050698,-27.557864,-28.684996,-24.173677
1783943753354,79.080000,140.905120,172.687933,178.909579,-38.004459,-33.015320,-34.118408,-27.158640
1783943753374,79.100000,184.148820,183.823429,190.241994,-6.093174,-35.938209,-37.009201,-30.395380
1783943753394,79.120000,158.472500,194.612919,201.198076,-42.725576,-37.216098,-38.247452,-33.541210
1783943753414,79.140000,206.544630,205.050521,211.772258,-5.227628,-37.165787,-38.150527,-35.974834
1783943753434,79.160000,166.154660,215.131308,221.960105,-55.805445,-35.368230,-36.299998,-36.983986
1783943753454,79.180000,221.402300,224.851295,231.758294,-10.355994,-31.361355,-32.234456,-36.051804
1783943753474,79.200000,206.743520,234.207427,241.164591,-34.421071,-25.538198,-26.347632,-33.032120
1783943753494,79.220000,259.756300,243.197567,250.177822,9.578478,-19.033458,-19.774953,-28.103630
1783943753514,79.240000,237.767490,251.820472,258.797837,-21.030347,-12.702664,-13.372694,-21.586336
1783943753534,79.260000,278.512200,260.075778,267.025480,11.486720,-6.458447,-7.054247,-13.814156
1783943753554,79.280000,261.375950,267.963974,274.862550,-13.486600,0.430872,-0.088701,-5.167122
1783943753574,79.300000,304.984280,275.486376,282.311754,22.672526,8.558940,8.116828,3.841155
1783943753594,79.320000,289.345340,282.645095,289.376669,-0.031329,17.761715,17.397542,12.581525
1783943753614,79.340000,349.639680,289.443011,296.061690,53.577990,27.053103,26.766611,20.457542
1783943753634,79.360000,320.930570,295.883731,302.371982,18.558588,35.299139,35.089353,27.078672
1783943753654,79.380000,359.968870,301.971559,308.313424,51.655446,41.888021,41.753287,32.319530
1783943753674,79.400000,341.698000,307.711448,313.892560,27.805440,46.512059,46.450076,36.214504
1783943753694,79.420000,380.619700,313.108965,319.116535,61.503165,48.681646,48.689516,38.791916
1783943753714,79.440000,350.876460,318.170239,323.993040,26.883420,47.807124,47.881394,39.999043
1783943753734,79.460000,389.978060,322.901919,328.530252,61.447808,43.634208,43.770932,39.751270
1783943753754,79.480000,340.153320,327.311120,332.736770,7.416550,36.601903,36.796693,38.002926
1783943753774,79.500000,370.792330,331.405377,336.621554,34.170776,27.702428,27.950523,34.750340
1783943753794,79.520000,330.578120,335.192587,340.193862,-9.615742,17.845227,18.141552,30.001200
1783943753814,79.540000,362.248600,338.680958,343.463191,18.785409,7.534708,7.873943,23.798517
1783943753834,79.560000,321.206700,341.878956,346.439209,-25.232509,-2.721954,-2.345310,16.319567
1783943753854,79.580000,343.220830,344.795250,349.131702,-5.910872,-11.847085,-11.438642,7.965000
1783943753874,79.600000,291.896480,347.438656,351.550512,-59.654032,-18.351318,-17.916736,-0.675417
1783943753894,79.620000,329.203280,349.818086,353.705479,-24.502199,-21.468955,-21.013873,-8.974982
1783943753914,79.640000,311.755600,351.942494,355.606392,-43.850792,-22.058088,-21.588066,-16.386272
1783943753934,79.660000,332.333600,353.820829,357.262931,-24.929331,-22.022097,-21.542559,-22.411444
1783943753954,79.680000,308.805660,355.461982,358.684628,-49.878968,-23.064245,-22.580423,-26.528742
1783943753974,79.700000,339.754120,356.874743,359.880815,-20.126695,-25.936018,-25.452902,-28.249460
1783943753994,79.720000,290.432860,358.067757,360.860589,-70.427729,-30.152535,-29.674834,-27.315567
1783943754014,79.740000,325.963620,359.049485,361.632773,-35.669153,-34.349945,-33.882040,-23.883688
1783943754034,79.760000,289.689030,359.828162,362.205883,-72.516853,-37.158673,-36.704589,-18.545477
1783943754054,79.780000,324.301450,360.411771,362.588103,-38.286653,-37.699058,-37.262439,-12.157387
1783943754074,79.800000,292.726530,360.808008,362.787258,-70.060728,-35.572378,-35.156458,-5.563506
1783943754094,79.820000,334.044130,361.024257,362.810796,-28.766666,-30.753290,-30.360886,0.647363
1783943754114,79.840000,296.676100,361.067569,362.665771,-65.989671,-23.572868,-23.206368,6.231233
1783943754134,79.860000,349.052200,360.944644,362.358834,-13.306634,-14.926808,-14.588165,11.223595
1783943754154,79.880000,323.755580,360.661814,361.896224,-38.140644,-6.340593,-6.031330,15.813964
1783943754174,79.900000,365.267600,360.225037,361.283765,3.983835,0.579424,0.858204,20.238390
1783943754194,79.920000,337.815600,359.639885,360.526863,-22.711263,4.919156,5.166767,24.694033
1783943754214,79.940000,364.019900,358.911546,359.630515,4.389385,6.802151,7.018303,29.241165
1783943754234,79.960000,333.541200,358.044819,358.599310,-25.058110,7.067177,7.251969,33.698810
1783943754254,79.980000,368.719820,357.044122,357.437439,11.282381,6.612601,6.766496,37.618862
1783943754274,80.000000,338.323800,355.913493,356.148710,-17.824910,6.134921,6.258727,40.409866
1783943754294,80.020000,359.692000,354.656602,354.736558,4.955442,6.253822,6.348664,41.554707
1783943754314,80.040000,333.766020,353.276764,353.204063,-19.438043,7.311212,7.378489,40.780117
1783943754334,80.060000,368.709350,351.776947,351.553968,17.155382,8.954424,8.995749,38.102867
1783943754354,80.080000,343.877660,350.159794,349.788699,-5.911039,10.321368,10.338500,33.803870
1783943754374,80.100000,370.992770,348.427635,347.910383,23.082387,10.828877,10.823654,28.385864
1783943754394,80.120000,336.405640,346.582511,345.920877,-9.515237,10.707581,10.681884,22.479149
1783943754414,80.140000,364.428100,344.626190,343.823057,20.605043,10.758292,10.714066,16.666435
1783943754434,80.160000,332.094540,342.560190,341.617072,-9.522532,11.618205,11.557516,11.313531
1783943754454,80.180000,368.493530,340.385802,339.304090,29.189440,13.169986,13.095046,6.529411
1783943754474,80.200000,339.796570,338.104114,336.885104,2.911466,14.552371,14.465516,2.275143
1783943754494,80.220000,366.165100,335.716031,334.360950,31.804150,14.690253,14.593881,-1.484253
1783943754514,80.240000,334.476800,333.222301,331.732336,2.744464,12.786966,12.683476,-4.713555
1783943754534,80.260000,360.423000,330.623538,328.999861,31.423139,8.549577,8.441314,-7.357758
1783943754554,80.280000,324.851750,327.920247,326.164040,-1.312290,2.401201,2.290422,-9.432021
1783943754574,80.300000,341.291900,325.112843,323.225329,18.066571,-4.348674,-4.459832,-11.065197
1783943754594,80.320000,302.398130,322.201678,320.184144,-17.786014,-9.782977,-9.892512,-12.483630
1783943754614,80.340000,329.703860,319.187063,317.040883,12.662977,-12.137839,-12.243902,-13.957578
1783943754634,80.360000,294.192140,316.069285,313.795947,-19.603807,-10.563537,-10.664445,-15.709255
1783943754654,80.380000,329.680180,312.848632,310.449759,19.230421,-5.588636,-5.682886,-17.793688
1783943754674,80.400000,304.037840,309.525410,307.002779,-2.964939,0.802253,0.715970,-20.010576
1783943754694,80.420000,349.316000,306.099963,303.455525,45.860475,5.790199,5.712988,-21.905539
1783943754714,80.440000,313.913700,302.572691,299.808582,14.105118,7.133452,7.066205,-22.874254
1783943754734,80.460000,332.995270,298.944060,296.062623,36.932647,4.505429,4.448815,-22.363699
1783943754754,80.480000,283.811980,295.214625,292.218414,-8.406434,-0.498378,-0.543915,-20.142553
1783943754774,80.500000,306.880130,291.385037,288.276828,18.603302,-5.790090,-5.824333,-16.519900
1783943754794,80.520000,280.021670,287.456055,284.238852,-4.217182,-10.247660,-10.270620,-12.321828
1783943754814,80.540000,298.647030,283.428556,280.105594,18.541436,-13.878145,-13.890059,-8.559687
1783943754834,80.560000,264.581760,279.303544,275.878289,-11.296529,-17.016989,-17.018312,-5.988943
1783943754854,80.580000,282.577330,275.082155,271.558299,11.019031,-19.712321,-19.703726,-4.860034
1783943754874,80.600000,254.035310,270.765660,267.147120,-13.111810,-21.578561,-21.560928,-4.969217
1783943754894,80.620000,275.354220,266.355468,262.646375,12.707845,-21.728798,-21.703203,-5.866808
1783943754914,80.640000,229.857790,261.853128,258.057817,-28.200027,-18.925542,-18.893245,-7.049703
1783943754934,80.660000,274.690980,257.260325,253.383324,21.307656,-12.369666,-12.332084,-8.086769
1783943754954,80.680000,246.505540,252.578879,248.624890,-2.119350,-2.422337,-2.381010,-8.662366
1783943754974,80.700000,286.205470,247.810737,243.784621,42.420849,9.622806,9.666253,-8.526262
1783943754994,80.720000,257.342860,242.957967,238.864726,18.478134,22.169621,22.213525,-7.420855
1783943755014,80.740000,293.590150,238.022748,233.867499,59.722651,33.574662,33.617347,-5.104000
1783943755034,80.760000,275.356750,233.007358,228.795315,46.561435,42.251282,42.291046,-1.476271
1783943755054,80.780000,300.275020,227.914161,223.650606,76.624414,47.175811,47.210861,3.313097
1783943755074,80.800000,257.179960,222.745587,218.435850,38.744110,48.437078,48.465397,8.850615
1783943755094,80.820000,287.644500,217.504118,213.153548,74.490952,47.032026,47.051236,14.489249
1783943755114,80.840000,235.339740,212.192265,207.806205,27.533535,44.142618,44.149922,19.409372
1783943755134,80.860000,266.372650,206.812548,202.396309,63.976341,40.507576,40.499971,22.752054
1783943755154,80.880000,224.452400,201.367468,196.926306,27.526094,36.188349,36.163275,23.832708
1783943755174,80.900000,240.484470,195.859486,191.398577,49.085893,30.888861,30.845380,22.346039
1783943755194,80.920000,194.549410,190.290994,185.815412,8.733998,24.345212,24.285509,18.439573
1783943755214,80.940000,207.433520,184.664288,180.178989,27.254531,16.274265,16.204784,12.618093
1783943755234,80.960000,170.611150,178.981542,174.491344,-3.880194,6.259877,6.190860,5.556226
1783943755254,80.980000,177.532460,173.244778,168.754352,8.778108,-5.845480,-5.903616,-2.055522
1783943755274,81.000000,127.440430,167.455842,162.831564,-35.391134,-19.257108,-19.299896,-9.587756
1783943755294,81.020000,135.477750,161.616376,157.000327,-21.522577,-32.089920,-32.122167,-16.528547
1783943755314,81.040000,81.662580,155.727796,151.124216,-69.461636,-41.918519,-41.951006,-22.546152
1783943755334,81.060000,99.312800,149.791264,145.204237,-45.891437,-46.830090,-46.873451,-27.506110
1783943755354,81.080000,66.785780,143.807676,139.241128,-72.455348,-46.444025,-46.505085,-31.384773
1783943755374,81.100000,94.753296,137.777636,133.235356,-38.482060,-42.165217,-42.246483,-34.101310
1783943755394,81.120000,72.897970,131.701446,127.187098,-54.289128,-36.452431,-36.553188,-35.372930
1783943755414,81.140000,105.320440,125.579095,121.096240,-15.775800,-31.410480,-31.528255,-34.702908
1783943755434,81.160000,67.435684,119.410248,114.962370,-47.526686,-27.336693,-27.468414,-31.546043
1783943755454,81.180000,68.976654,113.194243,108.784776,-39.808122,-22.551555,-22.694190,-25.609800
1783943755474,81.200000,50.893410,106.930091,102.562451,-51.669041,-15.322442,-15.473199,-17.152351
1783943755494,81.220000,96.121050,100.616476,96.294101,-0.173051,-6.061690,-6.217963,-7.045500
1783943755514,81.240000,71.721664,94.251765,89.978145,-18.256481,2.743802,2.584579,3.540414
1783943755534,81.260000,93.186356,87.834017,83.612738,9.573618,8.344327,8.184806,13.628165
1783943755554,81.280000,65.846436,81.360995,77.195779,-11.349343,9.074276,8.917256,22.689405
1783943755574,81.300000,79.378136,74.830186,70.724931,8.653205,4.752861,4.601297,30.502356
1783943755594,81.320000,32.931084,68.238819,64.197644,-31.266560,-3.381743,-3.524782,36.845757
1783943755614,81.340000,52.931690,61.583889,57.611177,-4.679487,-13.159634,-13.291016,41.330166
1783943755634,81.360000,1.462961,54.862187,50.962623,-49.499662,-22.131159,-22.247752,43.452667
1783943755654,81.380000,24.237993,48.070325,44.248939,-20.010946,-28.121469,-28.220195,42.790615
1783943755674,81.400000,-19.138561,41.204772,37.466978,-56.605539,-29.778956,-29.856833,39.217205
1783943755694,81.420000,17.997885,34.261888,30.613519,-12.615634,-26.958991,-27.013178,33.044100
1783943755714,81.440000,-20.136383,27.237958,23.685302,-43.821685,-20.664805,-20.692638,25.042938
1783943755734,81.460000,22.044140,20.129238,16.679065,5.365075,-12.642000,-12.641029,16.340467
1783943755754,81.480000,-8.638963,12.931990,9.591578,-18.230541,-4.799124,-4.767146,8.205405
1783943755774,81.500000,18.591654,5.642525,2.419685,16.171969,1.404297,1.469205,1.774306
1783943755794,81.520000,-12.463688,-1.742750,-4.839665,-7.624023,5.215214,5.314657,-2.211271
1783943755814,81.540000,16.539421,-9.227293,-12.189374,28.728795,6.487571,6.622808,-3.570630
1783943755834,81.560000,-22.648912,-16.814380,-19.632160,-3.016752,5.679955,5.851875,-2.687467
1783943755854,81.580000,-5.315750,-24.507061,-27.170522,21.854772,3.828714,4.037806,-0.359773
1783943755874,81.600000,-32.272290,-32.308120,-34.806703,2.534413,2.215208,2.461545,2.427740
1783943755894,81.620000,-21.746021,-40.220029,-42.542654,20.796633,2.038805,2.322031,4.735058
1783943755914,81.640000,-53.575200,-48.244911,-50.380006,-3.195194,4.097260,4.416576,5.857258
1783943755934,81.660000,-24.591787,-56.384499,-58.320037,33.728250,8.270298,8.624458,5.442191
1783943755954,81.680000,-45.950123,-64.640101,-66.363644,20.413521,13.466547,13.853854,3.531273
1783943755974,81.700000,-21.382175,-73.012562,-74.511319,53.129144,18.518598,18.936902,0.538512
1783943755994,81.720000,-63.819980,-81.502239,-82.763125,18.943145,23.116119,23.562826,-2.858815
1783943756014,81.740000,-28.571175,-90.108968,-91.118677,62.547502,27.751376,28.223454,-5.951530
1783943756034,81.760000,-75.882270,-98.832041,-99.577128,23.694858,32.964817,33.458834,-8.262342
1783943756054,81.780000,-34.161950,-107.670186,-108.137149,73.975199,38.641381,39.153552,-9.671753
1783943756074,81.800000,-75.954544,-116.621550,-116.796930,40.842386,43.747483,44.273752,-10.339440
1783943756094,81.820000,-42.905910,-125.683686,-125.554161,82.648251,46.656851,47.192989,-10.521725
1783943756114,81.840000,-83.390390,-134.853542,-134.406041,51.015651,45.860374,46.402074,-10.432778
1783943756134,81.860000,-72.418950,-144.127465,-143.349274,70.930324,40.673646,41.216560,-10.220757
1783943756154,81.880000,-118.203320,-153.501191,-152.382180,34.178860,31.522033,32.061721,-10.044026
1783943756174,81.900000,-113.952960,-162.969858,-161.498265,47.545305,19.704075,20.235905,-10.163283
1783943756194,81.920000,-164.419720,-172.528010,-170.692768,6.273048,6.952874,7.471986,-10.954700
1783943756214,81.940000,-150.273440,-182.169614,-179.960464,29.687024,-4.898657,-4.397285,-12.807103
1783943756234,81.960000,-206.340840,-191.888071,-189.295680,-17.045160,-13.991666,-13.513101,-15.946769
1783943756254,81.980000,-205.256900,-201.676243,-198.692315,-6.564585,-18.763525,-18.312753,-20.304235
1783943756274,82.000000,-221.139070,-211.526471,-208.143856,-12.995214,-18.840638,-18.422454,-25.494925
1783943756294,82.020000,-216.702360,-221.430606,-217.643400,0.941040,-15.401261,-15.020194,-30.865799
1783943756314,82.040000,-241.968840,-231.380034,-227.183678,-14.785162,-10.572122,-10.232374,-35.558384
1783943756334,82.060000,-219.457030,-241.365712,-236.757081,17.300051,-6.713289,-6.418690,-38.623783
1783943756354,82.080000,-260.128300,-251.378197,-246.355678,-13.772622,-5.721295,-5.475264,-39.231365
1783943756374,82.100000,-242.454320,-261.407685,-255.971251,13.516931,-8.341183,-8.146692,-36.916054
1783943756394,82.120000,-295.403870,-271.444047,-265.595315,-29.808555,-13.956328,-13.815868,-31.747229
1783943756414,82.140000,-281.954350,-281.476867,-275.219147,-6.735203,-20.978435,-20.893982,-24.357160
1783943756434,82.160000,-327.395500,-291.495479,-284.833814,-42.561686,-27.515273,-27.488266,-15.811570
1783943756454,82.180000,-321.694300,-301.489010,-294.430200,-27.264100,-31.947763,-31.979079,-7.336449
1783943756474,82.200000,-349.603240,-311.446418,-303.999035,-45.604205,-33.337464,-33.427404,0.007404
1783943756494,82.220000,-338.037540,-321.356532,-313.530918,-24.506622,-31.492968,-31.641248,5.587667
1783943756514,82.240000,-368.740200,-331.208092,-323.016349,-45.723851,-26.673002,-26.878753,9.317952
1783943756534,82.260000,-359.948550,-340.989788,-332.445754,-27.502796,-19.560579,-19.822350,11.590402
1783943756554,82.280000,-373.940900,-350.690296,-341.809508,-32.131392,-11.696750,-12.012522,13.061147
1783943756574,82.300000,-353.412930,-360.298322,-351.097966,-2.314964,-5.454084,-5.821285,14.413567
1783943756594,82.320000,-384.537660,-369.802631,-360.301486,-24.236174,-3.006480,-3.422012,16.209532
1783943756614,82.340000,-372.659970,-379.192089,-369.410450,-3.249520,-5.111990,-5.572256,18.804016
1783943756634,82.360000,-415.584660,-388.455692,-378.415293,-37.169367,-10.591798,-11.092738,22.244263
1783943756654,82.380000,-413.434480,-397.582605,-387.306524,-26.127956,-16.678819,-17.215950,26.175928
1783943756674,82.400000,-447.070070,-406.562186,-396.074749,-50.995321,-20.058854,-20.627315,29.872240
1783943756694,82.420000,-436.333300,-415.384023,-404.710690,-31.622610,-18.065664,-18.660267,32.451890
1783943756714,82.440000,-461.691220,-424.037959,-413.205211,-48.486009,-9.595232,-10.210515,33.212772
1783943756734,82.460000,-420.242980,-432.514120,-421.549337,1.306357,4.495571,3.865290,31.935823
1783943756754,82.480000,-447.131400,-440.802940,-429.734271,-17.397129,21.835549,21.196108,29.030647
1783943756774,82.500000,-413.862580,-448.895187,-437.751418,23.888838,39.371044,38.728373,25.441880
1783943756794,82.520000,-420.528780,-456.781982,-445.592400,25.063620,53.940791,53.300846,22.334650
1783943756814,82.540000,-403.328600,-464.454821,-453.249076,49.920476,63.032280,62.400980,20.698181
1783943756834,82.560000,-434.086980,-471.905596,-460.713558,26.626578,65.652120,65.035269,21.026102
1783943756854,82.580000,-421.134640,-479.126612,-467.978228,46.843588,62.438149,61.841370,23.152939
1783943756874,82.600000,-465.873570,-486.110603,-475.035759,9.162189,55.055943,54.484606,26.261133
1783943756894,82.620000,-457.156800,-492.850746,-481.879125,24.722325,45.383527,44.842674,29.070383
1783943756914,82.640000,-491.274780,-499.340677,-488.501619,-2.773161,34.867848,34.362125,30.195513
1783943756934,82.660000,-489.220640,-505.574500,-494.896872,5.676232,24.476320,24.009904,28.560898
1783943756954,82.680000,-533.709530,-511.546797,-501.058861,-32.650669,14.903797,14.480334,23.698418
1783943756974,82.700000,-520.077940,-517.252633,-506.981926,-13.096014,6.382803,6.005338,15.817386
1783943756994,82.720000,-553.271900,-522.687566,-512.660783,-40.611117,-1.502177,-1.831253,5.675970
1783943757014,82.740000,-541.074040,-527.847640,-518.090532,-22.983508,-9.338064,-9.617068,-5.621414
1783943757034,82.760000,-582.814800,-532.729392,-523.266669,-59.548131,-17.150212,-17.378215,-16.827614
1783943757054,82.780000,-571.642700,-537.329839,-528.185090,-43.457610,-24.249854,-24.426716,-26.776490
1783943757074,82.800000,-606.656200,-541.646479,-532.842098,-73.814102,-29.764748,-29.891150,-34.609455
1783943757094,82.820000,-587.246200,-545.677268,-537.234401,-50.011799,-33.275847,-33.353301,-39.897923
1783943757114,82.840000,-612.271400,-549.420615,-541.359117,-70.912283,-35.025553,-35.056417,-42.590130
1783943757134,82.860000,-596.740050,-552.875355,-545.213760,-51.526290,-35.665780,-35.653247,-42.845917
1783943757154,82.880000,-619.343900,-556.040725,-548.796240,-70.547660,-35.963950,-35.912033,-40.897045
1783943757174,82.900000,-595.985600,-558.916344,-552.104846,-43.880754,-36.635268,-36.548770,-37.004772
1783943757194,82.920000,-621.408260,-561.502170,-555.138229,-66.270031,-38.049641,-37.934111,-31.479730
1783943757214,82.940000,-609.729400,-563.798474,-557.895383,-51.834017,-40.001316,-39.862984,-24.709020
1783943757234,82.960000,-629.880000,-565.805796,-560.375621,-69.504379,-42.018408,-41.864112,-17.174517
1783943757254,82.980000,-610.587900,-567.524905,-562.578540,-48.009360,-43.926209,-43.763297,-9.444976
1783943757274,83.000000,-629.230500,-568.956749,-564.503995,-64.726505,-45.985330,-45.821560,-2.103715
1783943757294,83.020000,-605.002140,-570.102413,-566.152053,-38.850087,-48.467125,-48.310549,4.380564
1783943757314,83.040000,-635.074300,-570.963064,-567.522958,-67.551342,-51.058502,-50.917370,9.753001
1783943757334,83.060000,-608.044430,-571.539897,-568.617080,-39.427350,-52.666441,-52.549119,13.961751
1783943757354,83.080000,-626.410900,-571.834085,-569.434867,-56.976033,-51.691393,-51.606311,17.068026
1783943757374,83.100000,-599.589400,-571.846720,-569.976797,-29.612603,-46.375833,-46.331432,19.176495
1783943757394,83.120000,-611.807740,-571.578761,-570.243314,-41.564426,-35.311812,-35.316455,20.432440
1783943757414,83.140000,-566.530760,-571.030975,-570.232730,3.701970,-18.258691,-18.320480,21.054903
1783943757434,83.160000,-572.272800,-570.203886,-569.946585,-2.326215,3.143567,3.017066,21.360357
1783943757454,83.180000,-504.813000,-569.097720,-569.384919,64.571919,25.295385,25.097406,21.764078
1783943757474,83.200000,-504.793330,-567.712358,-568.547505,63.754175,43.702597,43.427385,22.756815
1783943757494,83.220000,-473.965400,-566.047288,-567.433792,93.468392,54.867104,54.510054,24.807203
1783943757514,83.240000,-489.295230,-564.101561,-566.042851,76.747621,57.481713,57.039481,28.136660
1783943757534,83.260000,-471.659060,-561.873755,-564.373317,92.714257,52.262465,51.733051,32.438328
1783943757554,83.280000,-491.782600,-559.361942,-562.423337,70.640737,41.273038,40.655873,36.747234
1783943757574,83.300000,-486.538640,-556.563660,-560.190526,73.651886,27.442389,26.738405,39.625027
1783943757594,83.320000,-518.589840,-553.475893,-557.671922,39.082082,14.055327,13.267027,39.586380
1783943757614,83.340000,-498.037400,-550.095059,-554.863950,56.826550,3.924194,3.055701,35.539692
1783943757634,83.360000,-525.097660,-546.416999,-551.762390,26.664730,-1.338748,-2.281656,27.092775
1783943757654,83.380000,-495.790860,-542.436982,-548.362357,52.571497,-1.589430,-2.599312,14.686745
1783943757674,83.400000,-499.606540,-538.149711,-544.658283,45.051743,2.066700,0.998940,-0.445546
1783943757694,83.420000,-475.850600,-533.549335,-540.643905,64.793305,8.072501,6.957574,-16.494967
1783943757714,83.440000,-479.292760,-528.629478,-536.312269,57.019509,15.309254,14.159427,-31.440786
1783943757734,83.460000,-453.647030,-523.383265,-531.655736,78.008706,23.404945,22.233956,-43.483948
1783943757754,83.480000,-465.333470,-517.803364,-526.665998,61.332528,32.383363,31.206307,-51.426174
1783943757774,83.500000,-425.186520,-511.882029,-521.334105,96.147585,41.916200,40.749397,-54.865955
1783943757794,83.520000,-424.895020,-505.611155,-515.650496,90.755476,50.947781,49.808614,-54.135586
1783943757814,83.540000,-403.263500,-498.982340,-509.605052,106.341552,58.173262,57.079989,-50.041320
1783943757834,83.560000,-404.169040,-491.986954,-503.187143,99.018103,62.645980,61.617524,-43.580444
1783943757854,83.580000,-390.635250,-484.616212,-496.385697,105.750447,63.927251,62.982962,-35.775074
1783943757874,83.600000,-405.225950,-476.861257,-489.189273,83.963323,61.868824,61.028218,-27.628410
1783943757894,83.620000,-379.066830,-468.713248,-481.586149,102.519319,56.291693,55.574182,-20.099554
1783943757914,83.640000,-404.222500,-460.163453,-473.564415,69.341915,47.137690,46.562307,-14.014598
1783943757934,83.660000,-390.057620,-451.203348,-465.112078,75.054458,35.099722,34.684859,-9.946488
1783943757954,83.680000,-422.627500,-441.824717,-456.217176,33.589676,21.924163,21.687327,-8.153163
1783943757974,83.700000,-414.170470,-432.019758,-446.867904,32.697434,9.937954,9.895547,-8.618028
1783943757994,83.720000,-437.983760,-421.781192,-437.052743,-0.931017,0.990807,1.157898,-11.136341
1783943758014,83.740000,-403.659000,-411.102367,-426.760596,23.101596,-4.398163,-4.008126,-15.336408
1783943758034,83.760000,-428.211500,-399.977373,-415.980938,-12.230562,-6.875581,-6.251197,-20.608707
1783943758054,83.780000,-395.471920,-388.401144,-404.703961,9.232041,-7.460115,-6.592656,-26.055588
1783943758074,83.800000,-408.723750,-376.369571,-392.920731,-15.803019,-6.978349,-5.862581,-30.590836
1783943758094,83.820000,-384.568400,-363.879600,-380.623341,-3.945059,-5.861704,-4.496724,-33.188725
1783943758114,83.840000,-398.488300,-350.929336,-367.805071,-30.683229,-4.383234,-2.772918,-33.156000
1783943758134,83.860000,-363.340670,-337.518137,-354.460543,-8.880127,-3.296357,-1.448782,-30.290610
1783943758154,83.880000,-370.274350,-323.646702,-340.585877,-29.688473,-4.109888,-2.035059,-24.867432
1783943758174,83.900000,-338.424350,-309.317161,-326.178842,-12.245508,-8.451961,-6.157579,-17.478542
1783943758194,83.920000,-356.754270,-294.533143,-311.239000,-45.515270,-16.945164,-14.431252,-8.836741
1783943758214,83.940000,-347.322570,-279.299852,-295.767846,-51.554724,-28.585414,-25.840397,0.323339
1783943758234,83.960000,-362.418520,-263.624118,-279.768937,-82.649583,-41.281141,-38.284012,9.221370
1783943758254,83.980000,-338.597100,-247.514453,-263.248011,-75.349089,-52.962209,-49.696469,17.016706
1783943758274,84.000000,-357.951230,-230.981090,-246.730243,-111.220987,-62.251837,-58.728427,22.934900
1783943758294,84.020000,-318.752080,-214.036004,-229.180023,-89.572057,-68.620557,-64.889679,26.502533
1783943758314,84.040000,-327.011600,-196.692937,-211.136920,-115.874680,-72.154408,-68.292062,27.736090
1783943758334,84.060000,-293.405270,-178.967399,-192.616275,-100.788995,-73.012242,-69.096317,27.160128
1783943758354,84.080000,-299.457580,-160.876661,-173.635990,-125.821590,-71.229031,-67.325054,25.639830
1783943758374,84.100000,-249.533140,-142.439734,-154.216542,-95.316598,-67.121312,-63.280288,24.110840
1783943758394,84.120000,-242.419270,-123.677341,-134.380975,-108.038295,-61.518442,-57.780742,23.343460
1783943758414,84.140000,-198.130390,-104.611867,-114.154872,-83.975518,-55.360873,-51.761429,23.839850
1783943758434,84.160000,-182.712720,-85.267308,-93.566304,-89.146416,-49.120697,-45.692900,25.834763
1783943758454,84.180000,-143.954770,-65.669199,-72.645751,-71.309019,-42.464693,-39.242250,29.306314
1783943758474,84.200000,-137.789200,-45.844536,-51.426005,-86.363195,-34.471087,-31.488170,33.961533
1783943758494,84.220000,-85.091446,-25.821686,-29.942046,-55.149400,-24.590607,-21.881011,39.242370
1783943758514,84.240000,-66.088650,-5.630286,-8.230899,-57.857751,-13.609792,-11.205775,44.419964
1783943758534,84.260000,-9.194902,14.698866,13.668532,-22.863434,-3.647526,-1.578744,48.789413
1783943758554,84.280000,12.102176,35.133930,35.715649,-23.613473,2.904936,4.612230,51.881306
1783943758574,84.300000,51.754917,55.642148,57.868364,-6.113447,4.902111,6.225596,53.547283
1783943758594,84.320000,53.864998,76.189982,80.083313,-26.218315,3.407900,4.329513,53.840565
1783943758614,84.340000,82.535700,96.743244,102.316094,-19.780394,1.241124,1.747269,52.768494
1783943758634,84.360000,94.282190,117.267245,124.521507,-30.239317,1.308330,1.390020,50.106480
1783943758654,84.380000,148.785800,137.726941,146.653807,2.131993,5.059531,4.712488,45.450024
1783943758674,84.400000,156.288480,158.087082,168.666966,-12.378486,12.173559,11.398278,38.511440
1783943758694,84.420000,217.021990,178.312359,190.514933,26.507057,21.134150,19.935915,29.443998
1783943758714,84.440000,228.232120,198.367564,212.151896,16.080224,29.966192,28.355038,18.942423
1783943758734,84.460000,280.436600,218.217732,233.532551,46.904049,36.968237,34.958839,8.056127
1783943758754,84.480000,287.527100,237.828299,254.612351,32.914749,41.244787,38.856286,-2.151331
1783943758774,84.500000,328.447300,257.165240,275.347763,53.099537,42.807886,40.063646,-10.918681
1783943758794,84.520000,333.656220,276.195221,295.696505,37.959715,42.287737,39.215036,-17.969437
1783943758814,84.540000,362.930850,294.885732,315.617780,47.313070,40.397388,37.027057,-23.518562
1783943758834,84.560000,381.906370,313.205221,335.072484,46.833886,37.456053,33.822063,-28.118143
1783943758854,84.580000,408.329600,331.123226,354.023413,54.306187,33.527071,29.666077,-32.403280
1783943758874,84.600000,404.641600,348.610488,372.435437,32.206163,29.011380,24.962234,-36.850014
1783943758894,84.620000,440.286770,365.639072,390.275671,50.011099,24.777149,20.580388,-41.663715
1783943758914,84.640000,437.853640,382.182463,407.513612,30.340028,21.843401,17.540716,-46.810547
1783943758934,84.660000,464.326840,398.215670,424.121263,40.205577,21.093774,16.727472,-52.101105
1783943758954,84.680000,464.695920,413.715307,440.073233,24.622687,22.757679,18.370157,-57.250620
1783943758974,84.700000,517.123200,428.659672,455.346816,61.776384,25.926899,21.560118,-61.905487
1783943758994,84.720000,507.100460,443.028817,469.922049,37.178411,29.020357,24.715346,-65.645010
1783943759014,84.740000,547.333740,456.804599,483.781746,63.551994,30.845512,26.641874,-67.995220
1783943759034,84.760000,537.095950,469.970732,496.911510,40.184440,31.169552,27.105000,-68.524536
1783943759054,84.780000,563.878850,482.512822,509.299730,54.579120,30.604045,26.713928,-67.021200
1783943759074,84.800000,557.451660,494.418392,520.937551,36.514109,30.056316,26.373163,-63.631573
1783943759094,84.820000,583.602800,505.676898,531.818830,51.783970,30.077720,26.630807,-58.838978
1783943759114,84.840000,571.172060,516.279732,541.940074,29.231986,30.412361,27.227357,-53.297100
1783943759134,84.860000,608.871340,526.220221,551.300367,57.570973,29.864163,26.962943,-47.620502
1783943759154,84.880000,591.675800,535.493609,559.904934,31.770866,26.799065,24.199745,-42.220676
1783943759174,84.900000,608.686950,544.097034,567.753642,40.933308,20.130584,17.847696,-37.250893
1783943759194,84.920000,590.902900,552.029494,574.852575,16.050325,10.004902,8.049510,-32.683624
1783943759214,84.940000,583.852100,559.291803,581.209951,2.642149,-2.191101,-3.811419,-28.476736
1783943759234,84.960000,566.924300,565.886544,586.835988,-19.911688,-14.551875,-15.833098,-24.725805
1783943759254,84.980000,576.656740,571.818012,591.742766,-15.086026,-25.614979,-26.556675,-21.682276
1783943759274,85.000000,557.694300,577.092145,595.944083,-38.249783,-34.577912,-35.183192,-19.600092
1783943759294,85.020000,568.631200,581.716459,599.455307,-30.824107,-40.775058,-41.050442,-18.512987
1783943759314,85.040000,543.878800,585.699967,602.293231,-58.414431,-43.311632,-43.266844,-18.112673
1783943759334,85.060000,564.105000,589.053103,604.475921,-40.370921,-41.359879,-41.007591,-17.821413
1783943759354,85.080000,549.651400,591.787635,606.022574,-56.371174,-34.843596,-34.199146,-16.978409
1783943759374,85.100000,580.476900,593.916578,606.953369,-26.476469,-24.896067,-23.977144,-14.988276
1783943759394,85.120000,577.292100,595.454101,607.289332,-29.997232,-13.678359,-12.504692,-11.372485
1783943759414,85.140000,601.981100,596.415437,607.052195,-5.071095,-3.552236,-2.145268,-5.778139
1783943759434,85.160000,586.393250,596.816785,606.264264,-19.871014,3.822036,5.439474,1.966674
1783943759454,85.180000,600.881650,596.675219,604.948296,-4.066646,7.753250,9.557272,11.725533
1783943759474,85.200000,587.882570,596.008585,603.127376,-15.244806,8.203343,10.169326,22.936373
1783943759494,85.220000,599.533140,594.835413,600.824801,-1.291661,5.600053,7.702960,34.632250
1783943759514,85.240000,562.916300,593.174812,598.063977,-35.147677,0.896287,3.110972,45.630860
1783943759534,85.260000,576.840400,591.046383,594.868313,-18.027913,-4.780665,-2.479165,54.781982
1783943759554,85.280000,556.884400,588.470119,591.261129,-34.376729,-10.664747,-8.300935,61.172840
1783943759574,85.300000,553.028800,585.466321,587.265570,-34.236770,-16.271189,-13.868858,64.282870
1783943759594,85.320000,528.038200,582.055500,582.904526,-54.866326,-21.198660,-18.780662,64.069930
1783943759614,85.340000,540.118100,578.258300,578.200560,-38.082460,-25.397370,-22.985413,60.937150
1783943759634,85.360000,511.566350,574.095409,573.175845,-61.609495,-29.273207,-26.887677,55.596447
1783943759654,85.380000,527.482300,569.587483,567.852100,-40.369800,-33.275155,-30.934969,48.918050
1783943759674,85.400000,495.378600,564.755069,562.250549,-66.871949,-37.330997,-35.053479,41.808530
1783943759694,85.420000,504.461000,559.618537,556.391866,-51.930866,-40.548452,-38.349243,35.082330
1783943759714,85.440000,474.421800,554.198014,550.296145,-75.874345,-41.523868,-39.416860,29.325401
1783943759734,85.460000,496.311770,548.513321,543.982864,-47.671094,-39.081521,-37.078819,24.821562
1783943759754,85.480000,473.474900,542.583918,537.470860,-63.995960,-32.825791,-30.937700,21.600740
1783943759774,85.500000,503.001950,536.428853,530.778306,-27.776356,-23.241805,-21.476841,19.585960
1783943759794,85.520000,482.261600,530.066715,523.922696,-41.661096,-11.536839,-9.901764,18.736685
1783943759814,85.540000,511.864620,523.515595,516.920833,-5.056213,0.523440,2.023569,19.089280
1783943759834,85.560000,508.044300,516.793045,509.788818,-1.744518,10.927449,12.289208,20.694578
1783943759854,85.580000,519.759950,509.916052,502.542047,17.217903,18.218525,19.440035,23.526552
1783943759874,85.600000,490.577640,502.901005,495.195207,-4.617567,22.103634,23.184466,27.391348
1783943759894,85.620000,517.697400,495.763674,487.762279,29.935121,23.060204,24.001273,31.836985
1783943759914,85.640000,484.692750,488.519192,480.256537,4.436213,21.763549,22.566994,36.134155
1783943759934,85.660000,498.538300,481.182035,472.690553,25.847747,19.073055,19.742120,39.406223
1783943759954,85.680000,462.729400,473.766013,465.076206,-2.346806,15.967646,16.506555,40.858204
1783943759974,85.700000,479.464630,466.284258,457.424687,22.039943,13.117046,13.530876,39.961613
1783943759994,85.720000,451.100900,458.749220,449.746507,1.354393,10.602116,10.896672,36.536990
1783943760014,85.740000,468.723820,451.172662,442.051509,26.672311,8.195543,8.377235,30.781050
1783943760034,85.760000,430.078300,443.565656,434.348876,-4.270576,5.925449,6.001169,23.242567
1783943760054,85.780000,445.993100,435.938591,426.647146,19.345954,4.230260,4.207268,14.698911
1783943760074,85.800000,425.076930,428.301168,418.954218,6.122712,3.706476,3.592289,5.962675
1783943760094,85.820000,427.986570,420.662408,411.277370,16.709200,5.000285,4.802575,-2.273056
1783943760114,85.840000,406.239700,413.030659,403.623269,2.616431,8.575443,8.301939,-9.498634
1783943760134,85.860000,434.076970,405.413604,395.997981,38.078989,14.161141,13.819542,-15.387741
1783943760154,85.880000,410.650570,397.818267,388.406989,22.243581,20.728000,20.325895,-19.755140
1783943760174,85.900000,432.201970,390.251025,380.855202,51.346768,27.128203,26.673001,-22.491020
1783943760194,85.920000,408.393550,382.717617,373.346966,35.046584,32.571215,32.070084,-23.532760
1783943760214,85.940000,422.915830,375.223159,365.886081,57.029749,36.625595,36.085408,-22.924600
1783943760234,85.960000,399.758360,367.772148,358.475807,41.282553,38.938373,38.365675,-20.910500
1783943760254,85.980000,408.921700,360.368481,351.118880,57.802820,38.921173,38.322145,-17.955040
1783943760274,86.000000,388.305730,353.015463,343.817523,44.488207,35.690849,35.071291,-14.663432
1783943760294,86.020000,395.323640,345.715820,336.573452,58.750188,28.538329,27.903639,-11.644852
1783943760314,86.040000,348.279850,338.471711,329.387895,18.891955,17.674938,17.030092,-9.395325
1783943760334,86.060000,347.860750,331.284743,322.261595,25.599155,4.340922,3.690450,-8.272988
1783943760354,86.080000,313.489040,324.155976,315.194828,-1.705788,-9.819525,-10.471573,-8.545709
1783943760374,86.100000,312.231720,317.085946,308.187409,4.044311,-23.114576,-23.764662,-10.397474
1783943760394,86.120000,269.621860,310.074671,301.238708,-31.616848,-33.721960,-34.367059,-13.838128
1783943760414,86.140000,271.307800,303.121666,294.348663,-23.040863,-40.005560,-40.643118,-18.607698
1783943760434,86.160000,250.110960,296.225961,287.515027,-37.404067,-41.316832,-41.944678,-24.177195
1783943760454,86.180000,262.188840,289.386114,280.735885,-18.547045,-38.419274,-39.035541,-29.814490
1783943760474,86.200000,250.464070,282.600226,274.008936,-23.544866,-33.088743,-33.691817,-34.644337
1783943760494,86.220000,265.343320,275.865961,267.331504,-1.988184,-27.182157,-27.770655,-37.726177
1783943760514,86.240000,240.803470,269.180565,260.700555,-19.897085,-21.775725,-22.348485,-38.219547
1783943760534,86.260000,252.356960,262.540880,254.112719,-1.755759,-17.044068,-17.600137,-35.627884
1783943760554,86.280000,242.387860,255.943372,247.564302,-5.176442,-12.770948,-13.309561,-29.995691
1783943760574,86.300000,249.793950,249.384146,241.051313,8.742637,-8.624549,-9.145108,-21.918722
1783943760594,86.320000,237.083010,242.858969,234.569481,2.513529,-4.033454,-4.535501,-12.352226
1783943760614,86.340000,242.901700,236.363297,228.114275,14.787425,1.771403,1.288218,-2.345785
1783943760634,86.360000,222.754490,229.892293,221.680931,1.073559,9.202476,8.738421,7.150224
1783943760654,86.380000,252.962480,223.440851,215.264466,37.698014,17.534255,17.089544,15.383820
1783943760674,86.400000,237.192920,217.003626,208.859710,28.333210,24.878430,24.453250,21.881323
1783943760694,86.420000,246.296940,210.575049,202.461321,43.835619,29.146814,28.741345,26.513388
1783943760714,86.440000,236.734310,204.149360,196.063813,40.670497,29.047799,28.662237,29.458918
1783943760734,86.460000,223.608550,197.720627,189.661576,33.946974,24.645930,24.280507,31.027243
1783943760754,86.480000,196.092880,191.282773,183.248902,12.843978,17.243817,16.898816,31.418259
1783943760774,86.500000,195.552700,184.829597,176.820003,18.732697,8.430455,8.106226,30.569977
1783943760794,86.520000,175.285280,178.354805,170.369042,4.916238,-0.701371,-1.004399,28.202494
1783943760814,86.540000,167.459180,171.852027,163.890147,3.569033,-9.370219,-9.651528,24.041946
1783943760834,86.560000,143.474980,165.314844,157.377441,-13.902461,-16.613520,-16.872498,18.073296
1783943760854,86.580000,142.664660,158.736812,150.825062,-8.160402,-21.223835,-21.459771,10.643401
1783943760874,86.600000,119.496000,152.111490,144.227185,-24.731185,-22.071897,-22.283983,2.381279
1783943760894,86.620000,122.271810,145.432456,137.578048,-15.306238,-18.706246,-18.893580,-5.954640
1783943760914,86.640000,120.618940,138.693339,130.871970,-10.253030,-12.010709,-12.172299,-13.598285
1783943760934,86.660000,140.598110,131.887841,124.103381,16.494729,-4.085501,-4.220271,-19.828272
1783943760954,86.680000,115.558150,125.009760,117.266836,-1.708686,2.849220,2.742418,-23.986084
1783943760974,86.700000,135.885160,118.053016,110.357043,25.528117,7.366487,7.288867,-25.555395
1783943760994,86.720000,113.512010,111.011673,103.368883,10.143127,9.031450,8.984281,-24.332937
1783943761014,86.740000,114.103010,103.879970,96.297431,17.805579,8.339426,8.324014,-20.584076
1783943761034,86.760000,94.134040,96.652334,89.137977,4.996063,6.331489,6.349149,-15.052406
1783943761054,86.780000,98.229780,89.323416,81.886044,16.343736,3.958137,4.010148,-8.798052
1783943761074,86.800000,77.747910,81.888104,74.537412,3.210498,1.765504,1.853047,-2.935291
1783943761094,86.820000,79.250820,74.341551,67.088130,12.162690,-0.046580,0.077506,1.637342
1783943761114,86.840000,60.460907,66.679198,59.534541,0.926366,-1.514753,-1.353333,4.417710
1783943761134,86.860000,62.058640,58.896793,51.873292,10.185348,-2.826818,-2.627492,5.331855
1783943761154,86.880000,42.156654,50.990414,44.101352,-1.944698,-4.221103,-3.983400,4.644870
1783943761174,86.900000,45.978460,42.956490,36.216030,9.762430,-5.873127,-5.596433,2.821858
1783943761194,86.920000,18.196040,34.791822,28.214984,-10.018944,-7.824317,-7.507519,0.387966
1783943761214,86.940000,28.730932,26.493599,20.096236,8.634696,-10.026180,-9.667374,-2.187571
1783943761234,86.960000,-0.904332,18.059420,11.858185,-12.762517,-12.360693,-11.957233,-4.560194
1783943761254,86.980000,9.708137,9.487311,3.499612,6.208525,-14.506984,-14.056292,-6.522008
1783943761274,87.000000,-19.778460,0.775742,-5.012881,-14.765579,-15.801312,-15.302333,-7.974345
1783943761294,87.020000,-8.992393,-8.076358,-13.617421,4.625028,-15.253921,-14.708048,-8.891690
1783943761314,87.040000,-41.436115,-17.069586,-22.343827,-19.092288,-11.884293,-11.294790,-9.297902
1783943761334,87.060000,-25.306790,-26.204047,-31.191692,5.884902,-5.486251,-4.856951,-9.251712
1783943761354,87.080000,-28.718994,-35.479349,-40.160187,11.441193,2.765037,3.430578,-8.811089
1783943761374,87.100000,-20.984781,-44.894584,-49.248060,28.263279,10.781913,11.480591,-7.955675
1783943761394,87.120000,-36.881596,-54.448324,-58.453632,21.572036,16.712334,17.441320,-6.532814
1783943761414,87.140000,-39.895740,-64.138608,-67.774796,27.879056,19.501542,20.257995,-4.337301
1783943761434,87.160000,-45.756550,-73.962940,-77.209021,31.452471,18.767778,19.548618,-1.312241
1783943761454,87.180000,-53.866960,-83.918282,-86.753351,32.886391,14.921719,15.723494,2.303647
1783943761474,87.200000,-85.966830,-94.001049,-96.404409,10.437579,9.538441,10.357301,6.003961
1783943761494,87.220000,-97.050620,-104.207112,-106.158403,9.107783,4.887550,5.719277,9.141776
1783943761514,87.240000,-111.121910,-114.531797,-116.011131,4.889221,2.597206,3.437268,11.057209
1783943761534,87.260000,-109.237610,-124.969890,-125.957990,16.720380,2.845682,3.689300,11.235477
1783943761554,87.280000,-127.949560,-135.515637,-135.993980,8.044420,4.720071,5.562267,9.518908
1783943761574,87.300000,-131.406220,-146.162757,-146.113718,14.707498,6.932871,7.768515,6.240418
1783943761594,87.320000,-141.241120,-156.904448,-156.311448,15.070328,8.226476,9.050323,2.132320
1783943761614,87.340000,-153.952120,-167.733399,-166.581047,12.628927,7.670891,8.477615,-1.943936
1783943761634,87.360000,-168.252120,-178.641799,-176.916042,8.663922,4.933638,5.717874,-5.276690
1783943761654,87.380000,-173.621170,-189.621357,-187.309621,13.688451,0.450928,1.207308,-7.469859
1783943761674,87.400000,-213.384460,-200.663312,-197.754645,-15.629815,-4.505752,-3.782554,-8.480872
1783943761694,87.420000,-216.392910,-211.758458,-208.243662,-8.149248,-8.394928,-7.710158,-8.576456
1783943761714,87.440000,-228.037500,-222.897157,-218.768923,-9.268577,-10.380256,-9.739031,-8.220611
1783943761734,87.460000,-240.226040,-234.069360,-229.322390,-10.903650,-10.504209,-9.911477,-7.882950
1783943761754,87.480000,-250.651200,-245.264633,-239.895758,-10.755442,-9.142190,-8.602685,-7.824856
1783943761774,87.500000,-255.977260,-256.472178,-250.480464,-5.496796,-6.592779,-6.110985,-7.991779
1783943761794,87.520000,-274.487730,-267.680855,-261.067704,-13.420026,-2.937560,-2.517674,-8.086631
1783943761814,87.540000,-271.920380,-278.879210,-271.648446,-0.271934,1.819619,2.173726,-7.750315
1783943761834,87.560000,-289.981140,-290.055499,-282.213446,-7.767694,7.421170,7.705982,-6.715811
1783943761854,87.580000,-282.758580,-301.197718,-292.753261,9.994681,13.154314,13.366701,-4.875216
1783943761874,87.600000,-299.691860,-312.293627,-303.258263,3.566403,17.950390,18.087639,-2.267100
1783943761894,87.620000,-303.298300,-323.330778,-313.718658,10.420358,20.679515,20.739348,0.968038
1783943761914,87.640000,-311.469850,-334.296550,-324.124492,12.654642,20.472110,20.452709,4.613323
1783943761934,87.660000,-325.009830,-345.178170,-334.465674,9.455844,17.207680,17.107687,8.383076
1783943761954,87.680000,-355.474180,-355.962749,-344.731983,-10.742197,11.891444,11.709956,11.925969
1783943761974,87.700000,-363.628970,-366.637306,-354.913089,-8.715881,6.191544,5.928092,14.822987
1783943761994,87.720000,-384.364800,-377.188805,-364.998559,-19.366241,1.494380,1.148890,16.613474
1783943762014,87.740000,-391.950530,-387.604177,-374.977881,-16.972649,-1.565538,-1.992770,16.904154
1783943762034,87.760000,-408.534240,-397.870356,-384.840470,-23.693770,-3.022815,-3.531119,15.542621
1783943762054,87.780000,-415.718100,-407.974302,-394.575686,-21.142414,-3.342382,-3.930648,12.734336
1783943762074,87.800000,-431.377800,-417.903033,-404.172846,-27.204954,-3.234522,-3.901038,9.004954
1783943762094,87.820000,-434.315730,-427.643651,-413.621241,-20.694489,-3.526330,-4.268557,5.039368
1783943762114,87.840000,-443.297600,-437.183368,-422.910146,-20.387454,-4.841932,-5.656296,1.502159
1783943762134,87.860000,-473.871580,-446.509531,-432.028851,-41.842729,-7.242850,-8.124754,-1.101485
1783943762154,87.880000,-473.782600,-455.609647,-440.974849,-32.807751,-10.553775,-11.497977,-2.530680
1783943762174,87.900000,-479.534500,-464.471402,-449.729590,-29.804910,-14.897715,-15.898931,-2.849832
1783943762194,87.920000,-502.431340,-473.082684,-458.282356,-44.148984,-20.284410,-21.337747,-2.345948
1783943762214,87.940000,-515.701000,-481.431604,-466.622471,-49.078529,-25.963562,-27.064592,-1.369834
1783943762234,87.960000,-528.537500,-489.506507,-474.739312,-53.798188,-30.633051,-31.777675,-0.233595
1783943762254,87.980000,-531.091900,-497.295994,-482.622322,-48.469578,-32.917314,-34.101569,0.803557
1783943762274,88.000000,-552.503540,-504.788931,-490.261015,-62.242525,-31.567514,-32.787432,1.556458
1783943762294,88.020000,-547.969000,-511.974461,-497.644990,-50.324010,-25.925889,-27.177433,1.973341
1783943762314,88.040000,-546.618200,-518.842017,-504.763938,-41.854262,-16.694134,-17.973191,2.167561
1783943762334,88.060000,-532.619260,-525.381326,-511.607647,-21.011613,-6.052848,-7.355256,2.409857
1783943762354,88.080000,-523.542970,-531.582418,-518.166012,-5.376958,3.353120,2.031543,3.113158
1783943762374,88.100000,-532.628400,-537.435630,-524.429040,-8.199360,9.878331,8.541757,4.766117
1783943762394,88.120000,-543.213900,-542.931611,-530.386853,-12.827047,13.415278,12.067857,7.732465
1783943762414,88.140000,-535.443900,-548.061322,-536.029695,0.585795,14.556353,13.202217,11.979221
1783943762434,88.160000,-542.416260,-552.816040,-541.347933,-1.068327,13.728052,12.371322,16.957972
1783943762454,88.180000,-539.619750,-557.187357,-546.332063,6.712313,11.347374,9.992177,21.777208
1783943762474,88.200000,-553.389160,-561.167183,-550.972711,-2.416449,8.430999,7.081483,25.544016
1783943762494,88.220000,-563.656700,-564.747746,-555.260636,-8.396064,6.646992,5.307349,27.618372
1783943762514,88.240000,-565.685550,-567.921586,-559.186734,-6.498816,7.440248,6.114728,27.666565
1783943762534,88.260000,-560.322750,-570.681565,-562.742040,2.419290,10.941971,9.634907,25.625345
1783943762554,88.280000,-549.805360,-573.020857,-565.917731,16.112371,15.762741,14.478560,21.715014
1783943762574,88.300000,-550.041750,-574.932956,-568.705130,18.663380,19.839639,18.582886,16.487370
1783943762594,88.320000,-549.150700,-576.411671,-571.095707,21.945007,21.490612,20.265963,10.772078
1783943762614,88.340000,-552.878600,-577.451129,-573.081090,20.202490,19.910152,18.722428,5.446146
1783943762634,88.360000,-550.723500,-578.045780,-574.653064,23.929564,15.212753,14.066932,1.135210
1783943762654,88.380000,-567.793600,-578.190391,-575.803580,8.009980,8.381481,7.282708,-1.970038
1783943762674,88.400000,-577.910160,-577.880058,-576.524763,-1.385397,0.825161,-0.221252,-4.112767
1783943762694,88.420000,-569.750240,-577.110204,-576.808920,7.058680,-6.485632,-7.474201,-5.829601
1783943762714,88.440000,-582.641100,-575.876584,-576.648548,-5.992552,-13.330326,-14.255401,-7.720897
1783943762734,88.460000,-576.711730,-574.175292,-576.036347,-0.675383,-19.703668,-20.559445,-10.196638
1783943762754,88.480000,-590.366460,-572.002766,-574.965234,-15.401226,-25.263570,-26.044103,-13.317810
1783943762774,88.500000,-587.803500,-569.355792,-573.428350,-14.375150,-29.300445,-29.999665,-16.826067
1783943762794,88.520000,-586.914300,-566.231514,-571.419083,-15.495217,-31.118823,-31.730567,-20.307806
1783943762814,88.540000,-587.892500,-562.627441,-568.931079,-18.961421,-30.456934,-30.974975,-23.345228
1783943762834,88.560000,-570.081540,-558.541453,-565.958259,-4.123281,-27.708465,-28.126546,-25.579142
1783943762854,88.580000,-558.758850,-553.971813,-562.494843,3.735993,-23.649160,-23.961041,-26.699488
1783943762874,88.600000,-558.019040,-548.917173,-558.535362,0.516322,-18.683399,-18.882908,-26.426659
1783943762894,88.620000,-545.424560,-543.376588,-554.074686,8.650126,-12.556326,-12.637411,-24.557365
1783943762914,88.640000,-536.148100,-537.349526,-549.108043,12.959943,-4.951227,-4.908018,-21.074385
1783943762934,88.660000,-511.811580,-530.835876,-543.631045,31.819465,3.867015,4.040135,-16.218517
1783943762954,88.680000,-501.633180,-523.835969,-537.639712,36.006532,13.051186,13.359507,-10.424468
1783943762974,88.700000,-482.210570,-516.350585,-531.130503,48.919933,21.591589,22.039998,-4.165807
1783943762994,88.720000,-471.489070,-508.380969,-524.100341,52.611271,28.642799,29.235690,2.149619
1783943763014,88.740000,-457.710420,-499.928853,-516.546650,58.836230,33.622960,34.364151,8.174771
1783943763034,88.760000,-445.422550,-490.996468,-508.467386,63.044836,36.231087,37.123719,13.569710
1783943763054,88.780000,-440.029900,-481.586565,-499.861072,59.831172,36.491103,37.537554,17.977398
1783943763074,88.800000,-425.870240,-471.702435,-490.726842,64.856602,34.819166,36.020946,21.048983
1783943763094,88.820000,-428.083980,-461.347934,-481.064478,52.980498,32.061584,33.419243,22.495417
1783943763114,88.840000,-418.638920,-450.527498,-470.874457,52.235537,29.326300,30.839331,22.134726
1783943763134,88.860000,-411.307370,-439.246174,-460.157994,48.850624,27.536721,29.203468,19.923035
1783943763154,88.880000,-406.671050,-427.509641,-448.917093,42.246043,26.985753,28.803323,15.979492
1783943763174,88.900000,-389.858400,-415.324233,-437.154599,47.296199,27.072241,29.036429,10.606763
1783943763194,88.920000,-369.368840,-402.696969,-424.874242,55.505402,26.524213,28.629434,4.299536
1783943763214,88.940000,-370.275400,-389.635573,-412.080698,41.805298,24.344734,26.583982,-2.283196
1783943763234,88.960000,-366.372830,-376.148499,-398.779638,32.406808,20.535692,22.900512,-8.431850
1783943763254,88.980000,-355.103240,-362.244959,-384.977781,29.874541,15.731522,18.212000,-13.586914
1783943763274,89.000000,-349.396670,-347.934939,-370.682948,21.286278,10.487401,13.072172,-17.511335
1783943763294,89.020000,-334.442540,-333.229226,-355.904110,21.461570,5.118689,7.794936,-20.292010
1783943763314,89.040000,-335.692630,-318.139422,-340.651438,4.958808,-0.071348,2.682088,-22.176552
1783943763334,89.060000,-323.973360,-302.677965,-324.936349,0.962989,-4.772575,-1.957746,-23.406013
1783943763354,89.080000,-311.396360,-286.858141,-308.771544,-2.624816,-8.960735,-6.101876,-24.149374
1783943763374,89.100000,-301.099180,-270.694092,-292.171047,-8.928133,-12.980135,-10.096186,-24.497618
1783943763394,89.120000,-286.043730,-254.200828,-275.150234,-10.893496,-17.216608,-14.327941,-24.456476
1783943763414,89.140000,-280.031370,-237.394226,-257.721110,-22.310260,-21.719655,-18.847698,-23.949417
1783943763434,89.160000,-263.523070,-220.291031,-239.906706,-23.616364,-26.069866,-23.236590,-22.868187
1783943763454,89.180000,-265.915280,-202.908849,-221.726592,-44.188688,-29.649592,-26.877109,-21.159035
1783943763474,89.200000,-237.475850,-185.266137,-203.201726,-34.274124,-32.288463,-29.598822,-18.885626
1783943763494,89.220000,-214.995970,-167.382186,-184.354447,-30.641523,-34.512000,-31.927094,-16.204826
1783943763514,89.240000,-204.861180,-149.277099,-165.208459,-39.652721,-36.719496,-34.260972,-13.252830
1783943763534,89.260000,-199.890600,-130.971767,-145.788790,-54.101810,-38.404085,-36.093206,-10.059135
1783943763554,89.280000,-177.362920,-112.487833,-126.121753,-51.241167,-38.732420,-36.589863,-6.606251
1783943763574,89.300000,-149.873110,-93.847654,-106.234889,-43.638221,-37.594944,-35.640560,-2.962586
1783943763594,89.320000,-127.037155,-75.074263,-86.156900,-40.880255,-35.607119,-33.859668,0.704738
1783943763614,89.340000,-107.287490,-56.191312,-65.917568,-41.369922,-33.270443,-31.747328,4.264265
1783943763634,89.360000,-93.175190,-37.223020,-45.547667,-47.627523,-30.547789,-29.264810,7.709831
1783943763654,89.380000,-62.990585,-18.194118,-25.078863,-37.911722,-27.294513,-26.265632,11.084300
1783943763674,89.400000,-34.079712,0.870221,-4.543601,-29.536111,-23.710540,-22.947674,14.356426
1783943763694,89.420000,-12.718673,19.944450,16.025013,-28.743686,-20.059157,-19.571998,17.410456
1783943763714,89.440000,7.655069,39.002718,36.593344,-28.938275,-16.213399,-16.009255,20.123318
1783943763734,89.460000,33.819200,58.018950,57.127358,-23.308158,-11.827918,-11.911585,22.399376
1783943763754,89.480000,63.170660,76.966924,77.592770,-14.422110,-6.811115,-7.184775,24.137750
1783943763774,89.500000,80.308310,95.820356,97.955188,-17.646878,-1.527054,-2.190212,25.218150
1783943763794,89.520000,116.766205,114.552983,118.180268,-1.414063,3.183801,2.234354,25.543077
1783943763814,89.540000,138.649410,133.138650,138.233861,0.415549,6.218803,4.988988,25.088720
1783943763834,89.560000,165.785260,151.551395,158.082173,7.703087,6.905072,5.403480,23.919485
1783943763854,89.580000,177.703250,169.765542,177.691916,0.011334,5.719887,3.957705,22.154022
1783943763874,89.600000,190.937650,187.755782,197.030460,-6.092810,4.260018,2.250919,19.880756
1783943763894,89.620000,211.470020,205.497263,216.065981,-4.595961,4.300824,2.060819,17.062109
1783943763914,89.640000,238.282470,222.965675,234.767605,3.514865,6.741609,4.288884,13.531688
1783943763934,89.660000,269.711000,240.137335,253.105545,16.605455,11.442337,8.797059,9.145854
1783943763954,89.680000,288.174650,256.989263,271.051230,17.123420,17.944942,15.129065,3.995153
1783943763974,89.700000,304.335450,273.499265,288.577427,15.758023,25.943519,22.980568,-1.518601
1783943763994,89.720000,345.296330,289.646004,305.658350,39.637980,34.860946,31.775787,-6.823010
1783943764014,89.740000,361.084630,305.409073,322.269768,38.814862,43.438173,40.256737,-11.396060
1783943764034,89.760000,390.879240,320.769057,338.389083,52.490157,49.994616,46.743548,-14.893443
1783943764054,89.780000,412.376830,335.707596,353.995417,58.381413,52.950724,49.656921,-17.164299
1783943764074,89.800000,425.082760,350.207441,369.069675,56.013085,51.444112,48.134165,-18.244268
1783943764094,89.820000,429.501280,364.252501,383.594590,45.906690,45.794710,42.494316,-18.377090
1783943764114,89.840000,438.422300,377.827890,397.554771,40.867529,37.340544,34.074075,-18.031610
1783943764134,89.860000,438.246500,390.919961,410.936724,27.309776,27.852016,24.642549,-17.857485
1783943764154,89.880000,446.703060,403.516339,423.728864,22.974196,18.992419,15.862528,-18.546555
1783943764174,89.900000,445.678770,415.605947,435.921520,9.757250,11.927349,8.900821,-20.625029
1783943764194,89.920000,462.569030,427.179022,447.506920,15.062110,7.109615,4.213746,-24.267416
1783943764214,89.940000,465.754880,438.227131,458.479174,7.275706,4.402654,1.669964,-29.211466
1783943764234,89.960000,463.328060,448.743174,468.834238,-5.506178,3.275780,0.743061,-34.808178
1783943764254,89.980000,487.758800,458.721390,478.569872,9.188928,2.592908,0.294929,-40.198517
1783943764274,90.000000,493.516660,468.157345,487.451625,6.065035,0.650913,-1.390117,-44.529003
1783943764294,90.020000,503.144700,477.047926,495.946507,7.198193,-3.806450,-5.586716,-47.103287
1783943764314,90.040000,484.610470,485.391326,503.825950,-19.215480,-10.609715,-12.138389,-47.475574
1783943764334,90.060000,493.027470,493.187019,511.094352,-18.066882,-18.457910,-19.746872,-45.560505
1783943764354,90.080000,492.950620,500.435741,517.757591,-24.806971,-25.917438,-26.975051,-41.715473
1783943764374,90.100000,491.052640,507.139454,523.822948,-32.770308,-31.855125,-32.685282,-36.645145
1783943764394,90.120000,488.506840,513.301315,529.299022,-40.792182,-35.422769,-36.026623,-31.128197
1783943764414,90.140000,497.041700,518.925639,534.195643,-37.153943,-36.262675,-36.640994,-25.751177
1783943764434,90.160000,505.770260,524.017858,538.523786,-32.753526,-34.605254,-34.760248,-20.783216
1783943764454,90.180000,505.097660,528.584476,542.295481,-37.197821,-30.932386,-30.868640,-16.175577
1783943764474,90.200000,517.344500,532.633024,545.523722,-28.179222,-25.725176,-25.449839,-11.643485
1783943764494,90.220000,524.150400,536.172007,548.222381,-24.071981,-19.529116,-19.051628,-6.813820
1783943764514,90.240000,538.985660,539.210857,550.406116,-11.420456,-12.879979,-12.211628,-1.380951
1783943764534,90.260000,542.825800,541.759876,552.090284,-9.264484,-5.941726,-5.095229,4.803611
1783943764554,90.280000,540.147340,543.830179,553.290854,-13.143514,1.567377,2.578214,11.701088
1783943764574,90.300000,555.839360,545.433641,554.024323,1.815037,9.691235,10.851757,19.064810
1783943764594,90.320000,567.415600,546.582831,554.307629,13.107971,17.532931,18.827810,26.459787
1783943764614,90.340000,571.777900,547.290960,554.158075,17.619825,23.515902,24.929289,33.380930
1783943764634,90.360000,577.265440,547.571809,553.593244,23.672196,26.250926,27.766592,39.413082
1783943764654,90.380000,564.294070,547.439676,552.630927,11.663143,25.112121,26.713609,44.293762
1783943764674,90.400000,567.316040,546.909304,551.289045,16.026995,20.237630,21.908413,47.831467
1783943764694,90.420000,557.908600,545.995823,549.585581,8.323019,12.388663,14.112308,49.800090
1783943764714,90.440000,538.408570,544.714682,547.538509,-9.129939,3.020438,4.780760,49.935040
1783943764734,90.460000,526.675000,543.081583,545.165732,-18.490732,-5.971926,-4.190711,48.012380
1783943764754,90.480000,529.756040,541.112422,542.485017,-12.728977,-12.900787,-11.113926,43.942688
1783943764774,90.500000,508.681370,538.823220,539.513941,-30.832571,-16.504408,-14.726485,37.863937
1783943764794,90.520000,509.120270,536.230062,536.269829,-27.149559,-15.971219,-14.216048,30.212906
1783943764814,90.540000,514.839360,533.349036,532.769713,-17.930353,-11.338129,-9.618659,21.719620
1783943764834,90.560000,505.486200,530.196170,529.030275,-23.544075,-3.775756,-2.103989,13.304135
1783943764854,90.580000,525.257260,526.787376,525.067808,0.189452,4.479167,6.092241,5.924062
1783943764874,90.600000,527.206100,523.138393,520.898175,6.307925,10.639810,12.184266,0.433291
1783943764894,90.620000,517.664250,519.264730,516.536769,1.127481,12.468795,13.935812,-2.548649
1783943764914,90.640000,512.180540,515.181614,511.998481,0.182059,9.072049,10.453933,-2.783220
1783943764934,90.660000,506.946470,510.903944,507.297668,-0.351198,0.976968,2.267159,-0.538234
1783943764954,90.680000,493.047800,506.446239,502.448126,-9.400326,-9.707283,-8.514217,3.408228
1783943764974,90.700000,441.573240,501.822594,497.463064,-55.889824,-19.485745,-18.394134,7.926015
1783943764994,90.720000,458.416930,497.046641,492.355085,-33.938155,-25.272377,-24.285482,11.768002
1783943765014,90.740000,456.590450,492.131510,487.136162,-30.545712,-26.271845,-25.391901,13.843221
1783943765034,90.760000,453.033630,487.089791,481.817628,-28.783998,-23.571551,-22.799805,13.563994
1783943765054,90.780000,455.777530,481.933506,476.410160,-20.632630,-18.468455,-17.805181,11.133719
1783943765074,90.800000,446.976620,476.674079,470.923767,-23.947147,-11.596822,-11.041315,7.502812
1783943765094,90.820000,447.859100,471.322310,465.367787,-17.508687,-3.181453,-2.732003,3.938860
1783943765114,90.840000,464.170900,465.888356,459.750877,4.420023,6.258669,6.604785,1.517473
1783943765134,90.860000,459.604250,460.381711,454.081006,5.523244,15.749477,15.995912,0.858807
1783943765154,90.880000,465.079280,454.811193,448.362326,16.716954,24.256475,24.407588,2.129830
1783943765174,90.900000,462.230650,449.184931,442.604707,19.625943,30.805150,30.865710,5.141763
1783943765194,90.920000,470.822360,443.510356,436.814077,34.008283,34.414503,34.389484,9.428651
1783943765214,90.940000,457.139530,437.794199,430.995693,26.143837,34.387752,34.282267,14.323812
1783943765234,90.960000,452.422640,432.042483,425.154142,27.268498,30.709421,30.528741,19.067694
1783943765254,90.980000,435.918400,426.260530,419.293354,16.625046,24.061490,23.811082,22.909582
1783943765274,91.000000,427.175380,420.452958,413.416609,13.758771,15.569920,15.255454,25.177368
1783943765294,91.020000,412.511260,414.623691,407.526554,4.984706,6.630358,6.257681,25.352312
1783943765314,91.040000,392.028630,408.775967,401.625213,-9.596583,-1.239552,-1.664464,23.163443
1783943765334,91.060000,384.005800,402.912346,395.714003,-11.708203,-6.867342,-7.338440,18.651335
1783943765354,91.080000,381.175450,397.034731,389.793758,-8.618308,-9.971350,-10.482571,12.173409
1783943765374,91.100000,367.689450,391.144378,383.864743,-16.175293,-11.166261,-11.711579,4.375432
1783943765394,91.120000,378.048800,385.241919,377.926682,0.122118,-11.479812,-12.053285,-3.864862
1783943765414,91.140000,361.200500,379.327383,371.978778,-10.778278,-11.674615,-12.270419,-11.551254
1783943765434,91.160000,349.040160,373.400222,366.019745,-16.979585,-11.873391,-12.485848,-17.763914
1783943765454,91.180000,344.932560,367.459339,360.047832,-15.115272,-12.151100,-12.774711,-21.892462
1783943765474,91.200000,351.928700,361.503115,354.060857,-2.132157,-13.325249,-13.954712,-23.776926
1783943765494,91.220000,342.815830,355.529442,348.056241,-5.240411,-16.538359,-17.168594,-23.647497
1783943765514,91.240000,328.552600,349.535761,342.031037,-13.478437,-22.051689,-22.677855,-21.922693
1783943765534,91.260000,310.630800,343.519093,335.981973,-25.351173,-28.799981,-29.417498,-19.068401
1783943765554,91.280000,309.073670,337.476083,329.905485,-20.831815,-35.004463,-35.609025,-15.606914
1783943765574,91.300000,297.134000,331.403033,323.797756,-26.663756,-38.813847,-39.401436,-12.131538
1783943765594,91.320000,279.625460,325.295951,317.654761,-38.029301,-38.675702,-39.242602,-9.196842
1783943765614,91.340000,282.808650,319.150591,311.472301,-28.663651,-34.157994,-34.700804,-7.159143
1783943765634,91.360000,301.000500,312.962495,305.246050,-4.245550,-26.713335,-27.228973,-6.076664
1783943765654,91.380000,305.054600,306.727039,298.971592,6.083008,-18.893456,-19.379175,-5.662415
1783943765674,91.400000,304.589020,300.439480,292.644465,11.944555,-12.391183,-12.844572,-5.298935
1783943765694,91.420000,286.168100,294.094999,286.260202,-0.092102,-7.004508,-7.423498,-4.228545
1783943765714,91.440000,298.395200,287.688746,279.814370,18.580830,-1.449467,-1.832334,-1.927289
1783943765734,91.460000,290.261320,281.215884,273.302608,16.958712,5.200020,4.854653,1.592789
1783943765754,91.480000,306.189150,274.671632,266.720664,39.468486,12.869187,12.562351,5.814928
1783943765774,91.500000,297.463320,268.051306,260.064432,37.398888,20.725788,20.458173,10.035140
1783943765794,91.520000,305.598360,261.350359,253.329982,52.268378,27.675644,27.447606,13.684067
1783943765814,91.540000,301.585900,254.564419,246.513592,55.072308,32.733246,32.544813,16.450071
1783943765834,91.560000,298.220060,247.689317,239.611773,58.608287,35.316949,35.167834,18.223055
1783943765854,91.580000,294.482000,240.721129,232.621294,61.860706,35.498285,35.387902,18.979944
1783943765874,91.600000,285.611020,233.656195,225.539203,60.071817,34.157092,34.084573,18.700327
1783943765894,91.620000,266.776300,226.491149,218.362844,48.413456,32.860836,32.825050,17.331907
1783943765914,91.640000,258.889200,219.222937,211.089871,47.799329,33.070028,33.069607,14.788808
1783943765934,91.660000,254.390320,211.848838,203.718256,50.672064,34.972665,35.006026,10.988940
1783943765954,91.680000,261.191100,204.366475,196.246300,64.944800,37.105388,37.170765,5.958621
1783943765974,91.700000,252.582760,196.773824,188.672633,63.910127,37.372167,37.467637,-0.021778
1783943765994,91.720000,237.819000,189.069223,180.996217,56.822783,34.620573,34.744091,-6.365674
1783943766014,91.740000,212.758480,181.251374,173.216339,39.542141,29.287737,29.437164,-12.350642
1783943766034,91.760000,209.235700,173.319341,165.332611,43.903089,22.761560,22.934699,-17.437883
1783943766054,91.780000,185.917820,165.272544,157.344956,28.572864,16.544760,16.739388,-21.487356
1783943766074,91.800000,180.057890,157.110755,149.253600,30.804290,11.955591,12.169489,-24.702230
1783943766094,91.820000,147.917910,148.834085,141.059060,6.858850,9.872705,10.103694,-27.395555
1783943766114,91.840000,161.073470,140.442970,132.762126,28.311344,10.137379,10.383343,-29.785013
1783943766134,91.860000,145.358460,131.938159,124.363848,20.994612,11.392004,11.650924,-31.890081
1783943766154,91.880000,140.626890,123.320695,115.865517,24.761373,11.910024,12.179996,-33.496452
1783943766174,91.900000,125.466560,114.591896,107.268645,18.197915,10.558254,10.837517,-34.206364
1783943766194,91.920000,109.135260,105.753335,98.574952,10.560308,7.092783,7.379730,-33.614758
1783943766214,91.940000,95.621826,96.806820,89.786339,5.835487,1.903345,2.196535,-31.541367
1783943766234,91.960000,77.565420,87.754373,80.904875,-3.339455,-4.398273,-4.100111,-28.158875
1783943766254,91.980000,50.444904,78.598208,71.932777,-21.487873,-11.403231,-11.101195,-23.944506
1783943766274,92.000000,51.599213,69.340713,62.872390,-11.273177,-19.316079,-19.011103,-19.517347
1783943766294,92.020000,24.070110,59.984426,53.726174,-29.656064,-28.762842,-28.455692,-15.440080
1783943766314,92.040000,9.550437,50.532021,44.496687,-34.946250,-39.862248,-39.553521,-12.057254
1783943766334,92.060000,-23.390265,40.986290,35.186570,-58.576835,-51.587918,-51.278025,-9.451074
1783943766354,92.080000,-43.335945,31.350126,25.798535,-69.134480,-62.099160,-61.788303,-7.541201
1783943766374,92.100000,-64.724610,21.626514,16.335359,-81.059969,-69.720864,-69.409024,-6.233934
1783943766394,92.120000,-62.019135,11.818520,6.799871,-68.819006,-73.663644,-73.350615,-5.461464
1783943766414,92.140000,-86.382576,1.929282,-2.806437,-83.576139,-73.820286,-73.505765,-5.071722
1783943766434,92.160000,-84.617360,-8.037989,-12.479202,-72.138158,-70.224628,-69.908346,-4.709113
1783943766454,92.180000,-94.112650,-18.080017,-22.215444,-71.897206,-62.987112,-62.668920,-3.835784
1783943766474,92.200000,-81.262634,-28.193452,-32.012137,-49.250497,-52.409714,-52.089618,-1.884280
1783943766494,92.220000,-95.551660,-38.374870,-41.866205,-53.685455,-38.919207,-38.597351,1.582645
1783943766514,92.240000,-80.034996,-48.620764,-51.774515,-28.260481,-23.244293,-22.920943,6.775454
1783943766534,92.260000,-73.278610,-58.927534,-61.733872,-11.544738,-6.808931,-6.484469,13.636340
1783943766554,92.280000,-60.950462,-69.291476,-71.741005,10.790543,8.470777,8.795848,21.858978
1783943766574,92.300000,-63.630535,-79.708769,-81.792561,18.162026,21.020274,21.345320,30.965258
1783943766594,92.320000,-61.687050,-90.175458,-91.885091,30.198041,30.214028,30.538261,40.367940
1783943766614,92.340000,-75.657280,-100.687440,-102.015039,26.357759,36.267381,36.589850,49.361576
1783943766634,92.360000,-65.800850,-111.240451,-112.178730,46.377880,39.695873,40.015455,57.103466
1783943766654,92.380000,-83.783370,-121.830043,-122.372354,38.588984,41.054232,41.369628,62.699192
1783943766674,92.400000,-92.277560,-132.451577,-132.591958,40.314398,41.022111,41.331850,65.389340
1783943766694,92.420000,-103.557840,-143.100201,-142.833431,39.275591,40.219421,40.521870,64.717410
1783943766714,92.440000,-103.849040,-153.770843,-153.092492,49.243452,38.949620,39.242998,60.603283
1783943766734,92.460000,-135.310100,-164.458192,-163.364683,28.054583,37.312817,37.595209,53.338123
1783943766754,92.480000,-128.273250,-175.156692,-173.645354,45.372104,35.208888,35.478268,43.523777
1783943766774,92.500000,-155.041560,-185.860533,-183.929660,28.888100,32.161866,32.416120,31.962372
1783943766794,92.520000,-151.829070,-196.563642,-194.212552,42.383482,27.558570,27.795520,19.527960
1783943766814,92.540000,-181.716700,-207.259680,-204.488766,22.772066,21.255708,21.473139,7.065304
1783943766834,92.560000,-191.391880,-217.942035,-214.752828,23.360948,13.993411,14.189100,-4.693994
1783943766854,92.580000,-220.675740,-228.603829,-224.999042,4.323302,7.197216,7.368959,-15.227218
1783943766874,92.600000,-231.140690,-239.237913,-235.221494,4.080804,2.214541,2.360182,-24.287165
1783943766894,92.620000,-244.137660,-249.836872,-245.414049,1.276389,-0.470437,-0.352980,-31.867040
1783943766914,92.640000,-247.925840,-260.393032,-255.570351,7.644511,-1.377685,-1.290386,-38.050900
1783943766934,92.660000,-266.558070,-270.898466,-265.683830,-0.874240,-1.470404,-1.415101,-42.837482
1783943766954,92.680000,-269.106900,-281.345004,-275.747700,6.640800,-1.540683,-1.519041,-46.069355
1783943766974,92.700000,-290.294500,-291.724246,-285.754966,-4.539534,-1.949743,-1.963220,-47.517735
1783943766994,92.720000,-294.874100,-302.027571,-295.698434,0.824334,-2.674263,-2.724074,-47.047700
1783943767014,92.740000,-316.633940,-312.246152,-305.570709,-11.063231,-3.575396,-3.662495,-44.741558
1783943767034,92.760000,-309.954770,-322.370976,-315.364212,5.409442,-4.607321,-4.732405,-40.909725
1783943767054,92.780000,-340.094730,-332.392857,-325.071183,-15.023547,-5.646611,-5.810157,-36.000145
1783943767074,92.800000,-334.419370,-342.302453,-334.683696,0.264326,-6.216988,-6.419333,-30.476858
1783943767094,92.820000,-374.183840,-352.090290,-344.193665,-29.990175,-5.692974,-5.934405,-24.748810
1783943767114,92.840000,-357.341370,-361.746778,-353.592859,-3.748511,-4.051014,-4.331807,-19.167717
1783943767134,92.860000,-369.061400,-371.262235,-362.872911,-6.188489,-2.223516,-2.543850,-14.016037
1783943767154,92.880000,-367.828500,-380.626904,-372.025335,4.196835,-1.130280,-1.489896,-9.421897
1783943767174,92.900000,-407.735100,-389.830980,-381.041539,-26.693561,-0.504680,-0.902256,-5.300131
1783943767194,92.920000,-395.125430,-398.864629,-389.912835,-5.212595,0.757677,0.325326,-1.460676
1783943767214,92.940000,-418.810640,-407.718013,-398.630458,-20.180182,3.349195,2.887724,2.181994
1783943767234,92.960000,-395.860100,-416.381310,-407.185580,11.325480,7.133861,6.651123,5.534640
1783943767254,92.980000,-433.998540,-424.844737,-415.569325,-18.429215,11.712368,11.216393,8.466336
1783943767274,93.000000,-409.282700,-433.098577,-423.848620,14.565920,16.836695,16.332288,10.968005
1783943767294,93.020000,-442.930100,-441.133195,-431.863676,-11.066424,22.213812,21.700651,13.150306
1783943767314,93.040000,-425.946700,-448.939063,-439.680432,13.733732,27.085231,26.559593,15.127654
1783943767334,93.060000,-443.457760,-456.506780,-447.289978,3.832218,29.964164,29.422236,16.933474
1783943767354,93.080000,-428.785640,-463.827095,-454.683439,25.897799,29.058894,28.498751,18.531809
1783943767374,93.100000,-462.809230,-470.890926,-461.851990,-0.957240,23.423675,22.845558,19.870928
1783943767394,93.120000,-470.317320,-477.689375,-468.786872,-1.530448,13.750058,13.155766,20.880098
1783943767414,93.140000,-500.186100,-484.213751,-475.479413,-24.706687,2.023919,1.415997,21.381277
1783943767434,93.160000,-505.324220,-490.455582,-481.921036,-23.403184,-9.378812,-9.997723,21.021696
1783943767454,93.180000,-549.805660,-496.406633,-488.103281,-61.702379,-18.597831,-19.225361,19.350842
1783943767474,93.200000,-527.908750,-502.058915,-494.017818,-33.890932,-25.238748,-25.872922,16.024286
1783943767494,93.220000,-548.643070,-507.404699,-499.656455,-48.986615,-30.522392,-31.161606,11.029816
1783943767514,93.240000,-549.537050,-512.436521,-505.011158,-44.525892,-35.989440,-36.632380,4.830521
1783943767534,93.260000,-579.018300,-517.147190,-510.074056,-68.944244,-42.213681,-42.859249,-1.688229
1783943767554,93.280000,-568.450740,-521.529792,-514.837452,-53.613288,-48.724987,-49.372242,-7.506576
1783943767574,93.300000,-598.681640,-525.577687,-519.293828,-79.387812,-54.457465,-55.105598,-11.836810
1783943767594,93.320000,-587.005550,-529.284511,-523.435853,-63.569697,-58.127521,-58.775841,-14.325188
1783943767614,93.340000,-609.184500,-532.644171,-527.256381,-81.928119,-58.688951,-59.336872,-15.011593
1783943767634,93.360000,-585.108950,-535.650834,-530.748454,-54.360496,-55.741085,-56.388106,-14.158535
1783943767654,93.380000,-600.924870,-538.298923,-533.905297,-67.019573,-49.583995,-50.229678,-12.067533
1783943767674,93.400000,-573.341000,-540.583100,-536.720316,-36.620684,-41.005521,-41.649448,-8.947593
1783943767694,93.420000,-579.172240,-542.498258,-539.187088,-39.985152,-31.022162,-31.663890,-4.878167
1783943767714,93.440000,-555.641970,-544.039499,-541.299351,-14.342619,-20.613259,-21.252267,0.132496
1783943767734,93.460000,-553.638200,-545.202125,-543.050995,-10.587205,-10.495285,-11.130916,6.042612
1783943767754,93.480000,-538.730470,-545.981615,-544.436046,5.705576,-1.012831,-1.644239,12.684586
1783943767774,93.500000,-539.957600,-546.373611,-545.448651,5.491051,7.684288,7.058202,19.712814
1783943767794,93.520000,-508.730740,-546.373899,-546.083067,37.352327,15.304948,14.685589,26.611580
1783943767814,93.540000,-522.440200,-545.978393,-546.333637,23.893437,21.476046,20.865177,32.780340
1783943767834,93.560000,-494.590880,-545.183122,-546.194779,51.603899,26.067287,25.467078,37.658924
1783943767854,93.580000,-513.379900,-543.984212,-545.660972,32.281072,29.199518,28.612590,40.816692
1783943767874,93.600000,-486.172820,-542.377877,-544.726738,58.553918,30.936838,30.366296,41.968464
1783943767894,93.620000,-495.832030,-540.360411,-543.386629,47.554599,31.114494,30.563950,40.965830
1783943767914,93.640000,-480.494080,-537.928179,-541.635219,61.141139,29.621141,29.094735,37.820255
1783943767934,93.660000,-496.372300,-535.077617,-539.467097,43.094797,26.757661,26.260060,32.724200
1783943767954,93.680000,-479.517640,-531.805230,-536.876859,57.359219,23.187552,22.723948,26.013247
1783943767974,93.700000,-491.086240,-528.107597,-533.859109,42.772869,19.720809,19.296903,18.087973
1783943767994,93.720000,-481.492070,-523.981379,-530.408464,48.916394,17.203115,16.825084,9.361256
1783943768014,93.740000,-491.284300,-519.423334,-526.519557,35.235257,16.244854,15.919307,0.249303
1783943768034,93.760000,-460.330320,-514.430326,-522.187054,61.856734,16.897478,16.631394,-8.819963
1783943768054,93.780000,-480.722840,-508.999354,-517.405670,36.682830,18.820154,18.620789,-17.392510
1783943768074,93.800000,-454.303770,-503.127570,-512.170190,57.866420,21.572723,21.447501,-24.991919
1783943768094,93.820000,-459.428620,-496.812312,-506.475498,47.046878,24.499472,24.455848,-31.176430
1783943768114,93.840000,-431.379800,-490.051131,-500.316611,68.936811,26.773258,26.818574,-35.625233
1783943768134,93.860000,-439.826000,-482.841834,-493.688717,53.862717,27.992528,28.133894,-38.185535
1783943768154,93.880000,-425.659240,-475.182520,-486.586021,60.926781,28.675753,28.919976,-38.874554
1783943768174,93.900000,-440.426200,-467.071624,-479.005402,38.579202,29.857296,30.210830,-37.900455
1783943768194,93.920000,-403.436500,-458.507966,-470.942876,67.506376,32.018130,32.486992,-35.687244
1783943768214,93.940000,-406.309940,-449.490797,-462.394841,56.084901,34.688876,35.278509,-32.790005
1783943768234,93.960000,-385.315000,-440.019854,-453.358149,68.043149,37.211818,37.926912,-29.688309
1783943768254,93.980000,-403.513800,-430.095414,-443.830174,40.316374,39.325540,40.169862,-26.630758
1783943768274,94.000000,-368.628970,-419.718349,-433.808887,65.179917,40.655896,41.632121,-23.679464
1783943768294,94.020000,-380.646060,-408.890185,-423.292934,42.646874,40.078754,41.188325,-20.866570
1783943768314,94.040000,-344.294500,-397.613155,-412.281722,67.987222,36.083472,37.326474,-18.262222
1783943768334,94.060000,-370.372380,-385.890264,-400.775497,30.403117,27.942669,29.317727,-15.919707
1783943768354,94.080000,-367.427550,-373.725340,-388.775438,21.347888,16.422385,17.926574,-13.856791
1783943768374,94.100000,-383.490540,-361.123091,-376.283736,-7.206804,3.054627,4.683403,-12.167442
1783943768394,94.120000,-358.630400,-348.089161,-363.303685,4.673285,-11.020255,-9.273104,-11.122020
1783943768414,94.140000,-383.758450,-334.630181,-349.839763,-33.918687,-25.025903,-23.168285,-11.069855
1783943768434,94.160000,-372.851930,-320.753813,-335.897719,-36.954211,-37.860261,-35.901785,-12.196418
1783943768454,94.180000,-386.623960,-306.468795,-321.484646,-65.139314,-48.122569,-46.074522,-14.371757
1783943768474,94.200000,-358.403000,-291.784983,-306.609055,-51.793945,-54.631333,-52.506633,-17.193121
1783943768494,94.220000,-374.154600,-276.713379,-291.280943,-82.873657,-56.644617,-54.457732,-20.098053
1783943768514,94.240000,-341.708070,-261.266159,-275.511850,-66.196220,-54.083097,-51.849943,-22.442411
1783943768534,94.260000,-326.531560,-245.456696,-259.314908,-67.216652,-47.928268,-45.666073,-23.565598
1783943768554,94.280000,-290.087600,-229.299570,-242.704881,-47.382719,-39.970965,-37.698113,-22.860550
1783943768574,94.300000,-285.716950,-212.810575,-225.698194,-60.018756,-31.904511,-29.640355,-19.839865
1783943768594,94.320000,-247.796880,-196.006716,-208.312949,-39.483931,-24.835190,-22.599845,-14.233117
1783943768614,94.340000,-243.159640,-178.906200,-190.568931,-52.590709,-19.478376,-17.292495,-6.128435
1783943768634,94.360000,-199.135530,-161.528417,-172.487596,-26.647934,-16.387412,-14.271942,3.939977
1783943768654,94.380000,-203.266850,-143.893914,-154.092054,-49.174796,-15.809721,-13.785646,15.064677
1783943768674,94.400000,-165.810970,-126.024363,-135.407024,-30.403946,-17.440461,-15.528535,26.158820
1783943768694,94.420000,-181.321380,-107.942515,-116.458796,-64.862584,-20.597417,-18.817893,36.143290
1783943768714,94.440000,-134.944670,-89.672151,-97.275156,-37.669514,-24.846284,-23.218639,44.069122
1783943768734,94.460000,-137.375300,-71.238026,-77.885314,-59.489986,-30.288153,-28.830821,49.223515
1783943768754,94.480000,-107.253910,-52.665802,-58.319811,-48.934099,-36.972981,-35.703088,51.254116
1783943768774,94.500000,-105.705420,-33.981975,-38.610416,-67.095004,-44.095578,-43.028689,50.241090
1783943768794,94.520000,-85.014694,-15.213797,-18.790006,-66.224688,-49.749777,-48.899664,46.630980
1783943768814,94.540000,-83.884920,3.610810,1.107563,-84.992483,-51.513870,-50.892295,41.052000
1783943768834,94.560000,-35.236458,22.463349,21.047592,-56.284050,-47.605172,-47.221701,34.145145
1783943768854,94.580000,-18.016829,41.314838,40.994693,-59.011522,-37.563922,-37.425756,26.536222
1783943768874,94.600000,22.860620,60.135922,60.912947,-38.052327,-22.149606,-22.261454,18.919530
1783943768894,94.620000,55.100735,78.896969,80.766065,-25.665330,-3.323485,-3.687465,12.099647
1783943768914,94.640000,124.809810,97.568186,100.517566,24.292244,15.845324,15.229747,6.901864
1783943768934,94.660000,132.951160,116.119730,120.130946,12.820214,32.212501,31.348543,4.009975
1783943768954,94.680000,184.648040,134.521819,139.569857,45.078183,43.688861,42.582403,3.796956
1783943768974,94.700000,198.439300,152.744847,158.798287,39.641013,49.415120,48.074663,6.155660
1783943768994,94.720000,233.563640,170.759501,177.780730,55.782910,49.593608,48.030183,10.392077
1783943769014,94.740000,234.763550,188.536870,196.482366,38.281184,45.442197,43.669247,15.297516
1783943769034,94.760000,265.723850,206.048560,214.869221,50.854629,38.953193,36.986415,19.411722
1783943769054,94.780000,254.540040,223.266802,232.908336,21.631704,32.363626,30.220785,21.350668
1783943769074,94.800000,290.932250,240.164558,250.567916,40.364334,27.382898,25.083613,20.085186
1783943769094,94.820000,293.483300,256.715622,267.817476,25.665824,24.567285,22.132789,15.143949
1783943769114,94.840000,328.954830,272.894721,284.627979,44.326851,23.427384,20.880260,6.728600
1783943769134,94.860000,320.259770,288.677604,300.971957,19.287813,22.957042,20.320943,-4.309613
1783943769154,94.880000,365.297360,304.041133,316.823622,48.473738,21.902786,19.202144,-16.673178
1783943769174,94.900000,359.837500,318.963362,332.158972,27.678528,19.054613,16.314338,-28.941185
1783943769194,94.920000,393.241670,333.423615,346.955869,46.285801,13.989467,11.234653,-39.870120
1783943769214,94.940000,373.974120,347.402552,361.194121,12.779999,7.678703,4.934343,-48.591084
1783943769234,94.960000,397.264680,360.882235,374.855536,22.409144,2.122327,-0.586959,-54.722225
1783943769254,94.980000,390.628780,373.846178,387.923969,2.704811,-0.901660,-3.551885,-58.393475
1783943769274,95.000000,434.083000,386.279399,400.385357,33.697643,-0.829100,-3.397167,-60.107210
1783943769294,95.020000,421.336000,398.168455,412.227735,9.108265,1.832745,-0.631238,-60.433340
1783943769314,95.040000,462.381530,409.501482,423.441241,38.940289,6.204992,3.865517,-59.712955
1783943769334,95.060000,452.348850,420.268210,434.018114,18.330736,11.414185,9.217756,-57.967434
1783943769354,95.080000,491.042540,430.459989,443.952667,47.089873,16.638572,14.601424,-55.031950
1783943769374,95.100000,479.348450,440.069792,453.241260,26.107190,21.069792,19.205524,-50.763870
1783943769394,95.120000,522.290950,449.092219,461.882258,60.408692,23.969654,22.289164,-45.180035
1783943769414,95.140000,495.616900,457.523489,469.884263,25.732637,24.927146,23.438971,-38.491566
1783943769434,95.160000,524.241200,465.361427,477.240576,47.000624,23.877695,22.588557,-31.087717
1783943769454,95.180000,509.944150,472.605443,483.955105,25.989045,20.668392,19.583539,-23.505022
1783943769474,95.200000,541.705930,479.256503,490.033524,51.672406,15.056239,14.179408,-16.350546
1783943769494,95.220000,507.091980,485.317092,495.483175,11.608805,7.559207,6.892386,-10.160573
1783943769514,95.240000,512.052000,490.791174,500.312971,11.739029,-0.145433,-0.602233,-5.289697
1783943769534,95.260000,498.675230,495.684142,504.533300,-5.858070,-6.227288,-6.476161,-1.929354
1783943769554,95.280000,513.893200,500.002765,508.155923,5.737277,-9.928240,-9.973386,-0.171637
1783943769574,95.300000,502.965480,503.755129,511.193866,-8.228386,-11.682290,-11.529910,0.039432
1783943769594,95.320000,519.671140,506.950571,513.661319,6.009821,-12.384252,-12.042395,-0.956666
1783943769614,95.340000,493.552670,509.599610,515.573520,-22.020850,-12.707588,-12.185959,-2.509467
1783943769634,95.360000,519.252600,511.713880,516.946648,2.305952,-13.015539,-12.325299,-3.835797
1783943769654,95.380000,503.927900,513.306048,517.797721,-13.869821,-13.441214,-12.594789,-4.271499
1783943769674,95.400000,505.224550,514.389736,518.144478,-12.919928,-13.683556,-12.694433,-3.426416
1783943769694,95.420000,492.447200,514.979445,518.005281,-25.558081,-13.217133,-12.099669,-1.220592
1783943769714,95.440000,516.082200,515.090468,517.399010,-1.316810,-11.951168,-10.720394,2.151726
1783943769734,95.460000,488.730300,514.738807,516.344961,-27.614661,-10.315215,-8.986637,6.321999
1783943769754,95.480000,517.152650,513.941091,514.862750,2.289900,-8.832494,-7.421903,10.895782
1783943769774,95.500000,477.090640,512.714485,512.972219,-35.881579,-7.916917,-6.440195,15.563281
1783943769794,95.520000,506.631770,511.076612,510.693349,-4.061579,-8.087264,-6.560205,20.094763
1783943769814,95.540000,482.107180,509.045464,508.046171,-25.938991,-10.122005,-8.560140,24.282412
1783943769834,95.560000,493.391630,506.639319,505.050686,-11.659056,-14.536831,-12.955265,27.934515
1783943769854,95.580000,460.453950,503.876662,501.726792,-41.272842,-20.864473,-19.277737,30.906282
1783943769874,95.600000,468.200200,500.776102,498.094210,-29.894010,-27.593998,-26.015915,33.090637
1783943769894,95.620000,437.906680,497.356294,494.172417,-56.265737,-32.690801,-31.134368,34.367300
1783943769914,95.640000,453.031000,493.635867,489.980586,-36.949586,-34.223736,-32.701026,34.598106
1783943769934,95.660000,426.134340,489.633348,485.537526,-59.403186,-30.891711,-29.413798,33.718964
1783943769954,95.680000,457.629360,485.367095,480.861633,-23.232273,-22.419452,-20.996365,31.864912
1783943769974,95.700000,432.867860,480.855228,475.970840,-43.102980,-9.748894,-8.389586,29.436228
1783943769994,95.720000,473.254150,476.115570,470.882575,2.371575,4.965282,6.252942,27.058970
1783943770014,95.740000,462.285980,471.165586,465.613719,-3.327739,18.709353,19.918597,25.455454
1783943770034,95.760000,494.300500,466.022330,460.180574,34.119926,28.653031,29.778222,25.276125
1783943770054,95.780000,457.567870,460.702391,454.598830,2.969040,33.348678,34.385396,26.918943
1783943770074,95.800000,479.023100,455.221847,448.883535,30.139565,32.977125,33.922289,30.342880
1783943770094,95.820000,442.956000,449.596222,443.049076,-0.093076,28.646952,29.498954,34.943985
1783943770114,95.840000,456.584470,443.840447,437.109152,19.475318,21.678413,22.437151,39.621414
1783943770134,95.860000,417.196660,437.968820,431.076761,-13.880101,13.259362,13.926015,43.069515
1783943770154,95.880000,424.135860,431.994980,424.964181,-0.828321,4.245128,4.821484,44.156605
1783943770174,95.900000,390.063100,425.931877,418.782965,-28.719865,-5.005240,-4.517968,42.206814
1783943770194,95.920000,410.399050,419.791746,412.543926,-2.144876,-14.384647,-13.987342,37.122330
1783943770214,95.940000,359.923950,413.586093,406.257139,-46.333189,-23.208619,-22.905435,29.372528
1783943770234,95.960000,370.742500,407.325677,399.931932,-29.189432,-29.758004,-29.555992,19.851042
1783943770254,95.980000,334.019560,401.020498,393.576896,-59.557336,-32.022354,-31.928020,9.617740
1783943770274,96.000000,358.144800,394.679793,387.334224,-29.189424,-28.960140,-28.973549,-0.353830
1783943770294,96.020000,345.154300,388.312034,380.943549,-35.789249,-21.120475,-21.232042,-9.269572
1783943770314,96.040000,368.390530,381.924926,374.544287,-6.153757,-10.248846,-10.442557,-16.439837
1783943770334,96.060000,355.012900,375.525419,368.142149,-13.129249,1.535963,1.276550,-21.207365
1783943770354,96.080000,376.791080,369.119710,361.742157,15.048923,12.247779,11.935900,-23.025614
1783943770374,96.100000,369.737000,362.713263,355.348661,14.388339,20.271746,19.916836,-21.648743
1783943770394,96.120000,386.807680,356.310817,348.965356,37.842324,24.828770,24.437427,-17.276205
1783943770414,96.140000,352.247800,349.916415,342.595308,9.652492,26.414387,25.991712,-10.564254
1783943770434,96.160000,366.997500,343.533417,336.240975,30.756525,26.317538,25.868187,-2.548042
1783943770454,96.180000,339.882870,337.164528,329.904232,9.978638,25.367250,24.895990,5.489091
1783943770474,96.200000,374.356750,330.811827,323.586401,50.770349,23.335697,22.847541,12.247115
1783943770494,96.220000,326.093320,324.476788,317.288277,8.805043,19.698882,19.198981,16.735487
1783943770514,96.240000,336.672150,318.160317,311.010155,25.661995,14.473519,13.966969,18.507040
1783943770534,96.260000,309.494320,311.862782,304.751866,4.742454,7.958057,7.449721,17.625093
1783943770554,96.280000,324.678400,305.584043,298.512804,26.165596,0.388489,-0.117115,14.457196
1783943770574,96.300000,278.529970,299.323490,292.291960,-13.761990,-7.644123,-8.142877,9.513524
1783943770594,96.320000,292.059700,293.080076,286.087955,5.971745,-14.987841,-15.476034,3.379630
1783943770614,96.340000,254.306990,286.852353,279.899074,-25.592084,-20.481737,-20.956056,-3.350485
1783943770634,96.360000,277.936830,280.638513,273.723302,4.213528,-23.523043,-23.980558,-10.148778
1783943770654,96.380000,243.932700,274.436418,267.558354,-23.625654,-24.086172,-24.524321,-16.552254
1783943770674,96.400000,263.964480,268.243648,261.401717,2.562763,-22.470700,-22.887283,-22.104185
1783943770694,96.420000,238.161250,262.057530,255.250681,-17.089431,-19.242798,-19.635970,-26.345251
1783943770714,96.440000,259.945220,255.875182,249.102375,10.842845,-15.312737,-15.681000,-28.885813
1783943770734,96.460000,243.590450,249.693552,242.953803,0.636647,-11.766740,-12.108943,-29.490396
1783943770754,96.480000,257.463700,243.509453,236.801880,20.661820,-9.328012,-9.643335,-28.113968
1783943770774,96.500000,228.842960,237.319601,230.643462,-1.800502,-7.926533,-8.214484,-24.910156
1783943770794,96.520000,244.643460,231.120655,224.475385,20.168075,-6.944825,-7.205223,-20.250770
1783943770814,96.540000,221.196290,224.909250,218.294491,2.901799,-5.855925,-6.088890,-14.724051
1783943770834,96.560000,241.430450,218.682033,212.097661,29.332789,-4.525336,-4.731276,-9.041749
1783943770854,96.580000,207.055270,212.435695,205.881848,1.173422,-3.096093,-3.275688,-3.863894
1783943770874,96.600000,235.974700,206.167004,199.644099,36.330601,-1.865910,-2.020096,0.352498
1783943770894,96.620000,202.897340,199.872832,193.381581,9.515759,-1.109687,-1.239622,3.404167
1783943770914,96.640000,227.919280,193.550185,187.091608,40.827672,-0.635829,-0.742856,5.310166
1783943770934,96.660000,189.087000,187.196226,180.771658,8.315342,0.550223,0.464631,6.240404
1783943770954,96.680000,202.695740,180.808300,174.419393,28.276347,3.848062,3.782356,6.413776
1783943770974,96.700000,187.508790,174.383950,168.032677,19.476113,9.950436,9.903031,5.996805
1783943770994,96.720000,209.065730,167.920937,161.609583,47.456147,18.056321,18.025580,5.090387
1783943771014,96.740000,195.462310,161.417252,155.148412,40.313898,26.162492,26.146632,3.831022
1783943771034,96.760000,218.170270,154.871128,148.647691,69.522579,32.091615,32.088518,2.499412
1783943771054,96.780000,187.349760,148.281048,142.106186,45.243574,34.602617,34.609591,1.496301
1783943771074,96.800000,205.755140,141.645747,135.522897,70.232243,33.996940,34.010567,1.162080
1783943771094,96.820000,161.527760,134.964216,128.897060,32.630700,31.928267,31.944583,1.563207
1783943771114,96.840000,170.845800,128.235699,122.228144,48.617656,30.383163,30.398434,2.385881
1783943771134,96.860000,143.007230,121.459684,115.515845,27.491385,30.163033,30.175329,3.008176
1783943771154,96.880000,171.562210,114.635901,108.763194,62.799016,30.092773,30.104118,2.750960
1783943771174,96.900000,131.856320,107.764308,101.967252,29.889068,27.844484,27.862596,1.206257
1783943771194,96.920000,146.766920,100.845076,95.128318,51.638602,21.525585,21.563398,-1.558647
1783943771214,96.940000,102.902980,93.878575,88.246862,14.656118,10.817110,10.887896,-5.079051
1783943771234,96.960000,94.520355,86.865355,81.137433,13.382922,-2.699440,-2.590392,-8.801095
1783943771254,96.980000,51.337370,79.806126,74.172196,-22.834826,-16.166518,-16.026490,-12.396832
1783943771274,97.000000,57.966010,72.701738,67.166808,-9.200798,-26.643894,-26.488371,-15.878265
1783943771294,97.020000,9.153904,65.553157,60.122252,-50.968348,-32.081866,-31.926329,-19.463030
1783943771314,97.040000,40.375378,58.361446,53.039585,-12.664207,-31.915254,-31.770254,-23.301125
1783943771334,97.060000,8.744461,51.127736,45.919923,-37.175462,-27.057758,-26.928209,-27.224047
1783943771354,97.080000,31.127378,43.853209,38.764416,-7.637038,-19.150218,-19.036848,-30.651175
1783943771374,97.100000,7.652326,36.539073,31.574231,-23.921905,-9.846198,-9.747501,-32.710033
1783943771394,97.120000,30.485775,29.186538,24.350533,6.135242,-0.591247,-0.505019,-32.522540
1783943771414,97.140000,5.922467,21.796800,17.094464,-11.171998,7.403008,7.478818,-29.521997
1783943771434,97.160000,27.117260,14.371016,9.807130,17.310130,13.165426,13.232463,-23.648344
1783943771454,97.180000,-2.412336,6.910289,2.489581,-4.901918,16.001125,16.060711,-15.364589
1783943771474,97.200000,23.941132,-0.584350,-4.857200,28.798332,15.722052,15.775397,-5.535842
1783943771494,97.220000,-25.669922,-8.111957,-12.232312,-13.437610,13.063462,13.111850,4.762330
1783943771514,97.240000,-16.487537,-15.671692,-19.634947,3.147410,9.556522,9.601415,14.422276
1783943771534,97.260000,-52.603300,-23.262824,-27.064399,-25.538901,6.385945,6.429003,22.421783
1783943771554,97.280000,-25.806604,-30.884746,-34.520074,8.713470,3.366725,3.409779,27.937538
1783943771574,97.300000,-64.898140,-38.536979,-42.001489,-22.896651,-0.697265,-0.652276,30.520912
1783943771594,97.320000,-56.677880,-46.219177,-49.508286,-7.169594,-6.821500,-6.772585,30.251028
1783943771614,97.340000,-94.142790,-53.931128,-57.040222,-37.102568,-15.111091,-15.056263,27.688622
1783943771634,97.360000,-89.541950,-61.672754,-64.597176,-24.944774,-24.700102,-24.637424,23.614084
1783943771654,97.380000,-136.270170,-69.444104,-72.179140,-64.091030,-34.045354,-33.972975,18.733715
1783943771674,97.400000,-119.692640,-77.245350,-79.786216,-39.906424,-41.540190,-41.456377,13.528657
1783943771694,97.420000,-163.774190,-85.076776,-87.418605,-76.355585,-46.139123,-46.042293,8.277223
1783943771714,97.440000,-137.275180,-92.938759,-95.076594,-42.198586,-47.627813,-47.516563,3.179915
1783943771734,97.460000,-167.607200,-100.831760,-102.760547,-64.846653,-46.424446,-46.297584,-1.499675
1783943771754,97.480000,-147.401980,-108.756298,-110.470881,-36.931099,-42.987467,-42.844040,-5.361221
1783943771774,97.500000,-182.460820,-116.712929,-118.208054,-64.252766,-37.485870,-37.325193,-7.922047
1783943771794,97.520000,-150.063780,-124.702221,-125.972536,-24.091244,-30.206715,-30.028390,-8.777457
1783943771814,97.540000,-171.273010,-132.724725,-133.764793,-37.508217,-22.009777,-21.813717,-7.750940
1783943771834,97.560000,-143.973190,-140.780944,-141.585256,-2.387934,-14.076619,-13.863058,-4.923222
1783943771854,97.580000,-172.089520,-148.871301,-149.434295,-22.655225,-7.331972,-7.101477,-0.560960
1783943771874,97.600000,-151.680950,-156.996109,-157.312196,5.631246,-2.282732,-2.036208,4.936000
1783943771894,97.620000,-167.179380,-165.155530,-165.219125,-1.960255,0.816841,1.078145,11.030904
1783943771914,97.640000,-152.274480,-173.349544,-173.155104,20.880624,2.166018,2.440506,17.075768
1783943771934,97.660000,-192.361160,-181.577914,-181.119978,-11.241182,2.770582,3.056304,22.404932
1783943771954,97.680000,-166.744640,-189.840150,-189.113389,22.368749,4.018693,4.313344,26.424276
1783943771974,97.700000,-194.698610,-198.135475,-197.134747,2.436137,6.832231,7.133163,28.664064
1783943771994,97.720000,-172.832300,-206.462794,-205.183200,32.350900,11.392122,11.696381,28.851097
1783943772014,97.740000,-197.084470,-214.820660,-213.257612,16.173142,17.324972,17.629391,27.009573
1783943772034,97.760000,-172.606570,-223.207249,-221.356534,48.749964,23.909368,24.210701,23.499222
1783943772054,97.780000,-202.191310,-231.620332,-229.478185,27.286875,30.247057,30.542164,18.921980
1783943772074,97.800000,-172.080080,-240.057252,-237.620432,65.540352,35.389399,35.675395,13.947044
1783943772094,97.820000,-204.021450,-248.514905,-245.780780,41.759330,38.582005,38.856279,9.150146
1783943772114,97.840000,-181.029680,-256.989724,-253.961315,72.931635,39.704572,39.964579,4.914964
1783943772134,97.860000,-229.931210,-265.477667,-262.153433,32.222223,39.421848,39.664804,1.387117
1783943772154,97.880000,-206.014280,-273.974208,-270.353407,64.339127,38.570049,38.792760,-1.543700
1783943772174,97.900000,-236.845950,-282.474336,-278.557098,41.711148,37.345604,37.544541,-4.203888
1783943772194,97.920000,-218.265840,-290.972554,-286.759957,68.494117,35.363647,35.535150,-6.985580
1783943772214,97.940000,-261.624480,-299.462886,-294.957020,33.332540,32.410381,32.550871,-10.143388
1783943772234,97.960000,-252.447240,-307.938887,-303.142918,50.695678,28.742927,28.849065,-13.696973
1783943772254,97.980000,-290.207300,-316.393656,-311.311884,21.104584,24.597751,24.666533,-17.508644
1783943772274,98.000000,-264.382930,-324.819857,-319.457762,55.074832,19.806714,19.835523,-21.409952
1783943772294,98.020000,-311.729800,-333.209742,-327.574025,15.844225,14.338887,14.325530,-25.224783
1783943772314,98.040000,-313.723300,-341.555175,-335.653794,21.930494,8.951736,8.894491,-28.730154
1783943772334,98.060000,-346.981320,-349.847668,-343.689853,-3.291467,4.644839,4.542541,-31.696121
1783943772354,98.080000,-333.603730,-358.078409,-351.674680,18.070950,1.557735,1.409876,-33.988895
1783943772374,98.100000,-369.955400,-366.238305,-359.600466,-10.354934,-1.268126,-1.461294,-35.584854
1783943772394,98.120000,-350.020140,-374.318016,-367.459149,17.439009,-5.200598,-5.438052,-36.454716
1783943772414,98.140000,-390.169340,-382.308001,-375.245406,-14.923934,-10.917387,-11.197454,-36.458110
1783943772434,98.160000,-370.854000,-390.198562,-382.947847,12.093847,-17.246304,-17.566870,-35.372486
1783943772454,98.180000,-469.474270,-397.979885,-390.557810,-78.916460,-21.168171,-21.526831,-33.054928
1783943772474,98.200000,-406.182500,-405.642092,-398.066512,-8.115988,-20.202841,-20.596924,-29.648743
1783943772494,98.220000,-439.684630,-413.175283,-405.465083,-34.219547,-14.871602,-15.298127,-25.617243
1783943772514,98.240000,-408.859040,-420.569587,-412.744598,3.885558,-8.025136,-8.480762,-21.444136
1783943772534,98.260000,-443.434400,-427.815206,-419.896118,-23.538282,-2.439508,-2.920511,-17.224651
1783943772554,98.280000,-426.156130,-434.902464,-426.910728,0.754598,0.535792,0.033502,-12.584282
1783943772574,98.300000,-468.040500,-441.821850,-433.779571,-34.260929,0.928646,0.409485,-7.045741
1783943772594,98.320000,-440.071660,-448.564067,-440.493890,0.422230,-0.573513,-1.104867,-0.481614
1783943772614,98.340000,-487.410950,-455.120070,-447.045061,-40.365889,-3.158852,-3.697528,6.731278
1783943772634,98.360000,-466.317260,-461.481108,-453.424632,-12.892628,-6.062741,-6.603747,13.873322
1783943772654,98.380000,-499.659800,-467.638765,-459.624360,-40.035440,-8.686761,-9.225058,20.165060
1783943772674,98.400000,-486.600160,-473.584996,-465.636242,-20.963918,-10.541576,-11.072143,25.006170
1783943772694,98.420000,-523.352230,-479.312157,-471.452550,-51.899680,-11.187501,-11.705406,28.096903
1783943772714,98.440000,-498.195250,-484.813039,-477.065865,-21.129385,-10.523783,-11.024248,29.444489
1783943772734,98.460000,-536.768700,-490.080895,-482.469103,-54.299597,-9.098339,-9.576805,29.296202
1783943772754,98.480000,-507.164730,-495.109461,-487.655544,-19.509186,-8.134584,-8.586774,28.051933
1783943772774,98.500000,-535.909800,-499.892979,-492.618859,-43.290941,-9.162795,-9.584773,26.190847
1783943772794,98.520000,-520.327000,-504.426209,-497.353129,-22.973871,-13.152249,-13.540476,24.200277
1783943772814,98.540000,-562.228600,-508.704445,-501.852871,-60.375729,-19.761633,-20.113016,22.474243
1783943772834,98.560000,-543.712500,-512.723520,-506.113046,-37.599454,-27.399093,-27.711027,21.189032
1783943772854,98.580000,-587.541800,-516.479809,-510.129082,-77.412718,-33.857229,-34.127636,20.227180
1783943772874,98.600000,-566.424900,-519.970231,-513.896876,-52.528024,-37.130972,-37.358326,19.231920
1783943772894,98.620000,-595.358000,-523.192241,-517.412805,-77.945195,-36.250619,-36.433970,17.794048
1783943772914,98.640000,-563.145500,-526.143821,-520.673728,-42.471772,-31.720022,-31.859008,15.679883
1783943772934,98.660000,-579.919250,-528.823467,-523.676982,-56.242268,-25.204125,-25.298978,12.994616
1783943772954,98.680000,-547.166100,-531.230174,-526.420381,-20.745719,-18.568436,-18.619980,10.210369
1783943772974,98.700000,-575.144300,-533.363410,-528.902203,-46.242097,-12.878461,-12.888108,8.022946
1783943772994,98.720000,-540.830930,-535.223093,-531.121177,-9.709753,-8.054924,-8.024656,7.074501
1783943773014,98.740000,-572.050540,-536.809564,-533.076468,-38.974072,-3.246379,-3.178719,7.675065
1783943773034,98.760000,-530.142900,-538.123556,-534.767657,4.624757,2.510874,2.612906,9.674762
1783943773054,98.780000,-563.700800,-539.166161,-536.194715,-27.506085,9.681042,9.813997,12.546350
1783943773074,98.800000,-510.766360,-539.938790,-537.357974,26.591614,17.828118,17.988209,15.607243
1783943773094,98.820000,-539.824800,-540.443142,-538.258102,-1.566698,25.665822,25.849013,18.257027
1783943773114,98.840000,-495.455400,-540.681163,-538.896070,43.440670,31.606816,31.808898,20.131508
1783943773134,98.860000,-518.925660,-540.655006,-539.273112,20.347452,34.485031,34.701623,21.124945
1783943773154,98.880000,-493.379200,-540.366992,-539.390695,46.011495,34.173705,34.400148,21.293243
1783943773174,98.900000,-529.331200,-539.819568,-539.250480,9.919280,31.636650,31.867763,20.692800
1783943773194,98.920000,-498.196900,-539.015272,-538.854283,40.657383,28.136531,28.366309,19.242914
1783943773214,98.940000,-525.188840,-537.956690,-538.204035,13.015195,24.375460,24.596885,16.709460
1783943773234,98.960000,-493.973570,-536.646419,-537.301746,43.328176,20.425879,20.631174,12.844920
1783943773254,98.980000,-526.612700,-535.087030,-536.149466,9.536766,16.262782,16.444501,7.593280
1783943773274,99.000000,-497.434140,-533.281036,-534.712384,37.278244,12.188557,12.341280,1.194929
1783943773294,99.020000,-534.555400,-531.230851,-533.068272,-1.487128,8.758638,8.879826,-5.882267
1783943773314,99.040000,-494.395750,-528.938768,-531.180190,36.784440,6.344029,6.433051,-13.101991
1783943773334,99.060000,-532.579960,-526.406918,-529.049968,-3.529992,4.780213,4.836667,-19.978136
1783943773354,99.080000,-494.073360,-523.637253,-526.679300,32.605940,3.255233,3.278021,-26.109825
1783943773374,99.100000,-518.420840,-520.631514,-524.069703,5.648863,0.435187,0.422475,-31.172546
1783943773394,99.120000,-486.290500,-517.391210,-521.222498,34.931998,-4.863794,-4.914180,-34.908676
1783943773414,99.140000,-519.274500,-513.917596,-518.138771,-1.135729,-12.629681,-12.719782,-37.142666
1783943773434,99.160000,-488.384200,-510.211658,-514.819357,26.435157,-20.954062,-21.085425,-37.830166
1783943773454,99.180000,-562.606500,-506.274098,-511.264814,-51.341686,-26.545041,-26.718520,-37.141520
1783943773474,99.200000,-498.046020,-502.105316,-507.475401,9.429381,-27.023906,-27.239595,-35.530735
1783943773494,99.220000,-510.418800,-497.705407,-503.451062,-6.967738,-23.023272,-23.280512,-33.633015
1783943773514,99.240000,-470.234620,-493.074149,-499.191412,28.956792,-17.411371,-17.708789,-31.915320
1783943773534,99.260000,-490.986900,-488.211003,-494.695723,3.708823,-12.891078,-13.226625,-30.320417
1783943773554,99.280000,-459.611150,-483.115109,-489.962915,30.351765,-10.651513,-11.022486,-28.274010
1783943773574,99.300000,-485.504940,-477.785286,-484.991549,-0.513391,-10.444232,-10.847288,-25.110573
1783943773594,99.320000,-442.216550,-472.220043,-479.779826,37.563276,-11.212409,-11.643576,-20.546995
1783943773614,99.340000,-479.598270,-466.417581,-474.325587,-5.272683,-11.577580,-12.032263,-14.841325
1783943773634,99.360000,-441.136870,-460.375808,-468.626314,27.489444,-10.352941,-10.825943,-8.640983
1783943773654,99.380000,-457.675780,-454.092351,-462.679140,5.003360,-7.301896,-7.787444,-2.715416
1783943773674,99.400000,-408.036220,-447.564575,-456.480858,48.444638,-3.283341,-3.775122,2.302249
1783943773694,99.420000,-435.173250,-440.789605,-450.027937,14.854687,0.647568,0.156361,6.110442
1783943773714,99.440000,-392.654480,-433.764348,-443.316542,50.662062,4.171709,3.688322,8.793957
1783943773734,99.460000,-424.979640,-426.485522,-436.342551,11.362911,7.725741,7.257795,10.679065
1783943773754,99.480000,-366.200800,-418.949687,-429.101591,62.900791,11.882597,11.438023,12.085780
1783943773774,99.500000,-400.335940,-411.153278,-421.589059,21.253119,16.961761,16.548717,13.178561
1783943773794,99.520000,-353.668270,-403.092646,-413.800165,60.131895,22.910009,22.536798,13.984715
1783943773814,99.540000,-365.905800,-394.764093,-405.729968,39.824168,29.033260,28.708241,14.482528
1783943773834,99.560000,-322.194820,-386.163920,-397.373422,75.178602,34.063501,33.794987,14.671205
1783943773854,99.580000,-345.118960,-377.288471,-388.725421,43.606461,36.816577,36.612738,14.603322
1783943773874,99.600000,-304.155850,-368.134185,-379.780856,75.625006,36.742963,36.611716,14.367938
1783943773894,99.620000,-339.488860,-358.697642,-370.534668,31.045808,33.983500,33.932398,14.010338
1783943773914,99.640000,-298.662720,-348.975621,-360.981912,62.319192,29.027179,29.063300,13.434783
1783943773934,99.660000,-321.525630,-338.965156,-351.117817,29.592187,22.445021,22.574855,12.394420
1783943773954,99.680000,-297.010900,-328.663588,-340.937859,43.926959,15.163065,15.392399,10.602116
1783943773974,99.700000,-337.092600,-318.068627,-330.437829,-6.654771,8.543295,8.877102,7.864063
1783943773994,99.720000,-287.958250,-307.178408,-319.613905,31.655655,3.568891,4.011226,4.133291
1783943774014,99.740000,-311.017850,-295.991553,-308.462733,-2.555117,0.268991,0.822891,-0.483631
1783943774034,99.760000,-282.246830,-284.507223,-296.981496,14.734666,-1.775930,-1.108544,-5.686100
1783943774054,99.780000,-301.420600,-272.725180,-285.167999,-16.252601,-2.957694,-2.176095,-10.955937
1783943774074,99.800000,-258.120360,-260.645841,-273.020744,14.900384,-3.761255,-2.865984,-15.654538
1783943774094,99.820000,-282.227360,-248.270333,-260.539007,-21.688353,-4.717858,-3.710784,-19.201054
1783943774114,99.840000,-235.814300,-235.600543,-247.722917,11.908617,-6.019961,-4.904327,-21.198418
1783943774134,99.860000,-267.095370,-222.639164,-234.573525,-32.521845,-7.273163,-6.053610,-21.472868
1783943774154,99.880000,-225.888090,-209.389748,-221.092882,-4.795208,-7.760094,-6.442679,-20.089472
1783943774174,99.900000,-244.680330,-195.856739,-207.284104,-37.396226,-7.197118,-5.789302,-17.351080
1783943774194,99.920000,-189.047210,-182.045514,-193.151434,4.104224,-6.191098,-4.701725,-13.719574
1783943774214,99.940000,-215.401570,-167.962416,-178.700307,-36.701263,-5.775367,-4.214616,-9.652692
1783943774234,99.960000,-166.460040,-153.614783,-163.937394,-2.522646,-6.614963,-4.994283,-5.459457
1783943774254,99.980000,-194.126340,-139.010963,-148.870657,-45.255683,-8.691823,-7.023847,-1.290401
1783943774274,100.000000,-145.167200,-124.160341,-133.509385,-11.657815,-11.466620,-9.765061,2.749777
1783943774294,100.020000,-164.801680,-109.073343,-117.864223,-46.937457,-14.079032,-12.358560,6.501646
1783943774314,100.040000,-129.439700,-93.761441,-101.947200,-27.492500,-15.481216,-13.757311,9.752343
1783943774334,100.060000,-147.822420,-78.237156,-85.771737,-62.050683,-14.977782,-13.266582,12.294293
1783943774354,100.080000,-84.494560,-62.514046,-69.352656,-15.141904,-13.015093,-11.333212,13.983272
1783943774374,100.100000,-99.936100,-46.606689,-52.706170,-47.229930,-11.046873,-9.411221,14.810936
1783943774394,100.120000,-52.795002,-30.530671,-35.849870,-16.945132,-10.413325,-8.840905,14.976723
1783943774414,100.140000,-78.695630,-14.302547,-18.802692,-59.892938,-11.645674,-10.153377,14.852195
1783943774434,100.160000,-18.529652,2.060185,-1.584885,-16.944767,-14.701200,-13.305592,14.792489
1783943774454,100.180000,-45.578430,18.539132,15.782042,-61.360472,-19.194104,-17.911212,14.940938
1783943774474,100.200000,6.428862,35.115048,33.275384,-26.846522,-24.185760,-23.030858,15.194476
1783943774494,100.220000,-23.733923,51.767891,50.871303,-74.605226,-28.162136,-27.149535,15.307355
1783943774514,100.240000,23.240433,68.476882,68.544920,-45.304487,-29.710990,-28.853833,14.998757
1783943774534,100.260000,18.767769,85.220574,86.270400,-67.502631,-28.544743,-27.854815,14.023297
1783943774554,100.280000,79.173520,101.976919,104.021062,-24.847542,-25.748217,-25.235764,12.271800
1783943774574,100.300000,68.540680,118.723346,121.769484,-53.228804,-22.768516,-22.442082,9.901917
1783943774594,100.320000,116.983215,135.436846,139.487627,-22.504412,-20.211985,-20.078273,7.367403
1783943774614,100.340000,106.170730,152.094052,157.146964,-50.976234,-17.584598,-17.648348,5.245266
1783943774634,100.360000,149.287810,168.671336,174.718611,-25.430801,-14.018442,-14.282336,3.947466
1783943774654,100.380000,151.406770,185.144894,192.173473,-40.766703,-9.377656,-9.842250,3.530779
1783943774674,100.400000,214.614850,201.490848,209.482381,5.132469,-4.734165,-5.397850,3.744172
1783943774694,100.420000,205.393860,217.685341,226.616247,-21.222387,-1.527830,-2.386820,4.256526
1783943774714,100.440000,248.458330,233.704636,243.546209,4.912121,-0.315653,-1.364008,4.856533
1783943774734,100.460000,233.608440,249.525217,260.243781,-26.635341,-0.558208,-1.787879,5.451310
1783943774754,100.480000,287.637100,265.123889,276.681005,10.956095,-1.357697,-2.758611,5.907907
1783943774774,100.500000,275.255340,280.477876,292.830593,-17.575253,-1.974113,-3.534280,5.956499
1783943774794,100.520000,321.753700,295.564922,308.666074,13.087626,-1.736909,-3.442556,5.278366
1783943774814,100.540000,313.960330,310.363386,324.161929,-10.201599,0.097221,-1.738513,3.674041
1783943774834,100.560000,356.853550,324.852332,339.293722,17.559828,4.198199,2.249202,1.152883
1783943774854,100.580000,352.553440,339.011629,354.038230,-1.484790,10.735248,8.691044,-2.090848
1783943774874,100.600000,410.905270,352.822026,368.373550,42.531720,18.961645,16.841293,-5.741959
1783943774894,100.620000,399.935850,366.265245,382.279212,17.656638,27.296699,25.120029,-9.408076
1783943774914,100.640000,459.965200,379.324051,395.736269,64.228931,33.858459,31.645823,-12.657773
1783943774934,100.660000,447.409300,391.982326,408.727386,38.681914,37.185664,34.957686,-15.091454
1783943774954,100.680000,493.380600,404.225135,421.236906,72.143694,37.054886,34.832202,-16.450289
1783943774974,100.700000,456.060360,416.038784,433.250915,22.809445,34.765568,32.568577,-16.734093
1783943774994,100.720000,499.282700,427.410870,444.757284,54.525416,32.171461,30.020077,-16.283813
1783943775014,100.740000,490.432370,438.330330,455.745704,34.686666,30.233302,28.146714,-15.746776
1783943775034,100.760000,528.685200,448.787473,466.207708,62.477492,28.750481,26.746930,-15.846944
1783943775054,100.780000,505.921330,458.774011,476.136673,29.784657,27.239758,25.336330,-17.051554
1783943775074,100.800000,545.312740,468.283079,485.527820,59.784920,25.600973,23.813405,-19.377127
1783943775094,100.820000,517.206300,477.309248,494.378191,22.828109,24.135904,22.478422,-22.467102
1783943775114,100.840000,553.335200,485.848533,502.686626,50.648574,23.184790,21.669969,-25.826979
1783943775134,100.860000,534.039730,493.898383,510.453713,23.586017,22.639324,21.277970,-29.015450
1783943775154,100.880000,570.743040,501.457676,517.681747,53.061293,21.810802,20.611863,-31.704344
1783943775174,100.900000,542.129200,508.526698,524.374662,17.754538,19.780111,18.750619,-33.652145
1783943775194,100.920000,575.405400,515.107115,530.537962,44.867438,15.775242,14.920272,-34.679565
1783943775214,100.940000,544.892800,521.201943,536.178649,8.714151,9.396832,8.719486,-34.695423
1783943775234,100.960000,571.186200,526.815504,541.305133,29.881067,0.878522,0.379929,-33.742890
1783943775254,100.980000,526.243840,531.953384,545.927147,-19.683307,-8.787690,-9.108346,-32.014977
1783943775274,101.000000,554.960900,536.622375,550.055650,4.905250,-18.217237,-18.362666,-29.830399
1783943775294,101.020000,516.649000,540.830421,553.702727,-37.053727,-26.219473,-26.194171,-27.569650
1783943775314,101.040000,549.084300,544.586552,556.881494,-7.797194,-32.005812,-31.815896,-25.557932
1783943775334,101.060000,505.879520,547.900821,559.605988,-53.726468,-35.059175,-34.712136,-23.928320
1783943775354,101.080000,547.281860,550.784224,561.891068,-14.609208,-35.120705,-34.625110,-22.552938
1783943775374,101.100000,528.052000,553.248636,563.752308,-35.700308,-32.061278,-31.426480,-21.074568
1783943775394,101.120000,528.408700,555.306725,565.205895,-36.797195,-25.587421,-24.823405,-19.005661
1783943775414,101.140000,525.815200,556.971872,566.262979,-40.447779,-15.962868,-15.080345,-15.885156
1783943775434,101.160000,580.548030,558.258096,566.946264,13.601766,-5.131294,-4.141924,-11.428043
1783943775454,101.180000,557.775940,559.179962,567.273196,-9.497256,4.179679,5.263207,-5.535191
1783943775474,101.200000,578.003700,559.752501,567.261421,10.742279,10.583432,11.747568,1.806259
1783943775494,101.220000,550.280400,559.991122,566.928697,-16.648297,14.559912,15.790556,10.507092
1783943775514,101.240000,585.082900,559.911530,566.292806,18.790094,17.361366,18.644200,20.178324
1783943775534,101.260000,543.135000,559.529636,565.371461,-22.236461,19.971839,21.292608,30.012213
1783943775554,101.280000,585.384340,558.861475,564.182226,21.202114,22.536786,23.881502,38.953550
1783943775574,101.300000,546.132400,557.923121,562.742432,-16.610032,24.161751,25.516850,46.040770
1783943775594,101.320000,579.295700,556.730606,561.069101,18.226599,23.249994,24.602452,50.674970
1783943775614,101.340000,545.578860,555.299837,559.178871,-13.600011,18.274373,19.611803,52.708770
1783943775634,101.360000,560.035800,553.646520,557.087933,2.947867,8.778951,10.089690,52.372830
1783943775654,101.380000,512.131650,551.786084,554.811959,-42.680309,-3.905762,-2.632570,50.089740
1783943775674,101.400000,534.843200,549.733607,552.366051,-17.522851,-16.704344,-15.478679,46.265400
1783943775694,101.420000,448.659120,547.503751,549.764684,-101.105564,-25.762472,-24.593368,41.152374
1783943775714,101.440000,506.868260,545.110695,547.021658,-40.153398,-28.597577,-27.493078,34.832996
1783943775734,101.460000,483.311830,542.568076,544.150057,-60.838227,-25.765020,-24.732138,27.379990
1783943775754,101.480000,510.632630,539.888934,541.162209,-30.529579,-19.833266,-18.877962,19.169624
1783943775774,101.500000,477.745540,537.085663,538.069657,-60.324117,-13.308381,-12.435554,11.095509
1783943775794,101.520000,514.275900,534.169967,534.883132,-20.607232,-7.963045,-7.176537,4.403900
1783943775814,101.540000,482.818900,531.152820,531.612532,-48.793632,-5.003439,-4.306050,0.205540
1783943775834,101.560000,509.163820,528.044437,528.266912,-19.103092,-5.038893,-4.432408,-0.958537
1783943775854,101.580000,481.582150,524.854242,524.854466,-43.272316,-7.918636,-7.403854,0.765128
1783943775874,101.600000,492.390200,521.590854,521.382535,-28.992335,-12.621197,-12.197977,4.674379
1783943775894,101.620000,454.264470,518.262068,517.857597,-63.593127,-17.576773,-17.244081,9.725330
1783943775914,101.640000,485.907350,514.874851,514.285286,-28.377936,-21.507793,-21.263761,14.758068
1783943775934,101.660000,445.954600,511.435335,510.670395,-64.715795,-23.945120,-23.787110,18.738867
1783943775954,101.680000,477.615900,507.948825,507.016900,-29.401000,-25.081773,-25.006451,20.993654
1783943775974,101.700000,442.116600,504.419810,503.327980,-61.211380,-25.478926,-25.482342,21.344454
1783943775994,101.720000,477.926500,500.851973,499.606048,-21.679548,-25.746926,-25.824595,20.076189
1783943776014,101.740000,432.001280,497.248220,495.852779,-63.851499,-26.196527,-26.343506,17.761663
1783943776034,101.760000,479.791560,493.610700,492.069149,-12.277589,-26.683339,-26.894277,15.043983
1783943776054,101.780000,426.267820,489.940842,488.255476,-61.987656,-26.582495,-26.851654,12.460068
1783943776074,101.800000,459.414920,486.239386,484.411466,-24.996546,-25.104599,-25.425845,10.333331
1783943776094,101.820000,442.773320,482.506429,480.536255,-37.762935,-22.045792,-22.412577,8.747875
1783943776114,101.840000,474.739380,478.741464,476.628465,-1.889085,-17.862028,-18.267422,7.629941
1783943776134,101.860000,442.507230,474.943432,472.686251,-30.179021,-12.834958,-13.271825,6.897420
1783943776154,101.880000,478.870540,471.110768,468.707362,10.163178,-6.676718,-7.138122,6.551166
1783943776174,101.900000,447.577500,467.241459,464.689189,-17.111689,1.011864,0.531967,6.625643
1783943776194,101.920000,493.037170,463.333091,460.628825,32.408345,10.113734,9.619657,7.081060
1783943776214,101.940000,468.088320,459.382913,456.523121,11.565199,19.767772,19.261471,7.785747
1783943776234,101.960000,511.949770,455.387883,452.368740,59.581030,28.723188,28.204538,8.598765
1783943776254,101.980000,476.886170,451.344732,448.162211,28.723959,35.912862,35.381644,9.437963
1783943776274,102.000000,523.304930,447.250015,443.975381,79.329549,40.794551,40.253761,10.257218
1783943776294,102.020000,482.818480,443.100163,439.652104,43.166376,43.529010,42.986553,10.964973
1783943776314,102.040000,509.658720,438.891538,435.265959,74.392761,44.938425,44.405151,11.359324
1783943776334,102.060000,473.465100,434.620483,430.813440,42.651660,45.833683,45.319930,11.117124
1783943776354,102.080000,508.824800,430.283364,426.291146,82.533654,46.119438,45.633017,9.849900
1783943776374,102.100000,474.467400,425.876620,421.695817,52.771583,44.676646,44.222597,7.236497
1783943776394,102.120000,509.858150,421.396800,417.024367,92.833783,40.287684,39.868919,3.191399
1783943776414,102.140000,449.768550,416.840598,412.273916,37.494634,32.885708,32.503847,-2.055624
1783943776434,102.160000,467.833470,412.204893,407.441813,60.391657,23.859498,23.515512,-8.076259
1783943776454,102.180000,417.426880,407.486772,402.525661,14.901219,14.961659,14.656221,-14.489650
1783943776474,102.200000,447.365170,402.683557,397.523336,49.841834,7.018246,6.751837,-21.119858
1783943776494,102.220000,407.039300,397.792828,392.432995,14.606305,-0.217082,-0.444208,-27.912989
1783943776514,102.240000,431.279600,392.812440,387.253094,44.026506,-7.032681,-7.220578,-34.699020
1783943776534,102.260000,368.276430,387.740537,381.982389,-13.705959,-12.786375,-12.935468,-41.054306
1783943776554,102.280000,398.357030,382.575560,376.619943,21.737087,-16.244996,-16.356111,-46.417038
1783943776574,102.300000,367.181700,377.316258,371.165125,-3.983425,-16.662653,-16.737006,-50.321430
1783943776594,102.320000,385.573670,371.961687,365.617604,19.956066,-14.108427,-14.147590,-52.504223
1783943776614,102.340000,357.149900,366.511213,359.977351,-2.827451,-9.214767,-9.220626,-52.833282
1783943776634,102.360000,394.178650,360.964508,354.244621,39.934029,-3.027887,-3.002593,-51.209790
1783943776654,102.380000,349.226070,355.321543,348.419950,0.806120,3.283609,3.337687,-47.566050
1783943776674,102.400000,390.360800,349.582580,342.504137,47.856663,8.687986,8.768298,-41.941177
1783943776694,102.420000,350.058470,343.748164,336.498231,13.560239,12.327415,12.431271,-34.556152
1783943776714,102.440000,375.923950,337.819102,330.403513,45.520437,13.664267,13.788876,-25.845802
1783943776734,102.460000,333.947940,331.796457,324.221480,9.726460,12.561087,12.703589,-16.436890
1783943776754,102.480000,356.798280,325.681521,317.953820,38.844460,9.124428,9.281932,-7.078689
1783943776774,102.500000,313.223450,319.475802,311.602397,1.621053,3.641119,3.810738,1.455618
1783943776794,102.520000,329.976530,313.181001,305.169225,24.807305,-3.274498,-3.095612,8.487605
1783943776814,102.540000,276.202400,306.798988,298.656446,-22.454046,-10.643554,-10.458177,13.538719
1783943776834,102.560000,303.305270,300.331785,292.066310,11.238960,-17.406860,-17.217669,16.378384
1783943776854,102.580000,244.661590,293.781537,285.401152,-40.739562,-22.759923,-22.569464,17.025978
1783943776874,102.600000,280.871800,287.150490,278.663368,2.208432,-26.315000,-26.125666,15.741769
1783943776894,102.620000,239.479640,280.440970,271.855396,-32.375756,-27.887994,-27.701999,13.020495
1783943776914,102.640000,247.447360,273.655359,264.979693,-17.532333,-27.014348,-26.833713,9.553870
1783943776934,102.660000,215.495250,266.796069,258.038716,-42.543466,-23.222203,-23.048739,6.105654
1783943776954,102.680000,254.027220,259.865527,251.034907,2.992313,-16.988093,-16.823388,3.337635
1783943776974,102.700000,214.901890,252.866147,243.970670,-29.068780,-9.887328,-9.732742,1.712303
1783943776994,102.720000,259.627080,245.800318,236.848359,22.778721,-3.753308,-3.609965,1.522710
1783943777014,102.740000,213.921720,238.670381,229.670260,-15.748540,0.337345,0.468559,2.947811
1783943777034,102.760000,235.554470,231.478613,222.438584,13.115886,2.587129,2.705562,6.002268
1783943777054,102.780000,194.190460,224.227215,215.155448,-20.964988,3.931645,4.036876,10.403871
1783943777074,102.800000,229.447810,216.918295,207.822870,21.624940,4.974992,5.066824,15.518619
1783943777094,102.820000,186.153380,209.553859,200.442758,-14.289378,5.629829,5.708280,20.497839
1783943777114,102.840000,214.485030,202.135798,193.016906,21.468124,5.508209,5.573496,24.552658
1783943777134,102.860000,169.404280,194.665884,185.546986,-16.142706,4.307152,4.359683,27.178614
1783943777154,102.880000,195.311950,187.145759,178.034543,17.277407,1.918708,1.959062,28.199278
1783943777174,102.900000,151.985410,179.576933,170.480998,-18.495588,-1.541351,-1.512440,27.675817
1783943777194,102.920000,174.872530,171.960780,162.887643,11.984887,-5.626417,-5.608081,25.802643
1783943777214,102.940000,123.676300,164.298539,155.255644,-31.579344,-9.536362,-9.527615,22.837778
1783943777234,102.960000,152.052400,156.591313,147.586043,4.466357,-12.438975,-12.438735,19.053837
1783943777254,102.980000,102.989380,148.840071,139.879762,-36.890382,-13.964438,-13.971551,14.708499
1783943777274,103.000000,142.940890,141.045657,132.137612,10.803278,-14.414410,-14.427668,10.055646
1783943777294,103.020000,97.501434,133.208790,124.360293,-26.858859,-14.375844,-14.394009,5.396271
1783943777314,103.040000,126.245850,125.330078,116.548410,9.697440,-13.999790,-14.021611,1.109868
1783943777334,103.060000,71.202620,117.410022,108.702479,-37.499859,-12.842648,-12.866887,-2.409136
1783943777354,103.080000,115.466540,109.449035,100.822938,14.643602,-10.589427,-10.614875,-4.894164
1783943777374,103.100000,66.741714,101.447446,92.910159,-26.168445,-7.736359,-7.761853,-6.302553
1783943777394,103.120000,113.322840,93.405518,84.964461,28.358379,-5.436779,-5.461222,-6.766161
1783943777414,103.140000,71.100555,85.323466,76.986126,-5.885571,-4.587218,-4.609591,-6.445957
1783943777434,103.160000,84.857050,77.201465,68.975406,15.881644,-4.874568,-4.893946,-5.445375
1783943777454,103.180000,39.712090,69.039673,60.932547,-21.220457,-4.993303,-5.008864,-3.880938
1783943777474,103.200000,82.111916,60.838244,52.857792,29.254124,-3.919393,-3.930425,-2.016070
1783943777494,103.220000,31.040068,52.597348,44.751408,-13.711340,-1.590921,-1.596833,-0.264901
1783943777514,103.240000,71.975560,44.317184,36.613691,35.361869,1.370196,1.369873,0.982728
1783943777534,103.260000,26.714746,35.998001,28.444983,-1.730237,4.098506,4.104119,1.556162
1783943777554,103.280000,59.111443,27.640111,20.245687,38.865756,5.880144,5.891920,1.543902
1783943777574,103.300000,18.371685,19.243908,12.016276,6.355409,6.502811,6.520856,1.181617
1783943777594,103.320000,46.181786,10.809879,3.757312,42.424474,6.516553,6.540865,0.709869
1783943777614,103.340000,-6.181293,2.338622,-4.530553,-1.650740,7.227318,7.257792,0.272435
1783943777634,103.360000,25.734154,-6.169146,-12.846558,38.580712,10.039473,10.075915,-0.133835
1783943777654,103.380000,-14.340673,-14.712575,-21.189830,6.849157,15.431249,15.473387,-0.641061
1783943777674,103.400000,29.610903,-23.290671,-29.559375,59.170278,22.484270,22.531768,-1.404336
1783943777694,103.420000,-12.405475,-31.902294,-37.954072,25.548597,29.375522,29.428000,-2.443414
1783943777714,103.440000,20.159096,-40.546145,-46.372671,66.531767,34.274668,34.331716,-3.555255
1783943777734,103.460000,-24.666998,-49.220769,-54.813787,30.146789,35.905548,35.966747,-4.399874
1783943777754,103.480000,7.585212,-57.924548,-63.275903,70.861114,33.793402,33.858341,-4.705944
1783943777774,103.500000,-42.296154,-66.655704,-71.757367,29.461213,28.647224,28.715517,-4.435337
1783943777794,103.520000,-36.872660,-75.412299,-80.256399,43.383739,22.572795,22.644101,-3.818397
1783943777814,103.540000,-86.147750,-84.192244,-88.771091,2.623341,18.211833,18.285870,-3.303158
1783943777834,103.560000,-50.723312,-92.993299,-97.299416,46.576104,17.196456,17.273021,-3.447602
1783943777854,103.580000,-101.596690,-101.813086,-105.839231,4.242541,19.442690,19.521665,-4.714816
1783943777874,103.600000,-57.237420,-110.649098,-114.388290,57.150870,23.587032,23.668400,-7.212488
1783943777894,103.620000,-113.620850,-119.498708,-122.944249,9.323399,27.774937,27.858787,-10.553193
1783943777914,103.640000,-80.597430,-128.359184,-131.504680,50.907250,30.158904,30.245439,-13.979434
1783943777934,103.660000,-118.968950,-137.227699,-140.067080,21.098130,29.066748,29.156283,-16.679811
1783943777954,103.680000,-104.495460,-146.101350,-148.628883,44.133423,23.460991,23.553953,-18.081480
1783943777974,103.700000,-164.500960,-154.977170,-157.187472,-7.313488,13.497505,13.594426,-18.003440
1783943777994,103.720000,-146.277070,-163.852142,-165.740192,19.463122,0.362932,0.464443,-16.688993
1783943778014,103.740000,-210.936300,-172.723215,-174.284362,-36.651938,-14.295191,-14.188377,-14.742398
1783943778034,103.760000,-201.009000,-181.587318,-182.817284,-18.191716,-28.818248,-28.705351,-12.960055
1783943778054,103.780000,-255.772220,-190.441373,-191.336259,-64.435961,-41.974321,-41.854512,-12.080834
1783943778074,103.800000,-234.442840,-199.282306,-199.838594,-34.604246,-53.115214,-52.987640,-12.545611
1783943778094,103.820000,-295.534820,-208.107056,-208.321608,-87.213212,-61.782675,-61.646482,-14.352412
1783943778114,103.840000,-276.873660,-216.912588,-216.782647,-60.091013,-67.419841,-67.274199,-17.058460
1783943778134,103.860000,-319.203700,-225.695892,-225.219081,-93.984619,-69.658180,-69.502314,-19.931934
1783943778154,103.880000,-289.829220,-234.453991,-233.628317,-56.200903,-68.544553,-68.377764,-22.162592
1783943778174,103.900000,-330.706760,-243.183938,-242.007790,-88.698970,-64.249689,-64.071387,-23.013474
1783943778194,103.920000,-298.849900,-251.882820,-250.354974,-48.494926,-56.748830,-56.558559,-21.899973
1783943778214,103.940000,-338.143400,-260.547744,-258.667369,-79.476031,-46.004523,-45.801990,-18.463900
1783943778234,103.960000,-289.972380,-269.175837,-266.942504,-23.029876,-32.511506,-32.296610,-12.649280
1783943778254,103.980000,-320.273320,-277.764234,-275.177929,-45.095391,-17.539162,-17.312018,-4.704897
1783943778274,104.000000,-278.373780,-286.310063,-283.371200,4.997420,-2.784996,-2.545961,4.908550
1783943778294,104.020000,-311.647830,-294.810435,-291.519879,-20.127951,10.064123,10.314433,15.622798
1783943778314,104.040000,-262.719670,-303.262425,-299.621512,36.901842,19.646116,19.906831,26.802643
1783943778334,104.060000,-311.123170,-311.663056,-307.673622,-3.449548,25.410821,25.680832,37.742485
1783943778354,104.080000,-277.722870,-320.009280,-315.673691,37.950821,27.961465,28.239468,47.670105
1783943778374,104.100000,-326.007020,-328.297960,-323.619148,-2.387872,28.689303,28.973841,55.772430
1783943778394,104.120000,-293.096800,-336.525851,-331.507350,38.410550,29.002375,29.291860,61.256460
1783943778414,104.140000,-337.066800,-344.689578,-339.336875,2.270075,29.774726,30.067408,63.478138
1783943778434,104.160000,-312.567300,-352.785621,-347.103839,34.536539,31.107073,31.400963,62.116200
1783943778454,104.180000,-341.884520,-360.810295,-354.805280,12.920760,32.272796,32.565607,57.292736
1783943778474,104.200000,-317.695650,-368.759731,-362.438106,44.742456,32.122153,32.411296,49.575455
1783943778494,104.220000,-358.391940,-376.629862,-369.999068,11.607128,29.963778,30.246389,39.866703
1783943778514,104.240000,-341.359300,-384.416407,-377.484754,36.125454,26.180231,26.453213,29.202460
1783943778534,104.260000,-393.286250,-392.114855,-384.891569,-8.394681,21.979576,22.239648,18.501902
1783943778554,104.280000,-360.013670,-399.720456,-392.215725,32.202055,18.515796,18.759522,8.367595
1783943778574,104.300000,-412.216430,-407.228209,-399.453230,-12.763200,16.205626,16.429453,-0.942628
1783943778594,104.320000,-378.923700,-414.632852,-406.599872,27.676172,14.626431,14.826713,-9.369735
1783943778614,104.340000,-422.838750,-421.928855,-413.651213,-9.187537,12.771206,12.944231,-16.864082
1783943778634,104.360000,-391.498230,-429.110415,-420.602581,29.104351,9.646032,9.788048,-23.280676
1783943778654,104.380000,-444.828920,-436.171451,-427.449060,-17.379860,5.038340,5.145590,-28.398355
1783943778674,104.400000,-421.781800,-443.105606,-434.185483,12.403683,-0.188060,-0.119311,-32.029156
1783943778694,104.420000,-471.019900,-449.906238,-440.806431,-30.213469,-4.559791,-4.533219,-34.149868
1783943778714,104.440000,-447.579560,-456.566431,-447.306223,-0.273337,-6.855704,-6.874894,-34.964653
1783943778734,104.460000,-483.957100,-463.078991,-453.678918,-30.278182,-6.848043,-6.916451,-34.834550
1783943778754,104.480000,-452.637050,-469.436453,-459.918310,7.281260,-5.474434,-5.595351,-34.102695
1783943778774,104.500000,-492.405270,-475.631085,-466.017928,-26.387342,-4.329256,-4.505774,-32.927776
1783943778794,104.520000,-454.727260,-481.654899,-471.971036,17.243776,-4.805920,-5.040894,-31.234024
1783943778814,104.540000,-505.988860,-487.499654,-477.770633,-28.218227,-7.218662,-7.514672,-28.804743
1783943778834,104.560000,-481.176500,-493.156872,-483.409456,2.232956,-10.413777,-10.773093,-25.468430
1783943778854,104.580000,-530.026250,-498.617844,-488.879983,-41.146267,-12.382843,-12.807389,-21.279842
1783943778874,104.600000,-501.677000,-503.873645,-494.174435,-7.502565,-11.581994,-12.073308,-16.590063
1783943778894,104.620000,-527.772700,-508.915147,-499.284781,-28.487919,-8.029757,-8.588955,-11.938733
1783943778914,104.640000,-488.055940,-513.733034,-504.202743,16.146803,-3.263565,-3.891312,-7.794615
1783943778934,104.660000,-530.834960,-518.317817,-508.919805,-21.915155,0.781556,0.085074,-4.306425
1783943778954,104.680000,-490.237550,-522.659851,-513.427214,23.189664,2.813939,2.049039,-1.259310
1783943778974,104.700000,-540.844100,-526.749353,-517.715994,-23.128106,2.506142,1.673652,1.724467
1783943778994,104.720000,-509.296330,-530.576421,-521.776950,12.480620,0.232997,-0.665721,4.892766
1783943779014,104.740000,-553.644650,-534.131053,-525.600682,-28.043968,-3.551984,-4.515017,8.181767
1783943779034,104.760000,-515.354300,-537.403167,-529.177589,13.823289,-8.696056,-9.720891,11.242597
1783943779054,104.780000,-567.892940,-540.382624,-532.497889,-35.395051,-15.029645,-16.113086,13.624692
1783943779074,104.800000,-534.362600,-543.059250,-535.551623,1.189023,-21.836690,-22.974743,14.977871
1783943779094,104.820000,-588.505200,-545.422859,-538.328675,-50.176525,-27.768282,-28.956038,15.149086
1783943779114,104.840000,-552.286600,-547.463275,-540.818783,-11.467817,-31.282669,-32.514260,14.159450
1783943779134,104.860000,-595.297850,-549.170358,-543.011555,-52.286295,-31.304112,-32.572841,12.152137
1783943779154,104.880000,-556.259160,-550.534028,-544.896488,-11.362672,-27.765928,-29.064698,9.385340
1783943779174,104.900000,-579.391700,-551.544292,-546.462982,-32.928718,-21.787635,-23.109715,6.258874
1783943779194,104.920000,-535.135500,-552.191270,-547.700362,12.564862,-15.168266,-16.508237,3.324661
1783943779214,104.940000,-575.343750,-552.465217,-548.597895,-26.745855,-9.440992,-10.795420,1.224724
1783943779234,104.960000,-529.766500,-552.356559,-549.144815,19.378315,-5.429390,-6.796396,0.523266
1783943779254,104.980000,-560.114260,-551.855914,-549.330343,-10.783917,-3.354458,-4.731222,1.495179
1783943779274,105.000000,-524.871460,-550.954125,-549.052309,24.180849,-2.754888,-4.133603,4.008374
1783943779294,105.020000,-562.132800,-549.642288,-548.486745,-13.646055,-2.373636,-3.739517,7.570976
1783943779314,105.040000,-526.870800,-547.911785,-547.528022,20.657222,-0.623043,-1.956847,11.479122
1783943779334,105.060000,-553.441160,-545.754313,-546.165579,-7.275581,3.540297,2.257952,14.979594
1783943779354,105.080000,-501.178960,-543.161922,-544.388979,43.210019,10.122234,8.908333,17.445936
1783943779374,105.100000,-534.935850,-540.127044,-542.187952,7.252102,18.368245,17.237028,18.561480
1783943779394,105.120000,-483.511230,-536.642532,-539.552429,56.041199,27.216346,26.180033,18.408543
1783943779414,105.140000,-502.618130,-532.701696,-536.472582,33.854452,35.503397,34.573123,17.387043
1783943779434,105.160000,-466.806270,-528.298341,-532.938872,66.132602,42.232665,41.419163,16.016167
1783943779454,105.180000,-490.419680,-523.426807,-528.942090,38.522410,46.714578,46.028477,14.728097
1783943779474,105.200000,-439.369100,-518.082007,-524.473412,85.104312,48.464707,47.916515,13.732997
1783943779494,105.220000,-484.000400,-512.259472,-519.524453,35.524053,47.398107,46.998014,12.986445
1783943779514,105.240000,-440.604680,-505.955389,-514.087320,73.482640,44.024489,43.782098,12.238980
1783943779534,105.260000,-481.723970,-499.166651,-508.154674,26.430704,39.088926,39.013004,11.118042
1783943779554,105.280000,-440.836700,-491.890893,-501.719799,60.883099,33.088975,33.187244,9.214818
1783943779574,105.300000,-475.330570,-484.126541,-494.776658,19.446088,26.181500,26.460475,6.196066
1783943779594,105.320000,-444.010440,-475.872853,-487.319973,43.309533,18.456107,18.920963,1.931654
1783943779614,105.340000,-478.183780,-467.129962,-479.345288,1.161508,10.203415,10.857871,-3.443261
1783943779634,105.360000,-447.984900,-457.898921,-470.849046,22.864146,1.904841,2.751059,-9.575944
1783943779654,105.380000,-485.050170,-448.181739,-461.828664,-23.221506,-6.020865,-4.982376,-16.009855
1783943779674,105.400000,-436.395840,-437.981424,-452.282601,15.886761,-13.439762,-12.210237,-22.283567
1783943779694,105.420000,-476.264560,-427.302015,-442.210439,-34.054121,-20.228839,-18.811328,-27.961578
1783943779714,105.440000,-436.214260,-416.148617,-431.612953,-4.601307,-25.740980,-24.140407,-32.629060
1783943779734,105.460000,-468.529850,-404.527434,-420.492179,-48.037671,-28.822594,-27.045795,-35.921654
1783943779754,105.480000,-426.420100,-392.445790,-408.851485,-17.568615,-28.473643,-26.529379,-37.599990
1783943779774,105.500000,-440.475220,-379.912155,-396.695632,-43.779588,-24.604505,-22.503454,-37.594955
1783943779794,105.520000,-383.767640,-366.936161,-384.030835,0.263195,-18.241044,-15.995764,-35.951317
1783943779814,105.540000,-400.965330,-353.528614,-370.864814,-30.100516,-10.933081,-8.557947,-32.710580
1783943779834,105.560000,-346.274440,-339.701505,-357.206843,10.932403,-3.980165,-1.491284,-27.857315
1783943779854,105.580000,-370.717650,-325.468010,-343.067786,-27.649864,1.806343,4.391248,-21.401552
1783943779874,105.600000,-306.916600,-310.842486,-328.460134,21.543534,5.831273,8.493001,-13.537495
1783943779894,105.620000,-333.958600,-295.840466,-313.398022,-20.560578,7.527449,10.245483,-4.733721
1783943779914,105.640000,-280.748000,-280.478642,-297.897246,17.149246,6.472832,9.225526,4.317565
1783943779934,105.660000,-308.654000,-264.774843,-281.975268,-26.678732,2.466140,5.230924,12.831833
1783943779954,105.680000,-257.800050,-248.748015,-265.651204,7.851154,-4.474215,-1.720608,20.057882
1783943779974,105.700000,-287.333000,-232.418183,-248.945812,-38.387188,-13.909112,-11.190405,25.374445
1783943779994,105.720000,-247.247360,-215.806414,-231.881460,-15.365900,-24.677555,-22.017670,28.366043
1783943780014,105.740000,-280.120450,-198.934776,-214.482086,-65.638364,-34.964731,-32.387527,28.859009
1783943780034,105.760000,-223.086430,-181.826283,-196.773148,-26.313282,-42.769869,-40.298865,26.913635
1783943780054,105.780000,-258.761000,-164.504843,-178.781555,-79.979445,-46.296565,-43.954666,22.816656
1783943780074,105.800000,-198.483120,-146.995194,-160.535596,-37.947524,-44.375261,-42.184485,17.087755
1783943780094,105.820000,-208.029460,-129.322837,-142.064846,-65.964614,-37.137165,-35.118372,10.463943
1783943780114,105.840000,-137.352370,-111.513962,-123.400072,-13.952298,-26.267261,-24.439891,3.844794
1783943780134,105.860000,-144.146730,-93.595371,-104.573118,-39.573612,-14.437504,-12.819330,-1.791399
1783943780154,105.880000,-71.622180,-75.594394,-85.616785,13.994605,-4.373201,-2.980101,-5.514218
1783943780174,105.900000,-86.324425,-57.538805,-66.564700,-19.759725,2.040045,3.194304,-6.634779
1783943780194,105.920000,-29.585985,-39.456725,-47.451176,17.865191,4.277780,5.181719,-4.926278
1783943780214,105.940000,-41.485424,-21.376535,-28.311064,-13.174360,3.107457,3.752051,-0.763034
1783943780234,105.960000,4.057346,-3.326773,-9.179601,13.236948,0.194979,0.573780,4.913679
1783943780254,105.980000,-10.228223,14.663960,9.907750,-20.135973,-2.438344,-2.329110,10.810346
1783943780274,106.000000,34.879630,32.567106,28.915463,5.964167,-3.211974,-3.373344,15.599118
1783943780294,106.020000,32.167970,50.354248,47.808117,-15.640147,-1.788731,-2.218982,18.230207
1783943780314,106.040000,100.031740,67.997213,66.550557,33.481183,0.883755,0.189098,18.173390
1783943780334,106.060000,74.392050,85.468174,85.108064,-10.716014,3.577745,2.625862,15.542376
1783943780354,106.080000,129.287780,102.739754,103.446521,25.841259,5.602095,4.402792,11.011929
1783943780374,106.100000,123.873780,119.785122,121.532572,2.341208,6.584376,5.149966,5.516023
1783943780394,106.120000,183.272050,136.578095,139.333781,43.938269,6.370333,4.715487,-0.092242
1783943780414,106.140000,145.877270,153.093232,156.818782,-10.941512,5.518545,3.660112,-5.224254
1783943780434,106.160000,208.615810,169.305925,173.957425,34.658385,5.087286,3.044086,-9.590663
1783943780454,106.180000,189.846800,185.192492,190.720912,-0.874112,5.625850,3.418442,-13.185536
1783943780474,106.200000,254.032260,200.730261,207.081923,46.950337,6.818036,4.468459,-16.203539
1783943780494,106.220000,224.828080,215.897648,223.014735,1.813345,8.033272,5.564778,-18.859892
1783943780514,106.240000,290.660900,230.674234,238.495323,52.165577,8.866120,6.302882,-21.231520
1783943780534,106.260000,264.332150,245.040837,253.501457,10.830693,9.403531,6.770351,-23.246454
1783943780554,106.280000,314.635250,258.979571,268.012784,46.622466,10.341320,7.663328,-24.786230
1783943780574,106.300000,289.433650,272.473910,282.010889,7.422761,12.591182,9.893535,-25.793951
1783943780594,106.320000,350.029600,285.508731,295.479358,54.550242,16.444548,13.752132,-26.324188
1783943780614,106.340000,336.492740,298.070366,308.403811,28.088929,21.207825,18.544966,-26.502302
1783943780634,106.360000,390.344730,310.146631,320.771931,69.572799,25.779596,23.169783,-26.405730
1783943780654,106.380000,359.671360,321.726862,332.573478,27.097882,29.418925,26.884553,-25.976824
1783943780674,106.400000,412.817800,332.801930,343.800286,69.017514,31.760436,29.322562,-25.081762
1783943780694,106.420000,392.417720,343.364259,354.446249,37.971471,32.385637,30.063764,-23.665420
1783943780714,106.440000,439.662350,353.407829,364.507295,75.155055,30.937098,28.748985,-21.835321
1783943780734,106.460000,398.122200,362.928174,373.981344,24.140856,27.640385,25.601883,-19.815710
1783943780754,106.480000,440.810900,371.922375,382.868260,57.942640,23.236792,21.361713,-17.876673
1783943780774,106.500000,410.167630,380.389037,391.169787,18.997843,18.343867,16.643878,-16.312529
1783943780794,106.520000,446.683900,388.328266,398.889478,47.794422,13.160008,11.644565,-15.407847
1783943780814,106.540000,416.905850,395.741640,406.032616,10.873234,7.732381,6.408690,-15.337901
1783943780834,106.560000,445.532400,402.632163,412.606124,32.926276,2.328374,1.201385,-16.072784
1783943780854,106.580000,409.764830,409.004222,418.618470,-8.853640,-2.515342,-3.442912,-17.384588
1783943780874,106.600000,445.682800,414.863536,424.079568,21.603232,-6.351932,-7.079545,-18.948065
1783943780894,106.620000,414.438840,420.217097,429.000672,-14.561832,-9.129572,-9.658787,-20.435705
1783943780914,106.640000,455.104600,425.073104,433.394267,21.710333,-10.986872,-11.321242,-21.540873
1783943780934,106.660000,406.061430,429.440898,437.273958,-31.212528,-11.856659,-12.001600,-21.962534
1783943780954,106.680000,452.886600,433.330890,440.654354,12.232246,-11.606598,-11.569242,-21.435043
1783943780974,106.700000,420.526580,436.754480,443.550961,-23.024381,-10.484830,-10.273860,-19.801203
1783943780994,106.720000,453.216580,439.723984,445.980060,7.236520,-9.073743,-8.699214,-17.042795
1783943781014,106.740000,422.011000,442.252546,447.958599,-25.947599,-8.000210,-7.473358,-13.245084
1783943781034,106.760000,458.876160,444.354056,449.504082,9.372078,-7.819264,-7.152307,-8.556788
1783943781054,106.780000,417.848100,446.043063,450.634456,-32.786356,-8.844397,-8.050336,-3.188163
1783943781074,106.800000,453.692200,447.334690,451.368008,2.324192,-10.983147,-10.075562,2.578381
1783943781094,106.820000,411.699340,448.244541,451.723258,-40.023918,-13.739419,-12.732271,8.399467
1783943781114,106.840000,444.722080,448.788618,451.718863,-6.996783,-16.269630,-15.177071,13.904663
1783943781134,106.860000,402.391720,448.983228,451.373520,-48.981800,-17.516817,-16.353015,18.749159
1783943781154,106.880000,435.978850,448.844901,450.705873,-14.727023,-16.537728,-15.316693,22.674784
1783943781174,106.900000,393.908420,448.390300,449.734429,-55.826009,-13.043327,-11.778756,25.554886
1783943781194,106.920000,448.358600,447.636139,448.477475,-0.118875,-7.839463,-6.544573,27.421364
1783943781214,106.940000,415.023300,446.599101,446.952998,-31.929698,-2.416671,-1.104025,28.494438
1783943781234,106.960000,446.767200,445.295758,445.178619,1.588581,2.245641,3.564329,29.185760
1783943781254,106.980000,399.566470,443.742495,443.171523,-43.605053,6.200166,7.514223,29.985971
1783943781274,107.000000,448.983520,441.955438,440.948396,8.035124,9.758904,11.058861,31.234930
1783943781294,107.020000,411.309940,439.950382,438.525371,-27.215431,12.781925,14.059558,32.950115
1783943781314,107.040000,445.272000,437.742726,435.917976,9.354024,14.937431,16.185597,34.873264
1783943781334,107.060000,407.044900,435.347414,433.141087,-26.096187,16.160868,17.373056,36.658890
1783943781354,107.080000,432.673160,432.778873,430.208889,2.464271,16.594520,17.764148,38.003910
1783943781374,107.100000,407.827700,430.050966,427.134838,-19.307138,16.275704,17.395412,38.661526
1783943781394,107.120000,424.488680,427.176939,423.931633,0.557047,15.107782,16.169244,38.440277
1783943781414,107.140000,388.286130,424.169384,420.633862,-32.347732,12.953952,13.948677,37.235340
1783943781434,107.160000,414.766700,421.040195,417.232431,-2.465731,9.426196,10.346962,35.042194
1783943781454,107.180000,380.300000,417.800544,413.737666,-33.437666,3.823609,4.665515,31.938711
1783943781474,107.200000,396.788760,414.460850,410.159101,-13.370341,-4.334421,-3.573812,28.071213
1783943781494,107.220000,356.305300,411.030760,406.505437,-50.200137,-14.675054,-13.996179,23.644808
1783943781514,107.240000,373.905120,407.519136,402.784545,-28.879425,-25.694045,-25.095952,18.881262
1783943781534,107.260000,313.254270,403.934045,399.003473,-85.749203,-35.026316,-34.507161,13.946208
1783943781554,107.280000,350.813320,400.282761,395.168461,-44.355141,-40.486593,-40.043968,8.904083
1783943781574,107.300000,305.072240,396.571767,391.284962,-86.212722,-41.250907,-40.882001,3.765640
1783943781594,107.320000,352.478640,392.806763,387.357664,-34.879024,-38.185937,-37.887608,-1.367309
1783943781614,107.340000,318.454960,388.992690,383.390519,-64.935559,-33.232901,-33.001717,-6.145866
1783943781634,107.360000,363.116300,385.133746,379.386783,-16.270483,-28.267095,-28.099390,-9.942068
1783943781654,107.380000,310.454350,381.233418,375.349050,-64.894700,-24.199264,-24.091207,-12.022484
1783943781674,107.400000,355.947080,377.294516,371.279296,-15.332216,-21.146389,-21.094082,-11.862905
1783943781694,107.420000,321.208100,373.319209,367.178930,-45.970830,-19.211369,-19.210955,-9.412434
1783943781714,107.440000,366.220580,369.309073,363.048840,3.171740,-18.543654,-18.591423,-5.123111
1783943781734,107.460000,319.315670,365.265138,358.889451,-39.573781,-18.581117,-18.673612,0.257297
1783943781754,107.480000,344.239560,361.187935,354.700778,-10.461218,-17.802404,-17.936514,5.927743
1783943781774,107.500000,319.072000,357.077558,350.482488,-31.410488,-14.684387,-14.857427,11.144547
1783943781794,107.520000,356.266420,352.933718,346.233956,10.032464,-8.785279,-8.995067,15.266093
1783943781814,107.540000,336.723270,348.755804,341.954330,-5.231060,-0.797955,-1.042895,17.870535
1783943781834,107.560000,372.077030,344.542942,337.642587,34.434443,8.161990,7.882821,18.909988
1783943781854,107.580000,341.095370,340.294062,333.297599,7.797771,17.108711,16.795453,18.726713
1783943781874,107.600000,385.459780,336.007955,328.918188,56.541592,25.132424,24.784326,17.862926
1783943781894,107.620000,358.913060,331.683341,324.503189,34.409871,31.263027,30.878371,16.805658
1783943781914,107.640000,399.121640,327.318924,320.051505,79.070135,34.905844,34.481965,15.840600
1783943781934,107.660000,350.895540,322.913457,315.562156,35.333384,36.425088,35.958571,15.035217
1783943781954,107.680000,384.556580,318.465798,311.034337,73.522243,36.894376,36.381485,14.251468
1783943781974,107.700000,350.371700,313.974961,306.467461,43.904239,37.091423,36.528734,13.153256
1783943781994,107.720000,387.867300,309.440174,301.861202,86.006098,36.926232,36.311247,11.294365
1783943782014,107.740000,345.006900,304.860921,297.215537,47.791363,35.791836,35.123162,8.317101
1783943782034,107.760000,369.349900,300.236990,292.530778,76.819122,33.040492,32.316948,4.127119
1783943782054,107.780000,335.024400,295.568510,287.807604,47.216796,28.025514,27.243584,-1.098046
1783943782074,107.800000,360.011780,290.855989,283.047084,76.964696,20.258769,19.408358,-7.029121
1783943782094,107.820000,305.891600,286.100343,278.250702,27.640898,9.995532,9.055140,-13.302793
1783943782114,107.840000,328.914520,281.302917,273.420367,55.494153,-1.459924,-2.525694,-19.596502
1783943782134,107.860000,275.535430,276.465516,268.558430,6.977000,-12.074579,-13.310431,-25.685755
1783943782154,107.880000,294.625120,271.590410,263.667686,30.957434,-19.729310,-21.172324,-31.467280
1783943782174,107.900000,256.987120,266.680350,258.751377,-1.764257,-22.987526,-24.635263,-36.902330
1783943782194,107.920000,283.780200,261.738572,253.813193,29.967007,-21.659063,-23.427817,-41.890423
1783943782214,107.940000,258.417660,256.768798,248.857258,9.560402,-16.814741,-18.506364,-46.148834
1783943782234,107.960000,299.064670,251.775231,243.888126,55.176544,-10.148386,-11.459967,-49.167430
1783943782254,107.980000,253.515000,246.762546,238.910762,14.604238,-3.000850,-3.621404,-50.286420
1783943782274,108.000000,284.368960,241.735875,230.139080,54.229880,3.881152,4.102520,-48.917088
1783943782294,108.020000,262.984740,236.700792,225.033308,37.951432,9.604432,10.561928,-44.816387
1783943782314,108.040000,295.628050,231.663286,219.933936,75.694114,12.877462,14.290955,-38.226223
1783943782334,108.060000,254.733340,226.629735,214.847446,39.885894,12.865263,14.442803,-29.781076
1783943782354,108.080000,269.689580,221.606875,209.780614,59.908966,9.861884,11.399680,-20.312988
1783943782374,108.100000,231.339950,216.601765,204.740470,26.599480,4.910417,6.309569,-10.738576
1783943782394,108.120000,256.154630,211.621745,199.734267,56.420363,-0.868120,0.371711,-2.010310
1783943782414,108.140000,195.097750,206.674397,194.769430,0.328320,-6.537280,-5.436812,4.999755
1783943782434,108.160000,237.025180,201.767498,189.853525,47.171655,-11.563484,-10.571928,9.679813
1783943782454,108.180000,182.289060,196.908974,184.994205,-2.705145,-15.883979,-14.977181,11.815990
1783943782474,108.200000,203.989350,192.106845,180.199169,23.790181,-19.556010,-18.721318,11.620499
1783943782494,108.220000,158.455860,187.369178,175.476116,-17.020256,-22.698169,-21.932665,9.641423
1783943782514,108.240000,203.100710,182.704032,170.832694,32.268016,-25.578379,-24.884557,6.602688
1783943782534,108.260000,138.265100,178.119402,166.276454,-28.011354,-27.988757,-27.370498,3.256920
1783943782554,108.280000,171.651260,173.623170,161.814802,9.836458,-28.721116,-28.181165,0.279602
1783943782574,108.300000,123.023550,169.223041,157.454949,-34.431399,-26.205156,-25.744132,-1.835484
1783943782594,108.320000,165.516600,164.926498,153.203866,12.312734,-19.592730,-19.209200,-2.859148
1783943782614,108.340000,130.898400,160.740743,149.068235,-18.169835,-9.258761,-8.949786,-2.785954
1783943782634,108.360000,177.161440,156.672647,145.054401,32.107039,3.416220,3.654466,-1.666660
1783943782654,108.380000,141.952010,152.728698,141.168332,0.783678,16.616779,16.788551,0.531475
1783943782674,108.400000,186.675300,148.914952,137.415570,49.259730,28.584221,28.693937,3.911621
1783943782694,108.420000,153.986390,145.236987,133.801191,20.185199,37.962591,38.014728,8.513588
1783943782714,108.440000,179.459170,141.699859,130.329766,49.129404,44.046821,44.045890,14.168752
1783943782734,108.460000,137.958830,138.308061,127.005321,10.953509,46.575145,46.525701,20.417006
1783943782754,108.480000,174.151150,135.065481,123.831302,50.319848,45.173380,45.080021,26.519323
1783943782774,108.500000,124.013270,131.975375,120.810543,3.202727,39.369176,39.236525,31.589090
1783943782794,108.520000,145.237950,129.040330,117.945238,27.292712,29.317248,29.149922,34.806183
1783943782814,108.540000,80.445190,126.262240,115.236912,-34.791722,16.308173,16.110738,35.592598
1783943782834,108.560000,98.520250,123.642288,112.686405,-14.166155,2.483658,2.260594,33.653530
1783943782854,108.580000,43.553967,121.180926,110.293850,-66.739883,-9.877231,-10.121567,28.937637
1783943782874,108.600000,61.028778,118.877868,108.058669,-47.029891,-18.886510,-19.147905,21.639480
1783943782894,108.620000,9.849270,116.732084,105.979562,-96.130292,-23.402766,-23.677167,12.257717
1783943782914,108.640000,42.719660,114.741807,104.054513,-61.334853,-23.426803,-23.710319,1.621331
1783943782934,108.660000,9.160349,112.904537,102.280793,-93.120444,-20.123653,-20.412561,-9.168532
1783943782954,108.680000,39.630200,111.217062,100.654983,-61.024783,-15.120944,-15.411686,-18.864506
1783943782974,108.700000,-1.684156,109.675480,99.172988,-100.857144,-9.705148,-9.994339,-26.259245
1783943782994,108.720000,34.205475,108.275232,97.830072,-63.624597,-4.648497,-4.932939,-30.432367
1783943783014,108.740000,-0.089129,107.011138,96.620895,-96.710025,-0.368889,-0.645591,-30.975945
1783943783034,108.760000,23.895737,105.877445,95.539557,-71.643820,3.081765,2.815563,-28.072950
1783943783054,108.780000,-7.741277,104.867878,94.579650,-102.320926,5.972793,5.719619,-22.401403
1783943783074,108.800000,21.021273,103.975699,93.734317,-72.713044,8.694754,8.456959,-14.941358
1783943783094,108.820000,-18.282646,103.193771,92.996319,-111.278965,11.657549,11.437442,-6.764288
1783943783114,108.840000,8.396956,102.514632,92.358108,-83.961152,15.086936,14.887014,1.149136
1783943783134,108.860000,-32.209282,101.930568,91.811900,-124.021182,18.467912,18.291126,8.027231
1783943783154,108.880000,12.918609,101.433692,91.349761,-78.431152,20.147095,19.997011,13.361153
1783943783174,108.900000,-29.821215,101.016029,90.963690,-120.784905,17.983272,17.863886,16.939850
1783943783194,108.920000,-6.196476,100.669600,90.645708,-96.842184,10.899831,10.814748,18.856928
1783943783214,108.940000,-47.816864,100.386511,90.374406,-138.191270,0.208454,0.159451,19.415384
