time_ms,time_s,mixed_xF,respiration_reference,fitted_breathing_contribution,mixed_minus_fitted_breathing,direct_resp_subtract_heart,rolling_projection_heart,current_app_cleanHeart
1783945904263,0.000000,17.940994,21.295508,20.346190,-2.405196,-0.837735,-0.827721,0.570752
1783945904283,0.020000,-10.289196,20.961795,20.110708,-30.399904,-8.880111,-8.896709,1.295219
1783945904303,0.040000,18.036854,20.630200,19.877575,-1.840721,-14.840151,-14.881396,2.153083
1783945904323,0.060000,-15.326513,20.300833,19.643021,-34.969534,-17.764704,-17.827665,3.022905
1783945904343,0.080000,13.659899,19.973749,19.406950,-5.747051,-17.750273,-17.831355,3.745337
1783945904363,0.100000,-11.858107,19.648953,19.169250,-31.027357,-15.473467,-15.568772,4.176191
1783945904383,0.120000,17.460419,19.326397,18.929793,-1.469374,-11.912560,-12.018206,4.233295
1783945904403,0.140000,-5.404890,19.005980,18.688435,-24.093325,-8.118121,-8.230442,3.937867
1783945904423,0.160000,29.313377,18.687551,18.445015,10.868362,-4.966580,-5.082217,3.430117
1783945904443,0.180000,-8.054814,18.370910,18.199355,-26.254169,-2.907263,-3.023191,2.930085
1783945904463,0.200000,35.932384,18.055811,17.951262,17.981122,-1.929973,-2.043494,2.647726
1783945904483,0.220000,-5.652682,17.741965,17.700526,-23.353209,-1.650518,-1.759253,2.692584
1783945904503,0.240000,29.190195,17.429046,17.446924,11.743271,-1.405830,-1.507719,3.030452
1783945904523,0.260000,-9.399142,17.116691,17.190219,-26.589361,-0.665609,-0.758914,3.495477
1783945904543,0.280000,36.676240,16.804512,16.930163,19.746077,0.461229,0.377909,3.848426
1783945904563,0.300000,4.088596,16.492094,16.666499,-12.577903,1.368828,1.296544,3.877775
1783945904583,0.320000,33.979782,16.179006,16.398963,17.580819,1.699846,1.639293,3.509048
1783945904603,0.340000,-7.056223,15.864806,16.127286,-23.183509,1.671245,1.622757,2.826599
1783945904623,0.360000,38.756676,15.549046,15.851197,22.905479,1.617855,1.581404,1.972716
1783945904643,0.380000,2.904653,15.231282,15.570428,-12.665776,1.714701,1.689909,1.039874
1783945904663,0.400000,23.368622,14.911077,15.284714,8.083908,2.147672,2.133822,0.060825
1783945904683,0.420000,6.764278,14.588010,14.993797,-8.229519,2.906767,2.902823,-0.948340
1783945904703,0.440000,32.995230,14.261685,14.697429,18.297801,3.476637,3.481259,-1.965138
1783945904723,0.460000,2.023629,13.931733,14.395377,-12.371748,3.110186,3.121760,-2.951386
1783945904743,0.480000,38.841286,13.597822,14.087423,24.753863,1.290555,1.307222,-3.838553
1783945904763,0.500000,-6.000017,13.259663,13.773368,-19.773385,-1.932352,-1.912667,-4.539288
1783945904783,0.520000,29.553041,12.917016,13.453035,16.100006,-5.820490,-5.800035,-5.007067
1783945904803,0.540000,-16.378120,12.569697,13.126272,-29.504392,-9.235397,-9.216559,-5.293587
1783945904823,0.560000,16.249292,12.217582,12.792955,3.456337,-11.233326,-11.218581,-5.552783
1783945904843,0.580000,-11.739994,11.860614,12.452988,-24.192982,-11.621810,-11.613678,-5.978485
1783945904863,0.600000,26.810020,11.498807,12.106308,14.703712,-10.882557,-10.883552,-6.682929
1783945904883,0.620000,-9.789155,11.132250,11.752889,-21.542044,-9.402217,-9.414791,-7.582439
1783945904903,0.640000,34.480230,10.761112,11.392740,23.087490,-6.787027,-6.813518,-8.385657
1783945904923,0.660000,-15.868943,10.385645,11.025914,-26.894857,-1.866818,-1.909393,-8.717305
1783945904943,0.680000,22.110810,10.006184,10.652508,11.458302,6.223808,6.163215,-8.314824
1783945904963,0.700000,18.244652,9.623154,10.272665,7.971987,16.449322,16.369058,-7.151478
1783945904983,0.720000,46.591190,9.237066,9.886583,36.704607,25.570726,25.469476,-5.368618
1783945905003,0.740000,58.191040,8.848518,9.494514,48.696526,29.795400,29.672239,-3.071287
1783945905023,0.760000,59.860962,8.458196,9.096774,50.764188,27.400966,27.255401,-0.189305
1783945905043,0.780000,4.691181,8.066869,8.693742,-4.002561,20.244833,20.076847,3.390743
1783945905063,0.800000,30.127293,7.675388,8.285871,21.841422,12.244846,12.054924,7.458441
1783945905083,0.820000,-6.200599,7.284678,7.873693,-14.074292,6.365310,6.154463,11.234813
1783945905103,0.840000,38.165733,6.895739,7.457820,30.707913,3.228758,2.998535,13.584805
1783945905123,0.860000,-5.182495,6.509631,7.038955,-12.221450,1.866710,1.619199,13.611671
1783945905143,0.880000,30.282393,6.127476,6.617896,23.664497,1.058001,0.795815,11.159715
1783945905163,0.900000,-7.446812,5.750442,6.195536,-13.642347,0.046076,-0.227673,6.844126
1783945905183,0.920000,25.006195,5.379738,5.772873,19.233322,-1.318901,-1.600637,1.689673
1783945905203,0.940000,-13.187367,5.016604,5.351012,-18.538379,-2.649449,-2.935184,-3.294615
1783945905223,0.960000,13.398540,4.662301,4.931160,8.467380,-3.356179,-3.641575,-7.386402
1783945905243,0.980000,-16.797497,4.318099,4.514635,-21.312132,-3.249145,-3.529587,-10.237645
1783945905263,1.000000,22.215923,3.985270,4.102855,18.113068,-2.880124,-3.150807,-11.819224
1783945905283,1.020000,-13.577598,3.665074,3.697341,-17.274939,-3.122996,-3.379008,-12.271782
1783945905303,1.040000,15.152842,3.358750,3.299706,11.853136,-4.444548,-4.680978,-11.760830
1783945905323,1.060000,-23.128440,3.067503,2.911648,-26.040088,-6.683715,-6.895746,-10.437587
1783945905343,1.080000,11.666401,2.792498,2.534937,9.131464,-9.319938,-9.502954,-8.497355
1783945905363,1.100000,-25.029175,2.534844,2.171405,-27.200580,-11.640010,-11.789698,-6.220024
1783945905383,1.120000,4.012207,2.295589,1.822927,2.189280,-12.694582,-12.807033,-3.920086
1783945905403,1.140000,-36.681965,2.075707,1.491401,-38.173366,-11.560660,-11.632458,-1.861300
1783945905423,1.160000,7.374403,1.876093,1.178733,6.195670,-8.059683,-8.087995,-0.210792
1783945905443,1.180000,-15.164224,1.697551,0.886809,-16.051033,-3.103254,-3.085901,0.987203
1783945905463,1.200000,15.245632,1.540789,0.617479,14.628153,1.903824,1.968301,1.855612
1783945905483,1.220000,-15.453927,1.406411,0.372523,-15.826450,5.772857,5.885149,2.683670
1783945905503,1.240000,22.741013,1.294911,0.153635,22.587378,7.615455,7.775457,3.804643
1783945905523,1.260000,-10.184766,1.206670,-0.037608,-10.147158,6.841980,7.048767,5.414255
1783945905543,1.280000,27.826506,1.141947,-0.199768,28.026274,3.614765,3.866597,7.475308
1783945905563,1.300000,-30.507095,1.100880,-0.331573,-30.175522,-0.721923,-0.427585,9.745353
1783945905583,1.320000,-1.137755,1.083481,-0.431938,-0.705817,-4.268051,-3.934509,11.828174
1783945905603,1.340000,-22.705805,1.089633,-0.499987,-22.205818,-6.027235,-5.658501,13.221005
1783945905623,1.360000,11.864246,1.119093,-0.535072,12.399318,-6.365455,-5.966187,13.459122
1783945905643,1.380000,-26.813934,1.171487,-0.536793,-26.277141,-6.048708,-5.624124,12.356644
1783945905663,1.400000,9.738496,1.246313,-0.505008,10.243504,-5.428097,-4.983883,10.146384
1783945905683,1.420000,-25.679855,1.342945,-0.439848,-25.240007,-4.440474,-3.982678,7.366331
1783945905703,1.440000,10.796538,1.460632,-0.341719,11.138257,-2.877267,-2.412182,4.596296
1783945905723,1.460000,-18.949366,1.598502,-0.211309,-18.738057,-0.583650,-0.117698,2.265305
1783945905743,1.480000,12.628616,1.755570,-0.049587,12.678203,2.415320,2.875713,0.606403
1783945905763,1.500000,-14.475159,1.930739,0.142203,-14.617362,5.740316,6.188843,-0.311676
1783945905783,1.520000,26.934086,2.122808,0.362553,26.571533,8.560039,8.990631,-0.535638
1783945905803,1.540000,-8.620048,2.330480,0.609698,-9.229747,9.898353,10.305295,-0.174108
1783945905823,1.560000,29.696323,2.552367,0.881640,28.814683,9.152319,9.530358,0.642087
1783945905843,1.580000,-10.790747,2.786997,1.176163,-11.966910,6.406593,6.751033,1.760080
1783945905863,1.600000,18.122368,3.032829,1.490855,16.631513,2.401159,2.707944,2.967827
1783945905883,1.620000,-24.528072,3.288255,1.823142,-26.351214,-1.935733,-1.669947,3.964069
1783945905903,1.640000,20.705666,3.551612,2.170305,18.535361,-6.047685,-5.825482,4.393522
1783945905923,1.660000,-22.947918,3.821195,2.529520,-25.477438,-9.671116,-9.494278,3.966284
1783945905943,1.680000,9.249437,4.095262,2.897884,6.351553,-12.294883,-12.164376,2.595753
1783945905963,1.700000,-28.394163,4.372052,3.272449,-31.666612,-13.096227,-13.012202,0.441976
1783945905983,1.720000,0.936233,4.649788,3.650253,-2.714020,-11.564745,-11.526554,-2.176878
1783945906003,1.740000,-16.846764,4.926697,4.028356,-20.875120,-8.216540,-8.222771,-4.910180
1783945906023,1.760000,24.804140,5.201013,4.403869,20.400271,-4.535825,-4.584360,-7.414062
1783945906043,1.780000,-10.026718,5.470998,4.773987,-14.800705,-1.948336,-2.036416,-9.314442
1783945906063,1.800000,26.021145,5.734945,5.136015,20.885130,-0.888292,-1.012596,-10.224872
1783945906083,1.820000,-18.460041,5.991197,5.487398,-23.947439,-0.850944,-1.007689,-9.890218
1783945906103,1.840000,22.933424,6.238155,5.825743,17.107681,-1.203893,-1.388929,-8.364078
1783945906123,1.860000,-3.122418,6.474289,6.148842,-9.271260,-1.798929,-2.007851,-6.039461
1783945906143,1.880000,31.061472,6.698152,6.454685,24.606787,-2.574486,-2.802745,-3.467179
1783945906163,1.900000,-16.638077,6.908386,6.741479,-23.379556,-2.828931,-3.071946,-1.113932
1783945906183,1.920000,24.211140,7.103737,7.007655,17.203485,-1.501941,-1.755210,0.739692
1783945906203,1.940000,-9.012113,7.283060,7.251876,-16.263989,1.794178,1.534979,1.946057
1783945906223,1.960000,47.259254,7.445329,7.473036,39.786218,6.397197,6.136115,2.447796
1783945906243,1.980000,0.022701,7.589646,7.670263,-7.647562,11.259798,11.000519,2.339313
1783945906263,2.000000,43.564304,7.715245,7.842911,35.721393,15.546421,15.292199,1.906911
1783945906283,2.020000,16.380407,7.821498,7.990554,8.389853,18.505363,18.258965,1.519408
1783945906303,2.040000,54.573578,7.907921,8.112974,46.460604,19.482497,19.246161,1.453108
1783945906323,2.060000,11.491991,7.974176,8.210150,3.281841,18.415906,18.191319,1.799898
1783945906343,2.080000,43.243230,8.020071,8.282243,34.960987,15.908809,15.697102,2.466073
1783945906363,2.100000,7.315365,8.045565,8.329577,-1.014212,12.668052,12.469809,3.191790
1783945906383,2.120000,42.317825,8.050763,8.352627,33.965198,9.105979,8.921267,3.604246
1783945906403,2.140000,-6.989963,8.035915,8.352000,-15.341963,5.385942,5.214353,3.344231
1783945906423,2.160000,37.699320,8.001416,8.328418,29.370902,1.471741,1.312447,2.203447
1783945906443,2.180000,-3.630225,7.947798,8.282703,-11.912929,-2.696532,-2.844709,0.190900
1783945906463,2.200000,21.803173,7.875725,8.215766,13.587407,-6.696447,-6.834961,-2.480616
1783945906483,2.220000,-20.854786,7.785989,8.128586,-28.983372,-9.573028,-9.703526,-5.473834
1783945906503,2.240000,13.605545,7.679504,8.022207,5.583338,-10.614177,-10.738411,-8.449397
1783945906523,2.260000,-15.612282,7.557292,7.897726,-23.510008,-10.053164,-10.172907,-11.154279
1783945906543,2.280000,25.658207,7.420483,7.756284,17.901923,-8.855882,-8.972840,-13.393876
1783945906563,2.300000,-20.714104,7.270297,7.599063,-28.313167,-7.887559,-8.003293,-14.939944
1783945906583,2.320000,23.790050,7.108044,7.427280,16.362770,-7.441323,-7.557175,-15.525063
1783945906603,2.340000,-9.997179,6.935106,7.242190,-17.239369,-7.219638,-7.336664,-14.953700
1783945906623,2.360000,8.062546,6.752933,7.045080,1.017466,-6.366331,-6.485252,-13.218079
1783945906643,2.380000,-17.012299,6.563026,6.837272,-23.849571,-4.046350,-4.167506,-10.536073
1783945906663,2.400000,21.973076,6.366935,6.620128,15.352948,-0.414922,-0.538248,-7.299161
1783945906683,2.420000,0.105026,6.166241,6.395045,-6.290019,3.328573,3.203564,-3.934578
1783945906703,2.440000,30.116910,5.962547,6.163463,23.953447,5.941718,5.815932,-0.727716
1783945906723,2.460000,-8.338806,5.757472,5.926864,-14.265670,6.960832,6.835579,2.258732
1783945906743,2.480000,29.550010,5.552632,5.686776,23.863234,6.615879,6.492845,5.075386
1783945906763,2.500000,-11.093210,5.349637,5.444771,-16.537981,5.350254,5.231460,7.699888
1783945906783,2.520000,25.364313,5.150074,5.202462,20.161851,3.558066,3.445815,9.959197
1783945906803,2.540000,-13.265766,4.955504,4.961509,-18.227275,1.538752,1.435562,11.601494
1783945906823,2.560000,15.694358,4.767445,4.723607,10.970751,-0.497816,-0.589279,12.417560
1783945906843,2.580000,-16.168844,4.587364,4.490482,-20.659326,-2.490033,-2.567032,12.315132
1783945906863,2.600000,15.900322,4.416672,4.263887,11.636435,-4.488715,-4.548526,11.338422
1783945906883,2.620000,-16.726770,4.256710,4.045590,-20.772360,-6.313984,-6.353977,9.661952
1783945906903,2.640000,5.561896,4.108742,3.837361,1.724535,-7.257195,-7.274917,7.559458
1783945906923,2.660000,-29.367226,3.973948,3.640962,-33.008188,-6.445706,-6.438960,5.328215
1783945906943,2.680000,11.091054,3.853418,3.458129,7.632925,-3.734686,-3.701610,3.197266
1783945906963,2.700000,-14.665656,3.748144,3.290561,-17.956217,-0.113343,-0.052476,1.308111
1783945906983,2.720000,24.068962,3.659012,3.139896,20.929066,2.908253,2.997905,-0.204678
1783945907003,2.740000,-9.927316,3.586805,3.007698,-12.935014,4.320218,4.439137,-1.136748
1783945907023,2.760000,15.657151,3.532189,2.895439,12.761712,4.121966,4.270100,-1.265924
1783945907043,2.780000,-16.806622,3.495717,2.804476,-19.611098,2.953682,3.130434,-0.518791
1783945907063,2.800000,16.943745,3.477822,2.736038,14.207707,1.382715,1.586971,0.905259
1783945907083,2.820000,-12.535740,3.478820,2.691206,-15.226946,-0.315998,-0.085833,2.583530
1783945907103,2.840000,17.235363,3.498903,2.670897,14.564466,-1.774481,-1.520448,4.061601
1783945907123,2.860000,-25.100803,3.538144,2.675851,-27.776654,-2.268256,-1.992843,5.027851
1783945907143,2.880000,11.380111,3.596496,2.706613,8.673498,-1.201952,-0.908167,5.350433
1783945907163,2.900000,-17.097704,3.673793,2.763528,-19.861232,1.101443,1.409908,5.020252
1783945907183,2.920000,21.910553,3.769752,2.846731,19.063822,3.268531,3.587090,4.123505
1783945907203,2.940000,-13.251099,3.883978,2.956138,-16.207237,3.503368,3.826410,2.868912
1783945907223,2.960000,25.845130,4.015968,3.091447,22.753683,0.426546,0.747621,1.578598
1783945907243,2.980000,-12.454049,4.165111,3.252136,-15.706185,-6.070625,-5.758021,0.584493
1783945907263,3.000000,15.359642,4.330701,3.463173,11.896469,-14.060190,-13.761346,0.085648
1783945907283,3.020000,-63.163185,4.511937,3.672337,-66.835522,-19.916270,-19.634508,0.032019
1783945907303,3.040000,-5.047850,4.707932,3.903558,-8.951408,-20.650049,-20.387241,0.064995
1783945907323,3.060000,-21.172329,4.917722,4.155525,-25.327854,-16.213520,-15.971160,-0.372584
1783945907343,3.080000,12.852956,5.140271,4.426762,8.426194,-9.035957,-8.815817,-1.675752
1783945907363,3.100000,-5.754964,5.374484,4.715646,-10.470611,-1.918103,-1.722307,-3.690447
1783945907383,3.120000,28.619473,5.619211,5.020427,23.599046,3.355849,3.525051,-5.677431
1783945907403,3.140000,-6.973569,5.873259,5.339248,-12.312817,6.392397,6.532931,-6.709568
1783945907423,3.160000,26.260040,6.135403,5.670170,20.589870,7.741434,7.851642,-6.183025
1783945907443,3.180000,-0.247022,6.404394,6.011194,-6.258216,8.013096,8.091879,-4.086466
1783945907463,3.200000,32.503150,6.678968,6.360284,26.142866,7.453687,7.500549,-0.935889
1783945907483,3.220000,0.114424,6.957859,6.715394,-6.600971,6.168288,6.183322,2.505672
1783945907503,3.240000,31.981070,7.239802,7.074489,24.906581,4.453650,4.437498,5.526524
1783945907523,3.260000,-5.797792,7.523551,7.435565,-13.233358,2.882728,2.836524,7.632015
1783945907543,3.280000,36.137547,7.807879,7.796676,28.340871,2.187821,2.113139,8.571934
1783945907563,3.300000,-7.464643,8.091593,8.155947,-15.620590,3.141204,3.040011,8.313569
1783945907583,3.320000,29.175760,8.373536,8.511596,20.664164,6.239240,6.113839,7.002893
1783945907603,3.340000,-11.923672,8.652598,8.861943,-20.785615,10.836977,10.689960,4.902337
1783945907623,3.360000,68.707910,8.927720,9.205430,59.502480,14.626622,14.460816,2.336902
1783945907643,3.380000,14.527143,9.197901,9.540624,4.986519,15.016379,14.834779,-0.285862
1783945907663,3.400000,43.485756,9.462204,9.866230,33.619526,11.387753,11.193471,-2.458558
1783945907683,3.420000,-5.498471,9.719756,10.181092,-15.679563,5.471787,5.267983,-3.737652
1783945907703,3.440000,26.006000,9.969753,10.484198,15.521802,-0.224318,-0.434491,-4.048235
1783945907723,3.460000,-10.001169,10.211466,10.774679,-20.775848,-3.957517,-4.170970,-3.820968
1783945907743,3.480000,24.983260,10.444238,11.051808,13.931452,-5.303070,-5.516832,-3.759179
1783945907763,3.500000,-2.149869,10.667486,11.314997,-13.464866,-4.838303,-5.049565,-4.412891
1783945907783,3.520000,30.372755,10.880703,11.563790,18.808965,-3.356492,-3.562646,-5.887949
1783945907803,3.540000,-6.531838,11.083456,11.797857,-18.329695,-1.243457,-1.442131,-7.842366
1783945907823,3.560000,26.855438,11.275384,12.016988,14.838450,1.398551,1.209470,-9.711909
1783945907843,3.580000,1.037594,11.456200,12.221081,-11.183487,4.136839,3.959183,-10.990695
1783945907863,3.600000,40.373230,11.625684,12.410138,27.963092,6.030089,5.865401,-11.390868
1783945907883,3.620000,4.686007,11.783684,12.584248,-7.898240,6.190647,6.040171,-10.833500
1783945907903,3.640000,39.778072,11.930110,12.743584,27.034488,4.467455,4.332140,-9.374425
1783945907923,3.660000,-6.328130,12.064933,12.888388,-19.216518,1.635150,1.515657,-7.182972
1783945907943,3.680000,26.862335,12.188179,13.018963,13.843372,-1.069718,-1.173008,-4.574528
1783945907963,3.700000,-12.329661,12.299924,13.135663,-25.465324,-2.782089,-2.869061,-2.004778
1783945907983,3.720000,27.192863,12.400291,13.238884,13.953979,-3.577236,-3.648025,0.039456
1783945908003,3.740000,1.083821,12.489444,13.329053,-12.245231,-4.228147,-4.283116,1.223846
1783945908023,3.760000,22.576933,12.567584,13.406621,9.170312,-5.280874,-5.320587,1.515594
1783945908043,3.780000,-12.020385,12.634944,13.472056,-25.492441,-6.475009,-6.500196,1.173173
1783945908063,3.800000,17.146385,12.691783,13.525835,3.620550,-7.159141,-7.170648,0.566048
1783945908083,3.820000,-12.741933,12.738381,13.568437,-26.310370,-7.032743,-7.031482,-0.029359
1783945908103,3.840000,25.747856,12.775034,13.600337,12.147519,-6.366956,-6.353852,-0.494414
1783945908123,3.860000,-9.605841,12.802054,13.622004,-23.227845,-5.603890,-5.579863,-0.782565
1783945908143,3.880000,24.350351,12.819757,13.632942,10.717409,-4.858019,-4.824005,-0.822617
1783945908163,3.900000,-14.560045,12.828464,13.634586,-28.194631,-3.887148,-3.844144,-0.523316
1783945908183,3.920000,33.301450,12.828496,13.627356,19.674094,-2.409163,-2.358249,0.152819
1783945908203,3.940000,-18.900967,12.820172,13.611649,-32.512616,-0.316266,-0.258581,1.146925
1783945908223,3.960000,32.972286,12.803803,13.587840,19.384446,2.089023,2.152322,2.327112
1783945908243,3.980000,1.873125,12.779691,13.556278,-11.683153,3.968175,4.035956,3.548369
1783945908263,4.000000,38.010810,12.748126,13.517288,24.493522,4.563179,4.634368,4.719234
1783945908283,4.020000,-8.978892,12.709384,13.471169,-22.450061,3.954059,4.027657,5.828547
1783945908303,4.040000,24.523733,12.663726,13.418193,11.105540,2.777581,2.852673,6.880039
1783945908323,4.060000,0.016389,12.611395,13.358606,-13.342218,1.361818,1.437570,7.780925
1783945908343,4.080000,29.063400,12.552618,13.292631,15.770769,-0.375087,-0.299428,8.331948
1783945908363,4.100000,-11.644658,12.487600,13.220464,-24.865122,-2.349537,-2.274647,8.352767
1783945908383,4.120000,22.889100,12.416529,13.142276,9.746824,-4.176489,-4.102969,7.790149
1783945908403,4.140000,-14.542432,12.339573,13.058216,-27.600648,-5.537377,-5.465764,6.703189
1783945908423,4.160000,24.991627,12.256881,12.968412,12.023215,-6.360628,-6.291393,5.198507
1783945908443,4.180000,-9.979785,12.168584,12.872971,-22.852756,-6.584497,-6.518052,3.419649
1783945908463,4.200000,17.781958,12.074795,12.771980,5.009978,-5.860740,-5.797444,1.567486
1783945908483,4.220000,-15.787598,11.975613,12.665512,-28.453110,-3.795549,-3.735716,-0.131966
1783945908503,4.240000,26.425957,11.871122,12.553624,13.872333,-0.616985,-0.560890,-1.503509
1783945908523,4.260000,0.034286,11.761394,12.436359,-12.402074,2.653665,2.705782,-2.452043
1783945908543,4.280000,37.260520,11.646490,12.313752,24.946768,4.888853,4.936777,-2.909137
1783945908563,4.300000,-5.530150,11.526466,12.185828,-17.715978,5.623769,5.667306,-2.785498
1783945908583,4.320000,37.106556,11.401370,12.052608,25.053948,5.129376,5.168346,-2.026885
1783945908603,4.340000,-6.873360,11.271251,11.914108,-18.787468,4.031612,4.065847,-0.726325
1783945908623,4.360000,35.962852,11.136155,11.770344,24.192508,3.030602,3.059939,0.840096
1783945908643,4.380000,-7.309989,10.996132,11.621334,-18.931323,2.771398,2.795679,2.301563
1783945908663,4.400000,26.916983,10.851239,11.467097,15.449886,3.617996,3.637065,3.325443
1783945908683,4.420000,0.139198,10.701538,11.307662,-11.168463,5.269357,5.283060,3.705722
1783945908703,4.440000,41.024837,10.547105,11.143061,29.881776,6.782674,6.790860,3.406853
1783945908723,4.460000,4.636985,10.388025,10.973340,-6.336355,7.329605,7.332126,2.583739
1783945908743,4.480000,23.637049,10.224402,10.798555,12.838494,6.748522,6.745236,1.533821
1783945908763,4.500000,-2.370811,10.056354,10.618776,-12.989588,5.041803,5.032579,0.543955
1783945908783,4.520000,38.164513,9.884018,10.434090,27.730423,1.777570,1.762292,-0.264892
1783945908803,4.540000,-8.484557,9.707555,10.244598,-18.729155,-3.370814,-3.392244,-0.941139
1783945908823,4.560000,37.177635,9.527144,10.050425,27.127210,-9.518140,-9.545793,-1.575017
1783945908843,4.580000,-50.036620,9.342989,9.851712,-59.888332,-14.355452,-14.389368,-2.223800
1783945908863,4.600000,13.127827,9.155321,9.648625,3.479202,-15.699197,-15.739378,-2.988393
1783945908883,4.620000,-15.731367,8.964395,9.441353,-25.172720,-13.365861,-13.412261,-4.071204
1783945908903,4.640000,23.770010,8.770492,9.230110,14.539900,-8.923785,-8.976305,-5.614217
1783945908923,4.660000,-11.846036,8.573924,9.015139,-20.861175,-4.098590,-4.157072,-7.439252
1783945908943,4.680000,27.716595,8.375028,8.796709,18.919886,-0.032623,-0.096840,-9.005536
1783945908963,4.700000,-2.812074,8.174174,8.575121,-11.387195,2.634548,2.564897,-9.679311
1783945908983,4.720000,36.070800,7.971759,8.350707,27.720093,3.776492,3.701786,-9.062695
1783945909003,4.740000,-7.380396,7.768210,8.123833,-15.504229,3.927271,3.847976,-7.130564
1783945909023,4.760000,27.414757,7.563984,7.894898,19.519859,4.009426,3.926096,-4.194555
1783945909043,4.780000,-2.956272,7.359566,7.664339,-10.620611,4.638654,4.551932,-0.797832
1783945909063,4.800000,29.016499,7.155471,7.432626,21.583873,5.716318,5.626939,2.437932
1783945909083,4.820000,1.413369,6.952238,7.200271,-5.786901,6.565346,6.474135,4.998117
1783945909103,4.840000,38.195830,6.750432,6.967819,31.228011,6.424514,6.332380,6.621258
1783945909123,4.860000,-6.024594,6.550641,6.735855,-12.760449,5.073368,4.981301,7.325241
1783945909143,4.880000,27.221708,6.353474,6.505001,20.716707,3.000928,2.909990,7.300768
1783945909163,4.900000,-10.683263,6.159556,6.275917,-16.959180,0.931757,0.843074,6.749625
1783945909183,4.920000,27.408327,5.969528,6.049294,21.359033,-0.614750,-0.700007,5.783525
1783945909203,4.940000,-13.159452,5.784040,5.825860,-18.985312,-1.323762,-1.404386,4.445610
1783945909223,4.960000,22.060015,5.603748,5.606371,16.453644,-0.991821,-1.066588,2.798847
1783945909243,4.980000,-13.219934,5.429312,5.391611,-18.611545,0.331728,0.264038,0.975029
1783945909263,5.000000,25.199558,5.261388,5.182389,20.017169,2.163764,2.104349,-0.842331
1783945909283,5.020000,-1.311415,5.100627,4.979530,-6.290945,3.759432,3.709446,-2.448147
1783945909303,5.040000,26.370506,4.947666,4.783875,21.586631,4.669690,4.630218,-3.630200
1783945909323,5.060000,-10.400769,4.803125,4.596271,-14.997040,5.067432,5.039471,-4.206847
1783945909343,5.080000,26.204863,4.667601,4.417569,21.787294,5.393119,5.377551,-4.109287
1783945909363,5.100000,-13.005089,4.541663,4.248610,-17.253699,5.787478,5.785053,-3.445088
1783945909383,5.120000,32.845670,4.425848,4.090224,28.755446,5.899859,5.911171,-2.464084
1783945909403,5.140000,-9.956576,4.320651,3.943216,-13.899792,5.210520,5.235987,-1.434074
1783945909423,5.160000,27.611240,4.226526,3.808361,23.802879,3.563777,3.603628,-0.529082
1783945909443,5.180000,-13.781653,4.143873,3.686391,-17.468044,1.411391,1.465653,0.185705
1783945909463,5.200000,16.069057,4.073040,3.577988,12.491069,-0.386952,-0.318468,0.688613
1783945909483,5.220000,-24.970459,4.014316,3.483772,-28.454231,-1.166688,-1.084390,0.928942
1783945909503,5.240000,20.219010,3.967922,3.404291,16.814719,-1.144077,-1.048592,0.817041
1783945909523,5.260000,-13.315430,3.934013,3.340013,-16.655443,-1.383085,-1.275260,0.300079
1783945909543,5.280000,22.575085,3.912673,3.291314,19.283771,-2.839073,-2.719964,-0.531985
1783945909563,5.300000,-23.861708,3.903907,3.258473,-27.120181,-5.429412,-5.300271,-1.424156
1783945909583,5.320000,11.119432,3.907645,3.241658,7.877774,-8.024917,-7.887178,-2.082431
1783945909603,5.340000,-35.009094,3.923736,3.240924,-38.250018,-9.260009,-9.115261,-2.361006
1783945909623,5.360000,8.959799,3.951948,3.256204,5.703595,-8.518122,-8.368089,-2.343940
1783945909643,5.380000,-18.679361,3.991967,3.287306,-21.966667,-6.349820,-6.196326,-2.242930
1783945909663,5.400000,14.302065,4.043398,3.333910,10.968155,-3.958391,-3.803331,-2.195507
1783945909683,5.420000,-17.990583,4.105765,3.395564,-21.386147,-2.417166,-2.262471,-2.137768
1783945909703,5.440000,14.556122,4.178513,3.471691,11.084431,-2.376809,-2.224409,-1.855641
1783945909723,5.460000,-17.262154,4.261013,3.561581,-20.823735,-4.085369,-3.937157,-1.156053
1783945909743,5.480000,14.824072,4.352561,3.664405,11.159667,-7.286140,-7.143939,-0.005077
1783945909763,5.500000,-25.397398,4.452385,3.779215,-29.176613,-11.024183,-10.889707,1.452486
1783945909783,5.520000,1.721846,4.559649,3.904954,-2.183108,-13.790615,-13.665440,2.948757
1783945909803,5.540000,-30.805550,4.673461,4.040465,-34.846015,-14.195351,-14.080887,4.161596
1783945909823,5.560000,6.731057,4.792875,4.184501,2.546556,-11.691144,-11.588611,4.799535
1783945909843,5.580000,-20.724365,4.916899,4.335739,-25.060104,-6.807747,-6.718151,4.718138
1783945909863,5.600000,23.727470,5.044506,4.492791,19.234679,-0.844472,-0.768597,4.023843
1783945909883,5.620000,-10.712353,5.174637,4.654223,-15.366576,4.696764,4.758370,3.080501
1783945909903,5.640000,36.880690,5.306213,4.818564,32.062126,8.606497,8.653523,2.382925
1783945909923,5.660000,-5.287246,5.438140,4.984326,-10.271572,10.280544,10.312914,2.357666
1783945909943,5.680000,37.577030,5.569320,5.150017,32.427013,9.838727,9.856595,3.190964
1783945909963,5.700000,-6.319922,5.698660,5.314157,-11.634079,8.007128,8.010863,4.755196
1783945909983,5.720000,29.578552,5.825078,5.475294,24.103258,5.807089,5.797261,6.649633
1783945910003,5.740000,-10.525478,5.947513,5.632016,-16.157494,4.096438,4.073796,8.325848
1783945910023,5.760000,27.395630,6.064933,5.782963,21.612667,3.139381,3.104822,9.253935
1783945910043,5.780000,-3.099497,6.176344,5.926842,-9.026339,2.559937,2.514471,9.084373
1783945910063,5.800000,29.461468,6.280795,6.062432,23.399036,1.810275,1.754975,7.758097
1783945910083,5.820000,-8.061926,6.377387,6.188600,-14.250526,0.722453,0.658415,5.511833
1783945910103,5.840000,26.366896,6.465280,6.304302,20.062594,-0.383229,-0.454927,2.760865
1783945910123,5.860000,-9.838304,6.543697,6.408592,-16.246896,-0.954462,-1.032776,-0.073895
1783945910143,5.880000,24.440212,6.611932,6.500627,17.939585,-0.512478,-0.596363,-2.688626
1783945910163,5.900000,-9.284950,6.669352,6.579670,-15.864620,1.058157,0.969830,-4.918806
1783945910183,5.920000,32.867480,6.715405,6.645090,26.222390,3.348228,3.256791,-6.690327
1783945910203,5.940000,-0.518372,6.749620,6.696364,-7.214736,5.625384,5.532459,-7.952821
1783945910223,5.960000,37.318504,6.771611,6.733079,30.585425,7.303174,7.210620,-8.638055
1783945910243,5.980000,-5.882469,6.781083,6.754925,-12.637394,8.182126,8.091690,-8.678472
1783945910263,6.000000,36.604404,6.777827,6.748742,29.855662,8.196690,8.109420,-8.081735
1783945910283,6.020000,2.705007,6.761724,6.740185,-4.035178,7.168325,7.084257,-6.986980
1783945910303,6.040000,39.085360,6.732746,6.716472,32.368888,5.155273,5.073730,-5.629873
1783945910323,6.060000,-15.417554,6.690952,6.677687,-22.095241,2.877603,2.797775,-4.255099
1783945910343,6.080000,33.078840,6.636490,6.624001,26.454839,1.348005,1.269303,-3.076640
1783945910363,6.100000,-6.222570,6.569591,6.555670,-12.778240,1.238654,1.160780,-2.283928
1783945910383,6.120000,18.687017,6.490567,6.473026,12.213991,2.705526,2.628387,-2.013540
1783945910403,6.140000,-3.890536,6.399810,6.376477,-10.267013,5.136467,5.060064,-2.286766
1783945910423,6.160000,37.266285,6.297786,6.266498,30.999787,6.981117,6.905451,-2.974878
1783945910443,6.180000,2.246885,6.185026,6.143627,-3.896742,6.555418,6.480452,-3.810379
1783945910463,6.200000,29.983328,6.062129,6.008464,23.974864,3.234759,3.160419,-4.442862
1783945910483,6.220000,-9.304116,5.929750,5.861660,-15.165776,-2.095503,-2.169307,-4.567411
1783945910503,6.240000,8.644804,5.788596,5.703916,2.940888,-7.492605,-7.565945,-4.101492
1783945910523,6.260000,-29.139578,5.639421,5.535981,-34.675559,-11.061595,-11.134503,-3.281532
1783945910543,6.280000,16.609142,5.483016,5.358643,11.250499,-12.037662,-12.110109,-2.567206
1783945910563,6.300000,-24.319717,5.320209,5.172728,-29.492445,-10.861263,-10.933146,-2.381285
1783945910583,6.320000,12.675088,5.151851,4.979094,7.695994,-8.504781,-8.575923,-2.852587
1783945910603,6.340000,-17.515955,4.978815,4.778631,-22.294586,-6.051924,-6.122068,-3.742319
1783945910623,6.360000,20.232857,4.801987,4.572251,15.660606,-4.459773,-4.528589,-4.583594
1783945910643,6.380000,-13.487922,4.622263,4.360890,-17.848812,-4.099532,-4.166623,-4.900850
1783945910663,6.400000,15.366774,4.440538,4.145502,11.221272,-4.409860,-4.474764,-4.377096
1783945910683,6.420000,-24.136091,4.257708,3.927052,-28.063143,-4.184442,-4.246647,-2.949180
1783945910703,6.440000,9.579370,4.074655,3.706518,5.872852,-2.518313,-2.577262,-0.838116
1783945910723,6.460000,-9.773208,3.892252,3.484884,-13.258092,0.349547,0.294442,1.529114
1783945910743,6.480000,26.231870,3.711351,3.263132,22.968738,3.244165,3.193509,3.719762
1783945910763,6.500000,-11.297339,3.532782,3.042246,-14.339585,5.054700,5.009103,5.504141
1783945910783,6.520000,27.565514,3.357347,2.823200,24.742314,5.372667,5.332729,6.907168
1783945910803,6.540000,-13.353797,3.185820,2.606957,-15.960754,4.479888,4.446185,8.071753
1783945910823,6.560000,23.004246,3.018938,2.394465,20.609781,3.110410,3.083477,9.075357
1783945910843,6.580000,-23.261929,2.857404,2.186652,-25.448581,2.042708,2.023029,9.846984
1783945910863,6.600000,20.649162,2.701879,1.984417,18.664745,1.522864,1.510857,10.204541
1783945910883,6.620000,-15.253269,2.552982,1.788633,-17.041902,1.009654,1.005664,9.960739
1783945910903,6.640000,25.473627,2.411290,1.600136,23.873491,-0.311587,-0.307301,9.048398
1783945910923,6.660000,-20.463840,2.277332,1.419724,-21.883564,-2.665914,-2.653188,7.592896
1783945910943,6.680000,10.263551,2.151591,1.248152,9.015399,-5.392321,-5.371084,5.857601
1783945910963,6.700000,-27.284508,2.034504,1.086127,-28.370635,-7.482199,-7.452481,4.086902
1783945910983,6.720000,7.147517,1.926457,0.934308,6.213209,-8.318840,-8.280770,2.383650
1783945911003,6.740000,-20.176296,1.827791,0.793297,-20.969593,-7.934154,-7.887957,0.731101
1783945911023,6.760000,12.921455,1.738797,0.663643,12.257812,-6.663008,-6.609001,-0.875526
1783945911043,6.780000,-26.295488,1.659723,0.545835,-26.841323,-4.723346,-4.661937,-2.329333
1783945911063,6.800000,17.027428,1.590768,0.440306,16.587122,-2.304506,-2.236194,-3.438645
1783945911083,6.820000,-17.820705,1.532088,0.347426,-18.168131,0.149067,0.223698,-4.030919
1783945911103,6.840000,21.392883,1.483800,0.267506,21.125377,2.006649,2.086922,-4.024140
1783945911123,6.860000,-11.159677,1.445979,0.200800,-11.360477,2.761055,2.846215,-3.427001
1783945911143,6.880000,24.454832,1.418663,0.147764,24.307068,2.368651,2.457880,-2.314058
1783945911163,6.900000,-22.084042,1.401857,0.108323,-22.192365,1.375469,1.467918,-0.827261
1783945911183,6.920000,23.626991,1.395532,0.082556,23.544435,0.549029,0.643844,0.804834
1783945911203,6.940000,-20.487400,1.399631,0.070489,-20.557889,0.394416,0.490758,2.282647
1783945911223,6.960000,22.308270,1.414072,0.072102,22.236168,1.005739,1.102789,3.314110
1783945911243,6.980000,-13.369498,1.438749,0.087326,-13.456824,2.146582,2.243550,3.722504
1783945911263,7.000000,25.538023,1.473533,0.116054,25.421969,3.479097,3.575226,3.513160
1783945911283,7.020000,-12.196609,1.518280,0.158139,-12.354748,4.821264,4.915835,2.854896
1783945911303,7.040000,23.424599,1.572829,0.213401,23.211198,6.129646,6.221987,1.992913
1783945911323,7.060000,-9.809076,1.637008,0.281630,-10.090706,7.222126,7.311613,1.143819
1783945911343,7.080000,34.423714,1.710632,0.362589,34.061125,7.697274,7.783337,0.435200
1783945911363,7.100000,-8.337613,1.793507,0.456019,-8.793632,7.338783,7.420911,-0.080157
1783945911383,7.120000,25.443550,1.885433,0.561641,24.881909,6.476173,6.553915,-0.387972
1783945911403,7.140000,-11.631321,1.986204,0.679158,-12.310479,5.724292,5.797258,-0.519966
1783945911423,7.160000,26.764336,2.095609,0.808260,25.956076,5.473114,5.540972,-0.582488
1783945911443,7.180000,-13.058414,2.213433,0.948625,-14.007039,5.669679,5.732156,-0.733056
1783945911463,7.200000,26.233915,2.339459,1.099920,25.133995,5.815776,5.872655,-1.099082
1783945911483,7.220000,-3.125835,2.473466,1.261805,-4.387641,5.160282,5.211396,-1.705470
1783945911503,7.240000,26.049593,2.615231,1.433932,24.615661,3.279310,3.324547,-2.457969
1783945911523,7.260000,-20.943956,2.764529,1.615944,-22.559900,0.506462,0.545751,-3.194495
1783945911543,7.280000,20.166086,2.921132,1.807480,18.358606,-2.448666,-2.415351,-3.791990
1783945911563,7.300000,-15.493046,3.084810,2.008173,-17.501219,-5.030620,-5.003265,-4.250501
1783945911583,7.320000,11.387460,3.255328,2.217650,9.169810,-6.767625,-6.746180,-4.667597
1783945911603,7.340000,-26.934225,3.432451,2.435532,-29.369757,-7.247762,-7.232143,-5.137797
1783945911623,7.360000,17.983190,3.615937,2.661435,15.321755,-6.548662,-6.538751,-5.686516
1783945911643,7.380000,-16.282703,3.805542,2.894970,-19.177673,-5.297191,-5.292842,-6.258340
1783945911663,7.400000,14.274725,4.001019,3.135740,11.138985,-4.142724,-4.143762,-6.712828
1783945911683,7.420000,-15.103471,4.202116,3.383348,-18.486819,-3.455432,-3.461654,-6.846358
1783945911703,7.440000,22.940931,4.408577,3.637389,19.303542,-3.334115,-3.345290,-6.473028
1783945911723,7.460000,-23.975670,4.620146,3.897457,-27.873127,-3.544990,-3.560861,-5.516940
1783945911743,7.480000,19.698185,4.836560,4.163141,15.535044,-3.717832,-3.738117,-4.053276
1783945911763,7.500000,-16.923733,5.057558,4.434033,-21.357766,-3.754173,-3.778563,-2.286248
1783945911783,7.520000,21.640924,5.282877,4.709723,16.931201,-3.808835,-3.836996,-0.475634
1783945911803,7.540000,-21.917430,5.512254,4.989803,-26.907233,-4.017733,-4.049308,1.157486
1783945911823,7.560000,22.982834,5.745427,5.273873,17.708961,-4.485544,-4.520150,2.485392
1783945911843,7.580000,-11.925880,5.982140,5.561536,-17.487416,-5.228266,-5.265499,3.467407
1783945911863,7.600000,17.126942,6.222138,5.852406,11.274536,-5.802054,-5.841488,4.126100
1783945911883,7.620000,-17.237064,6.465175,6.146109,-23.383173,-5.246173,-5.287365,4.522210
1783945911903,7.640000,5.050545,6.711012,6.442284,-1.391739,-2.851451,-2.893940,4.703436
1783945911923,7.660000,-1.374049,6.959422,6.740589,-8.114638,0.817431,0.774118,4.659499
1783945911943,7.680000,38.084824,7.210189,7.040699,31.044125,4.037104,3.993450,4.378143
1783945911963,7.700000,-7.057342,7.463111,7.342315,-14.399658,5.377479,5.333972,3.976948
1783945911983,7.720000,28.386396,7.718002,7.645160,20.741236,4.607897,4.565026,3.721001
1783945912003,7.740000,0.785573,7.974696,7.948987,-7.163414,2.341617,2.299866,3.846676
1783945912023,7.760000,21.099966,8.233045,8.253574,12.846392,-0.335594,-0.375751,4.363173
1783945912043,7.780000,-12.026943,8.492923,8.558735,-20.585678,-2.104301,-2.142406,5.024720
1783945912063,7.800000,24.645070,8.754226,8.864314,15.780756,-2.014657,-2.050274,5.463679
1783945912083,7.820000,-14.539662,9.016875,9.170188,-23.709850,-0.009420,-0.042141,5.355673
1783945912103,7.840000,36.388690,9.280815,9.476272,26.912418,2.989600,2.960151,4.550021
1783945912123,7.860000,4.308458,9.546018,9.782512,-5.474054,5.563698,5.537854,3.152123
1783945912143,7.880000,32.484660,9.812481,10.088891,22.395769,6.705105,6.683157,1.509762
1783945912163,7.900000,-0.309223,10.080227,10.395426,-10.704649,6.224183,6.206366,0.066698
1783945912183,7.920000,37.110516,10.349306,10.702167,26.408349,4.461442,4.447941,-0.849726
1783945912203,7.940000,-4.975897,10.619793,11.009197,-15.985094,2.087409,2.078344,-1.169210
1783945912223,7.960000,26.516119,10.891789,11.316629,15.199490,-0.013461,-0.018034,-1.067603
1783945912243,7.980000,-3.795029,11.165415,11.624604,-15.419632,-1.119742,-1.119832,-0.850711
1783945912263,8.000000,27.566826,11.440818,11.933288,15.633538,-0.940739,-0.936427,-0.819696
1783945912283,8.020000,-11.027106,11.718163,12.242871,-23.269977,0.327026,0.335588,-1.163471
1783945912303,8.040000,37.581320,11.997632,12.553561,25.027759,1.888230,1.900819,-1.902161
1783945912323,8.060000,4.018857,12.279426,12.865582,-8.846725,2.640184,2.656506,-2.886963
1783945912343,8.080000,40.521423,12.563755,13.179171,27.342252,2.129641,2.149327,-3.840455
1783945912363,8.100000,-13.937698,12.850841,13.494569,-27.432267,1.118457,1.141074,-4.450251
1783945912383,8.120000,32.039993,13.140911,13.812024,18.227969,0.857879,0.882927,-4.529242
1783945912403,8.140000,-8.181541,13.434198,14.131782,-22.313323,1.866857,1.893776,-4.142727
1783945912423,8.160000,44.897500,13.730930,14.454080,30.443420,3.578668,3.606843,-3.553940
1783945912443,8.180000,-2.237698,14.031335,14.779146,-17.016844,4.995060,5.023825,-3.009284
1783945912463,8.200000,40.075645,14.335629,15.107193,24.968452,5.400216,5.428865,-2.570884
1783945912483,8.220000,4.210386,14.644020,15.438411,-11.228025,4.576534,4.604327,-2.140389
1783945912503,8.240000,32.269820,14.956695,15.772967,16.496853,2.800195,2.826368,-1.603529
1783945912523,8.260000,-1.200087,15.273824,16.110994,-17.311081,0.700302,0.724078,-0.947874
1783945912543,8.280000,28.371964,15.595550,16.452594,11.919370,-1.098463,-1.077864,-0.285695
1783945912563,8.300000,-8.343115,15.921988,16.797826,-25.140941,-2.332357,-2.315706,0.197753
1783945912583,8.320000,37.149826,16.253222,17.146708,20.003118,-3.211268,-3.199315,0.333622
1783945912603,8.340000,-7.686181,16.589296,17.499210,-25.185391,-4.065291,-4.058752,0.065028
1783945912623,8.360000,24.702654,16.930219,17.855252,6.847402,-4.935783,-4.935327,-0.515120
1783945912643,8.380000,-4.012649,17.275953,18.214701,-22.227349,-5.701898,-5.708136,-1.221410
1783945912663,8.400000,29.199610,17.626417,18.577368,10.622242,-6.245216,-6.258685,-1.871297
1783945912683,8.420000,-11.252702,17.981480,18.943010,-30.195712,-6.297855,-6.319006,-2.337931
1783945912703,8.440000,25.274680,18.340961,19.311325,5.963355,-5.576332,-5.605523,-2.553865
1783945912723,8.460000,-3.194955,18.704628,19.681955,-22.876909,-4.199886,-4.237366,-2.506306
1783945912743,8.480000,37.707817,19.072195,20.054482,17.653335,-2.626415,-2.672317,-2.216914
1783945912763,8.500000,-6.906286,19.443322,20.428437,-27.334723,-1.134444,-1.188777,-1.692544
1783945912783,8.520000,36.965065,19.817614,20.803294,16.161771,0.308066,0.245426,-0.908121
1783945912803,8.540000,0.404426,20.194624,21.178477,-20.774051,1.711690,1.641003,0.141434
1783945912823,8.560000,40.880867,20.573850,21.553362,19.327505,2.925871,2.847537,1.389453
1783945912843,8.580000,5.610328,20.954739,21.927280,-16.316952,3.805759,3.720319,2.714159
1783945912863,8.600000,43.387894,21.336684,22.299522,21.088372,4.401624,4.309758,3.993961
1783945912883,8.620000,2.061692,21.719032,22.669343,-20.607651,4.960811,4.863340,5.131284
1783945912903,8.640000,40.161434,22.101083,23.035966,17.125468,5.585079,5.482954,6.033082
1783945912923,8.660000,13.524167,22.482091,23.398591,-9.874424,5.876397,5.770690,6.598202
1783945912943,8.680000,42.417484,22.861270,23.756394,18.661090,5.146815,5.038707,6.751795
1783945912963,8.700000,11.779705,23.237797,24.108539,-12.328834,2.980611,2.871374,6.497117
1783945912983,8.720000,33.510696,23.610814,24.454180,9.056516,-0.499767,-0.608790,5.913130
1783945913003,8.740000,-0.373093,23.979432,24.792470,-25.165563,-4.851376,-4.958789,5.077824
1783945913023,8.760000,48.683510,24.342740,25.122563,23.560947,-9.453626,-9.557991,4.004146
1783945913043,8.780000,-26.528807,24.699802,25.443625,-51.972432,-13.207935,-13.307774,2.664983
1783945913063,8.800000,29.606392,25.049669,25.754835,3.851557,-14.868195,-14.961980,1.042561
1783945913083,8.820000,-8.167255,25.391383,26.055395,-34.222650,-14.123594,-14.209730,-0.857190
1783945913103,8.840000,36.938630,25.723978,26.344535,10.594095,-11.733609,-11.810443,-2.968456
1783945913123,8.860000,2.096181,26.046494,26.621518,-24.525337,-8.627319,-8.693195,-5.078939
1783945913143,8.880000,31.797722,26.357977,26.885646,4.912076,-5.344382,-5.397794,-6.804483
1783945913163,8.900000,10.330184,26.657489,27.136262,-16.806078,-2.251440,-2.291296,-7.730694
1783945913183,8.920000,51.250305,26.944112,27.372761,23.877544,0.244569,0.218610,-7.606638
1783945913203,8.940000,6.000427,27.216958,27.594589,-21.594161,2.005038,1.992293,-6.416715
1783945913223,8.960000,49.631077,27.475173,27.801245,21.829832,3.227450,3.226265,-4.345070
1783945913243,8.980000,16.141556,27.717946,27.992290,-11.850734,4.033379,4.041846,-1.722435
1783945913263,9.000000,55.830320,27.944513,28.195897,27.634423,4.425375,4.442593,1.038752
1783945913283,9.020000,18.995514,28.154163,28.355701,-9.360187,4.693605,4.720405,3.548405
1783945913303,9.040000,44.157387,28.346247,28.498877,15.658510,5.486979,5.525315,5.527744
1783945913323,9.060000,21.655897,28.520180,28.625225,-6.969328,7.207738,7.259460,6.810415
1783945913343,9.080000,58.390310,28.675446,28.734607,29.655703,9.484068,9.550172,7.310178
1783945913363,9.100000,27.441736,28.811604,28.826945,-1.385209,11.453141,11.533635,7.044786
1783945913383,9.120000,58.550674,28.928290,28.902221,29.648453,12.349714,12.443825,6.179182
1783945913403,9.140000,29.979570,29.025221,28.960473,1.019097,11.761948,11.868416,4.988989
1783945913423,9.160000,59.422380,29.102196,29.001796,30.420584,9.742440,9.859761,3.741789
1783945913443,9.180000,17.572908,29.159096,29.026333,-11.453425,6.868151,6.994721,2.588722
1783945913463,9.200000,55.471570,29.195890,29.034281,26.437289,3.988372,4.122557,1.527898
1783945913483,9.220000,6.580857,29.212629,29.025881,-22.445023,1.767822,1.907964,0.434414
1783945913503,9.240000,59.015180,29.209448,29.001415,30.013765,0.383469,0.527883,-0.859478
1783945913523,9.260000,10.368493,29.186566,28.961210,-18.592717,-0.323843,-0.176870,-2.450136
1783945913543,9.280000,49.587505,29.144281,28.905629,20.681876,-0.438387,-0.290587,-4.276501
1783945913563,9.300000,6.884092,29.082970,28.835067,-21.950975,0.017944,0.164841,-6.134773
1783945913583,9.320000,52.711926,29.003084,28.749958,23.961968,0.720390,0.864680,-7.777197
1783945913603,9.340000,17.489990,28.905146,28.650760,-11.160770,1.088277,1.228315,-8.997770
1783945913623,9.360000,45.142723,28.789746,28.537964,16.604759,0.777296,0.911524,-9.648984
1783945913643,9.380000,14.683186,28.657536,28.412085,-13.728899,-0.107412,0.019561,-9.643525
1783945913663,9.400000,43.445330,28.509228,28.273665,15.171665,-1.225732,-1.107327,-8.991483
1783945913683,9.420000,5.157697,28.345586,28.123267,-22.965570,-2.280137,-2.171463,-7.832948
1783945913703,9.440000,47.533497,28.167422,27.961477,19.572020,-3.238946,-3.141004,-6.407492
1783945913723,9.460000,12.953193,27.975592,27.788903,-14.835710,-4.173694,-4.087310,-4.958825
1783945913743,9.480000,32.608814,27.770988,27.606169,5.002645,-4.794953,-4.720773,-3.642341
1783945913763,9.500000,1.134069,27.554535,27.413920,-26.279850,-4.663844,-4.602331,-2.514634
1783945913783,9.520000,46.636370,27.327184,27.212817,19.423553,-3.918837,-3.870272,-1.592997
1783945913803,9.540000,6.231743,27.089906,27.003537,-20.771794,-3.225678,-3.190160,-0.881849
1783945913823,9.560000,39.598335,26.843692,26.786772,12.811563,-3.114153,-3.091607,-0.329476
1783945913843,9.580000,1.096191,26.589538,26.563227,-25.467037,-3.819310,-3.809494,0.185737
1783945913863,9.600000,47.830116,26.328453,26.333620,21.496496,-5.445726,-5.448241,0.780701
1783945913883,9.620000,-6.060637,26.061442,26.098677,-32.159314,-7.750757,-7.765063,1.492402
1783945913903,9.640000,36.952682,25.789510,25.859138,11.093544,-9.950445,-9.975873,2.272680
1783945913923,9.660000,-7.522867,25.513655,25.615746,-33.138613,-11.031862,-11.067632,3.014914
1783945913943,9.680000,26.897907,25.234865,25.369254,1.528653,-10.270697,-10.315928,3.577910
1783945913963,9.700000,-0.442408,24.954112,25.120418,-25.562826,-7.687434,-7.741168,3.831259
1783945913983,9.720000,38.337654,24.672355,24.869996,13.467658,-4.122414,-4.183624,3.736805
1783945914003,9.740000,10.683370,24.390529,24.618749,-13.935379,-0.683887,-0.751496,3.417771
1783945914023,9.760000,40.473590,24.109550,24.367435,16.106155,1.945557,1.872653,3.147967
1783945914043,9.780000,5.097509,23.830308,24.116810,-19.019301,3.652672,3.575586,3.232374
1783945914063,9.800000,47.904200,23.553668,23.867627,24.036573,4.509935,4.429754,3.838655
1783945914083,9.820000,12.214214,23.280466,23.620628,-11.406414,4.620053,4.537809,4.911906
1783945914103,9.840000,44.766670,23.011509,23.376548,21.390122,4.409828,4.326471,6.229488
1783945914123,9.860000,5.963512,22.747571,23.136112,-17.172599,4.681140,4.597530,7.512412
1783945914143,9.880000,40.549118,22.489394,22.900676,17.648442,6.079016,5.995944,8.492504
1783945914163,9.900000,9.459755,22.237685,22.670225,-13.210470,8.426120,8.344349,8.939278
1783945914183,9.920000,51.930565,21.993117,22.445431,29.485134,10.558980,10.479259,8.713347
1783945914203,9.940000,25.616780,21.756324,22.226947,3.389833,11.030038,10.953098,7.850323
1783945914223,9.960000,45.119137,21.527901,22.015397,23.103740,9.264574,9.191096,6.588562
1783945914243,9.980000,4.078828,21.308402,21.811379,-17.732551,5.950096,5.880684,5.254267
1783945914263,10.000000,41.648346,21.098343,21.615459,20.032887,2.261946,2.197117,4.050037
1783945914283,10.020000,2.147597,20.898192,21.428169,-19.280572,-0.894525,-0.954356,2.929867
1783945914303,10.040000,37.114014,20.708376,21.250003,15.864011,-2.905934,-2.960451,1.681170
1783945914323,10.060000,-8.403015,20.529272,21.081414,-29.484429,-3.367907,-3.416890,0.120482
1783945914343,10.080000,37.039513,20.361212,20.922811,16.116702,-2.371933,-2.415250,-1.781755
1783945914363,10.100000,1.686647,20.204477,20.774557,-19.087910,-0.687053,-0.724657,-3.894491
1783945914383,10.120000,46.404358,20.059300,20.636968,25.767390,0.706489,0.674568,-5.957359
1783945914403,10.140000,-3.788502,19.925861,20.510305,-24.298807,1.318130,1.291792,-7.626135
1783945914423,10.160000,38.041410,19.804287,20.394779,17.646631,1.204181,1.183262,-8.581405
1783945914443,10.180000,0.100292,19.694653,20.290543,-20.190251,0.445207,0.429486,-8.676203
1783945914463,10.200000,46.406532,19.596980,20.197693,26.208839,-0.983499,-0.994292,-7.997527
1783945914483,10.220000,-7.639643,19.511236,20.116270,-27.755912,-2.739869,-2.746047,-6.785211
1783945914503,10.240000,32.784090,19.437332,20.046251,12.737839,-4.006551,-4.008461,-5.313892
1783945914523,10.260000,-10.101713,19.375127,19.987558,-30.089271,-4.156188,-4.154200,-3.848837
1783945914543,10.280000,35.670216,19.324425,19.940050,15.730166,-3.392105,-3.386605,-2.638793
1783945914563,10.300000,1.705404,19.284978,19.903529,-18.198125,-2.633577,-2.624963,-1.853057
1783945914583,10.320000,39.329340,19.256486,19.877736,19.451604,-2.731231,-2.719899,-1.483904
1783945914603,10.340000,-7.751339,19.238594,19.862356,-27.613695,-3.780559,-3.766899,-1.337767
1783945914623,10.360000,35.218810,19.230902,19.857018,15.361792,-5.184055,-5.168444,-1.165296
1783945914643,10.380000,-8.638004,19.232959,19.861296,-28.499300,-6.135746,-6.118543,-0.825839
1783945914663,10.400000,34.244340,19.244268,19.874713,14.369627,-5.941947,-5.923484,-0.347882
1783945914683,10.420000,-10.277439,19.264290,19.896742,-30.174181,-4.219399,-4.199981,0.139962
1783945914703,10.440000,34.263157,19.292443,19.926812,14.336345,-1.205582,-1.185482,0.516480
1783945914723,10.460000,6.816948,19.328106,19.964307,-13.147358,2.079212,2.099758,0.738497
1783945914743,10.480000,43.019974,19.370623,20.008572,23.011402,4.294995,4.315787,0.874456
1783945914763,10.500000,9.986511,19.419305,20.058918,-10.072407,4.599838,4.620714,1.095168
1783945914783,10.520000,42.878086,19.473434,20.114622,22.763464,3.152713,3.173547,1.593821
1783945914803,10.540000,-5.934774,19.532265,20.174935,-26.109709,0.999840,1.020546,2.450816
1783945914823,10.560000,37.034344,19.595030,20.239082,16.795262,-0.672719,-0.652194,3.528011
1783945914843,10.580000,-1.123040,19.660943,20.306271,-21.429311,-1.304222,-1.283896,4.492198
1783945914863,10.600000,45.738438,19.729199,20.375690,25.362748,-0.929803,-0.909667,4.982307
1783945914883,10.620000,-4.303705,19.798982,20.446519,-24.750224,0.387799,0.407782,4.811297
1783945914903,10.640000,36.948220,19.869467,20.517926,16.430294,2.650425,2.670313,4.043716
1783945914923,10.660000,12.098655,19.939823,20.589075,-8.490420,5.459734,5.479603,2.908899
1783945914943,10.680000,44.180100,20.009214,20.659129,23.520971,7.980090,8.000028,1.677781
1783945914963,10.700000,12.172994,20.076807,20.727254,-8.554260,9.407032,9.427134,0.604322
1783945914983,10.720000,49.872433,20.141770,20.792618,29.079815,9.251642,9.272007,-0.102675
1783945915003,10.740000,5.346372,20.203280,20.854399,-15.508027,7.409868,7.430591,-0.335433
1783945915023,10.760000,47.341850,20.260522,20.911784,26.430066,4.140814,4.161983,-0.145017
1783945915043,10.780000,4.387999,20.312691,20.963973,-16.575974,0.067634,0.089324,0.266691
1783945915063,10.800000,30.489422,20.358999,21.010181,9.479241,-3.772975,-3.750705,0.619226
1783945915083,10.820000,-3.695126,20.398672,21.049641,-24.744767,-6.248562,-6.225675,0.634962
1783945915103,10.840000,26.250725,20.430958,21.081604,5.169121,-6.750150,-6.726633,0.104460
1783945915123,10.860000,-1.458195,20.455125,21.105342,-22.563536,-5.550377,-5.526242,-1.054026
1783945915143,10.880000,38.454660,20.470464,21.120148,17.334512,-3.620985,-3.596275,-2.732486
1783945915163,10.900000,1.079393,20.476292,21.125341,-20.045948,-1.998619,-1.973409,-4.609932
1783945915183,10.920000,39.357235,20.471957,21.120266,18.236969,-1.217245,-1.191640,-6.230662
1783945915203,10.940000,3.284017,20.456833,21.104295,-17.820279,-1.161190,-1.135332,-7.170248
1783945915223,10.960000,26.200533,20.430329,21.076829,5.123704,-1.316233,-1.290298,-7.203878
1783945915243,10.980000,6.056874,20.391889,21.037300,-14.980426,-1.369092,-1.343295,-6.387960
1783945915263,11.000000,39.862526,20.340992,20.985171,18.877355,-1.490011,-1.464605,-5.001774
1783945915283,11.020000,0.887287,20.277159,20.919942,-20.032655,-1.836839,-1.812112,-3.385704
1783945915303,11.040000,36.046623,20.199949,20.841147,15.205476,-2.130673,-2.106935,-1.798123
1783945915323,11.060000,-2.431401,20.108967,20.748356,-23.179757,-1.888257,-1.865826,-0.386763
1783945915343,11.080000,36.712437,20.003859,20.641180,16.071257,-0.869330,-0.848509,0.755039
1783945915363,11.100000,1.590955,19.884323,20.519271,-18.928316,0.685558,0.704506,1.557449
1783945915383,11.120000,45.759884,19.750102,20.382321,25.377563,2.188225,2.205079,2.009209
1783945915403,11.140000,1.067721,19.600991,20.229429,-19.161707,3.105351,3.119909,2.194862
1783945915423,11.160000,44.271950,19.436838,20.061000,24.210950,3.204552,3.216591,2.268907
1783945915443,11.180000,3.662156,19.257543,19.876881,-16.214725,2.523899,2.533144,2.374563
1783945915463,11.200000,36.321926,19.063063,19.676966,16.644960,1.285516,1.291643,2.567873
1783945915483,11.220000,-2.436544,18.853408,19.461203,-21.897748,-0.321141,-0.318485,2.793053
1783945915503,11.240000,43.572456,18.628649,19.229589,24.342867,-2.321725,-2.322901,2.918182
1783945915523,11.260000,-7.413380,18.388912,18.982175,-26.395555,-4.664267,-4.669624,2.812356
1783945915543,11.280000,34.762436,18.134384,18.719068,16.043368,-6.842042,-6.851902,2.414403
1783945915563,11.300000,-8.750981,17.865310,18.440429,-27.191410,-7.970782,-7.985435,1.744653
1783945915583,11.320000,21.588339,17.581995,18.146478,3.441861,-7.222935,-7.242630,0.861702
1783945915603,11.340000,-3.440165,17.284803,17.837490,-21.277655,-4.460329,-4.485273,-0.177300
1783945915623,11.360000,34.920048,16.974159,17.513800,17.406248,-0.563143,-0.593495,-1.296450
1783945915643,11.380000,8.381191,16.650547,17.175803,-8.794612,3.045925,3.010056,-2.339050
1783945915663,11.400000,43.014660,16.314511,16.823952,26.190708,5.281817,5.240378,-3.040405
1783945915683,11.420000,3.073126,15.966651,16.458764,-13.385638,5.939029,5.892026,-3.104327
1783945915703,11.440000,35.977590,15.607626,16.080812,19.896778,5.494660,5.442163,-2.369937
1783945915723,11.460000,7.443693,15.238151,15.690734,-8.247041,4.520857,4.463001,-0.942739
1783945915743,11.480000,40.714905,14.858994,15.289226,25.425679,3.530970,3.467959,0.832179
1783945915763,11.500000,-8.591249,14.470977,14.877044,-23.468293,3.142976,3.075082,2.527880
1783945915783,11.520000,35.466114,14.074971,14.455003,21.011111,3.694610,3.622175,3.782523
1783945915803,11.540000,7.209005,13.671893,14.023975,-6.814970,4.716565,4.639997,4.366966
1783945915823,11.560000,38.681305,13.262705,13.584889,25.096416,5.319221,5.238995,4.225936
1783945915843,11.580000,-0.512781,12.848409,13.138725,-13.651506,4.966469,4.883118,3.504745
1783945915863,11.600000,39.634842,12.430044,12.686516,26.948326,3.672451,3.586565,2.489733
1783945915883,11.620000,-7.790322,12.008681,12.229343,-20.019665,1.841727,1.753944,1.459800
1783945915903,11.640000,26.185783,11.585421,11.768330,14.417453,-0.030822,-0.119818,0.557328
1783945915923,11.660000,-1.316786,11.161388,11.304644,-12.621430,-1.758751,-1.848239,-0.232034
1783945915943,11.680000,24.735844,10.737723,10.839488,13.896356,-3.398736,-3.487954,-0.999045
1783945915963,11.700000,-13.896990,10.315583,10.374097,-24.271087,-4.874630,-4.962778,-1.807707
1783945915983,11.720000,22.663828,9.896135,9.909734,12.754094,-6.021276,-6.107512,-2.649447
1783945916003,11.740000,-15.926749,9.480548,9.447684,-25.374433,-6.825548,-6.909000,-3.469146
1783945916023,11.760000,28.885462,9.069990,8.989252,19.896210,-7.302411,-7.382203,-4.198174
1783945916043,11.780000,-21.895119,8.665622,8.535750,-30.430869,-7.131500,-7.206804,-4.748582
1783945916063,11.800000,18.464592,8.268595,8.088498,10.376094,-5.712648,-5.782760,-5.019429
1783945916083,11.820000,-15.567522,7.880042,7.648818,-23.216340,-2.808403,-2.872834,-4.948371
1783945916103,11.840000,32.177658,7.501073,7.218022,24.959636,1.086465,1.027949,-4.538479
1783945916123,11.860000,-9.298217,7.132774,6.797410,-16.095627,5.110360,5.057809,-3.808148
1783945916143,11.880000,35.088370,6.776198,6.388266,28.700104,8.484818,8.438362,-2.729823
1783945916163,11.900000,-3.182994,6.432358,5.991844,-9.174838,10.611225,10.571577,-1.250849
1783945916183,11.920000,34.770030,6.102232,5.609368,29.160662,11.054914,11.024008,0.618576
1783945916203,11.940000,0.481244,5.786746,5.242024,-4.760780,9.632133,9.613603,2.745557
1783945916223,11.960000,29.119417,5.486778,4.890948,24.228469,6.609004,6.607949,4.888505
1783945916243,11.980000,-14.271892,5.203150,4.557228,-18.829120,2.738928,2.760288,6.746401
1783945916263,12.000000,20.549511,4.936627,4.181037,16.368474,-1.116483,-1.070648,8.003133
1783945916283,12.020000,-18.675716,4.687906,3.885123,-22.560839,-4.400281,-4.332270,8.379641
1783945916303,12.040000,19.571772,4.457620,3.609653,15.962119,-6.829945,-6.744949,7.717273
1783945916323,12.060000,-27.901793,4.246330,3.355424,-31.257217,-8.127395,-8.030782,6.060701
1783945916343,12.080000,7.969643,4.054524,3.123146,4.846497,-8.119404,-8.015082,3.661537
1783945916363,12.100000,-18.828375,3.882610,2.913438,-21.741813,-7.167694,-7.057878,0.890711
1783945916383,12.120000,20.161589,3.730920,2.726825,17.434764,-6.043217,-5.928892,-1.848516
1783945916403,12.140000,-25.774158,3.599704,2.563730,-28.337888,-5.207377,-5.088938,-4.156910
1783945916423,12.160000,18.259396,3.489128,2.424475,15.834921,-4.550160,-4.427906,-5.686807
1783945916443,12.180000,-25.197914,3.399275,2.309275,-27.507189,-3.769279,-3.643683,-6.241003
1783945916463,12.200000,19.107891,3.330146,2.218240,16.889651,-2.736515,-2.608294,-5.847941
1783945916483,12.220000,-19.182972,3.281655,2.151370,-21.334342,-1.582675,-1.452746,-4.725109
1783945916503,12.240000,21.306778,3.253634,2.108558,19.198220,-0.543621,-0.413018,-3.159716
1783945916523,12.260000,-17.113598,3.245832,2.089588,-19.203186,0.259558,0.389768,-1.406961
1783945916543,12.280000,20.793724,3.257917,2.094139,18.699585,0.896927,1.025693,0.344342
1783945916563,12.300000,-14.136259,3.289476,2.121783,-16.258042,1.570032,1.696350,1.957140
1783945916583,12.320000,23.778309,3.340020,2.171990,21.606319,2.567183,2.690098,3.326582
1783945916603,12.340000,-15.585027,3.408985,2.244131,-17.829158,4.214086,4.332702,4.378787
1783945916623,12.360000,21.976616,3.495732,2.337481,19.639135,6.592262,6.705735,5.072983
1783945916643,12.380000,-4.845947,3.599557,2.451224,-7.297171,9.169311,9.276851,5.398846
1783945916663,12.400000,34.126210,3.719687,2.584455,31.541755,10.931511,11.032389,5.390324
1783945916683,12.420000,-1.689839,3.855286,2.736190,-4.426030,11.077001,11.170554,5.152340
1783945916703,12.440000,23.857677,4.005461,2.905365,20.952312,9.496313,9.581946,4.840689
1783945916723,12.460000,-6.724533,4.169263,3.090847,-9.815380,6.553607,6.630802,4.563426
1783945916743,12.480000,26.440336,4.345692,3.291438,23.148898,2.736262,2.804582,4.286631
1783945916763,12.500000,-15.294513,4.533701,3.505878,-18.800391,-1.249616,-1.190526,3.849637
1783945916783,12.520000,11.898508,4.732203,3.732860,8.165648,-4.421193,-4.371604,3.066539
1783945916803,12.540000,-20.608393,4.940069,3.971026,-24.579419,-5.990629,-5.950727,1.809710
1783945916823,12.560000,8.694525,5.156142,4.218982,4.475543,-5.947019,-5.916909,0.041403
1783945916843,12.580000,-9.736776,5.379233,4.475302,-14.212078,-5.157538,-5.137242,-2.157008
1783945916863,12.600000,20.904226,5.608134,4.738534,16.165692,-4.725476,-4.714939,-4.539121
1783945916883,12.620000,-16.048805,5.841617,5.007211,-21.056016,-5.040212,-5.039304,-6.701773
1783945916903,12.640000,12.892792,6.078445,5.279857,7.612935,-5.541562,-5.550080,-8.214848
1783945916923,12.660000,-18.975487,6.317374,5.554993,-24.530480,-5.397833,-5.415512,-8.818471
1783945916943,12.680000,20.694765,6.557164,5.831147,14.863618,-4.217701,-4.244215,-8.534973
1783945916963,12.700000,-14.857626,6.796579,6.106862,-20.964488,-2.187939,-2.222913,-7.599522
1783945916983,12.720000,22.196356,7.034399,6.380705,15.815651,0.083896,0.040879,-6.288063
1783945917003,12.740000,-6.712172,7.269424,6.651271,-13.363442,1.673656,1.623046,-4.795800
1783945917023,12.760000,35.932670,7.500481,6.917194,29.015476,1.695844,1.638119,-3.214805
1783945917043,12.780000,-11.844036,7.726430,7.177155,-19.021191,0.001534,-0.062798,-1.567260
1783945917063,12.800000,22.639666,7.946174,7.429888,15.209778,-2.591169,-2.661563,0.126266
1783945917083,12.820000,-14.810026,8.158661,7.674188,-22.484214,-4.902361,-4.978223,1.757517
1783945917103,12.840000,20.916998,8.362894,7.908918,13.008080,-6.074490,-6.155164,3.095256
1783945917123,12.860000,-16.077105,8.557935,8.133012,-24.210117,-5.839928,-5.924705,3.868258
1783945917143,12.880000,28.685236,8.742913,8.344795,20.340441,-4.499395,-4.587548,3.916787
1783945917163,12.900000,-11.345106,8.917030,8.544089,-19.889195,-2.653741,-2.744582,3.294722
1783945917183,12.920000,31.037424,9.079565,8.730085,22.307339,-0.863824,-0.956730,2.257296
1783945917203,12.940000,-10.497834,9.229881,8.902071,-19.399905,0.443992,0.349572,1.154479
1783945917223,12.960000,31.967447,9.367429,9.059438,22.908009,0.845901,0.750471,0.292054
1783945917243,12.980000,-0.670010,9.491752,9.201681,-9.871690,-0.061684,-0.157649,-0.162700
1783945917263,13.000000,34.906933,9.602492,9.328404,25.578529,-2.187611,-2.283650,-0.185184
1783945917283,13.020000,-11.018896,9.699389,9.439325,-20.458221,-4.445987,-4.541643,0.151686
1783945917303,13.040000,15.272724,9.782288,9.534275,5.738449,-5.155689,-5.250507,0.692094
1783945917323,13.060000,-8.064297,9.851140,9.613203,-17.677500,-3.318907,-3.412435,1.182810
1783945917343,13.080000,35.351196,9.906001,9.676173,25.675023,0.589834,0.498042,1.333901
1783945917363,13.100000,-0.741723,9.947036,9.723369,-10.465092,5.102969,5.013360,0.992665
1783945917383,13.120000,44.340480,9.974519,9.755093,34.585387,8.646432,8.559449,0.287408
1783945917403,13.140000,10.118015,9.988830,9.771761,0.346254,10.148695,10.064781,-0.415642
1783945917423,13.160000,41.941517,9.990455,9.773909,32.167608,9.484229,9.403829,-0.718179
1783945917443,13.180000,-0.293470,9.979983,9.762181,-10.055651,7.498303,7.421866,-0.406623
1783945917463,13.200000,35.575226,9.958104,9.737332,25.837894,5.405580,5.333557,0.435611
1783945917483,13.220000,-3.276670,9.925602,9.700225,-12.976894,4.076098,4.008947,1.457996
1783945917503,13.240000,36.997875,9.883353,9.651819,27.346056,3.737010,3.675191,2.204249
1783945917523,13.260000,-0.877711,9.832316,9.593172,-10.470883,4.130840,4.074815,2.326786
1783945917543,13.280000,34.684795,9.773528,9.525426,25.159369,4.835222,4.785450,1.728349
1783945917563,13.300000,0.155620,9.708096,9.449806,-9.294187,5.437604,5.394538,0.560544
1783945917583,13.320000,38.841020,9.637190,9.367611,29.473409,5.639876,5.603958,-0.881107
1783945917603,13.340000,1.650195,9.562029,9.280200,-7.630004,5.505180,5.476833,-2.277438
1783945917623,13.360000,26.692936,9.483879,9.188987,17.503949,5.543364,5.522985,-3.376285
1783945917643,13.380000,-3.442241,9.404033,9.095431,-12.537672,6.194833,6.182787,-4.058737
1783945917663,13.400000,36.851833,9.323812,9.001021,27.850812,7.210916,7.207522,-4.359390
1783945917683,13.420000,0.250451,9.244541,8.907266,-8.656815,7.779784,7.785312,-4.398695
1783945917703,13.440000,34.377644,9.167550,8.815684,25.561960,7.149172,7.163828,-4.268141
1783945917723,13.460000,-0.675986,9.094151,8.727787,-9.403773,5.054379,5.078301,-3.977945
1783945917743,13.480000,25.149593,9.025634,8.645069,16.504524,1.857653,1.890899,-3.510613
1783945917763,13.500000,-17.367023,8.963254,8.568992,-25.936015,-1.663671,-1.621131,-2.913649
1783945917783,13.520000,21.576702,8.908215,8.500971,13.075731,-4.863731,-4.812022,-2.341046
1783945917803,13.540000,-14.875307,8.861665,8.442364,-23.317671,-7.454417,-7.393761,-2.000639
1783945917823,13.560000,11.714905,8.824680,8.394454,3.320451,-9.172797,-9.103522,-2.037043
1783945917843,13.580000,-21.012120,8.798256,8.358439,-29.370559,-9.611565,-9.534104,-2.444592
1783945917863,13.600000,10.110905,8.783298,8.335418,1.775487,-8.517149,-8.432042,-3.080080
1783945917883,13.620000,-17.790943,8.780613,8.326380,-26.117323,-6.107787,-6.015676,-3.738281
1783945917903,13.640000,22.061682,8.790900,8.332191,13.729491,-3.040492,-2.942121,-4.201016
1783945917923,13.660000,-15.958698,8.814742,8.353585,-24.312283,-0.061860,0.041936,-4.245183
1783945917943,13.680000,19.560421,8.852602,8.391155,11.169266,2.163551,2.271853,-3.674568
1783945917963,13.700000,-8.007244,8.904816,8.445345,-16.452589,2.885276,2.997090,-2.395711
1783945917983,13.720000,25.626984,8.971589,8.516445,17.110539,1.381894,1.496166,-0.473048
1783945918003,13.740000,-16.569098,9.052993,8.604583,-25.173681,-2.505206,-2.389576,1.886057
1783945918023,13.760000,18.057308,9.148964,8.709723,9.347585,-8.049011,-7.933155,4.382411
1783945918043,13.780000,-30.105710,9.259303,8.831665,-38.937375,-13.756461,-13.641524,6.659910
1783945918063,13.800000,2.981341,9.383672,8.970043,-5.988702,-17.822540,-17.709664,8.334699
1783945918083,13.820000,-41.934216,9.521603,9.124327,-51.058543,-18.920194,-18.810503,9.059929
1783945918103,13.840000,8.816906,9.672494,9.293827,-0.476921,-16.974364,-16.868943,8.630912
1783945918123,13.860000,-22.677086,9.835619,9.477700,-32.154786,-13.165357,-13.065238,7.104061
1783945918143,13.880000,19.032642,10.010131,9.674953,9.357689,-9.008658,-8.914804,4.871115
1783945918163,13.900000,-16.406580,10.195067,9.884457,-26.291037,-5.393449,-5.306744,2.596387
1783945918183,13.920000,19.422998,10.389360,10.104954,9.318044,-2.369808,-2.291040,0.987036
1783945918203,13.940000,-6.130712,10.591846,10.335069,-16.465780,0.475843,0.545990,0.513513
1783945918223,13.960000,16.203396,10.801272,10.573324,5.630072,3.522214,3.583168,1.254895
1783945918243,13.980000,0.920559,11.016309,10.818152,-9.897592,6.580284,6.631594,2.932959
1783945918263,14.000000,46.007915,11.235564,11.067912,34.940003,8.833856,8.875190,5.084136
1783945918283,14.020000,2.918270,11.457587,11.320902,-8.402632,9.774638,9.805786,7.273015
1783945918303,14.040000,27.070740,11.680890,11.575379,15.495361,9.854873,9.875735,9.210204
1783945918323,14.060000,3.577729,11.903953,11.829571,-8.251842,9.695212,9.705785,10.699218
1783945918343,14.080000,38.694176,12.125240,12.081693,26.612483,9.145298,9.145652,11.527115
1783945918363,14.100000,7.799994,12.343212,12.329965,-4.529971,7.530778,7.521041,11.483337
1783945918383,14.120000,39.574825,12.556338,12.572625,27.002200,4.549911,4.530258,10.497815
1783945918403,14.140000,-8.377312,12.763108,12.808435,-21.185747,0.767691,0.738358,8.702054
1783945918423,14.160000,33.641266,12.962045,13.035186,20.606080,-2.679234,-2.717925,6.324150
1783945918443,14.180000,-9.295466,13.151716,13.251261,-22.546727,-4.661536,-4.709175,3.551400
1783945918463,14.200000,25.055580,13.330747,13.455115,11.600465,-4.433031,-4.489128,0.500341
1783945918483,14.220000,-4.209360,13.497830,13.645290,-17.854650,-1.983473,-2.047493,-2.716266
1783945918503,14.240000,36.403316,13.651736,13.820423,22.582893,1.772736,1.701350,-5.911096
1783945918523,14.260000,7.519913,13.791323,13.979255,-6.459343,5.349947,5.271751,-8.790505
1783945918543,14.280000,46.997720,13.915548,14.120644,32.877076,7.399889,7.315427,-10.984001
1783945918563,14.300000,10.724895,14.023471,14.243567,-3.518672,7.373566,7.283362,-12.140004
1783945918583,14.320000,37.997870,14.114269,14.347131,23.650739,5.744464,5.649019,-12.071191
1783945918603,14.340000,0.436225,14.187238,14.430576,-13.994351,3.522129,3.421922,-10.880359
1783945918623,14.360000,37.379430,14.241800,14.493280,22.886150,1.440969,1.336461,-8.977490
1783945918643,14.380000,7.787318,14.277510,14.534766,-6.747449,-0.315278,-0.423644,-6.940775
1783945918663,14.400000,29.903116,14.294058,14.554701,15.348415,-1.708283,-1.820074,-5.283749
1783945918683,14.420000,-1.937497,14.291275,14.552897,-16.490394,-2.617662,-2.732451,-4.286744
1783945918703,14.440000,36.465298,14.269129,14.529319,21.935979,-3.071398,-3.188757,-3.984838
1783945918723,14.460000,-0.827237,14.227735,14.484077,-15.311314,-3.231028,-3.350515,-4.245958
1783945918743,14.480000,35.581768,14.167348,14.417435,21.164333,-3.045828,-3.166986,-4.839729
1783945918763,14.500000,-3.706018,14.088367,14.329800,-18.035817,-2.151145,-2.273483,-5.491226
1783945918783,14.520000,34.509136,13.991330,14.221730,20.287406,-0.163562,-0.286553,-5.955306
1783945918803,14.540000,-0.317026,13.876912,14.093926,-14.410952,2.887237,2.764169,-6.084070
1783945918823,14.560000,45.861400,13.745925,13.947232,31.914168,6.370359,6.247843,-5.828970
1783945918843,14.580000,12.038837,13.599308,13.782631,-1.743794,9.389785,9.268513,-5.180608
1783945918863,14.600000,42.106930,13.438125,13.601239,28.505691,11.331292,11.212023,-4.117693
1783945918883,14.620000,8.098188,13.263559,13.404305,-5.306117,11.919758,11.803318,-2.633802
1783945918903,14.640000,47.602220,13.076901,13.193202,34.409018,10.895464,10.782747,-0.816851
1783945918923,14.660000,10.071780,12.879548,12.969419,-2.897639,8.111842,8.003807,1.121223
1783945918943,14.680000,31.817886,12.672988,12.734561,19.083325,3.967271,3.864938,2.902991
1783945918963,14.700000,-0.792541,12.458795,12.490334,-13.282874,-0.612504,-0.708064,4.257804
1783945918983,14.720000,24.025959,12.238616,12.238540,11.787419,-4.591320,-4.678998,4.951359
1783945919003,14.740000,-15.691002,12.014165,11.981069,-27.672071,-7.192177,-7.270835,4.807641
1783945919023,14.760000,23.008293,11.787206,11.719887,11.288406,-8.215358,-8.283852,3.762709
1783945919043,14.780000,-7.833043,11.559546,11.457025,-19.290068,-8.025989,-8.083181,1.931246
1783945919063,14.800000,14.469446,11.333023,11.194571,3.274875,-7.099780,-7.144562,-0.369158
1783945919083,14.820000,-9.691860,11.109494,10.934656,-20.626516,-5.834032,-5.865342,-2.681270
1783945919103,14.840000,22.655064,10.890824,10.679441,11.975623,-4.694831,-4.711674,-4.543156
1783945919123,14.860000,-8.607981,10.678876,10.431107,-19.039088,-4.065602,-4.067065,-5.614262
1783945919143,14.880000,20.508604,10.475496,10.191841,10.316763,-3.936582,-3.921855,-5.729532
1783945919163,14.900000,-17.634780,10.282508,9.963823,-27.598603,-3.994870,-3.963270,-4.905404
1783945919183,14.920000,26.708548,10.101700,9.749210,16.959338,-4.009113,-3.960113,-3.332969
1783945919203,14.940000,-14.740473,9.934813,9.550127,-24.290600,-3.897733,-3.831007,-1.324964
1783945919223,14.960000,22.058107,9.783535,9.368650,12.689457,-3.472637,-3.388109,0.791421
1783945919243,14.980000,-16.445156,9.649490,9.206793,-25.651949,-2.449322,-2.347213,2.763149
1783945919263,15.000000,19.531176,9.534227,9.066434,10.464742,-0.811777,-0.692619,4.427643
1783945919283,15.020000,-7.869336,9.439219,8.950701,-16.820037,0.910433,1.045844,5.692389
1783945919303,15.040000,32.793694,9.365846,8.860155,23.933539,1.932938,2.083620,6.544470
1783945919323,15.060000,-15.705587,9.315398,8.796422,-24.502009,1.912180,2.077023,7.073099
1783945919343,15.080000,27.384472,9.289061,8.761004,18.623468,1.151644,1.329422,7.426787
1783945919363,15.100000,-13.889713,9.287916,8.755269,-22.644982,0.206563,0.395921,7.706541
1783945919383,15.120000,23.605675,9.312934,8.780442,14.825233,-0.420352,-0.220922,7.892990
1783945919403,15.140000,-14.010550,9.364969,8.837593,-22.848143,-0.387422,-0.179590,7.876856
1783945919423,15.160000,21.655071,9.444759,8.927634,12.727437,0.348778,0.563189,7.550306
1783945919443,15.180000,-6.493827,9.552919,9.051310,-15.545137,1.469031,1.688059,6.877117
1783945919463,15.200000,23.759842,9.689941,9.209194,14.550648,2.469536,2.691111,5.918966
1783945919483,15.220000,-3.201592,9.856193,9.401686,-12.603279,2.960361,3.182334,4.824111
1783945919503,15.240000,25.583782,10.051919,9.629007,15.954775,2.871527,3.091699,3.778046
1783945919523,15.260000,-13.950796,10.277236,9.891202,-23.841998,2.391072,2.607229,2.926512
1783945919543,15.280000,28.614693,10.532138,10.188136,18.426557,1.568504,1.778446,2.307116
1783945919563,15.300000,-5.884275,10.816496,10.519500,-16.403774,0.148449,0.350017,1.846037
1783945919583,15.320000,25.214811,11.130061,10.884811,14.330000,-1.979934,-1.788822,1.429877
1783945919603,15.340000,-7.772838,11.472465,11.283421,-19.056258,-4.313184,-4.134511,0.985079
1783945919623,15.360000,10.577776,11.843226,11.714517,-1.136741,-5.844648,-5.680268,0.486203
1783945919643,15.380000,-10.591630,12.241751,12.177134,-22.768764,-5.774898,-5.626509,-0.101766
1783945919663,15.400000,24.116404,12.667342,12.670159,11.446245,-4.139642,-4.008767,-0.844217
1783945919683,15.420000,-14.519028,13.119201,13.192344,-27.711372,-1.777830,-1.665795,-1.768425
1783945919703,15.440000,38.510530,13.596432,13.742315,24.768215,-0.002039,0.090044,-2.781015
1783945919723,15.460000,-0.404062,14.098052,14.318584,-14.722647,-0.010891,0.060355,-3.656733
1783945919743,15.480000,32.877895,14.622996,14.919560,17.958335,-1.991354,-1.941592,-4.117184
1783945919763,15.500000,-13.252281,15.170124,15.543564,-28.795845,-4.848338,-4.820465,-3.968795
1783945919783,15.520000,23.734440,15.738227,16.188842,7.545598,-6.997358,-6.991532,-3.240333
1783945919803,15.540000,-6.466528,16.326037,16.853576,-23.320104,-7.334855,-7.350992,-2.221113
1783945919823,15.560000,23.037000,16.932233,17.535901,5.501099,-5.604684,-5.642460,-1.325984
1783945919843,15.580000,1.502729,17.555450,18.233919,-16.731190,-2.358565,-2.417426,-0.868320
1783945919863,15.600000,39.236908,18.194287,18.945710,20.291198,1.282505,1.203330,-0.905534
1783945919883,15.620000,11.199591,18.847315,19.669346,-8.469755,4.217818,4.119309,-1.233249
1783945919903,15.640000,48.450580,19.513087,20.402907,28.047673,6.030297,5.913619,-1.497065
1783945919923,15.660000,3.128049,20.190140,21.144490,-18.016441,7.149515,7.016000,-1.364369
1783945919943,15.680000,48.634320,20.877012,21.892219,26.742101,8.265194,8.116316,-0.695747
1783945919963,15.700000,15.197698,21.572240,22.644263,-7.446565,9.593342,9.430690,0.383271
1783945919983,15.720000,51.105743,22.274375,23.398836,27.706907,10.769412,10.594652,1.570182
1783945920003,15.740000,24.293722,22.981983,24.154214,0.139508,11.205441,11.020291,2.562098
1783945920023,15.760000,53.116280,23.693653,24.908737,28.207543,10.514870,10.321077,3.185916
1783945920043,15.780000,14.844711,24.408005,25.660819,-10.816108,8.733497,8.532832,3.402846
1783945920063,15.800000,49.618958,25.123692,26.408952,23.210006,6.070981,5.865258,3.223678
1783945920083,15.820000,14.158752,25.839405,27.151709,-12.992957,2.577551,2.368671,2.634791
1783945920103,15.840000,53.761840,26.553880,27.887751,25.874089,-1.658475,-1.868487,1.603698
1783945920123,15.860000,4.861849,27.265899,28.615822,-23.753973,-5.926986,-6.135977,0.146098
1783945920143,15.880000,34.490143,27.974292,29.332807,5.157336,-8.813365,-9.019151,-1.643570
1783945920163,15.900000,-1.574777,28.677943,30.039364,-31.614140,-9.072565,-9.273076,-3.647259
1783945920183,15.920000,43.518140,29.375791,30.734532,12.783608,-6.615833,-6.809229,-5.776253
1783945920203,15.940000,9.933661,30.066828,31.417446,-21.483785,-2.633436,-2.818142,-7.922310
1783945920223,15.960000,57.192940,30.750108,32.087328,25.105612,1.063896,0.889206,-9.849840
1783945920243,15.980000,25.025211,31.424740,32.743488,-7.718277,3.004314,2.840759,-11.168346
1783945920263,16.000000,52.522945,32.089894,33.385325,19.137620,2.868002,2.716520,-11.456141
1783945920283,16.020000,15.034257,32.744800,34.012316,-18.978059,1.499103,1.360471,-10.475265
1783945920303,16.040000,50.728127,33.388745,34.624019,16.104108,0.089051,-0.036108,-8.340594
1783945920323,16.060000,14.336454,34.021077,35.220067,-20.883613,-0.614415,-0.725633,-5.519493
1783945920343,16.080000,52.965397,34.641201,35.800163,17.165234,-0.572681,-0.669645,-2.644119
1783945920363,16.100000,22.079432,35.248580,36.364077,-14.284645,-0.263096,-0.345645,-0.251115
1783945920383,16.120000,51.947790,35.842732,36.911642,15.036148,-0.221317,-0.289438,1.392131
1783945920403,16.140000,22.927360,36.423231,37.442749,-14.515389,-0.686186,-0.740006,2.299030
1783945920423,16.160000,51.576942,36.989701,37.957343,13.619599,-1.512467,-1.552243,2.654883
1783945920443,16.180000,21.477697,37.541818,38.455417,-16.977720,-2.218900,-2.245006,2.680065
1783945920463,16.200000,44.666306,38.079308,38.937010,5.729296,-2.220414,-2.233328,2.536381
1783945920483,16.220000,18.276110,38.601939,39.402201,-21.126091,-1.351523,-1.351815,2.294287
1783945920503,16.240000,59.291970,39.109528,39.851108,19.440862,-0.234442,-0.222759,1.958238
1783945920523,16.260000,29.274498,39.601930,40.283878,-11.009380,0.192324,0.215266,1.546752
1783945920543,16.280000,57.555515,40.079041,40.700689,16.854826,-0.344944,-0.311509,1.168321
1783945920563,16.300000,18.449703,40.540793,41.101746,-22.652043,-1.104077,-1.060957,0.995514
1783945920583,16.320000,50.383020,40.987152,41.487272,8.895748,-1.011411,-0.959443,1.129396
1783945920603,16.340000,22.118380,41.418117,41.857512,-19.739132,0.335049,0.395010,1.488626
1783945920623,16.360000,63.079914,41.833714,42.212727,20.867187,2.298465,2.365555,1.858475
1783945920643,16.380000,27.339195,42.233997,42.553187,-15.213992,3.685878,3.759237,2.064299
1783945920663,16.400000,66.831436,42.619045,42.879177,23.952259,3.491271,3.570047,2.101347
1783945920683,16.420000,29.284454,42.988957,43.190988,-13.906534,1.442337,1.525697,2.111787
1783945920703,16.440000,57.346620,43.343855,43.488917,13.857703,-1.750176,-1.663043,2.249037
1783945920723,16.460000,16.893974,43.683876,43.773265,-26.879291,-4.676617,-4.586491,2.541220
1783945920743,16.480000,49.602734,44.009176,44.044335,5.558399,-6.048120,-5.955745,2.838517
1783945920763,16.500000,20.355263,44.319922,44.302431,-23.947168,-5.464856,-5.370942,2.876581
1783945920783,16.520000,59.691800,44.616295,44.547859,15.143941,-3.523486,-3.428701,2.436061
1783945920803,16.540000,28.426670,44.898488,44.780918,-16.354248,-1.251741,-1.156710,1.507242
1783945920823,16.560000,62.586555,45.166702,45.001910,17.584645,0.569253,0.663945,0.337004
1783945920843,16.580000,24.993137,45.421149,45.211130,-20.217993,1.627528,1.721340,-0.688927
1783945920863,16.600000,63.176132,45.662047,45.408872,17.767260,1.796709,1.889145,-1.247877
1783945920883,16.620000,34.654274,45.889623,45.595425,-10.941151,0.920237,1.010842,-1.219434
1783945920903,16.640000,59.044567,46.104110,45.771074,13.273493,-0.929688,-0.841331,-0.683945
1783945920923,16.660000,26.750170,46.305747,45.936099,-19.185929,-3.217562,-3.131828,0.161133
1783945920943,16.680000,56.734108,46.494782,46.090779,10.643329,-5.160878,-5.078104,1.071141
1783945920963,16.700000,22.685440,46.671465,46.235387,-23.549947,-6.071576,-5.992067,1.793771
1783945920983,16.720000,52.030685,46.836057,46.370193,5.660492,-5.644784,-5.568809,2.116960
1783945921003,16.740000,31.053524,46.988823,46.495464,-15.441940,-4.182935,-4.110732,1.934362
1783945921023,16.760000,64.538536,47.130036,46.611465,17.927071,-2.368130,-2.299906,1.299881
1783945921043,16.780000,25.430332,47.259976,46.718461,-21.288129,-0.691593,-0.627528,0.432328
1783945921063,16.800000,64.959520,47.378932,46.816713,18.142807,0.664026,0.723780,-0.363380
1783945921083,16.820000,35.661835,47.487201,46.906485,-11.244650,1.565783,1.621100,-0.829504
1783945921103,16.840000,65.468810,47.585089,46.988040,18.480770,1.991319,2.042098,-0.848149
1783945921123,16.860000,35.150505,47.672913,47.061643,-11.911138,2.227777,2.273944,-0.441979
1783945921143,16.880000,65.218080,47.750999,47.127561,18.090519,2.774403,2.815905,0.270916
1783945921163,16.900000,38.162380,47.819683,47.186062,-9.023682,4.093748,4.130558,1.115346
1783945921183,16.920000,71.321090,47.879311,47.237421,24.083669,6.470928,6.503044,1.903790
1783945921203,16.940000,32.722750,47.930241,47.281914,-14.559164,9.862605,9.890049,2.493377
1783945921223,16.960000,78.768060,47.972840,47.319822,31.448238,13.505570,13.528391,2.816357
1783945921243,16.980000,54.377472,48.007484,47.351429,7.026043,15.850639,15.868910,2.885101
1783945921263,17.000000,82.165790,48.034560,47.377025,34.788765,15.422107,15.435929,2.799880
1783945921283,17.020000,43.497650,48.054459,47.396903,-3.899253,11.773753,11.783250,2.724075
1783945921303,17.040000,72.407936,48.067582,47.411361,24.996575,5.608210,5.613533,2.775458
1783945921323,17.060000,28.455196,48.074333,47.420697,-18.965501,-1.629955,-1.628639,2.888956
1783945921343,17.080000,56.710033,48.075121,47.425214,9.284819,-8.222865,-8.225374,2.784572
1783945921363,17.100000,15.694908,48.070355,47.425216,-31.730308,-12.681967,-12.688108,2.087605
1783945921383,17.120000,51.999466,48.060444,47.421006,4.578460,-14.181570,-14.191140,0.516610
1783945921403,17.140000,13.929988,48.045797,47.413041,-33.483053,-12.764249,-12.777032,-1.964177
1783945921423,17.160000,58.913690,48.026817,47.401449,11.512241,-9.306950,-9.322701,-5.082770
1783945921443,17.180000,26.546392,48.003903,47.386532,-20.840140,-5.197564,-5.216012,-8.301806
1783945921463,17.200000,65.371950,47.977445,47.368584,18.003366,-1.757810,-1.778660,-10.950328
1783945921483,17.220000,34.549880,47.947826,47.347896,-12.798016,0.277321,0.254381,-12.408277
1783945921503,17.240000,65.067180,47.915420,47.324756,17.742424,0.994726,0.970014,-12.289787
1783945921523,17.260000,26.140663,47.880587,47.299441,-21.158778,1.093559,1.067395,-10.568716
1783945921543,17.280000,63.202076,47.843677,47.272223,15.929853,1.206547,1.179245,-7.598041
1783945921563,17.300000,38.070805,47.805026,47.243366,-9.172561,1.406255,1.378126,-3.993618
1783945921583,17.320000,66.865660,47.764956,47.213123,19.652537,1.515921,1.487264,-0.411275
1783945921603,17.340000,28.575136,47.723773,47.181739,-18.606603,1.627474,1.598579,2.662760
1783945921623,17.360000,63.333780,47.681768,47.149449,16.184331,1.946786,1.917930,4.978864
1783945921643,17.380000,38.627520,47.639217,47.116475,-8.488955,2.374995,2.346440,6.461257
1783945921663,17.400000,59.976204,47.596378,47.083029,12.893175,2.577280,2.549274,7.141244
1783945921683,17.420000,35.437386,47.553492,47.049311,-11.611925,2.203334,2.176102,7.137817
1783945921703,17.440000,66.984230,47.510783,47.015509,19.968721,0.955314,0.929063,6.636212
1783945921723,17.460000,36.667450,47.468458,46.981799,-10.314349,-1.077225,-1.102311,5.842365
1783945921743,17.480000,47.098175,47.426705,46.948342,0.149833,-3.135500,-3.159260,4.932486
1783945921763,17.500000,28.077797,47.385698,46.915289,-18.837492,-4.369216,-4.391516,3.998057
1783945921783,17.520000,61.646645,47.345590,46.882776,14.763869,-4.604703,-4.625432,3.018692
1783945921803,17.540000,24.471327,47.306521,46.850929,-22.379602,-4.200039,-4.219118,1.928103
1783945921823,17.560000,62.174023,47.268612,46.819859,15.354164,-3.525330,-3.542703,0.735980
1783945921843,17.580000,24.609201,47.231972,46.789665,-22.180464,-2.841446,-2.857087,-0.424245
1783945921863,17.600000,60.269173,47.196693,46.760437,13.508736,-2.402803,-2.416714,-1.368968
1783945921883,17.620000,33.360645,47.162855,46.732250,-13.371605,-2.464886,-2.477095,-1.962190
1783945921903,17.640000,66.576150,47.130524,46.705172,19.870978,-2.930242,-2.940805,-2.142626
1783945921923,17.660000,16.599756,47.099757,46.679259,-30.079503,-3.022548,-3.031546,-1.910372
1783945921943,17.680000,62.296417,47.070601,46.654559,15.641858,-1.835148,-1.842685,-1.341856
1783945921963,17.700000,25.753548,47.043092,46.631113,-20.877565,0.708681,0.702477,-0.610495
1783945921983,17.720000,73.821625,47.017261,46.608953,27.212672,3.672039,3.667024,0.070431
1783945922003,17.740000,40.672127,46.993132,46.588108,-5.915981,5.834202,5.830212,0.585631
1783945922023,17.760000,69.701355,46.970727,46.568599,23.132756,6.586354,6.583214,1.004526
1783945922043,17.780000,35.928880,46.950061,46.550445,-10.621565,6.177173,6.174690,1.501937
1783945922063,17.800000,66.000130,46.931148,46.533661,19.466469,5.230568,5.228532,2.178093
1783945922083,17.820000,34.511170,46.914003,46.518262,-12.007092,4.181184,4.179366,2.944970
1783945922103,17.840000,67.318375,46.898638,46.504260,20.814115,3.068199,3.066349,3.568104
1783945922123,17.860000,37.462180,46.885066,46.491666,-9.029486,1.741601,1.739453,3.811656
1783945922143,17.880000,56.928970,46.873303,46.480493,10.448477,0.184022,0.181315,3.558710
1783945922163,17.900000,32.971043,46.863365,46.470754,-13.499711,-1.517541,-1.521031,2.827110
1783945922183,17.920000,63.464950,46.855270,46.462462,17.002488,-3.313149,-3.317561,1.715056
1783945922203,17.940000,25.164257,46.849038,46.455633,-21.291376,-4.978524,-4.983866,0.355710
1783945922223,17.960000,59.921345,46.844691,46.450285,13.471060,-5.945234,-5.951385,-1.099166
1783945922243,17.980000,24.448357,46.842257,46.446435,-21.998078,-5.510372,-5.517161,-2.498020
1783945922263,18.000000,52.638332,46.841760,46.440371,6.197961,-3.257274,-3.264644,-3.722543
1783945922283,18.020000,31.871868,46.843232,46.439094,-14.567226,0.412384,0.404263,-4.702401
1783945922303,18.040000,76.201850,46.846703,46.439379,29.762471,4.215914,4.206709,-5.377392
1783945922323,18.060000,38.517060,46.852206,46.441252,-7.924192,6.850555,6.839914,-5.632336
1783945922343,18.080000,69.056870,46.859773,46.444739,22.612131,7.812688,7.800336,-5.293090
1783945922363,18.100000,39.637550,46.869440,46.449868,-6.812318,7.286109,7.271881,-4.238806
1783945922383,18.120000,67.497190,46.881239,46.456668,21.040522,5.674469,5.658292,-2.547935
1783945922403,18.140000,35.832226,46.895202,46.465168,-10.632942,3.404227,3.386093,-0.529972
1783945922423,18.160000,67.940810,46.911357,46.475396,21.465414,0.942672,0.922615,1.390796
1783945922443,18.180000,19.459240,46.929732,46.487380,-27.028140,-1.224174,-1.246098,2.828066
1783945922463,18.200000,67.600930,46.950346,46.501146,21.099784,-2.891053,-2.914766,3.521010
1783945922483,18.220000,28.147896,46.973215,46.516715,-18.368819,-4.248304,-4.273709,3.370150
1783945922503,18.240000,52.346874,46.998347,46.534109,5.812765,-5.505805,-5.532782,2.454799
1783945922523,18.260000,30.121685,47.025743,46.553340,-16.431655,-6.729806,-6.758209,1.008788
1783945922543,18.280000,54.282948,47.055391,46.574418,7.708530,-7.902585,-7.932239,-0.656944
1783945922563,18.300000,20.640936,47.087273,46.597346,-25.956410,-8.806171,-8.836871,-2.247685
1783945922583,18.320000,60.271114,47.121357,46.622119,13.648995,-9.013171,-9.044684,-3.542455
1783945922603,18.340000,14.544101,47.157599,46.648724,-32.104623,-8.017526,-8.049593,-4.408474
1783945922623,18.360000,56.094696,47.195943,46.677140,9.417556,-5.545731,-5.578065,-4.802764
1783945922643,18.380000,31.975647,47.236317,46.707335,-14.731688,-1.965747,-1.998036,-4.752667
1783945922663,18.400000,64.945015,47.278637,46.739268,18.205747,1.871213,1.839303,-4.298947
1783945922683,18.420000,36.416447,47.322803,46.772887,-10.356440,5.203709,5.172537,-3.439280
1783945922703,18.440000,73.471886,47.368700,46.808130,26.663756,7.665103,7.635047,-2.130370
1783945922723,18.460000,39.463943,47.416198,46.844924,-7.380981,9.352222,9.323678,-0.360028
1783945922743,18.480000,68.180115,47.465149,46.883184,21.296931,10.689307,10.662688,1.770895
1783945922763,18.500000,46.329400,47.515390,46.922813,-0.593413,12.008445,11.984176,4.026741
1783945922783,18.520000,69.983870,47.566740,46.963704,23.020166,13.253610,13.232126,6.091479
1783945922803,18.540000,47.548440,47.619001,47.005735,0.542705,13.996306,13.978047,7.667683
1783945922823,18.560000,78.589570,47.671953,47.048774,31.540796,13.640731,13.626135,8.569712
1783945922843,18.580000,49.980957,47.725361,47.092673,2.888284,11.921374,11.910872,8.766001
1783945922863,18.600000,61.661224,47.778968,47.137275,14.523949,9.299645,9.293656,8.346374
1783945922883,18.620000,32.953460,47.832496,47.182403,-14.228943,6.470286,6.469208,7.421313
1783945922903,18.640000,64.878044,47.885645,47.227870,17.650174,3.395337,3.399537,6.023187
1783945922923,18.660000,36.601078,47.938094,47.273469,-10.672391,-0.786014,-0.776204,4.119105
1783945922943,18.680000,65.513740,47.989498,47.318979,18.194761,-6.695858,-6.680153,1.743013
1783945922963,18.700000,6.997332,48.039492,47.364160,-40.366829,-13.726460,-13.704627,-0.912560
1783945922983,18.720000,41.976982,48.087687,47.408756,-5.431774,-20.354340,-20.326209,-3.587458
1783945923003,18.740000,5.329838,48.133672,47.452488,-42.122650,-25.254883,-25.220352,-6.130273
1783945923023,18.760000,52.739320,48.177017,47.495061,5.244259,-27.561993,-27.521032,-8.528955
1783945923043,18.780000,-21.177399,48.217272,47.536161,-68.713560,-26.404879,-26.357535,-10.762940
1783945923063,18.800000,44.296017,48.253972,47.575451,-3.279434,-21.500091,-21.446490,-12.690412
1783945923083,18.820000,24.495693,48.286635,47.612579,-23.116886,-14.197103,-14.137453,-14.075577
1783945923103,18.840000,61.582306,48.314773,47.647174,13.935132,-6.769402,-6.703999,-14.621718
1783945923123,18.860000,34.560993,48.337888,47.678846,-13.117853,-0.739439,-0.668678,-13.957608
1783945923143,18.880000,62.033714,48.355481,47.707166,14.326548,3.658925,3.734548,-11.727020
1783945923163,18.900000,41.632664,48.367054,47.731862,-6.099198,6.890204,6.970082,-7.832728
1783945923183,18.920000,67.086990,48.372117,47.752524,19.334466,9.395168,9.478594,-2.618385
1783945923203,18.940000,45.944870,48.370190,47.768734,-1.823864,11.198150,11.284332,3.201959
1783945923223,18.960000,76.826430,48.360812,47.780071,29.046359,11.899148,11.987224,8.793526
1783945923243,18.980000,45.626870,48.343540,47.786112,-2.159242,11.022821,11.111886,13.448502
1783945923263,19.000000,76.632510,48.317958,47.786439,28.846071,8.462611,8.551723,16.718782
1783945923283,19.020000,38.510560,48.283683,47.780639,-9.270079,4.735100,4.823304,18.420288
1783945923303,19.040000,66.356750,48.240363,47.768312,18.588438,0.938810,1.025148,18.557652
1783945923323,19.060000,27.086407,48.187685,47.749069,-20.662662,-1.655362,-1.571836,17.237627
1783945923343,19.080000,60.854446,48.125380,47.722541,13.131905,-2.247961,-2.168167,14.624261
1783945923363,19.100000,32.620464,48.053221,47.688381,-15.067917,-0.956116,-0.880934,10.953372
1783945923383,19.120000,71.052920,47.971031,47.646265,23.406655,1.352752,1.422496,6.586688
1783945923403,19.140000,36.283050,47.878683,47.595901,-11.312851,3.697594,3.761143,2.040179
1783945923423,19.160000,73.590720,47.776099,47.537027,26.053693,5.489318,5.545994,-2.084177
1783945923443,19.180000,40.308216,47.663258,47.469417,-7.161201,6.657893,6.707108,-5.256485
1783945923463,19.200000,68.022180,47.540190,47.392884,20.629296,7.512079,7.553345,-7.177818
1783945923483,19.220000,43.904840,47.406980,47.307284,-3.402444,8.387838,8.420775,-7.849106
1783945923503,19.240000,67.999110,47.263766,47.212514,20.786596,9.320539,9.344879,-7.523240
1783945923523,19.260000,52.693478,47.110740,47.108520,5.584958,10.043376,10.058966,-6.577043
1783945923543,19.280000,69.235070,46.948144,46.995294,22.239776,10.319532,10.326335,-5.367405
1783945923563,19.300000,37.865570,46.776272,46.872876,-9.007306,10.103240,10.101333,-4.151065
1783945923583,19.320000,74.515020,46.595462,46.741357,27.773663,9.180258,9.169829,-3.099908
1783945923603,19.340000,39.724450,46.406099,46.600879,-6.876429,7.006256,6.987598,-2.341842
1783945923623,19.360000,74.488570,46.208606,46.451629,28.036941,3.263771,3.237273,-1.953185
1783945923643,19.380000,36.475075,46.003446,46.293845,-9.818770,-1.364662,-1.398524,-1.921897
1783945923663,19.400000,33.323940,45.791113,46.127811,-12.803871,-5.196838,-5.237512,-2.177338
1783945923683,19.420000,23.282736,45.572132,45.953853,-22.671117,-7.016212,-7.063082,-2.710815
1783945923703,19.440000,58.870136,45.347052,45.772340,13.097796,-7.462146,-7.514543,-3.627594
1783945923723,19.460000,30.035633,45.116443,45.583679,-15.548046,-8.271725,-8.328944,-4.994501
1783945923743,19.480000,50.513920,44.880892,45.388310,5.125610,-10.449261,-10.510571,-6.621645
1783945923763,19.500000,16.161360,44.640997,45.186704,-29.025344,-13.533068,-13.597726,-8.060883
1783945923783,19.520000,36.531600,44.397367,44.979361,-8.447761,-16.177071,-16.244335,-8.876157
1783945923803,19.540000,11.016461,44.150613,44.766802,-33.750341,-17.167670,-17.236810,-8.915486
1783945923823,19.560000,43.488730,43.901350,44.549565,-1.060835,-16.053015,-16.123322,-8.331215
1783945923843,19.580000,16.692389,43.650190,44.328207,-27.635818,-13.044562,-13.115358,-7.381397
1783945923863,19.600000,46.158930,43.397742,44.103294,2.055636,-8.641414,-8.712061,-6.219489
1783945923883,19.620000,23.962970,43.144608,43.875398,-19.912428,-3.530849,-3.600753,-4.827517
1783945923903,19.640000,57.640390,42.891382,43.645099,13.995291,1.361636,1.293017,-3.089797
1783945923923,19.660000,38.243393,42.638646,43.412976,-5.169583,5.095484,5.028640,-0.899060
1783945923943,19.680000,63.433388,42.386973,43.179608,20.253780,7.219497,7.154861,1.780756
1783945923963,19.700000,33.962173,42.136921,42.945571,-8.983398,8.050464,7.988412,4.877572
1783945923983,19.720000,61.806538,41.889035,42.711434,19.095104,8.360812,8.301662,8.171880
1783945924003,19.740000,31.406448,41.643843,42.477760,-11.071312,8.765925,8.709935,11.290662
1783945924023,19.760000,62.713463,41.401859,42.245102,20.468361,9.268530,9.215905,13.784446
1783945924043,19.780000,40.546394,41.163579,42.014004,-1.467610,9.257609,9.208496,15.275910
1783945924063,19.800000,62.822075,40.929481,41.784996,21.037079,8.048040,8.002535,15.598834
1783945924083,19.820000,31.019070,40.700026,41.558594,-10.539524,5.448731,5.406880,14.833737
1783945924103,19.840000,59.279690,40.475653,41.335302,17.944388,1.860171,1.821972,13.218808
1783945924123,19.860000,20.165329,40.256784,41.115603,-20.950274,-1.901451,-1.936043,11.010228
1783945924143,19.880000,49.560640,40.043817,40.899965,8.660675,-4.881625,-4.912696,8.391170
1783945924163,19.900000,16.568111,39.837132,40.688836,-24.120725,-6.366495,-6.394167,5.471325
1783945924183,19.920000,48.203743,39.637083,40.482645,7.721098,-6.133053,-6.157482,2.347010
1783945924203,19.940000,17.297920,39.444005,40.281797,-22.983877,-4.485740,-4.507108,-0.831350
1783945924223,19.960000,54.129898,39.258207,40.086676,14.043222,-2.168672,-2.187185,-3.825646
1783945924243,19.980000,21.319311,39.079977,39.897643,-18.578332,-0.143498,-0.159378,-6.333147
1783945924263,20.000000,58.719315,38.909578,39.715034,19.004281,0.728580,0.715097,-8.057390
1783945924283,20.020000,29.914190,38.747248,39.539160,-9.624970,0.104766,0.093440,-8.789851
1783945924303,20.040000,49.136486,38.593205,39.370308,9.766178,-1.437260,-1.446670,-8.474144
1783945924323,20.060000,16.859348,38.447638,39.208738,-22.349390,-2.604970,-2.612703,-7.250756
1783945924343,20.080000,45.589054,38.310716,39.054686,6.534368,-2.337528,-2.343820,-5.465855
1783945924363,20.100000,23.757530,38.182582,38.908361,-15.150831,-0.611005,-0.616090,-3.594014
1783945924383,20.120000,60.102104,38.063356,38.769948,21.332156,1.671118,1.667005,-2.056780
1783945924403,20.140000,29.643398,37.953133,38.639661,-8.996263,3.534714,3.531338,-1.031224
1783945924423,20.160000,53.328810,37.851987,38.517670,14.811140,4.618672,4.615801,-0.406301
1783945924443,20.180000,30.281776,37.759966,38.404079,-8.122303,5.070512,5.067929,0.069726
1783945924463,20.200000,62.377144,37.677095,38.298969,24.078175,5.210068,5.207580,0.590481
1783945924483,20.220000,20.862090,37.603377,38.202398,-17.340308,5.482594,5.480042,1.199254
1783945924503,20.240000,56.347160,37.538791,38.114398,18.232762,6.177029,6.174292,1.812951
1783945924523,20.260000,31.277458,37.483291,38.034979,-6.757521,6.903486,6.900485,2.286655
1783945924543,20.280000,58.832283,37.436810,37.964127,20.868156,6.670323,6.667019,2.488127
1783945924563,20.300000,27.694801,37.399255,37.901808,-10.207007,4.489337,4.485731,2.370723
1783945924583,20.320000,59.368060,37.370511,37.847963,21.520097,-0.076746,-0.080616,1.994365
1783945924603,20.340000,20.234356,37.350438,37.802512,-17.568156,-6.413735,-6.417794,1.466435
1783945924623,20.360000,34.420105,37.338873,37.765354,-3.345249,-12.673575,-12.677713,0.846946
1783945924643,20.380000,2.211437,37.335627,37.736364,-35.524927,-16.521391,-16.525469,0.078814
1783945924663,20.400000,30.975485,37.340490,37.715399,-6.739914,-16.420206,-16.424053,-1.007744
1783945924683,20.420000,8.532367,37.353227,37.702292,-29.169925,-12.417315,-12.420735,-2.578052
1783945924703,20.440000,50.363937,37.373579,37.696856,12.667081,-6.005206,-6.007981,-4.599402
1783945924723,20.460000,24.450918,37.401267,37.698885,-13.247967,0.722432,0.720544,-6.710895
1783945924743,20.480000,58.036130,37.435988,37.708153,20.327977,5.987761,5.987017,-8.288868
1783945924763,20.500000,37.971790,37.477418,37.724413,0.247377,8.835550,8.836220,-8.692790
1783945924783,20.520000,62.284603,37.525214,37.747403,24.537200,9.395572,9.397938,-7.541222
1783945924803,20.540000,21.725147,37.579013,37.776843,-16.051696,8.768997,8.773346,-4.879185
1783945924823,20.560000,58.192425,37.638433,37.812436,20.379989,8.129495,8.136113,-1.190928
1783945924843,20.580000,32.213696,37.703077,37.853871,-5.640175,7.811905,7.821076,2.742984
1783945924863,20.600000,59.435570,37.772530,37.900824,21.534746,7.392652,7.404648,6.115199
1783945924883,20.620000,31.976637,37.846361,37.952956,-5.976319,6.338690,6.353766,8.370593
1783945924903,20.640000,59.924374,37.924127,38.009916,21.914458,4.494438,4.512829,9.334152
1783945924923,20.660000,19.428308,38.005368,38.071343,-18.643035,2.236578,2.258491,9.135980
1783945924943,20.680000,48.952390,38.089614,38.136862,10.815528,0.112177,0.137791,8.032981
1783945924963,20.700000,24.241982,38.176383,38.206092,-13.964110,-1.733220,-1.703751,6.268906
1783945924983,20.720000,48.131916,38.265181,38.278638,9.853278,-3.564649,-3.531204,4.046471
1783945925003,20.740000,17.561737,38.355507,38.354097,-20.792360,-5.627219,-5.589708,1.576854
1783945925023,20.760000,46.914986,38.446849,38.432056,8.482930,-7.899375,-7.857759,-0.890921
1783945925043,20.780000,15.175673,38.538691,38.512094,-23.336421,-10.001297,-9.955617,-3.108993
1783945925063,20.800000,42.202763,38.630509,38.593782,3.608981,-11.133400,-11.083821,-4.892690
1783945925083,20.820000,5.181958,38.721780,38.676681,-33.494723,-10.354852,-10.301713,-6.153780
1783945925103,20.840000,42.953426,38.811974,38.760345,4.193081,-7.317445,-7.261277,-6.902504
1783945925123,20.860000,25.695763,38.900567,38.844322,-13.148559,-2.767292,-2.708769,-7.206000
1783945925143,20.880000,57.376774,38.987036,38.928155,18.448619,1.909271,1.969505,-7.091382
1783945925163,20.900000,28.382023,39.070862,39.011379,-10.629356,5.563338,5.624979,-6.469444
1783945925183,20.920000,58.937790,39.151538,39.093528,19.844262,7.579330,7.642804,-5.185548
1783945925203,20.940000,38.398796,39.228564,39.174134,-0.775338,7.722184,7.788932,-3.175425
1783945925223,20.960000,62.537760,39.301456,39.252727,23.285033,6.264784,6.337107,-0.575897
1783945925243,20.980000,19.380896,39.369747,39.328841,-19.947945,4.118153,4.198208,2.287609
1783945925263,21.000000,55.533623,39.432986,39.364715,16.168908,2.206388,2.294532,4.971430
1783945925283,21.020000,26.907850,39.490748,39.435315,-12.527465,0.683337,0.777280,6.999338
1783945925303,21.040000,56.965960,39.542629,39.502116,17.463844,-0.936464,-0.840707,7.996092
1783945925323,21.060000,19.143583,39.588253,39.564673,-20.421090,-3.117485,-3.023882,7.833088
1783945925343,21.080000,55.979610,39.627275,39.622552,16.357058,-5.950441,-5.861946,6.665152
1783945925363,21.100000,20.002176,39.659380,39.675335,-19.673159,-8.966390,-8.884812,4.825769
1783945925383,21.120000,37.242325,39.684289,39.722619,-2.480294,-11.056663,-10.982976,2.676862
1783945925403,21.140000,12.482755,39.701759,39.764022,-27.281267,-11.061916,-10.996660,0.496262
1783945925423,21.160000,44.596825,39.711586,39.799182,4.797643,-8.703148,-8.646739,-1.564032
1783945925443,21.180000,23.369675,39.713608,39.827765,-16.458090,-4.830434,-4.783318,-3.424715
1783945925463,21.200000,57.401610,39.707705,39.849461,17.552149,-0.874189,-0.836883,-4.961357
1783945925483,21.220000,31.166557,39.693803,39.863995,-8.697438,1.930688,1.957634,-5.937017
1783945925503,21.240000,60.195755,39.671874,39.871122,20.324633,3.090515,3.106576,-6.073925
1783945925523,21.260000,29.596400,39.641939,39.870638,-10.274238,2.956304,2.961034,-5.215281
1783945925543,21.280000,56.397587,39.604065,39.862378,16.535209,2.422174,2.415238,-3.453093
1783945925563,21.300000,27.519829,39.558372,39.846220,-12.326391,2.416547,2.397742,-1.138761
1783945925583,21.320000,60.652670,39.505028,39.822089,20.830581,3.485170,3.454429,1.230168
1783945925603,21.340000,32.820007,39.444250,39.789960,-6.969953,5.706667,5.664053,3.189067
1783945925623,21.360000,58.730328,39.376305,39.749859,18.980469,8.760717,8.706425,4.456309
1783945925643,21.380000,40.293816,39.301505,39.701864,0.591952,11.847750,11.782099,4.981628
1783945925663,21.400000,73.434820,39.220211,39.646108,33.788712,13.797460,13.720891,4.903185
1783945925683,21.420000,43.063300,39.132825,39.582781,3.480519,13.719111,13.632183,4.472276
1783945925703,21.440000,63.605010,39.039790,39.512126,24.092884,11.580775,11.484160,3.962419
1783945925723,21.460000,31.801092,38.941586,39.434441,-7.633349,8.035474,7.929949,3.548531
1783945925743,21.480000,60.694363,38.838727,39.350079,21.344284,3.861376,3.747816,3.206533
1783945925763,21.500000,28.778214,38.731754,39.259441,-10.481227,-0.210380,-0.331011,2.733050
1783945925783,21.520000,47.497395,38.621233,39.162978,8.334417,-3.328204,-3.454864,1.885827
1783945925803,21.540000,13.770494,38.507749,39.061185,-25.290691,-4.741719,-4.873303,0.518351
1783945925823,21.560000,55.274292,38.391900,38.954595,16.319697,-4.379842,-4.515189,-1.373592
1783945925843,21.580000,19.736801,38.274291,38.843776,-19.106975,-2.890376,-3.028285,-3.646107
1783945925863,21.600000,47.906270,38.155529,38.729326,9.176944,-1.182399,-1.321640,-6.004440
1783945925883,21.620000,25.868500,38.036217,38.611862,-12.743362,-0.245097,-0.384421,-8.051988
1783945925903,21.640000,59.602566,37.916948,38.492020,21.110546,-0.925447,-1.063597,-9.405412
1783945925923,21.660000,18.688246,37.798299,38.370443,-19.682197,-3.249438,-3.385160,-9.806750
1783945925943,21.680000,45.526250,37.680824,38.247778,7.278472,-6.121873,-6.253927,-9.191403
1783945925963,21.700000,5.900593,37.565052,38.124668,-32.224075,-8.005499,-8.132669,-7.730855
1783945925983,21.720000,40.818977,37.451476,38.001741,2.817236,-8.006169,-8.127270,-5.824802
1783945926003,21.740000,22.519760,37.340554,37.879612,-15.359852,-6.374666,-6.488555,-3.966136
1783945926023,21.760000,46.220720,37.232699,37.758868,8.461852,-3.968676,-4.074255,-2.505488
1783945926043,21.780000,14.949327,37.128277,37.640067,-22.690740,-1.524065,-1.620285,-1.492957
1783945926063,21.800000,53.549427,37.027602,37.523731,16.025696,0.366126,0.280273,-0.728228
1783945926083,21.820000,28.353333,36.930934,37.410341,-9.057008,1.212921,1.138407,0.058466
1783945926103,21.840000,45.728725,36.838472,37.300329,8.428396,1.054875,0.992641,1.061233
1783945926123,21.860000,21.013227,36.750357,37.194079,-16.180852,0.520003,0.470956,2.339392
1783945926143,21.880000,45.536766,36.666662,37.091490,8.445276,0.243307,0.208292,3.796361
1783945926163,21.900000,24.067970,36.587396,36.993265,-12.925295,0.428891,0.408659,5.201102
1783945926183,21.920000,46.609390,36.512500,36.899618,9.709772,0.905733,0.900911,6.289834
1783945926203,21.940000,22.515080,36.441847,36.810698,-14.295618,1.326782,1.337871,6.893396
1783945926223,21.960000,54.865930,36.375239,36.726590,18.139340,1.352628,1.380002,6.993859
1783945926243,21.980000,18.516449,36.312409,36.647313,-18.130864,0.933200,0.977115,6.696234
1783945926263,22.000000,42.589172,36.253024,36.572817,6.016355,0.320961,0.381552,6.151605
1783945926283,22.020000,23.491220,36.196677,36.502987,-13.011767,-0.389694,-0.312412,5.472561
1783945926303,22.040000,48.166485,36.142900,36.437636,11.728849,-1.419448,-1.325590,4.699636
1783945926323,22.060000,16.616627,36.091155,36.376510,-19.759883,-2.885990,-2.775807,3.842027
1783945926343,22.080000,43.712116,36.040844,36.319286,7.392830,-4.561968,-4.435861,2.930547
1783945926363,22.100000,14.950101,35.991309,36.265572,-21.315471,-6.018997,-5.877518,2.013425
1783945926383,22.120000,39.898502,35.941834,36.214907,3.683595,-6.790063,-6.633927,1.117838
1783945926403,22.140000,13.521143,35.891650,36.166765,-22.645622,-6.510433,-6.340519,0.243190
1783945926423,22.160000,43.142864,35.839939,36.120551,7.022313,-5.071047,-4.888404,-0.607322
1783945926443,22.180000,15.304653,35.785841,36.075609,-20.770956,-2.685929,-2.491771,-1.394822
1783945926463,22.200000,50.725520,35.728453,36.031218,14.694302,0.131276,0.335570,-2.033684
1783945926483,22.220000,23.102243,35.666839,35.986594,-12.884351,2.723773,2.936657,-2.402346
1783945926503,22.240000,56.063010,35.600035,35.940898,20.122112,4.589713,4.809489,-2.374859
1783945926523,22.260000,25.003231,35.527054,35.893234,-10.890003,5.614932,5.839754,-1.868706
1783945926543,22.280000,53.539383,35.446891,35.842651,17.696732,6.035418,6.263306,-0.897684
1783945926563,22.300000,25.931187,35.358530,35.788153,-9.856966,6.161755,6.390607,0.395775
1783945926583,22.320000,56.361970,35.260951,35.728693,20.633277,6.156781,6.384390,1.763654
1783945926603,22.340000,25.644062,35.153133,35.663187,-10.019125,6.051247,6.275320,2.932121
1783945926623,22.360000,54.304850,35.034064,35.590511,18.714339,5.815523,6.033703,3.689282
1783945926643,22.380000,25.474903,34.902744,35.509510,-10.034607,5.335070,5.544958,3.929243
1783945926663,22.400000,54.192482,34.758192,35.419001,18.773481,4.413742,4.612924,3.647018
1783945926683,22.420000,27.283665,34.599453,35.317779,-8.034114,2.945121,3.131193,2.915534
1783945926703,22.440000,46.567356,34.425599,35.204622,11.362734,1.131029,1.301629,1.860051
1783945926723,22.460000,20.648733,34.235742,35.078299,-14.429566,-0.574206,-0.421374,0.617964
1783945926743,22.480000,44.099335,34.029031,34.937575,9.161760,-1.788543,-1.655675,-0.707322
1783945926763,22.500000,21.605862,33.804663,34.781218,-13.175356,-2.396693,-2.285851,-2.059111
1783945926783,22.520000,45.041077,33.561887,34.608007,10.433070,-2.438874,-2.351961,-3.390278
1783945926803,22.540000,14.940114,33.300006,34.416736,-19.476622,-1.987052,-1.925778,-4.619909
1783945926823,22.560000,44.466614,33.018383,34.206229,10.260385,-1.311461,-1.277315,-5.638824
1783945926843,22.580000,20.393328,32.716448,33.975342,-13.582014,-1.058720,-1.052938,-6.350366
1783945926863,22.600000,55.920513,32.393698,33.722976,22.197537,-1.870094,-1.893636,-6.685578
1783945926883,22.620000,16.297503,32.049701,33.448081,-17.150578,-3.546724,-3.600247,-6.583565
1783945926903,22.640000,33.474080,31.684105,33.149672,0.324408,-4.830062,-4.913900,-6.009884
1783945926923,22.660000,8.060274,31.296636,32.826834,-24.766560,-4.462853,-4.576998,-5.046501
1783945926943,22.680000,47.539270,30.887101,32.478735,15.060535,-2.410861,-2.554950,-3.939785
1783945926963,22.700000,22.668352,30.455397,32.104630,-9.436278,0.221319,0.048019,-2.980012
1783945926983,22.720000,52.834976,30.001505,31.703881,21.131095,2.298496,2.097087,-2.285596
1783945927003,22.740000,16.955132,29.525499,31.275956,-14.320824,3.445061,3.217020,-1.718363
1783945927023,22.760000,43.734283,29.027546,30.820446,12.913837,3.828806,3.575975,-1.032650
1783945927043,22.780000,23.724644,28.507906,30.337073,-6.612429,3.469334,3.193915,-0.102100
1783945927063,22.800000,44.899357,27.966935,29.825697,15.073660,2.061241,1.765776,0.995186
1783945927083,22.820000,13.972137,27.405086,29.286326,-15.314189,-0.677091,-0.989738,2.061706
1783945927103,22.840000,40.663414,26.822907,28.719121,11.944293,-4.779255,-5.105930,2.898498
1783945927123,22.860000,11.122046,26.221045,28.124409,-17.002363,-9.851571,-10.188858,3.358238
1783945927143,22.880000,30.720604,25.600242,27.502680,3.217924,-14.698963,-15.043225,3.352874
1783945927163,22.900000,-12.175719,24.961338,26.854599,-39.030318,-17.359178,-17.706594,2.849370
1783945927183,22.920000,14.590733,24.305267,26.181006,-11.590273,-16.176231,-16.522848,1.842178
1783945927203,22.940000,2.196108,23.633056,25.482918,-23.286810,-11.190474,-11.532258,0.339219
1783945927223,22.960000,46.438145,22.945825,24.761534,21.676611,-4.209611,-4.542502,-1.549877
1783945927243,22.980000,15.074402,22.244784,24.018230,-8.943828,2.672704,2.352734,-3.463657
1783945927263,23.000000,40.972030,21.531229,23.254558,17.717472,8.313948,8.010831,-4.787448
1783945927283,23.020000,21.908726,20.806542,22.472247,-0.563521,12.336534,12.054049,-4.912993
1783945927303,23.040000,52.298645,20.072183,21.673192,30.625453,14.508681,14.250396,-3.568874
1783945927323,23.060000,25.368954,19.329689,20.859449,4.509505,14.770521,14.539749,-0.941286
1783945927343,23.080000,45.913143,18.580668,20.033228,25.879915,13.531274,13.331041,2.453857
1783945927363,23.100000,13.487832,17.826795,19.196879,-5.709047,11.522001,11.355010,5.964161
1783945927383,23.120000,38.998390,17.069801,18.352880,20.645510,9.232880,9.101477,8.932467
1783945927403,23.140000,21.061739,16.311473,17.503177,3.558562,6.667639,6.573749,10.806422
1783945927423,23.160000,31.594170,15.553641,16.650958,14.943212,3.853588,3.798642,11.269844
1783945927443,23.180000,6.919870,14.798171,15.798971,-8.879101,1.364271,1.349143,10.321602
1783945927463,23.200000,18.165335,14.046959,14.950020,3.215315,0.028399,0.053377,8.215583
1783945927483,23.220000,1.361399,13.301919,14.106942,-12.745543,0.131312,0.196091,5.306788
1783945927503,23.240000,34.490513,12.564974,13.272583,21.217930,1.099141,1.202832,1.952688
1783945927523,23.260000,-0.294584,11.838048,12.449780,-12.744364,2.132022,2.273173,-1.464922
1783945927543,23.280000,28.162594,11.123054,11.641331,16.521263,2.920726,3.097339,-4.511127
1783945927563,23.300000,-3.892392,10.421885,10.849976,-14.742368,3.585103,3.794671,-6.779696
1783945927583,23.320000,24.931763,9.736402,10.078373,14.853390,4.190937,4.430475,-8.040368
1783945927603,23.340000,2.514509,9.068426,9.329076,-6.814566,4.502773,4.768865,-8.307218
1783945927623,23.360000,19.021900,8.419727,8.604509,10.417391,4.135984,4.424838,-7.770726
1783945927643,23.380000,0.973900,7.792010,7.906953,-6.933053,2.791118,3.098626,-6.683408
1783945927663,23.400000,18.446068,7.186911,7.238525,11.207543,0.435938,0.757745,-5.289037
1783945927683,23.420000,-5.583230,6.605984,6.601157,-12.184387,-2.425726,-2.094149,-3.800636
1783945927703,23.440000,2.738752,6.050692,5.996590,-3.257838,-4.729277,-4.392554,-2.403597
1783945927723,23.460000,-22.091928,5.522399,5.426355,-27.518283,-5.530584,-5.193356,-1.274757
1783945927743,23.480000,16.352440,5.022361,4.891768,11.460672,-4.854925,-4.521771,-0.583283
1783945927763,23.500000,-16.478199,4.551718,4.393921,-20.872120,-3.596031,-3.271388,-0.416398
1783945927783,23.520000,10.803426,4.111489,3.933679,6.869747,-2.714777,-2.402866,-0.675315
1783945927803,23.540000,-12.802294,3.702566,3.511681,-16.313975,-2.796907,-2.501663,-1.073252
1783945927823,23.560000,8.347858,3.325705,3.128338,5.219520,-3.944857,-3.669862,-1.271903
1783945927843,23.580000,-18.764587,2.981528,2.783839,-21.548426,-5.718794,-5.467221,-1.047391
1783945927863,23.600000,-0.159448,2.670513,2.478159,-2.637607,-7.346564,-7.121127,-0.372038
1783945927883,23.620000,-26.296500,2.393000,2.211064,-28.507564,-8.236440,-8.039354,0.597547
1783945927903,23.640000,6.605482,2.149180,1.982126,4.623356,-8.384961,-8.217917,1.599982
1783945927923,23.660000,-23.810938,1.939104,1.790734,-25.601672,-8.225582,-8.089731,2.398810
1783945927943,23.680000,5.624741,1.762677,1.636109,3.988632,-8.128959,-8.024921,2.897315
1783945927963,23.700000,-20.357359,1.619666,1.517315,-21.874674,-8.072305,-8.000181,3.160884
1783945927983,23.720000,-2.604869,1.509696,1.433283,-4.038152,-7.635011,-7.594416,3.338137
1783945928003,23.740000,-22.717733,1.432261,1.382820,-24.100553,-6.409365,-6.399448,3.546277
1783945928023,23.760000,6.049856,1.386725,1.364630,4.685226,-4.533119,-4.552577,3.809575
1783945928043,23.780000,-10.675285,1.372328,1.377332,-12.052617,-2.646257,-2.693319,4.092678
1783945928063,23.800000,9.821568,1.388194,1.419470,8.402098,-1.277118,-1.349495,4.386267
1783945928083,23.820000,-13.096569,1.433339,1.489536,-14.586105,-0.415476,-0.510320,4.745869
1783945928103,23.840000,10.205384,1.506676,1.585980,8.619404,0.322588,0.208665,5.231461
1783945928123,23.860000,-9.153873,1.607028,1.707229,-10.861102,1.293565,1.164299,5.818186
1783945928143,23.880000,13.546322,1.733134,1.851693,11.694629,2.614984,2.473996,6.381482
1783945928163,23.900000,-9.202089,1.883660,2.017782,-11.219871,4.092202,3.942225,6.763134
1783945928183,23.920000,20.493835,2.057209,2.203913,18.289922,5.159045,5.000984,6.846306
1783945928203,23.940000,2.198609,2.252330,2.408523,-0.209913,5.113422,4.945683,6.596118
1783945928223,23.960000,17.045895,2.467531,2.630071,14.415824,3.707069,3.525934,6.064653
1783945928243,23.980000,-11.109322,2.701285,2.867050,-13.976372,1.364828,1.166792,5.346205
1783945928263,24.000000,19.778427,2.952045,3.204439,16.573988,-1.249370,-1.463797,4.490902
1783945928283,24.020000,-9.482455,3.218251,3.464053,-12.946508,-3.508660,-3.733085,3.457101
1783945928303,24.040000,12.765388,3.498340,3.734707,9.030681,-4.675361,-4.899879,2.161113
1783945928323,24.060000,-12.681730,3.790758,4.015082,-16.696812,-4.001400,-4.216638,0.566769
1783945928343,24.080000,10.328857,4.093965,4.303907,6.024950,-1.280985,-1.480419,-1.278177
1783945928363,24.100000,7.332357,4.406448,4.599962,2.732394,2.744735,2.564555,-3.251117
1783945928383,24.120000,29.036000,4.726726,4.902077,24.133923,6.828699,6.668942,-5.139028
1783945928403,24.140000,7.180220,5.053362,5.209132,1.971088,10.151612,10.012173,-6.624765
1783945928423,24.160000,26.423620,5.384962,5.520060,20.903560,12.544967,12.425242,-7.373503
1783945928443,24.180000,13.171624,5.720189,5.833842,7.337782,13.895501,13.794807,-7.208202
1783945928463,24.200000,39.357147,6.057766,6.149510,33.207637,13.835459,13.753160,-6.220417
1783945928483,24.220000,10.898691,6.396478,6.466147,4.432544,12.163054,12.098531,-4.709938
1783945928503,24.240000,27.726118,6.735178,6.782885,20.943233,9.198142,9.150705,-3.043379
1783945928523,24.260000,7.255858,7.072790,7.098903,0.156955,5.543656,5.512473,-1.574049
1783945928543,24.280000,27.005798,7.408310,7.413429,19.592369,1.827284,1.811355,-0.619529
1783945928563,24.300000,-4.430873,7.740806,7.725740,-12.156613,-1.237781,-1.239614,-0.417707
1783945928583,24.320000,15.751560,8.069421,8.035156,7.716404,-3.011740,-3.000754,-1.067113
1783945928603,24.340000,-0.951008,8.393370,8.341048,-9.292056,-3.386892,-3.364435,-2.507624
1783945928623,24.360000,23.348610,8.711939,8.642828,14.705782,-2.824431,-2.791878,-4.531672
1783945928643,24.380000,-3.255479,9.024484,8.939953,-12.195432,-1.868832,-1.827545,-6.795532
1783945928663,24.400000,23.126862,9.330428,9.231925,13.894937,-0.847863,-0.799162,-8.866904
1783945928683,24.420000,2.351882,9.629258,9.518285,-7.166403,0.079923,0.134787,-10.337720
1783945928703,24.440000,17.559422,9.920520,9.798618,7.760804,0.837401,0.897260,-10.946045
1783945928723,24.460000,1.570799,10.203817,10.072542,-8.501743,1.218805,1.282590,-10.635091
1783945928743,24.480000,28.663458,10.478802,10.339718,18.323740,0.760499,0.827250,-9.529639
1783945928763,24.500000,3.710545,10.745177,10.599835,-6.889290,-0.798620,-0.729745,-7.852133
1783945928783,24.520000,17.389866,11.002683,10.852619,6.537247,-2.932621,-2.862346,-5.835894
1783945928803,24.540000,-9.292241,11.251099,11.097822,-20.390063,-4.540907,-4.469832,-3.704551
1783945928823,24.560000,14.531624,11.490235,11.335224,3.196400,-4.830975,-4.759581,-1.709807
1783945928843,24.580000,0.428003,11.719925,11.564625,-11.136622,-3.879960,-3.808612,-0.120489
1783945928863,24.600000,24.409900,11.940024,11.785846,12.624054,-2.286008,-2.214962,0.894715
1783945928883,24.620000,-6.745063,12.150402,11.998724,-18.743787,-0.494191,-0.423603,1.383684
1783945928903,24.640000,23.043282,12.350936,12.203107,10.840175,1.240846,1.310905,1.582599
1783945928923,24.660000,4.146877,12.541511,12.398850,-8.251973,2.488104,2.557639,1.763800
1783945928943,24.680000,26.374325,12.722008,12.585813,13.788512,2.741412,2.810481,2.111458
1783945928963,24.700000,4.078322,12.892304,12.763855,-8.685532,1.878092,1.946793,2.702218
1783945928983,24.720000,16.195010,13.052267,12.932831,3.262179,0.291931,0.360375,3.524859
1783945929003,24.740000,1.611158,13.201751,13.092587,-11.481429,-1.451100,-1.382803,4.470733
1783945929023,24.760000,15.915273,13.340594,13.242959,2.672314,-2.971604,-2.903363,5.336330
1783945929043,24.780000,-7.370335,13.468613,13.383764,-20.754099,-4.187050,-4.118792,5.889162
1783945929063,24.800000,20.861183,13.585603,13.514801,7.346382,-5.332745,-5.264400,5.963531
1783945929083,24.820000,-5.570844,13.691334,13.635848,-19.206692,-6.738676,-6.670154,5.527808
1783945929103,24.840000,15.808412,13.785552,13.746656,2.061756,-8.368178,-8.299344,4.692368
1783945929123,24.860000,-16.925888,13.867975,13.846944,-30.772832,-9.736122,-9.666806,3.651962
1783945929143,24.880000,19.892733,13.938295,13.935117,5.957616,-10.309454,-10.239513,2.590344
1783945929163,24.900000,-16.068161,13.996176,14.012097,-30.080258,-9.761180,-9.690598,1.619205
1783945929183,24.920000,10.702384,14.041259,14.077523,-3.375139,-8.061991,-7.990942,0.790589
1783945929203,24.940000,-1.688266,14.073161,14.131005,-15.819271,-5.724578,-5.653434,0.141856
1783945929223,24.960000,24.821583,14.091476,14.172118,10.649465,-3.613844,-3.543143,-0.265686
1783945929243,24.980000,-4.775957,14.095782,14.200410,-18.976367,-2.205042,-2.135450,-0.328589
1783945929263,25.000000,21.779898,14.085640,14.215394,7.564504,-1.317270,-1.249545,0.064402
1783945929283,25.020000,4.869729,14.060601,14.216559,-9.346830,-0.451875,-0.386847,0.943036
1783945929303,25.040000,18.954782,14.020210,14.203367,4.751415,0.978234,1.039679,2.191513
1783945929323,25.060000,3.821844,13.964005,14.175260,-10.353416,3.422810,3.479743,3.578004
1783945929343,25.080000,27.425380,13.891530,14.131659,13.293721,6.761516,6.812973,4.843952
1783945929363,25.100000,15.133278,13.802334,14.071974,1.061304,10.176517,10.221514,5.791645
1783945929383,25.120000,38.501260,13.695976,13.995604,24.505656,12.596850,12.634399,6.350138
1783945929403,25.140000,17.248014,13.572035,13.901944,3.346070,13.333201,13.362323,6.592792
1783945929423,25.160000,39.872490,13.430108,13.790392,26.082098,12.457493,12.477243,6.669849
1783945929443,25.180000,7.578066,13.269817,13.660353,-6.082286,10.742111,10.751594,6.684534
1783945929463,25.200000,28.072640,13.090817,13.511244,14.561396,9.086966,9.085358,6.593933
1783945929483,25.220000,14.010196,12.892794,13.342502,0.667694,7.801911,7.788474,6.207130
1783945929503,25.240000,31.664154,12.675474,13.153590,18.510564,6.558470,6.532572,5.300877
1783945929523,25.260000,7.059415,12.438625,12.944002,-5.884587,4.945748,4.906879,3.776609
1783945929543,25.280000,29.731958,12.182058,12.713270,17.018688,2.827132,2.774917,1.733232
1783945929563,25.300000,-2.538375,11.905635,12.460968,-14.999343,0.319830,0.254043,-0.595986
1783945929583,25.320000,24.305855,11.609268,12.186721,12.119134,-2.393079,-2.472506,-2.969316
1783945929603,25.340000,-7.069520,11.292922,11.890208,-18.959728,-5.239919,-5.332882,-5.215734
1783945929623,25.360000,20.738129,10.956618,11.571172,9.166957,-8.225490,-8.331710,-7.236031
1783945929643,25.380000,-7.749043,10.600438,11.229419,-18.978463,-11.158579,-11.277596,-8.962453
1783945929663,25.400000,2.745301,10.224521,10.864829,-8.119528,-13.477111,-13.608280,-10.330450
1783945929683,25.420000,-13.056531,9.829070,10.477360,-23.533891,-14.607877,-14.750371,-11.296840
1783945929703,25.440000,10.313071,9.414353,10.067051,0.246020,-14.435348,-14.588156,-11.864493
1783945929723,25.460000,-12.188679,8.980702,9.634030,-21.822709,-13.161581,-13.323515,-12.052074
1783945929743,25.480000,8.097776,8.528516,9.178519,-1.080743,-10.960758,-11.130464,-11.832643
1783945929763,25.500000,-4.127781,8.058263,8.700836,-12.828617,-7.968272,-8.144238,-11.121190
1783945929783,25.520000,13.575736,7.570480,8.201401,5.374335,-4.327191,-4.507762,-9.828864
1783945929803,25.540000,0.402524,7.065774,7.680741,-7.278217,-0.154830,-0.338223,-7.922375
1783945929823,25.560000,24.091130,6.544823,7.139490,16.951640,4.413645,4.229317,-5.445125
1783945929843,25.580000,2.330737,6.008374,6.578399,-4.247662,9.123828,8.940538,-2.514577
1783945929863,25.600000,33.647366,5.457244,5.998327,27.649039,13.446053,13.265830,0.687198
1783945929883,25.620000,15.936383,4.892322,5.400253,10.536130,16.592523,16.417430,3.940710
1783945929903,25.640000,30.988483,4.314561,4.785267,26.203216,17.862383,17.694481,7.028418
1783945929923,25.660000,15.568071,3.724983,4.154576,11.413495,16.877936,16.719259,9.752635
1783945929943,25.680000,30.190998,3.124671,3.509493,26.681505,13.630330,13.482852,11.922109
1783945929963,25.700000,8.913269,2.514768,2.851441,6.061828,8.689446,8.555048,13.339297
1783945929983,25.720000,11.264130,1.896476,2.181943,9.082187,3.335033,3.215474,13.815946
1783945930003,25.740000,-18.921915,1.271044,1.502613,-20.424528,-1.033058,-1.136174,13.192168
1783945930023,25.760000,15.662407,0.639773,0.815155,14.847252,-3.921415,-4.006661,11.352750
1783945930043,25.780000,-11.611094,0.004002,0.121346,-11.732439,-5.844019,-5.910175,8.305047
1783945930063,25.800000,3.763375,-0.634893,-0.576971,4.340346,-7.352793,-7.398869,4.303956
1783945930083,25.820000,-13.422237,-1.275505,-1.277900,-12.144337,-8.360288,-8.385540,-0.120832
1783945930103,25.840000,-8.294349,-1.916406,-1.979499,-6.314850,-8.263211,-8.267156,-4.320426
1783945930123,25.860000,-18.449718,-2.556148,-2.679801,-15.769917,-6.548953,-6.531382,-7.761711
1783945930143,25.880000,0.653156,-3.193276,-3.376819,4.029975,-3.429353,-3.390332,-10.156610
1783945930163,25.900000,-6.932963,-3.826328,-4.068567,-2.864396,0.166012,0.226135,-11.421588
1783945930183,25.920000,10.568078,-4.453849,-4.753065,15.321143,3.278554,3.359154,-11.555907
1783945930203,25.940000,-19.146591,-5.074390,-5.428360,-13.718231,5.443268,5.543448,-10.575481
1783945930223,25.960000,9.909332,-5.686521,-6.092534,16.001866,6.382460,6.501058,-8.570874
1783945930243,25.980000,0.888463,-6.288838,-6.743722,7.632186,5.682853,5.818453,-5.790273
1783945930263,26.000000,3.924571,-6.879963,-7.380120,11.304691,3.449553,3.600503,-2.608294
1783945930283,26.020000,-22.839140,-7.458558,-7.999997,-14.839143,0.844764,1.009209,0.578978
1783945930303,26.040000,-4.104065,-8.023329,-8.601711,4.497646,-0.682688,-0.506765,3.396190
1783945930323,26.060000,-25.757100,-8.573029,-9.183715,-16.573385,-0.556900,-0.371608,5.474176
1783945930343,26.080000,4.983170,-9.106470,-9.744568,14.727738,0.594374,0.786902,6.513461
1783945930363,26.100000,-13.553906,-9.622524,-10.282945,-3.270960,1.610539,1.808219,6.447484
1783945930383,26.120000,1.848390,-10.120129,-10.797641,12.646031,1.890029,2.090841,5.540423
1783945930403,26.140000,-32.428627,-10.598295,-11.289157,-21.139470,1.750073,1.952014,4.276226
1783945930423,26.160000,-9.466291,-11.056110,-11.754800,2.288509,1.501308,1.702313,3.092633
1783945930443,26.180000,-8.033766,-11.492741,-12.193753,4.159987,0.560057,0.757968,2.181745
1783945930463,26.200000,-6.871621,-11.907438,-12.605346,5.733725,-1.857212,-1.664599,1.530590
1783945930483,26.220000,-36.213837,-12.299538,-12.989046,-23.224791,-5.561759,-5.376607,1.092883
1783945930503,26.240000,-10.178185,-12.668469,-13.344460,3.166275,-9.539573,-9.363919,0.845977
1783945930523,26.260000,-41.193860,-13.013746,-13.671332,-27.522528,-12.671304,-12.506991,0.708647
1783945930543,26.280000,-18.300505,-13.334977,-13.969541,-4.330964,-13.969798,-13.818437,0.505929
1783945930563,26.300000,-44.125355,-13.631863,-14.239092,-29.886263,-12.765414,-12.628361,0.066582
1783945930583,26.320000,-18.699070,-13.904194,-14.480113,-4.218957,-9.110680,-8.989029,-0.661434
1783945930603,26.340000,-32.195880,-14.151852,-14.692848,-17.503032,-4.068691,-3.963269,-1.574402
1783945930623,26.360000,0.263191,-14.374806,-14.877649,15.140840,0.562932,0.651562,-2.425053
1783945930643,26.380000,-17.642443,-14.573111,-15.034966,-2.607477,3.224699,3.296235,-2.858455
1783945930663,26.400000,-3.273659,-14.746905,-15.165340,11.891680,3.590294,3.644692,-2.508209
1783945930683,26.420000,-27.156824,-14.896405,-15.269390,-11.887434,2.655164,2.692624,-1.169267
1783945930703,26.440000,-5.465614,-15.021901,-15.347810,9.882196,1.921221,1.942177,1.037067
1783945930723,26.460000,-35.538647,-15.123755,-15.401352,-20.137295,2.409691,2.414797,3.643859
1783945930743,26.480000,0.997748,-15.202394,-15.430822,16.428570,3.968420,3.958527,6.011015
1783945930763,26.500000,-14.784428,-15.258303,-15.437066,0.652638,5.371953,5.348088,7.601089
1783945930783,26.520000,7.326707,-15.292025,-15.420968,22.747675,5.460518,5.423859,8.204984
1783945930803,26.540000,-30.835556,-15.304147,-15.383431,-15.452125,4.172993,4.124843,7.976610
1783945930823,26.560000,-4.860500,-15.295300,-15.325380,10.464880,2.231909,2.173670,7.241976
1783945930843,26.580000,-24.499815,-15.266153,-15.247744,-9.252071,0.157052,0.090194,6.237268
1783945930863,26.600000,-3.792544,-15.217403,-15.151457,11.358913,-1.975192,-2.049159,5.009172
1783945930883,26.620000,-26.625168,-15.149772,-15.037443,-11.587725,-4.038467,-4.118018,3.524243
1783945930903,26.640000,-14.685188,-15.063998,-14.906619,0.221431,-5.576748,-5.660371,1.807217
1783945930923,26.660000,-31.847840,-14.960832,-14.759879,-17.087961,-6.138640,-6.224860,-0.044712
1783945930943,26.680000,-3.262774,-14.841030,-14.598096,11.335321,-5.679102,-5.766502,-1.919972
1783945930963,26.700000,-27.649908,-14.705346,-14.422115,-13.227793,-4.360733,-4.447973,-3.700875
1783945930983,26.720000,-12.476994,-14.554529,-14.232747,1.755753,-2.241968,-2.327797,-5.232589
1783945931003,26.740000,-20.224556,-14.389315,-14.030767,-6.193789,0.419404,0.336125,-6.342397
1783945931023,26.760000,6.727508,-14.210423,-13.816911,20.544420,2.943368,2.863651,-6.901033
1783945931043,26.780000,-13.828929,-14.018547,-13.591873,-0.237056,4.820785,4.745482,-6.840901
1783945931063,26.800000,-1.698450,-13.814358,-13.356300,11.657850,6.255438,6.185206,-6.138186
1783945931083,26.820000,-16.265953,-13.598491,-13.110797,-3.155156,7.721416,7.656681,-4.847080
1783945931103,26.840000,10.724124,-13.371549,-12.855919,23.580043,9.195744,9.136674,-3.163680
1783945931123,26.860000,-11.087778,-13.134094,-12.592177,1.504399,10.110318,10.056859,-1.395340
1783945931143,26.880000,12.617279,-12.886650,-12.320032,24.937311,9.852369,9.804350,0.172249
1783945931163,26.900000,-12.930513,-12.629696,-12.039902,-0.890611,8.144687,8.102026,1.375391
1783945931183,26.920000,8.776646,-12.363666,-11.752157,20.528803,5.168906,5.131882,2.156652
1783945931203,26.940000,-21.299686,-12.088951,-11.457125,-9.842561,1.517870,1.487344,2.488563
1783945931223,26.960000,-1.242696,-11.805893,-11.155093,9.912397,-2.044364,-2.067002,2.323869
1783945931243,26.980000,-26.214863,-11.514792,-10.846307,-15.368556,-4.931934,-4.945366,1.600669
1783945931263,27.000000,-3.655412,-11.215902,-10.555076,6.899665,-6.923459,-6.927498,0.291632
1783945931283,27.020000,-25.811039,-10.909435,-10.234218,-15.576821,-8.042286,-8.038475,-1.531107
1783945931303,27.040000,-0.955421,-10.595561,-9.907131,8.951711,-8.238013,-8.229089,-3.657761
1783945931323,27.060000,-26.707432,-10.274412,-9.573937,-17.133495,-7.110730,-7.099574,-5.764608
1783945931343,27.080000,-13.300867,-9.946082,-9.234733,-4.066134,-4.151119,-4.140096,-7.506448
1783945931363,27.100000,-18.526460,-9.610633,-8.889593,-9.636867,0.377628,0.386793,-8.633190
1783945931383,27.120000,16.947697,-9.268100,-8.538576,25.486273,5.038444,5.044516,-9.031799
1783945931403,27.140000,-7.467626,-8.918487,-8.181724,0.714098,8.193587,8.195603,-8.649276
1783945931423,27.160000,12.749721,-8.561779,-7.819071,20.568792,9.210542,9.207640,-7.412022
1783945931443,27.180000,-9.639105,-8.197944,-7.450643,-2.188462,8.582606,8.573932,-5.286530
1783945931463,27.200000,3.085733,-7.826936,-7.076466,10.162199,7.230693,7.215388,-2.441716
1783945931483,27.220000,-14.434619,-7.448701,-6.696564,-7.738055,5.666947,5.644176,0.677646
1783945931503,27.240000,18.442707,-7.063182,-6.310970,24.753677,3.675638,3.644632,3.479769
1783945931523,27.260000,-15.790859,-6.670326,-5.919725,-9.871134,0.995205,0.955305,5.474160
1783945931543,27.280000,-0.424391,-6.270087,-5.522882,5.098491,-1.917505,-1.966818,6.445738
1783945931563,27.300000,-23.944637,-5.862431,-5.120513,-18.824124,-4.194035,-4.253123,6.433299
1783945931583,27.320000,-4.023141,-5.447345,-4.712708,0.689566,-5.402742,-5.471795,5.582140
1783945931603,27.340000,-16.374510,-5.024839,-4.299579,-12.074931,-5.859802,-5.938832,4.053100
1783945931623,27.360000,-1.876382,-4.594951,-3.881266,2.004883,-6.207957,-6.296797,2.061507
1783945931643,27.380000,-24.446245,-4.157753,-3.457933,-20.988312,-6.890650,-6.988948,-0.073522
1783945931663,27.400000,-2.276626,-3.713359,-3.029776,0.753150,-8.097745,-8.204963,-1.988493
1783945931683,27.420000,-16.974440,-3.261920,-2.597020,-14.377420,-9.799083,-9.914497,-3.396195
1783945931703,27.440000,-9.034602,-2.803639,-2.159924,-6.874678,-11.448651,-11.571353,-4.154991
1783945931723,27.460000,-25.129398,-2.338764,-1.718776,-23.410622,-11.942111,-12.071013,-4.266045
1783945931743,27.480000,-11.360693,-1.867601,-1.273899,-10.086794,-10.240706,-10.374547,-3.850292
1783945931763,27.500000,-20.889154,-1.390507,-0.825649,-20.063505,-6.165474,-6.302827,-3.113960
1783945931783,27.520000,7.945951,-0.907899,-0.374414,8.320365,-0.697677,-0.836965,-2.260550
1783945931803,27.540000,-3.054679,-0.420252,0.079386,-3.134064,4.532232,4.392726,-1.364453
1783945931823,27.560000,15.095996,0.071899,0.535300,14.560696,8.165905,8.028017,-0.311635
1783945931843,27.580000,-0.448470,0.567957,0.992846,-1.441316,9.643701,9.509368,1.112611
1783945931863,27.600000,17.939821,1.067266,1.451515,16.488306,9.170420,9.041661,3.037234
1783945931883,27.620000,-0.053349,1.569108,1.910766,-1.964115,7.537572,7.416464,5.361684
1783945931903,27.640000,13.638962,2.072703,2.370034,11.268928,5.956587,5.845239,7.754290
1783945931923,27.660000,-9.868822,2.577214,2.828726,-12.697548,5.639301,5.539826,9.763772
1783945931943,27.680000,9.414961,3.081741,3.286224,6.128737,6.996468,6.910956,10.954594
1783945931963,27.700000,7.590360,3.585329,3.741885,3.848475,9.074141,9.004621,11.032295
1783945931983,27.720000,27.188420,4.086967,4.195042,22.993378,10.134129,10.082542,9.966662
1783945932003,27.740000,2.663807,4.585587,4.645005,-1.981198,9.008754,8.976914,8.052206
1783945932023,27.760000,13.966677,5.080071,5.091060,8.875617,5.755726,5.745293,5.796489
1783945932043,27.780000,-1.546722,5.569249,5.532470,-7.079192,1.236890,1.249351,3.656628
1783945932063,27.800000,6.085226,6.051907,5.968474,0.116752,-3.444601,-3.407945,1.821129
1783945932083,27.820000,-11.398581,6.526782,6.398286,-17.796867,-7.231964,-7.169997,0.199248
1783945932103,27.840000,3.120537,6.992575,6.821097,-3.700560,-9.359295,-9.271094,-1.423462
1783945932123,27.860000,-11.210208,7.447946,7.236069,-18.446277,-9.504285,-9.389150,-3.210183
1783945932143,27.880000,3.194577,7.891526,7.641381,-4.446804,-7.787745,-7.645270,-5.167807
1783945932163,27.900000,-4.843666,8.321915,8.037140,-12.880805,-4.770575,-4.600738,-7.126448
1783945932183,27.920000,12.490845,8.737691,8.422441,4.068404,-1.390013,-1.193241,-8.789533
1783945932203,27.940000,1.717018,9.137415,8.796350,-7.079333,1.274714,1.497537,-9.824893
1783945932223,27.960000,24.381582,9.519637,9.157902,15.223680,2.369935,2.617485,-9.960420
1783945932243,27.980000,-3.454274,9.882900,9.506098,-12.960372,1.632760,1.903301,-9.065994
1783945932263,28.000000,23.744688,10.225749,9.839905,13.904783,-0.544828,-0.253417,-7.215788
1783945932283,28.020000,-3.700026,10.546738,10.158259,-13.858286,-3.297058,-2.987261,-4.702246
1783945932303,28.040000,5.905945,10.844436,10.460059,-4.554114,-5.574244,-5.248887,-1.981060
1783945932323,28.060000,-3.254885,11.117435,10.744168,-13.999052,-6.745196,-6.407429,0.436052
1783945932343,28.080000,16.835310,11.364357,11.009417,5.825893,-6.971746,-6.625010,2.120776
1783945932363,28.100000,-5.602521,11.583863,11.254603,-16.857124,-6.797651,-6.445650,2.865540
1783945932383,28.120000,16.603338,11.774661,11.478491,5.124847,-6.644350,-6.291005,2.747687
1783945932403,28.140000,0.639967,11.935512,11.679820,-11.039853,-6.659138,-6.308542,2.066842
1783945932423,28.160000,15.707255,12.065241,11.857301,3.849954,-6.590080,-6.246442,1.195050
1783945932443,28.180000,-6.032340,12.162744,12.009629,-18.041969,-5.845670,-5.513260,0.438179
1783945932463,28.200000,13.895384,12.226994,12.135482,1.759902,-4.057979,-3.741064,-0.041793
1783945932483,28.220000,9.769682,12.257051,12.233532,-2.463850,-1.602738,-1.305520,-0.232017
1783945932503,28.240000,27.891783,12.252070,12.302454,15.589329,0.726943,1.000395,-0.187033
1783945932523,28.260000,5.360868,12.211307,12.340932,-6.980064,2.511222,2.757032,0.080258
1783945932543,28.280000,25.625505,12.134126,12.347672,13.277833,3.850756,4.065309,0.613102
1783945932563,28.300000,13.380817,12.020003,12.321415,1.059402,4.917597,5.097599,1.418167
1783945932583,28.320000,30.432896,11.868537,12.260945,18.171951,5.797723,5.940257,2.394192
1783945932603,28.340000,17.010773,11.679451,12.165106,4.845667,6.732435,6.835016,3.369978
1783945932623,28.360000,19.061106,11.452596,12.032814,7.028292,8.116357,8.176980,4.183501
1783945932643,28.380000,9.030206,11.187958,11.863074,-2.832868,9.797264,9.814440,4.697852
1783945932663,28.400000,57.299190,10.885657,11.654991,45.644199,10.632057,10.604847,4.796874
1783945932683,28.420000,14.098543,10.545949,11.407788,2.690755,9.694979,9.623018,4.460928
1783945932703,28.440000,19.200253,10.169231,11.120817,8.079436,7.598381,7.481891,3.831189
1783945932723,28.460000,10.918159,9.756035,10.793574,0.124585,5.689892,5.529684,3.096726
1783945932743,28.480000,21.819190,9.307030,10.425714,11.393476,4.555561,4.353033,2.291602
1783945932763,28.500000,15.021930,8.823022,10.017058,5.004872,3.846346,3.603462,1.268229
1783945932783,28.520000,28.996857,8.304947,9.567607,19.429250,3.090728,2.809998,-0.097388
1783945932803,28.540000,-3.918850,7.753868,9.077551,-12.996401,2.379415,2.063857,-1.728245
1783945932823,28.560000,15.722512,7.170974,8.547274,7.175238,2.034852,1.687950,-3.402217
1783945932843,28.580000,8.323690,6.557569,7.977361,0.346329,1.760109,1.385762,-4.925331
1783945932863,28.600000,21.449524,5.915070,7.368602,14.080922,0.758612,0.361076,-6.200651
1783945932883,28.620000,-5.437441,5.245000,6.721990,-12.159431,-1.383806,-1.799980,-7.162315
1783945932903,28.640000,12.608246,4.548978,6.038725,6.569521,-4.406066,-4.836102,-7.728513
1783945932923,28.660000,-7.407082,3.828712,5.320206,-12.727288,-7.632649,-8.071615,-7.860311
1783945932943,28.680000,1.749979,3.085992,4.568032,-2.818053,-10.086752,-10.529635,-7.628573
1783945932963,28.700000,-15.807023,2.322679,3.783989,-19.591012,-10.644054,-11.085833,-7.190241
1783945932983,28.720000,-9.546591,1.540697,2.970043,-12.516634,-8.614500,-9.050220,-6.714052
1783945933003,28.740000,-9.785630,0.742023,2.128329,-11.913959,-4.491658,-4.916500,-6.321289
1783945933023,28.760000,19.904594,-0.071321,1.261139,18.643455,0.078341,-0.331013,-6.019709
1783945933043,28.780000,-7.893839,-0.897281,0.370907,-8.264746,3.506267,3.116743,-5.629835
1783945933063,28.800000,10.453620,-1.733779,-0.539810,10.993430,5.264872,4.899189,-4.815508
1783945933083,28.820000,-3.115701,-2.578721,-1.468345,-1.647356,5.709272,5.371058,-3.276541
1783945933103,28.840000,5.861403,-3.430012,-2.411943,8.273346,5.569846,5.262300,-0.968366
1783945933123,28.860000,-13.030826,-4.285562,-3.367779,-9.663047,5.577239,5.303095,1.835449
1783945933143,28.880000,9.842592,-5.143296,-4.332980,14.175572,6.013910,5.775405,4.665672
1783945933163,28.900000,-10.939915,-6.001166,-5.304644,-5.635271,6.594105,6.392959,7.051467
1783945933183,28.920000,8.707374,-6.857160,-6.279865,14.987239,6.821161,6.658562,8.680574
1783945933203,28.940000,-9.453121,-7.709309,-7.255752,-2.197369,6.400400,6.276995,9.472167
1783945933223,28.960000,-0.250150,-8.555700,-8.229451,7.979301,5.456925,5.372821,9.538371
1783945933243,28.980000,-16.522213,-9.394481,-9.198165,-7.324048,4.399836,4.354605,9.068486
1783945933263,29.000000,-9.158133,-10.223873,-10.159179,1.001046,3.456298,3.448996,8.218836
1783945933283,29.020000,-20.395868,-11.042175,-11.109873,-9.285995,2.222873,2.252079,7.068825
1783945933303,29.040000,-4.854610,-11.847771,-12.047744,7.193133,-0.312228,-0.248345,5.656799
1783945933323,29.060000,-17.539780,-12.639139,-12.970421,-4.569359,-4.969820,-4.873405,4.061028
1783945933343,29.080000,-22.165890,-13.414856,-13.875679,-8.290211,-11.293167,-11.166565,2.441746
1783945933363,29.100000,-51.080647,-14.173599,-14.761455,-36.319192,-17.434108,-17.279760,0.968219
1783945933383,29.120000,-33.747425,-14.914157,-15.625852,-18.121573,-21.369539,-21.189950,-0.328197
1783945933403,29.140000,-47.659557,-15.635427,-16.469622,-31.189935,-22.077799,-21.875615,-1.603050
1783945933423,29.160000,-33.712128,-16.336418,-17.288504,-16.423624,-19.642909,-19.421044,-3.045839
1783945933443,29.180000,-45.061295,-17.016255,-18.081127,-26.980168,-14.902257,-14.663938,-4.653142
1783945933463,29.200000,-21.943940,-17.674174,-18.846311,-3.097629,-9.251773,-9.000471,-6.142618
1783945933483,29.220000,-25.514389,-18.309528,-19.583069,-5.931320,-4.255634,-3.994924,-7.055231
1783945933503,29.240000,-13.501306,-18.921777,-20.290596,6.789290,-0.852710,-0.586133,-6.929653
1783945933523,29.260000,-31.271427,-19.510492,-20.968269,-10.303158,1.140387,1.409429,-5.468465
1783945933543,29.280000,-16.210940,-20.075346,-21.615633,5.404693,2.595086,2.863404,-2.682337
1783945933563,29.300000,-29.064606,-20.616115,-22.232399,-6.832207,4.166851,4.431506,1.047473
1783945933583,29.320000,-4.607044,-21.132668,-22.818427,18.211383,5.844414,6.102742,5.073035
1783945933603,29.340000,-25.434643,-21.624967,-23.373717,-2.060926,7.223987,7.473612,8.723313
1783945933623,29.360000,-11.495613,-22.093053,-23.898402,12.402789,7.885337,8.124179,11.522408
1783945933643,29.380000,-18.427948,-22.537050,-24.392725,5.964777,7.410729,7.637011,13.251981
1783945933663,29.400000,-9.548684,-22.957148,-24.857037,15.308353,5.522116,5.734367,13.893037
1783945933683,29.420000,-27.833515,-23.353605,-25.291778,-2.541737,2.480648,2.677705,13.546524
1783945933703,29.440000,-17.397377,-23.726733,-25.697464,8.300087,-0.846023,-0.665023,12.367326
1783945933723,29.460000,-33.207660,-24.076896,-26.074678,-7.132982,-3.311910,-3.147538,10.504781
1783945933743,29.480000,-26.930973,-24.404502,-26.424058,-0.506915,-3.914614,-3.767163,8.071578
1783945933763,29.500000,-35.387760,-24.709992,-26.746279,-8.641481,-2.315154,-2.184659,5.167778
1783945933783,29.520000,-8.685472,-24.993842,-27.042053,18.356581,0.891941,1.005683,1.947190
1783945933803,29.540000,-28.689950,-25.256545,-27.312106,-1.377844,4.646547,4.743954,-1.315374
1783945933823,29.560000,-3.679528,-25.498617,-27.557182,23.877654,8.119474,8.201148,-4.218287
1783945933843,29.580000,-23.672297,-25.720580,-27.778024,4.105727,10.933370,11.000075,-6.333376
1783945933863,29.600000,-4.361728,-25.922965,-27.975372,23.613644,12.974612,13.027243,-7.372927
1783945933883,29.620000,-18.203087,-26.106303,-28.149955,9.946868,14.086635,14.126192,-7.308884
1783945933903,29.640000,-1.714694,-26.271120,-28.302488,26.587794,13.939599,13.967160,-6.364610
1783945933923,29.660000,-17.222845,-26.417935,-28.433665,11.210820,12.218106,12.234805,-4.909215
1783945933943,29.680000,-0.710933,-26.547256,-28.544157,27.833223,8.998955,9.005958,-3.333383
1783945933963,29.700000,-32.046867,-26.659578,-28.634610,-3.412257,5.027918,5.026409,-1.970548
1783945933983,29.720000,-18.144575,-26.755378,-28.705644,10.561069,1.398922,1.390088,-1.089170
1783945934003,29.740000,-31.420513,-26.835117,-28.757852,-2.662661,-1.221550,-1.236541,-0.910822
1783945934023,29.760000,-15.983910,-26.899237,-28.791798,12.807888,-2.864839,-2.884851,-1.574856
1783945934043,29.780000,-42.002384,-26.948160,-28.808022,-13.194362,-3.923790,-3.947757,-3.050348
1783945934063,29.800000,-20.448885,-26.982287,-28.807036,8.358151,-5.026230,-5.053192,-5.097109
1783945934083,29.820000,-31.559694,-27.002003,-28.789328,-2.770366,-6.995124,-7.024266,-7.334205
1783945934103,29.840000,-26.733356,-27.007669,-28.755363,2.022007,-10.276335,-10.307018,-9.352990
1783945934123,29.860000,-43.955097,-26.999630,-28.705584,-15.249513,-14.377015,-14.408746,-10.812150
1783945934143,29.880000,-38.821080,-26.978212,-28.640414,-10.180666,-18.057986,-18.090312,-11.523755
1783945934163,29.900000,-59.089893,-26.943725,-28.560258,-30.529635,-20.106680,-20.138973,-11.521396
1783945934183,29.920000,-27.822506,-26.896462,-28.465505,0.642999,-20.030326,-20.061504,-11.032130
1783945934203,29.940000,-51.846992,-26.836701,-28.356529,-23.490463,-17.970405,-17.998705,-10.315995
1783945934223,29.960000,-31.458607,-26.764706,-28.233689,-3.224918,-14.154121,-14.177157,-9.486233
1783945934243,29.980000,-44.888687,-26.680730,-28.097336,-16.791351,-8.859696,-8.875108,-8.460273
1783945934263,30.000000,-18.731487,-26.585013,-27.973193,9.241706,-2.748054,-2.754638,-7.055524
1783945934283,30.020000,-23.093006,-26.477786,-27.811949,4.718943,3.239310,3.240936,-5.108023
1783945934303,30.040000,-12.637537,-26.359274,-27.638101,15.000564,8.426006,8.433937,-2.521160
1783945934323,30.060000,-18.942255,-26.229692,-27.451977,8.509722,12.664546,12.676671,0.710325
1783945934343,30.080000,-2.865383,-26.089254,-27.253909,24.388526,16.078132,16.092824,4.448916
1783945934363,30.100000,-15.989396,-25.938172,-27.044231,11.054835,18.764629,18.780875,8.385140
1783945934383,30.120000,1.393245,-25.776659,-26.823287,28.216532,20.643980,20.661225,12.089601
1783945934403,30.140000,-10.622747,-25.604933,-26.591437,15.968690,21.411389,21.429303,15.126613
1783945934423,30.160000,2.094040,-25.423221,-26.349055,28.443095,20.704304,20.722595,17.160486
1783945934443,30.180000,-10.994646,-25.231760,-26.096541,15.101895,18.405681,18.423988,18.010689
1783945934463,30.200000,0.063485,-25.030806,-25.834321,25.897806,14.950529,14.968403,17.653252
1783945934483,30.220000,-31.366419,-24.820638,-25.562856,-5.803563,11.363892,11.380813,16.174720
1783945934503,30.240000,-13.698280,-24.601558,-25.282642,11.584362,8.608629,8.624048,13.697528
1783945934523,30.260000,-26.233807,-24.373904,-24.994220,-1.239587,6.741250,6.754630,10.337226
1783945934543,30.280000,-13.697069,-24.138047,-24.698177,11.001108,4.917098,4.927935,6.248411
1783945934563,30.300000,-27.475029,-23.894405,-24.395149,-3.079880,2.148148,2.155990,1.719004
1783945934583,30.320000,-21.092590,-23.643438,-24.085826,2.993236,-1.982713,-1.978255,-2.809866
1783945934603,30.340000,-41.549625,-23.385663,-23.770955,-17.778670,-7.063560,-7.062815,-6.863642
1783945934623,30.360000,-32.532370,-23.121651,-23.451337,-9.081033,-12.094842,-12.098079,-10.110903
1783945934643,30.380000,-47.584908,-22.852033,-23.127835,-24.457073,-15.911972,-15.919399,-12.457141
1783945934663,30.400000,-39.121920,-22.577504,-22.801368,-16.320552,-17.465626,-17.477396,-14.001317
1783945934683,30.420000,-55.639847,-22.298824,-22.472912,-33.166935,-16.137707,-16.153924,-14.911954
1783945934703,30.440000,-34.405230,-22.016822,-22.143499,-12.261731,-12.261595,-12.282319,-15.315225
1783945934723,30.460000,-36.755770,-21.732393,-21.814214,-14.941556,-7.321517,-7.346778,-15.230614
1783945934743,30.480000,-18.588737,-21.446498,-21.486193,2.897456,-3.297192,-3.326995,-14.540622
1783945934763,30.500000,-30.938763,-21.160168,-21.160617,-9.778146,-1.593014,-1.627356,-13.016423
1783945934783,30.520000,-22.765194,-20.874492,-20.838710,-1.926484,-2.444877,-2.483763,-10.446074
1783945934803,30.540000,-34.331802,-20.590624,-20.521735,-13.810067,-5.068416,-5.111869,-6.827249
1783945934823,30.560000,-27.136599,-20.309769,-20.210985,-6.925614,-8.125283,-8.173361,-2.485224
1783945934843,30.580000,-51.726807,-20.033185,-19.907783,-31.819024,-10.309909,-10.362717,1.977800
1783945934863,30.600000,-24.577492,-19.762171,-19.613474,-4.964018,-11.106377,-11.164076,5.864392
1783945934883,30.620000,-33.640152,-19.498062,-19.329419,-14.310733,-10.979428,-11.042246,8.612927
1783945934903,30.640000,-25.530070,-19.242220,-19.056990,-6.473080,-10.534067,-10.602304,9.996163
1783945934923,30.660000,-40.285300,-18.996028,-18.797562,-21.487738,-9.793999,-9.868023,10.177917
1783945934943,30.680000,-20.316381,-18.760872,-18.552510,-1.763871,-8.405270,-8.485515,9.573932
1783945934963,30.700000,-38.974365,-18.538139,-18.323198,-20.651167,-6.122984,-6.209941,8.622143
1783945934983,30.720000,-16.632423,-18.329200,-18.110973,1.478550,-3.140747,-3.234946,7.635386
1783945935003,30.740000,-21.756615,-18.135401,-17.917160,-3.839455,-0.183545,-0.285532,6.795834
1783945935023,30.760000,-11.580851,-17.958049,-17.743051,6.162200,1.861313,1.750996,6.216348
1783945935043,30.780000,-19.888890,-17.798402,-17.589896,-2.298994,2.428461,2.309301,5.975893
1783945935063,30.800000,-1.376609,-17.657653,-17.458895,16.082286,1.531078,1.402612,6.101324
1783945935083,30.820000,-25.013222,-17.536922,-17.351189,-7.662033,-0.020496,-0.158665,6.526798
1783945935103,30.840000,-10.834426,-17.437241,-17.267848,6.433422,-0.743710,-0.891892,7.072420
1783945935123,30.860000,-29.081420,-17.359542,-17.209859,-11.871561,0.687658,0.529272,7.461746
1783945935143,30.880000,-5.961986,-17.304648,-17.177552,11.215566,4.443843,4.275237,7.386522
1783945935163,30.900000,-7.641541,-17.273260,-17.172199,9.530658,9.221495,9.042903,6.633192
1783945935183,30.920000,12.019194,-17.265946,-17.194460,29.213654,13.000115,12.812078,5.232949
1783945935203,30.940000,2.096140,-17.283138,-17.244859,19.340999,14.374549,14.177951,3.513577
1783945935223,30.960000,-0.265795,-17.325115,-17.323774,17.057979,13.352477,13.148559,1.959186
1783945935243,30.980000,-5.563164,-17.392003,-17.431422,11.868258,10.987824,10.778190,0.932458
1783945935263,31.000000,-3.062073,-17.483766,-17.567842,14.505769,8.441928,8.228538,0.455360
1783945935283,31.020000,-6.579907,-17.600200,-17.732887,11.152979,6.435615,6.220782,0.217944
1783945935303,31.040000,-6.594876,-17.740933,-17.926207,11.331331,5.219345,5.005721,-0.209064
1783945935323,31.060000,-13.563964,-17.905422,-18.147243,4.583279,4.605435,4.395987,-1.139954
1783945935343,31.080000,1.633095,-18.092949,-18.395210,20.028305,3.990068,3.788051,-2.660683
1783945935363,31.100000,-11.182052,-18.302626,-18.669096,7.487044,2.766020,2.574930,-4.631608
1783945935383,31.120000,-9.525411,-18.533393,-18.967650,9.442239,0.898143,0.721668,-6.757006
1783945935403,31.140000,-19.048656,-18.784025,-19.289383,0.240727,-1.087711,-1.245757,-8.707042
1783945935423,31.160000,-8.582453,-19.053133,-19.632562,11.050109,-2.533307,-2.669054,-10.249925
1783945935443,31.180000,-27.554554,-19.339173,-19.995216,-7.559338,-2.908602,-3.018205,-11.311268
1783945935463,31.200000,-12.302469,-19.640449,-20.375138,8.072669,-2.048217,-2.127937,-11.932927
1783945935483,31.220000,-18.120869,-19.955127,-20.769892,2.649023,-0.370621,-0.416918,-12.186520
1783945935503,31.240000,2.567336,-20.281237,-21.176827,23.744163,1.513999,1.504379,-12.092796
1783945935523,31.260000,-32.311520,-20.616690,-21.593090,-10.718430,3.506714,3.536651,-11.582954
1783945935543,31.280000,-5.768565,-20.959286,-22.015642,16.247077,5.803730,5.875641,-10.556062
1783945935563,31.300000,-16.331623,-21.306725,-22.441284,6.109661,8.026105,8.141865,-9.001185
1783945935583,31.320000,0.720634,-21.656624,-22.866675,23.587309,9.196673,9.357541,-7.042223
1783945935603,31.340000,-13.315987,-22.006529,-23.288365,9.972378,8.594310,8.800865,-4.850719
1783945935623,31.360000,-7.037023,-22.353928,-23.702823,16.665800,6.426515,6.678605,-2.553341
1783945935643,31.380000,-26.907454,-22.696268,-24.106466,-2.800988,3.789335,4.086037,-0.260350
1783945935663,31.400000,-24.019325,-23.030972,-24.495698,0.476373,1.897410,2.237007,1.836404
1783945935683,31.420000,-22.948227,-23.355452,-24.866942,1.918715,1.145489,1.525466,3.442268
1783945935703,31.440000,-11.773706,-23.667129,-25.216679,13.442974,1.039033,1.456081,4.283424
1783945935723,31.460000,-39.352894,-23.963444,-25.541480,-13.811414,0.933791,1.383837,4.284894
1783945935743,31.480000,-19.638489,-24.241881,-25.838045,6.199556,0.263052,0.741304,3.625532
1783945935763,31.500000,-29.521935,-24.499978,-26.103235,-3.418700,-1.722130,-1.221123,2.623015
1783945935783,31.520000,-16.013477,-24.735346,-26.334109,10.320632,-5.439056,-4.921329,1.590851
1783945935803,31.540000,-49.071240,-24.945682,-26.527951,-22.543289,-10.029117,-9.501194,0.776914
1783945935823,31.560000,-40.855003,-25.128788,-26.682296,-14.172707,-13.513789,-12.982583,0.319204
1783945935843,31.580000,-57.461987,-25.282579,-26.794962,-30.667025,-14.184705,-13.657403,0.166564
1783945935863,31.600000,-33.725080,-25.405103,-26.864062,-6.861018,-11.817683,-11.301621,0.083158
1783945935883,31.620000,-42.762430,-25.494546,-26.888026,-15.874404,-7.681223,-7.183762,-0.166787
1783945935903,31.640000,-27.035961,-25.549251,-26.865611,-0.170350,-3.657797,-3.186191,-0.584506
1783945935923,31.660000,-32.671630,-25.567724,-26.795910,-5.875720,-1.318454,-0.879717,-0.873913
1783945935943,31.680000,-24.576109,-25.548642,-26.678355,2.102246,-1.290769,-0.891552,-0.605199
1783945935963,31.700000,-41.870930,-25.490864,-26.512716,-15.358214,-3.045357,-2.691820,0.527872
1783945935983,31.720000,-27.896910,-25.393434,-26.299095,-1.597815,-5.251543,-4.949246,2.521861
1783945936003,31.740000,-53.175636,-25.255591,-26.037917,-27.137719,-6.481636,-6.235432,5.035669
1783945936023,31.760000,-34.511880,-25.076767,-25.729917,-8.781963,-6.039185,-5.853130,7.511780
1783945936043,31.780000,-33.368100,-24.856595,-25.376122,-7.991978,-4.449560,-4.326840,9.393085
1783945936063,31.800000,-22.160480,-24.594907,-24.977832,2.817352,-2.855998,-2.798865,10.356583
1783945936083,31.820000,-38.952724,-24.291735,-24.536597,-14.416127,-1.887810,-1.897541,10.440599
1783945936103,31.840000,-26.697155,-23.947308,-24.054191,-2.642964,-1.392460,-1.469335,9.964355
1783945936123,31.860000,-40.569645,-23.562053,-23.532588,-17.037057,-1.074728,-1.218020,9.287461
1783945936143,31.880000,-18.377510,-23.136588,-22.973930,4.596420,-1.047938,-1.255930,8.609057
1783945936163,31.900000,-31.156520,-22.671718,-22.380504,-8.776016,-1.662609,-1.932623,7.958197
1783945936183,31.920000,-26.306870,-22.168429,-21.754707,-4.552163,-2.941590,-3.270034,7.307256
1783945936203,31.940000,-32.751904,-21.627879,-21.099023,-11.652881,-4.433265,-4.815701,6.641153
1783945936223,31.960000,-23.685340,-21.051395,-20.415994,-3.269346,-5.473131,-5.904349,5.938542
1783945936243,31.980000,-39.359013,-20.440457,-19.708193,-19.650820,-5.425288,-5.899402,5.142373
1783945936263,32.000000,-17.826140,-19.796692,-18.978197,1.152057,-3.979156,-4.489704,4.180721
1783945936283,32.020000,-30.213100,-19.121864,-18.228570,-11.984530,-1.355405,-1.895457,3.025286
1783945936303,32.040000,-12.551926,-18.417861,-17.461838,4.909912,1.810596,1.248317,1.739411
1783945936323,32.060000,-17.489536,-17.686682,-16.680471,-0.809065,4.705150,4.128152,0.484697
1783945936343,32.080000,0.352955,-16.930430,-15.886871,16.239825,6.696337,6.112242,-0.519227
1783945936363,32.100000,-19.728987,-16.151292,-15.083352,-4.645635,7.730507,7.146927,-1.072857
1783945936383,32.120000,-1.086976,-15.351532,-14.272136,13.185160,8.225888,7.650309,-1.089702
1783945936403,32.140000,-13.907941,-14.533477,-13.455401,-0.452540,8.532712,7.972375,-0.660503
1783945936423,32.160000,2.317302,-13.699500,-12.635095,14.952396,8.630052,8.091844,-0.034871
1783945936443,32.180000,-2.521136,-12.852016,-11.813105,9.291969,8.317196,7.807547,0.491570
1783945936463,32.200000,-2.388072,-11.993460,-10.991210,8.603137,7.625764,7.150562,0.707574
1783945936483,32.220000,-6.138529,-11.126281,-10.171077,4.032548,6.896513,6.461028,0.530579
1783945936503,32.240000,-2.438234,-10.252928,-9.354268,6.916034,6.381499,5.990326,-0.041954
1783945936523,32.260000,-1.717475,-9.375839,-8.542242,6.824767,5.920551,5.577563,-0.988711
1783945936543,32.280000,4.881387,-8.497431,-7.736362,12.617748,5.101021,4.809334,-2.260380
1783945936563,32.300000,-0.943989,-7.620088,-6.937898,5.993909,3.758496,3.520450,-3.738428
1783945936583,32.320000,-3.706340,-6.746151,-6.148041,2.441702,2.258582,2.075731,-5.240088
1783945936603,32.340000,-4.713765,-5.877910,-5.367904,0.654139,1.170401,1.043516,-6.596886
1783945936623,32.360000,5.055874,-5.017598,-4.598530,9.654404,0.800440,0.729527,-7.730249
1783945936643,32.380000,-8.478591,-4.167376,-3.840905,-4.637686,1.134265,1.118589,-8.643770
1783945936663,32.400000,4.315217,-3.329332,-3.095959,7.411176,1.846328,1.884450,-9.356158
1783945936683,32.420000,-0.511992,-2.505471,-2.364578,1.852586,2.180458,2.270279,-9.854337
1783945936703,32.440000,15.459869,-1.697710,-1.647607,17.107476,1.259483,1.398303,-10.087264
1783945936723,32.460000,-8.482667,-0.907872,-0.945856,-7.536811,-1.202850,-1.018281,-9.978185
1783945936743,32.480000,2.406565,-0.137681,-0.260110,2.666675,-4.698272,-4.471682,-9.471974
1783945936763,32.500000,-2.482279,0.611243,0.408876,-2.891155,-8.322362,-8.057890,-8.614884
1783945936783,32.520000,-5.534754,1.337386,1.060363,-6.595117,-10.960506,-10.662627,-7.582457
1783945936803,32.540000,-13.614896,2.039345,1.693633,-15.308529,-11.423553,-11.097008,-6.611303
1783945936823,32.560000,-5.158282,2.715831,2.307988,-7.466270,-9.106806,-8.756525,-5.899122
1783945936843,32.580000,-3.330486,3.365670,2.902742,-6.233227,-4.643281,-4.274310,-5.535634
1783945936863,32.600000,13.809132,3.987805,3.477228,10.331904,0.206533,0.589104,-5.451034
1783945936883,32.620000,13.098249,4.581300,4.030797,9.067452,3.468345,3.859453,-5.380674
1783945936903,32.640000,20.431305,5.145338,4.562822,15.868483,4.115146,4.509820,-4.917540
1783945936923,32.660000,3.462596,5.679222,5.072697,-1.610101,2.648843,3.042273,-3.692383
1783945936943,32.680000,6.758670,6.182375,5.559843,1.198827,0.585273,0.972873,-1.603959
1783945936963,32.700000,-0.908748,6.654342,6.023711,-6.932460,-0.764141,-0.386673,1.055274
1783945936983,32.720000,14.658479,7.094784,6.463790,8.194689,-1.126272,-0.762902,3.696574
1783945937003,32.740000,3.237328,7.503484,6.879606,-3.642279,-1.100940,-0.755259,5.718522
1783945937023,32.760000,16.796259,7.880335,7.270733,9.525526,-1.442108,-1.117313,6.785518
1783945937043,32.780000,0.838893,8.225349,7.636793,-6.797899,-2.486562,-2.185469,6.918295
1783945937063,32.800000,15.908224,8.538644,7.977465,7.930759,-3.941897,-3.666982,6.380142
1783945937083,32.820000,-4.563879,8.820449,8.292489,-12.856368,-4.956507,-4.709950,5.488544
1783945937103,32.840000,4.424485,9.071097,8.581672,-4.157187,-4.564498,-4.348198,4.475534
1783945937123,32.860000,7.074122,9.291020,8.844890,-1.770768,-2.364789,-2.180278,3.445242
1783945937143,32.880000,12.472281,9.480747,9.082095,3.390186,1.264956,1.416753,2.431503
1783945937163,32.900000,12.537381,9.640901,9.293316,3.244065,5.499509,5.618693,1.501319
1783945937183,32.920000,23.955088,9.772188,9.478665,14.476423,9.382911,9.471116,0.810508
1783945937203,32.940000,16.712055,9.875400,9.638338,7.073717,12.049909,12.110612,0.559872
1783945937223,32.960000,25.455488,9.951405,9.772619,15.682869,12.875906,12.914079,0.889079
1783945937243,32.980000,18.500751,10.001141,9.881875,8.618876,11.509230,11.529787,1.789942
1783945937263,33.000000,24.181196,10.025611,9.912903,14.268293,7.999628,8.005027,3.084965
1783945937283,33.020000,9.139686,10.025880,9.977966,-0.838280,3.033724,3.022850,4.468665
1783945937303,33.040000,11.869904,10.003062,10.019457,1.850447,-2.051741,-2.082010,5.580106
1783945937323,33.060000,-8.042906,9.958319,10.038070,-18.080976,-5.711071,-5.763329,6.069719
1783945937343,33.080000,4.319226,9.892852,10.034576,-5.715350,-6.973197,-7.048142,5.658287
1783945937363,33.100000,-1.932689,9.807896,10.009827,-11.942517,-6.003773,-6.100179,4.217102
1783945937383,33.120000,14.786119,9.704711,9.964742,4.821376,-3.868506,-3.983837,1.867032
1783945937403,33.140000,2.519004,9.584578,9.900306,-7.381302,-1.706159,-1.837272,-0.974730
1783945937423,33.160000,10.701703,9.448791,9.817562,0.884141,-0.143608,-0.287291,-3.687406
1783945937443,33.180000,2.917771,9.298653,9.717605,-6.799834,0.623961,0.470702,-5.671423
1783945937463,33.200000,15.906242,9.135466,9.601574,6.304668,0.548189,0.388043,-6.568148
1783945937483,33.220000,-5.326539,8.960531,9.470644,-14.797183,-0.349965,-0.514600,-6.341646
1783945937503,33.240000,14.152575,8.775139,9.326019,4.826556,-2.080028,-2.246989,-5.221140
1783945937523,33.260000,4.795117,8.580566,9.168926,-4.373809,-4.628673,-4.795986,-3.576217
1783945937543,33.280000,0.737945,8.378069,9.000604,-8.262659,-7.481717,-7.647573,-1.786458
1783945937563,33.300000,-10.247206,8.168883,8.822299,-19.069505,-9.547229,-9.709988,-0.161884
1783945937583,33.320000,0.945988,7.954215,8.635257,-7.689269,-9.870532,-10.028731,1.064715
1783945937603,33.340000,-10.165194,7.735242,8.440714,-18.605908,-8.254755,-8.407126,1.730231
1783945937623,33.360000,4.782423,7.513108,8.239896,-3.457473,-5.366364,-5.511847,1.784647
1783945937643,33.380000,6.443169,7.288919,8.034006,-1.590837,-2.441399,-2.579143,1.359479
1783945937663,33.400000,9.579886,7.063745,7.824223,1.755663,-0.569779,-0.699143,0.771631
1783945937683,33.420000,8.820240,6.838614,7.611695,1.208545,0.009421,-0.111125,0.422632
1783945937703,33.440000,2.202659,6.614513,7.397539,-5.194880,0.001563,-0.109916,0.631200
1783945937723,33.460000,-4.651984,6.392385,7.182829,-11.834813,0.364223,0.261880,1.473438
1783945937743,33.480000,16.915720,6.173130,6.968603,9.947117,1.367253,1.273953,2.734445
1783945937763,33.500000,3.252626,5.957602,6.755853,-3.503227,2.490424,2.405927,4.037623
1783945937783,33.520000,16.625381,5.746610,6.545523,10.079858,3.137082,3.061020,5.065579
1783945937803,33.540000,5.667640,5.540920,6.338513,-0.670873,3.163330,3.095220,5.697277
1783945937823,33.560000,8.626113,5.341247,6.135672,2.490441,2.894451,2.833717,5.972813
1783945937843,33.580000,1.467521,5.148264,5.937798,-4.470276,2.737027,2.683019,5.960526
1783945937863,33.600000,16.585793,4.962595,5.745637,10.840156,2.761485,2.713497,5.673441
1783945937883,33.620000,5.632720,4.784820,5.559886,0.072833,2.832200,2.789488,5.095686
1783945937903,33.640000,9.226350,4.615471,5.381187,3.845163,3.003124,2.964929,4.254753
1783945937923,33.660000,0.399215,4.455031,5.210130,-4.810915,3.411147,3.376706,3.239566
1783945937943,33.680000,16.808500,4.303941,5.047251,11.761249,3.860969,3.829535,2.148971
1783945937963,33.700000,11.394672,4.162590,4.893035,6.501637,3.966774,3.937624,1.059209
1783945937983,33.720000,3.073980,4.031321,4.747912,-1.673932,3.701133,3.673573,0.048575
1783945938003,33.740000,7.631500,3.910431,4.612259,3.019241,3.343118,3.316500,-0.800003
1783945938023,33.760000,10.559637,3.800164,4.486402,6.073235,3.003909,2.977639,-1.450751
1783945938043,33.780000,4.022155,3.700719,4.370610,-0.348455,2.605488,2.579055,-1.941534
1783945938063,33.800000,8.597520,3.612241,4.265103,4.332417,2.089451,2.062477,-2.340181
1783945938083,33.820000,0.129786,3.534826,4.170045,-4.040259,1.384350,1.356647,-2.692937
1783945938103,33.840000,19.204386,3.468518,4.085550,15.118836,0.440480,0.412111,-3.015789
1783945938123,33.860000,-6.139965,3.413310,4.011673,-10.151638,-0.405014,-0.433720,-3.297432
1783945938143,33.880000,2.968471,3.369137,3.946740,-0.978269,-0.410640,-0.439150,-3.509957
1783945938163,33.900000,-1.938263,3.335882,3.892229,-5.830493,0.805153,0.777469,-3.651263
1783945938183,33.920000,14.005425,3.313374,3.848043,10.157382,2.724515,2.698297,-3.766092
1783945938203,33.940000,0.821995,3.301382,3.814034,-2.992039,4.293522,4.269405,-3.886775
1783945938223,33.960000,17.538918,3.299619,3.790002,13.748916,4.554457,4.533092,-3.952064
1783945938243,33.980000,5.269254,3.307741,3.775698,1.493556,3.127659,3.109750,-3.813854
1783945938263,34.000000,1.413933,3.325343,3.770824,-2.356890,0.457117,0.443435,-3.344105
1783945938283,34.020000,-2.530028,3.351963,3.775032,-6.305060,-2.529606,-2.538208,-2.554268
1783945938303,34.040000,-2.703407,3.387077,3.787926,-6.491333,-5.082795,-5.085403,-1.636182
1783945938323,34.060000,-3.398444,3.430105,3.809061,-7.207505,-6.901545,-6.897194,-0.887109
1783945938343,34.080000,-1.750109,3.480403,3.837948,-5.588057,-7.921811,-7.909509,-0.555322
1783945938363,34.100000,-11.281349,3.537271,3.874046,-15.155395,-8.050499,-8.029253,-0.714652
1783945938383,34.120000,-0.189419,3.599950,3.916774,-4.106193,-7.207884,-7.176721,-1.255873
1783945938403,34.140000,-3.102194,3.667625,3.965502,-7.067696,-5.439937,-5.397926,-1.961878
1783945938423,34.160000,-3.531678,3.739424,4.019558,-7.551236,-2.845063,-2.791341,-2.585665
1783945938443,34.180000,-1.786170,3.814421,4.078226,-5.864395,0.294189,0.360402,-2.908225
1783945938463,34.200000,14.688957,3.891641,4.140747,10.548210,3.295956,3.375329,-2.779596
1783945938483,34.220000,3.599572,3.970058,4.206323,-0.606751,5.420684,5.513758,-2.128198
1783945938503,34.240000,11.578706,4.048601,4.274114,7.304592,6.374070,6.481233,-0.948367
1783945938523,34.260000,3.086369,4.126157,4.343242,-1.256873,6.251622,6.373092,0.686901
1783945938543,34.280000,8.214528,4.201572,4.412789,3.801739,5.160792,5.296596,2.585515
1783945938563,34.300000,10.717411,4.273659,4.481801,6.235610,3.108916,3.258874,4.443900
1783945938583,34.320000,2.124122,4.341199,4.549285,-2.425163,0.327918,0.491627,5.941129
1783945938603,34.340000,-0.385125,4.402946,4.614216,-4.999341,-2.479941,-2.303119,6.839818
1783945938623,34.360000,-0.668804,4.457632,4.675531,-5.344335,-4.401129,-4.212075,7.015176
1783945938643,34.380000,-10.273579,4.503972,4.732133,-15.005712,-4.796546,-4.596391,6.432106
1783945938663,34.400000,2.691017,4.540670,4.782892,-2.091875,-3.735047,-3.525171,5.133789
1783945938683,34.420000,-0.805866,4.566423,4.826646,-5.632512,-2.075476,-1.857511,3.270474
1783945938703,34.440000,7.417804,4.579927,4.862201,2.555603,-0.972077,-0.747893,1.129059
1783945938723,34.460000,2.184675,4.579886,4.888334,-2.703659,-1.197824,-0.969523,-0.897301
1783945938743,34.480000,9.138311,4.565012,4.903794,4.234517,-2.678805,-2.448704,-2.416399
1783945938763,34.500000,-8.595413,4.534039,4.907304,-13.502717,-4.396447,-4.167054,-3.179435
1783945938783,34.520000,-6.204681,4.485723,4.897566,-11.102248,-4.993103,-4.767094,-3.186995
1783945938803,34.540000,-2.159649,4.418854,4.873261,-7.032910,-3.856610,-3.636802,-2.693327
1783945938823,34.560000,4.387996,4.332259,4.833053,-0.445057,-1.601575,-1.390885,-2.075519
1783945938843,34.580000,8.045620,4.224810,4.775597,3.270023,0.487946,0.686535,-1.618333
1783945938863,34.600000,12.544805,4.095434,4.699541,7.845264,1.429035,1.612515,-1.358116
1783945938883,34.620000,1.512920,3.943115,4.603533,-3.090613,1.197710,1.363096,-1.110844
1783945938903,34.640000,4.446893,3.766902,4.486228,-0.039335,0.593060,0.737432,-0.661516
1783945938923,34.660000,0.449215,3.565919,4.346296,-3.897081,0.477965,0.598520,0.044299
1783945938943,34.680000,4.688468,3.339368,4.182429,0.506039,1.124792,1.218889,0.851656
1783945938963,34.700000,8.135447,3.086537,3.993350,4.142098,2.089838,2.155048,1.508458
1783945938983,34.720000,11.924102,2.806804,3.777824,8.146278,2.627972,2.662124,1.837485
1783945939003,34.740000,-0.634068,2.499645,3.534671,-4.168739,2.238807,2.240034,1.829832
1783945939023,34.760000,8.077587,2.164637,3.262770,4.814817,0.736746,0.703532,1.598292
1783945939043,34.780000,8.090003,1.801466,2.961078,5.128925,-1.855548,-1.924325,1.262678
1783945939063,34.800000,1.755098,1.409927,2.628640,-0.873542,-4.945884,-5.050906,0.883661
1783945939083,34.820000,-9.429942,0.989931,2.264598,-11.694540,-7.152097,-7.293574,0.465097
1783945939103,34.840000,-7.178496,0.541507,1.868209,-9.046705,-7.023889,-7.201532,-0.040673
1783945939123,34.860000,-5.717457,0.064805,1.438854,-7.156311,-4.124624,-4.337644,-0.731711
1783945939143,34.880000,4.321866,-0.439901,0.976052,3.345814,0.541271,0.294134,-1.688548
1783945939163,34.900000,9.255966,-0.972213,0.479473,8.776493,4.995579,4.716003,-2.842413
1783945939183,34.920000,18.655006,-1.531607,-0.051052,18.706058,7.337612,7.027619,-3.902530
1783945939203,34.940000,4.976414,-2.117432,-0.615518,5.591931,6.795424,6.457338,-4.444204
1783945939223,34.960000,8.207534,-2.728914,-1.213736,9.421270,4.043917,3.680410,-4.130783
1783945939243,34.980000,-1.384931,-3.365153,-1.845326,0.460395,0.707799,0.322091,-2.930411
1783945939263,35.000000,-4.890780,-4.025127,-2.509706,-2.381074,-1.397397,-1.801154,-1.179345
1783945939283,35.020000,-7.436089,-4.707695,-3.206089,-4.230001,-1.045586,-1.461820,0.550858
1783945939303,35.040000,3.040010,-5.411602,-3.933478,6.973488,1.822254,1.400865,1.702749
1783945939323,35.060000,-2.000322,-6.135479,-4.690662,2.690340,6.119435,5.701697,1.968627
1783945939343,35.080000,15.161378,-6.877854,-5.476218,20.637596,10.136410,9.731154,1.408624
1783945939363,35.100000,4.322766,-7.637153,-6.339759,10.662525,12.252574,11.866304,0.406719
1783945939383,35.120000,9.859249,-8.411709,-7.176129,17.035378,11.533847,11.169460,-0.517290
1783945939403,35.140000,0.475082,-9.199772,-8.035232,8.510313,7.932514,7.590514,-0.949940
1783945939423,35.160000,-2.955783,-9.999509,-8.914845,5.959062,2.215650,1.896390,-0.760512
1783945939443,35.180000,-14.976480,-10.809023,-9.812586,-5.163894,-4.226127,-4.521142,-0.139568
1783945939463,35.200000,-18.727848,-11.626353,-10.725910,-8.001938,-9.752206,-10.020218,0.497617
1783945939483,35.220000,-29.588863,-12.449492,-11.652130,-17.936733,-12.983444,-13.220933,0.681530
1783945939503,35.240000,-23.405613,-13.276390,-12.588428,-10.817185,-13.286440,-13.489738,0.064472
1783945939523,35.260000,-22.397327,-14.104968,-13.531882,-8.865445,-10.903527,-11.069312,-1.438247
1783945939543,35.280000,-20.114239,-14.933130,-14.479482,-5.634757,-6.592836,-6.718413,-3.580678
1783945939563,35.300000,-20.533764,-15.758769,-15.428155,-5.105609,-1.261859,-1.345266,-5.837926
1783945939583,35.320000,-11.172536,-16.579784,-16.374789,5.202253,4.051308,4.011300,-7.577328
1783945939603,35.340000,-7.743254,-17.394086,-17.316257,9.573003,8.236283,8.240217,-8.265174
1783945939623,35.360000,-7.751556,-18.199611,-18.249443,10.497887,10.494185,10.541964,-7.605653
1783945939643,35.380000,-4.582548,-18.994333,-19.171264,14.588716,10.737213,10.828136,-5.585859
1783945939663,35.400000,-12.922638,-19.776270,-20.078700,7.156062,9.719068,9.851856,-2.465455
1783945939683,35.420000,-25.464825,-20.543501,-20.968816,-4.496009,8.631847,8.804659,1.258236
1783945939703,35.440000,-12.930990,-21.294172,-21.838789,8.907799,8.141878,8.352338,4.924992
1783945939723,35.460000,-16.575440,-22.026510,-22.685929,6.110489,7.851258,8.096486,7.867114
1783945939743,35.480000,-7.762257,-22.738831,-23.507705,15.745449,6.945707,7.222361,9.627828
1783945939763,35.500000,-33.040142,-23.429548,-24.301763,-8.738379,5.140710,5.445042,10.113212
1783945939783,35.520000,-23.890354,-24.097187,-25.065949,1.175595,2.671284,2.999205,9.537644
1783945939803,35.540000,-22.430590,-24.740389,-25.798320,3.367730,-0.263582,0.083566,8.217668
1783945939823,35.560000,-33.284573,-25.357922,-26.497167,-6.787406,-3.381888,-3.020069,6.425564
1783945939843,35.580000,-44.199097,-25.948688,-27.161020,-17.038077,-6.029603,-5.657787,4.375566
1783945939863,35.600000,-36.759240,-26.511727,-27.788662,-8.970578,-7.691305,-7.314200,2.238340
1783945939883,35.620000,-44.784504,-27.046227,-28.379135,-16.405369,-8.559891,-8.182161,0.130674
1783945939903,35.640000,-31.220554,-27.551525,-28.931741,-2.288813,-9.316414,-8.942604,-1.856987
1783945939923,35.660000,-45.245240,-28.027114,-29.446044,-15.799196,-10.396605,-10.031077,-3.583385
1783945939943,35.680000,-46.542866,-28.472641,-29.921868,-16.620998,-11.543383,-11.190254,-4.841497
1783945939963,35.700000,-47.621124,-28.887913,-30.359291,-17.261833,-12.138934,-11.802034,-5.459564
1783945939983,35.720000,-40.383960,-29.272893,-30.758637,-9.625323,-11.716812,-11.399642,-5.407646
1783945940003,35.740000,-55.448864,-29.627702,-31.120466,-24.328398,-10.087316,-9.793006,-4.797201
1783945940023,35.760000,-34.950060,-29.952614,-31.445559,-3.504501,-7.472636,-7.203886,-3.794775
1783945940043,35.780000,-44.537030,-30.248056,-31.734904,-12.802126,-4.617155,-4.376146,-2.537192
1783945940063,35.800000,-30.910797,-30.514597,-31.989682,1.078885,-2.469382,-2.257657,-1.093627
1783945940083,35.820000,-32.244320,-30.752948,-32.211243,-0.033077,-1.623339,-1.441690,0.533169
1783945940103,35.840000,-42.846280,-30.963953,-32.401095,-10.445185,-1.937751,-1.786162,2.362628
1783945940123,35.860000,-35.926422,-31.148580,-32.560876,-3.365546,-2.763093,-2.640879,4.344993
1783945940143,35.880000,-37.808098,-31.307912,-32.692340,-5.115758,-3.514364,-3.420594,6.294487
1783945940163,35.900000,-37.838600,-31.443139,-32.797337,-5.041263,-3.849888,-3.784171,7.926117
1783945940183,35.920000,-35.925420,-31.555544,-32.877787,-3.047633,-3.552997,-3.516482,8.976839
1783945940203,35.940000,-37.103540,-31.646497,-32.935668,-4.167872,-2.496073,-2.492211,9.315711
1783945940223,35.960000,-34.343560,-31.717437,-32.972990,-1.370570,-0.703396,-0.737662,8.969523
1783945940243,35.980000,-26.978516,-31.769866,-32.990300,6.011784,1.608556,1.530991,8.085359
1783945940263,36.000000,-29.969908,-31.805331,-32.904188,2.934280,4.164368,4.042562,6.883919
1783945940283,36.020000,-31.677877,-31.825415,-32.890829,1.212952,6.658703,6.498033,5.606182
1783945940303,36.040000,-15.812912,-31.831722,-32.865032,17.052120,8.510445,8.320454,4.448961
1783945940323,36.060000,-20.771576,-31.825866,-32.828731,12.057155,9.002778,8.793214,3.527179
1783945940343,36.080000,-21.304192,-31.809456,-32.783801,11.479609,7.904080,7.682504,2.882439
1783945940363,36.100000,-22.752214,-31.784086,-32.732051,9.979837,5.733436,5.504842,2.494541
1783945940383,36.120000,-27.701221,-31.751322,-32.675211,4.973990,3.491812,3.259277,2.259255
1783945940403,36.140000,-30.759766,-31.712689,-32.614927,1.855161,2.179718,1.945294,1.971221
1783945940423,36.160000,-24.257156,-31.669664,-32.552748,8.295592,2.290114,2.055534,1.377162
1783945940443,36.180000,-32.632973,-31.623660,-32.490123,-0.142850,3.544592,3.311646,0.289190
1783945940463,36.200000,-14.770897,-31.576021,-32.428392,17.657495,4.973311,4.743948,-1.314176
1783945940483,36.220000,-18.366700,-31.528010,-32.368783,14.002083,5.455048,5.231314,-3.247949
1783945940503,36.240000,-20.936410,-31.480802,-32.312407,11.375997,4.577722,4.361646,-5.166115
1783945940523,36.260000,-28.830297,-31.435477,-32.260252,3.429955,2.921944,2.715436,-6.701276
1783945940543,36.280000,-25.363369,-31.393011,-32.213180,6.849811,1.445120,1.249904,-7.642639
1783945940563,36.300000,-31.681087,-31.354274,-32.171926,0.490839,0.727266,0.544860,-8.034157
1783945940583,36.320000,-25.735962,-31.320023,-32.137093,6.401131,0.609774,0.441493,-8.111714
1783945940603,36.340000,-22.912918,-31.290896,-32.109152,9.196234,0.319191,0.166163,-8.128922
1783945940623,36.360000,-20.599510,-31.267416,-32.088440,11.488930,-0.864203,-1.001018,-8.202935
1783945940643,36.380000,-29.875769,-31.249981,-32.075160,2.199391,-2.816985,-2.936780,-8.275731
1783945940663,36.400000,-35.148144,-31.238867,-32.069378,-3.078766,-4.495876,-4.597993,-8.206458
1783945940683,36.420000,-44.021110,-31.234230,-32.071030,-11.950080,-4.850414,-4.934332,-7.928689
1783945940703,36.440000,-20.632635,-31.236102,-32.079918,11.447283,-3.854518,-3.919859,-7.533742
1783945940723,36.460000,-28.538790,-31.244396,-32.095715,3.556925,-2.371790,-2.418312,-7.176414
1783945940743,36.480000,-21.909416,-31.258906,-32.117965,10.208549,-1.020781,-1.048386,-6.887937
1783945940763,36.500000,-30.240396,-31.279315,-32.146095,1.905699,0.507680,0.498951,-6.504887
1783945940783,36.520000,-20.597992,-31.305194,-32.179412,11.581420,3.177852,3.187813,-5.794584
1783945940803,36.540000,-30.362064,-31.336011,-32.217114,1.855050,7.899030,7.927347,-4.639521
1783945940823,36.560000,-40.246628,-31.371133,-32.258296,-7.988332,14.370303,14.416497,-3.121511
1783945940843,36.580000,22.042599,-31.409839,-32.301960,54.344559,20.086107,20.149545,-1.460014
1783945940863,36.600000,-5.241935,-31.451319,-32.347026,27.105091,21.624547,21.704447,0.180065
1783945940883,36.620000,-15.846336,-31.494690,-32.392338,16.546002,17.412093,17.507517,1.853850
1783945940903,36.640000,-19.079437,-31.539000,-32.436683,13.357246,8.442873,8.552733,3.736019
1783945940923,36.660000,-36.085144,-31.583239,-32.478799,-3.606345,-2.906283,-2.783226,5.787808
1783945940943,36.680000,-24.542843,-31.626347,-32.517387,7.974544,-13.564195,-13.429323,7.557420
1783945940963,36.700000,-90.619040,-31.667227,-32.551131,-58.067909,-20.171613,-20.026447,8.348844
1783945940983,36.720000,-54.540504,-31.704752,-32.578708,-21.961796,-20.874830,-20.721016,7.541663
1783945941003,36.740000,-33.715637,-31.737778,-32.598800,-1.116837,-17.102556,-16.941858,4.840140
1783945941023,36.760000,-34.316080,-31.765152,-32.610112,-1.705968,-12.166821,-12.001099,0.505056
1783945941043,36.780000,-45.282143,-31.785724,-32.611382,-12.670761,-8.285275,-8.116475,-4.521913
1783945941063,36.800000,-37.226920,-31.798355,-32.601395,-4.625525,-5.748588,-5.578714,-8.877078
1783945941083,36.820000,-43.126660,-31.801925,-32.578996,-10.547664,-3.929507,-3.760605,-11.384252
1783945941103,36.840000,-37.021458,-31.795348,-32.543097,-4.478361,-2.242490,-2.076620,-11.553210
1783945941123,36.860000,-35.399616,-31.777573,-32.492693,-2.906923,-0.580503,-0.419714,-9.616076
1783945941143,36.880000,-32.883957,-31.747599,-32.426866,-0.457091,0.709479,0.863177,-6.229181
1783945941163,36.900000,-26.242538,-31.704478,-32.344797,6.102259,1.229914,1.374577,-2.141183
1783945941183,36.920000,-38.367023,-31.647323,-32.245769,-6.121254,1.000514,1.134293,2.015068
1783945941203,36.940000,-27.572480,-31.575318,-32.129176,4.556696,0.561208,0.682375,5.782514
1783945941223,36.960000,-40.078170,-31.487719,-31.994526,-8.083644,0.681666,0.788645,8.847325
1783945941243,36.980000,-43.990913,-31.383864,-31.841443,-12.149470,1.780591,1.871982,10.990898
1783945941263,37.000000,-19.422490,-31.263176,-31.669672,12.247182,3.289645,3.364248,12.081108
1783945941283,37.020000,-27.531553,-31.125167,-31.479075,3.947522,3.988576,4.045413,12.130975
1783945941303,37.040000,-31.745380,-30.969443,-31.269636,-0.475744,3.214538,3.252871,11.361123
1783945941323,37.060000,-31.998780,-30.795707,-31.041453,-0.957327,1.321885,1.341230,10.144892
1783945941343,37.080000,-33.971420,-30.603760,-30.794741,-3.176679,-0.775923,-0.775781,8.825745
1783945941363,37.100000,-42.272217,-30.393507,-30.529826,-11.742391,-2.120870,-2.139874,7.553677
1783945941383,37.120000,-36.411880,-30.164953,-30.247137,-6.164743,-2.226160,-2.263975,6.278385
1783945941403,37.140000,-32.346153,-29.918208,-29.947207,-2.398946,-1.406302,-1.462321,4.875192
1783945941423,37.160000,-32.106236,-29.653486,-29.630661,-2.475575,-0.472639,-0.545987,3.291664
1783945941443,37.180000,-33.265060,-29.371101,-29.298212,-3.966848,-0.156128,-0.245675,1.627039
1783945941463,37.200000,-26.066355,-29.071474,-28.950655,2.884300,-0.767741,-0.872118,0.100993
1783945941483,37.220000,-37.987220,-28.755121,-28.588855,-9.398365,-2.032929,-2.150547,-1.061423
1783945941503,37.240000,-34.086266,-28.422660,-28.213744,-5.872522,-3.206544,-3.335622,-1.746881
1783945941523,37.260000,-33.905403,-28.074800,-27.826312,-6.079091,-3.527818,-3.666408,-2.002949
1783945941543,37.280000,-34.451153,-27.712344,-27.427598,-7.023555,-2.560226,-2.706247,-1.998990
1783945941563,37.300000,-30.828180,-27.336181,-27.018683,-3.809497,-0.304232,-0.455503,-1.927186
1783945941583,37.320000,-21.882915,-26.947284,-26.600684,4.717769,2.799280,2.645003,-1.900436
1783945941603,37.340000,-29.367369,-26.546703,-26.174745,-3.192624,6.036169,5.881159,-1.905733
1783945941623,37.360000,-13.081781,-26.135560,-25.742036,12.660255,8.566992,8.413508,-1.832882
1783945941643,37.380000,-16.621485,-25.715045,-25.303739,8.682254,9.614943,9.465197,-1.544051
1783945941663,37.400000,-16.004662,-25.286408,-24.861049,8.856387,8.880551,8.736667,-0.943988
1783945941683,37.420000,-25.903921,-24.850953,-24.415168,-1.488753,6.660704,6.524685,-0.040062
1783945941703,37.440000,-19.371365,-24.410033,-23.967301,4.595936,3.407743,3.281437,1.014605
1783945941723,37.460000,-20.771687,-23.965042,-23.518649,2.746962,-0.539496,-0.654426,1.936217
1783945941743,37.480000,-27.604826,-23.517407,-23.070411,-4.534415,-4.631620,-4.733723,2.415533
1783945941763,37.500000,-38.953300,-23.068584,-22.623780,-16.329520,-7.951072,-8.039133,2.240947
1783945941783,37.520000,-27.241340,-22.620047,-22.179937,-5.061403,-9.729243,-9.802301,1.340079
1783945941803,37.540000,-31.177252,-22.173283,-21.740055,-9.437197,-9.725614,-9.782978,-0.234414
1783945941823,37.560000,-33.863216,-21.729785,-21.305292,-12.557924,-8.056052,-8.097309,-2.299542
1783945941843,37.580000,-25.322062,-21.291043,-20.876793,-4.445269,-5.162295,-5.187316,-4.537989
1783945941863,37.600000,-20.283390,-20.858534,-20.455686,0.172296,-1.915671,-1.924610,-6.552162
1783945941883,37.620000,-17.161690,-20.433720,-20.043084,2.881394,0.701985,0.708700,-7.956009
1783945941903,37.640000,-15.376162,-20.018034,-19.640080,4.263918,2.096155,2.117830,-8.452785
1783945941923,37.660000,-14.713647,-19.612879,-19.247746,4.534099,2.285593,2.321284,-7.899231
1783945941943,37.680000,-17.629326,-19.219614,-18.867133,1.237807,1.820034,1.868570,-6.363720
1783945941963,37.700000,-19.317484,-18.839551,-18.499269,-0.818215,1.419744,1.479749,-4.138884
1783945941983,37.720000,-18.022038,-18.473945,-18.145154,0.123116,1.451893,1.521818,-1.675866
1783945942003,37.740000,-9.302314,-18.123991,-17.805758,8.503444,1.685008,1.763161,0.549039
1783945942023,37.760000,-15.610294,-17.790814,-17.482021,1.871727,1.628986,1.713564,2.188441
1783945942043,37.780000,-9.038216,-17.475465,-17.174845,8.136629,1.072814,1.161944,3.119437
1783945942063,37.800000,-14.231119,-17.178913,-16.885094,2.653975,0.351100,0.442872,3.424272
1783945942083,37.820000,-24.355062,-16.902044,-16.613587,-7.741475,0.155949,0.248455,3.275619
1783945942103,37.840000,-11.571313,-16.645652,-16.361094,4.789781,0.845872,0.937242,2.811259
1783945942123,37.860000,-6.890707,-16.410438,-16.128331,9.237624,2.029063,2.117501,2.098538
1783945942143,37.880000,-12.776533,-16.197006,-15.915954,3.139421,3.068659,3.152477,1.205234
1783945942163,37.900000,-6.685437,-16.005855,-15.724555,9.039118,3.678194,3.755844,0.274754
1783945942183,37.920000,-14.589383,-15.837386,-15.554657,0.965274,3.906526,3.976624,-0.500283
1783945942203,37.940000,-6.701124,-15.691891,-15.406702,8.705578,3.850954,3.912308,-0.986032
1783945942223,37.960000,-12.047858,-15.569557,-15.281055,3.233197,3.490280,3.541909,-1.175217
1783945942243,37.980000,-6.393560,-15.470464,-15.177991,8.784432,2.754143,2.795289,-1.156699
1783945942263,38.000000,-12.557149,-15.394586,-15.097693,2.540544,1.715852,1.745993,-1.043898
1783945942283,38.020000,-15.435833,-15.341787,-15.040247,-0.395586,0.624450,0.643304,-0.931872
1783945942303,38.040000,-15.844948,-15.311831,-15.005637,-0.839311,-0.376576,-0.369051,-0.900072
1783945942323,38.060000,-7.116301,-15.304374,-14.993741,7.877440,-1.436206,-1.439810,-1.018328
1783945942343,38.080000,-13.422411,-15.318972,-15.004331,1.581920,-2.586867,-2.601166,-1.312604
1783945942363,38.100000,-25.854214,-15.355085,-15.037068,-10.817146,-3.338288,-3.362621,-1.730829
1783945942383,38.120000,-19.614016,-15.412075,-15.091499,-4.522517,-3.197139,-3.230630,-2.183148
1783945942403,38.140000,-9.719231,-15.489213,-15.167171,5.447940,-2.396835,-2.438423,-2.617693
1783945942423,38.160000,-13.697025,-15.585683,-15.263342,1.566317,-1.580505,-1.628966,-3.013091
1783945942443,38.180000,-14.509114,-15.700588,-15.379226,0.870112,-0.968132,-1.022119,-3.295193
1783945942463,38.200000,-16.063583,-15.832952,-15.513929,-0.549654,-0.187827,-0.245901,-3.320117
1783945942483,38.220000,-16.621730,-15.981725,-15.666451,-0.955279,1.252805,1.192144,-2.974867
1783945942503,38.240000,-16.181845,-16.145792,-15.835695,-0.346150,3.401583,3.339866,-2.276383
1783945942523,38.260000,-7.776126,-16.323977,-16.020468,8.244342,5.558809,5.497564,-1.357066
1783945942543,38.280000,-5.965251,-16.515047,-16.219489,10.254238,6.559768,6.500496,-0.361626
1783945942563,38.300000,-13.534187,-16.717724,-16.431399,2.897212,5.465297,5.409435,0.640057
1783945942583,38.320000,-13.125351,-16.930685,-16.654764,3.529413,1.962251,1.911151,1.643820
1783945942603,38.340000,-12.967541,-17.152573,-16.888090,3.920549,-3.552682,-3.597784,2.624925
1783945942623,38.360000,-24.936820,-17.382000,-17.129826,-7.806994,-9.724765,-9.762770,3.472308
1783945942643,38.380000,-37.531162,-17.617560,-17.378380,-20.152782,-14.266267,-14.296234,3.995063
1783945942663,38.400000,-42.744793,-17.857830,-17.632130,-25.112663,-14.993279,-15.014442,3.963832
1783945942683,38.420000,-35.755540,-18.101378,-17.889426,-17.866114,-11.342783,-11.354564,3.168986
1783945942703,38.440000,-13.541357,-18.346771,-18.148614,4.607257,-4.910284,-4.912303,1.548037
1783945942723,38.460000,-17.447258,-18.592582,-18.408036,0.960778,1.639589,1.647510,-0.636625
1783945942743,38.480000,-7.462230,-18.837395,-18.666045,11.203816,6.183006,6.200841,-2.748054
1783945942763,38.500000,-12.042000,-19.079810,-18.921019,6.879019,7.947124,7.974646,-3.991513
1783945942783,38.520000,-12.441694,-19.318453,-19.171364,6.729670,7.467867,7.504655,-3.791989
1783945942803,38.540000,-22.714943,-19.551978,-19.415532,-3.299411,6.009575,6.055022,-2.078350
1783945942823,38.560000,-16.954544,-19.779075,-19.652025,2.697481,4.660972,4.714302,0.690372
1783945942843,38.580000,-14.204517,-19.998476,-19.879406,5.674889,3.781576,3.841859,3.739896
1783945942863,38.600000,-17.624292,-20.208957,-20.096309,2.472017,3.266570,3.332739,6.307227
1783945942883,38.620000,-18.863312,-20.409349,-20.301445,1.438133,3.058283,3.129161,7.906180
1783945942903,38.640000,-26.905563,-20.598538,-20.493612,-6.411951,3.137103,3.211422,8.400804
1783945942923,38.660000,-12.725678,-20.775472,-20.671696,7.946018,3.160021,3.236450,7.907417
1783945942943,38.680000,-23.369800,-20.939167,-20.834686,-2.535114,2.491377,2.568548,6.669405
1783945942963,38.700000,-19.011398,-21.088707,-20.981667,1.970269,0.672864,0.749395,4.989918
1783945942983,38.720000,-18.039444,-21.223252,-21.111836,3.072392,-2.152199,-2.077676,3.187514
1783945943003,38.740000,-35.408905,-21.342040,-21.224496,-14.184409,-5.036295,-4.965106,1.528477
1783945943023,38.760000,-31.601107,-21.444391,-21.319061,-10.282046,-6.602056,-6.535463,0.145703
1783945943043,38.780000,-32.089333,-21.529708,-21.395058,-10.694275,-5.947278,-5.886448,-0.993286
1783945943063,38.800000,-31.614105,-21.597482,-21.452125,-10.161980,-3.228811,-3.174793,-2.020046
1783945943083,38.820000,-23.185703,-21.647289,-21.490013,-1.695690,0.335672,0.381965,-3.027486
1783945943103,38.840000,-9.321544,-21.678799,-21.508580,12.187036,3.015510,3.053327,-3.946203
1783945943123,38.860000,-13.748872,-21.691771,-21.507792,7.758920,3.779099,3.807848,-4.521187
1783945943143,38.880000,-32.461426,-21.686055,-21.487718,-10.973708,3.139013,3.158257,-4.430852
1783945943163,38.900000,-19.645065,-21.661591,-21.448527,1.803462,2.440559,2.449991,-3.511282
1783945943183,38.920000,-25.715750,-21.618412,-21.390481,-4.325269,2.534250,2.533657,-1.928130
1783945943203,38.940000,-20.317387,-21.556641,-21.313933,0.996546,3.299890,3.289137,-0.125239
1783945943223,38.960000,-17.697672,-21.476486,-21.219320,3.521648,3.906935,3.885991,1.423857
1783945943243,38.980000,-16.095370,-21.378246,-21.107158,5.011788,3.355874,3.324920,2.448667
1783945943263,39.000000,-16.766338,-21.262302,-20.974150,4.207812,1.165301,1.124894,2.938258
1783945943283,39.020000,-27.135912,-21.129117,-20.829287,-6.306625,-2.207288,-2.256165,3.040876
1783945943303,39.040000,-27.742317,-20.979231,-20.668834,-7.073483,-5.591656,-5.647736,2.905764
1783945943323,39.060000,-40.615097,-20.813261,-20.493554,-20.121543,-7.888891,-7.950848,2.561497
1783945943343,39.080000,-26.292137,-20.631894,-20.304258,-5.987879,-8.886790,-8.953358,1.906783
1783945943363,39.100000,-27.373800,-20.435882,-20.101798,-7.272002,-9.336838,-9.406833,0.830231
1783945943383,39.120000,-28.385263,-20.226039,-19.887060,-8.498203,-10.137388,-10.209684,-0.627961
1783945943403,39.140000,-28.736969,-20.003233,-19.660958,-9.076011,-11.520339,-11.593834,-2.217610
1783945943423,39.160000,-30.747593,-19.768384,-19.424428,-11.323165,-12.851490,-12.925093,-3.584093
1783945943443,39.180000,-39.064304,-19.522452,-19.178424,-19.885880,-12.952231,-13.024863,-4.452874
1783945943463,39.200000,-35.745445,-19.266438,-18.923909,-16.821536,-10.918712,-10.989322,-4.753494
1783945943483,39.220000,-21.840775,-19.001368,-18.661852,-3.178923,-6.940323,-7.007910,-4.602468
1783945943503,39.240000,-18.010695,-18.728296,-18.393222,0.382527,-2.193285,-2.256924,-4.161443
1783945943523,39.260000,-8.364553,-18.448287,-18.118984,9.754432,2.114301,2.055442,-3.473381
1783945943543,39.280000,-12.434109,-18.162416,-17.840096,5.405987,5.573241,5.519885,-2.416056
1783945943563,39.300000,-15.180742,-17.871762,-17.557499,2.376757,8.556959,8.509711,-0.831602
1783945943583,39.320000,-4.773359,-17.577396,-17.272122,12.498763,11.429824,11.389164,1.277065
1783945943603,39.340000,-1.599195,-17.280377,-16.984872,15.385676,13.926827,13.893108,3.669860
1783945943623,39.360000,7.163415,-16.981746,-16.696632,23.860047,15.426714,15.400163,5.980120
1783945943643,39.380000,-4.840290,-16.682520,-16.408261,11.567972,15.611806,15.592527,7.893759
1783945943663,39.400000,-0.990702,-16.383687,-16.120590,15.129888,14.589907,14.577884,9.226024
1783945943683,39.420000,-0.216241,-16.086201,-15.834419,15.618178,12.508481,12.503586,9.867928
1783945943703,39.440000,0.067004,-15.790976,-15.550517,15.617521,9.497208,9.499209,9.730095
1783945943723,39.460000,-6.797293,-15.498888,-15.269620,8.472328,6.062014,6.070588,8.766912
1783945943743,39.480000,-11.836140,-15.210765,-14.992430,3.156290,3.203287,3.218026,7.021132
1783945943763,39.500000,-16.204367,-14.927391,-14.719611,-1.484756,1.911357,1.931784,4.609221
1783945943783,39.520000,-23.491808,-14.649499,-14.451796,-9.040012,2.289300,2.314880,1.668770
1783945943803,39.540000,9.331376,-14.377776,-14.189579,23.520955,3.090508,3.120661,-1.641339
1783945943823,39.560000,-7.813450,-14.112858,-13.933518,6.120068,2.681746,2.715859,-5.053775
1783945943843,39.580000,-15.976327,-13.855329,-13.684135,-2.292192,0.572907,0.610347,-8.139220
1783945943863,39.600000,-14.516230,-13.605728,-13.441917,-1.074313,-2.485089,-2.444966,-10.435918
1783945943883,39.620000,-17.773808,-13.364541,-13.207312,-4.566496,-5.435098,-5.392935,-11.696690
1783945943903,39.640000,-18.320023,-13.132211,-12.980738,-5.339285,-7.380232,-7.336660,-12.012664
1783945943923,39.660000,-25.475925,-12.909131,-12.762573,-12.713352,-7.697785,-7.653419,-11.699880
1783945943943,39.680000,-21.107975,-12.695652,-12.553166,-8.554809,-6.376340,-6.331766,-11.094193
1783945943963,39.700000,-9.362803,-12.492081,-12.352831,2.990029,-4.224738,-4.180512,-10.416307
1783945943983,39.720000,-12.030962,-12.298685,-12.161851,0.130889,-2.342191,-2.298830,-9.709558
1783945944003,39.740000,-14.899005,-12.115693,-11.980476,-2.918529,-1.324476,-1.282455,-8.841912
1783945944023,39.760000,-13.404343,-11.943296,-11.808929,-1.595414,-1.152047,-1.111798,-7.610242
1783945944043,39.780000,-12.216054,-11.781650,-11.647403,-0.568651,-1.566505,-1.528412,-5.904216
1783945944063,39.800000,-15.574489,-11.630878,-11.496065,-4.078424,-2.272988,-2.237387,-3.801804
1783945944083,39.820000,-15.525400,-11.491075,-11.355052,-4.170348,-3.008304,-2.975485,-1.533489
1783945944103,39.840000,-16.764430,-11.362303,-11.224478,-5.539952,-3.680303,-3.650504,0.620273
1783945944123,39.860000,-14.673039,-11.244598,-11.104433,-3.568605,-4.429114,-4.402528,2.417648
1783945944143,39.880000,-15.166119,-11.137972,-10.994982,-4.171137,-5.450813,-5.427587,3.712701
1783945944163,39.900000,-12.803001,-11.042411,-10.896167,-1.906834,-6.638372,-6.618608,4.483431
1783945944183,39.920000,-25.866566,-10.957877,-10.808010,-15.058556,-7.376083,-7.359840,4.812982
1783945944203,39.940000,-21.124294,-10.884313,-10.730509,-10.393785,-6.938702,-6.926001,4.818073
1783945944223,39.960000,-16.843540,-10.821638,-10.663643,-6.179897,-5.207771,-5.198591,4.578321
1783945944243,39.980000,-13.367596,-10.769753,-10.607369,-2.760227,-2.826308,-2.820597,4.141558
1783945944263,40.000000,-12.088364,-10.728539,-10.561625,-1.526739,-0.727466,-0.725137,3.597159
1783945944283,40.020000,-5.278637,-10.697857,-10.526327,5.247690,0.406126,0.405190,3.121492
1783945944303,40.040000,-9.753605,-10.677550,-10.501373,0.747768,0.573135,0.569078,2.928751
1783945944323,40.060000,-13.283589,-10.667443,-10.486638,-2.796951,0.571119,0.564111,3.160033
1783945944343,40.080000,-13.932119,-10.667342,-10.481979,-3.450140,1.484875,1.475108,3.790065
1783945944363,40.100000,-12.260110,-10.677035,-10.487230,-1.772880,3.836360,3.824045,4.612196
1783945944383,40.120000,-2.773010,-10.696293,-10.502205,7.729195,7.094385,7.079752,5.328711
1783945944403,40.140000,7.664702,-10.724867,-10.526699,18.191401,10.031198,10.014488,5.717482
1783945944423,40.160000,-6.894050,-10.762494,-10.560483,3.666433,11.635399,11.616868,5.762270
1783945944443,40.180000,6.791218,-10.808892,-10.603309,17.394527,11.584365,11.564276,5.627834
1783945944463,40.200000,-5.313027,-10.863762,-10.654908,5.341881,10.080074,10.058696,5.499485
1783945944483,40.220000,-4.033565,-10.926791,-10.714991,6.681426,7.606535,7.584140,5.428236
1783945944503,40.240000,-8.630797,-10.997650,-10.783248,2.152451,4.662797,4.639657,5.293415
1783945944523,40.260000,-2.704709,-11.075995,-10.859352,8.154642,1.615473,1.591860,4.883043
1783945944543,40.280000,-20.806551,-11.161470,-10.942957,-9.863594,-1.150345,-1.174165,4.012623
1783945944563,40.300000,-16.008987,-11.253706,-11.033701,-4.975286,-3.329379,-3.353149,2.601725
1783945944583,40.320000,-12.978149,-11.352323,-11.131205,-1.846944,-5.065783,-5.089253,0.686345
1783945944603,40.340000,-16.929392,-11.456930,-11.235075,-5.694317,-6.785079,-6.808011,-1.591023
1783945944623,40.360000,-17.096302,-11.567128,-11.344907,-5.751395,-8.583968,-8.606139,-3.985036
1783945944643,40.380000,-24.747627,-11.682508,-11.460280,-13.287347,-9.990455,-10.011656,-6.185368
1783945944663,40.400000,-26.262165,-11.802656,-11.580766,-14.681399,-10.328547,-10.348585,-7.920206
1783945944683,40.420000,-19.197960,-11.927149,-11.705924,-7.492036,-9.296276,-9.314978,-9.053592
1783945944703,40.440000,-18.503696,-12.055561,-11.835307,-6.668389,-7.131859,-7.149068,-9.578808
1783945944723,40.460000,-14.437492,-12.187459,-11.968457,-2.469035,-4.270993,-4.286573,-9.525216
1783945944743,40.480000,-16.742496,-12.322405,-12.104911,-4.637585,-1.062677,-1.076511,-8.886567
1783945944763,40.500000,-5.539286,-12.459959,-12.244199,6.704913,2.208044,2.196051,-7.636709
1783945944783,40.520000,-9.674987,-12.599674,-12.385844,2.710857,5.291830,5.281753,-5.792582
1783945944803,40.540000,-4.846445,-12.741103,-12.529368,7.682923,8.004090,7.995982,-3.452883
1783945944823,40.560000,1.355855,-12.883795,-12.674284,14.030139,10.177066,10.170959,-0.793975
1783945944843,40.580000,-7.146111,-13.027296,-12.820106,5.673995,11.645416,11.641324,1.956588
1783945944863,40.600000,-3.915322,-13.171153,-12.966344,9.051022,12.112030,12.109943,4.544952
1783945944883,40.620000,8.036649,-13.314910,-13.112508,21.149157,10.988986,10.988874,6.718718
1783945944903,40.640000,-5.335314,-13.458113,-13.258106,7.922792,7.878028,7.879843,8.276546
1783945944923,40.660000,-12.120522,-13.600308,-13.402651,1.282129,3.209672,3.213347,9.108621
1783945944943,40.680000,-15.860125,-13.741044,-13.545658,-2.314467,-1.980108,-1.974659,9.172655
1783945944963,40.700000,-22.917997,-13.879873,-13.686646,-9.231351,-6.730833,-6.723712,8.426127
1783945944983,40.720000,-25.483511,-14.016354,-13.825142,-11.658369,-10.549016,-10.540341,6.813145
1783945945003,40.740000,-20.704239,-14.150050,-13.960681,-6.743558,-13.397440,-13.387342,4.350182
1783945945023,40.760000,-24.644945,-14.280532,-14.092805,-10.552140,-15.227801,-15.216422,1.230903
1783945945043,40.780000,-37.471725,-14.407380,-14.221072,-23.250653,-15.544609,-15.532104,-2.161085
1783945945063,40.800000,-30.101732,-14.530182,-14.345047,-15.756685,-13.821984,-13.808514,-5.363140
1783945945083,40.820000,-19.153725,-14.648539,-14.464314,-4.689411,-10.233819,-10.219552,-7.979705
1783945945103,40.840000,-23.373987,-14.762062,-14.578467,-8.795520,-5.579582,-5.564689,-9.736953
1783945945123,40.860000,-8.432683,-14.870374,-14.687120,6.254437,-0.711322,-0.695979,-10.438744
1783945945143,40.880000,-15.000577,-14.973111,-14.789899,-0.210678,3.799001,3.814619,-9.938962
1783945945163,40.900000,-2.823028,-15.069925,-14.886452,12.063425,7.710977,7.726697,-8.198647
1783945945183,40.920000,-11.671641,-15.160480,-14.976442,3.304801,10.942543,10.958193,-5.364479
1783945945203,40.940000,7.271166,-15.244457,-15.059554,22.330720,13.333573,13.348990,-1.778939
1783945945223,40.960000,-4.178247,-15.321554,-15.135490,10.957243,14.703019,14.718052,2.094724
1783945945243,40.980000,-1.393345,-15.391485,-15.203977,13.810632,15.027928,15.042441,5.781432
1783945945263,41.000000,0.892482,-15.453988,-15.264763,16.157245,14.323099,14.336974,8.871184
1783945945283,41.020000,-7.774043,-15.508816,-15.317623,7.543580,12.462806,12.475945,11.049136
1783945945303,41.040000,1.098039,-15.555749,-15.362355,16.460394,9.256092,9.268412,12.112025
1783945945323,41.060000,-7.061194,-15.594592,-15.398788,8.337594,4.806948,4.818364,11.996036
1783945945343,41.080000,-20.174364,-15.625174,-15.426779,-4.747585,-0.093623,-0.083211,10.784120
1783945945363,41.100000,-26.855583,-15.647356,-15.446220,-11.409363,-4.301647,-4.292372,8.647124
1783945945383,41.120000,-19.146065,-15.661030,-15.457034,-3.689031,-7.218677,-7.210702,5.760409
1783945945403,41.140000,-26.450504,-15.666120,-15.458487,-10.992017,-9.056795,-9.050279,2.294077
1783945945423,41.160000,-21.502838,-15.662589,-15.451288,-6.051550,-10.305557,-10.300608,-1.506050
1783945945443,41.180000,-25.381458,-15.650435,-15.435471,-9.945987,-11.153781,-11.150424,-5.256258
1783945945463,41.200000,-36.284706,-15.629697,-15.411111,-20.873595,-11.355019,-11.353199,-8.500838
1783945945483,41.220000,-23.144785,-15.600455,-15.378322,-7.766463,-10.655959,-10.655562,-10.869209
1783945945503,41.240000,-25.927809,-15.562831,-15.337259,-10.590550,-9.174983,-9.175859,-12.180823
1783945945523,41.260000,-18.060728,-15.516993,-15.288122,-2.772606,-7.125832,-7.127812,-12.422482
1783945945543,41.280000,-23.407936,-15.463149,-15.231150,-8.176786,-4.379989,-4.382897,-11.660205
1783945945563,41.300000,-25.981224,-15.401555,-15.166624,-10.814600,-0.633889,-0.637545,-10.000412
1783945945583,41.320000,-8.535808,-15.332511,-15.094870,6.559062,3.910048,3.905828,-7.623060
1783945945603,41.340000,-4.053260,-15.256360,-15.016251,10.962991,8.371750,8.367146,-4.780459
1783945945623,41.360000,-2.412026,-15.173491,-14.931171,12.519145,11.928776,11.923971,-1.709633
1783945945643,41.380000,-10.045207,-15.084337,-14.840076,4.794869,14.336605,14.331774,1.435276
1783945945663,41.400000,-0.794063,-14.989371,-14.743447,13.949384,15.516376,15.511686,4.529525
1783945945683,41.420000,1.321535,-14.889111,-14.641805,15.963339,15.078623,15.074228,7.377560
1783945945703,41.440000,-0.439648,-14.784114,-14.535706,14.096058,12.626137,12.622171,9.714122
1783945945723,41.460000,-7.417530,-14.674978,-14.425743,7.008212,8.358499,8.355075,11.301059
1783945945743,41.480000,-21.365463,-14.562337,-14.312541,-7.052922,3.078027,3.075231,11.981765
1783945945763,41.500000,-18.216183,-14.446865,-14.196759,-4.019424,-2.476300,-2.478412,11.643822
1783945945783,41.520000,-17.686840,-14.329266,-14.079088,-3.607752,-8.049799,-8.051204,10.198077
1783945945803,41.540000,-23.183037,-14.210281,-13.960248,-9.222789,-13.346955,-13.347664,7.659796
1783945945823,41.560000,-39.113125,-14.090678,-13.840986,-25.272139,-17.374939,-17.375001,4.243930
1783945945843,41.580000,-40.477802,-13.971253,-13.722077,-26.755725,-18.873584,-18.873086,0.331444
1783945945863,41.600000,-33.983230,-13.852826,-13.604316,-20.378914,-17.452722,-17.451790,-3.672185
1783945945883,41.620000,-23.352780,-13.736238,-13.488521,-9.864259,-13.988452,-13.987248,-7.412674
1783945945903,41.640000,-18.818480,-13.622344,-13.375524,-5.442956,-9.814496,-9.813221,-10.522575
1783945945923,41.660000,-26.650452,-13.512011,-13.266173,-13.384279,-5.759436,-5.758321,-12.563255
1783945945943,41.680000,-18.728270,-13.406113,-13.161324,-5.566946,-2.147302,-2.146604,-13.132362
1783945945963,41.700000,-6.318729,-13.305526,-13.061836,6.743107,0.681232,0.681239,-12.064873
1783945945983,41.720000,-13.180090,-13.211120,-12.968571,-0.211519,2.455900,2.454933,-9.521343
1783945946003,41.740000,-11.245894,-13.123756,-12.882383,1.636489,3.345548,3.343324,-5.908791
1783945946023,41.760000,-9.898315,-13.044278,-12.804117,2.905802,3.782312,3.778548,-1.755826
1783945946043,41.780000,-3.698576,-12.973511,-12.734604,9.036028,4.161727,4.156130,2.375829
1783945946063,41.800000,-9.664431,-12.912250,-12.674650,3.010219,4.918026,4.910273,5.976494
1783945946083,41.820000,-10.572420,-12.861258,-12.625038,2.052618,6.487602,6.477317,8.679154
1783945946103,41.840000,-2.029578,-12.821259,-12.586517,10.556939,8.856438,8.843187,10.299639
1783945946123,41.860000,-0.172241,-12.792932,-12.559796,12.387555,11.320086,11.303414,10.826755
1783945946143,41.880000,-0.126652,-12.776907,-12.545544,12.418892,12.798523,12.778076,10.408452
1783945946163,41.900000,3.690727,-12.773763,-12.544377,16.235104,12.263879,12.239617,9.322783
1783945946183,41.920000,1.283214,-12.784016,-12.556859,13.840073,9.122841,9.095311,7.896849
1783945946203,41.940000,-10.366102,-12.808123,-12.583494,2.217392,3.564683,3.535227,6.390994
1783945946223,41.960000,-14.618115,-12.846473,-12.624722,-1.993393,-3.489928,-3.519254,4.904119
1783945946243,41.980000,-16.163225,-12.899388,-12.680914,-3.482311,-10.737426,-10.764498,3.349422
1783945946263,42.000000,-31.920270,-12.967117,-12.777190,-19.143080,-16.661147,-16.684877,1.522996
1783945946283,42.020000,-30.059021,-13.049834,-12.864323,-17.194698,-19.764719,-19.785660,-0.766722
1783945946303,42.040000,-38.227646,-13.147638,-12.967063,-25.260583,-19.182390,-19.202159,-3.582725
1783945946323,42.060000,-20.286190,-13.260548,-13.085466,-7.200724,-15.194999,-15.215185,-6.796722
1783945946343,42.080000,-14.981401,-13.388506,-13.219499,-1.761902,-8.989547,-9.011059,-10.057605
1783945946363,42.100000,-15.566426,-13.531372,-13.369039,-2.197387,-1.825700,-1.848678,-12.802575
1783945946383,42.120000,-11.969746,-13.688926,-13.533873,1.564127,5.309012,5.284994,-14.387021
1783945946403,42.140000,6.455410,-13.860865,-13.713694,20.169104,11.354005,11.329673,-14.317737
1783945946423,42.160000,6.219127,-14.046807,-13.908103,20.127230,15.264705,15.240868,-12.433166
1783945946443,42.180000,4.861894,-14.246292,-14.116609,18.978503,16.675416,16.652844,-8.923050
1783945946463,42.200000,2.462415,-14.458780,-14.338629,16.801044,16.092749,16.072129,-4.253152
1783945946483,42.220000,-0.316597,-14.683657,-14.573489,14.256892,14.400905,14.382840,0.903665
1783945946503,42.240000,2.468256,-14.920236,-14.820433,17.288689,12.352714,12.337739,5.753237
1783945946523,42.260000,-7.283642,-15.167761,-15.078622,7.794980,10.399721,10.388324,9.542282
1783945946543,42.280000,-8.943615,-15.425413,-15.347141,6.403526,8.576186,8.568808,11.739718
1783945946563,42.300000,-1.310170,-15.692314,-15.625006,14.314835,6.371667,6.368701,12.138077
1783945946583,42.320000,-9.287197,-15.967532,-15.911168,6.623971,3.123160,3.124937,10.862477
1783945946603,42.340000,-12.830867,-16.250086,-16.204528,3.373661,-1.211930,-1.205147,8.311039
1783945946623,42.360000,-25.519943,-16.538957,-16.503937,-9.016006,-5.803613,-5.791646,5.022797
1783945946643,42.380000,-28.242184,-16.833090,-16.808210,-11.433974,-9.481489,-9.464246,1.494435
1783945946663,42.400000,-31.119799,-17.131405,-17.116136,-14.003663,-11.506515,-11.483999,-1.953291
1783945946683,42.420000,-22.017029,-17.432799,-17.426486,-4.590543,-11.866278,-11.838588,-5.159407
1783945946703,42.440000,-33.877840,-17.736161,-17.738020,-16.139820,-10.916931,-10.884258,-7.992495
1783945946723,42.460000,-22.356453,-18.040374,-18.049504,-4.306949,-8.988905,-8.951532,-10.250340
1783945946743,42.480000,-25.731750,-18.344322,-18.359714,-7.372036,-6.294815,-6.253110,-11.676479
1783945946763,42.500000,-28.216127,-18.646903,-18.667444,-9.548683,-2.980959,-2.935370,-12.057815
1783945946783,42.520000,-19.604920,-18.947030,-18.971522,-0.633398,0.592050,0.641005,-11.317250
1783945946803,42.540000,-7.576384,-19.243641,-19.270812,11.694427,3.734328,3.786068,-9.534981
1783945946823,42.560000,-18.376780,-19.535704,-19.564226,1.187446,5.986070,6.039965,-6.895505
1783945946843,42.580000,-17.245907,-19.822229,-19.850730,2.604823,7.505668,7.561045,-3.632221
1783945946863,42.600000,-12.387567,-20.102267,-20.129352,7.741784,8.619447,8.675606,-0.032254
1783945946883,42.620000,-14.404253,-20.374920,-20.399189,5.994936,9.358891,9.415117,3.541236
1783945946903,42.640000,-12.598671,-20.639349,-20.659413,8.060742,9.508109,9.563686,6.697975
1783945946923,42.660000,-13.830871,-20.894773,-20.909275,7.078404,8.796721,8.850944,9.128459
1783945946943,42.680000,-21.240273,-21.140483,-21.148114,-0.092159,6.987817,7.040002,10.668218
1783945946963,42.700000,-18.867908,-21.375837,-21.375354,2.507446,3.816895,3.866395,11.277148
1783945946983,42.720000,-17.355190,-21.600274,-21.590515,4.235325,-0.905954,-0.859739,10.995261
1783945947003,42.740000,-34.527390,-21.813309,-21.793211,-12.734179,-6.798921,-6.756535,9.923995
1783945947023,42.760000,-33.181824,-22.014543,-21.983152,-11.198672,-12.655907,-12.617828,8.208809
1783945947043,42.780000,-50.405125,-22.203662,-22.160146,-28.244979,-16.913366,-16.879999,5.993690
1783945947063,42.800000,-49.701645,-22.380439,-22.324097,-27.377548,-18.546737,-18.518409,3.375182
1783945947083,42.820000,-38.011170,-22.544736,-22.475006,-15.536164,-17.781195,-17.758151,0.427254
1783945947103,42.840000,-34.346893,-22.696506,-22.612968,-11.733925,-15.772506,-15.754905,-2.680702
1783945947123,42.860000,-39.319923,-22.835787,-22.738170,-16.581753,-13.454610,-13.442529,-5.578257
1783945947143,42.880000,-33.511692,-22.962708,-22.850885,-10.660807,-10.898409,-10.891842,-7.741690
1783945947163,42.900000,-38.334873,-23.077479,-22.951470,-15.383403,-7.616709,-7.615571,-8.704144
1783945947183,42.920000,-31.839130,-23.180397,-23.040363,-8.798767,-3.267180,-3.271311,-8.273246
1783945947203,42.940000,-20.576195,-23.271835,-23.118073,2.541878,1.802949,1.793775,-6.584277
1783945947223,42.960000,-17.712654,-23.352241,-23.185177,5.472523,6.647208,6.633277,-3.972855
1783945947243,42.980000,-12.854036,-23.422135,-23.242315,10.388279,10.289447,10.271098,-0.800232
1783945947263,43.000000,-4.735429,-23.482101,-23.290184,18.554754,12.236123,12.213738,2.640735
1783945947283,43.020000,-20.134146,-23.532784,-23.329528,3.195382,12.710383,12.684378,6.106558
1783945947303,43.040000,-15.615716,-23.574883,-23.361137,7.745421,12.267348,12.238164,9.320672
1783945947323,43.060000,-12.053728,-23.609147,-23.385840,11.332112,10.992771,10.960866,11.925172
1783945947343,43.080000,-11.377388,-23.636365,-23.404496,12.027108,8.383129,8.348967,13.543342
1783945947363,43.100000,-11.756377,-23.657367,-23.417992,11.661615,4.143691,4.107736,13.928195
1783945947383,43.120000,-30.257046,-23.673011,-23.427234,-6.829812,-1.097379,-1.134669,13.065117
1783945947403,43.140000,-29.399776,-23.684182,-23.433145,-5.966631,-6.006078,-6.044262,11.116948
1783945947423,43.160000,-37.302340,-23.691784,-23.436657,-13.865683,-9.424077,-9.462733,8.279105
1783945947443,43.180000,-33.199875,-23.696733,-23.438707,-9.761168,-10.998746,-11.037477,4.713951
1783945947463,43.200000,-29.778801,-23.699955,-23.440231,-6.338570,-11.126473,-11.164914,0.621674
1783945947483,43.220000,-27.242378,-23.702377,-23.442159,-3.800219,-10.329875,-10.367692,-3.650924
1783945947503,43.240000,-35.165947,-23.704921,-23.445410,-11.720537,-8.636318,-8.673214,-7.602531
1783945947523,43.260000,-28.538765,-23.708503,-23.450891,-5.087874,-5.664365,-5.700082,-10.711086
1783945947543,43.280000,-25.464588,-23.714024,-23.459484,-2.005104,-1.233008,-1.267326,-12.612205
1783945947563,43.300000,-19.257195,-23.722364,-23.472053,4.214858,4.259395,4.226654,-13.186093
1783945947583,43.320000,-6.840769,-23.734384,-23.489429,16.648660,9.946760,9.915734,-12.506635
1783945947603,43.340000,-8.631705,-23.750914,-23.512415,14.880710,14.942202,14.912992,-10.731582
1783945947623,43.360000,0.854009,-23.772753,-23.541780,24.395789,18.760871,18.733538,-8.044686
1783945947643,43.380000,-9.614474,-23.800670,-23.578255,13.963781,21.325392,21.299964,-4.680807
1783945947663,43.400000,0.500266,-23.835391,-23.622534,24.122800,22.531382,22.507850,-0.981113
1783945947683,43.420000,1.663743,-23.877610,-23.675272,25.339015,21.913244,21.891572,2.605975
1783945947703,43.440000,1.454654,-23.927977,-23.737083,25.191736,19.001686,18.981811,5.619463
1783945947723,43.460000,-7.490771,-23.987102,-23.808541,16.317770,14.032874,14.014710,7.710291
1783945947743,43.480000,-20.257719,-24.055558,-23.890182,3.632463,8.093791,8.077237,8.684764
1783945947763,43.500000,-24.278603,-24.133875,-23.982502,-0.296101,2.444156,2.429095,8.444427
1783945947783,43.520000,-25.733097,-24.222544,-24.085960,-1.647137,-2.291480,-2.305173,6.929211
1783945947803,43.540000,-26.248470,-24.322022,-24.200977,-2.047493,-6.229535,-6.241987,4.167541
1783945947823,43.560000,-37.188670,-24.432725,-24.327943,-12.860727,-9.729960,-9.741299,0.386294
1783945947843,43.580000,-32.929794,-24.555039,-24.467212,-8.462582,-13.010371,-13.020719,-3.958798
1783945947863,43.600000,-38.953224,-24.689316,-24.619109,-14.334115,-15.989355,-15.998827,-8.284765
1783945947883,43.620000,-42.397350,-24.835878,-24.783928,-17.613422,-18.138129,-18.146828,-12.037164
1783945947903,43.640000,-53.131077,-24.995017,-24.961935,-28.169142,-18.681113,-18.689127,-14.812939
1783945947923,43.660000,-38.651695,-25.166999,-25.153368,-13.498327,-17.268258,-17.275660,-16.419533
1783945947943,43.680000,-39.668380,-25.352063,-25.358438,-14.309942,-14.299689,-14.306534,-16.849070
1783945947963,43.700000,-34.313988,-25.550423,-25.577330,-8.736658,-10.497496,-10.503822,-16.173336
1783945947983,43.720000,-38.669170,-25.762269,-25.810201,-12.858969,-6.493019,-6.498848,-14.450541
1783945948003,43.740000,-23.767485,-25.987766,-26.057181,2.289696,-2.877841,-2.883178,-11.733818
1783945948023,43.760000,-28.439775,-26.227053,-26.318374,-2.121401,-0.194307,-0.199144,-8.143648
1783945948043,43.780000,-27.596056,-26.480247,-26.593854,-1.002202,1.282911,1.278591,-3.908478
1783945948063,43.800000,-19.668892,-26.747439,-26.883664,7.214772,1.603982,1.600204,0.648395
1783945948083,43.820000,-23.092834,-27.028692,-27.187819,4.094985,1.235989,1.232781,5.149238
1783945948103,43.840000,-38.265396,-27.324044,-27.506299,-10.759097,1.096480,1.093871,9.206914
1783945948123,43.860000,-31.118954,-27.633502,-27.839051,-3.279903,1.792401,1.790419,12.453856
1783945948143,43.880000,-16.451435,-27.957046,-28.185987,11.734552,2.766609,2.765275,14.578580
1783945948163,43.900000,-21.214058,-28.294622,-28.546981,7.332923,2.835652,2.834978,15.425243
1783945948183,43.920000,-26.108772,-28.646146,-28.921870,2.813098,1.493769,1.493754,15.105229
1783945948203,43.940000,-36.116173,-29.011496,-29.310448,-6.805725,-0.758248,-0.757633,13.959862
1783945948223,43.960000,-32.150482,-29.390516,-29.712471,-2.438011,-3.170239,-3.169063,12.346722
1783945948243,43.980000,-31.313873,-29.783014,-30.127650,-1.186223,-5.356666,-5.355060,10.457223
1783945948263,44.000000,-36.689117,-30.188755,-30.555652,-6.133465,-7.140699,-7.138875,8.336711
1783945948283,44.020000,-40.531204,-30.607466,-30.996099,-9.535105,-8.248086,-8.246337,6.020250
1783945948303,44.040000,-41.910053,-31.038831,-31.448568,-10.461485,-8.482732,-8.481403,3.605046
1783945948323,44.060000,-34.152840,-31.482492,-31.912590,-2.240250,-8.017202,-8.016610,1.228477
1783945948343,44.080000,-30.028603,-31.938043,-32.387649,2.359046,-7.105971,-7.106281,-0.952431
1783945948363,44.100000,-39.903700,-32.405036,-32.873181,-7.030519,-5.424907,-5.426000,-2.746175
1783945948383,44.120000,-40.321270,-32.882977,-33.368579,-6.952691,-2.118318,-2.119735,-3.956149
1783945948403,44.140000,-31.580236,-33.371322,-33.876919,2.296683,3.216920,3.215872,-4.479394
1783945948423,44.160000,-18.863314,-33.869483,-34.394477,15.531163,9.849136,9.849157,-4.359426
1783945948443,44.180000,-12.935617,-34.376828,-34.920540,21.984923,16.363797,16.365410,-3.701310
1783945948463,44.200000,-10.760450,-34.892676,-35.454356,24.693906,21.598694,21.602195,-2.541752
1783945948483,44.220000,-13.125699,-35.416305,-35.995132,22.869433,25.045814,25.051315,-0.845838
1783945948503,44.240000,-9.547937,-35.946953,-36.542032,26.994095,26.532698,26.540202,1.352734
1783945948523,44.260000,-10.134273,-36.483816,-37.094184,26.959911,25.801266,25.810725,3.825681
1783945948543,44.280000,-12.875973,-37.026059,-37.650684,24.774711,22.511373,22.522731,6.166804
1783945948563,44.300000,-13.236664,-37.572815,-38.210600,24.973936,16.637593,16.650794,7.923804
1783945948583,44.320000,-30.462809,-38.123190,-38.772979,8.310170,8.931668,8.946659,8.729354
1783945948603,44.340000,-38.007595,-38.676272,-39.336854,1.329259,0.940960,0.957686,8.349117
1783945948623,44.360000,-50.243122,-39.231134,-39.901248,-10.341874,-5.645985,-5.627590,6.661253
1783945948643,44.380000,-45.816124,-39.786838,-40.465183,-5.350941,-9.764204,-9.744213,3.649179
1783945948663,44.400000,-53.670180,-40.342446,-41.027685,-12.642495,-11.189235,-11.167729,-0.537409
1783945948683,44.420000,-54.607033,-40.897026,-41.587795,-13.019238,-10.360686,-10.337750,-5.503260
1783945948703,44.440000,-49.213980,-41.449653,-42.144572,-7.069408,-8.279849,-8.255565,-10.616664
1783945948723,44.460000,-47.211235,-41.999422,-42.697099,-4.514136,-6.303621,-6.278065,-15.132628
1783945948743,44.480000,-45.815660,-42.545450,-43.244493,-2.571167,-5.572499,-5.545734,-18.359608
1783945948763,44.500000,-45.909943,-43.086884,-43.785908,-2.124035,-6.389843,-6.361914,-19.804390
1783945948783,44.520000,-61.117660,-43.622905,-44.320543,-16.797117,-8.055366,-8.026300,-19.284727
1783945948803,44.540000,-56.503334,-44.152734,-44.847643,-11.655691,-9.455904,-9.425703,-16.999979
1783945948823,44.560000,-55.414047,-44.675635,-45.366507,-10.047540,-9.899885,-9.868522,-13.495236
1783945948843,44.580000,-56.880960,-45.190923,-45.876487,-11.004473,-9.317184,-9.284596,-9.478385
1783945948863,44.600000,-58.647960,-45.697960,-46.376997,-12.270963,-8.011497,-7.977579,-5.573400
1783945948883,44.620000,-49.121754,-46.196166,-46.867510,-2.254244,-6.501356,-6.465957,-2.155529
1783945948903,44.640000,-56.376590,-46.685013,-47.347560,-9.029030,-5.281868,-5.244795,0.665923
1783945948923,44.660000,-49.491386,-47.164035,-47.816745,-1.674641,-4.505108,-4.466143,2.964960
1783945948943,44.680000,-62.778854,-47.632819,-48.274724,-14.504130,-3.988965,-3.947901,4.884151
1783945948963,44.700000,-49.226845,-48.091014,-48.721218,-0.505627,-3.586042,-3.542732,6.526516
1783945948983,44.720000,-54.376460,-48.538324,-49.156007,-5.220453,-3.386172,-3.340572,7.905861
1783945949003,44.740000,-48.623250,-48.974509,-49.578929,0.955679,-3.403526,-3.355707,8.985577
1783945949023,44.760000,-64.225450,-49.399385,-49.989876,-14.235574,-3.289323,-3.239390,9.742958
1783945949043,44.780000,-52.152220,-49.812819,-50.388791,-1.763429,-2.672941,-2.620829,10.175699
1783945949063,44.800000,-54.039955,-50.214725,-50.775664,-3.264291,-1.634605,-1.579752,10.269779
1783945949083,44.820000,-47.727960,-50.605065,-51.150527,3.422567,-0.548533,-0.489525,10.013183
1783945949103,44.840000,-56.158670,-50.983841,-51.513451,-4.645219,0.395081,0.460657,9.454590
1783945949123,44.860000,-47.803250,-51.351094,-51.864538,4.061288,1.300162,1.375297,8.716317
1783945949143,44.880000,-54.220080,-51.706897,-52.203920,-2.016160,2.358462,2.445344,7.930678
1783945949163,44.900000,-47.029926,-52.051353,-52.531749,5.501823,3.669032,3.766557,7.172958
1783945949183,44.920000,-53.873165,-52.384588,-52.848194,-1.024971,5.107117,5.207754,6.452515
1783945949203,44.940000,-37.971060,-52.706747,-53.153435,15.182375,6.295246,6.382771,5.748142
1783945949223,44.960000,-49.236390,-53.017991,-53.447659,4.211269,6.891357,6.942119,5.050919
1783945949243,44.980000,-42.554947,-53.318487,-53.731051,11.176104,6.957185,6.948216,4.383362
1783945949263,45.000000,-54.020960,-53.608412,-53.703722,-0.317238,6.873685,6.796045,3.771535
1783945949283,45.020000,-46.776410,-53.887938,-53.972430,7.196020,6.826997,6.692716,3.188535
1783945949303,45.040000,-44.098465,-54.157238,-54.231201,10.132736,6.480820,6.315254,2.538759
1783945949323,45.060000,-43.091583,-54.416473,-54.480185,11.388602,5.337740,5.165944,1.725716
1783945949343,45.080000,-53.464530,-54.665794,-54.719517,1.254987,3.378679,3.217439,0.736379
1783945949363,45.100000,-52.788555,-54.905338,-54.949314,2.160759,1.119353,0.976249,-0.361879
1783945949383,45.120000,-54.408260,-55.135222,-55.169675,0.761415,-0.849402,-0.973425,-1.506028
1783945949403,45.140000,-56.866170,-55.355541,-55.380673,-1.485497,-2.162656,-2.269963,-2.695076
1783945949423,45.160000,-55.828403,-55.566367,-55.582358,-0.246045,-2.708817,-2.802517,-3.956565
1783945949443,45.180000,-57.313858,-55.767747,-55.774752,-1.539106,-2.599970,-2.682538,-5.274062
1783945949463,45.200000,-58.454040,-55.959698,-55.957849,-2.496191,-2.158153,-2.231040,-6.556473
1783945949483,45.220000,-49.332222,-56.142208,-56.131611,6.799389,-1.842355,-1.906177,-7.659437
1783945949503,45.240000,-57.368180,-56.315236,-56.295970,-1.072210,-1.941850,-1.996768,-8.421512
1783945949523,45.260000,-56.468925,-56.478707,-56.450828,-0.018097,-2.293851,-2.339913,-8.705636
1783945949543,45.280000,-58.638054,-56.632515,-56.596051,-2.042003,-2.457583,-2.494931,-8.452962
1783945949563,45.300000,-59.393880,-56.776520,-56.731477,-2.662403,-2.140162,-2.169099,-7.724719
1783945949583,45.320000,-58.999084,-56.910551,-56.856908,-2.142176,-1.511712,-1.532690,-6.689794
1783945949603,45.340000,-48.048977,-57.034405,-56.972117,8.923140,-1.177684,-1.191255,-5.545736
1783945949623,45.360000,-52.250206,-57.147846,-57.076845,4.826639,-1.567194,-1.573948,-4.418312
1783945949643,45.380000,-54.386340,-57.250610,-57.170806,2.784466,-2.177980,-2.178512,-3.316292
1783945949663,45.400000,-73.502300,-57.342403,-57.253683,-16.248617,-1.757923,-1.752808,-2.195041
1783945949683,45.420000,-50.672356,-57.422904,-57.325135,6.652779,0.433898,0.444112,-1.085608
1783945949703,45.440000,-52.429363,-57.491768,-57.384798,4.955435,3.778475,3.793266,-0.134352
1783945949723,45.460000,-42.903522,-57.548627,-57.432285,14.528763,6.866256,6.885126,0.528781
1783945949743,45.480000,-51.429268,-57.593094,-57.467193,6.037925,8.507120,8.529594,0.950241
1783945949763,45.500000,-43.745010,-57.624765,-57.489103,13.744093,8.125862,8.151487,1.342560
1783945949783,45.520000,-49.776314,-57.643222,-57.497583,7.721269,5.770164,5.798509,1.910012
1783945949803,45.540000,-56.383606,-57.648041,-57.492195,1.108589,2.093455,2.124112,2.689350
1783945949823,45.560000,-56.862990,-57.638788,-57.472497,0.609507,-1.855312,-1.822727,3.517831
1783945949843,45.580000,-65.236880,-57.615032,-57.438049,-7.798831,-5.023598,-4.989442,4.105043
1783945949863,45.600000,-66.989815,-57.576344,-57.388412,-9.601403,-6.740592,-6.705200,4.148550
1783945949883,45.620000,-58.720097,-57.522300,-57.323160,-1.396937,-6.962741,-6.926425,3.456124
1783945949903,45.640000,-66.428070,-57.452492,-57.241881,-9.186189,-6.107629,-6.070678,2.042785
1783945949923,45.660000,-60.969078,-57.366528,-57.144179,-3.824899,-4.688308,-4.650991,0.153378
1783945949943,45.680000,-58.934770,-57.264036,-57.029684,-1.905086,-3.159950,-3.122519,-1.811568
1783945949963,45.700000,-56.253475,-57.144672,-56.898053,0.644578,-1.762684,-1.725376,-3.427056
1783945949983,45.720000,-65.372510,-57.008123,-56.748976,-8.623534,-0.383662,-0.346700,-4.368237
1783945950003,45.740000,-46.494446,-56.854109,-56.582181,10.087735,1.264224,1.300627,-4.485542
1783945950023,45.760000,-64.901130,-56.682391,-56.397435,-8.503695,3.437047,3.472687,-3.816780
1783945950043,45.780000,-48.785164,-56.492775,-56.194554,7.409390,6.189064,6.223744,-2.545432
1783945950063,45.800000,-50.463985,-56.285112,-55.973402,5.509417,9.111015,9.144542,-0.924943
1783945950083,45.820000,-45.344765,-56.059307,-55.733901,10.389136,11.391753,11.423937,0.803155
1783945950103,45.840000,-49.778890,-55.815321,-55.476027,5.697137,12.143552,12.174205,2.463227
1783945950123,45.860000,-39.966408,-55.553172,-55.199821,15.233413,10.639549,10.668485,3.951546
1783945950143,45.880000,-49.656017,-55.272942,-54.905389,5.249372,6.700058,6.727091,5.201187
1783945950163,45.900000,-54.433662,-54.974779,-54.592907,0.159245,1.132053,1.156997,6.136171
1783945950183,45.920000,-64.380264,-54.658898,-54.262623,-10.117641,-4.383260,-4.360589,6.636087
1783945950203,45.940000,-76.210300,-54.325586,-53.914859,-22.295441,-8.122456,-8.102238,6.516487
1783945950223,45.960000,-64.650710,-53.975203,-53.550014,-11.100696,-9.385850,-9.368263,5.561416
1783945950243,45.980000,-58.483665,-53.608181,-53.168566,-5.315099,-8.779583,-8.764799,3.655119
1783945950263,46.000000,-63.793358,-53.225030,-52.771071,-11.022287,-7.327165,-7.315347,0.955507
1783945950283,46.020000,-59.359580,-52.826334,-52.358168,-7.001412,-5.557432,-5.548732,-2.054582
1783945950303,46.040000,-67.202644,-52.412753,-51.930570,-15.272074,-3.523518,-3.518077,-4.731529
1783945950323,46.060000,-49.757236,-51.985020,-51.489073,1.731837,-1.310818,-1.308757,-6.541944
1783945950343,46.080000,-61.084457,-51.543942,-51.034547,-10.049910,0.743027,0.741605,-7.230230
1783945950363,46.100000,-48.717340,-51.090396,-50.567937,1.850597,2.155542,2.150558,-6.807910
1783945950383,46.120000,-53.666940,-50.625329,-50.090258,-3.576682,2.413470,2.404872,-5.460558
1783945950403,46.140000,-43.407013,-50.149751,-49.602593,6.195580,1.220523,1.208288,-3.464805
1783945950423,46.160000,-58.631920,-49.664732,-49.106085,-9.525835,-1.111505,-1.127367,-1.134503
1783945950443,46.180000,-55.292324,-49.171399,-48.601939,-6.690385,-3.675076,-3.694518,1.204463
1783945950463,46.200000,-61.637596,-48.670930,-48.091407,-13.546189,-5.544268,-5.567205,3.217734
1783945950483,46.220000,-53.783165,-48.164550,-47.575787,-6.207378,-6.311643,-6.337950,4.589715
1783945950503,46.240000,-52.778060,-47.653519,-47.056417,-5.721643,-6.057521,-6.087031,5.113972
1783945950523,46.260000,-55.544380,-47.139134,-46.534664,-9.009716,-4.948205,-4.980707,4.795440
1783945950543,46.280000,-53.986640,-46.622717,-46.011918,-7.974722,-3.109800,-3.145041,3.858893
1783945950563,46.300000,-50.849228,-46.105606,-45.489583,-5.359645,-0.947795,-0.985479,2.641150
1783945950583,46.320000,-40.801895,-45.589152,-44.969069,4.167174,0.693966,0.654177,1.462520
1783945950603,46.340000,-40.903667,-45.074708,-44.451782,3.548115,0.999829,0.958310,0.571232
1783945950623,46.360000,-40.281456,-44.563622,-43.939115,3.657659,-0.082648,-0.125483,0.144397
1783945950643,46.380000,-49.529964,-44.057228,-43.432441,-6.097523,-1.607183,-1.650890,0.262453
1783945950663,46.400000,-52.246006,-43.556838,-42.933102,-9.312904,-2.284264,-2.328371,0.838400
1783945950683,46.420000,-41.803898,-43.063735,-42.442399,0.638501,-1.528466,-1.572478,1.590739
1783945950703,46.440000,-36.059853,-42.579163,-41.961585,5.901732,0.206710,0.163305,2.155255
1783945950723,46.460000,-36.470830,-42.104321,-41.491858,5.021028,2.088875,2.046597,2.292661
1783945950743,46.480000,-35.964546,-41.640353,-41.034348,5.069802,3.580245,3.539617,2.018967
1783945950763,46.500000,-35.123230,-41.188342,-40.590114,5.466884,4.451671,4.413211,1.543827
1783945950783,46.520000,-35.426834,-40.749304,-40.160136,4.733302,4.454999,4.419212,1.090612
1783945950803,46.540000,-27.280643,-40.324181,-39.745308,12.464665,3.194889,3.162258,0.767751
1783945950823,46.560000,-32.519990,-39.913832,-39.346430,6.826440,0.474460,0.445438,0.568312
1783945950843,46.580000,-36.314976,-39.519034,-38.964208,2.649232,-3.209465,-3.234461,0.430445
1783945950863,46.600000,-47.814260,-39.140470,-38.599245,-9.215015,-6.746573,-6.767172,0.261268
1783945950883,46.620000,-38.052110,-38.778730,-38.252041,0.199931,-9.104503,-9.120387,-0.081735
1783945950903,46.640000,-44.594280,-38.434306,-37.922988,-6.671292,-9.817709,-9.828619,-0.769621
1783945950923,46.660000,-37.456028,-38.107588,-37.612369,0.156341,-8.903857,-8.909601,-1.900577
1783945950943,46.680000,-37.356506,-37.798864,-37.320360,-0.036146,-6.604043,-6.604502,-3.394571
1783945950963,46.700000,-36.029503,-37.508318,-37.047022,1.017519,-3.255428,-3.250558,-4.985751
1783945950983,46.720000,-34.254723,-37.236029,-36.792314,2.537591,0.584168,0.594328,-6.323875
1783945951003,46.740000,-15.214652,-36.981974,-36.556082,21.341430,4.026358,4.041686,-7.098202
1783945951023,46.760000,-25.980783,-36.746024,-36.338073,10.357290,6.297013,6.317299,-7.101962
1783945951043,46.780000,-12.797343,-36.527953,-36.137930,23.340587,7.393647,7.418592,-6.246335
1783945951063,46.800000,-35.207565,-36.327436,-35.955203,0.747638,8.082074,8.111290,-4.586205
1783945951083,46.820000,-16.139965,-36.144055,-35.789351,19.649386,9.101322,9.134336,-2.370032
1783945951103,46.840000,-19.927612,-35.977304,-35.639752,15.712140,10.428430,10.464688,-0.023865
1783945951123,46.860000,-18.132452,-35.826597,-35.505705,17.373253,11.365134,11.404011,1.994235
1783945951143,46.880000,-12.397270,-35.691270,-35.386446,22.989176,11.088120,11.128935,3.377775
1783945951163,46.900000,-19.794292,-35.570594,-35.281151,15.486859,9.171594,9.213624,4.052969
1783945951183,46.920000,-22.485767,-35.463778,-35.188947,12.703180,5.924596,5.967089,4.114459
1783945951203,46.940000,-22.188595,-35.369985,-35.108924,12.920329,2.366050,2.408217,3.695455
1783945951223,46.960000,-42.969284,-35.288334,-35.040143,-7.929141,-0.144466,-0.103473,2.872366
1783945951243,46.980000,-30.268840,-35.217919,-34.981650,4.712810,-0.682170,-0.643305,1.638408
1783945951263,47.000000,-34.474937,-35.157808,-34.932484,0.457547,0.502412,0.538035,-0.042775
1783945951283,47.020000,-25.222218,-35.107067,-34.891688,9.669470,2.118136,2.149219,-2.120745
1783945951303,47.040000,-24.357464,-35.064759,-34.858324,10.500860,2.737381,2.762517,-4.355770
1783945951323,47.060000,-31.627090,-35.029961,-34.831475,3.204385,1.732858,1.750765,-6.330862
1783945951343,47.080000,-34.897970,-35.001773,-34.806928,-0.091042,-0.404661,-0.394744,-7.616964
