time_ms,time_s,mixed_xF,respiration_reference,fitted_breathing_contribution,mixed_minus_fitted_breathing,direct_resp_subtract_heart,rolling_projection_heart,current_app_cleanHeart
1783943489294,0.000000,-11.296390,-18.889854,-16.020072,4.723682,2.253025,2.249325,-9.402175
1783943489314,0.020000,22.113737,-19.120451,-16.288930,38.402667,8.376471,8.447091,-14.359844
1783943489334,0.040000,-33.464157,-19.310972,-16.516239,-16.947918,14.052309,14.198826,-18.566824
1783943489354,0.060000,15.284080,-19.458712,-16.695736,31.979816,19.147949,19.370089,-21.760100
1783943489374,0.080000,-3.644107,-19.561069,-16.823880,13.179773,22.904347,23.200243,-23.879976
1783943489394,0.100000,24.277557,-19.615561,-16.897213,41.174770,23.964800,24.331290,-24.922712
1783943489414,0.120000,-2.269869,-19.619845,-16.912391,14.642522,21.663705,22.096543,-24.785920
1783943489434,0.140000,4.496118,-19.571738,-16.866221,21.362339,16.741058,17.235020,-23.304941
1783943489454,0.160000,-21.537865,-19.469235,-16.755703,-4.782162,10.869142,11.418034,-20.488699
1783943489474,0.180000,0.630404,-19.310531,-16.578062,17.208466,5.691938,6.288569,-16.712921
1783943489494,0.200000,-39.407120,-19.094038,-16.330796,-23.076324,2.240429,2.876583,-12.655198
1783943489514,0.220000,-7.777749,-18.818408,-16.011717,8.233968,0.592156,1.258589,-9.029719
1783943489534,0.240000,-27.248478,-18.482549,-15.618993,-11.629485,-0.223539,0.462942,-6.315097
1783943489554,0.260000,-10.278509,-18.085646,-15.151191,4.872682,-1.542583,-0.847203,-4.605336
1783943489574,0.280000,-34.473156,-17.627178,-14.607323,-19.865833,-4.157383,-3.465057,-3.628759
1783943489594,0.300000,-15.424927,-17.106932,-13.986882,-1.438045,-7.986723,-7.310068,-2.920507
1783943489614,0.320000,-48.358180,-16.525024,-13.289884,-35.068296,-12.213339,-11.565474,-2.066030
1783943489634,0.340000,-28.061620,-15.881906,-12.516903,-15.544717,-15.747881,-15.142231,-0.878946
1783943489654,0.360000,-54.196148,-15.178385,-11.669101,-42.527047,-17.894871,-17.344962,0.574539
1783943489674,0.380000,-22.542341,-14.415629,-10.748257,-11.794084,-18.681498,-18.200721,2.086899
1783943489694,0.400000,-51.496270,-13.595181,-9.756786,-41.739484,-18.538710,-18.140070,3.479528
1783943489714,0.420000,-23.408588,-12.718959,-8.697757,-14.710831,-17.769814,-17.465669,4.726166
1783943489734,0.440000,-49.865078,-11.789266,-7.574898,-42.290180,-16.364034,-16.165815,5.949130
1783943489754,0.460000,-19.598616,-10.808792,-6.392598,-13.206018,-14.138960,-14.056888,7.313677
1783943489774,0.480000,-40.826923,-9.780612,-5.155900,-35.671023,-10.901972,-10.944780,8.924800
1783943489794,0.500000,-14.355938,-8.708187,-3.870484,-10.485454,-6.541528,-6.716176,10.795234
1783943489814,0.520000,-29.373905,-7.595357,-2.542645,-26.831260,-1.166708,-1.478121,12.867366
1783943489834,0.540000,-0.006353,-6.446336,-1.179260,1.172907,4.767033,4.316215,15.047402
1783943489854,0.560000,-19.675482,-5.265705,0.212253,-19.887735,10.465295,9.874944,17.232153
1783943489874,0.580000,21.921152,-4.058399,1.623984,20.297168,14.963056,14.235749,19.325788
1783943489894,0.600000,-13.561158,-2.829693,3.047583,-16.608741,17.527583,16.668758,21.244320
1783943489914,0.620000,20.983898,-1.585192,4.474326,16.509572,17.938563,16.956639,22.891006
1783943489934,0.640000,-5.673929,-0.330810,5.895182,-11.569110,16.377480,15.283921,24.111238
1783943489954,0.660000,18.156498,0.927247,7.300886,10.855612,13.366547,12.175877,24.674921
1783943489974,0.680000,-14.316612,2.182502,8.682019,-22.998631,9.774449,8.504212,24.315756
1783943489994,0.700000,5.493210,3.428227,10.029087,-4.535877,6.422006,5.092663,22.800306
1783943490014,0.720000,-10.705602,4.657472,11.332607,-22.038209,3.516278,2.151042,19.989016
1783943490034,0.740000,12.517496,5.863083,12.583189,-0.065693,0.712392,-0.662999,15.903336
1783943490054,0.760000,-18.273792,7.037734,13.771623,-32.045415,-2.186918,-3.544497,10.792408
1783943490074,0.780000,11.654753,8.173957,14.888961,-3.234208,-4.756461,-6.066388,5.120183
1783943490094,0.800000,-29.986942,9.264167,15.926600,-45.913542,-6.107947,-7.338926,-0.565701
1783943490114,0.820000,6.750885,10.300697,16.876354,-10.125469,-5.574439,-6.694200,-5.807058
1783943490134,0.840000,-10.861645,11.275830,17.730531,-28.592176,-3.344112,-4.319937,-10.317784
1783943490154,0.860000,22.613080,12.181833,18.481994,4.131086,-0.163629,-0.962934,-13.922256
1783943490174,0.880000,-13.305019,13.010992,19.124221,-32.429240,3.453017,2.862060,-16.448984
1783943490194,0.900000,31.215605,13.755648,19.651349,11.564256,7.316212,6.964024,-17.722921
1783943490214,0.920000,1.230300,14.408236,20.058216,-18.827916,11.172783,11.087704,-17.666924
1783943490234,0.940000,37.142130,14.961319,20.340386,16.801744,14.600405,14.808006,-16.384989
1783943490254,0.960000,11.607219,15.407629,20.494163,-8.886944,17.067978,17.590372,-14.141873
1783943490274,0.980000,42.171593,15.740106,20.516595,21.654998,17.981705,18.836876,-11.287425
1783943490294,1.000000,12.144842,15.951935,20.405463,-8.260621,16.770596,17.971747,-8.200590
1783943490314,1.020000,44.234000,16.036585,20.159260,24.074740,13.015301,14.570246,-5.257569
1783943490334,1.040000,5.895375,15.987853,19.777151,-13.881776,6.716674,8.627281,-2.802501
1783943490354,1.060000,31.149380,15.799894,19.258930,11.890450,-1.422585,0.839117,-1.122873
1783943490374,1.080000,-19.181194,15.467268,18.604957,-37.786151,-10.130223,-7.528840,-0.442909
1783943490394,1.100000,11.839744,14.984973,17.816088,-5.976344,-18.259585,-15.337098,-0.932293
1783943490414,1.120000,-17.367445,14.348487,16.893596,-34.261041,-25.348682,-22.131038,-2.680401
1783943490434,1.140000,0.471008,13.553800,15.839082,-15.368074,-31.300392,-27.821007,-5.602217
1783943490454,1.160000,-32.281094,12.597454,14.654379,-46.935473,-35.799783,-32.099508,-9.356186
1783943490474,1.180000,-5.594116,11.476582,13.341455,-18.935571,-38.323888,-34.450836,-13.385692
1783943490494,1.200000,-34.474194,10.188933,11.902302,-46.376496,-38.458467,-34.467705,-17.072401
1783943490514,1.220000,-5.736874,8.732916,10.338841,-16.075715,-36.119840,-32.072930,-19.880503
1783943490534,1.240000,-26.266205,7.107626,8.652809,-34.919014,-31.708418,-27.672801,-21.415094
1783943490554,1.260000,8.685804,5.312877,6.845667,1.840137,-26.066760,-22.114997,-21.421274
1783943490574,1.280000,-17.181915,3.349231,4.918502,-22.100417,-20.174488,-16.383349,-19.774406
1783943490594,1.300000,22.780529,1.218023,2.871941,19.908588,-14.821924,-11.271329,-16.486206
1783943490614,1.320000,-11.399433,-1.078614,0.706080,-12.105513,-10.411324,-7.183154,-11.729374
1783943490634,1.340000,24.253784,-3.537728,-1.579572,25.833356,-6.994054,-4.170837,-5.863653
1783943490654,1.360000,-2.634459,-6.155528,-3.986142,1.351683,-4.511781,-2.175266,0.574484
1783943490674,1.380000,19.842896,-8.927373,-6.515407,26.358303,-2.961510,-1.191158,6.942295
1783943490694,1.400000,4.610154,-11.847756,-9.169798,13.779952,-2.400849,-1.272251,12.604778
1783943490714,1.420000,19.308567,-14.910304,-11.952371,31.260938,-2.721071,-2.304323,17.054602
1783943490734,1.440000,-6.368721,-18.107769,-14.866755,8.498035,-3.353567,-3.711635,19.985981
1783943490754,1.460000,14.019974,-21.432036,-17.917073,31.937047,-3.380995,-4.568092,21.293924
1783943490774,1.480000,-15.908161,-24.874125,-21.107829,5.199668,-1.994983,-4.054997,21.025377
1783943490794,1.500000,14.967983,-28.424209,-24.443770,39.411753,1.071356,-1.893648,19.337503
1783943490814,1.520000,-15.560946,-32.071627,-27.929720,12.368774,5.376936,1.488054,16.498693
1783943490834,1.540000,21.429691,-35.804911,-31.570376,53.000067,9.980474,5.163230,12.904140
1783943490854,1.560000,-15.102791,-39.611814,-35.370089,20.267298,13.908968,8.174310,9.050975
1783943490874,1.580000,23.493357,-43.479344,-39.332615,62.825972,16.665863,10.040974,5.452612
1783943490894,1.600000,-21.321613,-47.393807,-43.460847,22.139234,18.587241,11.116093,2.517771
1783943490914,1.620000,9.183239,-51.340851,-47.756528,56.939767,20.774523,12.518145,0.442477
1783943490934,1.640000,-27.812027,-55.305522,-52.219956,24.407929,24.476644,15.513081,-0.836724
1783943490954,1.660000,7.455885,-59.272322,-56.849679,64.305564,30.368290,20.792239,-1.589748
1783943490974,1.680000,-20.195965,-63.225272,-61.642196,41.446231,38.280083,28.202183,-2.141790
1783943490994,1.700000,20.382986,-67.147983,-66.591663,86.974649,47.536848,37.082626,-2.689946
1783943491014,1.720000,-12.936689,-71.023733,-71.689612,58.752923,57.635032,46.943492,-3.196037
1783943491034,1.740000,14.797419,-74.835549,-76.924699,91.722118,68.510412,57.732289,-3.434425
1783943491054,1.760000,2.122976,-78.566287,-82.282478,84.405454,80.064694,69.360372,-3.158994
1783943491074,1.780000,17.758170,-82.198732,-87.745217,105.503387,91.598432,81.135564,-2.256864
1783943491094,1.800000,7.626777,-85.715685,-93.291766,100.918543,101.508992,91.459841,-0.792844
1783943491114,1.820000,23.554768,-89.100065,-98.897476,122.452244,107.219555,97.758109,1.040058
1783943491134,1.840000,-4.209472,-92.335009,-104.534180,100.324708,105.552246,96.851141,2.981473
1783943491154,1.860000,13.514729,-95.403976,-110.170250,123.684979,93.644323,85.871648,4.726338
1783943491174,1.880000,-45.891644,-98.290852,-115.770726,69.879082,70.372035,63.688058,5.917604
1783943491194,1.900000,-58.077934,-100.980056,-121.297516,63.219582,37.618293,32.172202,6.109699
1783943491214,1.920000,-144.842510,-103.456643,-126.709693,-18.132817,0.181171,-3.892116,4.712051
1783943491234,1.940000,-147.964260,-105.706407,-131.963855,-16.000405,-35.877820,-38.460695,0.988085
1783943491254,1.960000,-226.924130,-107.715984,-137.014578,-89.909552,-65.378257,-66.373234,-5.773174
1783943491274,1.980000,-205.755250,-109.472948,-141.814933,-63.940317,-85.595813,-84.928049,-15.888741
1783943491294,2.000000,-248.255430,-110.965896,-146.317075,-101.938355,-96.621264,-94.240709,-28.873446
1783943491314,2.020000,-228.180700,-112.184540,-150.472893,-77.707807,-100.382504,-96.265621,-43.241240
1783943491334,2.040000,-260.891420,-113.119782,-154.234693,-106.656727,-99.335626,-93.486636,-56.694805
1783943491354,2.060000,-232.795930,-113.763781,-157.555930,-75.240000,-95.803684,-88.255282,-66.677986
1783943491374,2.080000,-252.528050,-114.110014,-160.391947,-92.136103,-91.717693,-82.531213,-71.054270
1783943491394,2.100000,-224.177950,-114.153326,-162.700718,-61.477232,-88.217220,-77.482223,-68.611630
1783943491414,2.120000,-251.405150,-113.889973,-164.443582,-86.961568,-85.250055,-73.083350,-59.246815
1783943491434,2.140000,-232.682400,-113.317646,-165.585938,-67.096462,-81.837008,-68.381103,-43.890247
1783943491454,2.160000,-243.256130,-112.435494,-166.097902,-77.158228,-77.126742,-62.547758,-24.273230
1783943491474,2.180000,-205.369740,-111.244126,-165.954899,-39.414841,-71.177548,-55.662633,-2.557873
1783943491494,2.200000,-222.984280,-109.745615,-165.138173,-57.846107,-64.601122,-48.355423,19.133959
1783943491514,2.220000,-183.382920,-107.943476,-163.635221,-19.747699,-57.674173,-40.917413,39.132650
1783943491534,2.240000,-210.559110,-105.842647,-161.440120,-49.118990,-49.933409,-32.896160,56.388653
1783943491554,2.260000,-167.595520,-103.449449,-158.553749,-9.041771,-40.626074,-23.545789,70.373130
1783943491574,2.280000,-182.982480,-100.771544,-154.983901,-27.998579,-29.654873,-12.771778,80.878876
1783943491594,2.300000,-115.835560,-97.817877,-150.745281,34.909721,-17.961808,-1.514732,87.911934
1783943491614,2.320000,-142.249340,-94.598620,-145.859385,3.610045,-6.692837,9.084930,91.712240
1783943491634,2.340000,-98.814970,-91.125094,-140.354268,41.539298,3.795197,18.679924,92.762566
1783943491654,2.360000,-114.467440,-87.409696,-134.264207,19.796767,13.694878,27.476213,91.644005
1783943491674,2.380000,-58.522545,-83.465815,-127.629262,69.106717,22.877984,35.362490,88.809906
1783943491694,2.400000,-76.175644,-79.307742,-120.494745,44.319101,30.769865,41.784213,84.488540
1783943491714,2.420000,-32.497284,-74.950575,-112.910612,80.413328,36.872405,46.266150,78.774790
1783943491734,2.440000,-49.737440,-70.410129,-104.930786,55.193346,41.085697,48.733595,71.755140
1783943491754,2.460000,-11.098949,-65.702831,-96.612431,85.513482,43.658686,49.462518,63.534530
1783943491774,2.480000,-30.928255,-60.845620,-88.015186,57.086931,45.003228,48.893094,54.203167
1783943491794,2.500000,12.302525,-55.855849,-79.200378,91.502903,45.540234,47.475311,43.835600
1783943491814,2.520000,-12.288712,-50.751182,-70.230222,57.941510,45.737321,45.706076,32.541020
1783943491834,2.540000,19.055050,-45.549493,-61.167039,80.222089,46.087912,44.107777,20.512276
1783943491854,2.560000,0.786026,-40.268768,-52.072483,52.858509,46.627108,42.743633,8.025136
1783943491874,2.580000,51.913610,-34.927010,-43.006807,94.920417,46.562649,40.848165,-4.588358
1783943491894,2.600000,15.494268,-29.542144,-34.028180,49.522448,44.825780,37.377623,-16.937712
1783943491914,2.620000,58.697857,-24.131928,-25.192044,83.889901,40.931914,31.870266,-28.570260
1783943491934,2.640000,23.131123,-18.713868,-16.550557,39.681680,35.273163,24.738619,-39.043507
1783943491954,2.660000,54.040560,-13.305137,-8.152086,62.192646,28.927415,17.078362,-48.063324
1783943491974,2.680000,20.954570,-7.922498,-0.040791,20.995361,23.133790,10.143691,-55.577880
1783943491994,2.700000,59.053814,-2.582233,7.743718,51.310096,18.640396,4.695015,-61.743824
1783943492014,2.720000,33.562515,2.699921,15.166640,18.395875,15.499367,0.793878,-66.783900
1783943492034,2.740000,63.034004,7.908831,22.198162,40.835842,13.403327,-1.860896,-70.822235
1783943492054,2.760000,42.552273,13.030025,28.813555,13.738718,12.041096,-3.578073,-73.799355
1783943492074,2.780000,77.548020,18.049737,34.993197,42.554823,11.316885,-4.455642,-75.511250
1783943492094,2.800000,41.399190,22.954947,40.722520,0.676670,11.486368,-4.245471,-75.726410
1783943492114,2.820000,77.631490,27.733421,45.991886,31.639604,12.767216,-2.742762,-74.312225
1783943492134,2.840000,60.134293,32.373738,50.796409,9.337884,14.586538,-0.536844,-71.313000
1783943492154,2.860000,100.493930,36.865312,55.135711,45.358219,15.593707,1.006060,-66.926520
1783943492174,2.880000,66.770615,41.198411,59.013642,7.756973,14.634631,0.724276,-61.394165
1783943492194,2.900000,96.188020,45.364170,62.437946,33.750074,11.540989,-1.541867,-54.927876
1783943492214,2.920000,61.666553,49.354597,65.419909,-3.753356,7.038025,-5.037529,-47.767323
1783943492234,2.940000,93.965790,53.162570,67.973972,25.991818,2.230961,-8.613159,-40.283474
1783943492254,2.960000,49.831005,56.781840,70.117334,-20.286329,-1.850648,-11.205639,-32.979390
1783943492274,2.980000,88.766350,60.207017,71.869539,16.896811,-4.732577,-12.367048,-26.368470
1783943492294,3.000000,57.112305,63.433556,71.103943,-13.991638,-6.781811,-12.587668,-20.817175
1783943492314,3.020000,87.968350,66.457745,72.201575,15.766775,-8.864818,-12.907276,-16.429450
1783943492334,3.040000,57.158844,69.276682,72.997427,-15.838583,-11.679434,-14.141002,-13.020550
1783943492354,3.060000,78.904550,71.888250,73.514871,5.389679,-15.336653,-16.417062,-10.207538
1783943492374,3.080000,41.713383,74.291089,73.777512,-32.064129,-19.471080,-19.327429,-7.590983
1783943492394,3.100000,78.821570,76.484572,73.808902,5.012668,-23.693251,-22.430783,-4.921639
1783943492414,3.120000,34.641853,78.468769,73.632266,-38.990413,-27.752498,-25.440993,-2.144494
1783943492434,3.140000,64.241210,80.244417,73.270267,-9.029057,-31.433015,-28.128941,0.671523
1783943492454,3.160000,36.893284,81.812885,72.744795,-35.851511,-34.579499,-30.342955,3.430268
1783943492474,3.180000,66.298860,83.176139,72.076785,-5.777925,-36.875493,-31.778692,6.076355
1783943492494,3.200000,18.152657,84.336709,71.286065,-53.133408,-37.491557,-31.620168,8.621335
1783943492514,3.220000,58.974190,85.297651,70.391239,-11.417049,-35.557310,-29.007638,11.115518
1783943492534,3.240000,33.214176,86.062513,69.409585,-36.195409,-31.089629,-23.964375,13.592671
1783943492554,3.260000,73.262010,86.635301,68.356992,4.905018,-25.091011,-17.495348,16.072683
1783943492574,3.280000,49.014270,87.020443,67.247915,-18.233645,-18.804546,-10.843236,18.640404
1783943492594,3.300000,80.721504,87.222757,66.095358,14.626146,-12.996181,-4.771729,21.483362
1783943492614,3.320000,52.149517,87.247416,64.910867,-12.761350,-7.810796,0.577661,24.790396
1783943492634,3.340000,90.430725,87.099919,63.704560,26.726165,-3.139923,5.317485,28.585510
1783943492654,3.360000,61.039993,86.786061,62.485151,-1.445158,1.036047,9.472020,32.649284
1783943492674,3.380000,93.318700,86.311897,61.260012,32.058688,4.561278,12.890658,36.579502
1783943492694,3.400000,73.034325,85.683720,60.035227,12.999098,7.146831,15.290260,39.926853
1783943492714,3.420000,97.236890,84.908033,58.815668,38.421222,8.626172,16.510634,42.318577
1783943492734,3.440000,62.702705,83.991516,57.605079,5.097626,9.157358,16.716658,43.515156
1783943492754,3.460000,101.895720,82.941008,56.406164,45.489556,8.993086,16.168230,43.398130
1783943492774,3.480000,60.835770,81.763478,55.220676,5.615094,8.272237,15.011694,41.937813
1783943492794,3.500000,97.048840,80.466006,54.049522,42.999318,7.126391,13.386237,39.187267
1783943492814,3.520000,54.312360,79.055754,52.892854,1.419506,5.722106,11.466061,35.295147
1783943492834,3.540000,94.981240,77.539950,51.750177,43.231063,4.181974,9.381333,30.496765
1783943492854,3.560000,48.222520,75.925866,50.620443,-2.397923,2.606430,7.239903,25.079730
1783943492874,3.580000,91.867000,74.220798,49.502151,42.364849,1.177990,5.231461,19.353794
1783943492894,3.600000,46.206123,72.432049,48.393444,-2.187321,0.282171,3.748386,13.630837
1783943492914,3.620000,78.962006,70.566909,47.292197,31.669809,0.488308,3.366505,8.197778
1783943492934,3.640000,50.153313,68.632639,46.196110,3.957203,2.218509,4.514021,3.282536
1783943492954,3.660000,80.200990,66.636456,45.102786,35.098204,5.441015,7.164861,-0.958195
1783943492974,3.680000,51.658730,64.585517,44.009810,7.648920,9.614029,10.782539,-4.417430
1783943492994,3.700000,89.326195,62.486904,42.914822,46.411373,13.717889,14.352349,-7.006644
1783943493014,3.720000,64.741930,60.347611,41.815579,22.926351,16.590590,16.716888,-8.643590
1783943493034,3.740000,86.811584,58.174528,40.710014,46.101570,17.598677,17.246841,-9.272047
1783943493054,3.760000,50.943170,55.974432,39.596291,11.346879,16.888725,16.092201,-8.921213
1783943493074,3.780000,80.939255,53.753972,38.472843,42.466412,14.872240,13.666735,-7.789358
1783943493094,3.800000,47.979576,51.519658,37.338417,10.641159,11.716782,10.138617,-6.270812
1783943493114,3.820000,75.909510,49.277849,36.192100,39.717410,7.498309,5.582480,-4.854525
1783943493134,3.840000,24.656860,47.034742,35.033344,-10.376484,2.561540,0.340182,-3.957248
1783943493154,3.860000,65.567215,44.796360,33.862094,31.705121,-2.561409,-5.058960,-3.827014
1783943493174,3.880000,22.221237,42.568545,32.731645,-10.510408,-7.262919,-10.007654,-4.539649
1783943493194,3.900000,57.223316,40.356946,31.583534,25.639782,-10.447920,-13.407637,-6.008218
1783943493214,3.920000,-13.947132,38.167008,30.418392,-44.365524,-10.525675,-13.663130,-7.999863
1783943493234,3.940000,45.101513,36.003967,29.237352,15.864161,-6.856444,-10.130142,-10.222829
1783943493254,3.960000,22.266249,33.872841,28.042035,-5.775786,-1.135704,-4.502124,-12.413399
1783943493274,3.980000,65.953896,31.778419,26.834530,39.119366,3.556113,0.140251,-14.273682
1783943493294,4.000000,19.845192,29.725258,25.617362,-5.772170,5.085484,1.661554,-15.341617
1783943493314,4.020000,46.956440,27.717674,24.393468,22.562972,3.365182,-0.028275,-15.068515
1783943493334,4.040000,13.794838,25.759736,23.166151,-9.371313,-0.213359,-3.541023,-13.153439
1783943493354,4.060000,31.824827,23.855264,21.939045,9.885782,-3.739014,-6.968864,-9.823317
1783943493374,4.080000,-0.764304,22.007819,20.716068,-21.480372,-5.568593,-8.671881,-5.787896
1783943493394,4.100000,26.353523,20.220702,19.501373,6.852150,-5.068286,-8.019511,-1.934581
1783943493414,4.120000,5.251849,18.496949,18.299300,-13.047451,-2.945624,-5.722544,1.013906
1783943493434,4.140000,38.376278,16.839329,17.114324,21.261954,-0.707392,-3.291067,2.735359
1783943493454,4.160000,1.170219,15.250342,15.951003,-14.780785,0.406439,-1.968389,3.373381
1783943493474,4.180000,35.391470,13.732213,14.813924,20.577546,0.114095,-2.039636,3.399664
1783943493494,4.200000,-12.697352,12.286895,13.707651,-26.405003,-0.997404,-2.921108,3.334593
1783943493514,4.220000,28.340690,10.916068,12.636674,15.704016,-2.092983,-3.780983,3.488441
1783943493534,4.240000,-14.095387,9.621136,11.605360,-25.700747,-2.696985,-4.146735,3.873301
1783943493554,4.260000,23.349758,8.403231,10.617903,12.731855,-2.869942,-4.081879,4.302720
1783943493574,4.280000,-7.173869,7.263210,9.678279,-16.852148,-2.970651,-3.948010,4.571122
1783943493594,4.300000,23.243807,6.201661,8.790204,14.453603,-3.103372,-3.851980,4.592136
1783943493614,4.320000,-25.518276,5.218903,7.957093,-33.475369,-2.790689,-3.318743,4.419115
1783943493634,4.340000,18.495758,4.314988,7.182030,11.313728,-1.542476,-1.860299,4.152598
1783943493654,4.360000,-5.851121,3.489707,6.467727,-12.318847,0.497060,0.377268,3.846155
1783943493674,4.380000,16.124435,2.742594,5.816505,10.307930,2.886007,2.950434,3.518991
1783943493694,4.400000,-9.286251,2.072927,5.230268,-14.516519,5.395524,5.629010,3.231396
1783943493714,4.420000,21.741701,1.479737,4.710484,17.031217,7.866412,8.252723,3.093070
1783943493734,4.440000,-5.446936,0.961814,4.258171,-9.705106,9.991100,10.513192,3.187605
1783943493754,4.460000,24.912453,0.517709,3.873889,21.038564,11.405255,12.045544,3.518088
1783943493774,4.480000,-12.582184,0.145747,3.557737,-16.139921,11.748838,12.489459,4.016666
1783943493794,4.500000,31.665255,-0.155972,3.309348,28.355907,10.597569,11.420621,4.566109
1783943493814,4.520000,-12.767832,-0.389561,3.127901,-15.895733,7.690003,8.577791,5.020033
1783943493834,4.540000,20.806698,-0.557337,3.012122,17.794576,3.416516,4.351770,5.235130
1783943493854,4.560000,-24.913158,-0.661816,2.960304,-27.873462,-1.088309,-0.122231,5.088709
1783943493874,4.580000,14.549611,-0.705702,2.970318,11.579293,-4.336193,-3.355114,4.468222
1783943493894,4.600000,-37.785545,-0.691874,3.039641,-40.825186,-5.032887,-4.051649,3.271635
1783943493914,4.620000,-5.031843,-0.623379,3.165374,-8.197217,-3.001096,-2.033414,1.441993
1783943493934,4.640000,-4.433312,-0.503421,3.344272,-7.777584,-0.031771,0.909883,-0.971404
1783943493954,4.660000,24.687073,-0.335344,3.572776,21.114297,1.070217,1.974716,-3.715610
1783943493974,4.680000,-17.649124,-0.122625,3.847045,-21.496169,-1.107537,-0.249906,-6.272860
1783943493994,4.700000,1.022900,0.131143,4.162991,-3.140091,-5.584444,-4.781928,-8.008747
1783943494014,4.720000,-36.787903,0.422263,4.516317,-41.304220,-10.270250,-9.529609,-8.539720
1783943494034,4.740000,0.593549,0.746950,4.902553,-4.309004,-13.713125,-13.039629,-8.016983
1783943494054,4.760000,-32.319843,1.101347,5.317099,-37.636942,-15.713122,-15.110577,-7.023123
1783943494074,4.780000,2.413385,1.481540,5.755263,-3.341878,-16.783384,-16.254173,-6.172210
1783943494094,4.800000,-30.843210,1.883575,6.212302,-37.055512,-17.343293,-16.888442,-5.771226
1783943494114,4.820000,-1.893271,2.303477,6.683460,-8.576731,-17.302197,-16.921454,-5.760356
1783943494134,4.840000,-32.195770,2.737264,7.164007,-39.359777,-16.206965,-15.898907,-5.876623
1783943494154,4.860000,6.621101,3.180971,7.649278,-1.028176,-13.663457,-13.425598,-5.851807
1783943494174,4.880000,-21.416317,3.630666,8.134708,-29.551025,-9.525403,-9.354321,-5.507260
1783943494194,4.900000,9.992411,4.082468,8.615865,1.376546,-3.907521,-3.798993,-4.745559
1783943494214,4.920000,-20.122433,4.532568,9.088482,-29.210915,2.430172,2.481028,-3.527355
1783943494234,4.940000,48.189100,4.977246,9.548486,38.640614,7.748296,7.746876,-1.869312
1783943494254,4.960000,2.325385,5.412895,9.992020,-7.666635,10.280362,10.232432,0.189825
1783943494274,4.980000,37.169167,5.836032,10.415468,26.753699,9.800901,9.712454,2.632752
1783943494294,5.000000,-3.172665,6.243323,10.815473,-13.988137,7.855577,7.732696,5.401964
1783943494314,5.020000,27.429081,6.631595,11.188949,16.240132,6.630714,6.479442,8.242393
1783943494334,5.040000,-3.088804,6.997858,11.533098,-14.621902,7.648785,7.475004,10.639735
1783943494354,5.060000,33.582336,7.339316,11.845411,21.736925,10.926974,10.736299,11.991399
1783943494374,5.080000,14.640270,7.653381,12.123678,2.516592,14.926096,14.723782,11.903583
1783943494394,5.100000,53.509400,7.937692,12.365989,41.143411,17.436684,17.227550,10.404860
1783943494414,5.120000,14.522150,8.190122,12.570731,1.951419,16.919279,16.707643,7.949484
1783943494434,5.140000,41.108337,8.408788,12.736587,28.371750,13.218144,13.007783,5.194737
1783943494454,5.160000,7.793610,8.592065,12.862531,-5.068921,7.272775,7.066897,2.670400
1783943494474,5.180000,28.316998,8.738591,12.947818,15.369180,0.547524,0.348760,0.548599
1783943494494,5.200000,-6.485326,8.847270,12.991979,-19.477305,-5.404843,-5.594435,-1.353535
1783943494514,5.220000,23.005661,8.917285,12.994812,10.010849,-9.322937,-9.501846,-3.383267
1783943494534,5.240000,-19.185630,8.948092,12.956371,-32.142001,-10.549920,-10.717149,-5.824758
1783943494554,5.260000,20.263680,8.939427,12.876957,7.386723,-9.394280,-9.549293,-8.751793
1783943494574,5.280000,1.156938,8.891306,12.757111,-11.600173,-7.198005,-7.340674,-11.976026
1783943494594,5.300000,32.519215,8.804023,12.597602,19.921613,-5.435915,-5.566450,-15.060020
1783943494614,5.320000,-13.448551,8.678146,12.399420,-25.847971,-4.615536,-4.734410,-17.413170
1783943494634,5.340000,28.362560,8.514517,12.163768,16.198792,-4.368972,-4.476852,-18.504982
1783943494654,5.360000,-6.260754,8.314242,11.892054,-18.152808,-4.248471,-4.346133,-18.105576
1783943494674,5.380000,29.570944,8.078687,11.585890,17.985054,-3.966847,-4.055109,-16.366352
1783943494694,5.400000,-4.715295,7.809467,11.247078,-15.962373,-3.166872,-3.246518,-13.686127
1783943494714,5.420000,24.323666,7.508441,10.877612,13.446054,-1.395701,-1.467413,-10.515057
1783943494734,5.440000,-8.623714,7.177697,10.479671,-19.103385,1.466367,1.402061,-7.249786
1783943494754,5.460000,41.012398,6.819541,10.055613,30.956785,4.760034,4.702814,-4.202488
1783943494774,5.480000,7.260504,6.436482,9.607976,-2.347471,7.434146,7.383933,-1.553948
1783943494794,5.500000,39.555740,6.031222,9.139464,30.416276,9.069428,9.026414,0.697221
1783943494814,5.520000,-10.512822,5.606632,8.652953,-19.165775,10.150418,10.115074,2.684738
1783943494834,5.540000,40.465546,5.165743,8.151476,32.314070,11.142484,11.115564,4.505266
1783943494854,5.560000,5.947833,4.711721,7.638219,-1.690386,11.783804,11.766326,6.093988
1783943494874,5.580000,43.623630,4.247851,7.116512,36.507118,11.650339,11.643559,7.293016
1783943494894,5.600000,-10.798748,3.777516,6.589820,-17.388568,10.942846,10.948217,8.009937
1783943494914,5.620000,28.560518,3.304175,6.061725,22.498793,10.128334,10.147454,8.251457
1783943494934,5.640000,0.580399,2.831341,5.535917,-4.955518,9.065292,9.099848,8.027505
1783943494954,5.660000,31.242584,2.362561,5.016173,26.226411,7.125034,7.176741,7.317566
1783943494974,5.680000,-13.087521,1.901387,4.506341,-17.593862,4.068787,4.139328,6.156088
1783943494994,5.700000,18.015510,1.451361,4.010312,14.005198,0.341433,0.432398,4.682111
1783943495014,5.720000,-19.165981,1.015982,3.532000,-22.697981,-3.293725,-3.180898,3.062561
1783943495034,5.740000,8.288118,0.598693,3.075313,5.212805,-6.057548,-5.921646,1.396069
1783943495054,5.760000,-25.131779,0.202847,2.644125,-27.775904,-7.297997,-7.138138,-0.285558
1783943495074,5.780000,3.095077,-0.168307,2.242245,0.852832,-6.685472,-6.501249,-1.947310
1783943495094,5.800000,-33.778343,-0.511650,1.873383,-35.651726,-4.560444,-4.352108,-3.503977
1783943495114,5.820000,18.361280,-0.824214,1.541117,16.820163,-2.200520,-1.969161,-4.815912
1783943495134,5.840000,-30.033329,-1.103201,1.248860,-31.282189,-1.414180,-1.161821,-5.692677
1783943495154,5.860000,19.164196,-1.346006,0.999823,18.164373,-3.581579,-3.311047,-5.911169
1783943495174,5.880000,-32.184460,-1.550229,0.796984,-32.981444,-8.795548,-8.509964,-5.284634
1783943495194,5.900000,3.402110,-1.713699,0.643050,2.759060,-15.389049,-15.090888,-3.778812
1783943495214,5.920000,-72.864780,-1.834482,0.540430,-73.405210,-20.471539,-20.161432,-1.622036
1783943495234,5.940000,-14.033372,-1.910901,0.491202,-14.524574,-21.883526,-21.559366,0.666296
1783943495254,5.960000,-39.083313,-1.941542,0.497086,-39.580399,-19.794248,-19.451597,2.425624
1783943495274,5.980000,1.680097,-1.925269,0.559420,1.120677,-15.878843,-15.513887,3.202923
1783943495294,6.000000,-47.591293,-1.861230,0.566334,-48.157627,-11.436964,-11.051421,3.069462
1783943495314,6.020000,6.421873,-1.748863,0.746126,5.675747,-6.916675,-6.520280,2.589636
1783943495334,6.040000,-23.014175,-1.587903,0.983725,-23.997900,-2.321601,-1.929120,2.459801
1783943495354,6.060000,-4.028949,-1.378381,1.278691,-5.307640,2.695865,3.069863,3.154058
1783943495374,6.080000,-19.096040,-1.120627,1.630147,-20.726187,8.334236,8.678476,4.790414
1783943495394,6.100000,29.551296,-0.815271,2.036786,27.514510,13.922456,14.229415,7.179060
1783943495414,6.120000,-6.997145,-0.463237,2.496879,-9.494024,18.367672,18.632705,9.972848
1783943495434,6.140000,30.025020,-0.065740,3.008287,27.016733,21.114263,21.334454,12.837452
1783943495454,6.160000,-5.716031,0.375716,3.568478,-9.284509,22.226561,22.399844,15.516200
1783943495474,6.180000,31.590435,0.859351,4.174546,27.415889,21.888636,22.013360,17.759829
1783943495494,6.200000,-2.174406,1.383114,4.823238,-6.997644,20.123552,20.198399,19.265366
1783943495514,6.220000,30.803724,1.944691,5.510979,25.292745,16.927141,16.951255,19.733946
1783943495534,6.240000,-13.312354,2.541519,6.233904,-19.546258,12.490993,12.464159,18.974442
1783943495554,6.260000,19.125057,3.170799,6.987889,12.137168,7.094787,7.017578,16.942596
1783943495574,6.280000,-10.047401,3.829505,7.768586,-17.815987,0.937675,0.811536,13.718776
1783943495594,6.300000,10.206596,4.514403,8.571461,1.635135,-5.527379,-5.700125,9.493014
1783943495614,6.320000,-33.366620,5.222065,9.391831,-42.758451,-11.290770,-11.506958,4.559608
1783943495634,6.340000,2.533289,5.948887,10.224903,-7.691614,-15.294599,-15.550293,-0.731027
1783943495654,6.360000,-35.950990,6.691105,11.065810,-47.016800,-17.183380,-17.473969,-6.044748
1783943495674,6.380000,9.341615,7.444820,11.909655,-2.568040,-17.449219,-17.769510,-11.075721
1783943495694,6.400000,-33.943520,8.206014,12.751544,-46.695064,-17.030503,-17.374835,-15.489121
1783943495714,6.420000,12.735708,8.970574,13.586625,-0.850917,-16.850060,-17.212419,-18.899065
1783943495734,6.440000,-22.535826,9.734313,14.410125,-36.945951,-17.424357,-17.798498,-20.942734
1783943495754,6.460000,6.887026,10.492999,15.217380,-8.330354,-18.493365,-18.872942,-21.397306
1783943495774,6.480000,-35.226720,11.242375,16.003868,-51.230588,-19.208998,-19.587701,-20.277939
1783943495794,6.500000,20.673283,11.978186,16.765236,3.908047,-18.925603,-19.297290,-17.871721
1783943495814,6.520000,-27.001339,12.696208,17.497324,-44.498663,-17.507883,-17.866718,-14.657153
1783943495834,6.540000,23.065546,13.392269,18.196192,4.869354,-15.000939,-15.341521,-11.127370
1783943495854,6.560000,-14.182965,14.062282,18.858130,-33.041095,-11.444992,-11.762476,-7.632280
1783943495874,6.580000,30.791550,14.702269,19.479680,11.311870,-6.893522,-7.183727,-4.339273
1783943495894,6.600000,-5.212155,15.308387,20.057644,-25.269800,-1.509613,-1.769120,-1.292278
1783943495914,6.620000,45.178345,15.876955,20.589095,24.589250,4.218260,3.992033,1.516512
1783943495934,6.640000,18.578188,16.404479,21.071376,-2.493188,9.527212,9.335951,4.109636
1783943495954,6.660000,51.509468,16.887679,21.502111,30.007357,13.843164,13.687626,6.517136
1783943495974,6.680000,24.193775,17.323508,21.879195,2.314580,17.025821,16.905821,8.758322
1783943495994,6.700000,61.224297,17.709178,22.200800,39.023497,19.149770,19.064200,10.790193
1783943496014,6.720000,27.799355,18.042176,22.465363,5.333992,20.302744,20.249617,12.467984
1783943496034,6.740000,61.965973,18.320287,22.671587,39.294386,20.514331,20.490849,13.570530
1783943496054,6.760000,27.498764,18.541606,22.818430,4.680334,19.637636,19.640273,13.873662
1783943496074,6.780000,70.705690,18.704556,22.905100,47.800590,17.422804,17.447395,13.222594
1783943496094,6.800000,28.159077,18.807894,22.931049,5.228028,14.074246,14.116066,11.587212
1783943496114,6.820000,53.997130,18.850728,22.895964,31.101166,10.754119,10.807947,9.077254
1783943496134,6.840000,9.658263,18.832517,22.799766,-13.141503,9.082215,9.142386,5.878156
1783943496154,6.860000,63.839825,18.753078,22.642605,41.197220,9.975904,10.036395,2.156750
1783943496174,6.880000,12.757990,18.612589,22.426269,-9.668279,13.125917,13.180511,-1.941164
1783943496194,6.900000,65.732640,18.411586,22.150863,43.581777,17.183761,17.226298,-6.189604
1783943496214,6.920000,33.033382,18.150960,21.817078,11.216304,20.149371,20.174041,-10.205714
1783943496234,6.940000,70.568400,17.831952,21.425804,49.142596,20.205140,20.206742,-13.495809
1783943496254,6.960000,26.595648,17.456144,20.978135,5.617513,16.701609,16.675763,-15.606132
1783943496274,6.980000,50.043840,17.025449,20.475377,29.568463,10.384215,10.327508,-16.309332
1783943496294,7.000000,8.002955,16.542100,19.919062,-11.916107,2.743406,2.653505,-15.751949
1783943496314,7.020000,34.152080,16.008630,19.310960,14.841120,-4.844148,-4.968429,-14.459567
1783943496334,7.040000,-8.065023,15.427862,18.653093,-26.718116,-11.605262,-11.763914,-13.148793
1783943496354,7.060000,27.538078,14.802887,17.947745,9.590333,-17.365136,-17.556940,-12.439050
1783943496374,7.080000,-20.000349,14.137045,17.197474,-37.197823,-22.148794,-22.371332,-12.623529
1783943496394,7.100000,11.867395,13.433906,16.405127,-4.537732,-25.806969,-26.056664,-13.607892
1783943496414,7.120000,-28.136803,12.697245,15.573845,-43.710648,-28.052230,-28.324414,-15.014594
1783943496434,7.140000,10.278275,11.931023,14.707071,-4.428795,-28.625954,-28.914969,-16.355593
1783943496454,7.160000,-36.759808,11.139363,13.808549,-50.568357,-27.349347,-27.648671,-17.171690
1783943496474,7.180000,7.950108,10.326523,12.882328,-4.932220,-24.348267,-24.650662,-17.109522
1783943496494,7.200000,-24.865986,9.496878,11.932755,-36.798741,-20.323414,-20.621100,-15.953935
1783943496514,7.220000,20.526594,8.654891,10.964462,9.562132,-16.250271,-16.535116,-13.618141
1783943496534,7.240000,-21.537876,7.805092,9.982356,-31.520232,-12.642058,-12.905772,-10.106697
1783943496554,7.260000,14.205910,6.952052,8.991595,5.214315,-9.266654,-9.501002,-5.514801
1783943496574,7.280000,-23.153429,6.100360,7.997564,-31.150993,-5.707879,-5.904884,-0.091621
1783943496594,7.300000,23.720970,5.254599,7.005847,16.715123,-2.101866,-2.254017,5.720790
1783943496614,7.320000,-4.016917,4.419322,6.022187,-10.039104,0.936153,0.835706,11.380302
1783943496634,7.340000,25.506796,3.599029,5.052449,20.454347,3.221579,3.178840,16.431612
1783943496654,7.360000,-13.549859,2.798144,4.102572,-17.652431,5.568113,5.588076,20.618217
1783943496674,7.380000,16.955597,2.020988,3.178521,13.777076,9.144544,9.231049,23.822035
1783943496694,7.400000,-7.253430,1.271764,2.286235,-9.539665,14.231183,14.386800,25.934782
1783943496714,7.420000,36.751500,0.554526,1.431568,35.319932,19.684558,19.910494,26.844488
1783943496734,7.440000,10.402488,-0.126838,0.620234,9.782254,23.704091,24.000137,26.569452
1783943496754,7.460000,42.221000,-0.768631,-0.142256,42.363256,25.243331,25.607838,25.373300
1783943496774,7.480000,-6.153858,-1.367364,-0.850653,-5.303205,24.766872,25.196762,23.687897
1783943496794,7.500000,24.695410,-1.919784,-1.500031,26.195441,23.584284,24.075096,21.860216
1783943496814,7.520000,-1.321281,-2.422887,-2.085846,0.764565,22.530777,23.076751,19.938390
1783943496834,7.540000,27.553452,-2.873945,-2.603993,30.157445,21.507600,22.101788,17.702879
1783943496854,7.560000,-8.612601,-3.270520,-3.050856,-5.561745,19.997088,20.631503,14.906602
1783943496874,7.580000,27.302870,-3.610485,-3.423364,30.726234,17.622083,18.287869,11.493135
1783943496894,7.600000,-22.004105,-3.892038,-3.719027,-18.285078,14.417255,15.104888,7.627211
1783943496914,7.620000,12.374276,-4.113724,-3.935979,16.310255,10.719723,11.419224,3.571989
1783943496934,7.640000,-26.095865,-4.274443,-4.073002,-22.022863,6.765791,7.466956,-0.443676
1783943496954,7.660000,9.095668,-4.373467,-4.129553,13.225221,2.622128,3.314768,-4.269077
1783943496974,7.680000,-37.847220,-4.410449,-4.105771,-33.741449,-1.454246,-0.780069,-7.792030
1783943496994,7.700000,-5.022834,-4.385436,-4.002489,-1.020345,-4.903503,-4.257241,-10.895419
1783943497014,7.720000,-43.945530,-4.298869,-3.821218,-40.124312,-7.224592,-6.614989,-13.470212
1783943497034,7.740000,-6.293850,-4.151597,-3.564142,-2.729708,-8.314987,-7.749878,-15.447436
1783943497054,7.760000,-45.970726,-3.944871,-3.234087,-42.736639,-8.482252,-7.968382,-16.785461
1783943497074,7.780000,-7.323947,-3.680348,-2.834490,-4.489457,-8.333260,-7.876139,-17.429934
1783943497094,7.800000,-42.867413,-3.360087,-2.369359,-40.498054,-8.664855,-8.268642,-17.305792
1783943497114,7.820000,-3.370643,-2.986543,-1.843222,-1.527420,-10.181538,-9.848970,-16.350828
1783943497134,7.840000,-49.930240,-2.562556,-1.261077,-48.669163,-13.103695,-12.836057,-14.561596
1783943497154,7.860000,-7.474380,-2.091344,-0.628323,-6.846056,-17.027756,-16.824890,-12.036420
1783943497174,7.880000,-54.191425,-1.576481,0.049293,-54.240718,-21.043576,-20.903943,-9.000131
1783943497194,7.900000,-28.086548,-1.021885,0.765750,-28.852298,-24.097909,-24.018685,-5.790946
1783943497214,7.920000,-50.465565,-0.431794,1.514816,-51.980381,-25.713921,-25.691143,-2.801192
1783943497234,7.940000,-18.078222,0.189257,2.290115,-20.368337,-26.340587,-26.369327,-0.367159
1783943497254,7.960000,-47.032930,0.836467,3.085191,-50.118121,-26.793819,-26.868399,1.361999
1783943497274,7.980000,-14.538632,1.504792,3.893568,-18.432200,-27.497499,-27.611721,2.492005
1783943497294,8.000000,-54.776104,2.188983,4.708807,-59.484911,-28.260168,-28.407571,3.308665
1783943497314,8.020000,-9.999196,2.883619,5.524554,-15.523750,-28.617366,-28.791487,4.096087
1783943497334,8.040000,-43.932600,3.583144,6.334586,-50.267186,-28.156139,-28.350777,5.000764
1783943497354,8.060000,-5.728890,4.281907,7.132843,-12.861734,-26.424868,-26.634335,6.032261
1783943497374,8.080000,-39.559685,4.974201,7.913460,-47.473145,-22.903227,-23.122587,7.140526
1783943497394,8.100000,6.186214,5.654308,8.670783,-2.484569,-17.372681,-17.597958,8.271714
1783943497414,8.120000,-17.455095,6.316539,9.399388,-26.854483,-10.239718,-10.468068,9.385867
1783943497434,8.140000,23.681515,6.955280,10.094083,13.587432,-2.442017,-2.671860,10.478566
1783943497454,8.160000,0.770291,7.565034,10.749912,-9.979621,4.813713,4.582612,11.600334
1783943497474,8.180000,51.471775,8.140466,11.362148,40.109627,10.379735,10.146237,12.834172
1783943497494,8.200000,11.134357,8.676444,11.926288,-0.791931,13.725728,13.487348,14.234387
1783943497514,8.220000,57.340202,9.168083,12.438042,44.902160,15.303236,15.056222,15.755378
1783943497534,8.240000,10.942898,9.610783,12.893325,-1.950427,16.240532,15.980009,17.194227
1783943497554,8.260000,54.954613,10.000268,13.288246,41.666367,17.529543,17.249699,18.178284
1783943497574,8.280000,29.748047,10.332621,13.619104,16.128943,19.333059,19.027384,18.249506
1783943497594,8.300000,64.368720,10.604318,13.882388,50.486332,21.107860,20.769419,17.049837
1783943497614,8.320000,32.561680,10.812256,14.074778,18.486902,22.264098,21.885843,14.494723
1783943497634,8.340000,71.050600,10.953783,14.193156,56.857444,22.580766,22.155859,10.805580
1783943497654,8.360000,33.069910,11.026715,14.234625,18.835285,22.341839,21.863991,6.389622
1783943497674,8.380000,64.297270,11.029362,14.196533,50.100737,22.232913,21.696718,1.667051
1783943497694,8.400000,32.516808,10.960537,14.076505,18.440303,22.852276,22.253530,-3.048724
1783943497714,8.420000,71.643486,10.819570,13.872484,57.771002,24.249035,23.585038,-7.575849
1783943497734,8.440000,33.889973,10.606313,13.582774,20.307199,25.932640,25.202446,-11.805873
1783943497754,8.460000,77.749020,10.321142,13.206095,64.542925,27.177532,26.382168,-15.620061
1783943497774,8.480000,36.649420,9.964958,12.741633,23.907787,27.408514,26.551130,-18.853807
1783943497794,8.500000,69.862790,9.539172,12.189101,57.673689,26.508679,25.594643,-21.338629
1783943497814,8.520000,34.372440,9.045704,11.548793,22.823647,24.810160,23.847086,-22.983866
1783943497834,8.540000,60.844265,8.486960,10.821637,50.022628,22.880942,21.878642,-23.833715
1783943497854,8.560000,21.085695,7.865815,10.009248,11.076447,21.202212,20.172576,-24.065447
1783943497874,8.580000,53.628155,7.185592,9.113970,44.514185,19.689517,18.646330,-23.932700
1783943497894,8.600000,23.647213,6.450033,8.138911,15.508302,17.523365,16.482051,-23.673920
1783943497914,8.620000,52.182938,5.663268,7.087966,45.094972,13.777528,12.754843,-23.412958
1783943497934,8.640000,-3.721659,4.829784,5.965830,-9.687488,8.237328,7.250993,-23.114954
1783943497954,8.660000,32.544860,3.954388,4.777996,27.766864,1.384753,0.453066,-22.663774
1783943497974,8.680000,-14.157292,3.042170,3.530740,-17.688032,-6.094885,-6.953479,-22.003408
1783943497994,8.700000,11.071438,2.098460,2.231087,8.840351,-13.375380,-14.142722,-21.197763
1783943498014,8.720000,-37.610146,1.128793,0.886766,-38.496912,-19.436830,-20.095492,-20.367216
1783943498034,8.740000,-5.417204,0.138857,-0.493849,-4.923355,-23.418294,-23.952033,-19.596794
1783943498054,8.760000,-45.193886,-0.865538,-1.901820,-43.292066,-25.011137,-25.405346,-18.888206
1783943498074,8.780000,-12.237771,-1.878516,-3.327729,-8.910042,-24.502259,-24.744425,-18.134138
1783943498094,8.800000,-50.439340,-2.894167,-4.761778,-45.677562,-22.641196,-22.721342,-17.105986
1783943498114,8.820000,-1.186085,-3.906595,-6.193901,5.007816,-20.389992,-20.301053,-15.486946
1783943498134,8.840000,-54.896435,-4.909960,-7.613876,-47.282559,-18.397172,-18.135237,-12.952825
1783943498154,8.860000,-11.233346,-5.898513,-9.011451,-2.221895,-16.714655,-16.278956,-9.282679
1783943498174,8.880000,-56.233833,-6.866640,-10.376465,-45.857368,-15.202212,-14.594769,-4.470733
1783943498194,8.900000,-5.640574,-7.808896,-11.698972,6.058398,-13.939637,-13.164557,1.226367
1783943498214,8.920000,-55.070873,-8.720039,-12.969366,-42.101507,-13.047668,-12.110285,7.364234
1783943498234,8.940000,-19.899677,-9.595065,-14.178494,-5.721183,-12.447967,-11.354310,13.454783
1783943498254,8.960000,-51.600620,-10.429234,-15.317769,-36.282851,-12.100962,-10.858328,19.062742
1783943498274,8.980000,-12.539585,-11.218098,-16.379266,3.839681,-12.108970,-10.728447,23.840765
1783943498294,9.000000,-56.687990,-11.957529,-17.444658,-39.243332,-12.255894,-10.756076,27.564499
1783943498314,9.020000,-30.984524,-12.643735,-18.315695,-12.668829,-11.908553,-10.316748,30.151636
1783943498334,9.040000,-54.507200,-13.273279,-19.088586,-35.418614,-10.784755,-9.133457,31.612982
1783943498354,9.060000,-13.030426,-13.843100,-19.759018,6.728592,-9.410020,-7.731785,31.997019
1783943498374,9.080000,-58.669342,-14.350516,-20.323671,-38.345671,-8.511040,-6.835504,31.419434
1783943498394,9.100000,-11.972627,-14.793242,-20.780233,8.807606,-8.339381,-6.692698,30.115677
1783943498414,9.120000,-66.472370,-15.169386,-21.127390,-45.344980,-8.686218,-7.091638,28.390718
1783943498434,9.140000,-13.508467,-15.477463,-21.364809,7.856342,-9.298844,-7.777479,26.481178
1783943498454,9.160000,-55.581356,-15.716385,-21.493102,-34.088254,-10.099139,-8.670445,24.477262
1783943498474,9.180000,-22.151999,-15.885463,-21.513777,-0.638222,-10.940186,-9.622042,22.370270
1783943498494,9.200000,-56.791470,-15.984400,-21.429183,-35.362287,-11.475627,-10.284118,20.135818
1783943498514,9.220000,-13.676215,-16.013282,-21.242435,7.566220,-11.311836,-10.260902,17.773220
1783943498534,9.240000,-54.915173,-15.972568,-20.957340,-33.957833,-9.946063,-9.047143,15.312256
1783943498554,9.260000,-9.779647,-15.863075,-20.578314,10.798667,-6.691334,-5.953105,12.820355
1783943498574,9.280000,-46.482030,-15.685966,-20.110291,-26.371739,-0.974386,-0.402606,10.403667
1783943498594,9.300000,0.306602,-15.442727,-19.558639,19.865241,7.136796,7.539331,8.184122
1783943498614,9.320000,-19.961899,-15.135154,-18.929062,-1.032837,16.543515,16.776923,6.282124
1783943498634,9.340000,29.650406,-14.765329,-18.227519,47.877925,25.358007,25.425212,4.835950
1783943498654,9.360000,-7.974055,-14.335601,-17.460137,9.486081,31.681782,31.588343,4.015112
1783943498674,9.380000,37.819717,-13.848560,-16.633126,54.452843,34.098681,33.852591,3.955846
1783943498694,9.400000,5.128406,-13.307020,-15.752711,20.881117,31.809780,31.421229,4.631037
1783943498714,9.420000,34.347584,-12.713992,-14.825060,49.172644,25.021220,24.502323,5.760864
1783943498734,9.440000,-20.236456,-12.072659,-13.856222,-6.380234,15.228290,14.592805,6.831197
1783943498754,9.460000,13.030867,-11.386359,-12.852077,25.882944,4.639140,3.902152,7.182070
1783943498774,9.480000,-33.725418,-10.658556,-11.818289,-21.907129,-4.800945,-5.623337,6.133771
1783943498794,9.500000,6.846045,-9.892819,-10.760269,17.606314,-11.818468,-12.709482,3.177451
1783943498814,9.520000,-40.403430,-9.092802,-9.683145,-30.720285,-15.577412,-16.519903,-1.801316
1783943498834,9.540000,-5.075550,-8.262217,-8.591743,3.516193,-15.529491,-16.506270,-8.409222
1783943498854,9.560000,-30.797213,-7.404818,-7.490570,-23.306643,-11.750174,-12.744304,-15.834935
1783943498874,9.580000,16.828432,-6.524378,-6.383806,23.212238,-5.110100,-6.105184,-23.057388
1783943498894,9.600000,-17.080194,-5.624668,-5.275307,-11.804887,3.164656,2.184222,-29.041473
1783943498914,9.620000,31.344551,-4.709440,-4.168606,35.513157,11.874507,10.923300,-32.899487
1783943498934,9.640000,2.786340,-3.782409,-3.066926,5.853265,19.792210,18.883585,-34.052113
1783943498954,9.660000,49.987170,-2.847233,-1.973190,51.960360,25.651194,24.797113,-32.354443
1783943498974,9.680000,18.435993,-1.907504,-0.890047,19.326040,28.481724,27.692624,-28.109873
1783943498994,9.700000,54.397900,-0.966726,0.180115,54.217785,28.078649,27.363334,-21.974024
1783943499014,9.720000,9.867300,-0.028309,1.235143,8.632157,25.135372,24.500944,-14.830089
1783943499034,9.740000,41.723297,0.904446,2.273091,39.450206,20.736093,20.187910,-7.683234
1783943499054,9.760000,4.567798,1.828356,3.292203,1.275595,15.566571,15.108241,-1.543081
1783943499074,9.780000,39.756645,2.740364,4.290880,35.465765,9.626876,9.260297,2.749603
1783943499094,9.800000,-8.847940,3.637546,5.267662,-14.115602,2.615761,2.341203,4.714768
1783943499114,9.820000,27.864910,4.517119,6.221201,21.643709,-5.582840,-5.766606,4.329704
1783943499134,9.840000,-22.708672,5.376441,7.150241,-29.858913,-14.600291,-14.695822,1.964971
1783943499154,9.860000,10.126011,6.213020,8.053597,2.072414,-23.404678,-23.415696,-1.786300
1783943499174,9.880000,-38.053480,7.024513,8.928980,-46.982460,-30.356981,-30.288254,-6.279854
1783943499194,9.900000,-6.234246,7.808729,9.775745,-16.009991,-33.638348,-33.495624,-10.931409
1783943499214,9.920000,-42.105804,8.563631,10.592924,-52.698728,-32.000182,-31.790146,-15.259373
1783943499234,9.940000,1.183218,9.287338,11.379571,-10.196353,-25.504732,-25.234931,-18.862663
1783943499254,9.960000,-21.632025,9.978123,12.134747,-33.766772,-15.788278,-15.467003,-21.355568
1783943499274,9.980000,29.584156,10.634415,12.857510,16.726646,-5.591580,-5.227716,-22.312780
1783943499294,10.000000,-0.486226,11.254797,13.546912,-14.033138,2.289458,2.686600,-21.290573
1783943499314,10.020000,41.096447,11.838009,14.201992,26.894455,6.048976,6.469833,-17.961098
1783943499334,10.040000,4.329900,12.382944,14.821777,-10.491877,5.432307,5.867232,-12.314853
1783943499354,10.060000,30.159487,12.888650,15.405282,14.754205,1.715960,2.155383,-4.817414
1783943499374,10.080000,-7.924766,13.354324,15.951512,-23.876278,-2.910715,-2.476135,3.585217
1783943499394,10.100000,16.797540,13.779317,16.459470,0.338070,-6.365754,-5.944995,11.645009
1783943499414,10.120000,-7.747499,14.163126,16.928163,-24.675662,-7.558320,-7.159868,18.124016
1783943499434,10.140000,34.592800,14.505395,17.356610,17.236190,-6.449582,-6.081315,22.147055
1783943499454,10.160000,-15.828216,14.805913,17.743853,-33.572069,-3.356949,-3.026035,23.457384
1783943499474,10.180000,33.527184,15.064608,18.088973,15.438211,1.284916,1.572111,22.428535
1783943499494,10.200000,9.108366,15.281549,18.391097,-9.282731,6.570806,6.808792,19.838820
1783943499514,10.220000,42.616035,15.456937,18.649413,23.966622,11.341959,11.526184,16.585426
1783943499534,10.240000,13.031642,15.591107,18.863191,-5.831549,14.772392,14.899287,13.478198
1783943499554,10.260000,45.281900,15.684519,19.031789,26.250111,16.438582,16.505592,11.102973
1783943499574,10.280000,15.236136,15.737758,19.154672,-3.918536,16.073320,16.078917,9.714631
1783943499594,10.300000,45.415974,15.751526,19.231428,26.184546,13.504962,13.448646,9.211628
1783943499614,10.320000,5.745067,15.726639,19.261777,-13.516711,8.790455,8.672734,9.230689
1783943499634,10.340000,40.647050,15.664023,19.245589,21.401461,2.368843,2.191209,9.297229
1783943499654,10.360000,-14.397312,15.564704,19.182892,-33.580204,-4.855304,-5.090425,8.954263
1783943499674,10.380000,25.032345,15.429810,19.073885,5.958460,-11.696601,-11.985897,7.842771
1783943499694,10.400000,-20.745754,15.260557,18.918944,-39.664698,-17.035418,-17.374760,5.752877
1783943499714,10.420000,20.174988,15.058250,18.718635,1.456353,-19.862007,-20.246526,2.675175
1783943499734,10.440000,-44.057865,14.824274,18.473714,-62.531579,-19.381602,-19.805768,-1.170274
1783943499754,10.460000,20.536180,14.560090,18.185136,2.351044,-15.847547,-16.305262,-5.378572
1783943499774,10.480000,-5.904791,14.267227,17.854055,-23.758847,-11.019732,-11.504425,-9.439869
1783943499794,10.500000,26.239677,13.947282,17.481829,8.757848,-6.975833,-7.480560,-12.770457
1783943499814,10.520000,-9.533610,13.601909,17.070018,-26.603628,-4.683772,-5.201320,-14.753171
1783943499834,10.540000,23.635746,13.232817,16.620379,7.015367,-3.945782,-4.468773,-14.912417
1783943499854,10.560000,-3.526575,12.841765,16.134871,-19.661446,-4.015004,-4.536002,-13.157950
1783943499874,10.580000,35.320480,12.430559,15.615643,19.704837,-3.717695,-4.229312,-9.858304
1783943499894,10.600000,-29.680180,12.001040,15.065030,-44.745210,-1.462370,-1.957368,-5.676331
1783943499914,10.620000,30.190083,11.555088,14.485545,15.704538,3.634614,3.163218,-1.357841
1783943499934,10.640000,10.250731,11.094610,13.879867,-3.629136,10.458047,10.016884,2.428525
1783943499954,10.660000,50.462700,10.621541,13.250833,37.211867,16.580442,16.175702,5.273357
1783943499974,10.680000,15.722948,10.137831,12.601418,3.121530,20.149324,19.786664,7.185572
1783943499994,10.700000,54.321540,9.645445,11.934722,42.386818,20.926627,20.611094,8.536102
1783943500014,10.720000,-1.280373,9.146357,11.253953,-12.534326,20.106323,19.842287,9.742043
1783943500034,10.740000,41.737750,8.642537,10.562404,31.175346,19.193950,18.985041,10.928788
1783943500054,10.760000,4.862102,8.135954,9.863433,-5.001330,18.711032,18.560091,11.840130
1783943500074,10.780000,50.921370,7.628560,9.160435,41.760935,17.983428,17.892473,12.037946
1783943500094,10.800000,5.016730,7.122289,8.456822,-3.440092,16.092448,16.062647,11.217903
1783943500114,10.820000,33.839680,6.619043,7.755993,26.083687,12.756135,12.787801,9.394164
1783943500134,10.840000,-1.885868,6.120690,7.061308,-8.947176,8.361745,8.454334,6.829606
1783943500154,10.860000,26.228563,5.629052,6.376058,19.852505,3.656752,3.808883,3.834742
1783943500174,10.880000,-19.886030,5.145901,5.703442,-25.589472,-0.453477,-0.243993,0.634570
1783943500194,10.900000,13.310030,4.672944,5.046534,8.263496,-3.341132,-3.077246,-2.642159
1783943500214,10.920000,-17.003265,4.211824,4.408263,-21.411528,-5.137666,-4.823026,-5.908203
1783943500234,10.940000,11.832366,3.764103,3.791386,8.040980,-6.578880,-6.217751,-9.042648
1783943500254,10.960000,-18.807016,3.331265,3.198467,-22.005483,-8.358878,-7.956043,-11.829792
1783943500274,10.980000,11.810875,2.914702,2.631860,9.179015,-10.543152,-10.103799,-13.967929
1783943500294,11.000000,-38.446860,2.515710,2.093689,-40.540549,-12.415643,-11.945258,-15.174581
1783943500314,11.020000,2.747840,2.135487,1.585840,1.162000,-13.115030,-12.619311,-15.330060
1783943500334,11.040000,-32.869320,1.775126,1.109950,-33.979270,-12.548325,-12.033147,-14.543805
1783943500354,11.060000,6.072765,1.435613,0.667403,5.405362,-11.575609,-11.047057,-13.076596
1783943500374,11.080000,-27.836292,1.117822,0.259326,-28.095618,-11.470010,-10.934459,-11.175265
1783943500394,11.100000,7.292977,0.822520,-0.113406,7.406384,-13.192507,-12.656690,-8.958621
1783943500414,11.120000,-38.145573,0.550359,-0.450164,-37.695409,-16.854170,-16.325085,-6.446037
1783943500434,11.140000,-4.690824,0.301884,-0.744445,-3.946379,-21.691166,-21.175718,-3.684466
1783943500454,11.160000,-42.499240,0.077531,-1.002176,-41.497064,-26.400349,-25.904854,-0.850961
1783943500474,11.180000,-4.985489,-0.122368,-1.223462,-3.762027,-29.275736,-28.805577,1.761008
1783943500494,11.200000,-72.981680,-0.297584,-1.408583,-71.573097,-28.491986,-28.051561,3.847782
1783943500514,11.220000,-7.844753,-0.447980,-1.557988,-6.286765,-23.427764,-23.020610,5.186732
1783943500534,11.240000,-16.333145,-0.573511,-1.672277,-14.660868,-15.632826,-15.261781,5.709682
1783943500554,11.260000,13.512752,-0.674216,-1.752177,15.264929,-7.367149,-7.034486,5.631285
1783943500574,11.280000,-24.359730,-0.750206,-1.798522,-22.561208,0.431730,0.724229,5.515049
1783943500594,11.300000,18.186565,-0.801664,-1.812233,19.998798,7.949560,8.200567,6.060171
1783943500614,11.320000,3.323697,-0.828832,-1.794300,5.117997,15.140254,15.348878,7.697155
1783943500634,11.340000,41.595240,-0.832003,-1.745763,43.341003,21.487484,21.653258,10.377219
1783943500654,11.360000,10.585769,-0.811515,-1.667695,12.253464,26.715106,26.837969,13.713321
1783943500674,11.380000,43.583454,-0.767743,-1.561190,45.144644,31.018779,31.099041,17.216087
1783943500694,11.400000,13.178526,-0.701094,-1.427348,14.605874,34.466562,34.504867,20.387148
1783943500714,11.420000,61.598053,-0.611996,-1.267268,62.865321,36.455112,36.452400,22.732592
1783943500734,11.440000,20.350056,-0.500898,-1.082041,21.432097,36.032473,35.989935,23.842010
1783943500754,11.460000,54.666264,-0.368260,-0.872740,55.539004,32.684861,32.603905,23.502737
1783943500774,11.480000,5.733219,-0.214555,-0.640419,6.373638,26.616603,26.498821,21.714376
1783943500794,11.500000,39.149494,-0.040260,-0.386110,39.535604,18.403778,18.250919,18.579780
1783943500814,11.520000,-4.401754,0.154138,-0.110823,-4.290931,8.674266,8.488220,14.197837
1783943500834,11.540000,18.953146,0.368151,0.184457,18.768689,-1.793046,-2.010270,8.666436
1783943500854,11.560000,-25.096218,0.601285,0.498768,-25.594986,-11.877334,-12.123615,2.156845
1783943500874,11.580000,7.591309,0.853042,0.831170,6.760138,-20.108106,-20.381218,-5.035550
1783943500894,11.600000,-46.974667,1.122918,1.180744,-48.155411,-24.804734,-25.102356,-12.496837
1783943500914,11.620000,-8.616262,1.410400,1.546591,-10.162853,-24.706615,-25.026327,-19.740393
1783943500934,11.640000,-37.661870,1.714969,1.927832,-39.589702,-19.989961,-20.329244,-26.256943
1783943500954,11.660000,14.453903,2.036092,2.323605,12.130298,-12.558720,-12.914942,-31.524094
1783943500974,11.680000,-17.178352,2.373225,2.733066,-19.911418,-5.135426,-5.505817,-34.977900
1783943500994,11.700000,21.943580,2.725808,3.155388,18.788192,-0.046699,-0.428329,-36.044010
1783943501014,11.720000,-4.941938,3.093263,3.589762,-8.531700,1.479467,1.089726,-34.311802
1783943501034,11.740000,25.772648,3.474993,4.035393,21.737255,-0.328526,-0.723058,-29.767288
1783943501054,11.760000,-21.291435,3.870378,4.491503,-25.782938,-3.739844,-4.135687,-22.917860
1783943501074,11.780000,12.191867,4.278775,4.957331,7.234536,-6.308325,-6.701955,-14.740036
1783943501094,11.800000,-24.983488,4.699513,5.432133,-30.415621,-6.229953,-6.617980,-6.476639
1783943501114,11.820000,17.184612,5.131894,5.915179,11.269433,-3.297090,-3.676465,0.672592
1783943501134,11.840000,-4.150215,5.575189,6.405759,-10.555974,1.130919,0.762804,5.893936
1783943501154,11.860000,36.827602,6.028636,6.903177,29.924425,5.181404,4.826896,8.996780
1783943501174,11.880000,-5.858231,6.491438,7.406756,-13.264986,7.775141,7.437013,10.399610
1783943501194,11.900000,27.948856,6.962765,7.915835,20.033021,8.922615,8.605343,10.840713
1783943501214,11.920000,-2.150289,7.441747,8.429769,-10.580058,8.946229,8.657623,10.976047
1783943501234,11.940000,29.921354,7.927477,8.947929,20.973425,7.818553,7.570987,11.118728
1783943501254,11.960000,-0.180014,8.419006,9.469702,-9.649715,5.228113,5.037921,11.249836
1783943501274,11.980000,26.188688,8.915348,9.994485,16.194203,1.043415,0.926719,11.198295
1783943501294,12.000000,-11.062515,9.415472,10.365216,-21.427731,-4.298627,-4.332931,10.795039
1783943501314,12.020000,16.499977,9.918307,10.893862,5.606115,-9.751847,-9.705932,9.919026
1783943501334,12.040000,-26.643148,10.422740,11.423894,-38.067042,-13.981428,-13.864869,8.484436
1783943501354,12.060000,10.810608,10.927616,11.954751,-1.144143,-15.924623,-15.747527,6.439655
1783943501374,12.080000,-28.079544,11.431741,12.485872,-40.565416,-15.302283,-15.071206,3.808871
1783943501394,12.100000,20.431324,11.933879,13.016687,7.414637,-12.729970,-12.447398,0.758464
1783943501414,12.120000,-12.522554,12.432759,13.546614,-26.069168,-9.263052,-8.928698,-2.358009
1783943501434,12.140000,24.846533,12.927073,14.075051,10.771482,-5.643498,-5.256006,-5.030725
1783943501454,12.160000,-12.183077,13.415478,14.601366,-26.784443,-1.991047,-1.549341,-6.732746
1783943501474,12.180000,33.830692,13.896606,15.124895,18.705797,1.818297,2.314257,-7.115475
1783943501494,12.200000,-1.944731,14.369059,15.644929,-17.589660,5.721152,6.270124,-6.136145
1783943501514,12.220000,36.919933,14.831416,16.160710,20.759223,9.316636,9.916151,-4.038982
1783943501534,12.240000,9.930830,15.282240,16.671417,-6.740587,11.826075,12.472605,-1.232356
1783943501554,12.260000,45.032063,15.720078,17.176161,27.855902,12.306603,12.995722,1.843077
1783943501574,12.280000,14.128286,16.143467,17.673974,-3.545688,10.236966,10.963448,4.801580
1783943501594,12.300000,35.127094,16.550938,18.163802,16.963292,6.040151,6.798021,7.340631
1783943501614,12.320000,0.341155,16.941024,18.644498,-18.303343,1.020994,1.803541,9.208081
1783943501634,12.340000,30.697910,17.312259,19.114811,11.583099,-3.182528,-2.382745,10.155247
1783943501654,12.360000,-9.532422,17.663188,19.573382,-29.105804,-5.127739,-4.318876,9.955041
1783943501674,12.380000,24.541307,17.992368,20.018735,4.522572,-4.056813,-3.247702,8.493672
1783943501694,12.400000,-2.924454,18.298378,20.449274,-23.373728,-0.420114,0.379790,5.867332
1783943501714,12.420000,47.213190,18.579818,20.863279,26.349911,4.162561,4.943262,2.429673
1783943501734,12.440000,7.869317,18.835316,21.258902,-13.389585,7.833054,8.584101,-1.225096
1783943501754,12.460000,49.857216,19.063536,21.634166,28.223050,9.527834,10.238430,-4.374306
1783943501774,12.480000,4.998692,19.263180,21.986965,-16.988273,9.264713,9.923829,-6.390243
1783943501794,12.500000,43.072124,19.432992,22.315068,20.757056,7.724088,8.320586,-6.984911
1783943501814,12.520000,3.121244,19.571766,22.616121,-19.494877,5.618803,6.141569,-6.318287
1783943501834,12.540000,42.989920,19.678347,22.887655,20.102265,3.347339,3.785425,-4.894315
1783943501854,12.560000,5.595704,19.751640,23.127093,-17.531389,1.155246,1.498016,-3.319797
1783943501874,12.580000,33.095337,19.790609,23.331760,9.763577,-0.527277,-0.289987,-2.077300
1783943501894,12.600000,-2.480080,19.794288,23.498893,-25.978973,-1.176565,-1.054293,-1.426452
1783943501914,12.620000,36.457928,19.761779,23.625660,12.832268,-0.653740,-0.655231,-1.429352
1783943501934,12.640000,1.894734,19.692260,23.709173,-21.814439,0.600851,0.467808,-2.004346
1783943501954,12.660000,37.399510,19.584990,23.746507,13.653003,1.798550,1.527278,-2.950119
1783943501974,12.680000,2.847506,19.439311,23.734722,-20.887217,2.058198,1.643284,-3.974824
1783943501994,12.700000,38.355760,19.254653,23.670886,14.684874,0.595589,0.033024,-4.773994
1783943502014,12.720000,1.270762,19.030539,23.552099,-22.281336,-2.976412,-3.689111,-5.128804
1783943502034,12.740000,30.786528,18.766591,23.375522,7.411006,-8.270619,-9.134278,-4.968048
1783943502054,12.760000,-9.751238,18.462528,23.138409,-32.889647,-13.931963,-14.945613,-4.380035
1783943502074,12.780000,12.808367,18.118179,22.838134,-10.029767,-17.911360,-19.072068,-3.590608
1783943502094,12.800000,-28.360594,17.733481,22.472230,-50.832824,-18.416918,-19.719582,-2.915755
1783943502114,12.820000,20.584366,17.308487,22.038422,-1.454056,-15.146435,-16.583555,-2.671043
1783943502134,12.840000,-1.442486,16.843366,21.534667,-22.977154,-9.561808,-11.123306,-3.013614
1783943502154,12.860000,29.779114,16.338415,20.959182,8.819932,-3.790454,-5.463671,-3.776156
1783943502174,12.880000,6.968238,15.794055,20.305218,-13.336980,0.594702,-1.175262,-4.450339
1783943502194,12.900000,32.196940,15.210841,19.577052,12.619888,2.983919,1.134063,-4.405000
1783943502214,12.920000,0.226061,14.589464,18.774067,-18.548007,3.471470,1.560119,-3.218653
1783943502234,12.940000,39.846690,13.930755,17.896096,21.950594,2.377882,0.424844,-0.893796
1783943502254,12.960000,1.730271,13.235688,16.943453,-15.213182,0.185583,-1.787947,2.173391
1783943502274,12.980000,29.601862,12.505382,15.916978,13.684884,-2.159731,-4.131208,5.391141
1783943502294,13.000000,-11.536165,11.741108,14.818070,-26.354235,-3.421426,-5.367071,8.172833
1783943502314,13.020000,26.007656,10.944284,13.648717,12.358939,-2.852760,-4.747763,10.048479
1783943502334,13.040000,-4.624603,10.116482,12.411522,-17.036125,-0.786441,-2.605248,10.726082
1783943502354,13.060000,38.655594,9.259427,11.109728,27.545866,1.611075,-0.105576,10.170072
1783943502374,13.080000,-6.990277,8.374993,9.747232,-16.737509,3.142196,1.553686,8.651691
1783943502394,13.100000,35.870533,7.465210,8.328589,27.541944,3.093522,1.658772,6.666997
1783943502414,13.120000,-0.425363,6.532255,6.859018,-7.284381,1.365571,0.109418,4.734500
1783943502434,13.140000,27.479586,5.578453,5.344394,22.135192,-1.299036,-2.352950,3.206783
1783943502454,13.160000,-13.644997,4.606274,3.791224,-17.436221,-3.303336,-4.132988,2.190785
1783943502474,13.180000,14.403549,3.618324,2.206630,12.196919,-2.943793,-3.529196,1.562823
1783943502494,13.200000,-15.258347,2.617345,0.598304,-15.856651,0.426607,0.102991,1.043246
1783943502514,13.220000,30.917084,1.606207,-1.025534,31.942618,5.742745,5.695612,0.342456
1783943502534,13.240000,7.237750,0.587896,-2.656195,9.893945,10.800751,11.041580,-0.640780
1783943502554,13.260000,42.283850,-0.434488,-4.284585,46.568435,13.789502,14.326217,-1.692189
1783943502574,13.280000,-5.741070,-1.457745,-5.901287,0.160217,14.450526,15.287197,-2.365422
1783943502594,13.300000,24.847391,-2.478583,-7.496642,32.344033,13.738321,14.874913,-2.274435
1783943502614,13.320000,-2.625757,-3.493635,-9.060846,6.435088,12.542456,13.974642,-1.386424
1783943502634,13.340000,29.772753,-4.499464,-10.584051,40.356804,11.101077,12.820108,-0.062273
1783943502654,13.360000,-10.977489,-5.492585,-12.056475,1.078986,9.438239,11.430892,1.176988
1783943502674,13.380000,22.273623,-6.469472,-13.468511,35.742134,7.776075,10.024670,1.925472
1783943502694,13.400000,-21.327229,-7.426582,-14.810844,-6.516385,6.417433,8.899935,1.998984
1783943502714,13.420000,22.290120,-8.360362,-16.074566,38.364686,5.476930,8.167134,1.388829
1783943502734,13.440000,-23.855610,-9.267276,-17.251291,-6.604319,4.885391,7.753182,0.201990
1783943502754,13.460000,8.698086,-10.143812,-18.333269,27.031355,4.490528,7.502227,-1.366134
1783943502774,13.480000,-21.213572,-10.986511,-19.313483,-1.900089,3.918630,7.037417,-3.069888
1783943502794,13.500000,11.572205,-11.791975,-20.185757,31.757962,2.646432,5.832840,-4.663651
1783943502814,13.520000,-27.757970,-12.556892,-20.944835,-6.813135,0.546835,3.759307,-5.932813
1783943502834,13.540000,-2.845133,-13.278051,-21.586462,18.741329,-1.817373,1.378135,-6.718480
1783943502854,13.560000,-41.243645,-13.952362,-22.107444,-19.136201,-3.653209,-0.518504,-6.970573
1783943502874,13.580000,-7.746990,-14.576870,-22.505691,14.758701,-4.720135,-1.690183,-6.793320
1783943502894,13.600000,-37.303524,-15.148779,-22.780255,-14.523269,-5.639720,-2.757867,-6.396562
1783943502914,13.620000,-5.644637,-15.665460,-22.931334,17.286697,-7.379049,-4.687308,-5.955125
1783943502934,13.640000,-42.842075,-16.124474,-22.960271,-19.881804,-10.353310,-7.891639,-5.494595
1783943502954,13.660000,-15.873237,-16.523582,-22.869529,6.996292,-13.884695,-11.690298,-4.908772
1783943502974,13.680000,-59.846302,-16.860761,-22.662649,-37.183653,-16.416555,-14.523217,-4.092454
1783943502994,13.700000,-24.575233,-17.134217,-22.344187,-2.231046,-16.402644,-14.840112,-3.070830
1783943503014,13.720000,-61.707080,-17.342394,-21.919645,-39.787435,-13.353902,-12.147330,-2.012199
1783943503034,13.740000,-6.197712,-17.483986,-21.395371,15.197659,-8.306829,-7.476297,-1.103944
1783943503054,13.760000,-42.910560,-17.557943,-20.778464,-22.132096,-3.236429,-2.796542,-0.373549
1783943503074,13.780000,3.238627,-17.563482,-20.076651,23.315277,0.194271,0.234688,0.404358
1783943503094,13.800000,-41.969480,-17.500088,-19.298165,-22.671315,1.535579,1.173691,1.612845
1783943503114,13.820000,-5.894287,-17.367522,-18.451615,12.557328,1.502407,0.741477,3.546116
1783943503134,13.840000,-42.744110,-17.165819,-17.545853,-25.198257,1.184497,0.033886,6.180333
1783943503154,13.860000,-8.046982,-16.895294,-16.589831,8.542849,1.207533,-0.317405,9.131516
1783943503174,13.880000,-33.363840,-16.556538,-15.592472,-17.771368,1.412770,-0.465358,11.826439
1783943503194,13.900000,-6.491884,-16.150417,-14.562532,8.070648,1.147735,-1.056975,13.761716
1783943503214,13.920000,-32.770010,-15.678067,-13.508479,-19.261531,-0.201472,-2.701102,14.683876
1783943503234,13.940000,-4.982917,-15.140893,-12.438369,7.455452,-2.791367,-5.549715,14.608344
1783943503254,13.960000,-44.863140,-14.540559,-11.359741,-33.503399,-6.136807,-9.113728,13.714073
1783943503274,13.980000,-10.005552,-13.878982,-10.279517,0.273965,-9.330803,-12.482879,12.204898
1783943503294,14.000000,-45.397490,-13.158321,-9.203924,-36.193566,-11.459402,-14.740646,10.225751
1783943503314,14.020000,-10.799242,-12.380971,-8.138418,-2.660824,-11.799153,-15.161723,7.870203
1783943503334,14.040000,-48.819260,-11.549546,-7.087640,-41.731620,-9.979699,-13.374582,5.243504
1783943503354,14.060000,3.823563,-10.666870,-6.055375,9.878938,-6.257891,-9.635535,2.515966
1783943503374,14.080000,-37.744205,-9.735964,-5.044537,-32.699668,-1.506156,-4.817086,-0.063333
1783943503394,14.100000,7.260314,-8.760028,-4.057165,11.317479,3.022094,-0.173401,-2.192791
1783943503414,14.120000,-11.131121,-7.742427,-3.094445,-8.036676,5.929860,2.896854,-3.579374
1783943503434,14.140000,17.625050,-6.686677,-2.164481,19.789531,6.368801,3.542466,-4.010837
1783943503454,14.160000,-25.082355,-5.596426,-1.257356,-23.824999,4.742680,2.163056,-3.427732
1783943503474,14.180000,17.597202,-4.475435,-0.371855,17.969057,2.381389,0.083489,-1.996736
1783943503494,14.200000,-24.454298,-3.327567,0.493819,-24.948117,0.715967,-1.270592,-0.138518
1783943503514,14.220000,10.863420,-2.156761,1.341980,9.521440,0.741634,-0.909441,1.564156
1783943503534,14.240000,-8.537683,-0.967021,2.175364,-10.713048,2.705069,1.408162,2.574501
1783943503554,14.260000,24.915220,0.237604,2.997037,21.918183,6.274640,5.345116,2.613745
1783943503574,14.280000,-1.510820,1.453038,3.810288,-5.321109,11.108858,10.554429,1.756444
1783943503594,14.300000,29.369581,2.675195,4.618533,24.751048,16.958472,16.781321,0.364046
1783943503614,14.320000,7.701212,3.899995,5.425207,2.276005,23.088140,23.284945,-1.104956
1783943503634,14.340000,53.617138,5.123380,6.233672,47.383466,27.837086,28.399121,-2.281695
1783943503654,14.360000,27.928257,6.341331,7.047117,20.881140,29.168084,30.081410,-2.946486
1783943503674,14.380000,56.525720,7.549880,7.868469,48.657251,25.953532,27.199284,-2.992146
1783943503694,14.400000,8.034739,8.745129,8.700313,-0.665574,18.756619,20.311363,-2.431700
1783943503714,14.420000,39.710880,9.923259,9.544818,30.166062,9.413315,11.249480,-1.496708
1783943503734,14.440000,-9.544269,11.080543,10.403671,-19.947940,0.027740,2.114097,-0.698119
1783943503754,14.460000,23.130596,12.213361,11.278024,11.852572,-7.830369,-5.528179,-0.708966
1783943503774,14.480000,-11.813449,13.318207,12.168447,-23.981896,-13.466060,-10.984971,-2.091976
1783943503794,14.500000,15.326097,14.391705,13.074898,2.251199,-16.886361,-14.265305,-5.034629
1783943503814,14.520000,-23.536877,15.430614,13.996696,-37.533573,-18.555453,-15.834757,-9.250938
1783943503834,14.540000,29.415138,16.431839,14.932509,14.482629,-19.321509,-16.542297,-14.078269
1783943503854,14.560000,-19.656979,17.392443,15.880352,-35.537331,-19.931662,-17.135249,-18.673843
1783943503874,14.580000,13.091211,18.309652,16.837595,-3.746384,-20.481798,-17.709094,-22.225847
1783943503894,14.600000,-7.250629,19.180865,17.800982,-25.051611,-20.618752,-17.909680,-24.145134
1783943503914,14.620000,16.355978,20.003664,18.766659,-2.410681,-19.829320,-17.222256,-24.186853
1783943503934,14.640000,-7.963263,20.775819,19.730210,-27.693473,-17.413453,-14.944688,-22.447220
1783943503954,14.660000,17.356995,21.495297,20.686711,-3.329716,-12.843620,-10.546863,-19.258340
1783943503974,14.680000,2.531731,22.160268,21.630779,-19.099049,-6.501424,-4.407332,-15.069186
1783943503994,14.700000,48.418743,22.769112,22.556644,25.862099,0.118028,1.982270,-10.333878
1783943504014,14.720000,15.754892,23.320426,23.458217,-7.703325,5.215633,6.826683,-5.387056
1783943504034,14.740000,57.012695,23.813027,24.329171,32.683524,7.739932,9.078584,-0.383048
1783943504054,14.760000,20.750810,24.245958,25.163029,-4.412219,7.850984,8.902368,4.620638
1783943504074,14.780000,46.754543,24.618493,25.953250,20.801293,6.759852,7.513535,9.490478
1783943504094,14.800000,17.591469,24.930135,26.693325,-9.101856,6.016751,6.466714,13.899470
1783943504114,14.820000,48.092610,25.180625,27.376869,20.715741,6.644883,6.789424,17.366663
1783943504134,14.840000,24.373344,25.369937,27.997718,-3.624374,8.734338,8.575968,19.433287
1783943504154,14.860000,55.593300,25.498280,28.550021,27.043279,11.581432,11.126890,19.870047
1783943504174,14.880000,27.064674,25.566097,29.028331,-1.963657,14.040920,13.301442,18.788671
1783943504194,14.900000,58.425083,25.574062,29.427689,28.997394,14.791372,13.783261,16.589092
1783943504214,14.920000,39.447430,25.523077,29.743705,9.703725,12.717914,11.463281,13.797989
1783943504234,14.940000,45.153480,25.414267,29.972627,15.180853,7.603635,6.130804,10.902286
1783943504254,14.960000,15.538998,25.248974,30.111408,-14.572410,0.367899,-1.289395,8.215241
1783943504274,14.980000,36.374912,25.028750,30.157755,6.217157,-7.521055,-9.326788,5.787605
1783943504294,15.000000,-1.005052,24.755351,30.010270,-31.015322,-14.597100,-16.517877,3.420006
1783943504314,15.020000,20.169636,24.430727,29.869237,-9.699601,-19.617309,-21.625219,0.806716
1783943504334,15.040000,-6.307813,24.057011,29.633699,-35.941512,-21.811814,-23.882479,-2.263637
1783943504354,15.060000,25.190166,23.636512,29.304705,-4.114539,-20.927914,-23.036539,-5.764018
1783943504374,15.080000,-15.252907,23.171700,28.884154,-44.137061,-17.050729,-19.170000,-9.394505
1783943504394,15.100000,34.582462,22.665200,28.374774,6.207688,-10.745400,-12.845686,-12.655617
1783943504414,15.120000,8.438156,22.119771,27.780100,-19.341944,-3.189776,-5.240459,-14.984706
1783943504434,15.140000,43.215850,21.538303,27.104427,16.111423,4.294536,2.323502,-15.884427
1783943504454,15.160000,15.362166,20.923794,26.352769,-10.990603,10.687302,8.824115,-15.021961
1783943504474,15.180000,54.577915,20.279345,25.530790,29.047125,15.220656,13.490821,-12.322158
1783943504494,15.200000,27.705982,19.608135,24.644744,3.061238,17.427810,15.853674,-8.028243
1783943504514,15.220000,46.369568,18.913415,23.701393,22.668175,17.445617,16.046139,-2.670479
1783943504534,15.240000,22.758135,18.198485,22.707930,0.050205,15.967551,14.758206,3.038966
1783943504554,15.260000,48.317585,17.466682,21.671883,26.645702,13.921299,12.914015,8.328319
1783943504574,15.280000,8.222675,16.721357,20.601030,-12.378355,12.322049,11.525176,12.495289
1783943504594,15.300000,42.334660,15.965864,19.503296,22.831364,12.002725,11.421025,15.033706
1783943504614,15.320000,12.337799,15.203538,18.386658,-6.048859,13.219528,12.854195,15.723644
1783943504634,15.340000,41.903940,14.437675,17.259045,24.644895,15.636640,15.485374,14.663766
1783943504654,15.360000,9.612176,13.671519,16.128246,-6.516070,18.476353,18.533500,12.241512
1783943504674,15.380000,51.009850,12.908235,15.001810,36.008040,20.570348,20.827098,9.036329
1783943504694,15.400000,17.336662,12.150898,13.886963,3.449699,20.750701,21.195347,5.680084
1783943504714,15.420000,36.687680,11.402470,12.790525,23.897155,18.492261,19.110508,2.720561
1783943504734,15.440000,1.931747,10.665784,11.718830,-9.787083,13.952898,14.728221,0.497923
1783943504754,15.460000,36.732544,9.943525,10.677671,26.054873,7.573273,8.487300,-0.942257
1783943504774,15.480000,-19.613110,9.238214,9.672236,-29.285346,0.074545,1.107467,-1.830275
1783943504794,15.500000,9.209196,8.552190,8.707067,0.502129,-7.574848,-6.443852,-2.547038
1783943504814,15.520000,-27.134403,7.887600,7.786030,-34.920433,-14.663715,-13.456054,-3.477737
1783943504834,15.540000,-4.930774,7.246379,6.912292,-11.843066,-20.939691,-19.676937,-4.895893
1783943504854,15.560000,-43.051453,6.630244,6.088317,-49.139770,-26.349594,-25.053076,-6.875516
1783943504874,15.580000,-16.419989,6.040681,5.315869,-21.735858,-30.911856,-29.602281,-9.256669
1783943504894,15.600000,-50.381010,5.478939,4.596028,-54.977038,-34.699281,-33.396377,-11.701365
1783943504914,15.620000,-20.323954,4.946019,3.929220,-24.253174,-37.644235,-36.366446,-13.801010
1783943504934,15.640000,-59.997997,4.442678,3.315253,-63.313250,-39.301557,-38.065774,-15.169980
1783943504954,15.660000,-24.422070,3.969421,2.753363,-27.175433,-38.921918,-37.743262,-15.518292
1783943504974,15.680000,-61.442513,3.526506,2.242267,-63.684780,-35.875173,-34.766837,-14.705974
1783943504994,15.700000,-14.127223,3.113944,1.780217,-15.907440,-30.103082,-29.076217,-12.749803
1783943505014,15.720000,-45.595963,2.731506,1.365067,-46.961030,-22.259315,-21.322979,-9.764526
1783943505034,15.740000,2.471901,2.378733,0.994328,1.477573,-13.482581,-12.643734,-5.877645
1783943505054,15.760000,-14.163254,2.054940,0.665234,-14.828488,-4.870709,-4.134261,-1.179382
1783943505074,15.780000,13.969935,1.759233,0.374802,13.595133,3.225751,3.856849,4.261836
1783943505094,15.800000,-16.927576,1.490519,0.119884,-17.047460,11.260752,11.785380,10.310431
1783943505114,15.820000,29.430700,1.247520,-0.102773,29.533473,19.423599,19.842308,16.645708
1783943505134,15.840000,7.719553,1.028791,-0.296489,8.016042,26.685225,27.000052,22.734530
1783943505154,15.860000,48.552230,0.832734,-0.464604,49.016834,31.096872,31.311150,27.972963
1783943505174,15.880000,25.442326,0.657617,-0.610306,26.052632,31.009963,31.128119,31.906443
1783943505194,15.900000,40.415115,0.501589,-0.737067,41.152182,26.333166,26.360524,34.331410
1783943505214,15.920000,1.522633,0.362700,-0.848104,2.370736,18.853420,18.795995,35.188953
1783943505234,15.940000,20.876015,0.238920,-0.946542,21.822557,11.269403,11.133697,34.370617
1783943505254,15.960000,-14.502440,0.128150,-1.035408,-13.467032,5.762162,5.554970,31.638290
1783943505274,15.980000,20.714687,0.028248,-1.117620,21.832307,3.094295,2.822530,26.759203
1783943505294,16.000000,-7.597557,-0.062958,-1.195984,-6.401573,2.688015,2.358559,19.775310
1783943505314,16.020000,23.230564,-0.147657,-1.273188,24.503752,3.452981,3.072555,11.199573
1783943505334,16.040000,-6.687754,-0.228029,-1.351805,-5.335949,4.575334,4.150403,1.977536
1783943505354,16.060000,15.951413,-0.306242,-1.434294,17.385707,5.671337,5.208036,-6.778947
1783943505374,16.080000,-6.820876,-0.384425,-1.523000,-5.297876,6.342134,5.846219,-14.132237
1783943505394,16.100000,34.899994,-0.464661,-1.620157,36.520151,5.938478,5.415299,-19.533869
1783943505414,16.120000,-8.779902,-0.548974,-1.727887,-7.052015,4.186564,3.641062,-22.826563
1783943505434,16.140000,16.431059,-0.639312,-1.848205,18.279264,1.735485,1.172201,-24.139944
1783943505454,16.160000,-9.202067,-0.737537,-1.983012,-7.219055,-0.316875,-0.893767,-23.821959
1783943505474,16.180000,13.738287,-0.845416,-2.134097,15.872384,-1.143825,-1.730479,-22.397696
1783943505494,16.200000,-15.890341,-0.964609,-2.303132,-13.587209,-0.532486,-1.125330,-20.463406
1783943505514,16.220000,20.796140,-1.096662,-2.491666,23.287806,0.913239,0.317560,-18.517199
1783943505534,16.240000,-5.078690,-1.242998,-2.701117,-2.377572,1.972566,1.377250,-16.824675
1783943505554,16.260000,24.105082,-1.404906,-2.932768,27.037850,1.607276,1.015430,-15.385727
1783943505574,16.280000,-13.382589,-1.583545,-3.187750,-10.194839,-0.326625,-0.911929,-14.010839
1783943505594,16.300000,20.429260,-1.779927,-3.467037,23.896297,-3.016544,-3.592218,-12.484693
1783943505614,16.320000,-24.232372,-1.994921,-3.771434,-20.460938,-5.097616,-5.660505,-10.731704
1783943505634,16.340000,10.130991,-2.229249,-4.101564,14.232555,-5.332642,-5.879488,-8.877719
1783943505654,16.360000,-19.753448,-2.483479,-4.457856,-15.295592,-3.379472,-3.906893,-7.176771
1783943505674,16.380000,19.375698,-2.758028,-4.840536,24.216234,-0.055626,-0.560099,-5.853719
1783943505694,16.400000,-7.505634,-3.053161,-5.249616,-2.256018,3.167046,2.689184,-4.951146
1783943505714,16.420000,16.877693,-3.368988,-5.684883,22.562576,4.918953,4.471493,-4.277979
1783943505734,16.440000,-7.157942,-3.705471,-6.145896,-1.012046,4.318042,3.904878,-3.514101
1783943505754,16.460000,15.731679,-4.062419,-6.631975,22.363654,1.067196,0.692286,-2.403481
1783943505774,16.480000,-16.450396,-4.439498,-7.142202,-9.308194,-4.365225,-4.697906,-0.897269
1783943505794,16.500000,-0.333531,-4.836227,-7.675420,7.341888,-10.665842,-10.952360,0.822464
1783943505814,16.520000,-29.913834,-5.251988,-8.230230,-21.683604,-15.980754,-16.217286,2.410122
1783943505834,16.540000,-15.370958,-5.686027,-8.804999,-6.565959,-18.511794,-18.694697,3.466542
1783943505854,16.560000,-35.382290,-6.137462,-9.397869,-25.984421,-17.235081,-17.360976,3.670153
1783943505874,16.580000,-4.035851,-6.605287,-10.006760,5.970908,-12.387532,-12.453383,2.912821
1783943505894,16.600000,-21.712088,-7.088376,-10.629388,-11.082700,-5.291469,-5.294664,1.399224
1783943505914,16.620000,9.212492,-7.585496,-11.263278,20.475770,2.292899,2.354465,-0.352063
1783943505934,16.640000,-9.893218,-8.095306,-11.905784,2.012566,8.743462,8.871312,-1.646168
1783943505954,16.660000,23.668552,-8.616371,-12.554104,36.222656,12.978925,13.173928,-1.848646
1783943505974,16.680000,-6.517572,-9.147168,-13.205313,6.687740,14.810847,15.073157,-0.607883
1783943505994,16.700000,16.023598,-9.686091,-13.856379,29.879977,14.964229,15.293230,2.026008
1783943506014,16.720000,-16.919590,-10.231466,-14.504197,-2.415393,14.424560,14.818832,5.599399
1783943506034,16.740000,19.822744,-10.781554,-15.145618,34.968362,13.567899,14.025188,9.367698
1783943506054,16.760000,-13.632267,-11.334565,-15.777478,2.145211,11.985873,12.503080,12.521632
1783943506074,16.780000,13.419332,-11.888666,-16.396630,29.815962,9.062180,9.635371,14.451173
1783943506094,16.800000,-20.406990,-12.441992,-16.999976,-3.407014,4.572327,5.196752,14.900760
1783943506114,16.820000,0.812179,-12.992655,-17.584501,18.396679,-1.045833,-0.375703,13.939345
1783943506134,16.840000,-40.839240,-13.538757,-18.147298,-22.691942,-6.798723,-6.089136,11.809785
1783943506154,16.860000,-19.300484,-14.078398,-18.685603,-0.614881,-11.741423,-10.999280,8.779063
1783943506174,16.880000,-38.652150,-14.609687,-19.196817,-19.455333,-15.610023,-14.842788,5.076287
1783943506194,16.900000,-17.830795,-15.130752,-19.678533,1.847738,-18.592872,-17.808481,0.943733
1783943506214,16.920000,-48.847380,-15.639753,-20.128557,-28.718823,-20.469452,-19.676213,-3.269836
1783943506234,16.940000,-28.483208,-16.134886,-20.544923,-7.938285,-20.314764,-19.521254,-7.106495
1783943506254,16.960000,-53.959236,-16.614396,-20.925915,-33.033321,-17.151967,-16.366927,-10.128737
1783943506274,16.980000,-14.463688,-17.076586,-21.270069,6.806381,-10.800844,-10.033084,-12.056773
1783943506294,17.000000,-38.655780,-17.519822,-21.576188,-17.079592,-2.132411,-1.390695,-12.773511
1783943506314,17.020000,2.566280,-17.942543,-21.843347,24.409627,7.244058,7.951142,-12.225299
1783943506334,17.040000,-19.738583,-18.343268,-22.070890,2.332307,15.434443,16.098661,-10.356788
1783943506354,17.060000,20.261032,-18.720602,-22.258434,42.519466,20.796454,21.410153,-7.149284
1783943506374,17.080000,-13.903780,-19.073243,-22.405865,8.502085,22.537763,23.094138,-2.719248
1783943506394,17.100000,14.155444,-19.399987,-22.513330,36.668774,20.981010,21.474344,2.593549
1783943506414,17.120000,-25.003977,-19.699737,-22.581232,-2.422745,17.202728,17.628478,8.189952
1783943506434,17.140000,6.937277,-19.971502,-22.615521,29.552798,12.358809,12.713449,13.265598
1783943506454,17.160000,-29.531593,-20.214406,-22.611802,-6.919791,7.315701,7.596416,16.981802
1783943506474,17.180000,-11.172952,-20.427695,-22.571112,11.398160,2.641867,2.846359,18.697280
1783943506494,17.200000,-34.225990,-20.610733,-22.494700,-11.731290,-1.456089,-1.329568,18.138716
1783943506514,17.220000,-16.027374,-20.763016,-22.383997,6.356623,-5.131088,-5.083577,15.441855
1783943506534,17.240000,-46.737114,-20.884163,-22.240597,-24.496517,-8.657156,-8.688814,11.082237
1783943506554,17.260000,-20.561314,-20.973930,-22.066233,1.504919,-12.278354,-12.388353,5.742274
1783943506574,17.280000,-49.618850,-21.032203,-21.862759,-27.756091,-16.076985,-16.263463,0.157737
1783943506594,17.300000,-31.705202,-21.059002,-21.632121,-10.073081,-19.714241,-19.974322,-5.017967
1783943506614,17.320000,-55.541367,-21.054481,-21.376337,-34.165030,-22.380085,-22.709942,-9.304138
1783943506634,17.340000,-30.647755,-21.018928,-21.097473,-9.550282,-22.969904,-23.364839,-12.428752
1783943506654,17.360000,-63.968216,-20.952761,-20.797620,-43.170596,-20.354857,-20.809396,-14.312642
1783943506674,17.380000,-26.700611,-20.856528,-20.478873,-6.221738,-14.013311,-14.521307,-15.015082
1783943506694,17.400000,-42.831330,-20.730902,-20.143308,-22.688022,-4.740378,-5.295113,-14.656667
1783943506714,17.420000,3.240684,-20.576676,-19.792968,23.033651,5.444796,4.850497,-13.325912
1783943506734,17.440000,-22.992645,-20.394764,-19.429846,-3.562799,14.239858,13.613515,-11.003407
1783943506754,17.460000,18.106781,-20.186188,-19.055871,37.162652,20.003165,19.352522,-7.586484
1783943506774,17.480000,-14.387748,-19.952080,-18.672902,4.285154,22.194503,21.527411,-3.045504
1783943506794,17.500000,13.648925,-19.693670,-18.282713,31.931638,21.334122,20.658420,2.387758
1783943506814,17.520000,-14.749950,-19.412283,-17.886999,3.137049,18.595143,17.918543,8.142709
1783943506834,17.540000,3.382277,-19.109333,-17.487363,20.869640,15.273701,14.603679,13.402061
1783943506854,17.560000,-22.929995,-18.786314,-17.085324,-5.844671,12.262462,11.606157,17.310139
1783943506874,17.580000,8.005507,-18.444799,-16.682313,24.687820,9.717990,9.082110,19.207724
1783943506894,17.600000,-27.564810,-18.086426,-16.279682,-11.285128,7.264402,6.655144,18.814665
1783943506914,17.620000,-2.544568,-17.712898,-15.878701,13.334133,4.372639,3.795617,16.288807
1783943506934,17.640000,-23.167814,-17.325972,-15.480573,-7.687241,0.534527,-0.005289,12.139667
1783943506954,17.660000,-8.522102,-16.927454,-15.086431,6.564329,-4.379330,-4.877665,7.055572
1783943506974,17.680000,-38.001568,-16.519193,-14.697353,-23.304215,-9.708431,-10.161745,1.727014
1783943506994,17.700000,-16.449050,-16.103074,-14.314364,-2.134686,-14.123373,-14.528888,-3.289797
1783943507014,17.720000,-47.199318,-15.681007,-13.938446,-33.260872,-16.144363,-16.500085,-7.651781
1783943507034,17.740000,-28.639124,-15.254925,-13.570546,-15.068578,-14.866386,-15.171105,-11.228978
1783943507054,17.760000,-33.237846,-14.826773,-13.211581,-20.026265,-10.748616,-11.001891,-14.019298
1783943507074,17.780000,-5.759852,-14.398504,-12.862448,7.102596,-5.620647,-5.822766,-16.009560
1783943507094,17.800000,-24.849195,-13.972065,-12.524028,-12.325167,-1.655438,-1.807363,-17.058924
1783943507114,17.820000,6.194209,-13.549395,-12.197194,18.391403,-0.265574,-0.368860,-16.902119
1783943507134,17.840000,-28.702090,-13.132413,-11.882815,-16.819275,-1.541491,-1.598219,-15.308213
1783943507154,17.860000,-3.434738,-12.723012,-11.581763,8.147025,-4.350277,-4.363025,-12.301941
1783943507174,17.880000,-32.835230,-12.323049,-11.294913,-21.540317,-7.016884,-6.988775,-8.281817
1783943507194,17.900000,-6.189624,-11.934337,-11.023147,4.833523,-8.054185,-7.989030,-3.942975
1783943507214,17.920000,-36.984726,-11.558638,-10.767358,-26.217368,-6.669946,-6.572452,-0.050389
1783943507234,17.940000,3.722674,-11.197655,-10.528442,14.251116,-3.119996,-2.995918,2.815425
1783943507254,17.960000,-20.671488,-10.853021,-10.307304,-10.364184,1.389800,1.533802,4.430090
1783943507274,17.980000,13.497541,-10.526294,-10.104850,23.602391,5.373807,5.530906,4.962722
1783943507294,18.000000,-17.726925,-10.218950,-9.895994,-7.830931,7.715594,7.880029,4.869188
1783943507314,18.020000,19.644192,-9.932374,-9.732470,29.376662,7.898731,8.066562,4.675095
1783943507334,18.040000,-16.114527,-9.667853,-9.590202,-6.524325,6.102734,6.271367,4.752462
1783943507354,18.060000,10.729845,-9.426575,-9.470046,20.199891,3.255937,3.423109,5.200108
1783943507374,18.080000,-26.971150,-9.209615,-9.372825,-17.598325,0.686993,0.850158,5.848758
1783943507394,18.100000,9.938555,-9.017936,-9.299311,19.237866,-0.546826,-0.390546,6.351686
1783943507414,18.120000,-20.281770,-8.852384,-9.250221,-11.031549,-0.003497,0.142922,6.337565
1783943507434,18.140000,4.155901,-8.713683,-9.226203,13.382104,2.236725,2.370507,5.584243
1783943507454,18.160000,-12.250560,-8.602430,-9.227823,-3.022737,5.576168,5.694974,4.121500
1783943507474,18.180000,15.331627,-8.519098,-9.255553,24.587180,8.908525,9.010596,2.212138
1783943507494,18.200000,-5.633251,-8.464027,-9.309762,3.676511,11.020261,11.104466,0.252229
1783943507514,18.220000,19.011494,-8.437431,-9.390702,28.402196,11.129513,11.195340,-1.349499
1783943507534,18.240000,-6.830223,-8.439391,-9.498503,2.668281,9.229206,9.276729,-2.292030
1783943507554,18.260000,7.164427,-8.469858,-9.633157,16.797584,6.092086,6.121921,-2.487643
1783943507574,18.280000,-17.495594,-8.528654,-9.794514,-7.701080,2.810561,2.823826,-2.108615
1783943507594,18.300000,4.538905,-8.615476,-9.982276,14.521181,0.175604,0.173878,-1.533136
1783943507614,18.320000,-21.614317,-8.729892,-10.195992,-11.418325,-1.580883,-1.595600,-1.194786
1783943507634,18.340000,9.378458,-8.871353,-10.435050,19.813508,-2.577025,-2.602354,-1.397756
1783943507654,18.360000,-28.705473,-9.039188,-10.698682,-18.006791,-2.891604,-2.924838,-2.196646
1783943507674,18.380000,-0.169347,-9.232613,-10.985958,10.816611,-2.532811,-2.570968,-3.414350
1783943507694,18.400000,-20.775705,-9.450734,-11.295791,-9.479914,-1.808751,-1.848633,-4.764386
1783943507714,18.420000,1.475877,-9.692549,-11.626937,13.102814,-1.378756,-1.417012,-5.965486
1783943507734,18.440000,-18.895157,-9.956958,-11.978002,-6.917155,-1.832490,-1.865678,-6.786428
1783943507754,18.460000,0.274207,-10.242765,-12.347448,12.621655,-3.269130,-3.293785,-7.055035
1783943507774,18.480000,-28.824090,-10.548684,-12.733599,-16.090491,-5.165984,-5.178679,-6.691927
1783943507794,18.500000,-12.838860,-10.873343,-13.134648,0.295788,-6.759976,-6.757383,-5.766075
1783943507814,18.520000,-34.858200,-11.215292,-13.548672,-21.309528,-7.824518,-7.803468,-4.510318
1783943507834,18.540000,3.355147,-11.573007,-13.973639,17.328786,-8.964580,-8.922117,-3.241212
1783943507854,18.560000,-31.452015,-11.944897,-14.407418,-17.044597,-10.752971,-10.686406,-2.194179
1783943507874,18.580000,-13.751583,-12.329307,-14.847795,1.096212,-12.657784,-12.564738,-1.401326
1783943507894,18.600000,-45.278313,-12.724526,-15.292483,-29.985830,-13.223815,-13.102265,-0.745744
1783943507914,18.620000,-8.633608,-13.128790,-15.739136,7.105528,-11.184440,-11.032753,-0.134341
1783943507934,18.640000,-44.006584,-13.540291,-16.185360,-27.821224,-6.253682,-6.070646,0.414237
1783943507954,18.660000,3.266512,-13.957178,-16.628732,19.895244,0.640245,0.855394,0.853519
1783943507974,18.680000,-19.360520,-14.377562,-17.066806,-2.293714,7.610363,7.857927,1.251123
1783943507994,18.700000,13.553416,-14.799526,-17.497134,31.050550,12.667484,12.947292,1.840469
1783943508014,18.720000,-14.329319,-15.221124,-17.917275,3.587956,14.605659,14.917061,2.932924
1783943508034,18.740000,11.592554,-15.640389,-18.324811,29.917365,13.328046,13.669920,4.736298
1783943508054,18.760000,-16.944730,-16.055340,-18.717361,1.772631,9.782736,10.153484,7.184760
1783943508074,18.780000,-10.263538,-16.463981,-19.092594,8.829056,5.612200,6.009760,9.887622
1783943508094,18.800000,-22.383684,-16.864312,-19.448241,-2.935443,2.395352,2.817190,12.225823
1783943508114,18.820000,-9.697424,-17.254331,-19.782110,10.084686,1.013604,1.456724,13.554409
1783943508134,18.840000,-32.291283,-17.632040,-20.092095,-12.199188,1.553359,2.014318,13.433938
1783943508154,18.860000,-3.791151,-17.995452,-20.376191,16.585040,3.331426,3.806386,11.789910
1783943508174,18.880000,-23.141460,-18.342593,-20.631647,-2.509813,5.097487,5.582304,8.933414
1783943508194,18.900000,0.204283,-18.671509,-20.857690,21.061973,5.707080,6.197423,5.453392
1783943508214,18.920000,-22.933147,-18.980272,-21.052692,-1.880455,4.830087,5.321519,2.038149
1783943508234,18.940000,-10.473578,-19.266983,-21.215156,10.741578,3.147346,3.635367,-0.729372
1783943508254,18.960000,-38.217370,-19.529780,-21.343724,-16.873646,1.781316,2.261381,-2.554820
1783943508274,18.980000,-4.628395,-19.766838,-21.437178,16.808783,1.350361,1.817896,-3.500463
1783943508294,19.000000,-35.420060,-19.976380,-21.494445,-13.925615,1.607127,2.057557,-3.874616
1783943508314,19.020000,-5.480661,-20.156677,-21.514595,16.033933,1.794786,2.223571,-4.011294
1783943508334,19.040000,-34.438717,-20.306055,-21.496843,-12.941874,1.072603,1.475283,-4.098103
1783943508354,19.060000,-5.729929,-20.422895,-21.440547,15.710618,-1.145909,-0.773670,-4.152318
1783943508374,19.080000,-35.137680,-20.505644,-21.345204,-13.792476,-4.781632,-4.444004,-4.105161
1783943508394,19.100000,-22.428760,-20.552810,-21.210445,-1.218315,-8.852251,-8.553195,-3.901416
1783943508414,19.120000,-47.540077,-20.562971,-21.036030,-26.504047,-11.875837,-11.619077,-3.574808
1783943508434,19.140000,-30.718967,-20.534777,-20.821841,-9.897126,-12.791027,-12.580019,-3.275544
1783943508454,19.160000,-40.386208,-20.466950,-20.567873,-19.818335,-11.639911,-11.477822,-3.208846
1783943508474,19.180000,-14.123147,-20.358286,-20.274228,6.151081,-9.365536,-9.255228,-3.485184
1783943508494,19.200000,-38.085340,-20.207659,-19.941100,-18.144240,-6.899612,-6.843625,-3.983204
1783943508514,19.220000,-17.049530,-20.014020,-19.568772,2.519242,-4.584404,-4.584954,-4.364624
1783943508534,19.240000,-37.853380,-19.776399,-19.157599,-18.695781,-2.485523,-2.544489,-4.258546
1783943508554,19.260000,-6.795092,-19.493903,-18.708006,11.912914,-0.925195,-1.044121,-3.466976
1783943508574,19.280000,-25.841812,-19.165717,-18.220468,-7.621344,-0.397735,-0.577829,-2.024835
1783943508594,19.300000,-9.351218,-18.791106,-17.695510,8.344292,-0.984374,-1.226506,-0.111830
1783943508614,19.320000,-33.721750,-18.369410,-17.133689,-16.588061,-2.140405,-2.445115,2.040393
1783943508634,19.340000,-2.069511,-17.900049,-16.535594,14.466082,-3.039922,-3.407418,4.167490
1783943508654,19.360000,-40.538605,-17.382516,-15.901828,-24.636777,-2.899314,-3.329477,5.978081
1783943508674,19.380000,-2.634252,-16.816380,-15.233009,12.598758,-1.301977,-1.794358,7.206194
1783943508694,19.400000,-21.081238,-16.201286,-14.529757,-6.551481,1.519159,0.965337,7.697011
1783943508714,19.420000,4.493703,-15.536951,-13.792690,18.286393,4.987530,4.373373,7.478760
1783943508734,19.440000,-19.098452,-14.823166,-13.022418,-6.076034,8.639372,7.966326,6.770266
1783943508754,19.460000,13.462469,-14.059794,-12.219539,25.682008,12.034051,11.303908,5.895667
1783943508774,19.480000,-8.214951,-13.246771,-11.384633,3.169682,14.530733,13.745639,5.145891
1783943508794,19.500000,18.704708,-12.384104,-10.518259,29.222967,15.396542,14.559016,4.683470
1783943508814,19.520000,-3.137917,-11.471877,-9.620951,6.483034,14.089026,13.201973,4.532884
1783943508834,19.540000,16.116796,-10.510243,-8.693218,24.810014,10.526623,9.593357,4.606596
1783943508854,19.560000,-7.892888,-9.499432,-7.735538,-0.157350,5.260852,4.285110,4.724068
1783943508874,19.580000,-0.829080,-8.439752,-6.748358,5.919278,-0.636206,-1.650239,4.630356
1783943508894,19.600000,-22.316840,-7.331586,-5.732089,-16.584751,-6.134520,-7.182192,4.028184
1783943508914,19.620000,2.147247,-6.175398,-4.687109,6.834357,-10.831827,-11.907999,2.645393
1783943508934,19.640000,-30.717530,-4.971735,-3.613759,-27.103771,-14.912516,-16.011545,0.347479
1783943508954,19.660000,-3.439263,-3.721229,-2.512338,-0.926925,-18.752518,-19.868240,-2.764132
1783943508974,19.680000,-34.004868,-2.424595,-1.383108,-32.621760,-22.663050,-23.788772,-6.351136
1783943508994,19.700000,-5.250730,-1.082643,-0.226289,-5.024441,-26.631397,-27.759888,-9.943500
1783943509014,19.720000,-31.475105,0.303730,0.957941,-32.433046,-29.912854,-31.036344,-13.071322
1783943509034,19.740000,-21.405390,1.733531,2.169442,-23.574832,-30.864038,-31.974224,-15.362981
1783943509054,19.760000,-37.347130,3.205670,3.408120,-40.755250,-27.680363,-28.768417,-16.618700
1783943509074,19.780000,-5.778553,4.718961,4.673915,-10.452468,-19.711274,-20.767865,-16.836470
1783943509094,19.800000,-5.002848,6.272113,5.966809,-10.969657,-8.039346,-9.054663,-16.124125
1783943509114,19.820000,28.222548,7.863736,7.286818,20.935730,5.187540,4.223758,-14.517736
1783943509134,19.840000,21.981160,9.492330,8.633988,13.347172,17.909039,17.007463,-11.863060
1783943509154,19.860000,50.723877,11.156290,10.008398,40.715479,28.868019,28.039683,-7.903519
1783943509174,19.880000,36.495102,12.853895,11.410147,25.084955,37.597834,36.854084,-2.527676
1783943509194,19.900000,62.308643,14.583311,12.839359,49.469284,43.891357,43.243775,4.012451
1783943509214,19.920000,52.702690,16.342584,14.296167,38.406523,47.262072,46.722379,11.064889
1783943509234,19.940000,78.929050,18.129633,15.780719,63.148331,47.050594,46.630514,17.741747
1783943509254,19.960000,49.827000,19.942248,17.293162,32.533838,43.180465,42.891551,23.173004
1783943509274,19.980000,67.661210,21.778084,18.833641,48.827569,36.709280,36.562706,26.692106
1783943509294,20.000000,36.131720,23.634649,20.402289,15.729431,29.646158,29.652516,27.879160
1783943509314,20.020000,42.952370,25.509306,21.999217,20.953153,24.153823,24.322968,26.520540
1783943509334,20.040000,33.383305,27.399256,23.624506,9.758799,21.453947,21.794984,22.595743
1783943509354,20.060000,52.667595,29.301538,25.278192,27.389403,21.274026,21.795472,16.348522
1783943509374,20.080000,36.880203,31.213018,26.960251,9.919952,22.332137,23.042249,8.385188
1783943509394,20.100000,53.889168,33.130383,28.670584,25.218584,23.105272,24.012336,-0.330992
1783943509414,20.120000,39.802963,35.050137,30.408993,9.393970,22.223575,23.335765,-8.667830
1783943509434,20.140000,56.165070,36.968592,32.158244,24.006826,18.725824,20.050277,-15.620648
1783943509454,20.160000,30.439138,38.881865,33.933138,-3.494000,12.367386,13.908761,-20.553843
1783943509474,20.180000,38.751427,40.785877,35.733412,3.018015,3.658401,5.417720,-23.302658
1783943509494,20.200000,15.161341,42.676351,37.558607,-22.397266,-6.514322,-4.540139,-24.150055
1783943509514,20.220000,22.363832,44.548813,39.408058,-17.044226,-17.296643,-15.114749,-23.700338
1783943509534,20.240000,-2.888426,46.398595,41.280843,-44.169268,-28.039770,-25.661208,-22.673096
1783943509554,20.260000,4.984799,48.220843,43.175738,-38.190939,-38.351281,-35.790823,-21.685602
1783943509574,20.280000,-20.011335,50.010525,45.091159,-65.102494,-48.130780,-45.406852,-21.108467
1783943509594,20.300000,0.635128,51.762441,47.025104,-46.389976,-57.430864,-54.565532,-21.021990
1783943509614,20.320000,-28.556875,53.471243,48.975091,-77.531966,-65.933060,-62.952012,-21.242474
1783943509634,20.340000,-22.741127,55.131452,50.938098,-73.679225,-72.549103,-69.481590,-21.407380
1783943509654,20.360000,-39.603752,56.737480,52.910497,-92.514249,-75.939760,-72.818442,-21.121675
1783943509674,20.380000,-23.572780,58.283658,54.887998,-78.460778,-75.594114,-72.454804,-20.101957
1783943509694,20.400000,-20.864658,59.764265,56.865592,-77.730250,-72.379058,-69.260363,-18.210028
1783943509714,20.420000,0.408475,61.173564,58.837505,-58.429029,-67.999783,-64.942634,-15.351268
1783943509734,20.440000,-11.451536,62.505834,60.797158,-72.248694,-63.858069,-60.905165,-11.369521
1783943509754,20.460000,14.624924,63.755413,62.737143,-48.112219,-60.320934,-57.516096,-6.088515
1783943509774,20.480000,1.978120,64.916741,64.649211,-62.671091,-56.633870,-54.021324,0.519305
1783943509794,20.500000,27.758463,65.984399,66.524277,-38.765814,-51.133934,-48.757533,8.191256
1783943509814,20.520000,18.162190,66.953161,68.352451,-50.190261,-41.754930,-39.657340,16.379921
1783943509834,20.540000,48.214610,67.818037,70.123077,-21.908467,-26.920145,-25.142004,24.392960
1783943509854,20.560000,56.003000,68.574319,71.824811,-15.821811,-6.595668,-5.174760,31.583773
1783943509874,20.580000,110.756240,69.217629,73.445710,37.310530,17.246073,18.275625,37.540130
1783943509894,20.600000,118.666690,69.743965,74.973348,43.693342,41.423089,42.031582,42.225937
1783943509914,20.620000,153.788330,70.149740,76.394957,77.393373,62.978313,63.141182,45.980347
1783943509934,20.640000,154.494840,70.431828,77.697583,76.797257,79.941714,79.640223,49.298065
1783943509954,20.660000,185.785280,70.587596,78.868268,106.917012,91.242981,90.464905,52.476196
1783943509974,20.680000,182.132970,70.614939,79.894238,102.238732,96.625214,95.365532,55.359875
1783943509994,20.700000,194.092710,70.512311,80.763108,113.329602,96.921039,95.182590,57.345764
1783943510014,20.720000,165.180540,70.278741,81.463089,83.717451,93.995433,91.789379,57.574310
1783943510034,20.740000,176.885040,69.913860,81.983197,94.901843,89.679390,87.025231,55.145855
1783943510054,20.760000,165.565900,69.417901,82.313453,83.252447,84.468246,81.393005,49.319286
1783943510074,20.780000,180.502750,68.791717,82.445082,98.057668,77.493105,74.029379,39.748203
1783943510094,20.800000,144.594850,68.036770,82.370684,62.224166,67.764491,63.947389,26.699050
1783943510114,20.820000,149.501370,67.155131,82.084397,67.416973,55.169406,51.033156,11.061542
1783943510134,20.840000,115.178130,66.149465,81.582026,33.596104,40.505931,36.081971,-5.921718
1783943510154,20.860000,112.057070,65.023014,80.861149,31.195921,25.112869,20.432243,-23.026438
1783943510174,20.880000,80.084940,63.779571,79.921191,0.163749,10.467106,5.570182,-39.281334
1783943510194,20.900000,78.038160,62.423457,78.763468,-0.725308,-2.233948,-7.279295,-53.999400
1783943510214,20.920000,56.086890,60.959484,77.391194,-21.304304,-12.333091,-17.408466,-66.691010
1783943510234,20.940000,57.822548,59.392922,75.809455,-17.986907,-19.637686,-24.557954,-76.952840
1783943510254,20.960000,27.953804,57.729457,74.025158,-46.071354,-24.255459,-28.779961,-84.400720
1783943510274,20.980000,43.320560,55.975150,72.046941,-28.726381,-26.757872,-30.654516,-88.689110
1783943510294,21.000000,30.408684,54.136395,67.574677,-37.165993,-28.233384,-31.383000,-89.580650
1783943510314,21.020000,38.092747,52.219866,65.295200,-27.202453,-29.577813,-32.028845,-86.989720
1783943510334,21.040000,7.993078,50.232481,62.868416,-54.875338,-30.734249,-32.644436,-81.001960
1783943510354,21.060000,19.636404,48.181343,60.307643,-40.671239,-31.003074,-32.534388,-71.934166
1783943510374,21.080000,11.175440,46.073702,57.627047,-46.451607,-29.954659,-31.211543,-60.400980
1783943510394,21.100000,11.177979,43.916903,54.841463,-43.663485,-27.789879,-28.811634,-47.260067
1783943510414,21.120000,6.086234,41.718341,51.966211,-45.879978,-25.253633,-26.034015,-33.421950
1783943510434,21.140000,17.385347,39.485417,49.016912,-31.631565,-23.479772,-23.992490,-19.659674
1783943510454,21.160000,1.908966,37.225494,46.009306,-44.100340,-23.481857,-23.700322,-6.525647
1783943510474,21.180000,3.822918,34.945859,42.959077,-39.136159,-25.563837,-25.471710,5.623209
1783943510494,21.200000,-11.828898,32.653679,39.881690,-51.710588,-29.240616,-28.834630,16.535730
1783943510514,21.220000,-1.103112,30.355970,36.792237,-37.895349,-33.399443,-32.687674,25.974012
1783943510534,21.240000,-43.034565,28.059564,33.705295,-76.739860,-36.488357,-35.486896,33.684216
1783943510554,21.260000,-12.128118,25.771075,30.634802,-42.762920,-37.217651,-35.947507,39.436160
1783943510574,21.280000,-38.518320,23.496876,27.593952,-66.112272,-35.358825,-33.843813,43.103313
1783943510594,21.300000,-12.053996,21.243074,24.595105,-36.649101,-31.706315,-29.971933,44.765095
1783943510614,21.320000,-26.871609,19.015491,21.649713,-48.521322,-27.420769,-25.493732,44.785664
1783943510634,21.340000,-11.981969,16.819649,18.768268,-30.750237,-23.349538,-21.257589,43.782880
1783943510654,21.360000,-28.482437,14.660752,15.960267,-44.442704,-19.735196,-17.506951,42.448757
1783943510674,21.380000,-7.287258,12.543683,13.234190,-20.521448,-16.434716,-14.099401,41.318054
1783943510694,21.400000,-18.394510,10.472993,10.597499,-28.992009,-13.117384,-10.704472,40.631386
1783943510714,21.420000,-10.374855,8.452899,8.056648,-18.431503,-9.232452,-6.771218,40.346980
1783943510734,21.440000,-11.170164,6.487285,5.617105,-16.787269,-4.191277,-1.710345,40.243770
1783943510754,21.460000,-7.621021,4.579701,3.283388,-10.904409,2.165371,4.638457,40.030018
1783943510774,21.480000,0.618110,2.733372,1.059105,-0.440994,9.138239,11.577388,39.427723
1783943510794,21.500000,18.664488,0.951199,-1.052991,19.717479,15.242484,17.623362,38.255440
1783943510814,21.520000,11.273819,-0.764226,-3.050948,14.324767,19.075901,21.376175,36.498990
1783943510834,21.540000,19.824062,-2.410617,-4.933553,24.757615,20.275069,22.474591,34.300163
1783943510854,21.560000,3.336364,-3.985974,-6.700271,10.036635,19.643787,21.724722,31.827707
1783943510874,21.580000,18.057137,-5.488581,-8.351182,26.408319,18.551727,20.498635,29.108374
1783943510894,21.600000,-6.227574,-6.916985,-9.886913,3.659339,18.169463,19.969337,25.961290
1783943510914,21.620000,23.305714,-8.269984,-11.308580,34.614294,18.878448,20.520717,22.098670
1783943510934,21.640000,2.470582,-9.546618,-12.617726,15.088308,20.209232,21.685722,17.321394
1783943510954,21.660000,26.921003,-10.746149,-13.816267,40.737270,21.392226,22.697098,11.681090
1783943510974,21.680000,-3.311105,-11.868056,-14.906432,11.595328,21.872903,23.002569,5.505147
1783943510994,21.700000,22.165930,-12.912012,-15.890722,38.056652,21.254422,22.207439,-0.733885
1783943511014,21.720000,5.518121,-13.877880,-16.771859,22.289980,19.118615,19.895567,-6.604637
1783943511034,21.740000,15.773094,-14.765699,-17.552744,33.325838,15.363840,15.967194,-11.822635
1783943511054,21.760000,-1.954604,-15.575673,-18.236428,16.281824,10.710513,11.144453,-16.252014
1783943511074,21.780000,-4.598147,-16.308161,-18.826071,14.227924,6.632511,6.902733,-19.885195
1783943511094,21.800000,-14.314907,-16.963670,-19.324921,5.010014,4.561843,4.675302,-22.845835
1783943511114,21.820000,-2.051056,-17.542848,-19.736286,17.685229,4.971628,4.936265,-25.355003
1783943511134,21.840000,-4.500158,-18.046475,-20.063513,15.563355,7.205090,7.029578,-27.601265
1783943511154,21.860000,4.057083,-18.475461,-20.309968,24.367051,10.108692,9.802301,-29.579788
1783943511174,21.880000,-5.423112,-18.830839,-20.475039,15.051926,12.686573,12.259220,-31.043015
1783943511194,21.900000,11.891957,-19.113765,-20.566292,32.458249,14.330501,13.792895,-31.624197
1783943511214,21.920000,0.512862,-19.325514,-20.587121,21.099983,14.972043,14.335727,-31.034662
1783943511234,21.940000,-1.729550,-19.467482,-20.540887,18.811337,15.163399,14.440605,-29.202383
1783943511254,21.960000,-15.085513,-19.541182,-20.430912,5.345399,15.393636,14.597042,-26.323160
1783943511274,21.980000,20.346210,-19.548250,-20.260484,40.606694,15.157757,14.300241,-22.824478
1783943511294,22.000000,-8.376989,-19.490445,-20.032850,11.655861,13.353900,12.448334,-19.209284
1783943511314,22.020000,1.357752,-19.369648,-19.751221,21.108973,9.535488,8.594586,-15.850597
1783943511334,22.040000,-22.744188,-19.187872,-19.418773,-3.325415,4.203424,3.239635,-12.920367
1783943511354,22.060000,-13.755120,-18.947261,-19.038648,5.283528,-1.854312,-2.828887,-10.505430
1783943511374,22.080000,-29.243212,-18.650095,-18.613958,-10.629254,-8.062252,-9.035932,-8.733211
1783943511394,22.100000,-27.763740,-18.298794,-18.147789,-9.615951,-14.037714,-14.999311,-7.744550
1783943511414,22.120000,-44.628128,-17.895918,-17.643202,-26.984926,-19.449097,-20.387989,-7.580048
1783943511434,22.140000,-30.995060,-17.444177,-17.103239,-13.891821,-23.990365,-24.896571,-8.119854
1783943511454,22.160000,-55.990654,-16.946427,-16.530923,-39.459731,-27.263566,-28.127821,-9.102982
1783943511474,22.180000,-43.975746,-16.405674,-15.929270,-28.046476,-28.786455,-29.600289,-10.190259
1783943511494,22.200000,-56.920647,-15.825074,-15.301282,-41.619365,-28.398640,-29.154444,-11.040878
1783943511514,22.220000,-32.373867,-15.207932,-14.649963,-17.723904,-26.483318,-27.174416,-11.365544
1783943511534,22.240000,-43.991074,-14.557701,-13.978318,-30.012756,-23.460222,-24.080932,-10.922069
1783943511554,22.260000,-36.621660,-13.877981,-13.289358,-23.332302,-19.148719,-19.694413,-9.493477
1783943511574,22.280000,-45.018840,-13.172509,-12.586112,-32.432728,-13.053116,-13.520266,-6.939911
1783943511594,22.300000,-10.111755,-12.445158,-11.871631,1.759876,-5.256739,-5.642961,-3.299499
1783943511614,22.320000,-33.182230,-11.699925,-11.148994,-22.033236,3.272349,2.968263,1.195628
1783943511634,22.340000,7.005497,-10.940929,-10.421319,17.426816,10.928148,10.706210,6.221153
1783943511654,22.360000,-1.078184,-10.172395,-9.691772,8.613587,15.963048,15.822065,11.478318
1783943511674,22.380000,5.416104,-9.398647,-8.963573,14.379677,17.383829,17.321411,16.727705
1783943511694,22.400000,-7.958683,-8.624091,-8.240010,0.281327,15.401237,15.413815,21.721390
1783943511714,22.420000,7.333698,-7.853208,-7.524441,14.858140,11.001730,11.084596,26.100885
1783943511734,22.440000,-19.186940,-7.090535,-6.820307,-12.366633,5.506091,5.653452,29.364740
1783943511754,22.460000,-8.585686,-6.340651,-6.131136,-2.454550,0.234323,0.439371,30.964447
1783943511774,22.480000,-22.894806,-5.608160,-5.460551,-17.434255,-4.021630,-3.766628,30.479060
1783943511794,22.500000,-6.590739,-4.897678,-4.812270,-1.778469,-7.191579,-6.895178,27.770292
1783943511814,22.520000,-32.028770,-4.213808,-4.190112,-27.838658,-9.593573,-9.265028,23.064089
1783943511834,22.540000,-2.749714,-3.561128,-3.597994,0.848280,-11.597013,-11.246145,16.929672
1783943511854,22.560000,-29.161270,-2.944166,-3.039926,-26.121344,-13.319326,-12.956371,10.150884
1783943511874,22.580000,-18.457249,-2.367387,-2.520007,-15.937242,-14.437238,-14.072689,3.534803
1783943511894,22.600000,-26.389317,-1.835163,-2.042414,-24.346903,-14.592678,-14.237112,-2.270817
1783943511914,22.620000,-7.752770,-1.351762,-1.611387,-6.141382,-13.859200,-13.523103,-6.877243
1783943511934,22.640000,-14.134426,-0.921316,-1.231213,-12.903213,-12.436940,-12.130525,-10.128902
1783943511954,22.660000,-7.568563,-0.547810,-0.906204,-6.662359,-10.037027,-9.770050,-11.999074
1783943511974,22.680000,-13.930174,-0.235053,-0.640672,-13.289502,-5.919632,-5.701216,-12.531067
1783943511994,22.700000,2.057612,0.013344,-0.438900,2.496512,0.339950,0.501499,-11.868599
1783943512014,22.720000,-0.324012,0.193982,-0.305108,-0.018904,8.083053,8.180404,-10.276853
1783943512034,22.740000,30.829433,0.303703,-0.243418,31.072851,15.464538,15.491495,-8.067590
1783943512054,22.760000,20.577156,0.339607,-0.257815,20.834971,20.257938,20.209577,-5.471085
1783943512074,22.780000,34.936733,0.299068,-0.352105,35.288838,21.027881,20.900671,-2.583322
1783943512094,22.800000,19.829945,0.179758,-0.529868,20.359813,17.773597,17.565498,0.539578
1783943512114,22.820000,24.275166,-0.020339,-0.794418,25.069584,11.875426,11.585964,3.709649
1783943512134,22.840000,-3.771549,-0.302911,-1.148751,-2.622798,5.480946,5.111260,6.499931
1783943512154,22.860000,8.690046,-0.669306,-1.595504,10.285550,0.367079,-0.080056,8.292672
1783943512174,22.880000,1.222645,-1.120514,-2.136906,3.359550,-2.967214,-3.487397,8.479214
1783943512194,22.900000,11.691906,-1.657164,-2.774731,14.466637,-5.049316,-5.636561,6.734332
1783943512214,22.920000,-6.560021,-2.279506,-3.510263,-3.049758,-6.470611,-7.117415,3.217040
1783943512234,22.940000,4.445752,-2.987411,-4.344249,8.790001,-7.388720,-8.086171,-1.453672
1783943512254,22.960000,-9.171678,-3.780363,-5.276868,-3.894810,-7.692588,-8.430499,-6.444422
1783943512274,22.980000,4.785138,-4.657452,-6.307697,11.092835,-7.255011,-8.022087,-10.992122
1783943512294,23.000000,-11.531747,-5.617378,-7.435685,-4.096062,-6.025173,-6.809201,-14.560779
1783943512314,23.020000,4.600631,-6.658450,-8.659133,13.259763,-4.122342,-4.910389,-16.863070
1783943512334,23.040000,-7.788350,-7.778586,-9.975678,2.187329,-1.933713,-2.712317,-17.821848
1783943512354,23.060000,14.137498,-8.975318,-11.382289,25.519787,0.061456,-0.693897,-17.511286
1783943512374,23.080000,-5.629034,-10.245801,-12.875263,7.246229,1.794490,1.076389,-16.089554
1783943512394,23.100000,4.822189,-11.586822,-14.450232,19.272421,3.871820,3.204993,-13.759834
1783943512414,23.120000,-8.998632,-12.994807,-16.102182,7.103550,7.083409,6.481676,-10.786060
1783943512434,23.140000,18.065605,-14.465838,-17.828086,35.893691,11.695328,11.171962,-7.507353
1783943512454,23.160000,3.274325,-15.995667,-19.619411,22.893736,17.436993,17.004308,-4.268106
1783943512474,23.180000,11.077328,-17.579733,-21.469351,32.546679,23.836836,23.505826,-1.298092
1783943512494,23.200000,10.695318,-19.213183,-23.370586,34.065904,30.002313,29.782415,1.329209
1783943512514,23.220000,30.576370,-20.890894,-25.315331,55.891701,34.380876,34.279814,3.635394
1783943512534,23.240000,9.964833,-22.607495,-27.295397,37.260230,35.371077,35.394759,5.670100
1783943512554,23.260000,23.777351,-24.357394,-29.302253,53.079604,32.168059,32.320488,7.476565
1783943512574,23.280000,-2.128136,-26.134805,-31.327105,29.198969,25.146277,25.429481,9.037202
1783943512594,23.300000,-0.200412,-27.933778,-33.360965,33.160553,15.889319,16.303292,10.194790
1783943512614,23.320000,-42.186270,-29.748227,-35.394735,-6.791535,6.666300,7.208976,10.622711
1783943512634,23.340000,-28.253640,-31.571966,-37.419284,9.165644,-0.855035,-0.187774,9.888942
1783943512654,23.360000,-43.114326,-33.398735,-39.425531,-3.688795,-6.628432,-5.842709,7.618431
1783943512674,23.380000,-35.042294,-35.222238,-41.404523,6.362229,-11.756922,-10.860780,3.729275
1783943512694,23.400000,-62.026710,-37.036176,-43.347514,-18.679196,-17.142129,-16.145405,-1.391661
1783943512714,23.420000,-54.460396,-38.834275,-45.246039,-9.214357,-22.724687,-21.638851,-6.950537
1783943512734,23.440000,-81.504944,-40.610322,-47.091979,-34.412965,-27.621641,-26.459609,-12.044800
1783943512754,23.460000,-71.953780,-42.358198,-48.877627,-23.076153,-30.700069,-29.475988,-15.983775
1783943512774,23.480000,-87.497025,-44.071905,-50.595746,-36.901279,-31.190263,-29.919275,-18.426374
1783943512794,23.500000,-78.763130,-45.745598,-52.239612,-26.523518,-29.062435,-27.760430,-19.318770
1783943512814,23.520000,-86.398766,-47.373611,-53.803059,-32.595707,-25.168221,-23.851576,-18.748747
1783943512834,23.540000,-59.741670,-48.950485,-55.280510,-4.461160,-20.985028,-19.670349,-16.818910
1783943512854,23.560000,-80.464400,-50.470991,-56.667001,-23.797399,-17.699560,-16.403421,-13.583096
1783943512874,23.580000,-63.607834,-51.930155,-57.958196,-5.649638,-15.319946,-14.058641,-9.073610
1783943512894,23.600000,-89.739685,-53.323274,-59.150400,-30.589285,-12.796268,-11.585575,-3.421253
1783943512914,23.620000,-66.623460,-54.645938,-60.240552,-6.382908,-9.055786,-7.910739,3.009919
1783943512934,23.640000,-78.541710,-55.894046,-61.226227,-17.315483,-4.012649,-2.947324,9.615060
1783943512954,23.660000,-53.485806,-57.063817,-62.105614,8.619808,1.262562,2.235255,15.727473
1783943512974,23.680000,-64.784670,-58.151806,-62.877506,-1.907164,5.223391,6.091920,20.863998
1783943512994,23.700000,-56.540382,-59.154912,-63.541271,7.000889,6.697820,7.452230,24.848343
1783943513014,23.720000,-53.822930,-60.070386,-64.096825,10.273895,5.437493,6.069577,27.739496
1783943513034,23.740000,-70.701340,-60.895836,-64.544603,-6.156737,2.417386,2.920782,29.656036
1783943513054,23.760000,-77.623050,-61.629233,-64.885522,-12.737528,-0.527101,-0.156952,30.618637
1783943513074,23.780000,-71.477875,-62.268914,-65.120944,-6.356931,-1.906792,-1.672885,30.487417
1783943513094,23.800000,-76.331160,-62.813578,-65.252641,-11.078519,-1.474204,-1.378414,29.040190
1783943513114,23.820000,-60.029060,-63.262288,-65.282754,5.253694,-0.030720,-0.074327,26.171043
1783943513134,23.840000,-71.946790,-63.614469,-65.213752,-6.733038,1.418020,1.234011,22.080683
1783943513154,23.860000,-54.465310,-63.869900,-65.048401,10.583091,2.485513,2.160751,17.294764
1783943513174,23.880000,-81.056430,-64.028711,-64.789716,-16.266714,3.660950,3.197351,12.479623
1783943513194,23.900000,-57.533790,-64.091375,-64.440933,6.907143,5.735848,5.140713,8.183568
1783943513214,23.920000,-72.501060,-64.058697,-64.005472,-8.495588,8.888178,8.178299,4.670549
1783943513234,23.940000,-44.193928,-63.931809,-63.486902,19.292974,12.340260,11.545149,1.939807
1783943513254,23.960000,-57.512417,-63.712154,-62.888918,5.376501,14.866465,14.027218,-0.114941
1783943513274,23.980000,-38.746730,-63.401478,-62.215304,23.468574,15.665379,14.824688,-1.557182
1783943513294,24.000000,-61.833640,-63.001816,-61.852532,0.018892,14.880523,14.065369,-2.395255
1783943513314,24.020000,-48.462532,-62.515480,-61.054064,12.591532,13.318034,12.529521,-2.693597
1783943513334,24.040000,-62.143070,-61.945043,-60.189909,-1.953161,11.651402,10.872693,-2.678038
1783943513354,24.060000,-46.617830,-61.293326,-59.263959,12.646129,9.897934,9.110474,-2.713773
1783943513374,24.080000,-54.507828,-60.563383,-58.280122,3.772294,7.620554,6.814158,-3.151790
1783943513394,24.100000,-45.093693,-59.758486,-57.242310,12.148617,4.667012,3.841626,-4.159007
1783943513414,24.120000,-70.900450,-58.882106,-56.154426,-14.746024,1.680388,0.843439,-5.670008
1783943513434,24.140000,-60.968170,-57.937904,-55.020361,-5.947809,-0.427429,-1.264850,-7.499037
1783943513454,24.160000,-59.494360,-56.929706,-53.843983,-5.650377,-1.522538,-2.348781,-9.492897
1783943513474,24.180000,-54.189160,-55.861494,-52.629133,-1.560027,-2.406877,-3.211522,-11.561073
1783943513494,24.200000,-55.689995,-54.737383,-51.379620,-4.310375,-3.991479,-4.765953,-13.574031
1783943513514,24.220000,-51.486470,-53.561606,-50.099217,-1.387253,-6.437965,-7.175438,-15.285516
1783943513534,24.240000,-74.746300,-52.338498,-48.791660,-25.954640,-8.945714,-9.640722,-16.407421
1783943513554,24.260000,-50.056810,-51.072476,-47.460644,-2.596166,-10.393138,-11.041212,-16.780735
1783943513574,24.280000,-70.298294,-49.768022,-46.109819,-24.188475,-10.120473,-10.717898,-16.466452
1783943513594,24.300000,-48.309948,-48.429667,-44.742793,-3.567155,-8.176968,-8.720688,-15.673633
1783943513614,24.320000,-50.709293,-47.061969,-43.363124,-7.346169,-5.177397,-5.665007,-14.595805
1783943513634,24.340000,-41.213394,-45.669496,-41.974321,0.760927,-1.858753,-2.288536,-13.286860
1783943513654,24.360000,-49.438786,-44.256814,-40.579841,-8.858945,1.257142,0.886187,-11.665847
1783943513674,24.380000,-30.762356,-42.828458,-39.183084,8.420728,3.669799,3.357949,-9.627185
1783943513694,24.400000,-35.728153,-41.388925,-37.787391,2.059238,4.751597,4.498427,-7.154761
1783943513714,24.420000,-24.745960,-39.942650,-36.396040,11.650080,4.122450,3.926877,-4.355280
1783943513734,24.440000,-41.953210,-38.493992,-35.012241,-6.940969,2.020157,1.880500,-1.423251
1783943513754,24.460000,-32.855446,-37.047216,-33.639127,0.783681,-0.942102,-1.028054,1.380891
1783943513774,24.480000,-41.278076,-35.606478,-32.279754,-8.998322,-4.364170,-4.399091,3.731124
1783943513794,24.500000,-24.608076,-34.175805,-30.937087,6.329011,-8.149855,-8.136812,5.293963
1783943513814,24.520000,-47.288467,-32.759088,-29.613996,-17.674471,-11.934755,-11.877135,5.856894
1783943513834,24.540000,-37.628742,-31.360060,-28.313247,-9.315495,-14.770133,-14.671577,5.415274
1783943513854,24.560000,-54.605663,-29.982285,-27.037490,-27.568173,-15.694291,-15.558628,4.129760
1783943513874,24.580000,-28.395563,-28.629144,-25.789255,-2.606308,-14.543192,-14.374371,2.223168
1783943513894,24.600000,-38.807660,-27.303825,-24.570933,-14.236727,-12.010061,-11.812090,-0.047610
1783943513914,24.620000,-20.990860,-26.009308,-23.384772,2.393912,-8.961570,-8.738459,-2.338001
1783943513934,24.640000,-36.373750,-24.748356,-22.232864,-14.140886,-5.911377,-5.667078,-4.213045
1783943513954,24.660000,-12.840470,-23.523503,-21.117134,8.276664,-3.099661,-2.838028,-5.269115
1783943513974,24.680000,-23.693235,-22.337051,-20.039332,-3.653903,-0.682099,-0.406840,-5.287379
1783943513994,24.700000,-4.876522,-21.191054,-19.001018,14.124496,1.401259,1.686610,-4.288714
1783943514014,24.720000,-18.116074,-20.087320,-18.003557,-0.112517,3.621547,3.913658,-2.479264
1783943514034,24.740000,-5.221161,-19.027400,-17.048112,11.826951,6.693367,6.989132,-0.171763
1783943514054,24.760000,-8.676978,-18.012587,-16.135632,7.458654,11.034605,11.331165,2.269407
1783943514074,24.780000,10.213331,-17.043914,-15.266848,25.480179,16.357557,16.652337,4.491309
1783943514094,24.800000,5.065114,-16.122152,-14.442272,19.507386,21.774761,22.065511,6.244978
1783943514114,24.820000,23.255314,-15.247815,-13.662189,36.917503,26.210308,26.495150,7.457397
1783943514134,24.840000,12.121222,-14.421158,-12.926660,25.047882,28.776903,29.054362,8.216728
1783943514154,24.860000,27.470371,-13.642184,-12.235526,39.705897,28.991045,29.260027,8.669581
1783943514174,24.880000,11.514065,-12.910652,-11.590098,23.104163,26.850687,27.110378,8.901118
1783943514194,24.900000,26.375572,-12.226080,-10.987896,37.363468,22.889810,23.139540,8.871383
1783943514214,24.920000,-9.210036,-11.587762,-10.428116,1.218080,18.070147,18.309304,8.422009
1783943514234,24.940000,9.970743,-10.994771,-9.909758,19.880501,13.133895,13.361922,7.319454
1783943514254,24.960000,-3.231100,-10.445976,-9.431629,6.200529,7.932893,8.149329,5.329962
1783943514274,24.980000,-1.088241,-9.940058,-8.992362,7.904121,1.712832,1.917351,2.342584
1783943514294,25.000000,-10.976456,-9.475516,-8.590426,-2.386030,-5.981343,-5.788913,-1.515332
1783943514314,25.020000,-20.138630,-9.050692,-8.224138,-11.914492,-14.663248,-14.482926,-5.876999
1783943514334,25.040000,-37.140087,-8.663780,-7.891683,-29.248404,-22.908395,-22.740066,-10.282925
1783943514354,25.060000,-31.136900,-8.312848,-7.591126,-23.545774,-28.964050,-28.807487,-14.362412
1783943514374,25.080000,-47.596560,-7.995848,-7.320433,-40.276127,-31.398374,-31.253270,-17.902557
1783943514394,25.100000,-35.681220,-7.710640,-7.077482,-28.603738,-29.515561,-29.381546,-20.781345
1783943514414,25.120000,-49.970170,-7.455002,-6.860081,-43.110089,-23.828439,-23.705104,-22.856123
1783943514434,25.140000,-5.866976,-7.226649,-6.665989,0.799013,-16.298243,-16.185153,-23.896574
1783943514454,25.160000,-19.983341,-7.023250,-6.492924,-13.490417,-9.443726,-9.340434,-23.569582
1783943514474,25.180000,-6.138823,-6.842440,-6.338585,0.199762,-4.742256,-4.648310,-21.486572
1783943514494,25.200000,-19.288530,-6.681837,-6.200662,-13.087868,-2.022351,-1.937309,-17.373215
1783943514514,25.220000,-12.003115,-6.539054,-6.076853,-5.926262,-0.233233,-0.156665,-11.321372
1783943514534,25.240000,-13.054103,-6.411714,-5.964878,-7.089225,1.448309,1.516814,-3.927070
1783943514554,25.260000,6.735250,-6.297461,-5.862488,12.597738,3.215785,3.276612,3.853902
1783943514574,25.280000,-14.386014,-6.193975,-5.767484,-8.618530,5.120487,5.173995,11.051998
1783943514594,25.300000,0.024050,-6.098978,-5.677719,5.701769,7.376149,7.422666,16.967657
1783943514614,25.320000,-14.215329,-6.010251,-5.591117,-8.624212,9.806923,9.846749,21.235940
1783943514634,25.340000,15.869030,-5.925639,-5.505677,21.374707,11.354381,11.387786,23.750280
1783943514654,25.360000,-0.952915,-5.843061,-5.419484,4.466570,10.662055,10.689281,24.611810
1783943514674,25.380000,3.002605,-5.760521,-5.330719,8.333325,7.234583,7.255846,24.119436
1783943514694,25.400000,-15.670790,-5.676113,-5.237662,-10.433128,1.820258,1.835753,22.675644
1783943514714,25.420000,-4.759955,-5.588030,-5.138700,0.378745,-4.113134,-4.103232,20.599280
1783943514734,25.440000,-25.886272,-5.494567,-5.032332,-20.853940,-8.907094,-8.902626,18.005056
1783943514754,25.460000,-16.426920,-5.394132,-4.917175,-11.509745,-11.071468,-11.072287,14.857974
1783943514774,25.480000,-31.727749,-5.285244,-4.791967,-26.935782,-9.839615,-9.845583,11.128835
1783943514794,25.500000,-5.683276,-5.166543,-4.655567,-1.027709,-5.705652,-5.716638,6.923944
1783943514814,25.520000,-16.299328,-5.036788,-4.506958,-11.792370,-0.343417,-0.359290,2.550682
1783943514834,25.540000,6.950380,-4.894862,-4.345251,11.295631,4.130789,4.110157,-1.484614
1783943514854,25.560000,-10.407831,-4.739770,-4.169677,-6.238154,5.981229,5.955970,-4.580208
1783943514874,25.580000,11.617459,-4.570644,-3.979597,15.597056,4.400586,4.370835,-6.239956
1783943514894,25.600000,-13.746698,-4.386741,-3.774490,-9.972208,-0.151169,-0.185274,-6.276602
1783943514914,25.620000,-7.782726,-4.187437,-3.553957,-4.228769,-5.967815,-6.006126,-4.911010
1783943514934,25.640000,-27.543339,-3.972233,-3.317717,-24.225622,-10.803678,-10.846045,-2.734028
1783943514954,25.660000,-16.323372,-3.740748,-3.065601,-13.257771,-12.944146,-12.990409,-0.545847
1783943514974,25.680000,-24.081963,-3.492716,-2.797552,-21.284411,-11.920499,-11.970491,0.896189
1783943514994,25.700000,-2.258650,-3.227984,-2.513617,0.254966,-8.469951,-8.523501,1.150723
1783943515014,25.720000,-13.797983,-2.946507,-2.213941,-11.584042,-3.849853,-3.906782,0.262403
1783943515034,25.740000,10.984650,-2.648341,-1.898768,12.883418,0.950028,0.889902,-1.273795
1783943515054,25.760000,-9.610217,-2.333643,-1.568427,-8.041790,5.601880,5.538745,-2.741320
1783943515074,25.780000,9.354326,-2.002661,-1.223333,10.577659,10.162603,10.096650,-3.509166
1783943515094,25.800000,6.749425,-1.655731,-0.863976,7.613401,14.367720,14.299143,-3.262328
1783943515114,25.820000,25.850180,-1.293271,-0.490919,26.341099,17.434706,17.363702,-2.041745
1783943515134,25.840000,11.263143,-0.915774,-0.104789,11.367932,18.632080,18.558851,-0.116437
1783943515154,25.860000,27.877748,-0.523805,0.293723,27.584025,17.827861,17.752610,2.171289
1783943515174,25.880000,7.355463,-0.117991,0.703877,6.651586,15.585844,15.508781,4.470967
1783943515194,25.900000,16.822844,0.300979,1.124878,15.697966,12.863327,12.784671,6.412501
1783943515214,25.920000,0.686389,0.732361,1.555891,-0.869502,10.390494,10.310468,7.609360
1783943515234,25.940000,16.806772,1.175363,1.996039,14.810733,8.144758,8.063592,7.728136
1783943515254,25.960000,9.357930,1.629145,2.444408,6.913522,5.512012,5.429940,6.607555
1783943515274,25.980000,4.716956,2.092829,2.900058,1.816898,2.011623,1.928879,4.353603
1783943515294,26.000000,3.005674,2.565498,3.362017,-0.356342,-2.257586,-2.340770,1.317012
1783943515314,26.020000,2.994336,3.046204,3.829293,-0.834957,-6.617319,-6.700705,-2.048894
1783943515334,26.040000,-15.860662,3.533967,4.300876,-20.161538,-9.951044,-10.034367,-5.348170
1783943515354,26.060000,-3.131103,4.027786,4.775740,-7.906843,-11.248042,-11.330983,-8.329797
1783943515374,26.080000,-15.448383,4.526634,5.252850,-20.701233,-10.371379,-10.453514,-10.881271
1783943515394,26.100000,8.435165,5.029469,5.731163,2.704002,-8.274547,-8.355317,-12.949107
1783943515414,26.120000,3.851723,5.535235,6.209635,-2.357913,-6.327783,-6.406505,-14.423187
1783943515434,26.140000,6.607714,6.042866,6.685675,-0.077961,-5.211672,-5.287617,-15.074193
1783943515454,26.160000,-6.324469,6.551287,7.159898,-13.484366,-4.538584,-4.611095,-14.642139
1783943515474,26.180000,9.855277,7.059425,7.631288,2.223989,-3.585275,-3.653833,-13.032445
1783943515494,26.200000,-1.972397,7.566206,8.098843,-10.071240,-2.118618,-2.182845,-10.441767
1783943515514,26.220000,14.608427,8.070561,8.561576,6.046851,-0.625900,-0.685512,-7.292247
1783943515534,26.240000,8.625315,8.571433,9.018524,-0.393209,-0.067786,-0.122545,-4.036239
1783943515554,26.260000,16.567537,9.067779,9.468751,7.098786,-1.303299,-1.352986,-0.995466
1783943515574,26.280000,-0.809541,9.558572,9.911350,-10.720890,-4.589956,-4.634355,1.666651
1783943515594,26.300000,11.841628,10.042810,10.345448,1.496180,-9.548913,-9.587813,3.864626
1783943515614,26.320000,-3.177457,10.519516,10.770212,-13.947668,-15.242090,-15.275295,5.500753
1783943515634,26.340000,-7.399081,10.987743,11.184847,-18.583928,-20.164907,-20.192247,6.442999
1783943515654,26.360000,-15.905503,11.446582,11.588607,-27.494110,-22.705937,-22.727279,6.562688
1783943515674,26.380000,-3.802634,11.895160,11.980792,-15.783426,-21.980856,-21.996110,5.790707
1783943515694,26.400000,-6.343617,12.332647,12.360753,-18.704370,-18.168909,-18.178035,4.190790
1783943515714,26.420000,11.101082,12.758262,12.727897,-1.626815,-12.147589,-12.150600,2.042561
1783943515734,26.440000,5.435945,13.171274,13.081687,-7.645742,-4.942331,-4.939299,-0.142130
1783943515754,26.460000,23.631420,13.571004,13.421645,10.209775,2.553301,2.562245,-1.739746
1783943515774,26.480000,22.666803,13.956832,13.747353,8.919450,9.579038,9.593700,-2.221391
1783943515794,26.500000,32.434770,14.328195,14.058454,18.376316,15.464273,15.484395,-1.322738
1783943515814,26.520000,36.618477,14.684595,14.354652,22.263825,19.602654,19.627914,0.894130
1783943515834,26.540000,56.494230,15.025592,14.635713,41.858517,21.744204,21.774219,4.093282
1783943515854,26.560000,25.718157,15.350811,14.901459,10.816698,22.592220,22.626545,7.780603
1783943515874,26.580000,35.987938,15.659939,15.151768,20.836170,23.456434,23.494568,11.386017
1783943515894,26.600000,35.285355,15.952721,15.386572,19.898783,24.743928,24.785323,14.290591
1783943515914,26.620000,55.909490,16.228963,15.605848,40.303642,25.286914,25.330980,15.911511
1783943515934,26.640000,42.510100,16.488524,15.809617,26.700483,23.494303,23.540416,15.910045
1783943515954,26.660000,47.086296,16.731310,15.997935,31.088361,18.938320,18.985830,14.361545
1783943515974,26.680000,21.491583,16.957275,16.170889,5.320694,12.871680,12.919922,11.670151
1783943515994,26.700000,23.523277,17.166410,16.328586,7.194691,7.413726,7.462020,8.269797
1783943516014,26.720000,11.582423,17.358736,16.471149,-4.888726,4.135911,4.183577,4.384982
1783943516034,26.740000,29.380060,17.534297,16.598705,12.781355,3.207674,3.254041,0.049507
1783943516054,26.760000,15.597778,17.693153,16.711379,-1.113601,3.689243,3.733674,-4.670061
1783943516074,26.780000,27.652280,17.835369,16.809287,10.842993,4.366706,4.408637,-9.472599
1783943516094,26.800000,13.671850,17.961011,16.892525,-3.220675,4.272277,4.311269,-13.826787
1783943516114,26.820000,29.455780,18.070129,16.961162,12.494618,2.853026,2.888817,-17.164180
1783943516134,26.840000,5.435804,18.162758,17.015234,-11.579430,0.089518,0.122050,-19.096613
1783943516154,26.860000,13.754231,18.238902,17.054736,-3.300505,-3.632146,-3.602773,-19.535723
1783943516174,26.880000,0.950513,18.298530,17.079615,-16.129102,-7.981889,-7.955582,-18.698156
1783943516194,26.900000,16.539175,18.341566,17.089766,-0.550591,-12.784725,-12.761686,-17.007122
1783943516214,26.920000,-7.544050,18.367885,17.085026,-24.629076,-17.427156,-17.408246,-14.920017
1783943516234,26.940000,-7.475252,18.377306,17.065172,-24.540423,-20.545111,-20.532091,-12.785100
1783943516254,26.960000,-21.380856,18.369586,17.029917,-38.410773,-20.873828,-20.869167,-10.825233
1783943516274,26.980000,3.954179,18.344417,16.978911,-13.024732,-18.444519,-18.450378,-9.189541
1783943516294,27.000000,-5.156273,18.301425,16.948148,-22.104421,-14.669402,-14.686020,-7.924694
1783943516314,27.020000,11.153053,18.240168,16.862165,-5.709112,-11.329516,-11.354444,-6.868391
1783943516334,27.040000,-0.628132,18.160135,16.758976,-17.387108,-9.603522,-9.632657,-5.636598
1783943516354,27.060000,5.200443,18.060749,16.637987,-11.437544,-9.770251,-9.799562,-3.802521
1783943516374,27.080000,-2.807153,17.941369,16.498555,-19.305707,-11.477231,-11.503744,-1.151594
1783943516394,27.100000,3.768848,17.801295,16.339991,-12.571143,-14.104277,-14.126169,2.184243
1783943516414,27.120000,-7.131715,17.639775,16.161568,-23.293283,-16.867924,-16.884190,5.787810
1783943516434,27.140000,-0.343728,17.456007,15.962530,-16.306257,-18.805271,-18.815311,9.136381
1783943516454,27.160000,-7.996994,17.249155,15.742099,-23.739093,-18.849731,-18.853047,11.780846
1783943516474,27.180000,-0.021338,17.018350,15.499487,-15.520825,-16.029979,-16.026026,13.456111
1783943516494,27.200000,-13.574958,16.762707,15.233902,-28.808860,-9.978127,-9.966294,14.112569
1783943516514,27.220000,20.751907,16.481331,14.944561,5.807346,-1.669357,-1.649017,13.892853
1783943516534,27.240000,21.252256,16.173334,14.630702,6.621554,6.616574,6.645993,13.107479
1783943516554,27.260000,40.424747,15.837843,14.291590,26.133157,12.634359,12.673310,12.224973
1783943516574,27.280000,19.536741,15.474015,13.926531,5.610210,15.524810,15.573582,11.790840
1783943516594,27.300000,32.158287,15.081051,13.534882,18.623405,15.808958,15.867652,12.201350
1783943516614,27.320000,24.716595,14.658208,13.116060,11.600535,14.446479,14.515000,13.448680
1783943516634,27.340000,30.215132,14.204811,12.669548,17.545584,12.229721,12.307772,15.070895
1783943516654,27.360000,23.971323,13.720268,12.194911,11.776412,9.811041,9.898127,16.369217
1783943516674,27.380000,23.573864,13.204082,11.691796,11.882068,7.853970,7.949400,16.714130
1783943516694,27.400000,13.278677,12.655860,11.159947,2.118730,6.897384,7.000276,15.736316
1783943516714,27.420000,29.776619,12.075327,10.599204,19.177415,7.009223,7.118510,13.363629
1783943516734,27.440000,15.518893,11.462335,10.009514,5.509379,7.772427,7.886870,9.790164
1783943516754,27.460000,30.566818,10.816871,9.390936,21.175882,8.655717,8.773917,5.427974
1783943516774,27.480000,16.411934,10.139069,8.743643,7.668291,9.295653,9.416070,0.822826
1783943516794,27.500000,31.496872,9.429213,8.067928,23.428944,9.589288,9.710263,-3.477216
1783943516814,27.520000,17.988363,8.687744,7.364204,10.624159,9.745608,9.865390,-7.052184
1783943516834,27.540000,27.607702,7.915268,6.633012,20.974690,10.260566,10.377337,-9.679154
1783943516854,27.560000,13.370546,7.112554,5.875015,7.495531,11.620161,11.732070,-11.336247
1783943516874,27.580000,26.527044,6.280543,5.091009,21.436035,13.741775,13.846965,-12.165123
1783943516894,27.600000,23.718510,5.420343,4.281913,19.436597,15.638186,15.734832,-12.394554
1783943516914,27.620000,32.178276,4.533232,3.448779,28.729497,15.785628,15.871964,-12.232684
1783943516934,27.640000,22.581760,3.620657,2.592783,19.988977,12.986274,13.060629,-11.784902
1783943516954,27.660000,12.724919,2.684228,1.715232,11.009687,6.977211,7.038043,-11.073813
1783943516974,27.680000,8.480054,1.725718,0.817560,7.662494,-1.609472,-1.563540,-10.158908
1783943516994,27.700000,-3.212027,0.747057,-0.098676,-3.113351,-11.499840,-11.469985,-9.241058
1783943517014,27.720000,-15.718867,-0.249676,-1.031791,-14.687076,-20.877524,-20.864683,-8.645964
1783943517034,27.740000,-25.981850,-1.262257,-1.979981,-24.001869,-27.685291,-27.690133,-8.705063
1783943517054,27.760000,-37.951805,-2.288324,-2.941317,-35.010488,-30.411691,-30.434608,-9.629209
1783943517074,27.780000,-18.866493,-3.325390,-3.913754,-14.952739,-28.892450,-28.933572,-11.420175
1783943517094,27.800000,-35.948090,-4.370845,-4.895126,-31.052964,-24.388045,-24.447298,-13.802231
1783943517114,27.820000,-0.996545,-5.421970,-5.883155,4.886610,-18.901858,-18.979051,-16.198290
1783943517134,27.840000,-19.257158,-6.475944,-6.875449,-12.381709,-14.089414,-14.184328,-17.814585
1783943517154,27.860000,-13.885173,-7.529856,-7.869501,-6.015672,-10.392265,-10.504662,-17.863554
1783943517174,27.880000,-18.880373,-8.580713,-8.859800,-10.020573,-7.302557,-7.432064,-15.863754
1783943517194,27.900000,-1.058026,-9.625451,-9.846417,8.788391,-4.217328,-4.363240,-11.847863
1783943517214,27.920000,-16.712267,-10.660950,-10.826619,-5.885648,-0.688575,-0.849718,-6.334850
1783943517234,27.940000,-4.688113,-11.684041,-11.797596,7.109483,3.569978,3.395256,-0.100908
1783943517254,27.960000,-0.922942,-12.691520,-12.756474,11.833533,8.414562,8.228315,6.077890
1783943517274,27.980000,2.354427,-13.680161,-13.700318,16.054745,13.285362,13.089954,11.591969
1783943517294,28.000000,5.451281,-14.646729,-14.626139,20.077420,17.580189,17.378209,16.074135
1783943517314,28.020000,5.946423,-15.587992,-15.530910,21.477333,20.880331,20.674532,19.398539
1783943517334,28.040000,6.123586,-16.500740,-16.411567,22.535153,22.940206,22.733462,21.600718
1783943517354,28.060000,8.084740,-17.381794,-17.265030,25.349770,23.615445,23.410720,22.768686
1783943517374,28.080000,6.896311,-18.228025,-18.088207,24.984518,22.915538,22.715852,22.979070
1783943517394,28.100000,-1.143681,-19.036370,-18.878015,17.734334,21.137626,20.946019,22.288092
1783943517414,28.120000,-5.982399,-19.803847,-19.631389,13.648990,18.714219,18.533709,20.736444
1783943517434,28.140000,-0.779676,-20.527572,-20.345301,19.565625,15.858872,15.692412,18.353743
1783943517454,28.160000,-17.880247,-21.204775,-21.016774,3.136527,12.514756,12.365178,15.185330
1783943517474,28.180000,-5.117217,-21.832822,-21.642903,16.525686,8.581220,8.451191,11.341939
1783943517494,28.200000,-27.052475,-22.409223,-22.220874,-4.831601,4.177306,4.069272,7.031377
1783943517514,28.220000,-26.186058,-22.931656,-22.747980,-3.438078,-0.273574,-0.357434,2.529711
1783943517534,28.240000,-34.087444,-23.397982,-23.221644,-10.865800,-4.363145,-4.420966,-1.893119
1783943517554,28.260000,-37.587800,-23.806257,-23.639440,-13.948360,-8.054242,-8.084518,-6.028200
1783943517574,28.280000,-38.843610,-24.154750,-23.999112,-14.844498,-11.677280,-11.678899,-9.724132
1783943517594,28.300000,-39.278072,-24.441957,-24.298600,-14.979472,-15.572526,-15.544807,-12.839753
1783943517614,28.320000,-50.813760,-24.666609,-24.536053,-26.277707,-19.565675,-19.508393,-15.213283
1783943517634,28.340000,-52.464850,-24.827691,-24.709856,-27.754994,-22.806988,-22.720395,-16.697166
1783943517654,28.360000,-65.070366,-24.924444,-24.818648,-40.251718,-24.291346,-24.176183,-17.236938
1783943517674,28.380000,-48.100480,-24.956379,-24.861338,-23.239142,-23.605861,-23.463362,-16.916730
1783943517694,28.400000,-54.535040,-24.923280,-24.837128,-29.697912,-21.108120,-20.940007,-15.900641
1783943517714,28.420000,-45.450874,-24.825209,-24.745521,-20.705353,-17.459517,-17.267989,-14.303884
1783943517734,28.440000,-45.268394,-24.662512,-24.586342,-20.682052,-13.210612,-12.998315,-12.119133
1783943517754,28.460000,-33.771202,-24.435815,-24.359745,-9.411457,-8.651636,-8.421638,-9.263343
1783943517774,28.480000,-46.649506,-24.146028,-24.066224,-22.583282,-3.843219,-3.598962,-5.694311
1783943517794,28.500000,-23.456715,-23.794341,-23.706619,0.249904,0.992786,1.247530,-1.506728
1783943517814,28.520000,-26.365177,-23.382217,-23.282120,-3.083057,5.177489,5.438678,3.053592
1783943517834,28.540000,-14.742994,-22.911389,-22.794270,8.051276,7.961640,8.225027,7.661059
1783943517854,28.560000,-20.620003,-22.383854,-22.244961,1.624958,9.120796,9.381997,12.005467
1783943517874,28.580000,-11.986927,-21.801860,-21.636429,9.649502,9.163768,9.418334,15.829196
1783943517894,28.600000,-30.360142,-21.167899,-20.971249,-9.388893,9.051812,9.295310,18.890184
1783943517914,28.620000,-15.520653,-20.484693,-20.252320,4.731667,9.403872,9.631961,20.920027
1783943517934,28.640000,-11.352829,-19.755184,-19.482858,8.130029,9.854434,10.062944,21.660967
1783943517954,28.660000,-10.455414,-18.982519,-18.666372,8.210958,9.449377,9.634387,20.990786
1783943517974,28.680000,-18.355362,-18.170035,-17.806650,-0.548712,7.488037,7.645950,19.031374
1783943517994,28.700000,-11.730217,-17.321242,-16.907735,5.177518,3.790812,3.918426,16.117437
1783943518014,28.720000,-22.603045,-16.439809,-15.973903,-6.629142,-1.365036,-1.270463,12.637446
1783943518034,28.740000,-24.029688,-15.529547,-15.009633,-9.020055,-7.253077,-7.193771,8.885199
1783943518054,28.760000,-34.670990,-14.594386,-14.019580,-20.651410,-12.904567,-12.882185,5.013924
1783943518074,28.780000,-20.803001,-13.638364,-13.008545,-7.794456,-17.388534,-17.404129,1.076709
1783943518094,28.800000,-43.591220,-12.665600,-11.981443,-31.609777,-19.786380,-19.840362,-2.889257
1783943518114,28.820000,-23.389626,-11.680279,-10.943267,-12.446359,-19.222469,-19.314595,-6.781182
1783943518134,28.840000,-34.359367,-10.686630,-9.899059,-24.460308,-15.235286,-15.364646,-10.397836
1783943518154,28.860000,-19.344670,-9.688909,-8.853867,-10.490803,-8.186264,-8.351287,-13.462021
1783943518174,28.880000,-4.975527,-8.691370,-7.812717,2.837190,0.539214,0.340744,-15.659640
1783943518194,28.900000,9.782013,-7.698256,-6.780577,16.562590,8.971992,8.742906,-16.661780
1783943518214,28.920000,7.569410,-6.713768,-5.762317,13.331727,15.546860,15.290565,-16.162783
1783943518234,28.940000,17.524210,-5.742051,-4.762685,22.286895,19.613265,19.333688,-13.987686
1783943518254,28.960000,19.251930,-4.787172,-3.786267,23.038197,21.232388,20.933910,-10.243450
1783943518274,28.980000,21.138206,-3.853104,-2.837463,23.975669,20.927353,20.614735,-5.399069
1783943518294,29.000000,19.280570,-2.943703,-1.920461,21.201031,19.554479,19.232781,-0.205918
1783943518314,29.020000,19.222641,-2.062695,-1.039207,20.261848,18.061691,17.736190,4.495973
1783943518334,29.040000,10.954680,-1.213657,-0.197391,11.152071,17.051554,16.727675,7.970300
1783943518354,29.060000,26.294874,-0.400005,0.601579,25.693295,16.332992,16.016242,9.720339
1783943518374,29.080000,15.416819,0.375023,1.354583,14.062236,14.966522,14.662436,9.576563
1783943518394,29.100000,19.665003,1.108378,2.058809,17.606194,11.812349,11.526424,7.720929
1783943518414,29.120000,13.604376,1.797212,2.711757,10.892619,6.041625,5.779217,4.610268
1783943518434,29.140000,17.081146,2.438890,3.309814,13.771332,-2.337790,-2.571638,0.816119
1783943518454,29.160000,-10.796726,3.030995,3.852674,-14.649400,-11.933154,-12.133905,-3.146931
1783943518474,29.180000,-10.212753,3.571342,4.338837,-14.551590,-20.202875,-20.366642,-6.948746
1783943518494,29.200000,-31.529530,4.057979,4.767106,-36.296636,-24.739586,-24.863196,-10.501335
1783943518514,29.220000,-9.530790,4.489199,5.136593,-14.667383,-24.649637,-24.730645,-13.900780
1783943518534,29.240000,-19.218895,4.863539,5.446701,-24.665596,-20.967321,-21.004002,-17.226400
1783943518554,29.260000,5.122715,5.179792,5.697124,-0.574409,-15.944732,-15.936081,-20.303762
1783943518574,29.280000,5.149861,5.437004,5.887830,-0.737969,-11.714129,-11.659869,-22.617071
1783943518594,29.300000,3.889645,5.634478,6.019051,-2.129406,-8.993185,-8.893767,-23.461390
1783943518614,29.320000,-6.708403,5.771777,6.091271,-12.799673,-6.872177,-6.728782,-22.271860
1783943518634,29.340000,3.357069,5.848727,6.105210,-2.748141,-4.015075,-3.829609,-18.945662
1783943518654,29.360000,12.735502,5.865410,6.061813,6.673689,0.089655,0.314583,-13.938592
1783943518674,29.380000,18.056103,5.822171,5.962230,12.093873,5.083679,5.344793,-8.049417
1783943518694,29.400000,11.755077,5.719610,5.807805,5.947272,10.304924,10.598327,-2.060688
1783943518714,29.420000,27.180347,5.558581,5.600056,21.580291,14.869419,15.190649,3.484983
1783943518734,29.440000,25.834236,5.340189,5.340662,20.493574,17.580377,17.924477,8.289094
1783943518754,29.460000,36.727642,5.065782,5.031451,31.696191,17.449750,17.811343,12.216095
1783943518774,29.480000,15.349277,4.736947,4.674375,10.674902,14.464528,14.837900,15.229966
1783943518794,29.500000,18.292736,4.355499,4.271506,14.021230,9.633231,10.012423,17.316107
1783943518814,29.520000,8.588816,3.923479,3.825017,4.763799,4.295235,4.674132,18.382917
1783943518834,29.540000,9.469980,3.443136,3.337168,6.132812,-0.406316,-0.033887,18.245432
1783943518854,29.560000,-3.516049,2.916923,2.810297,-6.326347,-3.618893,-3.259060,16.740780
1783943518874,29.580000,1.240509,2.347480,2.246811,-1.006302,-4.909798,-4.568551,13.879422
1783943518894,29.600000,-5.889532,1.737628,1.649169,-7.538701,-4.499544,-4.182633,9.912602
1783943518914,29.620000,4.176389,1.090349,1.019883,3.156506,-3.270982,-2.983823,5.301515
1783943518934,29.640000,5.319680,0.408779,0.361507,4.958173,-2.308261,-2.055852,0.644303
1783943518954,29.660000,-1.866908,-0.303814,-0.323371,-1.543536,-2.154628,-1.941469,-3.420769
1783943518974,29.680000,-8.926981,-1.044037,-1.032129,-7.894852,-2.604487,-2.434517,-6.361343
1783943518994,29.700000,-7.068133,-1.808391,-1.762114,-5.306019,-3.366336,-3.242881,-7.917866
1783943519014,29.720000,-0.683162,-2.593286,-2.510647,1.827485,-4.623232,-4.548962,-8.175351
1783943519034,29.740000,-5.316348,-3.395058,-3.275024,-2.041323,-6.627823,-6.604704,-7.457621
1783943519054,29.760000,-19.041897,-4.209982,-4.052515,-14.989382,-9.013555,-9.042791,-6.135429
1783943519074,29.780000,-12.645542,-5.034289,-4.840361,-7.805181,-10.890953,-10.972899,-4.523957
1783943519094,29.800000,-22.334417,-5.864182,-5.635781,-16.698636,-11.442454,-11.576501,-2.896704
1783943519114,29.820000,-11.293205,-6.695853,-6.435964,-4.857241,-10.210628,-10.395107,-1.492746
1783943519134,29.840000,-19.285015,-7.525496,-7.238071,-12.046944,-7.040010,-7.272160,-0.450292
1783943519154,29.860000,-15.226507,-8.349323,-8.039235,-7.187272,-2.102696,-2.378840,0.256224
1783943519174,29.880000,-11.832974,-9.163584,-8.836560,-2.996414,3.755816,3.439810,0.790079
1783943519194,29.900000,7.151293,-9.964573,-9.627121,16.778414,8.916024,8.563930,1.375220
1783943519214,29.920000,-2.382601,-10.748651,-10.407965,8.025364,11.748777,11.363027,2.244509
1783943519234,29.940000,1.734841,-11.512256,-11.176113,12.910954,11.579611,11.160596,3.596804
1783943519254,29.960000,-6.262522,-12.251920,-11.928565,5.666043,8.940915,8.487394,5.503399
1783943519274,29.980000,-5.381499,-12.964280,-12.662300,7.280801,5.308131,4.819730,7.797916
1783943519294,30.000000,-20.891937,-13.646092,-13.283213,-7.608724,2.672449,2.153695,10.061927
1783943519314,30.020000,-23.381557,-14.294249,-13.974994,-9.406563,2.684530,2.146818,11.742401
1783943519334,30.040000,-14.775367,-14.905786,-14.640057,-0.135310,5.532611,4.991628,12.335446
1783943519354,30.060000,-2.118313,-15.477899,-15.275364,13.157052,9.681296,9.152615,11.583301
1783943519374,30.080000,-3.824291,-16.007953,-15.877890,12.053600,12.977594,12.474060,9.633792
1783943519394,30.100000,-5.712364,-16.493494,-16.444634,10.732270,13.995390,13.526699,7.042151
1783943519414,30.120000,-10.199632,-16.932262,-16.972634,6.773002,12.458119,12.031505,4.536200
1783943519434,30.140000,-9.299816,-17.322197,-17.458987,8.159171,8.941493,8.562651,2.668854
1783943519454,30.160000,-21.633652,-17.661452,-17.900870,-3.732782,4.526127,4.199910,1.598754
1783943519474,30.180000,-24.861824,-17.948397,-18.295555,-6.566269,0.407092,0.137848,1.106397
1783943519494,30.200000,-26.026237,-18.181631,-18.640436,-7.385801,-2.637042,-2.845439,0.765982
1783943519514,30.220000,-24.535114,-18.359987,-18.933050,-5.602064,-4.463168,-4.607452,0.158382
1783943519534,30.240000,-32.209137,-18.482536,-19.171102,-13.038035,-5.318096,-5.395786,-0.950480
1783943519554,30.260000,-29.293190,-18.548593,-19.352488,-9.940702,-5.649941,-5.659495,-2.531635
1783943519574,30.280000,-26.308315,-18.557718,-19.475323,-6.832992,-6.085718,-6.026629,-4.340940
1783943519594,30.300000,-27.734219,-18.509722,-19.537958,-8.196261,-7.146940,-7.019766,-6.034683
1783943519614,30.320000,-35.205677,-18.404661,-19.539008,-15.666669,-8.870506,-8.676864,-7.282487
1783943519634,30.340000,-29.679953,-18.242840,-19.477375,-10.202578,-10.842840,-10.585367,-7.861633
1783943519654,30.360000,-38.409530,-18.024810,-19.352263,-19.057267,-12.485135,-12.167429,-7.722288
1783943519674,30.380000,-32.708263,-17.751362,-19.163198,-13.545065,-13.273155,-12.899708,-6.986964
1783943519694,30.400000,-36.937756,-17.423522,-18.910043,-18.027713,-12.921537,-12.497655,-5.875371
1783943519714,30.420000,-31.492744,-17.042548,-18.593010,-12.899734,-11.526199,-11.057913,-4.604523
1783943519734,30.440000,-37.083527,-16.609915,-18.212668,-18.870859,-9.687123,-9.181089,-3.322120
1783943519754,30.460000,-20.100807,-16.127311,-17.769948,-2.330859,-8.542455,-8.005846,-2.086355
1783943519774,30.480000,-24.648127,-15.596625,-17.266143,-7.381984,-9.292953,-8.733338,-0.870992
1783943519794,30.500000,-23.761154,-15.019932,-16.702904,-7.058250,-12.280521,-11.705742,0.409744
1783943519814,30.520000,-32.289860,-14.399483,-16.082237,-16.207623,-16.461336,-15.879378,1.832622
1783943519834,30.540000,-36.020546,-13.737688,-15.406484,-20.614062,-19.744919,-19.163779,3.358801
1783943519854,30.560000,-47.496452,-13.037102,-14.678311,-32.818141,-20.059438,-19.486996,4.762602
1783943519874,30.580000,-21.890130,-12.300411,-13.900690,-7.989440,-16.585616,-16.029506,5.688895
1783943519894,30.600000,-25.184164,-11.530409,-13.076870,-12.107294,-10.104612,-9.572106,5.855064
1783943519914,30.620000,-6.735903,-10.729986,-12.210355,5.474452,-2.255043,-1.752936,5.276605
1783943519934,30.640000,-0.621032,-9.902111,-11.304871,10.683839,5.394678,5.860162,4.340987
1783943519954,30.660000,5.415430,-9.049807,-10.364334,15.779764,11.958537,12.381831,3.654851
1783943519974,30.680000,8.885531,-8.176143,-9.392816,18.278347,17.374078,17.750337,3.756493
1783943519994,30.700000,18.383072,-7.284210,-8.394509,26.777581,22.047069,22.372213,4.874895
1783943520014,30.720000,13.608662,-6.377106,-7.373692,20.982354,26.338604,26.609349,6.851740
1783943520034,30.740000,29.590864,-5.457919,-6.334689,35.925553,30.102627,30.316501,9.227309
1783943520054,30.760000,33.514290,-4.529714,-5.281841,38.796131,32.598895,32.754264,11.430432
1783943520074,30.780000,36.194138,-3.595518,-4.219465,40.413603,33.071877,33.167982,12.979695
1783943520094,30.800000,30.182995,-2.658305,-3.151829,33.334824,31.396694,31.433715,13.595990
1783943520114,30.820000,27.966457,-1.720986,-2.083119,30.049576,28.074497,28.053623,13.177726
1783943520134,30.840000,22.070887,-0.786397,-1.017412,23.088299,23.716765,23.640225,11.692260
1783943520154,30.860000,24.969189,0.142709,0.041339,24.927850,18.612857,18.483828,9.109101
1783943520174,30.880000,22.212198,1.063668,1.085429,21.126769,12.845220,12.667549,5.443857
1783943520194,30.900000,11.688739,1.973918,2.115593,9.573146,6.807324,6.585172,0.848465
1783943520214,30.920000,0.866525,2.870998,3.128417,-2.261893,1.307661,1.045263,-4.371517
1783943520234,30.940000,1.977184,3.752556,4.120676,-2.143492,-3.079407,-3.377784,-9.844092
1783943520254,30.960000,4.282255,4.616353,5.089344,-0.807089,-6.556848,-6.886842,-15.223025
1783943520274,30.980000,-1.845597,5.460263,6.031600,-7.877197,-9.821000,-10.178085,-20.187117
1783943520294,31.000000,-5.351463,6.282277,6.944838,-12.296301,-13.476680,-13.856144,-24.392374
1783943520314,31.020000,0.971513,7.080505,7.826664,-6.855151,-17.703226,-18.100192,-27.488169
1783943520334,31.040000,-18.254470,7.853178,8.674903,-26.929373,-22.022952,-22.432435,-29.209879
1783943520354,31.060000,-13.236053,8.598644,9.487597,-22.723650,-25.401933,-25.818919,-29.473755
1783943520374,31.080000,-22.161488,9.315375,10.263005,-32.424493,-26.902620,-27.322140,-28.410889
1783943520394,31.100000,-5.773777,10.001965,10.999605,-16.773382,-26.203663,-26.620863,-26.312302
1783943520414,31.120000,-20.682690,10.657127,11.696087,-32.378777,-23.541149,-23.951353,-23.495642
1783943520434,31.140000,-4.582934,11.279702,12.351355,-16.934289,-19.583469,-19.982226,-20.175560
1783943520454,31.160000,1.305529,11.868650,12.964520,-11.658991,-15.402511,-15.785644,-16.426409
1783943520474,31.180000,4.724260,12.423059,13.534902,-8.810641,-12.010356,-12.373998,-12.227269
1783943520494,31.200000,6.604396,12.942141,14.062020,-7.457623,-9.693866,-10.034497,-7.536544
1783943520514,31.220000,4.120351,13.425235,14.545592,-10.425241,-7.899131,-8.213610,-2.382604
1783943520534,31.240000,5.110006,13.871807,14.985528,-9.875521,-5.753205,-6.038797,3.042992
1783943520554,31.260000,13.703125,14.281451,15.381923,-1.678798,-2.754475,-3.008876,8.361720
1783943520574,31.280000,21.269842,14.653889,15.735054,5.534788,1.019304,0.797949,13.115768
1783943520594,31.300000,22.755589,14.988974,16.045369,6.710220,5.326560,5.139646,16.949549
1783943520614,31.320000,23.917704,15.286687,16.313478,7.604226,10.101440,9.949890,19.726707
1783943520634,31.340000,23.693874,15.547137,16.540151,7.153723,15.128482,15.012748,21.499376
1783943520654,31.360000,41.333225,15.770563,16.726299,24.606926,19.467541,19.387612,22.390467
1783943520674,31.380000,41.421013,15.957329,16.872969,24.548044,21.605397,21.560802,22.526403
1783943520694,31.400000,41.426823,16.107926,16.981334,24.445489,20.401185,20.391017,22.053110
1783943520714,31.420000,40.135735,16.222965,17.052676,23.083059,15.916054,15.938988,21.136606
1783943520734,31.440000,18.734993,16.303177,17.088378,1.646615,9.524122,9.578448,19.877052
1783943520754,31.460000,21.034649,16.349409,17.089910,3.944739,3.191558,3.275212,18.195126
1783943520774,31.480000,12.360490,16.362617,17.058817,-4.698327,-1.581649,-1.471046,15.824384
1783943520794,31.500000,10.448599,16.343864,16.996707,-6.548108,-4.338122,-4.203219,12.464191
1783943520814,31.520000,16.710884,16.294311,16.905238,-0.194354,-5.605609,-5.449282,8.006095
1783943520834,31.540000,12.655262,16.215213,16.786109,-4.130847,-6.350299,-6.175599,2.689355
1783943520854,31.560000,11.798131,16.107912,16.641045,-4.842914,-7.237820,-7.047924,-2.917131
1783943520874,31.580000,7.043213,15.973829,16.471790,-9.428577,-8.297597,-8.095758,-8.098201
1783943520894,31.600000,14.802040,15.814457,16.280098,-1.478058,-9.010352,-8.799843,-12.231008
1783943520914,31.620000,0.526338,15.631352,16.067719,-15.541382,-8.460713,-8.244782,-14.951446
1783943520934,31.640000,6.075696,15.426126,15.836400,-9.760704,-5.782874,-5.564694,-16.194273
1783943520954,31.660000,15.701736,15.200440,15.587870,0.113866,-0.899376,-0.681996,-16.130941
1783943520974,31.680000,19.844187,14.955992,15.323836,4.520351,5.279028,5.492722,-15.039971
1783943520994,31.700000,30.847385,14.694510,15.045980,15.801405,11.414281,11.621605,-13.156728
1783943521014,31.720000,25.982132,14.417742,14.755949,11.226183,16.370761,16.569270,-10.592489
1783943521034,31.740000,31.788315,14.127450,14.455358,17.332957,19.393749,19.581262,-7.392928
1783943521054,31.760000,38.324680,13.825395,14.145775,24.178905,20.025234,20.199859,-3.674896
1783943521074,31.780000,28.654530,13.513332,13.828729,14.825801,18.279077,18.439233,0.295466
1783943521094,31.800000,17.500130,13.192997,13.505699,3.994431,14.728595,14.873015,4.118840
1783943521114,31.820000,28.613743,12.866099,13.178112,15.435631,10.045662,10.173404,7.321476
1783943521134,31.840000,13.655251,12.534311,12.847345,0.807906,4.788822,4.899271,9.443774
1783943521154,31.860000,10.712016,12.199258,12.514714,-1.802698,-0.252193,-0.159336,10.162094
1783943521174,31.880000,-0.505615,11.862508,12.181480,-12.687095,-4.056296,-3.981024,9.384497
1783943521194,31.900000,2.361781,11.525565,11.848841,-9.487061,-5.900222,-5.842242,7.251854
1783943521214,31.920000,-3.559215,11.189859,11.517931,-15.077147,-5.806692,-5.765444,4.076585
1783943521234,31.940000,1.879680,10.856734,11.189818,-9.310138,-4.642846,-4.617540,0.299002
1783943521254,31.960000,12.734829,10.527449,10.865499,1.869330,-3.737303,-3.726950,-3.533265
1783943521274,31.980000,5.926662,10.203164,10.545902,-4.619240,-3.901362,-3.904817,-6.810834
1783943521294,32.000000,-2.900238,9.884935,10.231878,-13.132116,-4.649318,-4.665313,-8.976841
1783943521314,32.020000,-7.392067,9.573713,9.924202,-17.316269,-4.697946,-4.725126,-9.708668
1783943521334,32.040000,-1.428183,9.270335,9.623568,-11.051751,-3.306766,-3.343696,-9.063751
1783943521354,32.060000,4.553493,8.975525,9.330587,-4.777094,-1.027653,-1.072827,-7.438310
1783943521374,32.080000,4.836919,8.689891,9.045788,-4.208869,0.656963,0.605137,-5.327311
1783943521394,32.100000,13.805520,8.413922,8.769611,5.035909,0.264243,0.207446,-3.073348
1783943521414,32.120000,-0.660783,8.147991,8.502407,-9.163190,-2.797448,-2.857500,-0.794612
1783943521434,32.140000,-4.048380,7.892356,8.242673,-12.291054,-7.919007,-7.980686,1.491601
1783943521454,32.160000,-16.052626,7.647162,7.992604,-24.045230,-13.840658,-13.902568,3.682412
1783943521474,32.180000,-12.829564,7.412447,7.752273,-20.581837,-19.484309,-19.545374,5.499584
1783943521494,32.200000,-21.778214,7.188144,7.521659,-29.299873,-24.299237,-24.358687,6.572290
1783943521514,32.220000,-15.534191,6.974092,7.300660,-22.834851,-28.016491,-28.073803,6.632624
1783943521534,32.240000,-30.977844,6.770039,7.089092,-38.066936,-30.248073,-30.302908,5.671514
1783943521554,32.260000,-26.468891,6.575656,6.886696,-33.355587,-30.510149,-30.562303,3.942736
1783943521574,32.280000,-15.302321,6.390541,6.693147,-21.995467,-28.564872,-28.614256,1.850557
1783943521594,32.300000,-23.879229,6.214236,6.508059,-30.387288,-24.399814,-24.446446,-0.159757
1783943521614,32.320000,-15.597741,6.046236,6.330997,-21.928738,-18.156531,-18.200527,-1.666264
1783943521634,32.340000,0.741655,5.886000,6.161488,-5.419833,-10.461120,-10.502696,-2.323407
1783943521654,32.360000,6.714251,5.732966,5.999030,0.715220,-2.375594,-2.415053,-1.905350
1783943521674,32.380000,15.227649,5.586565,5.843106,9.384543,5.240767,5.203043,-0.314791
1783943521694,32.400000,18.963570,5.446232,5.693195,13.270375,12.104641,12.068209,2.417514
1783943521714,32.420000,24.117890,5.311422,5.548786,18.569104,18.298393,18.262767,6.094610
1783943521734,32.440000,31.687723,5.181619,5.409390,26.278333,23.821472,23.786140,10.315684
1783943521754,32.460000,37.602097,5.056352,5.274553,32.327544,28.332363,28.296804,14.526471
1783943521774,32.480000,46.074684,4.935201,5.143865,40.930819,31.330773,31.294477,18.157965
1783943521794,32.500000,42.808380,4.817811,5.016972,37.791408,32.631864,32.594347,20.766860
1783943521814,32.520000,39.053486,4.703901,4.893588,34.159898,32.587965,32.548784,22.090822
1783943521834,32.540000,37.022630,4.593266,4.773496,32.249134,31.674278,31.633047,22.003458
1783943521854,32.560000,40.057415,4.485788,4.656561,35.400854,29.871556,29.827957,20.446936
1783943521874,32.580000,38.607670,4.381437,4.542732,34.064938,26.608078,26.561873,17.433558
1783943521894,32.600000,36.786270,4.280276,4.432048,32.354222,21.370636,21.321678,13.112793
1783943521914,32.620000,25.328674,4.182456,4.324636,21.004038,14.425382,14.373621,7.805325
1783943521934,32.640000,14.156271,4.088222,4.220715,9.935556,6.995152,6.940645,1.928142
1783943521954,32.660000,1.195002,3.997906,4.120593,-2.925591,0.617952,0.560872,-4.149897
1783943521974,32.680000,4.690626,3.911923,4.024669,0.665957,-3.862706,-3.922060,-10.200884
1783943521994,32.700000,5.332155,3.830771,3.933423,1.398732,-6.692686,-6.753877,-16.087282
1783943522014,32.720000,3.663002,3.755017,3.847420,-0.184418,-8.575329,-8.637775,-21.605474
1783943522034,32.740000,-3.283835,3.685294,3.767297,-7.051132,-9.804916,-9.867887,-26.381104
1783943522054,32.760000,-9.621954,3.622293,3.693762,-13.315716,-10.153394,-10.216043,-29.942535
1783943522074,32.780000,-1.797874,3.566753,3.627587,-5.425461,-9.457723,-9.519132,-31.918913
1783943522094,32.800000,3.597142,3.519451,3.569599,0.027542,-7.920858,-7.980131,-32.174152
1783943522114,32.820000,-2.667521,3.481192,3.520674,-6.188195,-5.702573,-5.758936,-30.777334
1783943522134,32.840000,2.011857,3.452799,3.481726,-1.469868,-2.623541,-2.676406,-27.905302
1783943522154,32.860000,-4.513441,3.435102,3.453699,-7.967140,1.408940,1.360027,-23.808070
1783943522174,32.880000,10.206682,3.428929,3.437559,6.769123,5.716587,5.672202,-18.829498
1783943522194,32.900000,15.581316,3.435091,3.434283,12.147033,8.776941,8.738301,-13.375751
1783943522214,32.920000,12.468702,3.454375,3.444846,9.023856,9.041252,9.010899,-7.809095
1783943522234,32.940000,7.522347,3.487534,3.470213,4.052133,5.811250,5.793603,-2.382938
1783943522254,32.960000,6.342828,3.535275,3.511326,2.831502,-0.500559,-0.499375,2.700659
1783943522274,32.980000,-16.262620,3.598248,3.569091,-19.831711,-8.537294,-8.511093,7.174838
1783943522294,33.000000,-11.213959,3.677042,3.580301,-14.794260,-16.497838,-16.443253,10.658125
1783943522314,33.020000,-28.364250,3.772172,3.670864,-32.035114,-22.770283,-22.688477,12.732440
1783943522334,33.040000,-27.014538,3.884072,3.780547,-30.795085,-26.337313,-26.232674,13.103316
1783943522354,33.060000,-23.336823,4.013094,3.910031,-27.246854,-26.925660,-26.803116,11.755807
1783943522374,33.080000,-22.611015,4.159494,4.059900,-26.670915,-24.766125,-24.629463,9.037644
1783943522394,33.100000,-21.697884,4.323433,4.230633,-25.928517,-20.151645,-20.003201,5.620426
1783943522414,33.120000,-15.649382,4.504975,4.422593,-20.071975,-13.415357,-13.256439,2.336786
1783943522434,33.140000,-8.994313,4.704080,4.636016,-13.630329,-5.311239,-5.142734,-0.042608
1783943522454,33.160000,9.913612,4.920608,4.871006,5.042606,2.830819,3.007963,-0.982992
1783943522474,33.180000,0.350080,5.154316,5.127526,-4.777446,9.434348,9.618862,-0.242449
1783943522494,33.200000,20.924350,5.404861,5.405393,15.518957,13.047449,13.237676,2.140958
1783943522514,33.220000,21.464588,5.671801,5.704279,15.760309,12.740937,12.934890,5.872225
1783943522534,33.240000,11.513463,5.954598,6.023703,5.489760,8.835022,9.030491,10.436278
1783943522554,33.260000,-2.266562,6.252625,6.363039,-8.629601,3.064313,3.258968,15.145596
1783943522574,33.280000,0.298636,6.565166,6.721511,-6.422875,-2.457047,-2.265570,19.190035
1783943522594,33.300000,-6.998450,6.891425,7.098203,-14.096653,-6.384883,-6.198925,21.739737
1783943522614,33.320000,1.740219,7.230529,7.492062,-5.751843,-8.420244,-8.242077,22.159119
1783943522634,33.340000,2.399995,7.581537,7.901907,-5.501912,-8.788882,-8.620678,20.259836
1783943522654,33.360000,-4.961514,7.943446,8.326436,-13.287950,-7.538107,-7.381907,16.405752
1783943522674,33.380000,2.485443,8.315198,8.764242,-6.278798,-4.456301,-4.313983,11.371139
1783943522694,33.400000,-4.295248,8.695691,9.213820,-13.509069,0.262626,0.389378,6.048285
1783943522714,33.420000,19.199556,9.083780,9.673586,9.525970,5.371639,5.481359,1.191960
1783943522734,33.440000,28.409746,9.478293,10.141888,18.267858,8.909812,9.001280,-2.665983
1783943522754,33.460000,23.523994,9.878036,10.617024,12.906970,9.630454,9.702714,-5.166463
1783943522774,33.480000,12.855002,10.281801,11.097256,1.757746,7.978508,8.030882,-6.113483
1783943522794,33.500000,19.715034,10.688373,11.580828,8.134206,5.524858,5.556950,-5.588505
1783943522814,33.520000,13.342182,11.096541,12.065982,1.276200,3.875263,3.886960,-4.047486
1783943522834,33.540000,9.103771,11.505103,12.550970,-3.447199,3.979287,3.970751,-2.221300
1783943522854,33.560000,28.451992,11.912877,13.034076,15.417916,5.736885,5.708542,-0.837766
1783943522874,33.580000,22.838354,12.318702,13.513622,9.324732,8.224246,8.176768,-0.342086
1783943522894,33.600000,32.173546,12.721448,13.987987,18.185559,10.538035,10.472318,-0.765664
1783943522914,33.620000,17.829624,13.120020,14.455616,3.374008,12.233894,12.151030,-1.794675
1783943522934,33.640000,28.410470,13.513367,14.915028,13.495442,12.885215,12.786463,-2.997511
1783943522954,33.660000,36.694496,13.900481,15.364830,21.329666,11.654397,11.541155,-4.054936
1783943522974,33.680000,28.931232,14.280402,15.803720,13.127512,7.862469,7.736232,-4.828844
1783943522994,33.700000,22.274235,14.652225,16.230493,6.043742,1.934437,1.796763,-5.301107
1783943523014,33.720000,9.691585,15.015098,16.644044,-6.952459,-4.559050,-4.706580,-5.541417
1783943523034,33.740000,5.719099,15.368224,17.043374,-11.324275,-9.786433,-9.942249,-5.747321
1783943523054,33.760000,3.629826,15.710866,17.427585,-13.797759,-12.641524,-12.804095,-6.237405
1783943523074,33.780000,7.931188,16.042344,17.795887,-9.864699,-13.160770,-13.328615,-7.305491
1783943523094,33.800000,8.865086,16.362036,18.147589,-9.282503,-12.213790,-12.385481,-9.016315
1783943523114,33.820000,13.634937,16.669377,18.482101,-4.847164,-10.805019,-10.979162,-11.101306
1783943523134,33.840000,9.669113,16.963861,18.798930,-9.129817,-9.465251,-9.640479,-13.034865
1783943523154,33.860000,8.846699,17.245037,19.097673,-10.250974,-8.127352,-8.302344,-14.248691
1783943523174,33.880000,15.508278,17.512506,19.376694,-3.868416,-6.468917,-6.642472,-14.356965
1783943523194,33.900000,20.467373,17.765923,19.637158,0.830215,-4.125533,-4.296667,-13.262150
1783943523214,33.920000,22.267199,18.004993,19.878893,2.388306,-0.470499,-0.638503,-11.105046
1783943523234,33.940000,14.042969,18.229466,20.101796,-6.058827,5.355205,5.190779,-8.149505
1783943523254,33.960000,28.130253,18.439135,20.305821,7.824432,13.546881,13.386266,-4.713324
1783943523274,33.980000,44.664100,18.633835,20.490974,24.173126,22.721816,22.565091,-1.131677
1783943523294,34.000000,48.779640,18.813432,20.657303,28.122337,30.227912,30.075048,2.330395
1783943523314,34.020000,59.121273,18.977825,20.804888,38.316385,33.383379,33.234271,5.581541
1783943523334,34.040000,54.629738,19.126938,20.933833,33.695905,30.690250,30.544751,8.689060
1783943523354,34.060000,43.451584,19.260715,21.044256,22.407328,22.595624,22.453565,11.703709
1783943523374,34.080000,27.935837,19.379112,21.136280,6.799557,11.432983,11.294202,14.446373
1783943523394,34.100000,15.911724,19.482093,21.210022,-5.298298,0.467976,0.332348,16.419989
1783943523414,34.120000,0.737665,19.569626,21.265588,-20.527923,-7.461547,-7.594080,16.919981
1783943523434,34.140000,5.958441,19.641671,21.303064,-15.344623,-11.131157,-11.260547,15.310069
1783943523454,34.160000,2.795718,19.698179,21.322511,-18.526793,-11.358868,-11.484932,11.347930
1783943523474,34.180000,13.039540,19.739084,21.323956,-8.284416,-10.409441,-10.531826,5.401484
1783943523494,34.200000,16.142551,19.764298,21.307395,-5.164844,-10.658340,-10.776494,-1.562424
1783943523514,34.220000,-2.369729,19.773708,21.272787,-23.642516,-13.264888,-13.378037,-8.242737
1783943523534,34.240000,3.533087,19.767170,21.220056,-17.686969,-17.826000,-17.933129,-13.438023
1783943523554,34.260000,-13.314398,19.744508,21.149088,-34.463486,-23.006676,-23.106516,-16.447820
1783943523574,34.280000,-9.963281,19.705510,21.059742,-31.023023,-27.306474,-27.397500,-17.234900
1783943523594,34.300000,-17.600030,19.649932,20.951848,-38.551878,-29.610900,-29.691334,-16.288982
1783943523614,34.320000,-11.512487,19.577489,20.825215,-32.337702,-29.463236,-29.531058,-14.311978
1783943523634,34.340000,-9.279757,19.487868,20.679639,-29.959396,-26.965284,-27.018254,-11.911914
1783943523654,34.360000,-9.091071,19.380721,20.514912,-29.605983,-22.481464,-22.517151,-9.424973
1783943523674,34.380000,-2.048508,19.255672,20.330830,-22.379339,-16.524451,-16.540273,-6.900471
1783943523694,34.400000,12.562577,19.112324,20.127203,-7.564626,-9.762408,-9.755678,-4.204287
1783943523714,34.420000,10.928129,18.950260,19.903863,-8.975734,-2.736981,-2.704961,-1.146883
1783943523734,34.440000,15.391129,18.769054,19.660680,-4.269551,4.341533,4.401568,2.411002
1783943523754,34.460000,27.781311,18.568274,19.397563,8.383748,11.242186,11.332884,6.471960
1783943523774,34.480000,34.826927,18.347491,19.114472,15.712455,17.429967,17.553823,10.860500
1783943523794,34.500000,37.380524,18.106287,18.811428,18.569096,22.332589,22.491875,15.266099
1783943523814,34.520000,39.557250,17.844266,18.488515,21.068735,25.617929,25.814613,19.335358
1783943523834,34.540000,40.327934,17.561054,18.145884,22.182050,27.100897,27.336570,22.727568
1783943523854,34.560000,48.185337,17.256315,17.783762,30.401575,26.644148,26.919945,25.125313
1783943523874,34.580000,38.991940,16.929755,17.402446,21.589494,24.408827,24.725357,26.262407
1783943523894,34.600000,36.873320,16.581130,17.002309,19.871011,21.105577,21.462854,25.971855
1783943523914,34.620000,25.940570,16.210252,16.583795,9.356775,17.698064,18.095444,24.198318
1783943523934,34.640000,32.062430,15.816997,16.147416,15.915014,14.759579,15.195706,20.974250
1783943523954,34.660000,26.045324,15.401309,15.693751,10.351573,12.186098,12.658855,16.424540
1783943523974,34.680000,30.796870,14.963208,15.223435,15.573435,9.534319,10.040793,10.821874
1783943523994,34.700000,16.045025,14.502792,14.737157,1.307868,6.532935,7.069386,4.616787
1783943524014,34.720000,20.777100,14.020243,14.235651,6.541449,3.203948,3.765797,-1.636370
1783943524034,34.740000,11.725367,13.515830,13.719687,-1.994320,-0.342398,0.239427,-7.425278
1783943524054,34.760000,10.309223,12.989915,13.190064,-2.880841,-4.044103,-3.448561,-12.392041
1783943524074,34.780000,5.350983,12.442953,12.647597,-7.296614,-7.915956,-7.313766,-16.355860
1783943524094,34.800000,4.168509,11.875497,12.093113,-7.924604,-12.009195,-11.408195,-19.271917
1783943524114,34.820000,-3.867601,11.288200,11.527439,-15.395040,-16.260312,-15.669058,-21.178614
1783943524134,34.840000,-0.468508,10.681818,10.951390,-11.419898,-20.322304,-19.750000,-22.158346
1783943524154,34.860000,-18.862072,10.057212,10.365765,-29.227837,-23.534150,-22.990556,-22.317093
1783943524174,34.880000,-12.271992,9.415350,9.771334,-22.043326,-25.271912,-24.767246,-21.786255
1783943524194,34.900000,-12.388855,8.757310,9.168831,-21.557686,-25.451254,-24.996065,-20.718935
1783943524214,34.920000,-10.523376,8.084283,8.558947,-19.082323,-24.497983,-24.103018,-19.243551
1783943524234,34.940000,-13.001948,7.397571,7.942324,-20.944272,-22.918978,-22.595027,-17.399920
1783943524254,34.960000,-11.366005,6.698594,7.319545,-18.685550,-21.127819,-20.885549,-15.132332
1783943524274,34.980000,-3.792916,5.988891,6.691138,-10.484054,-19.464085,-19.313858,-12.362432
1783943524294,35.000000,-5.456142,5.270118,6.057564,-11.513706,-17.956763,-17.908441,-9.069538
1783943524314,35.020000,-7.327642,4.544052,5.419224,-12.746866,-16.019227,-16.081956,-5.320048
1783943524334,35.040000,1.494368,3.812593,4.776459,-3.282091,-12.562301,-12.744276,-1.266742
1783943524354,35.060000,-8.583691,3.077760,4.129551,-12.713242,-6.499718,-6.807925,2.859382
1783943524374,35.080000,11.808025,2.341694,3.478738,8.329287,2.523176,2.083234,6.781919
1783943524394,35.100000,18.621683,1.606656,2.824219,15.797464,13.582385,13.006954,10.260798
1783943524414,35.120000,31.235653,0.875021,2.166176,29.069477,24.658791,23.946095,13.197021
1783943524434,35.140000,44.695180,0.149280,1.503486,43.191694,33.380987,32.531381,15.684863
1783943524454,35.160000,49.587160,-0.567969,0.837513,48.749647,37.981605,36.997664,17.955957
1783943524474,35.180000,39.942223,-1.274030,0.168565,39.773658,38.117498,37.004093,20.217886
1783943524494,35.200000,39.558260,-1.966109,-0.502955,40.061215,34.893423,33.657823,22.459770
1783943524514,35.220000,27.357605,-2.641333,-1.176519,28.534124,30.101681,28.753648,24.339167
1783943524534,35.240000,24.780346,-3.296755,-1.851427,26.631773,25.329676,23.881528,25.237543
1783943524554,35.260000,21.922192,-3.929372,-2.526773,24.448965,21.374424,19.841043,24.487059
1783943524574,35.280000,18.963108,-4.536136,-3.201400,22.164508,18.199015,16.597790,21.660654
1783943524594,35.300000,11.534954,-5.113970,-3.873858,15.408812,15.281994,13.632702,16.767408
1783943524614,35.320000,16.413355,-5.659790,-4.542365,20.955720,11.997315,10.321933,10.264504
1783943524634,35.340000,-1.450183,-6.170519,-5.204770,3.754587,7.954212,6.276669,2.907441
1783943524654,35.360000,0.888556,-6.643108,-5.858515,6.747071,3.129947,1.475817,-4.476721
1783943524674,35.380000,-4.591359,-7.074559,-6.500611,1.909252,-2.212214,-3.816073,-11.190567
1783943524694,35.400000,-17.360163,-7.461941,-7.127614,-10.232549,-7.482981,-9.008841,-16.773226
1783943524714,35.420000,-21.383585,-7.802416,-7.735613,-13.647972,-11.854946,-13.274662,-21.014175
1783943524734,35.440000,-24.107765,-8.093257,-8.320228,-15.787537,-14.702665,-15.988169,-23.909079
1783943524754,35.460000,-24.454924,-8.331872,-8.876615,-15.578309,-15.870098,-16.993923,-25.579748
1783943524774,35.480000,-25.833221,-8.515824,-9.399484,-16.433737,-15.533293,-16.469112,-26.169647
1783943524794,35.500000,-29.487804,-8.642849,-9.883134,-19.604670,-14.041236,-14.764410,-25.760390
1783943524814,35.520000,-18.136326,-8.710879,-10.321491,-7.814835,-11.906613,-12.394734,-24.363626
1783943524834,35.540000,-26.643870,-8.718058,-10.708166,-15.935704,-9.684199,-9.917622,-21.971046
1783943524854,35.560000,-24.036186,-8.662762,-11.036524,-12.999662,-7.839381,-7.801719,-18.614622
1783943524874,35.580000,-15.466473,-8.543611,-11.299758,-4.166715,-6.825816,-6.504407,-14.414008
1783943524894,35.600000,-21.192028,-8.359487,-11.490982,-9.701046,-6.936164,-6.322473,-9.590713
1783943524914,35.620000,-23.905157,-8.109547,-11.603331,-12.301826,-7.954872,-7.044841,-4.445696
1783943524934,35.640000,-23.614979,-7.793233,-11.630062,-11.984917,-9.234213,-8.028524,0.672643
1783943524954,35.660000,-27.294472,-7.410281,-11.564672,-15.729800,-10.077171,-8.581429,5.392803
1783943524974,35.680000,-27.355438,-6.960732,-11.401013,-15.954425,-10.054007,-8.278826,9.359771
1783943524994,35.700000,-25.460064,-6.444935,-11.133411,-14.326653,-9.236656,-7.197647,12.309243
1783943525014,35.720000,-18.416666,-5.863553,-10.756785,-7.659881,-8.173344,-5.891015,14.144351
1783943525034,35.740000,-20.897573,-5.217564,-10.266765,-10.630808,-7.446314,-4.945883,14.969409
1783943525054,35.760000,-12.923191,-4.508259,-9.659802,-3.263389,-7.104237,-4.415396,15.058171
1783943525074,35.780000,-20.768183,-3.737247,-8.933271,-11.834912,-6.365031,-3.521666,14.756284
1783943525094,35.800000,-21.722618,-2.906444,-8.085570,-13.637048,-3.933993,-0.973857,14.348043
1783943525114,35.820000,-13.189651,-2.018070,-7.116199,-6.073452,1.017592,4.053295,13.956184
1783943525134,35.840000,-0.560475,-1.074642,-6.025829,5.465354,8.032115,11.099336,13.552649
1783943525154,35.860000,2.156408,-0.078965,-4.816361,6.972769,15.417530,18.470313,13.083568
1783943525174,35.880000,21.517849,0.965879,-3.490957,25.008806,20.881403,23.873285,12.603852
1783943525194,35.900000,19.713924,2.056544,-2.054062,21.767986,22.438284,25.324152,12.300957
1783943525214,35.920000,21.575691,3.189436,-0.511402,22.087093,19.394063,22.132179,12.381131
1783943525234,35.940000,2.606104,4.360724,1.130031,1.476073,12.699704,15.253154,12.888728
1783943525254,35.960000,4.537939,5.566359,2.862022,1.675916,4.280540,6.616931,13.561564
1783943525274,35.980000,-4.893739,6.802091,4.675190,-9.568929,-3.968025,-1.879938,13.829861
1783943525294,36.000000,-6.438236,8.063492,6.424792,-12.863028,-10.684587,-8.880220,13.012070
1783943525314,36.020000,-11.432763,9.345970,8.387631,-19.820394,-15.096718,-13.617400,10.614934
1783943525334,36.040000,-11.351090,10.644795,10.399070,-21.750159,-17.034581,-15.922329,6.554745
1783943525354,36.060000,-9.413734,11.955120,12.445746,-21.859480,-16.975317,-16.265303,1.192555
1783943525374,36.080000,-0.464843,13.272002,14.513671,-14.978514,-15.907606,-15.623929,-4.780040
1783943525394,36.100000,2.173446,14.590433,16.588391,-14.414945,-14.811699,-14.966868,-10.512492
1783943525414,36.120000,4.403455,15.905357,18.655165,-14.251710,-13.997602,-14.593825,-15.177097
1783943525434,36.140000,-3.652213,17.211701,20.699145,-24.351358,-12.970231,-14.001093,-18.155214
1783943525454,36.160000,12.408249,18.504398,22.705564,-10.297315,-11.033140,-12.484928,-19.193007
1783943525474,36.180000,8.770065,19.778416,24.659929,-15.889864,-7.918118,-9.770623,-18.438340
1783943525494,36.200000,25.804130,21.028784,26.548205,-0.744075,-3.856167,-6.083113,-16.314200
1783943525514,36.220000,14.278707,22.250617,28.357005,-14.078297,0.575950,-1.993352,-13.315800
1783943525534,36.240000,47.428980,23.439143,30.073758,17.355222,4.534629,1.660559,-9.866176
1783943525554,36.260000,29.112648,24.589729,31.686877,-2.574229,7.267388,4.131189,-6.270394
1783943525574,36.280000,42.034830,25.697907,33.185907,8.848923,8.557273,5.206010,-2.737330
1783943525594,36.300000,38.497505,26.759397,34.561651,3.935854,8.600412,5.084786,0.555683
1783943525614,36.320000,45.414555,27.770130,35.806282,9.608273,7.693052,4.066503,3.398919
1783943525634,36.340000,47.281000,28.726269,36.913431,10.367569,6.339895,2.657631,5.551915
1783943525654,36.360000,39.698650,29.624233,37.878245,1.820405,5.500822,1.818811,6.816603
1783943525674,36.380000,35.634842,30.460712,38.697425,-3.062583,6.265345,2.639309,7.092617
1783943525694,36.400000,46.795395,31.232685,39.369240,7.426155,8.887177,5.371603,6.366617
1783943525714,36.420000,58.446880,31.937436,39.893506,18.553374,12.314782,8.961961,4.714670
1783943525734,36.440000,62.669190,32.572568,40.271550,22.397640,15.012445,11.871566,2.372979
1783943525754,36.460000,55.938400,33.136010,40.506144,15.432256,16.156867,13.273178,-0.219949
1783943525774,36.480000,54.709320,33.626031,40.601417,14.107903,15.883861,13.297909,-2.546520
1783943525794,36.500000,55.492250,34.041241,40.562748,14.929502,14.612752,12.359718,-4.254768
1783943525814,36.520000,63.344536,34.380603,40.396642,22.947894,12.575071,10.684221,-5.306991
1783943525834,36.540000,44.638084,34.643427,40.110587,4.527497,10.003903,8.498150,-5.912287
1783943525854,36.560000,58.674660,34.829374,39.712906,18.961754,7.299473,6.195070,-6.353268
1783943525874,36.580000,42.232002,34.938454,39.212592,3.019410,4.904544,4.210906,-6.863132
1783943525894,36.600000,46.329254,34.971020,38.619149,7.710105,3.164934,2.884598,-7.586539
1783943525914,36.620000,47.164314,34.927761,37.942420,9.221894,2.186190,2.314896,-8.570840
1783943525934,36.640000,41.738810,34.809695,37.192427,4.546383,1.849323,2.376230,-9.754493
1783943525954,36.660000,39.728990,34.618156,36.379208,3.349782,1.898149,2.806163,-10.976987
1783943525974,36.680000,47.837215,34.354786,35.512671,12.324544,1.871803,3.138016,-12.023389
1783943525994,36.700000,40.635950,34.021514,34.602447,6.033503,1.278090,2.874310,-12.678413
1783943526014,36.720000,37.344265,33.620547,33.657764,3.686501,-0.040121,1.853248,-12.772442
1783943526034,36.740000,34.850388,33.154351,32.687339,2.163049,-1.930412,0.223270,-12.225043
1783943526054,36.760000,36.450390,32.625634,31.699274,4.751116,-4.156555,-1.782634,-11.081136
1783943526074,36.780000,27.510610,32.037322,30.700980,-3.190370,-6.362028,-3.810388,-9.502022
1783943526094,36.800000,21.691380,31.392547,29.699116,-8.007736,-8.082723,-5.397504,-7.705531
1783943526114,36.820000,20.183780,30.694621,28.699546,-8.515766,-9.175210,-6.401333,-5.908888
1783943526134,36.840000,30.388205,29.947017,27.707311,2.680894,-10.090585,-7.272914,-4.288765
1783943526154,36.860000,11.295696,29.153346,26.726623,-15.430927,-11.450847,-8.633411,-2.928795
1783943526174,36.880000,24.578913,28.317340,25.759878,-1.180965,-13.507954,-10.733248,-1.784493
1783943526194,36.900000,2.814966,27.442823,24.810443,-21.995477,-16.026203,-13.334586,-0.726088
1783943526214,36.920000,11.959719,26.533698,23.880206,-11.920487,-18.448996,-15.878140,0.356818
1783943526234,36.940000,6.427097,25.593920,22.970351,-16.543254,-20.084704,-17.669086,1.485014
1783943526254,36.960000,5.033974,24.627477,22.081417,-17.047443,-20.052992,-17.823426,2.613048
1783943526274,36.980000,-6.880381,23.638370,21.213366,-28.093746,-17.394049,-15.377294,3.691437
1783943526294,37.000000,7.138178,22.630595,20.365654,-13.227476,-11.842208,-10.060655,4.695814
1783943526314,37.020000,14.792053,21.608120,19.537314,-4.745261,-4.460120,-2.931573,5.638044
1783943526334,37.040000,25.815306,20.574873,18.727030,7.088276,2.833010,4.095464,6.612799
1783943526354,37.060000,22.227386,19.534718,17.933224,4.294162,8.353168,9.341198,7.842277
1783943526374,37.080000,28.502844,18.491440,17.154137,11.348707,11.305889,12.015879,9.605513
1783943526394,37.100000,23.177711,17.448734,16.387903,6.789808,11.810626,12.243551,12.048340
1783943526414,37.120000,19.316036,16.410183,15.632633,3.683403,10.625613,10.786849,15.020587
1783943526434,37.140000,18.525543,15.379246,14.886476,3.639067,8.719089,8.618154,18.067442
1783943526454,37.160000,18.224821,14.359246,14.147693,4.077128,6.950556,6.600793,20.575151
1783943526474,37.180000,9.235185,13.353354,13.414710,-4.179525,6.032883,5.451095,21.981400
1783943526494,37.200000,13.544202,12.364580,12.686172,0.858030,6.445800,5.651837,21.945719
1783943526514,37.220000,7.509551,11.395759,11.960986,-4.451435,8.172914,7.189225,20.419409
1783943526534,37.240000,22.401478,10.449540,11.238352,11.163126,10.637333,9.488497,17.626797
1783943526554,37.260000,10.095119,9.528379,10.517793,-0.422674,13.046460,11.758695,14.005165
1783943526574,37.280000,17.625210,8.634529,9.799168,7.826042,14.745436,13.346098,10.108779
1783943526594,37.300000,15.932782,7.770031,9.082682,6.850100,15.254815,13.771898,6.468876
1783943526614,37.320000,15.937476,6.936710,8.368880,7.568596,14.335650,12.797296,3.460078
1783943526634,37.340000,5.794095,6.136164,7.658640,-1.864545,12.135445,10.569470,1.233698
1783943526654,37.360000,12.217351,5.369765,6.953153,5.264198,9.093745,7.527184,-0.274569
1783943526674,37.380000,3.789274,4.638652,6.253893,-2.464619,5.857061,4.315751,-1.284245
1783943526694,37.400000,-4.361646,3.943726,5.562588,-9.924234,3.305317,1.813508,-2.079420
1783943526714,37.420000,-7.972044,3.285655,4.881178,-12.853222,2.149927,0.729945,-2.923634
1783943526734,37.440000,7.182521,2.664869,4.211769,2.970753,2.357699,1.029647,-3.999319
1783943526754,37.460000,-15.786617,2.081560,3.556584,-19.343201,3.177480,1.958998,-5.354273
1783943526774,37.480000,4.964733,1.535690,2.917911,2.046821,3.398608,2.304677,-6.869358
1783943526794,37.500000,1.145685,1.026990,2.298051,-1.152366,1.639789,0.682599,-8.287168
1783943526814,37.520000,-5.318646,0.554968,1.699259,-7.017905,-2.815109,-3.626247,-9.301009
1783943526834,37.540000,-17.813301,0.118914,1.123695,-18.936996,-9.360688,-10.019362,-9.675971
1783943526854,37.560000,-24.269890,-0.282088,0.573372,-24.843262,-16.486217,-16.988898,-9.374852
1783943526874,37.580000,-28.515104,-0.649155,0.050104,-28.565208,-22.669247,-23.015205,-8.628108
1783943526894,37.600000,-28.782003,-0.983587,-0.444530,-28.337473,-26.863058,-27.054249,-7.852344
1783943526914,37.620000,-40.263184,-1.286860,-0.909232,-39.353952,-28.559034,-28.599933,-7.433608
1783943526934,37.640000,-24.164867,-1.560606,-1.343009,-22.821858,-27.835095,-27.732500,-7.533175
1783943526954,37.660000,-35.367218,-1.806598,-1.745202,-33.622016,-25.327128,-25.089932,-8.025983
1783943526974,37.680000,-29.305000,-2.026733,-2.115500,-27.189500,-22.129171,-21.768108,-8.567847
1783943526994,37.700000,-8.067217,-2.223012,-2.453947,-5.613270,-19.679879,-19.207256,-8.726798
1783943527014,37.720000,-19.934748,-2.397518,-2.760944,-17.173804,-19.027171,-18.456588,-8.103904
1783943527034,37.740000,-24.260420,-2.552397,-3.037239,-21.223181,-19.968203,-19.314267,-6.435924
1783943527054,37.760000,-16.324858,-2.689833,-3.283911,-13.040947,-21.286164,-20.564212,-3.703813
1783943527074,37.780000,-31.149677,-2.812025,-3.502348,-27.647329,-21.609682,-20.835500,-0.205204
1783943527094,37.800000,-11.211951,-2.921164,-3.694215,-7.517736,-20.049464,-19.239031,3.503386
1783943527114,37.820000,-22.919287,-3.019408,-3.861425,-19.057862,-16.506538,-15.675778,6.816476
1783943527134,37.840000,3.220318,-3.108860,-4.006097,7.226415,-11.557972,-10.722524,9.316274
1783943527154,37.860000,-5.595562,-3.191542,-4.130516,-1.465046,-5.964019,-5.139034,10.900048
1783943527174,37.880000,9.554812,-3.269374,-4.237093,13.791905,-0.163012,0.637033,11.757707
1783943527194,37.900000,4.318868,-3.344150,-4.328323,8.647191,5.780982,6.542451,12.223877
1783943527214,37.920000,23.305466,-3.417521,-4.406741,27.712207,11.848624,12.558861,12.593548
1783943527234,37.940000,20.096548,-3.490970,-4.474885,24.571433,17.878158,18.525612,13.011376
1783943527254,37.960000,39.180614,-3.565801,-4.535259,43.715873,23.704189,24.278518,13.476865
1783943527274,37.980000,27.129162,-3.643119,-4.590299,31.719461,29.342913,29.835077,13.909806
1783943527294,38.000000,42.976227,-3.723821,-4.642342,47.618569,34.809676,35.212010,14.190188
1783943527314,38.020000,48.742190,-3.808581,-4.693603,53.435793,39.755393,40.061674,14.166375
1783943527334,38.040000,50.819168,-3.897850,-4.746147,55.565315,43.577527,43.783026,13.686511
1783943527354,38.060000,49.645878,-3.991844,-4.801875,54.447753,45.790915,45.892446,12.652111
1783943527374,38.080000,53.619560,-4.090549,-4.862505,58.482065,46.069935,46.065893,11.034665
1783943527394,38.100000,51.870964,-4.193720,-4.929554,56.800518,44.227044,44.117436,8.839865
1783943527414,38.120000,50.565445,-4.300884,-5.004333,55.569778,40.489088,40.275550,6.075967
1783943527434,38.140000,31.686567,-4.411356,-5.087937,36.774504,35.682520,35.368325,2.754822
1783943527454,38.160000,31.732826,-4.524243,-5.181279,36.914105,30.758644,30.348682,-1.114662
1783943527474,38.180000,22.861492,-4.638459,-5.284949,28.146441,25.965972,25.466711,-5.539528
1783943527494,38.200000,29.738928,-4.752746,-5.399281,35.138209,20.646003,20.065423,-10.497109
1783943527514,38.220000,13.864664,-4.865690,-5.524337,19.389001,13.952597,13.300103,-15.828059
1783943527534,38.240000,9.319732,-4.975742,-5.659905,14.979637,5.750875,5.037187,-21.179690
1783943527554,38.260000,-3.116067,-5.081243,-5.805482,2.689415,-3.028219,-3.791203,-26.092585
1783943527574,38.280000,-29.830326,-5.180446,-5.960275,-23.870051,-10.794042,-11.593404,-30.183523
1783943527594,38.300000,-20.574253,-5.271543,-6.123188,-14.451065,-16.424392,-17.246388,-33.289272
1783943527614,38.320000,-23.511908,-5.352690,-6.292823,-17.219085,-20.099981,-20.930251,-35.449593
1783943527634,38.340000,-25.837841,-5.422034,-6.467480,-19.370361,-22.770794,-23.594604,-36.729164
1783943527654,38.360000,-28.571985,-5.477738,-6.645163,-21.926822,-25.004919,-25.807421,-37.035282
1783943527674,38.380000,-47.923020,-5.518005,-6.823590,-41.099430,-26.582834,-27.349340,-36.116130
1783943527694,38.400000,-34.063343,-5.541107,-7.000211,-27.063132,-27.104746,-27.821015,-33.753910
1783943527714,38.420000,-42.277218,-5.545403,-7.172232,-35.104986,-26.695634,-27.348159,-29.948496
1783943527734,38.440000,-34.484726,-5.529364,-7.336641,-27.148085,-25.967565,-26.543855,-24.918747
1783943527754,38.460000,-39.848854,-5.491594,-7.490252,-32.358602,-25.560647,-26.049494,-18.973350
1783943527774,38.480000,-31.016182,-5.430843,-7.629745,-23.386437,-25.726467,-26.118197,-12.404847
1783943527794,38.500000,-50.571182,-5.346028,-7.751716,-42.819466,-26.119545,-26.406241,-5.484035
1783943527814,38.520000,-38.684784,-5.236246,-7.852732,-30.832052,-26.150129,-26.325810,1.483875
1783943527834,38.540000,-40.649395,-5.100780,-7.929392,-32.720003,-25.594788,-25.655555,8.131316
1783943527854,38.560000,-35.007496,-4.939116,-7.978386,-27.029110,-24.625034,-24.569170,14.087527
1783943527874,38.580000,-43.057705,-4.750940,-7.996564,-35.061141,-23.433436,-23.261450,19.090141
1783943527894,38.600000,-33.304665,-4.536150,-7.980991,-25.323674,-22.172282,-21.886906,23.045258
1783943527914,38.620000,-31.618423,-4.294850,-7.929013,-23.689410,-21.015724,-20.621854,25.993181
1783943527934,38.640000,-31.615316,-4.027351,-7.838315,-23.777001,-19.915809,-19.420401,28.044218
1783943527954,38.660000,-28.426964,-3.734168,-7.706967,-20.719997,-18.371254,-17.783163,29.337664
1783943527974,38.680000,-27.876822,-3.416012,-7.533475,-20.343347,-15.574446,-14.904226,30.007782
1783943527994,38.700000,-25.124370,-3.073782,-7.316809,-17.807561,-10.859634,-10.119298,30.146600
1783943528014,38.720000,-17.134514,-2.708553,-7.056440,-10.078074,-4.288317,-3.491063,29.795340
1783943528034,38.740000,-2.800944,-2.321568,-6.752346,3.951402,3.019119,3.859203,28.988043
1783943528054,38.760000,9.408542,-1.914220,-6.405025,15.813567,9.316504,10.184750,27.825340
1783943528074,38.780000,4.997866,-1.488037,-6.015486,11.013352,13.198253,14.079732,26.511902
1783943528094,38.800000,23.652231,-1.044670,-5.585237,29.237468,14.319057,15.198881,25.293022
1783943528114,38.820000,1.952014,-0.585871,-5.116256,7.068271,13.591780,14.455396,24.308237
1783943528134,38.840000,11.120707,-0.113481,-4.610962,15.731670,12.726155,13.559619,23.457712
1783943528154,38.860000,5.597310,0.370591,-4.072169,9.669479,13.120392,13.910613,22.382254
1783943528174,38.880000,22.577597,0.864387,-3.503038,26.080635,15.042075,15.777058,20.601580
1783943528194,38.900000,18.002296,1.365910,-2.907026,20.909322,17.789995,18.459078,17.758585
1783943528214,38.920000,28.353529,1.873149,-2.287829,30.641358,20.350533,20.944634,13.825184
1783943528234,38.940000,22.618109,2.384091,-1.649321,24.267430,21.849289,22.361157,9.122590
1783943528254,38.960000,31.908890,2.896736,-0.995497,32.904387,21.688555,22.112974,4.153065
1783943528274,38.980000,31.484451,3.409111,-0.330409,31.814860,19.728575,20.062428,-0.611110
1783943528294,39.000000,23.708084,3.919286,0.338569,23.369515,16.616954,16.859061,-4.856534
1783943528314,39.020000,22.750586,4.425383,1.009232,21.741354,13.758810,13.909571,-8.469553
1783943528334,39.040000,19.219028,4.925587,1.679368,17.539660,12.703998,12.765068,-11.525506
1783943528354,39.060000,19.816078,5.418156,2.345229,17.470849,14.373521,14.347640,-14.225815
1783943528374,39.080000,30.790194,5.901427,3.003243,27.786951,18.536437,18.427414,-16.772043
1783943528394,39.100000,34.782436,6.373822,3.650044,31.132392,23.848026,23.660746,-19.216130
1783943528414,39.120000,43.187584,6.833856,4.282496,38.905088,28.445299,28.185704,-21.377905
1783943528434,39.140000,37.364810,7.280134,4.897714,32.467096,30.581350,30.256347,-22.900194
1783943528454,39.160000,45.347443,7.711357,5.493074,39.854369,28.942052,28.559380,-23.427933
1783943528474,39.180000,38.101920,8.126324,6.066221,32.035699,22.923083,22.491143,-22.805481
1783943528494,39.200000,37.329388,8.523922,6.615074,30.714314,13.204162,12.731838,-21.171259
1783943528514,39.220000,-4.149969,8.903136,7.137818,-11.287787,1.994669,1.491154,-18.937235
1783943528534,39.240000,11.094038,9.263034,7.632896,3.461142,-7.951704,-8.477062,-16.721746
1783943528554,39.260000,-15.012094,9.602773,8.099005,-23.111099,-14.811953,-15.349803,-15.230930
1783943528574,39.280000,-4.909638,9.921587,8.535075,-13.444713,-18.370988,-18.912093,-15.037555
1783943528594,39.300000,-7.547791,10.218785,8.940259,-16.488051,-19.855771,-20.391129,-16.314764
1783943528614,39.320000,-0.272758,10.493748,9.313917,-9.586675,-21.076311,-21.597255,-18.689194
1783943528634,39.340000,-18.516441,10.745921,9.655597,-28.172038,-23.271020,-23.769307,-21.338167
1783943528654,39.360000,-6.170935,10.974807,9.965024,-16.135959,-26.577903,-27.045795,-23.296890
1783943528674,39.380000,-21.923864,11.179969,10.242081,-32.165945,-30.117608,-30.547946,-23.812010
1783943528694,39.400000,-25.134897,11.361017,10.486799,-35.621696,-32.315462,-32.701727,-22.569595
1783943528714,39.420000,-27.559631,11.517614,10.699341,-38.258972,-31.702433,-32.038805,-19.718630
1783943528734,39.440000,-18.293613,11.649468,10.879993,-29.173606,-27.867072,-28.148478,-15.723045
1783943528754,39.460000,-14.261234,11.756330,11.029157,-25.290391,-21.740971,-21.963134,-11.123543
1783943528774,39.480000,4.958046,11.837998,11.147335,-6.189288,-15.049062,-15.208542,-6.301266
1783943528794,39.500000,-3.855006,11.894312,11.235129,-15.090135,-9.336799,-9.431029,-1.359509
1783943528814,39.520000,11.928769,11.925159,11.293232,0.635537,-5.273428,-5.300751,3.799365
1783943528834,39.540000,-1.311786,11.930473,11.322419,-12.634205,-2.641449,-2.601145,9.261285
1783943528854,39.560000,19.186167,11.910235,11.323545,7.862622,-0.709888,-0.602207,14.909673
1783943528874,39.580000,-0.570357,11.864480,11.297537,-11.867894,1.399596,1.573419,20.381798
1783943528894,39.600000,13.111065,11.793299,11.245387,1.865678,4.226360,4.464086,25.169130
1783943528914,39.620000,14.936966,11.696844,11.168145,3.768821,7.388451,7.686826,28.774279
1783943528934,39.640000,27.630290,11.575327,11.066912,16.563378,9.669544,10.024305,30.866003
1783943528954,39.660000,22.751450,11.429033,10.942830,11.808620,9.980085,10.385960,31.391829
1783943528974,39.680000,18.419792,11.258317,10.797072,7.622720,8.221597,8.672331,30.575974
1783943528994,39.700000,10.490301,11.063611,10.630833,-0.140532,5.224620,5.713003,28.762817
1783943529014,39.720000,16.452919,10.845431,10.445317,6.007602,2.054019,2.571925,26.209450
1783943529034,39.740000,9.754151,10.604377,10.241724,-0.487573,-0.414714,0.123737,23.005766
1783943529054,39.760000,8.566046,10.341139,10.021238,-1.455192,-1.485991,-0.936745,19.164883
1783943529074,39.780000,4.959080,10.056500,9.785013,-4.825933,-0.785761,-0.236134,14.758244
1783943529094,39.800000,15.039102,9.751340,9.534161,5.504941,1.401656,1.940727,9.977484
1783943529114,39.820000,15.547291,9.426638,9.269739,6.277552,4.169778,4.687004,5.128174
1783943529134,39.840000,25.858229,9.083474,8.992736,16.865493,6.576854,7.060786,0.605339
1783943529154,39.860000,11.874925,8.723031,8.704060,3.170865,8.244351,8.683558,-3.164044
1783943529174,39.880000,16.890554,8.346594,8.403377,8.487177,9.246808,9.630020,-5.849579
1783943529194,39.900000,17.446493,7.955554,8.092403,9.354090,9.419802,9.736030,-7.360925
1783943529214,39.920000,26.506765,7.551404,7.771770,18.734995,8.156661,8.395340,-7.876818
1783943529234,39.940000,13.332857,7.135738,7.442014,5.890843,5.070020,5.221199,-7.723545
1783943529254,39.960000,19.276882,6.710250,7.103581,12.173301,0.686293,0.740864,-7.223066
1783943529274,39.980000,11.302709,6.276728,6.756832,4.545877,-3.324171,-3.374244,-6.633677
1783943529294,40.000000,-13.156288,5.837054,6.402051,-19.558339,-4.554764,-4.716226,-6.182172
1783943529314,40.020000,-0.552601,5.393195,6.039461,-6.592062,-1.404041,-1.682138,-6.109718
1783943529334,40.040000,23.058323,4.947200,5.669240,17.389083,5.370518,4.972216,-6.629442
1783943529354,40.060000,22.173492,4.501191,5.291544,16.881948,13.137439,12.617192,-7.749011
1783943529374,40.080000,30.704065,4.057358,4.906527,25.797538,19.206542,18.564579,-9.096807
1783943529394,40.100000,22.401287,3.617948,4.514376,17.886911,21.847798,21.086412,-9.993871
1783943529414,40.120000,29.486776,3.185257,4.115333,25.371443,20.249488,19.373113,-9.809677
1783943529434,40.140000,20.656437,2.761621,3.709736,16.946701,14.367105,13.382353,-8.324312
1783943529454,40.160000,21.849377,2.349403,3.298045,18.551332,5.216111,4.131772,-5.823244
1783943529474,40.180000,-11.300379,1.950982,2.880883,-14.181262,-4.836406,-6.009402,-2.946707
1783943529494,40.200000,-5.041993,1.568744,2.459066,-7.501058,-12.676248,-13.924918,-0.478589
1783943529514,40.220000,-29.988630,1.205068,2.033637,-32.022267,-15.859419,-17.168843,0.835998
1783943529534,40.240000,-9.951313,0.862309,1.605897,-11.557210,-13.900900,-15.254388,0.476866
1783943529554,40.260000,-2.620114,0.542795,1.177431,-3.797545,-8.525969,-9.905268,-1.637817
1783943529574,40.280000,0.694967,0.248804,0.750130,-0.055163,-2.552992,-3.938523,-5.002464
1783943529594,40.300000,1.272907,-0.017441,0.326212,0.946695,1.558200,0.187066,-8.604206
1783943529614,40.320000,10.351447,-0.253790,-0.091768,10.443215,2.449773,1.114411,-11.271398
1783943529634,40.340000,-3.439009,-0.458173,-0.500910,-2.938099,0.160868,-1.116928,-12.119662
1783943529654,40.360000,-8.478093,-0.628618,-0.897970,-7.580123,-3.989460,-5.187826,-10.861817
1783943529674,40.380000,-12.848574,-0.763258,-1.279367,-11.569207,-8.202966,-9.300329,-7.862079
1783943529694,40.400000,-10.004126,-0.860341,-1.641199,-8.362927,-11.029259,-12.004703,-3.952769
1783943529714,40.420000,-23.527020,-0.918247,-1.979265,-21.547755,-11.670766,-12.504399,-0.103154
1783943529734,40.440000,-9.452635,-0.935491,-2.289093,-7.163542,-10.141423,-10.814737,2.917281
1783943529754,40.460000,-11.269237,-0.910735,-2.565985,-8.703252,-7.287568,-7.783788,4.744113
1783943529774,40.480000,-1.791212,-0.842796,-2.805051,1.013839,-4.278068,-4.582475,5.451801
1783943529794,40.500000,-10.360457,-0.730653,-3.001270,-7.359187,-1.951119,-2.051347,5.448417
1783943529814,40.520000,5.516560,-0.573455,-3.149539,8.666099,-0.550178,-0.436486,5.274959
1783943529834,40.540000,-14.020189,-0.370525,-3.244741,-10.775448,0.232685,0.567188,5.379616
1783943529854,40.560000,-2.150180,-0.121366,-3.281803,1.131624,0.877557,1.436723,5.959899
1783943529874,40.580000,0.923588,0.174338,-3.255774,4.179362,1.512096,2.296601,6.937178
1783943529894,40.600000,2.680123,0.516713,-3.161886,5.842009,1.999069,3.006319,8.064015
1783943529914,40.620000,-6.181015,0.905699,-2.995633,-3.185382,2.396701,3.620794,9.081256
1783943529934,40.640000,-0.548325,1.341045,-2.752840,2.204516,2.838449,4.270187,9.807921
1783943529954,40.660000,-0.389198,1.822310,-2.429731,2.040533,3.054663,4.681620,10.131448
1783943529974,40.680000,2.836434,2.348865,-2.023001,4.859435,2.346599,4.153239,9.982724
1783943529994,40.700000,2.746953,2.919890,-1.529878,4.276831,0.077777,2.045627,9.360711
1783943530014,40.720000,3.345956,3.534383,-0.948180,4.294136,-3.674943,-1.567075,8.357924
1783943530034,40.740000,-14.806742,4.191155,-0.276375,-14.530367,-7.779957,-5.555714,7.116459
1783943530054,40.760000,-3.697163,4.888843,0.486377,-4.183539,-10.469637,-8.154803,5.730179
1783943530074,40.780000,-20.536890,5.625907,1.340182,-21.877072,-10.253094,-7.875251,4.182508
1783943530094,40.800000,2.458177,6.400640,2.284381,0.173796,-6.676789,-4.264936,2.390522
1783943530114,40.820000,0.727849,7.211175,3.317531,-2.589682,-0.509914,1.905938,0.344410
1783943530134,40.840000,12.130053,8.055487,4.437386,7.692667,6.683543,9.072794,-1.761257
1783943530154,40.860000,15.657107,8.931408,5.640901,10.016206,13.032815,15.364715,-3.526616
1783943530174,40.880000,35.939640,9.836629,6.924236,29.015404,16.784297,19.028388,-4.486631
1783943530194,40.900000,24.961899,10.768714,8.282772,16.679127,17.079823,19.206386,-4.295315
1783943530214,40.920000,19.032684,11.725106,9.711142,9.321542,14.482107,16.462595,-2.874058
1783943530234,40.940000,20.653635,12.703137,11.203262,9.450373,10.416839,12.224301,-0.501270
1783943530254,40.960000,16.799023,13.700041,12.752379,4.046644,6.241366,7.850851,2.201724
1783943530274,40.980000,15.379211,14.712960,14.351122,1.028089,2.866442,4.255368,4.446836
1783943530294,41.000000,15.483819,15.738959,15.991565,-0.507746,0.748387,1.896888,5.562332
1783943530314,41.020000,7.910952,16.775034,17.665291,-9.754339,-0.155350,0.735871,5.213200
1783943530334,41.040000,22.240307,17.818124,19.363471,2.876836,-0.477757,0.142608,3.452399
1783943530354,41.060000,18.596378,18.865125,21.076940,-2.480562,-1.171701,-0.832274,0.651005
1783943530374,41.080000,21.053120,19.912896,22.796282,-1.743162,-2.777003,-2.724920,-2.618545
1783943530394,41.100000,8.002299,20.958277,24.511923,-16.509624,-5.016550,-5.254396,-5.739625
1783943530414,41.120000,22.862755,21.998097,26.214217,-3.351462,-7.126508,-7.652941,-8.235276
1783943530434,41.140000,7.377324,23.029191,27.893734,-20.516410,-8.300832,-9.110526,-9.892144
1783943530454,41.160000,17.547575,24.048405,29.540229,-11.992654,-7.974868,-9.058543,-10.748309
1783943530474,41.180000,10.485996,25.052617,31.144450,-20.658454,-6.237470,-7.582020,-10.980144
1783943530494,41.200000,34.502180,26.038743,32.697463,1.804717,-4.036239,-5.624956,-10.774461
1783943530514,41.220000,16.022090,27.003756,34.190741,-18.168651,-2.704494,-4.517349,-10.232649
1783943530534,41.240000,37.760850,27.944694,35.616249,2.144601,-3.261577,-5.275540,-9.339397
1783943530554,41.260000,22.880138,28.858676,36.966524,-14.086386,-5.935379,-8.124763,-8.021812
1783943530574,41.280000,20.592934,29.742912,38.234752,-17.641818,-9.958747,-12.295587,-6.270093
1783943530594,41.300000,19.110294,30.594719,39.414827,-20.304533,-13.909399,-16.363851,-4.238474
1783943530614,41.320000,20.456488,31.411532,40.501419,-20.044931,-16.302686,-18.843471,-2.246088
1783943530634,41.340000,8.900404,32.190917,41.490013,-32.589609,-15.989623,-18.584481,-0.668910
1783943530654,41.360000,23.673298,32.930580,42.376954,-18.703656,-12.673450,-15.289627,0.211306
1783943530674,41.380000,33.492720,33.628384,43.159473,-9.666753,-7.247304,-9.852044,0.329753
1783943530694,41.400000,36.427740,34.282355,43.835701,-7.407961,-1.267088,-3.828126,-0.104571
1783943530714,41.420000,46.979034,34.890696,44.404675,2.574359,3.921045,1.434990,-0.644221
1783943530734,41.440000,50.806490,35.451792,44.866330,5.940160,7.711614,5.330369,-0.752218
1783943530754,41.460000,40.771706,35.964226,45.221478,-4.449772,10.316779,8.068268,-0.027163
1783943530774,41.480000,57.980892,36.426780,45.471774,12.509118,12.272782,10.182618,1.612646
1783943530794,41.500000,54.100204,36.838447,45.619674,8.480530,13.919689,12.010799,3.902162
1783943530814,41.520000,61.515305,37.198430,45.668380,15.846925,15.493201,13.785507,6.368887
1783943530834,41.540000,52.151695,37.506154,45.621775,6.529920,17.299956,15.810110,8.532333
1783943530854,41.560000,61.997818,37.761264,45.484352,16.513466,19.400110,18.141282,10.032998
1783943530874,41.580000,61.757248,37.963627,45.261137,16.496111,21.208797,20.190533,10.660907
1783943530894,41.600000,66.064190,38.113333,44.957599,21.106591,21.599454,20.827596,10.357174
1783943530914,41.620000,63.796204,38.210694,44.579570,19.216634,19.443240,18.919914,9.220093
1783943530934,41.640000,56.592300,38.256240,44.133154,12.459146,14.161899,13.885573,7.466869
1783943530954,41.660000,50.755795,38.250714,43.624638,7.131157,6.019299,5.984918,5.328085
1783943530974,41.680000,40.355316,38.195070,43.060409,-2.705093,-3.834881,-3.635696,2.934986
1783943530994,41.700000,27.659643,38.090462,42.446869,-14.787226,-13.491140,-13.069822,0.276643
1783943531014,41.720000,19.200354,37.938241,41.790361,-22.590007,-20.703394,-20.074123,-2.754970
1783943531034,41.740000,10.394811,37.739939,41.097098,-30.702287,-23.655766,-22.835145,-6.264831
1783943531054,41.760000,22.371658,37.497268,40.373102,-18.001444,-21.703449,-20.710210,-10.235512
1783943531074,41.780000,19.767998,37.212102,39.624145,-19.856147,-15.563844,-14.418621,-14.415059
1783943531094,41.800000,39.073544,36.886471,38.855706,0.217838,-6.903180,-5.628351,-18.264261
1783943531114,41.820000,36.604725,36.522544,38.072933,-1.468208,2.290953,3.671420,-21.028625
1783943531134,41.840000,52.148240,36.122623,37.280611,14.867629,10.214347,11.675197,-21.944662
1783943531154,41.860000,48.929260,35.689124,36.483140,12.446120,15.510051,17.025458,-20.500212
1783943531174,41.880000,57.856490,35.224570,35.684523,22.171967,17.401643,18.946598,-16.627302
1783943531194,41.900000,50.314980,34.731570,34.888359,15.426621,15.825239,17.377710,-10.751217
1783943531214,41.920000,46.892750,34.212810,34.097845,12.794905,11.480344,13.023845,-3.699119
1783943531234,41.940000,36.110380,33.671040,33.315784,2.794596,5.607914,7.133398,3.475067
1783943531254,41.960000,35.946426,33.109054,32.544601,3.401825,-0.425812,1.079316,9.697318
1783943531274,41.980000,22.561546,32.529679,31.786363,-9.224817,-5.436785,-3.953327,14.083301
1783943531294,42.000000,18.287605,31.935759,30.826016,-12.538411,-8.696767,-7.244696,16.109300
1783943531314,42.020000,16.713573,31.330145,30.106266,-13.392693,-10.337074,-8.939218,15.693049
1783943531334,42.040000,26.262562,30.715673,29.403907,-3.141345,-11.374686,-10.061124,13.179421
1783943531354,42.060000,20.235125,30.095157,28.719832,-8.484707,-12.871736,-11.669751,9.265750
1783943531374,42.080000,9.784281,29.471372,28.054736,-18.270455,-14.956097,-13.884397,4.859524
1783943531394,42.100000,5.324219,28.847045,27.409155,-22.084937,-16.861303,-15.929457,0.837754
1783943531414,42.120000,11.291678,28.224840,26.783501,-15.491823,-17.746410,-16.956862,-2.210526
1783943531434,42.140000,5.231382,27.607345,26.178095,-20.946713,-17.156950,-16.507589,-4.085401
1783943531454,42.160000,15.047876,26.997067,25.593199,-10.545323,-14.911386,-14.397569,-4.864469
1783943531474,42.180000,4.691302,26.396420,25.029042,-20.337740,-10.972713,-10.588429,-4.714640
1783943531494,42.200000,20.538750,25.807713,24.485851,-3.947101,-5.608252,-5.346587,-3.785635
1783943531514,42.220000,19.984602,25.233148,23.963866,-3.979264,0.421586,0.568393,-2.197673
1783943531534,42.240000,26.737072,24.674806,23.463361,3.273711,5.981874,6.022495,-0.052151
1783943531554,42.260000,29.821957,24.134648,22.984655,6.837302,9.827817,9.771850,2.557180
1783943531574,42.280000,39.798830,23.614503,22.528123,17.270707,10.977980,10.835870,5.520256
1783943531594,42.300000,32.652397,23.116065,22.094197,10.558200,9.398441,9.181289,8.679397
1783943531614,42.320000,35.086624,22.640890,21.683371,13.403253,6.609827,6.329148,11.805524
1783943531634,42.340000,-4.585519,22.190392,21.296197,-25.881716,5.224125,4.891583,14.568095
1783943531654,42.360000,29.689064,21.765835,20.933277,8.755787,7.027528,6.654683,16.506073
1783943531674,42.380000,29.531103,21.368338,20.595254,8.935849,11.441149,11.039228,17.119528
1783943531694,42.400000,42.123250,20.998863,20.282801,21.840449,16.253053,15.832750,16.145250
1783943531714,42.420000,34.031160,20.658221,19.996603,14.034557,19.385617,18.956929,13.813436
1783943531734,42.440000,51.321354,20.347068,19.737342,31.584012,19.913862,19.485945,10.806323
1783943531754,42.460000,18.970034,20.065901,19.505678,-0.535644,18.270438,17.851489,7.906737
1783943531774,42.480000,35.635967,19.815060,19.302226,16.333741,15.621855,15.219018,5.606448
1783943531794,42.500000,24.603092,19.594725,19.127535,5.475557,12.807907,12.427209,3.937899
1783943531814,42.520000,31.322693,19.404921,18.982068,12.340625,9.994131,9.640431,2.585970
1783943531834,42.540000,20.457184,19.245512,18.866177,1.591007,7.053503,6.730474,1.156499
1783943531854,42.560000,15.205277,19.116206,18.780082,-3.574805,3.783831,3.493965,-0.599912
1783943531874,42.580000,15.176048,19.016556,18.723851,-3.547803,-0.284763,-0.540130,-2.737501
1783943531894,42.600000,24.023891,18.945962,18.697378,5.326513,-5.770727,-5.991358,-5.170931
1783943531914,42.620000,-0.627983,18.903672,18.700370,-19.328353,-12.586152,-12.772840,-7.716597
1783943531934,42.640000,1.762347,18.888792,18.732325,-16.969978,-19.394981,-19.549457,-10.136149
1783943531954,42.660000,-22.068878,18.900283,18.792529,-40.861407,-24.288210,-24.413030,-12.240312
1783943531974,42.680000,-7.329704,18.936972,18.880041,-26.209745,-26.075250,-26.173674,-13.993047
1783943531994,42.700000,-13.338732,18.997558,18.993692,-32.332424,-25.073504,-25.149358,-15.480312
1783943532014,42.720000,4.742976,19.080617,19.132081,-14.389105,-22.784368,-22.841906,-16.729013
1783943532034,42.740000,-7.652978,19.184615,19.293585,-26.946563,-20.837997,-20.881749,-17.545088
1783943532054,42.760000,15.691399,19.307917,19.476365,-3.784966,-19.999878,-20.034515,-17.532404
1783943532074,42.780000,-11.890429,19.448794,19.678377,-31.568806,-19.634028,-19.664227,-16.288507
1783943532094,42.800000,-1.062469,19.605439,19.897395,-20.959863,-18.094863,-18.125187,-13.649878
1783943532114,42.820000,-2.804320,19.775981,20.131028,-22.935348,-14.084228,-14.119016,-9.834260
1783943532134,42.840000,18.097422,19.958491,20.376749,-2.279327,-7.683144,-7.726404,-5.372476
1783943532154,42.860000,15.591947,20.151005,20.631923,-5.039976,-0.173351,-0.228650,-0.850994
1783943532174,42.880000,37.469852,20.351530,20.894481,16.575371,6.777452,6.707120,3.359479
1783943532194,42.900000,32.141800,20.558063,21.160836,10.980964,11.926811,11.839141,7.192819
1783943532214,42.920000,40.308560,20.768604,21.428176,18.880384,14.965942,14.859393,10.757800
1783943532234,42.940000,35.667310,20.981172,21.693716,13.973594,16.447970,16.321777,14.121930
1783943532254,42.960000,44.716362,21.193815,21.954728,22.761634,17.326410,17.180554,17.164558
1783943532274,42.980000,37.861076,21.404625,22.208576,15.652500,18.545678,18.380840,19.576902
1783943532294,43.000000,44.199135,21.611751,22.452743,21.746392,20.688358,20.505863,20.984798
1783943532314,43.020000,43.954292,21.813413,22.684857,21.269435,23.579177,23.380928,21.102194
1783943532334,43.040000,55.238770,22.007905,22.902719,32.336051,26.149665,25.938077,19.840372
1783943532354,43.060000,49.194060,22.193616,23.104321,26.089739,26.812791,26.590713,17.349463
1783943532374,43.080000,58.988400,22.369028,23.287858,35.700542,24.142731,23.913365,13.982409
1783943532394,43.100000,43.528410,22.532731,23.451749,20.076661,17.586576,17.353388,10.179685
1783943532414,43.120000,38.482586,22.683427,23.594636,14.887950,7.909273,7.675901,6.308155
1783943532434,43.140000,14.443446,22.819934,23.715398,-9.271952,-3.056940,-3.286778,2.519771
1783943532454,43.160000,14.514444,22.941193,23.813146,-9.298702,-13.324650,-13.547253,-1.298085
1783943532474,43.180000,6.930054,23.046271,23.887223,-16.957169,-21.525299,-21.737065,-5.425494
1783943532494,43.200000,2.252791,23.134361,23.937203,-21.684412,-26.911416,-27.108926,-10.084174
1783943532514,43.220000,-0.725355,23.204787,23.962879,-24.688235,-28.989932,-29.170028,-15.216548
1783943532534,43.240000,-3.080503,23.257004,23.964260,-27.044763,-27.452866,-27.612712,-20.420538
1783943532554,43.260000,-1.405741,23.290598,23.941553,-25.347294,-22.516139,-22.653280,-25.066660
1783943532574,43.280000,17.576986,23.305285,23.895160,-6.318174,-15.258665,-15.371073,-28.483957
1783943532594,43.300000,18.804360,23.300913,23.825655,-5.021295,-7.342995,-7.429102,-30.090769
1783943532614,43.320000,34.443590,23.277457,23.733778,10.709812,-0.184146,-0.242871,-29.460663
1783943532634,43.340000,30.003880,23.235018,23.620412,6.383468,5.707886,5.677130,-26.390623
1783943532654,43.360000,31.529003,23.173823,23.486572,8.042431,10.676430,10.673728,-21.004843
1783943532674,43.380000,32.066505,23.094219,23.333384,8.733121,15.082254,15.107210,-13.835125
1783943532694,43.400000,59.480312,22.996666,23.162071,36.318241,18.593193,18.644942,-5.758662
1783943532714,43.420000,40.326150,22.881738,22.973936,17.352214,20.655580,20.732823,2.242613
1783943532734,43.440000,52.301483,22.750113,22.770340,29.531143,21.368193,21.469241,9.355767
1783943532754,43.460000,29.408466,22.602567,22.552694,6.855772,21.338754,21.461573,15.046779
1783943532774,43.480000,49.525430,22.439969,22.322434,27.202996,20.738795,20.881059,18.987158
1783943532794,43.500000,37.844980,22.263268,22.081016,15.763964,18.812513,18.971667,20.978079
1783943532814,43.520000,51.920647,22.073489,21.829894,30.090753,14.510635,14.683953,21.000114
1783943532834,43.540000,27.261944,21.871722,21.570512,5.691432,7.682174,7.866826,19.291992
1783943532854,43.560000,22.030890,21.659111,21.304294,0.726596,-0.397234,-0.204122,16.292550
1783943532874,43.580000,8.702827,21.436844,21.032630,-12.329803,-7.680642,-7.481926,12.442543
1783943532894,43.600000,3.191603,21.206146,20.756874,-17.565271,-12.513613,-12.312073,8.018446
1783943532914,43.620000,2.441773,20.968265,20.478336,-18.036563,-14.487935,-14.286228,3.147460
1783943532934,43.640000,10.400836,20.724462,20.198272,-9.797436,-14.568932,-14.369542,-2.019654
1783943532954,43.660000,3.802277,20.476003,19.917891,-16.115614,-14.404219,-14.209422,-7.135984
1783943532974,43.680000,2.654556,20.224148,19.638340,-16.983785,-15.457587,-15.269418,-11.641385
1783943532994,43.700000,0.966431,19.970144,19.360715,-18.394283,-18.613064,-18.433296,-14.929141
1783943533014,43.720000,7.949933,19.715212,19.086050,-11.136117,-23.847030,-23.677160,-16.574707
1783943533034,43.740000,-5.971547,19.460547,18.815324,-24.786871,-29.522028,-29.363268,-16.466703
1783943533054,43.760000,-41.461830,19.207303,18.549460,-60.011290,-32.475373,-32.328652,-14.821586
1783943533074,43.780000,-14.503129,18.956591,18.289324,-32.792453,-30.106155,-29.972128,-12.161738
1783943533094,43.800000,4.862717,18.709476,18.035729,-13.173012,-22.371099,-22.250155,-9.191256
1783943533114,43.820000,-5.797049,18.466968,17.789434,-23.586484,-11.291619,-11.183905,-6.472746
1783943533134,43.840000,25.782188,18.230020,17.551149,8.231039,0.480398,0.574958,-4.094305
1783943533154,43.860000,27.175121,17.999528,17.321530,9.853591,10.444268,10.525945,-1.642837
1783943533174,43.880000,37.802070,17.776326,17.101190,20.700880,16.995063,17.064295,1.481224
1783943533194,43.900000,32.161354,17.561182,16.890687,15.270667,19.952451,20.009813,5.673355
1783943533214,43.920000,33.246067,17.354805,16.690536,16.555531,20.253954,20.300134,10.880202
1783943533234,43.940000,33.621480,17.157834,16.501201,17.120279,19.193810,19.229573,16.549665
1783943533254,43.960000,34.370785,16.970844,16.323100,18.047685,17.898571,17.924736,21.787622
1783943533274,43.980000,30.188852,16.794343,16.156599,14.032253,17.213935,17.231351,25.664629
1783943533294,44.000000,31.174702,16.628772,16.002013,15.172689,17.630613,17.640133,27.510056
1783943533314,44.020000,22.013744,16.474504,15.859607,6.154137,18.949046,18.951503,27.059006
1783943533334,44.040000,47.788837,16.331844,15.729590,32.059247,20.019737,20.015918,24.449219
1783943533354,44.060000,26.776167,16.201026,15.612112,11.164055,19.258895,19.249513,20.151638
1783943533374,44.080000,41.247950,16.082218,15.507268,25.740682,15.675823,15.661488,14.863565
1783943533394,44.100000,26.242287,15.975514,15.415086,10.827201,9.575858,9.557052,9.337904
1783943533414,44.120000,6.804521,15.880941,15.335533,-8.531013,2.591713,2.568792,4.164476
1783943533434,44.140000,2.861667,15.798452,15.269077,-12.407410,-3.330089,-3.356873,-0.410792
1783943533454,44.160000,9.653077,15.727930,15.214928,-5.561851,-7.339862,-7.370318,-4.501743
1783943533474,44.180000,0.727817,15.669188,15.172842,-14.445025,-9.953919,-9.987893,-8.383717
1783943533494,44.200000,11.400149,15.621967,15.142504,-3.742355,-12.196798,-12.234168,-12.198776
1783943533514,44.220000,1.992216,15.585937,15.123524,-13.131309,-14.571827,-14.612516,-15.777840
1783943533534,44.240000,0.452073,15.560701,15.115439,-14.663366,-16.415430,-16.459416,-18.709501
1783943533554,44.260000,-18.480772,15.545795,15.117710,-33.598482,-16.254845,-16.302159,-20.583143
1783943533574,44.280000,3.114288,15.540687,15.129728,-12.015440,-13.166150,-13.216870,-21.215380
1783943533594,44.300000,0.238359,15.544788,15.150811,-14.912452,-7.794930,-7.849165,-20.695951
1783943533614,44.320000,20.090263,15.557446,15.180210,4.910053,-2.043323,-2.101194,-19.227274
1783943533634,44.340000,15.932946,15.577959,15.217115,0.715831,2.058885,1.997263,-16.916143
1783943533654,44.360000,28.338564,15.605572,15.260655,13.077909,3.439065,3.373604,-13.721700
1783943533674,44.380000,7.518208,15.639487,15.309911,-7.791703,2.486408,2.417062,-9.604844
1783943533694,44.400000,20.805542,15.678865,15.363916,5.441626,0.657085,0.583867,-4.739877
1783943533714,44.420000,6.646662,15.722837,15.421668,-8.775006,-0.434192,-0.511195,0.391533
1783943533734,44.440000,13.501642,15.770503,15.482137,-1.980495,0.205276,0.124659,5.101719
1783943533754,44.460000,12.198407,15.820946,15.544274,-3.345867,2.418509,2.334541,8.732040
1783943533774,44.480000,31.350706,15.873234,15.607022,15.743684,4.911375,4.824419,10.891822
1783943533794,44.500000,22.496426,15.926429,15.669325,6.827101,6.140229,6.050752,11.591392
1783943533814,44.520000,16.711578,15.979594,15.730138,0.981440,5.248932,5.157503,11.200180
1783943533834,44.540000,23.454344,16.031802,15.788441,7.665903,2.107981,2.015268,10.230672
1783943533854,44.560000,18.936605,16.082140,15.843247,3.093358,-2.894376,-2.987611,9.081947
1783943533874,44.580000,3.337473,16.129720,15.893615,-12.556141,-8.700092,-8.793003,7.912039
1783943533894,44.600000,2.700264,16.173686,15.938656,-13.238392,-13.832839,-13.924509,6.663209
1783943533914,44.620000,-9.569689,16.213221,15.977549,-25.547238,-17.290525,-17.379981,5.148945
1783943533934,44.640000,14.455483,16.247556,16.009549,-1.554066,-19.088087,-19.174320,3.168440
1783943533954,44.660000,-6.542261,16.275975,16.033994,-22.576255,-19.743725,-19.825708,0.668317
1783943533974,44.680000,6.055690,16.297827,16.050316,-9.994626,-19.422921,-19.499633,-2.136943
1783943533994,44.700000,0.522279,16.312530,16.058046,-15.535767,-17.743699,-17.814151,-4.813553
1783943534014,44.720000,1.032931,16.319578,16.056825,-15.023894,-14.128529,-14.191785,-6.897415
1783943534034,44.740000,9.453554,16.318552,16.046407,-6.592853,-8.371117,-8.426319,-8.071471
1783943534054,44.760000,23.927727,16.309123,16.026663,7.901064,-1.034184,-1.080568,-8.211821
1783943534074,44.780000,26.036598,16.291057,15.997583,10.039015,6.827189,6.790281,-7.316393
1783943534094,44.800000,31.225110,16.264224,15.959282,15.265828,14.142507,14.115623,-5.426321
1783943534114,44.820000,39.436417,16.228599,15.911995,23.524422,19.847662,19.831241,-2.627495
1783943534134,44.840000,53.814950,16.184270,15.856077,37.958873,22.955084,22.949458,0.890882
1783943534154,44.860000,40.034010,16.131433,15.792001,24.242009,23.170817,23.176192,4.813899
1783943534174,44.880000,45.739190,16.070400,15.720353,30.018837,21.315075,21.331486,8.729614
1783943534194,44.900000,28.159306,16.001597,15.641824,12.517482,18.848021,18.875247,12.149696
1783943534214,44.920000,41.984740,15.925559,15.557208,26.427532,16.957432,16.994893,14.531753
1783943534234,44.940000,36.243835,15.842934,15.467388,20.776447,16.110075,16.156756,15.387082
1783943534254,44.960000,34.755608,15.754471,15.373332,19.382276,16.287422,16.341916,14.466521
1783943534274,44.980000,31.022408,15.661020,15.276079,15.746329,17.163362,17.224170,11.879271
1783943534294,45.000000,49.907967,15.563526,15.187490,34.720477,18.059509,18.125527,8.054217
1783943534314,45.020000,25.108540,15.463014,15.087433,10.021107,18.275133,18.345939,3.600634
1783943534334,45.040000,38.830402,15.360588,14.987748,23.842654,17.349209,17.424837,-0.852473
1783943534354,45.060000,31.153260,15.257415,14.889677,16.263583,14.845313,14.925809,-4.801783
1783943534374,45.080000,30.860722,15.154718,14.794483,16.066239,10.403472,10.488643,-7.962421
1783943534394,45.100000,19.332388,15.053759,14.703441,4.628947,4.135599,4.224991,-10.273704
1783943534414,45.120000,13.205412,14.955832,14.617832,-1.412420,-3.265315,-3.172316,-11.845356
1783943534434,45.140000,0.822285,14.862246,14.538930,-13.716645,-10.792592,-10.696636,-12.906926
1783943534454,45.160000,-1.804716,14.774316,14.467992,-16.272707,-17.516784,-17.418464,-13.755969
1783943534474,45.180000,-4.030749,14.693345,14.406252,-18.437002,-22.751457,-22.651261,-14.661960
1783943534494,45.200000,-13.710057,14.620613,14.354912,-28.064969,-25.873299,-25.771598,-15.748584
1783943534514,45.220000,-23.574130,14.557369,14.315132,-37.889262,-26.394123,-26.291186,-16.938050
1783943534534,45.240000,-2.461216,14.504810,14.288022,-16.749238,-24.510148,-24.406167,-17.993961
1783943534554,45.260000,-11.210754,14.464077,14.274635,-25.485389,-21.151794,-21.046911,-18.594099
1783943534574,45.280000,-3.633781,14.436244,14.275961,-17.909742,-17.323900,-17.218236,-18.374910
1783943534594,45.300000,-10.996475,14.422305,14.292917,-25.289392,-13.822969,-13.716645,-16.994482
1783943534614,45.320000,4.688607,14.423167,14.326338,-9.637731,-11.497920,-11.391079,-14.257222
1783943534634,45.340000,9.152702,14.439644,14.376976,-5.224274,-11.056664,-10.949493,-10.213746
1783943534654,45.360000,3.811035,14.472450,14.445489,-10.634454,-12.122657,-12.015406,-5.135821
1783943534674,45.380000,-19.047482,14.522192,14.532433,-33.579915,-12.892993,-12.785996,0.558232
1783943534694,45.400000,-0.153987,14.589368,14.638260,-14.792247,-11.439617,-11.333308,6.313736
1783943534714,45.420000,-1.481765,14.674363,14.763310,-16.245074,-7.249080,-7.144007,11.466456
1783943534734,45.440000,18.937120,14.777446,14.907803,4.029317,-1.267826,-1.164661,15.430461
1783943534754,45.460000,14.987744,14.898770,15.071841,-0.084097,5.170694,5.271145,17.972996
1783943534774,45.480000,24.936275,15.038372,15.255396,9.680879,11.240820,11.337619,19.318188
1783943534794,45.500000,17.155468,15.196172,15.458314,1.697154,16.648176,16.740254,19.958690
1783943534814,45.520000,38.370636,15.371974,15.680304,22.690332,21.060770,21.146938,20.343279
1783943534834,45.540000,33.433210,15.565470,15.920944,17.512266,23.883389,23.962347,20.688772
1783943534854,45.560000,40.475082,15.776238,16.179674,24.295408,24.667964,24.738324,20.990920
1783943534874,45.580000,30.988365,16.003751,16.455796,14.532569,23.458787,23.519096,21.120642
1783943534894,45.600000,32.568222,16.247375,16.748477,15.819745,20.625986,20.674750,20.878910
1783943534914,45.620000,28.691140,16.506373,17.056748,11.634392,16.507334,16.543051,20.010850
1783943534934,45.640000,31.056217,16.779912,17.379507,13.676710,11.377168,11.398365,18.259240
1783943534954,45.660000,9.097524,17.067063,17.715522,-8.617998,5.663719,5.668986,15.462357
1783943534974,45.680000,20.700941,17.366809,18.063437,2.637504,-0.160988,-0.172953,11.614925
1783943534994,45.700000,7.193381,17.678049,18.421777,-11.228396,-5.813315,-5.843665,6.863211
1783943535014,45.720000,13.019339,17.999603,18.788958,-5.769619,-10.958404,-11.008098,1.482698
1783943535034,45.740000,-7.029400,18.330216,19.163294,-26.192694,-14.899321,-14.969083,-4.141473
1783943535054,45.760000,-2.318867,18.668569,19.543007,-21.861874,-16.922088,-17.012380,-9.573765
1783943535074,45.780000,-1.228894,19.013282,19.926244,-21.155139,-17.030866,-17.141869,-14.424348
1783943535094,45.800000,8.038408,19.362924,20.311089,-12.272681,-16.084106,-16.215723,-18.389795
1783943535114,45.820000,3.819851,19.716017,20.695576,-16.875725,-15.108463,-15.260341,-21.207067
1783943535134,45.840000,11.143358,20.071052,21.077711,-9.934353,-14.563568,-14.735114,-22.620066
1783943535154,45.860000,4.311919,20.426490,21.455487,-17.143568,-14.090382,-14.280752,-22.445862
1783943535174,45.880000,8.779561,20.780779,21.828271,-13.048710,-12.762387,-12.970418,-20.696583
1783943535194,45.900000,2.172602,21.132357,22.192664,-20.020061,-9.775528,-9.999649,-17.643358
1783943535214,45.920000,18.759012,21.479668,22.546719,-3.787707,-5.261244,-5.499429,-13.761696
1783943535234,45.940000,24.810543,21.821169,22.888554,1.921989,-0.495622,-0.745415,-9.573638
1783943535254,45.960000,37.775360,22.155344,23.216372,14.558988,2.924265,2.665675,-5.458980
1783943535274,45.980000,31.089020,22.480710,23.528477,7.560543,4.324812,4.060511,-1.554797
1783943535294,46.000000,28.624943,22.795832,23.823293,4.801650,4.472506,4.205776,2.165588
1783943535314,46.020000,16.937590,23.099331,24.099380,-7.161790,4.773617,4.507866,5.677946
1783943535334,46.040000,43.692722,23.389893,24.355447,19.337275,5.928880,5.667581,8.747974
1783943535354,46.060000,33.175884,23.666280,24.590365,8.585519,7.600167,7.346800,11.001407
1783943535374,46.080000,41.978940,23.927340,24.803173,17.175767,9.185197,8.943195,12.165466
1783943535394,46.100000,24.900460,24.172012,24.993092,-0.092632,10.215360,9.988044,12.232713
1783943535414,46.120000,48.412815,24.399334,25.159525,23.253290,9.968590,9.759114,11.404278
1783943535434,46.140000,36.074036,24.608453,25.302059,10.771977,7.467003,7.278295,9.935651
1783943535454,46.160000,44.209150,24.798624,25.420471,18.788679,2.363951,2.198657,8.063267
1783943535474,46.180000,16.116676,24.969222,25.514717,-9.398041,-4.307703,-4.447273,5.993879
1783943535494,46.200000,22.939585,25.119742,25.584937,-2.645352,-10.486624,-10.598536,3.845329
1783943535514,46.220000,7.049704,25.249801,25.631441,-18.581737,-14.167708,-14.250445,1.569754
1783943535534,46.240000,13.271721,25.359140,25.654705,-12.382984,-14.343875,-14.396364,-1.008285
1783943535554,46.260000,22.505661,25.447630,25.655361,-3.149700,-11.343858,-11.365497,-4.010578
1783943535574,46.280000,36.001880,25.515263,25.634182,10.367698,-6.216971,-6.207634,-7.296111
1783943535594,46.300000,22.543139,25.562157,25.592074,-3.048935,0.414139,0.454094,-10.384805
1783943535614,46.320000,34.711548,25.588552,25.530058,9.181490,8.557883,8.627621,-12.608186
1783943535634,46.340000,41.671673,25.594806,25.449258,16.222415,17.890507,17.988732,-13.407506
1783943535654,46.360000,61.925774,25.581391,25.350880,36.574894,27.143168,27.268147,-12.552794
1783943535674,46.380000,60.422653,25.548888,25.236203,35.186450,34.588527,34.738121,-10.133111
1783943535694,46.400000,72.503525,25.497977,25.106553,47.396972,38.879708,39.051419,-6.417533
1783943535714,46.420000,57.870804,25.429434,24.963291,32.907513,39.441718,39.632733,-1.785384
1783943535734,46.440000,68.954185,25.344117,24.807794,44.146391,36.329584,36.536830,3.237916
1783943535754,46.460000,51.425446,25.242957,24.641439,26.784007,30.002416,30.222623,7.965568
1783943535774,46.480000,48.785510,25.126950,24.465583,24.319927,21.283789,21.513552,11.641255
1783943535794,46.500000,35.120766,24.997141,24.281551,10.839215,11.304460,11.540307,13.598239
1783943535814,46.520000,21.868536,24.854611,24.090622,-2.222086,1.307254,1.545708,13.400104
1783943535834,46.540000,13.209455,24.700470,23.894013,-10.684558,-7.687868,-7.450220,10.915427
1783943535854,46.560000,14.469708,24.535835,23.692873,-9.223165,-15.115288,-14.881733,6.341545
1783943535874,46.580000,-5.348641,24.361824,23.488268,-28.836909,-20.675813,-20.449455,0.197168
1783943535894,46.600000,-6.255775,24.179541,23.281179,-29.536954,-24.246686,-24.030397,-6.745587
1783943535914,46.620000,-6.583389,23.990063,23.072494,-29.655884,-26.238794,-26.035164,-13.604691
1783943535934,46.640000,-2.898397,23.794427,22.863005,-25.761402,-27.611321,-27.422622,-19.545640
1783943535954,46.660000,-5.350020,23.593627,22.653406,-28.003426,-29.143174,-28.971333,-23.876816
1783943535974,46.680000,-6.242812,23.388594,22.444293,-28.687105,-30.622706,-30.469280,-26.096037
1783943535994,46.700000,-24.301455,23.180197,22.236165,-46.537620,-30.796708,-30.662873,-25.965387
1783943536014,46.720000,-10.617777,22.969232,22.029428,-32.647205,-28.372701,-28.259250,-23.607069
1783943536034,46.740000,-14.476924,22.756418,21.824399,-36.301323,-23.255546,-23.162888,-19.498680
1783943536054,46.760000,10.725677,22.542395,21.621307,-10.895629,-16.839287,-16.767462,-14.290708
1783943536074,46.780000,9.797117,22.327720,21.420305,-11.623188,-11.099749,-11.048444,-8.531363
1783943536094,46.800000,10.718345,22.112866,21.221474,-10.503129,-7.328915,-7.297487,-2.501012
1783943536114,46.820000,13.582128,21.898227,21.024828,-7.442700,-5.627580,-5.615083,3.711530
1783943536134,46.840000,11.453230,21.684116,20.830328,-9.377098,-5.225003,-5.230223,9.982736
1783943536154,46.860000,12.568047,21.470769,20.637882,-8.069835,-4.981192,-5.002680,15.991730
1783943536174,46.880000,11.067286,21.258355,20.447361,-9.380075,-3.872683,-3.908792,21.242582
1783943536194,46.900000,14.312305,21.046974,20.258605,-5.946300,-1.462904,-1.511832,25.222448
1783943536214,46.920000,21.823883,20.836670,20.071430,1.752453,1.848240,1.788415,27.576155
1783943536234,46.940000,23.922590,20.627436,19.885639,4.036951,5.020002,4.951279,28.222971
1783943536254,46.960000,27.208427,20.419221,19.701032,7.507395,6.879962,6.804374,27.377531
1783943536274,46.980000,27.758945,20.211941,19.517410,8.241535,6.596694,6.516275,25.460236
1783943536294,47.000000,29.842943,20.005486,19.334589,10.508354,4.062409,3.979149,22.937250
1783943536314,47.020000,19.817398,19.799730,19.152400,0.664998,0.187505,0.103319,20.168604
1783943536334,47.040000,16.773209,19.594540,18.970704,-2.197495,-3.230463,-3.313764,17.320807
1783943536354,47.060000,6.781664,19.389783,18.789394,-12.007730,-4.305011,-4.385742,14.356269
1783943536374,47.080000,22.127844,19.185337,18.608401,3.519443,-2.094209,-2.170825,11.106982
1783943536394,47.100000,27.090384,18.981099,18.427698,8.662686,3.050312,2.979207,7.440998
1783943536414,47.120000,30.154190,18.776990,18.247308,11.906882,10.033479,9.969122,3.452916
1783943536434,47.140000,37.589394,18.572965,18.066991,19.522403,17.557958,17.501408,-0.470241
1783943536454,47.160000,50.418580,18.369019,17.887090,32.531490,24.257750,24.209855,-3.776549
1783943536474,47.180000,55.076492,18.165189,17.707784,37.368708,29.019829,28.981209,-5.968506
1783943536494,47.200000,47.242847,17.961562,17.529303,29.713544,31.438419,31.409455,-6.774939
1783943536514,47.220000,46.882980,17.758275,17.351926,29.531054,31.587023,31.567864,-6.244726
1783943536534,47.240000,57.490060,17.555520,17.175979,40.314081,29.348835,29.339412,-4.767106
1783943536554,47.260000,46.128790,17.353541,17.001830,29.126960,24.470763,24.470805,-2.969794
1783943536574,47.280000,42.579720,17.152635,16.829885,25.749835,17.275515,17.284570,-1.510374
1783943536594,47.300000,25.419380,16.953151,16.660582,8.758798,8.943744,8.961203,-0.901099
1783943536614,47.320000,25.464306,16.755486,16.494384,8.969922,1.119657,1.144774,-1.464930
1783943536634,47.340000,5.828178,16.560079,16.331778,-10.503599,-4.702856,-4.670943,-3.359378
1783943536654,47.360000,11.314944,16.367410,16.173261,-4.858317,-7.809167,-7.771405,-6.566559
1783943536674,47.380000,9.512894,16.177992,16.019343,-6.506449,-8.647747,-8.605149,-10.842567
1783943536694,47.400000,18.983086,15.992363,15.870530,3.112556,-8.445186,-8.398806,-15.678084
1783943536714,47.420000,7.230568,15.811081,15.727327,-8.496759,-8.235493,-8.186402,-20.330679
1783943536734,47.440000,9.897432,15.634717,15.590226,-5.692794,-8.289628,-8.238895,-23.979805
1783943536754,47.460000,3.898257,15.463847,15.459704,-11.561447,-8.370189,-8.318859,-25.976248
1783943536774,47.480000,11.204248,15.299041,15.336214,-4.131966,-8.226673,-8.175750,-26.044233
1783943536794,47.500000,4.366400,15.140861,15.220183,-10.853783,-7.771765,-7.722201,-24.304964
1783943536814,47.520000,10.098595,14.989848,15.112001,-5.013406,-7.033539,-6.986218,-21.142138
1783943536834,47.540000,8.387129,14.846519,15.012023,-6.624894,-6.097431,-6.053162,-17.033665
1783943536854,47.560000,10.923298,14.711355,14.920559,-3.997261,-5.005027,-4.964534,-12.435291
1783943536874,47.580000,0.441686,14.584799,14.837873,-14.396186,-3.779440,-3.743358,-7.730524
1783943536894,47.600000,17.513065,14.467245,14.764175,2.748890,-2.712318,-2.681187,-3.226381
1783943536914,47.620000,1.572412,14.359037,14.699621,-13.127209,-2.468287,-2.442551,0.842962
1783943536934,47.640000,26.148983,14.260459,14.644308,11.504675,-3.670715,-3.650723,4.332028
1783943536954,47.660000,-4.789610,14.171733,14.598271,-19.387881,-6.244549,-6.230559,7.200951
1783943536974,47.680000,4.173304,14.093016,14.561478,-10.388174,-9.277267,-9.269460,9.473262
1783943536994,47.700000,-10.289042,14.024395,14.533836,-24.822878,-11.788706,-11.787200,11.134707
1783943537014,47.720000,3.433516,13.965883,14.515178,-11.081663,-13.527684,-13.532548,12.081253
1783943537034,47.740000,-2.954026,13.917423,14.505276,-17.459302,-14.870641,-14.881900,12.200859
1783943537054,47.760000,8.014880,13.878883,14.503828,-6.488948,-15.972367,-15.989989,11.530403
1783943537074,47.780000,-17.118288,13.850057,14.510469,-31.628757,-16.077707,-16.101549,10.322240
1783943537094,47.800000,-6.658708,13.830666,14.524768,-21.183476,-14.003860,-14.033589,8.928207
1783943537114,47.820000,-2.830755,13.820363,14.546234,-17.376989,-9.445279,-9.480279,7.614204
1783943537134,47.840000,16.940046,13.818730,14.574314,2.365732,-3.451050,-3.490378,6.506126
1783943537154,47.860000,12.121614,13.825288,14.608403,-2.486789,2.433138,2.390643,5.710283
1783943537174,47.880000,21.754297,13.839495,14.647845,7.106452,7.150997,7.106363,5.427694
1783943537194,47.900000,14.493530,13.860754,14.691941,-0.198411,10.297681,10.251157,5.885841
1783943537214,47.920000,30.833105,13.888420,14.739952,16.093153,11.769151,11.719380,7.149636
1783943537234,47.940000,19.050604,13.921799,14.791108,4.259496,11.629131,11.572525,9.016377
1783943537254,47.960000,32.467400,13.960161,14.844610,17.622790,10.310964,10.241977,11.079059
1783943537274,47.980000,19.615362,14.002742,14.899644,4.715718,8.822751,8.735916,12.872727
1783943537294,48.000000,11.737566,14.048749,15.032588,-3.295022,8.493277,8.386641,13.984509
1783943537314,48.020000,12.650887,14.097369,15.088344,-2.437457,9.881400,9.758387,14.087952
1783943537334,48.040000,40.847897,14.147774,15.143024,25.704873,11.872127,11.739696,12.978912
1783943537354,48.060000,23.892136,14.199124,15.195802,8.696334,12.472258,12.337469,10.686488
1783943537374,48.080000,36.048080,14.250577,15.245868,20.802212,10.493094,10.361051,7.566588
1783943537394,48.100000,10.064123,14.301294,15.292429,-5.228306,6.256737,6.130293,4.200565
1783943537414,48.120000,20.828793,14.350438,15.334724,5.494069,1.066631,0.946987,1.096996
1783943537434,48.140000,7.014620,14.397190,15.372019,-8.357399,-3.642274,-3.754766,-1.558947
1783943537454,48.160000,7.661091,14.440745,15.403620,-7.742529,-6.805550,-6.910753,-3.901010
1783943537474,48.180000,2.825105,14.480319,15.428873,-12.603767,-8.011067,-8.108719,-6.182241
1783943537494,48.200000,16.257944,14.515156,15.447171,0.810773,-7.595078,-7.684702,-8.560405
1783943537514,48.220000,3.421995,14.544530,15.457958,-12.035963,-6.274895,-6.355852,-10.978229
1783943537534,48.240000,18.363865,14.567749,15.460732,2.903133,-4.676474,-4.748067,-13.167206
1783943537554,48.260000,6.078259,14.584161,15.455047,-9.376788,-3.180829,-3.242399,-14.757355
1783943537574,48.280000,19.319311,14.593156,15.440518,3.878793,-1.968188,-2.019181,-15.435300
1783943537594,48.300000,11.478765,14.594167,15.416822,-3.938057,-1.072987,-1.112979,-15.061203
1783943537614,48.320000,20.007109,14.586680,15.383698,4.623411,-0.365037,-0.393745,-13.692833
1783943537634,48.340000,14.877419,14.570230,15.340949,-0.463530,0.491658,0.474380,-11.540757
1783943537654,48.360000,22.494308,14.544407,15.288444,7.205864,2.017572,2.011743,-8.898410
1783943537674,48.380000,6.261518,14.508858,15.226112,-8.964595,4.656318,4.661828,-6.081507
1783943537694,48.400000,27.561150,14.463286,15.153949,12.407201,8.132642,8.149258,-3.390430
1783943537714,48.420000,27.095432,14.407457,15.072009,12.023423,11.133670,11.161036,-1.064397
1783943537734,48.440000,38.943214,14.341197,14.980406,23.962808,12.095874,12.133510,0.794768
1783943537754,48.460000,21.079475,14.264391,14.879309,6.200166,10.403524,10.450831,2.264329
1783943537774,48.480000,26.570992,14.176988,14.768942,11.802050,6.756533,6.812795,3.511344
1783943537794,48.500000,7.658255,14.078999,14.649576,-6.991321,2.565793,2.630189,4.601841
1783943537814,48.520000,20.375973,13.970495,14.521533,5.854440,-0.900708,-0.829097,5.381781
1783943537834,48.540000,4.108925,13.851607,14.385172,-10.276247,-2.993618,-2.915795,5.552477
1783943537854,48.560000,17.796177,13.722525,14.240895,3.555282,-3.695617,-3.612655,4.873740
1783943537874,48.580000,1.885150,13.583497,14.089138,-12.203989,-3.465410,-3.378438,3.330310
1783943537894,48.600000,18.871010,13.434826,13.930372,4.940638,-3.089382,-2.999565,1.162433
1783943537914,48.620000,3.531741,13.276869,13.765093,-10.233352,-3.456647,-3.365173,-1.221593
1783943537934,48.640000,18.191944,13.110036,13.593827,4.598117,-5.197316,-5.105375,-3.377075
1783943537954,48.660000,2.636332,12.934786,13.417123,-10.780791,-8.271810,-8.180577,-4.941780
1783943537974,48.680000,9.616751,12.751626,13.235551,-3.618800,-11.690643,-11.601261,-5.719011
1783943537994,48.700000,-16.975466,12.561109,13.049702,-30.025168,-13.778235,-13.691798,-5.723360
1783943538014,48.720000,3.718998,12.363832,12.860185,-9.141187,-13.181819,-13.099351,-5.179177
1783943538034,48.740000,-2.653735,12.160432,12.667627,-15.321362,-9.790075,-9.712519,-4.430892
1783943538054,48.760000,14.021327,11.951588,12.472669,1.548658,-4.648217,-4.576418,-3.757807
1783943538074,48.780000,11.240101,11.738013,12.275969,-1.035868,0.796173,0.861478,-3.196427
1783943538094,48.800000,20.984657,11.520459,12.078200,8.906457,5.353688,5.411883,-2.516489
1783943538114,48.820000,13.131842,11.299709,11.880049,1.251793,8.327773,8.378366,-1.384867
1783943538134,48.840000,32.422943,11.076579,11.682217,20.740726,9.459432,9.502067,0.411738
1783943538154,48.860000,6.516009,10.851913,11.485418,-4.969409,8.914828,8.949297,2.837342
1783943538174,48.880000,28.079520,10.626584,11.290539,16.788981,7.161421,7.187683,5.606142
1783943538194,48.900000,4.906336,10.401487,11.098109,-6.191773,4.653949,4.672146,8.269300
1783943538214,48.920000,20.502420,10.177542,10.908884,9.593536,1.686111,1.696576,10.341969
1783943538234,48.940000,4.020673,9.955688,10.723632,-6.702959,-1.531102,-1.527849,11.435989
1783943538254,48.960000,15.729167,9.736879,10.543137,5.186030,-4.641206,-4.644468,11.362159
1783943538274,48.980000,-7.238278,9.522087,10.368192,-17.606470,-6.970557,-6.979471,10.157728
1783943538294,49.000000,4.006686,9.312293,10.199606,-6.192920,-7.836960,-7.850511,8.030504
1783943538314,49.020000,-4.553765,9.108487,10.038198,-14.591963,-7.180922,-7.197950,5.269114
1783943538334,49.040000,15.756745,8.911665,9.884800,5.871945,-5.709320,-5.728539,2.195611
1783943538354,49.060000,1.634843,8.722825,9.740256,-8.105413,-4.245091,-4.265095,-0.817718
1783943538374,49.080000,9.140055,8.542966,9.605419,-0.465364,-3.059823,-3.079108,-3.350713
1783943538394,49.100000,1.742897,8.373082,9.481153,-7.738256,-1.935013,-1.951997,-5.036280
1783943538414,49.120000,16.140419,8.214159,9.368333,6.772086,-0.570832,-0.583874,-5.699130
1783943538434,49.140000,1.756974,8.067174,9.267838,-7.510864,1.265683,1.258254,-5.402632
1783943538454,49.160000,16.134270,7.933089,9.180554,6.953716,3.649249,3.649110,-4.377792
1783943538474,49.180000,13.145205,7.812851,9.107369,4.037836,6.321897,6.330698,-2.913541
1783943538494,49.200000,24.079365,7.707383,9.049171,15.030194,8.830754,8.850089,-1.268782
1783943538514,49.220000,7.157954,7.617582,9.006845,-1.848891,10.801323,10.832696,0.374845
1783943538534,49.240000,30.105484,7.544319,8.981266,21.124218,11.837465,11.882258,1.904730
1783943538554,49.260000,15.038139,7.488427,8.973296,6.064843,11.455010,11.514450,3.235338
1783943538574,49.280000,23.456080,7.450704,8.983780,14.472300,9.436499,9.511625,4.284523
1783943538594,49.300000,4.981692,7.431902,9.013536,-4.031844,6.023164,6.114788,4.972247
1783943538614,49.320000,17.861366,7.432727,9.063351,8.798015,1.683134,1.791817,5.208033
1783943538634,49.340000,1.021679,7.453829,9.133971,-8.112292,-3.012996,-2.886978,4.883143
1783943538654,49.360000,6.900314,7.495802,9.226095,-2.325781,-7.237852,-7.094538,3.910396
1783943538674,49.380000,-10.591480,7.559175,9.340365,-19.931845,-9.933064,-9.772829,2.284253
1783943538694,49.400000,2.023901,7.644412,9.477357,-7.453456,-10.229213,-10.052793,0.101826
1783943538714,49.420000,-11.101738,7.751898,9.637571,-20.739309,-7.945564,-7.754071,-2.450497
1783943538734,49.440000,12.611551,7.881945,9.821422,2.790129,-3.805689,-3.600625,-5.101231
1783943538754,49.460000,2.902698,8.034778,10.029227,-7.126530,0.842194,1.058930,-7.484930
1783943538774,49.480000,18.354645,8.210538,10.261201,8.093444,4.637144,4.863256,-9.169427
1783943538794,49.500000,12.589879,8.409273,10.517438,2.072441,6.709567,6.942368,-9.755615
1783943538814,49.520000,19.342627,8.630936,10.797907,8.544720,6.949605,7.186030,-9.018379
1783943538834,49.540000,4.062686,8.875381,11.102440,-7.039754,5.954972,6.191598,-7.018259
1783943538854,49.560000,15.577045,9.142361,11.430722,4.146323,4.521898,4.754975,-4.124610
1783943538874,49.580000,10.274836,9.431523,11.782279,-1.507443,3.171394,3.396879,-0.922656
1783943538894,49.600000,11.497194,9.742406,12.156477,-0.659283,2.199794,2.413399,1.972020
1783943538914,49.620000,1.801872,10.074439,12.552504,-10.750632,1.782318,1.979561,4.098494
1783943538934,49.640000,16.626097,10.426941,12.969372,3.656725,1.757267,1.933533,5.237745
1783943538954,49.660000,3.031780,10.799117,13.405908,-10.374128,1.579392,1.730000,5.399509
1783943538974,49.680000,25.297997,11.190059,13.860750,11.437247,0.744731,0.865011,4.775465
1783943538994,49.700000,-2.684091,11.598743,14.332345,-17.016436,-0.646419,-0.561049,3.683354
1783943539014,49.720000,6.724775,12.024034,14.818953,-8.094178,-1.915527,-1.869478,2.461664
1783943539034,49.740000,1.292051,12.464684,15.318644,-14.026593,-2.618252,-2.615675,1.332436
1783943539054,49.760000,14.507608,12.919333,15.829304,-1.321696,-3.058183,-3.102880,0.347157
1783943539074,49.780000,4.127185,13.386513,16.348643,-12.221458,-3.840525,-3.935863,-0.527011
1783943539094,49.800000,10.464784,13.864653,16.874206,-6.409422,-5.213158,-5.361978,-1.279332
1783943539114,49.820000,-1.160648,14.352077,17.403380,-18.564028,-6.906733,-7.111270,-1.830500
1783943539134,49.840000,5.358682,14.847015,17.933414,-12.574732,-8.429173,-8.690972,-2.118878
1783943539154,49.860000,-2.396455,15.347603,18.461434,-20.857889,-9.458261,-9.778107,-2.176169
1783943539174,49.880000,13.773051,15.851894,18.984462,-5.211411,-9.939437,-10.317295,-2.106802
1783943539194,49.900000,0.672255,16.357861,19.499441,-18.827186,-9.731233,-10.166194,-1.997618
1783943539214,49.920000,8.551277,16.863406,20.003257,-11.451980,-8.305827,-8.796069,-1.851603
1783943539234,49.940000,-1.876030,17.366369,20.492766,-22.368796,-5.143782,-5.686551,-1.611195
1783943539254,49.960000,24.084750,17.864536,20.964821,3.119929,-0.469963,-1.061567,-1.229892
1783943539274,49.980000,15.823724,18.355649,21.416303,-5.592579,4.629031,3.993211,-0.688726
1783943539294,50.000000,34.330452,18.837415,21.844148,12.486304,8.802804,8.128290,0.060282
1783943539314,50.020000,20.804241,19.307518,22.245377,-1.441136,10.994502,10.287690,1.120623
1783943539334,50.040000,42.450630,19.763629,22.617127,19.833503,10.662130,9.930257,2.577112
1783943539354,50.060000,22.465736,20.203417,22.956678,-0.490942,7.988284,7.239388,4.386061
1783943539374,50.080000,22.746910,20.624560,23.261482,-0.514572,3.909485,3.152361,6.322006
1783943539394,50.100000,13.333817,21.024756,23.529187,-10.195370,-0.521607,-1.277496,7.994516
1783943539414,50.120000,21.286097,21.401737,23.757664,-2.471567,-4.898872,-5.643554,8.930284
1783943539434,50.140000,15.311540,21.753277,23.943157,-8.631617,-9.400185,-10.123441,8.731091
1783943539454,50.160000,20.085464,22.077207,24.086417,-4.000953,-13.965097,-14.656750,7.256548
1783943539474,50.180000,-4.786415,22.371423,24.186115,-28.972529,-17.665925,-18.316058,4.695671
1783943539494,50.200000,7.027627,22.633901,24.241196,-17.213569,-19.127195,-19.726266,1.449459
1783943539514,50.220000,0.573600,22.862706,24.250902,-23.677302,-17.576783,-18.115691,-2.062796
1783943539534,50.240000,15.316553,23.056002,24.214775,-8.898222,-13.372263,-13.842423,-5.492101
1783943539554,50.260000,20.062996,23.212065,24.132657,-4.069661,-7.684651,-8.078091,-8.502565
1783943539574,50.280000,35.087600,23.329295,24.004689,11.082911,-1.658801,-1.968285,-10.689903
1783943539594,50.300000,20.921396,23.406219,23.831307,-2.909911,4.329887,4.110719,-11.617043
1783943539614,50.320000,36.632860,23.441508,23.613228,13.019632,10.475532,10.352029,-10.984328
1783943539634,50.340000,37.285780,23.433980,23.351435,13.934345,16.623054,16.599434,-8.806807
1783943539654,50.360000,59.670982,23.382610,23.047159,36.623823,21.916149,21.995395,-5.437108
1783943539674,50.380000,48.179980,23.286537,22.701859,25.478121,25.431200,25.614979,-1.402849
1783943539694,50.400000,54.083633,23.145065,22.317189,31.766444,26.811357,27.099973,2.783145
1783943539714,50.420000,54.940680,22.957673,21.894976,33.045704,26.222790,26.615149,6.681551
1783943539734,50.440000,47.617928,22.724014,21.437186,26.180742,24.112119,24.605729,9.887322
1783943539754,50.460000,42.377106,22.443920,20.945892,21.431214,20.986207,21.577198,12.014377
1783943539774,50.480000,43.601494,22.117396,20.423243,23.178251,17.042585,17.725752,12.745132
1783943539794,50.500000,35.153378,21.744627,19.871428,15.281950,12.046254,12.815126,11.906919
1783943539814,50.520000,39.010540,21.325968,19.292649,19.717891,5.740898,6.587824,9.535624
1783943539834,50.540000,18.225569,20.861949,18.689090,-0.463521,-1.548300,-0.632044,5.893802
1783943539854,50.560000,22.017609,20.353261,18.062885,3.954724,-8.650120,-7.674206,1.405149
1783943539874,50.580000,-7.015047,19.800760,17.416099,-24.431146,-13.937608,-12.912521,-3.477714
1783943539894,50.600000,15.314609,19.205454,16.750704,-1.436095,-16.175523,-15.112410,-8.383889
1783943539914,50.620000,-7.570477,18.568499,16.068558,-23.639035,-15.138965,-14.049484,-13.030030
1783943539934,50.640000,12.572918,17.891192,15.371395,-2.798477,-11.696765,-10.592918,-17.134360
1783943539954,50.660000,11.060555,17.174963,14.660807,-3.600252,-7.533345,-6.427319,-20.335928
1783943539974,50.680000,20.002218,16.421364,13.938241,6.063977,-4.407077,-3.311080,-22.198507
1783943539994,50.700000,11.856527,15.632066,13.204993,-1.348466,-3.249296,-2.175395,-22.316480
1783943540014,50.720000,20.273056,14.808845,12.462205,7.810851,-3.763115,-2.723081,-20.478943
1783943540034,50.740000,-8.968166,13.953575,11.710866,-20.679032,-4.742341,-3.747507,-16.819464
1783943540054,50.760000,10.119314,13.068222,10.951818,-0.832504,-5.147012,-4.208146,-11.871606
1783943540074,50.780000,9.489470,12.154830,10.185762,-0.696292,-5.036996,-4.164191,-6.448919
1783943540094,50.800000,18.121246,11.215515,9.413267,8.707979,-5.067539,-4.270119,-1.357009
1783943540114,50.820000,-5.339081,10.252459,8.634781,-13.973862,-5.313161,-4.599607,2.891948
1783943540134,50.840000,1.923896,9.267894,7.850644,-5.926747,-5.241914,-4.619782,6.144876
1783943540154,50.860000,-1.756563,8.264103,7.061102,-8.817665,-4.711590,-4.187405,8.441647
1783943540174,50.880000,12.734891,7.243403,6.266324,6.468567,-4.367819,-3.946934,9.852914
1783943540194,50.900000,-1.612014,6.208142,5.466417,-7.078431,-4.933110,-4.619507,10.487709
1783943540214,50.920000,3.279233,5.160692,4.661440,-1.382207,-6.423272,-6.219368,10.558235
1783943540234,50.940000,-12.670898,4.103437,3.851427,-16.522324,-8.155050,-8.061588,10.329110
1783943540254,50.960000,3.043045,3.038772,3.036399,0.006646,-9.254155,-9.270363,9.980812
1783943540274,50.980000,-23.519619,1.969092,2.216382,-25.736001,-9.085795,-9.209978,9.541858
1783943540294,51.000000,-2.810163,0.896785,1.371428,-4.181590,-7.684588,-7.915000,8.940410
1783943540314,51.020000,-3.472339,-0.175771,0.544741,-4.017080,-5.952576,-6.287744,8.114520
1783943540334,51.040000,3.255616,-1.246215,-0.287167,3.542782,-4.906809,-5.344851,7.118031
1783943540354,51.060000,-12.656474,-2.312209,-1.124161,-11.532313,-4.622008,-5.159667,6.154919
1783943540374,51.080000,-6.430044,-3.371446,-1.966022,-4.464022,-4.200196,-4.832397,5.481876
1783943540394,51.100000,-14.284778,-4.421649,-2.812431,-11.472347,-2.642934,-3.362905,5.228795
1783943540414,51.120000,-0.044479,-5.460582,-3.662965,3.618486,0.408717,-0.390911,5.307266
1783943540434,51.140000,-1.806406,-6.486053,-4.517081,2.710675,4.628708,3.758494,5.507734
1783943540454,51.160000,3.885048,-7.495919,-5.374112,9.259159,9.429666,8.498597,5.679905
1783943540474,51.180000,-1.637999,-8.488089,-6.233257,4.595257,14.172495,13.190770,5.818552
1783943540494,51.200000,13.446713,-9.460535,-7.093579,20.540292,17.975046,16.953204,6.006416
1783943540514,51.220000,8.817712,-10.411290,-7.954002,16.771714,19.747691,18.696536,6.312653
1783943540534,51.240000,17.254826,-11.338459,-8.813303,26.068129,18.795758,17.726283,6.746552
1783943540554,51.260000,0.058226,-12.240224,-9.670118,9.728344,15.468825,14.392123,7.256650
1783943540574,51.280000,-2.427660,-13.114846,-10.522943,8.095283,11.141519,10.068686,7.706781
1783943540594,51.300000,-17.270426,-13.960677,-11.370133,-5.900293,7.358017,6.300041,7.831240
1783943540614,51.320000,-8.116421,-14.776161,-12.209913,4.093492,4.789436,3.757075,7.259355
1783943540634,51.340000,-9.198973,-15.559846,-13.040382,3.841409,2.993913,1.997576,5.670309
1783943540654,51.360000,-9.588921,-16.310385,-13.859526,4.270605,1.234929,0.284554,3.005596
1783943540674,51.380000,-19.226854,-17.026547,-14.665232,-4.561622,-0.561987,-1.457043,-0.433798
1783943540694,51.400000,-20.837692,-17.707221,-15.455297,-5.382395,-1.675518,-2.506589,-4.107660
1783943540714,51.420000,-22.680271,-18.351425,-16.227454,-6.452817,-1.174369,-1.933579,-7.482437
1783943540734,51.440000,-21.439163,-18.958309,-16.979386,-4.459777,1.431185,0.750827,-10.208011
1783943540754,51.460000,-23.505642,-19.527165,-17.708749,-5.796893,5.727843,5.132364,-12.130839
1783943540774,51.480000,-13.477711,-20.057427,-18.413200,4.935489,10.117382,9.611774,-13.208046
1783943540794,51.500000,1.598557,-20.548685,-19.090417,20.688974,12.201134,11.789295,-13.414815
1783943540814,51.520000,-4.292847,-21.000680,-19.738131,15.445284,10.260699,9.945388,-12.687776
1783943540834,51.540000,-26.713660,-21.413316,-20.354153,-6.359507,4.671869,4.454680,-10.961263
1783943540854,51.560000,-31.092365,-21.786661,-20.936404,-10.155961,-2.434712,-2.553367,-8.336745
1783943540874,51.580000,-37.107452,-22.120946,-21.482941,-15.624511,-8.772877,-8.793756,-5.259303
1783943540894,51.600000,-38.015965,-22.416576,-21.991994,-16.023971,-12.958201,-12.883214,-2.470865
1783943540914,51.620000,-50.359188,-22.674122,-22.461988,-27.897200,-14.678943,-14.511106,-0.701631
1783943540934,51.640000,-32.035866,-22.894327,-22.891574,-9.144292,-14.600693,-14.344070,-0.331274
1783943540954,51.660000,-37.985847,-23.078105,-23.279655,-14.706192,-13.835098,-13.494722,-1.241861
1783943540974,51.680000,-38.236620,-23.226535,-23.625410,-14.611210,-12.983855,-12.565637,-2.892514
1783943540994,51.700000,-49.705864,-23.340862,-23.928314,-25.777550,-11.855986,-11.366607,-4.553073
1783943541014,51.720000,-30.430050,-23.422490,-24.188157,-6.241893,-10.136689,-9.583483,-5.597710
1783943541034,51.740000,-44.901012,-23.472979,-24.405054,-20.495958,-7.911112,-7.301931,-5.701953
1783943541054,51.760000,-22.924938,-23.494036,-24.579456,1.654518,-5.563568,-4.906644,-4.840164
1783943541074,51.780000,-35.146620,-23.487510,-24.712153,-10.434467,-3.412587,-2.716383,-3.151546
1783943541094,51.800000,-28.823805,-23.455377,-24.804274,-4.019531,-1.462901,-0.735944,-0.831519
1783943541114,51.820000,-34.095383,-23.399737,-24.857281,-9.238102,0.349779,1.099058,1.883693
1783943541134,51.840000,-18.264767,-23.322800,-24.872955,6.608188,1.731665,2.495098,4.703602
1783943541154,51.860000,-27.668444,-23.226873,-24.853386,-2.815058,2.151812,2.921624,7.320851
1783943541174,51.880000,-15.252718,-23.114348,-24.801599,9.548881,1.402037,2.170943,9.494076
1783943541194,51.900000,-29.073877,-22.987689,-24.719658,-4.354219,0.009381,0.770641,11.097617
1783943541214,51.920000,-31.574299,-22.849417,-24.610405,-6.963894,-0.942615,-0.195146,12.080821
1783943541234,51.940000,-32.468384,-22.702095,-24.476881,-7.991503,-0.713246,0.014940,12.382077
1783943541254,51.960000,-15.038539,-22.548314,-24.322289,9.283750,0.341098,1.045214,11.911096
1783943541274,51.980000,-27.026886,-22.390674,-24.149963,-2.876923,1.111375,1.787381,10.646916
1783943541294,52.000000,-13.022711,-22.231774,-23.963323,10.940612,0.649485,1.294105,8.753795
1783943541314,52.020000,-26.264618,-22.074188,-23.765844,-2.498774,-1.247730,-0.637017,6.572408
1783943541334,52.040000,-22.220592,-21.920456,-23.561014,1.340422,-3.926007,-3.351001,4.466160
1783943541354,52.060000,-30.863098,-21.773063,-23.352295,-7.510803,-6.192865,-5.654700,2.649157
1783943541374,52.080000,-32.102560,-21.634423,-23.143091,-8.959469,-6.963426,-6.462643,1.120607
1783943541394,52.100000,-24.934134,-21.506866,-22.936710,-1.997424,-5.907420,-5.444058,-0.274052
1783943541414,52.120000,-12.796237,-21.392621,-22.736334,9.940097,-3.494058,-3.067755,-1.692854
1783943541434,52.140000,-27.353905,-21.293798,-22.544991,-4.808914,-0.350493,0.039406,-3.143854
1783943541454,52.160000,-13.655236,-21.212377,-22.365527,8.710291,3.028278,3.382604,-4.451069
1783943541474,52.180000,-10.539097,-21.150193,-22.200592,11.661495,5.966107,6.285753,-5.364854
1783943541494,52.200000,-6.859588,-21.108922,-22.052613,15.193025,7.656801,7.942605,-5.701070
1783943541514,52.220000,-8.043842,-21.090068,-21.923791,13.879949,7.645208,7.897847,-5.399944
1783943541534,52.240000,-6.571432,-21.094955,-21.816087,15.244655,6.112565,6.332450,-4.521677
1783943541554,52.260000,-16.797401,-21.124711,-21.731221,4.933820,3.814087,4.001283,-3.248399
1783943541574,52.280000,-9.756677,-21.180268,-21.670671,11.913994,1.731456,1.885603,-1.883307
1783943541594,52.300000,-16.044678,-21.262343,-21.635678,5.591000,0.712853,0.833118,-0.790279
1783943541614,52.320000,-18.966564,-21.371443,-21.627254,2.660690,1.251509,1.336558,-0.281604
1783943541634,52.340000,-9.887733,-21.507850,-21.646192,11.758459,3.205100,3.253087,-0.515761
1783943541654,52.360000,-7.196014,-21.671625,-21.693079,14.497065,5.752018,5.760601,-1.444055
1783943541674,52.380000,-7.474367,-21.862602,-21.768312,14.293945,7.869492,7.835874,-2.815122
1783943541694,52.400000,-5.037629,-22.080390,-21.872113,16.834484,8.816854,8.737853,-4.245308
1783943541714,52.420000,-7.944324,-22.324372,-22.004545,14.060220,8.283275,8.155407,-5.352121
1783943541734,52.440000,-6.468141,-22.593708,-22.165528,15.697387,6.405847,6.225437,-5.897619
1783943541754,52.460000,-14.792536,-22.887339,-22.354854,7.562318,3.757546,3.520858,-5.860223
1783943541774,52.480000,-17.192860,-23.203995,-22.572201,5.379341,1.157318,0.860697,-5.413330
1783943541794,52.500000,-20.593246,-23.542200,-22.817144,2.223898,-0.734292,-1.094263,-4.847994
1783943541814,52.520000,-11.054827,-23.900279,-23.089160,12.034333,-1.626318,-2.052655,-4.462699
1783943541834,52.540000,-29.731125,-24.276372,-23.387642,-6.343483,-1.402706,-1.897857,-4.443927
1783943541854,52.560000,-15.002853,-24.668442,-23.711892,8.709039,-0.078813,-0.644493,-4.800480
1783943541874,52.580000,-28.612156,-25.074289,-24.061126,-4.551030,1.871100,1.234065,-5.391509
1783943541894,52.600000,-6.331455,-25.491564,-24.434469,18.103015,3.424890,2.716713,-6.003153
1783943541914,52.620000,-17.818897,-25.917781,-24.830946,7.012049,3.598781,2.820843,-6.397152
1783943541934,52.640000,-16.939590,-26.350335,-25.249472,8.309882,2.288998,1.443956,-6.337748
1783943541954,52.660000,-27.375784,-26.786519,-25.688838,-1.686946,0.451678,-0.456450,-5.667173
1783943541974,52.680000,-30.540058,-27.223539,-26.147698,-4.392360,-0.608523,-1.574302,-4.418414
1783943541994,52.700000,-33.577724,-27.658534,-26.624548,-6.953176,-0.260132,-1.276691,-2.858779
1783943542014,52.720000,-16.930735,-28.088590,-27.117714,10.186979,0.928971,-0.130068,-1.379477
1783943542034,52.740000,-27.937107,-28.510767,-27.625327,-0.311780,1.727295,0.635459,-0.276326
1783943542054,52.760000,-23.708323,-28.922109,-28.145313,4.436990,1.243613,0.129958,0.409753
1783943542074,52.780000,-29.115200,-29.319670,-28.675372,-0.439828,-0.580681,-1.703995,0.863917
1783943542094,52.800000,-32.973660,-29.700529,-29.212968,-3.760692,-2.989383,-4.109171,1.319665
1783943542114,52.820000,-45.131630,-30.061812,-29.755317,-15.376313,-4.790284,-5.892517,1.883133
1783943542134,52.840000,-38.145706,-30.400708,-30.299382,-7.846324,-5.140820,-6.210843,2.474962
1783943542154,52.860000,-40.001810,-30.714491,-30.841871,-9.159939,-4.151281,-5.174053,2.903877
1783943542174,52.880000,-27.986328,-31.000534,-31.379242,3.392914,-2.646535,-3.606888,3.021837
1783943542194,52.900000,-41.945747,-31.256329,-31.907710,-10.038037,-1.379626,-2.262544,2.861685
1783943542214,52.920000,-35.620420,-31.479505,-32.423266,-3.197154,-0.621839,-1.412742,2.638693
1783943542234,52.940000,-38.352947,-31.667840,-32.921695,-5.431252,-0.385399,-1.070433,2.607784
1783943542254,52.960000,-34.893486,-31.819280,-33.398609,-1.494877,-0.619691,-1.186012,2.912341
1783943542274,52.980000,-45.008595,-31.931949,-33.849477,-11.159118,-1.164597,-1.600648,3.539389
1783943542294,53.000000,-30.941557,-32.004166,-34.269665,3.328108,-1.766353,-2.062117,4.367529
1783943542314,53.020000,-43.515710,-32.034452,-34.654488,-8.861222,-2.016433,-2.163670,5.238565
1783943542334,53.040000,-49.351685,-32.021546,-34.999254,-14.352431,-1.394165,-1.386624,6.004715
1783943542354,53.060000,-32.450798,-31.964409,-35.299324,2.848526,0.190480,0.356878,6.543658
1783943542374,53.080000,-35.119972,-31.862235,-35.550168,0.430196,2.184767,2.511771,6.779929
1783943542394,53.100000,-44.308178,-31.714457,-35.747429,-8.560749,3.868440,4.355332,6.727506
1783943542414,53.120000,-27.369087,-31.520750,-35.886984,8.517897,4.519771,5.163280,6.499474
1783943542434,53.140000,-34.461525,-31.281036,-35.964763,1.503238,3.447367,4.241631,6.250066
1783943542454,53.160000,-33.231873,-30.995486,-35.977057,2.745184,0.535305,1.471917,6.096222
1783943542474,53.180000,-47.963634,-30.664520,-35.920825,-12.042809,-3.435321,-2.367188,6.069559
1783943542494,53.200000,-38.116210,-30.288806,-35.793511,-2.322699,-7.187872,-6.001283,6.086887
1783943542514,53.220000,-56.662407,-29.869257,-35.593098,-21.069309,-9.538890,-8.248922,5.947057
1783943542534,53.240000,-40.602760,-29.407028,-35.318156,-5.284604,-9.851588,-8.475077,5.404343
1783943542554,53.260000,-48.641792,-28.903507,-34.967881,-13.673911,-8.276166,-6.831423,4.304026
1783943542574,53.280000,-38.881104,-28.360310,-34.542124,-4.338980,-5.650603,-4.157114,2.691183
1783943542594,53.300000,-34.654854,-27.779275,-34.041415,-0.613439,-3.181798,-1.659888,0.826745
1783943542614,53.320000,-26.120115,-27.162444,-33.466976,7.346861,-1.887231,-0.357723,-0.885640
1783943542634,53.340000,-41.986540,-26.512059,-32.820724,-9.165816,-2.002787,-0.486639,-2.034060
1783943542654,53.360000,-27.490290,-25.830543,-32.105262,4.614972,-3.038559,-1.556496,-2.358598
1783943542674,53.380000,-34.842262,-25.120492,-31.323861,-3.518401,-4.264792,-2.836943,-1.863925
1783943542694,53.400000,-33.707115,-24.384652,-30.480430,-3.226685,-4.958892,-3.604436,-0.810698
1783943542714,53.420000,-35.171024,-23.625909,-29.579481,-5.591543,-4.651257,-3.388090,0.407766
1783943542734,53.440000,-24.282022,-22.847269,-28.626077,4.344055,-3.460133,-2.304556,1.420069
1783943542754,53.460000,-20.919390,-22.051840,-27.625776,6.706386,-1.935248,-0.901694,1.996391
1783943542774,53.480000,-19.043373,-21.242814,-26.584569,7.541196,-0.415385,0.483829,2.113666
1783943542794,53.500000,-28.480461,-20.423446,-25.508806,-2.971655,1.237754,1.992627,1.927980
1783943542814,53.520000,-12.909250,-19.597037,-24.405122,11.495872,3.094407,3.697412,1.642274
1783943542834,53.540000,-19.244009,-18.766912,-23.280354,4.036345,4.559728,5.005917,1.373055
1783943542854,53.560000,3.156365,-17.936400,-22.141462,25.297827,4.573519,4.860571,1.135710
1783943542874,53.580000,-18.428205,-17.108815,-20.995443,2.567238,2.458080,2.586276,0.927756
1783943542894,53.600000,-7.303996,-16.287436,-19.849248,12.545252,-1.479596,-1.507474,0.771539
1783943542914,53.620000,-26.036394,-15.475487,-18.709703,-7.326691,-6.146447,-6.325291,0.648517
1783943542934,53.640000,-19.565662,-14.676119,-17.583431,-1.982231,-10.328124,-10.650721,0.413776
1783943542954,53.660000,-20.988453,-13.892389,-16.476776,-4.511677,-13.207318,-13.664571,-0.184911
1783943542974,53.680000,-21.495321,-13.127245,-15.395739,-6.099582,-14.375564,-14.956622,-1.365676
1783943542994,53.700000,-22.300472,-12.383508,-14.345921,-7.954551,-13.612915,-14.305141,-3.161470
1783943543014,53.720000,-11.178769,-11.663854,-13.332465,2.153696,-10.840844,-11.629586,-5.371431
1783943543034,53.740000,-14.073683,-10.970803,-12.360015,-1.713668,-6.084523,-6.952795,-7.621247
1783943543054,53.760000,1.979711,-10.306699,-11.432682,13.412393,0.607332,-0.321058,-9.471337
1783943543074,53.780000,5.946681,-9.673706,-10.554020,16.500701,9.163831,8.196478,-10.515911
1783943543094,53.800000,11.193753,-9.073787,-9.727010,20.920763,19.362203,18.376673,-10.461672
1783943543114,53.820000,21.972826,-8.508703,-9.016888,30.989714,30.335957,29.349541,-9.191280
1783943543134,53.840000,48.069540,-7.980000,-8.296137,56.365677,40.172447,39.197310,-6.781838
1783943543154,53.860000,43.643623,-7.489007,-7.632992,51.276615,46.499279,45.544045,-3.450586
1783943543174,53.880000,54.033264,-7.036829,-7.028176,61.061440,47.630810,46.703521,0.521477
1783943543194,53.900000,40.694410,-6.624347,-6.481894,47.176304,43.208954,42.318948,4.791918
1783943543214,53.920000,31.991709,-6.252219,-5.993866,37.985575,34.118510,33.276927,8.872100
1783943543234,53.940000,19.288502,-5.920880,-5.563374,24.851876,21.914239,21.133678,12.071663
1783943543254,53.960000,17.166214,-5.630549,-5.189305,22.355519,8.323811,7.617241,13.596272
1783943543274,53.980000,-13.391966,-5.381234,-4.870202,-8.521764,-4.783847,-5.405229,12.780814
1783943543294,54.000000,-14.419464,-5.172739,-4.660994,-9.758470,-15.575447,-16.105029,9.315238
1783943543314,54.020000,-27.454695,-5.004673,-4.445184,-23.009511,-22.863351,-23.300455,3.347839
1783943543334,54.040000,-30.302208,-4.876462,-4.278511,-26.023697,-26.515930,-26.864254,-4.534236
1783943543354,54.060000,-24.989586,-4.787358,-4.158643,-20.830943,-27.380512,-27.645385,-13.385689
1783943543374,54.080000,-21.131248,-4.736453,-4.083147,-17.048101,-26.681075,-26.867768,-22.018442
1783943543394,54.100000,-31.109224,-4.722688,-4.049531,-27.059693,-25.135918,-25.249294,-29.182577
1783943543414,54.120000,-23.968771,-4.744871,-4.055279,-19.913492,-22.672425,-22.717252,-33.820690
1783943543434,54.140000,-30.844750,-4.801685,-4.097884,-26.746866,-18.973578,-18.954991,-35.319430
1783943543454,54.160000,-11.168636,-4.891703,-4.174873,-6.993763,-14.099519,-14.023328,-33.630120
1783943543474,54.180000,-23.605154,-5.013401,-4.283833,-19.321321,-8.644171,-8.516949,-29.183577
1783943543494,54.200000,-3.432651,-5.165171,-4.422427,0.989777,-3.617335,-3.446307,-22.675941
1783943543514,54.220000,-4.924146,-5.345334,-4.588407,-0.335739,-0.176574,0.030598,-14.868812
1783943543534,54.240000,4.035217,-5.552150,-4.779625,8.814843,1.037732,1.273198,-6.468736
1783943543554,54.260000,-19.296413,-5.783833,-4.994039,-14.302374,0.447067,0.703020,1.907054
1783943543574,54.280000,-7.543525,-6.038561,-5.229716,-2.313809,-0.938396,-0.669533,9.686622
1783943543594,54.300000,-14.644092,-6.314487,-5.484831,-9.159261,-2.486951,-2.212367,16.293165
1783943543614,54.320000,-6.462160,-6.609752,-5.757665,-0.704495,-4.162253,-3.888637,21.201944
1783943543634,54.340000,-13.601933,-6.922492,-6.046602,-7.555332,-5.933690,-5.667137,24.104616
1783943543654,54.360000,-15.570005,-7.250851,-6.350122,-9.219883,-7.220832,-6.966768,25.027908
1783943543674,54.380000,-26.414540,-7.592988,-6.666793,-19.747747,-7.035566,-6.798694,24.280449
1783943543694,54.400000,-12.626030,-7.947088,-6.995266,-5.630764,-4.744855,-4.529109,22.287140
1783943543714,54.420000,-15.812130,-8.311370,-7.334264,-8.477866,-0.602968,-0.411488,19.472494
1783943543734,54.440000,-7.465290,-8.684091,-7.682575,0.217285,4.369672,4.534549,16.257109
1783943543754,54.460000,-4.409217,-9.063560,-8.039043,3.629825,8.748087,8.884827,13.088410
1783943543774,54.480000,4.945487,-9.448137,-8.402560,13.348047,11.170117,11.277964,10.410884
1783943543794,54.500000,-2.406321,-9.836246,-8.772059,6.365738,10.990141,11.069091,8.571185
1783943543814,54.520000,-3.825500,-10.226374,-9.146511,5.321010,8.672941,8.723698,7.711795
1783943543834,54.540000,-15.743662,-10.617084,-9.524911,-6.218751,5.472392,5.496317,7.695576
1783943543854,54.560000,-9.955612,-11.007011,-9.906282,-0.049330,2.647937,2.646986,8.105942
1783943543874,54.580000,-14.167744,-11.394872,-10.289668,-3.878076,0.944333,0.920987,8.373456
1783943543894,54.600000,-16.332018,-11.779469,-10.674131,-5.657887,0.603920,0.561101,7.998671
1783943543914,54.620000,-17.112846,-12.159691,-11.058751,-6.054095,1.439183,1.380151,6.740106
1783943543934,54.640000,-7.252549,-12.534514,-11.442625,4.190076,2.831041,2.759283,4.667436
1783943543954,54.660000,-15.045210,-12.903011,-11.824871,-3.220339,4.028411,3.947523,2.096259
1783943543974,54.680000,-8.382817,-13.264344,-12.204625,3.821808,4.565173,4.478763,-0.532450
1783943543994,54.700000,-13.543137,-13.617774,-12.580124,-0.963013,4.396706,4.308350,-2.790868
1783943544014,54.720000,-9.086593,-13.962654,-12.951283,3.864690,3.876988,3.790211,-4.389324
1783943544034,54.740000,-25.821348,-14.298435,-13.317341,-12.504007,3.561708,3.479969,-5.245750
1783943544054,54.760000,-10.385857,-14.624664,-13.677574,3.291717,3.646689,3.573333,-5.481051
1783943544074,54.780000,-13.604735,-14.940981,-14.031302,0.426567,3.622697,3.560897,-5.341551
1783943544094,54.800000,-7.171633,-15.247122,-14.377892,7.206259,2.805717,2.758398,-5.065151
1783943544114,54.820000,-13.050079,-15.542911,-14.716762,1.666683,1.243276,1.213057,-4.763451
1783943544134,54.840000,-25.959146,-15.828265,-15.047389,-10.911757,-0.026470,-0.037325,-4.421810
1783943544154,54.860000,-28.761421,-16.103185,-15.369310,-13.392111,0.114074,0.124453,-4.029232
1783943544174,54.880000,-12.664842,-16.367758,-15.682131,3.017289,1.548417,1.581478,-3.691655
1783943544194,54.900000,-15.007120,-16.622147,-15.985527,0.978407,2.779178,2.835930,-3.573918
1783943544214,54.920000,-5.085530,-16.866593,-16.279247,11.193717,2.138890,2.219889,-3.715275
1783943544234,54.940000,-22.992035,-17.101406,-16.563118,-6.428917,-0.937371,-0.832023,-3.930317
1783943544254,54.960000,-19.388496,-17.326962,-16.837044,-2.551452,-5.575356,-5.446017,-3.934076
1783943544274,54.980000,-39.595673,-17.543694,-17.101013,-22.494660,-10.101584,-9.949062,-3.587172
1783943544294,55.000000,-34.922375,-17.752089,-17.355088,-17.567287,-13.165485,-12.991027,-3.037081
1783943544314,55.020000,-31.924938,-17.952681,-17.599417,-14.325521,-14.585504,-14.390785,-2.638894
1783943544334,55.040000,-24.474546,-18.146041,-17.834222,-6.640324,-15.110460,-14.897557,-2.710051
1783943544354,55.060000,-33.137302,-18.332771,-18.059804,-15.077498,-15.311257,-15.082629,-3.296577
1783943544374,55.080000,-35.649677,-18.513495,-18.276534,-17.373143,-14.925830,-14.684283,-4.133505
1783943544394,55.100000,-36.545500,-18.688852,-18.484851,-18.060649,-13.319226,-13.067883,-4.828045
1783943544414,55.120000,-23.547655,-18.859486,-18.685256,-4.862399,-10.260397,-10.002660,-5.089553
1783943544434,55.140000,-28.282707,-19.026036,-18.878304,-9.404403,-6.084834,-5.824349,-4.806426
1783943544454,55.160000,-14.159822,-19.189129,-19.064600,4.904778,-1.391232,-1.131840,-3.967340
1783943544474,55.180000,-17.222635,-19.349368,-19.244786,2.022151,3.227654,3.481952,-2.573723
1783943544494,55.200000,-6.296110,-19.507327,-19.419537,13.123428,7.350235,7.595332,-0.636311
1783943544514,55.220000,-14.332982,-19.663536,-19.589549,5.256567,10.731125,10.962848,1.772096
1783943544534,55.240000,1.107719,-19.818480,-19.755529,20.863248,13.112461,13.326620,4.474781
1783943544554,55.260000,-3.383428,-19.972584,-19.918188,16.534760,14.199671,14.392108,7.201225
1783943544574,55.280000,-1.855917,-20.126210,-20.078230,18.222313,13.953351,14.119990,9.647000
1783943544594,55.300000,-3.196681,-20.279649,-20.236342,17.039661,12.772757,12.909651,11.537837
1783943544614,55.320000,-10.652622,-20.433114,-20.393187,9.740565,11.318657,11.422038,12.654779
1783943544634,55.340000,-7.670651,-20.586736,-20.549394,12.878743,10.091252,10.157583,12.829629
1783943544654,55.360000,-5.308840,-20.740561,-20.705550,15.396710,9.118164,9.144189,11.962567
1783943544674,55.380000,-13.943535,-20.894543,-20.862195,6.918660,8.059183,8.041976,10.076232
1783943544694,55.400000,-5.055936,-21.048545,-21.019812,15.963876,6.466911,6.403926,7.352561
1783943544714,55.420000,-11.938722,-21.202335,-21.178822,9.240100,4.061066,3.950189,4.108578
1783943544734,55.440000,-15.080736,-21.355588,-21.339580,6.258844,1.077348,0.916946,0.716844
1783943544754,55.460000,-29.521946,-21.507883,-21.502367,-8.019579,-1.812942,-2.023974,-2.499274
1783943544774,55.480000,-13.245625,-21.658707,-21.667385,8.421760,-4.108477,-4.370671,-5.350510
1783943544794,55.500000,-25.023407,-21.807457,-21.834753,-3.188654,-5.688479,-6.001747,-7.785616
1783943544814,55.520000,-21.078453,-21.953441,-22.004502,0.926049,-6.398047,-6.761644,-9.802929
1783943544834,55.540000,-37.359070,-22.095883,-22.176571,-15.182499,-5.992836,-6.405325,-11.367459
1783943544854,55.560000,-17.949580,-22.233924,-22.350800,4.401220,-4.740299,-5.199517,-12.421866
1783943544874,55.580000,-17.810493,-22.366634,-22.526925,4.716432,-3.586603,-4.089642,-12.928115
1783943544894,55.600000,-20.282095,-22.493009,-22.704575,2.422480,-3.336558,-3.879747,-12.845052
1783943544914,55.620000,-27.507093,-22.611982,-22.883265,-4.623828,-3.966239,-4.545138,-12.101773
1783943544934,55.640000,-20.629390,-22.722430,-23.062389,2.432999,-4.856783,-5.466186,-10.666015
1783943544954,55.660000,-26.970080,-22.823178,-23.241217,-3.728863,-5.249124,-5.883077,-8.649147
1783943544974,55.680000,-31.171180,-22.913007,-23.418888,-7.752292,-4.527350,-5.179176,-6.317477
1783943544994,55.700000,-21.285350,-22.990664,-23.594403,2.309053,-2.622706,-3.285046,-3.996076
1783943545014,55.720000,-21.458607,-23.054869,-23.766625,2.308018,-0.191465,-0.856334,-1.946737
1783943545034,55.740000,-20.241484,-23.104320,-23.934268,3.692784,1.757407,1.098550,-0.282397
1783943545054,55.760000,-9.648834,-23.137709,-24.095898,14.447064,2.424412,1.780581,1.053951
1783943545074,55.780000,-26.040249,-23.153724,-24.249931,-1.790318,1.716853,1.097438,2.228629
1783943545094,55.800000,-19.980549,-23.151061,-24.394628,4.414079,0.324005,-0.261345,3.389972
1783943545114,55.820000,-27.254175,-23.128434,-24.528098,-2.726077,-0.806077,-1.347577,4.550812
1783943545134,55.840000,-20.394423,-23.084583,-24.648300,4.253877,-0.973313,-1.461184,5.566246
1783943545154,55.860000,-30.542530,-23.018285,-24.753052,-5.789478,0.094657,-0.329961,6.222915
1783943545174,55.880000,-13.329609,-22.928361,-24.840029,11.510420,2.176530,1.824474,6.373575
1783943545194,55.900000,-27.932062,-22.813687,-24.906786,-3.025276,4.638244,4.367579,6.023729
1783943545214,55.920000,-12.349125,-22.673205,-24.950759,12.601634,6.606762,6.425666,5.328469
1783943545234,55.940000,-17.413158,-22.505929,-24.969290,7.556132,7.165813,7.081648,4.525858
1783943545254,55.960000,-11.018709,-22.310957,-24.959646,13.940937,5.811510,5.830655,3.853503
1783943545274,55.980000,-26.410257,-22.087477,-24.919037,-1.491220,2.926781,3.054478,3.472603
1783943545294,56.000000,-23.152077,-21.834779,-24.844650,1.692573,-0.336059,-0.095858,3.402725
1783943545314,56.020000,-30.181028,-21.552261,-24.733674,-5.447354,-2.665544,-2.310322,3.488939
1783943545334,56.040000,-30.831120,-21.239436,-24.583336,-6.247784,-3.164087,-2.692906,3.449836
1783943545354,56.060000,-24.081406,-20.895942,-24.390937,0.309531,-1.668979,-1.082628,3.013875
1783943545374,56.080000,-27.932964,-20.521549,-24.153893,-3.779071,1.235383,1.934255,2.070102
1783943545394,56.100000,-14.120852,-20.116160,-23.869771,9.748919,4.481047,5.287822,0.740889
1783943545414,56.120000,-16.663937,-19.679825,-23.536339,6.872402,6.979616,7.887675,-0.653338
1783943545434,56.140000,-18.849976,-19.212737,-23.149864,4.299888,8.078764,9.079570,-1.715726
1783943545454,56.160000,-16.469975,-18.715243,-22.710277,6.240302,7.588708,8.671965,-2.137612
1783943545474,56.180000,-14.956009,-18.187846,-22.216239,7.260230,5.572112,6.725937,-1.827779
1783943545494,56.200000,-18.193720,-17.631202,-21.666785,3.473065,2.450174,3.661223,-0.933683
1783943545514,56.220000,-29.500689,-17.046132,-21.061366,-8.439323,-0.867409,0.386174,0.237737
1783943545534,56.240000,-20.313221,-16.433611,-20.399887,0.086666,-3.315100,-2.034874,1.323971
1783943545554,56.260000,-37.211560,-15.794778,-19.682738,-17.528822,-4.198807,-2.908857,1.989718
1783943545574,56.280000,-16.127762,-15.130927,-18.910827,2.783065,-3.539899,-2.257936,2.005444
1783943545594,56.300000,-26.146185,-14.443512,-18.085596,-8.060589,-2.017904,-0.762171,1.331837
1783943545614,56.320000,-12.689289,-13.734135,-17.209046,4.519757,-0.466386,0.744645,0.162993
1783943545634,56.340000,-26.764912,-13.004549,-16.283739,-10.481173,0.545467,1.693411,-1.130471
1783943545654,56.360000,-12.890468,-12.256649,-15.312802,2.422334,0.638673,1.705566,-2.152627
1783943545674,56.380000,-16.678415,-11.492464,-14.299921,-2.378494,-0.522691,0.445940,-2.639798
1783943545694,56.400000,-16.785727,-10.714152,-13.249320,-3.536407,-3.010378,-2.156133,-2.525558
1783943545714,56.420000,-18.714660,-9.923989,-12.165738,-6.548922,-6.350567,-5.625421,-1.909295
1783943545734,56.440000,-18.774530,-9.124361,-11.054395,-7.720135,-9.503614,-8.920560,-0.995643
1783943545754,56.460000,-36.520638,-8.317748,-9.920944,-26.599694,-11.199790,-10.769814,-0.049198
1783943545774,56.480000,-25.248653,-7.506718,-8.771422,-16.477231,-10.871634,-10.603459,0.640467
1783943545794,56.500000,-11.610529,-6.693908,-7.612185,-3.998344,-9.425081,-9.324945,0.830214
1783943545814,56.520000,-5.350691,-5.882015,-6.449839,1.099147,-8.503990,-8.575468,0.457929
1783943545834,56.540000,-23.962303,-5.073776,-5.291163,-18.671140,-8.969633,-9.213509,-0.255646
1783943545854,56.560000,-11.114426,-4.271954,-4.143028,-6.971398,-10.540763,-10.954948,-0.898645
1783943545874,56.580000,-22.246433,-3.479324,-3.012311,-19.234122,-12.542006,-13.121524,-1.134108
1783943545894,56.600000,-10.465946,-2.698650,-1.905802,-8.560144,-14.432773,-15.169799,-0.900209
1783943545914,56.620000,-23.888895,-1.932673,-0.830118,-23.058777,-15.868153,-16.752115,-0.379308
1783943545934,56.640000,-10.411079,-1.184088,0.208392,-10.619471,-16.710832,-17.728570,0.170617
1783943545954,56.660000,-13.078660,-0.455531,1.203731,-14.282391,-16.952607,-18.088599,0.555931
1783943545974,56.680000,-15.312422,0.250445,2.150339,-17.462761,-16.456604,-17.693238,0.706526
1783943545994,56.700000,-8.518061,0.931387,3.043169,-11.561230,-14.923407,-16.241312,0.666272
1783943546014,56.720000,-2.228308,1.584955,3.877759,-6.106067,-12.068604,-13.447014,0.543839
1783943546034,56.740000,-1.194517,2.208946,4.650288,-5.844805,-7.591774,-9.008938,0.468150
1783943546054,56.760000,6.151877,2.801308,5.357626,0.794252,-1.194647,-2.628253,0.567115
1783943546074,56.780000,13.267643,3.360155,5.997368,7.270275,7.047972,5.620353,0.950012
1783943546094,56.800000,31.696304,3.883786,6.567859,25.128445,16.384174,14.984646,1.688161
1783943546114,56.820000,33.345554,4.370690,7.068198,26.277356,25.550966,24.200867,2.820565
1783943546134,56.840000,50.396614,4.819568,7.498232,42.898382,33.184466,31.903935,4.371660
1783943546154,56.860000,49.630108,5.229336,7.858535,41.771573,38.167594,36.975157,6.331516
1783943546174,56.880000,55.652840,5.599135,8.150372,47.502468,39.885258,38.797431,8.593436
1783943546194,56.900000,47.684250,5.928337,8.375651,39.308599,38.271339,37.302262,10.895814
1783943546214,56.920000,54.875930,6.216548,8.536863,46.339067,33.681074,32.842211,12.819144
1783943546234,56.940000,39.734010,6.463611,8.637013,31.096997,26.912015,26.211966,13.858582
1783943546254,56.960000,34.173447,6.669603,8.679546,25.493901,19.259976,18.704471,13.544964
1783943546274,56.980000,21.984120,6.834833,8.668261,13.315859,12.169488,11.761605,11.554240
1783943546294,57.000000,18.781120,6.959837,8.614783,10.166337,6.595844,6.336372,7.771950
1783943546314,57.020000,15.698013,7.045369,8.505570,7.192443,2.605235,2.492814,2.333725
1783943546334,57.040000,22.795671,7.092389,8.355165,14.440506,-0.385989,-0.355089,-4.336034
1783943546354,57.060000,8.906522,7.102060,8.168015,0.738507,-2.814123,-2.646273,-11.527878
1783943546374,57.080000,4.456878,7.075725,7.948524,-3.491646,-4.495793,-4.199967,-18.368305
1783943546394,57.100000,-0.339717,7.014900,7.700986,-8.040704,-5.136904,-4.724356,-24.053520
1783943546414,57.120000,16.910090,6.921255,7.429532,9.480558,-4.991799,-4.475602,-28.056993
1783943546434,57.140000,-3.398951,6.796595,7.138078,-10.537029,-4.670120,-4.064682,-30.167707
1783943546454,57.160000,7.548502,6.642850,6.830285,0.718217,-4.684649,-4.005261,-30.395280
1783943546474,57.180000,0.143914,6.462047,6.509536,-6.365622,-5.461813,-4.724246,-28.890839
1783943546494,57.200000,8.838756,6.256298,6.178913,2.659843,-7.262291,-6.482435,-25.928976
1783943546514,57.220000,-6.357924,6.027779,5.841185,-12.199109,-9.738611,-8.932150,-21.883911
1783943546534,57.240000,-11.909267,5.778711,5.498812,-17.408079,-11.893337,-11.075449,-17.184172
1783943546554,57.260000,-5.696392,5.511339,5.153946,-10.850338,-12.742049,-11.927136,-12.286346
1783943546574,57.280000,-13.556549,5.227917,4.808446,-18.364995,-11.891005,-11.092451,-7.637899
1783943546594,57.300000,-9.453582,4.930687,4.463892,-13.917474,-9.646352,-8.876316,-3.584332
1783943546614,57.320000,-2.246799,4.621860,4.121612,-6.368410,-6.938056,-6.207304,-0.267661
1783943546634,57.340000,-4.044840,4.303603,3.782703,-7.827543,-4.922287,-4.240066,2.403003
1783943546654,57.360000,-4.699550,3.978021,3.448058,-8.147608,-4.376184,-3.750139,4.681059
1783943546674,57.380000,-4.302428,3.647141,3.118394,-7.420822,-5.399645,-4.835780,6.846647
1783943546694,57.400000,-11.755715,3.312897,2.794277,-14.549992,-7.436207,-6.938886,9.064400
1783943546714,57.420000,-15.739789,2.977122,2.476148,-18.215937,-9.534745,-9.106729,11.298791
1783943546734,57.440000,-8.951543,2.641531,2.164344,-11.115887,-10.762555,-10.405073,13.334473
1783943546754,57.460000,-24.200535,2.307716,1.859123,-26.059658,-10.456285,-10.169132,14.887455
1783943546774,57.480000,-8.222903,1.977131,1.560674,-9.783577,-8.402745,-8.184402,15.738991
1783943546794,57.500000,-23.280174,1.651090,1.269138,-24.549312,-5.106854,-4.954628,15.826262
1783943546814,57.520000,2.268427,1.330760,0.984615,1.283812,-1.851113,-1.761287,15.263228
1783943546834,57.540000,-2.962249,1.017154,0.707172,-3.669421,-0.117327,-0.085317,14.317073
1783943546854,57.560000,-3.605703,0.711131,0.436846,-4.042549,-0.510522,-0.531040,13.353057
1783943546874,57.580000,-13.340118,0.413394,0.173648,-13.513766,-2.263679,-2.330891,12.709592
1783943546894,57.600000,-6.755290,0.124488,-0.082442,-6.672848,-3.785088,-3.892771,12.527347
1783943546914,57.620000,-22.079956,-0.155194,-0.331476,-21.748480,-3.538496,-3.680180,12.654864
1783943546934,57.640000,-8.031605,-0.425415,-0.573539,-7.458066,-0.867394,-1.036501,12.724370
1783943546954,57.660000,-2.890872,-0.686084,-0.808759,-2.082113,3.536752,3.346788,12.362942
1783943546974,57.680000,5.958072,-0.937256,-1.037313,6.995384,8.072852,7.868478,11.410342
1783943546994,57.700000,2.854872,-1.179120,-1.259425,4.114297,11.196053,10.983500,10.015903
1783943547014,57.720000,9.319778,-1.411998,-1.475377,10.795155,12.022190,11.807394,8.550902
1783943547034,57.740000,3.442598,-1.636330,-1.685510,5.128107,10.463203,10.251740,7.386303
1783943547054,57.760000,1.925403,-1.852673,-1.890224,3.815627,7.155668,6.952698,6.685278
1783943547074,57.780000,-8.131993,-2.061682,-2.089981,-6.042012,3.140307,2.950535,6.328435
1783943547094,57.800000,-2.301899,-2.264108,-2.285300,-0.016599,-0.637046,-0.809407,5.978050
1783943547114,57.820000,-10.937589,-2.460781,-2.476754,-8.460835,-3.591168,-3.742417,5.231178
1783943547134,57.840000,-6.486358,-2.652601,-2.664964,-3.821394,-5.411827,-5.538798,3.795719
1783943547154,57.860000,-11.822826,-2.840525,-2.850592,-8.972234,-5.927716,-6.027791,1.610247
1783943547174,57.880000,-5.531475,-3.025555,-3.034331,-2.497145,-5.068957,-5.140078,-1.142975
1783943547194,57.900000,-10.829273,-3.208724,-3.216891,-7.612382,-2.915974,-2.956650,-4.114994
1783943547214,57.920000,-5.157841,-3.391084,-3.398994,-1.758847,0.094847,0.085526,-6.902342
1783943547234,57.940000,-1.181054,-3.573693,-3.581355,2.400301,2.926065,2.948424,-9.147048
1783943547254,57.960000,9.774989,-3.757600,-3.764674,13.539663,4.144547,4.198314,-10.590236
1783943547274,57.980000,3.639051,-3.943834,-3.949621,7.588672,2.763036,2.847333,-11.077420
1783943547294,58.000000,-0.506630,-4.133389,-4.136827,3.630196,-0.976428,-0.863089,-10.568389
1783943547314,58.020000,-10.889944,-4.327213,-4.326869,-6.563075,-5.667160,-5.526889,-9.196989
1783943547334,58.040000,-12.778495,-4.526193,-4.520268,-8.258227,-9.566399,-9.401924,-7.331064
1783943547354,58.060000,-7.759861,-4.731146,-4.717476,-3.042385,-11.398120,-11.212791,-5.518097
1783943547374,58.080000,-12.888079,-4.942806,-4.918876,-7.969203,-10.549452,-10.347230,-4.283415
1783943547394,58.100000,-13.487694,-5.161812,-5.124775,-8.362919,-7.044203,-6.829641,-3.907052
1783943547414,58.120000,3.404384,-5.388701,-5.335409,8.739792,-1.739475,-1.517691,-4.330117
1783943547434,58.140000,-1.190966,-5.623896,-5.550941,4.359974,3.746623,3.969988,-5.208943
1783943547454,58.160000,21.200388,-5.867697,-5.771467,26.971855,7.707158,7.925994,-6.039658
1783943547474,58.180000,9.102496,-6.120276,-5.997025,15.099521,9.274246,9.482045,-6.298893
1783943547494,58.200000,11.641894,-6.381671,-6.227599,17.869493,8.992653,9.182600,-5.607474
1783943547514,58.220000,-5.806790,-6.651777,-6.463132,0.656342,8.331704,8.496780,-3.902823
1783943547534,58.240000,8.721620,-6.930346,-6.703534,15.425154,8.343008,8.476111,-1.523086
1783943547554,58.260000,10.859937,-7.216983,-6.948692,17.808629,8.841974,8.936062,0.906872
1783943547574,58.280000,12.268124,-7.511144,-7.198482,19.466606,8.932817,8.981053,2.772430
1783943547594,58.300000,11.508320,-7.812140,-7.452775,18.961095,8.084574,8.080497,3.751958
1783943547614,58.320000,0.454831,-8.119134,-7.711444,8.166275,6.629101,6.566794,3.875450
1783943547634,58.340000,-0.419024,-8.431146,-7.974368,7.555344,5.365924,5.240195,3.353693
1783943547654,58.360000,0.528723,-8.747058,-8.241434,8.770157,4.756547,4.563109,2.371236
1783943547674,58.380000,7.842703,-9.065622,-8.512534,16.355238,4.628304,4.363947,1.026113
1783943547694,58.400000,-5.957843,-9.385463,-8.787559,2.829716,4.584928,4.247687,-0.587567
1783943547714,58.420000,-1.497485,-9.705089,-9.066388,7.568903,4.264682,3.853984,-2.303506
1783943547734,58.440000,7.101870,-10.022903,-9.348876,16.450746,3.283208,2.800007,-3.906627
1783943547754,58.460000,-7.495217,-10.337212,-9.634832,2.139615,1.583971,1.030852,-5.201329
1783943547774,58.480000,-2.058201,-10.646238,-9.924005,7.865804,-0.126497,-0.745246,-6.054575
1783943547794,58.500000,-19.705715,-10.948132,-10.216054,-9.489661,-0.692320,-1.370663,-6.426234
1783943547814,58.520000,2.360000,-11.240989,-10.510522,12.870522,0.728485,-0.001671,-6.395598
1783943547834,58.540000,-18.712963,-11.522861,-10.806811,-7.906152,4.203315,3.430833,-6.125357
1783943547854,58.560000,-0.433752,-11.791769,-11.104151,10.670400,8.832146,8.028446,-5.755067
1783943547874,58.580000,-3.252749,-12.045725,-11.401573,8.148823,12.626708,11.804391,-5.313120
1783943547894,58.600000,5.853669,-12.282742,-11.697881,17.551550,12.951250,12.124239,-4.705585
1783943547914,58.620000,9.178872,-12.500851,-11.991631,21.170503,7.802281,6.985602,-3.765175
1783943547934,58.640000,-9.247766,-12.698121,-12.281109,3.033343,-2.590596,-3.381068,-2.339776
1783943547954,58.660000,-44.482567,-12.872670,-12.564318,-31.918249,-15.234591,-15.982422,-0.445182
1783943547974,58.680000,-25.663204,-13.022681,-12.838965,-12.824239,-25.742554,-26.431073,1.569393
1783943547994,58.700000,-80.843820,-13.146422,-13.102468,-67.741352,-30.405086,-31.017728,3.020256
1783943548014,58.720000,-40.788467,-13.242254,-13.351956,-27.436511,-28.043938,-28.564603,3.143502
1783943548034,58.740000,-26.753265,-13.308652,-13.584282,-13.168983,-20.786055,-21.199478,1.517726
1783943548054,58.760000,-19.705230,-13.344211,-13.796056,-5.909174,-12.313792,-12.605906,-1.563278
1783943548074,58.780000,-25.984365,-13.347663,-13.983663,-12.000702,-5.215583,-5.373881,-5.043467
1783943548094,58.800000,-18.128328,-13.317885,-14.143315,-3.985013,-0.240121,-0.253991,-7.511743
1783943548114,58.820000,-16.511787,-13.253912,-14.271088,-2.240699,2.937837,3.076797,-7.860348
1783943548134,58.840000,-16.543789,-13.154944,-14.362984,-2.180805,4.988060,5.285765,-5.747978
1783943548154,58.860000,-15.911522,-13.020352,-14.414987,-1.496535,6.470589,6.930227,-1.607616
1783943548174,58.880000,-5.535367,-12.849689,-14.423127,8.887760,7.569728,8.191578,3.661115
1783943548194,58.900000,-13.773947,-12.642692,-14.383557,0.609610,8.244789,9.026079,9.057252
1783943548214,58.920000,-6.642054,-12.399288,-14.292621,7.650567,8.544037,9.478878,13.750003
1783943548234,58.940000,-15.432505,-12.119598,-14.146930,-1.285575,8.611601,9.690975,17.201689
1783943548254,58.960000,-9.134615,-11.803937,-13.943439,4.808824,8.442522,9.654340,19.159378
1783943548274,58.980000,-5.559715,-11.452817,-13.679521,8.119806,7.790956,9.120187,19.596571
1783943548294,59.000000,-10.583720,-11.066948,-13.353039,2.769319,6.501953,7.930806,18.672943
1783943548314,59.020000,-16.214188,-10.647233,-12.962415,-3.251773,4.804760,6.312933,16.689096
1783943548334,59.040000,-17.628720,-10.194770,-12.506691,-5.122029,2.981919,4.546885,13.992833
1783943548354,59.060000,-7.999694,-9.710846,-11.985586,3.985892,0.922940,2.520280,10.879085
1783943548374,59.080000,-13.976171,-9.196933,-11.399542,-2.576629,-1.595023,0.008753,7.571451
1783943548394,59.100000,-23.753244,-8.654684,-10.749757,-13.003487,-4.331078,-2.747895,4.273165
1783943548414,59.120000,-17.177368,-8.085924,-10.038218,-7.139150,-6.675234,-5.140240,1.178409
1783943548434,59.140000,-24.264122,-7.492641,-9.265986,-14.998136,-8.147781,-6.688521,-1.580458
1783943548454,59.160000,-19.238194,-6.876980,-8.438565,-10.799629,-8.627733,-7.271025,-3.960046
1783943548474,59.180000,-24.989914,-6.241233,-7.560368,-17.429546,-8.426598,-7.197909,-5.959957
1783943548494,59.200000,-10.607470,-5.587822,-6.636551,-3.970920,-8.280990,-7.203919,-7.558530
1783943548514,59.220000,-14.211074,-4.919292,-5.672965,-8.538109,-8.913231,-8.009057,-8.683305
1783943548534,59.240000,-14.885924,-4.238297,-4.676098,-10.209826,-10.315793,-9.603070,-9.222527
1783943548554,59.260000,-23.357807,-3.547582,-3.653001,-19.704806,-11.594041,-11.088220,-9.089923
1783943548574,59.280000,-19.472190,-2.849971,-2.611203,-16.860987,-11.676786,-11.389872,-8.326518
1783943548594,59.300000,-18.039330,-2.148350,-1.558613,-16.480717,-10.204524,-10.144781,-7.147829
1783943548614,59.320000,0.865560,-1.445650,-0.503416,1.368976,-7.710521,-7.882248,-5.851724
1783943548634,59.340000,-2.992465,-0.744831,0.546044,-3.538509,-4.838771,-5.242148,-4.632724
1783943548654,59.360000,-4.400987,-0.048862,1.581377,-5.982363,-1.510481,-2.141508,-3.472115
1783943548674,59.380000,-3.012809,0.639293,2.594272,-5.607081,2.792456,1.941935,-2.219781
1783943548694,59.400000,10.798691,1.316698,3.576616,7.222075,7.999522,6.941701,-0.780059
1783943548714,59.420000,21.541723,1.980458,4.520612,17.021111,13.089398,11.840307,0.802079
1783943548734,59.440000,27.355635,2.627739,5.418895,21.936740,16.822913,15.402130,2.429040
1783943548754,59.460000,18.695290,3.255784,6.264632,12.430658,18.586808,17.017097,4.062018
1783943548774,59.480000,23.752218,3.861931,7.051627,16.700591,18.340145,16.647025,5.687762
1783943548794,59.500000,25.585835,4.443628,7.774394,17.811441,16.034237,14.245497,7.189261
1783943548814,59.520000,28.773582,4.998448,8.428240,20.345342,11.612099,9.757257,8.303826
1783943548834,59.540000,9.650809,5.524102,9.009313,0.641496,5.552131,3.661863,8.723431
1783943548854,59.560000,12.788998,6.018456,9.514646,3.274352,-1.058801,-2.953258,8.209189
1783943548874,59.580000,3.793189,6.479540,9.942187,-6.148997,-7.019062,-8.886517,6.623105
1783943548894,59.600000,0.502270,6.905558,10.290800,-9.788530,-11.373965,-13.183880,3.929349
1783943548914,59.620000,0.565848,7.294903,10.560269,-9.994422,-13.553628,-15.276709,0.234012
1783943548934,59.640000,0.588803,7.646161,10.751269,-10.162466,-13.436895,-15.045653,-4.165146
1783943548954,59.660000,1.863637,7.958120,10.865333,-9.001695,-11.308951,-12.778219,-8.786736
1783943548974,59.680000,10.563125,8.229781,10.904802,-0.341677,-7.763399,-9.070802,-13.041740
1783943548994,59.700000,11.202990,8.460356,10.872763,0.330227,-3.505979,-4.632330,-16.341581
1783943549014,59.720000,15.230402,8.649278,10.772977,4.457425,0.848984,-0.080646,-18.211843
1783943549034,59.740000,13.525921,8.796202,10.609789,2.916132,4.678644,3.957614,-18.394964
1783943549054,59.760000,33.797516,8.901007,10.388046,23.409470,7.186961,6.682414,-16.908289
1783943549074,59.780000,20.916817,8.963796,10.112991,10.803826,7.795981,7.511640,-14.016678
1783943549094,59.800000,18.728493,8.984895,9.790166,8.938327,6.658999,6.594314,-10.147368
1783943549114,59.820000,24.251066,8.964850,9.425310,14.825756,4.484185,4.634295,-5.824125
1783943549134,59.840000,19.920270,8.904426,9.024250,10.896020,2.234367,2.590193,-1.621208
1783943549154,59.860000,7.556020,8.804598,8.592808,-1.036788,1.097961,1.646545,1.916128
1783943549174,59.880000,11.899381,8.666545,8.136703,3.762678,1.972698,2.697879,4.372996
1783943549194,59.900000,21.714308,8.491645,7.661459,14.052849,4.719670,5.603168,5.538274
1783943549214,59.920000,19.587670,8.281463,7.172330,12.415340,8.264714,9.287483,5.453627
1783943549234,59.940000,28.299288,8.037742,6.674230,21.625058,11.361678,12.505121,4.439833
1783943549254,59.960000,22.597952,7.762390,6.171669,16.426283,13.194326,14.440590,3.031157
1783943549274,59.980000,20.499424,7.457467,5.668713,14.830711,13.511958,14.842328,1.783528
1783943549294,60.000000,24.153269,7.125173,5.085807,19.067462,12.388945,13.780649,1.058999
1783943549314,60.020000,15.972176,6.767833,4.589023,11.383153,10.035671,11.460234,0.926391
1783943549334,60.040000,12.971335,6.387877,4.101693,8.869642,6.801317,8.226839,1.206409
1783943549354,60.060000,12.499563,5.987831,3.625901,8.873662,3.140022,4.535252,1.593676
1783943549374,60.080000,4.084498,5.570293,3.163233,0.921265,-0.362511,0.974540,1.782319
1783943549394,60.100000,-9.762705,5.137921,2.714814,-12.477519,-3.083631,-1.828427,1.547721
1783943549414,60.120000,6.084839,4.693412,2.281345,3.803494,-4.826659,-3.672913,0.778614
1783943549434,60.140000,-1.427776,4.239485,1.863152,-3.290928,-5.855675,-4.819435,-0.501248
1783943549454,60.160000,-2.272968,3.778863,1.460241,-3.733208,-6.168062,-5.262230,-2.103491
1783943549474,60.180000,-19.049770,3.314256,1.072356,-20.122126,-5.253077,-4.487618,-3.700402
1783943549494,60.200000,0.166699,2.848346,0.699046,-0.532347,-2.898732,-2.280708,-4.953640
1783943549514,60.220000,-1.043202,2.383766,0.339726,-1.382928,0.235479,0.701959,-5.642393
1783943549534,60.240000,-3.385207,1.923085,-0.006262,-3.378945,3.042956,3.356766,-5.661662
1783943549554,60.260000,5.262308,1.468797,-0.339590,5.601898,4.536012,4.698976,-4.947388
1783943549574,60.280000,-1.081384,1.023301,-0.660885,-0.420499,4.120292,4.137055,-3.466614
1783943549594,60.300000,-3.399798,0.588891,-0.970685,-2.429113,1.809653,1.687467,-1.287575
1783943549614,60.320000,-10.579577,0.167740,-1.269397,-9.310180,-1.839607,-2.091165,1.359967
1783943549634,60.340000,-12.564146,-0.238104,-1.557261,-11.006885,-6.094908,-6.464264,4.093474
1783943549654,60.360000,-15.815336,-0.626738,-1.834327,-13.981009,-10.299995,-10.773929,6.457311
1783943549674,60.380000,-25.228436,-0.996402,-2.100438,-23.127998,-13.914760,-14.478782,8.050189
1783943549694,60.400000,-20.418945,-1.345494,-2.355225,-18.063720,-16.567289,-17.206003,8.641067
1783943549714,60.420000,-30.049637,-1.672572,-2.598103,-27.451534,-18.122881,-18.820347,8.219264
1783943549734,60.440000,-22.782875,-1.976358,-2.828289,-19.954586,-18.659233,-19.399318,6.976987
1783943549754,60.460000,-30.880306,-2.255741,-3.044813,-27.835493,-18.416758,-19.183457,5.250078
1783943549774,60.480000,-20.518680,-2.509776,-3.246543,-17.272137,-17.742604,-18.520342,3.437805
1783943549794,60.500000,-26.852787,-2.737686,-3.432213,-23.420574,-16.949579,-17.723472,1.919765
1783943549814,60.520000,-21.550045,-2.938855,-3.600457,-17.949588,-16.155135,-16.911215,0.987494
1783943549834,60.540000,-26.565628,-3.112829,-3.749841,-22.815787,-15.305519,-16.030923,0.794996
1783943549854,60.560000,-18.880825,-3.259304,-3.878902,-15.001923,-14.366888,-15.049999,1.334754
1783943549874,60.580000,-15.426132,-3.378125,-3.986179,-11.439953,-13.335670,-13.966213,2.461213
1783943549894,60.600000,-17.953980,-3.469275,-4.070250,-13.883730,-11.951508,-12.520614,3.962184
1783943549914,60.620000,-6.831384,-3.532865,-4.129763,-2.701621,-9.475320,-9.975543,5.632584
1783943549934,60.640000,-21.763987,-3.569125,-4.163459,-17.600528,-4.898591,-5.323898,7.302015
1783943549954,60.660000,-6.305732,-3.578392,-4.170199,-2.135533,2.213142,1.867421,8.813775
1783943549974,60.680000,6.950464,-3.561100,-4.148982,11.099447,10.757825,10.495061,10.017661
1783943549994,60.700000,18.759823,-3.517768,-4.098955,22.858778,18.212702,18.035058,10.837209
1783943550014,60.720000,36.367110,-3.448985,-4.019422,40.386532,22.052678,21.961208,11.369103
1783943550034,60.740000,14.276152,-3.355405,-3.909847,18.185999,21.374198,21.368958,11.880501
1783943550054,60.760000,14.425982,-3.237727,-3.769852,18.195833,17.281694,17.361852,12.609707
1783943550074,60.780000,14.471676,-3.096691,-3.599211,18.070887,11.863440,12.027389,13.490689
1783943550094,60.800000,14.479263,-2.933063,-3.397842,17.877105,7.314811,7.560266,14.070550
1783943550114,60.820000,-4.530112,-2.747628,-3.165794,-1.364318,5.715089,6.039186,13.717526
1783943550134,60.840000,-0.074551,-2.541181,-2.903234,2.828683,8.239034,8.638406,11.931915
1783943550154,60.860000,17.390102,-2.314517,-2.610434,20.000536,13.937090,14.407934,8.545573
1783943550174,60.880000,34.531960,-2.068430,-2.287753,36.819713,19.917583,20.455709,3.808730
1783943550194,60.900000,30.641647,-1.803698,-1.935626,32.577273,23.269224,23.870089,-1.583195
1783943550214,60.920000,29.833553,-1.521088,-1.554551,31.388104,22.831301,23.490027,-6.628021
1783943550234,60.940000,18.750784,-1.221348,-1.145078,19.895862,19.416564,20.127945,-10.396758
1783943550254,60.960000,14.687355,-0.905206,-0.707797,15.395152,14.833474,15.591963,-12.461609
1783943550274,60.980000,15.726322,-0.573370,-0.243339,15.969661,10.730784,11.530478,-13.057740
1783943550294,61.000000,12.295599,-0.226527,0.247631,12.047968,8.048572,8.883186,-12.873761
1783943550314,61.020000,4.699349,0.134654,0.764411,3.934938,6.988000,7.850839,-12.658910
1783943550334,61.040000,12.054370,0.509518,1.306259,10.748111,6.929805,7.813731,-12.911564
1783943550354,61.060000,13.468533,0.897424,1.872383,11.596150,6.511567,7.408975,-13.763701
1783943550374,61.080000,13.343590,1.297739,2.461932,10.881658,4.335361,5.238156,-15.017791
1783943550394,61.100000,6.321722,1.709829,3.073983,3.247739,-0.129777,0.769808,-16.270922
1783943550414,61.120000,-0.049890,2.133062,3.707521,-3.757411,-6.160343,-5.273066,-17.102000
1783943550434,61.140000,-19.481812,2.566793,4.361427,-23.843239,-12.182840,-11.317455,-17.276058
1783943550454,61.160000,-10.103834,3.010362,5.034457,-15.138291,-16.777376,-15.943924,-16.858560
1783943550474,61.180000,-13.636986,3.463089,5.725221,-19.362207,-19.354765,-18.563691,-16.144419
1783943550494,61.200000,-14.286520,3.924264,6.432163,-20.718683,-19.880040,-19.142123,-15.434077
1783943550514,61.220000,-15.781816,4.393144,7.153549,-22.935365,-18.378514,-17.704779,-14.823781
1783943550534,61.240000,-15.051566,4.868946,7.887440,-22.939006,-14.982845,-14.384452,-14.164082
1783943550554,61.260000,-6.540369,5.350842,8.631687,-15.172055,-10.276729,-9.764841,-13.178157
1783943550574,61.280000,-2.791322,5.837953,9.383910,-12.175231,-5.388343,-4.973979,-11.599299
1783943550594,61.300000,6.182121,6.329348,10.141494,-3.959373,-1.637616,-1.331487,-9.236258
1783943550614,61.320000,8.825213,6.824038,10.901582,-2.076369,0.102736,0.290412,-5.994387
1783943550634,61.340000,1.551214,7.320973,11.661073,-10.109859,-0.066948,-0.007260,-1.910699
1783943550654,61.360000,-1.742316,7.819043,12.416624,-14.158940,-1.222656,-1.299604,2.783685
1783943550674,61.380000,5.922937,8.317072,13.164656,-7.241719,-2.344612,-2.565748,7.632734
1783943550694,61.400000,-7.114535,8.813823,13.901372,-21.015907,-2.849332,-3.220907,12.033974
1783943550714,61.420000,6.493504,9.307995,14.622767,-8.129263,-2.763479,-3.290228,15.418359
1783943550734,61.440000,13.364327,9.798225,15.324660,-1.960334,-2.505767,-3.190719,17.442331
1783943550754,61.460000,-6.936132,10.283092,16.002716,-22.938847,-2.222984,-3.067266,18.087088
1783943550774,61.480000,5.283529,10.761116,16.652482,-11.368953,-1.692244,-2.694918,17.600779
1783943550794,61.500000,9.113895,11.230766,17.269431,-8.155536,-0.936082,-2.093995,16.335354
1783943550814,61.520000,4.807381,11.690462,17.849003,-13.041622,-0.314350,-1.622019,14.612855
1783943550834,61.540000,11.464633,12.138581,18.386655,-6.922022,-0.141000,-1.590521,12.695901
1783943550854,61.560000,5.022995,12.573465,18.877919,-13.854924,-0.548377,-2.129381,10.805313
1783943550874,61.580000,10.899556,12.993425,19.318453,-8.418897,-1.528161,-3.227805,9.099160
1783943550894,61.600000,2.272510,13.396752,19.704108,-17.431598,-3.006369,-4.809373,7.634017
1783943550914,61.620000,7.985444,13.781723,20.030984,-12.045541,-4.962019,-6.850754,6.366168
1783943550934,61.640000,9.435415,14.146611,20.295499,-10.860084,-7.380763,-9.335381,5.195665
1783943550954,61.660000,2.358264,14.489694,20.494444,-18.136180,-9.901032,-11.899655,4.029550
1783943550974,61.680000,-7.831642,14.809266,20.625051,-28.456693,-11.749067,-13.768022,2.816281
1783943550994,61.700000,7.451240,15.103647,20.685047,-13.233807,-12.344258,-14.358360,1.526322
1783943551014,61.720000,-0.268775,15.371195,20.672707,-20.941482,-11.691873,-13.674757,0.137149
1783943551034,61.740000,7.677657,15.610316,20.586905,-12.909248,-10.099368,-12.023863,-1.323405
1783943551054,61.760000,10.577765,15.819475,20.427153,-9.849388,-7.811802,-9.650337,-2.720417
1783943551074,61.780000,14.164909,15.997211,20.193630,-6.028721,-4.775629,-6.500678,-3.825039
1783943551094,61.800000,16.734085,16.142144,19.887208,-3.153123,-0.527140,-2.111683,-4.401868
1783943551114,61.820000,14.495523,16.252988,19.509460,-5.013937,5.469242,4.051243,-4.305623
1783943551134,61.840000,26.336685,16.328563,19.062660,7.274025,13.001486,11.774601,-3.540064
1783943551154,61.860000,40.150270,16.367806,18.549765,21.600505,20.528098,19.514951,-2.244108
1783943551174,61.880000,52.775837,16.369777,17.974393,34.801444,25.702481,24.923289,-0.589254
1783943551194,61.900000,46.589516,16.333672,17.340779,29.248737,26.748102,26.220244,1.331137
1783943551214,61.920000,43.665050,16.258830,16.653725,27.011325,23.418271,23.155910,3.486494
1783943551234,61.940000,36.867382,16.144740,15.918537,20.948845,16.929452,16.943214,5.750454
1783943551254,61.960000,24.857416,15.991046,15.140949,9.716467,9.331705,9.628435,7.754081
1783943551274,61.980000,20.451294,15.797555,14.327043,6.124251,2.745156,3.327747,8.911893
1783943551294,62.000000,16.927307,15.564237,13.483165,3.444142,-1.320672,-0.453395,8.626565
1783943551314,62.020000,13.094528,15.291230,12.615824,0.478704,-2.315918,-1.169298,6.546452
1783943551334,62.040000,23.720413,14.978843,11.731605,11.988808,-0.626665,0.789653,2.744057
1783943551354,62.060000,15.554641,14.627554,10.837068,4.717573,2.743432,4.415294,-2.254152
1783943551374,62.080000,27.128592,14.238008,9.938653,17.189939,6.523687,8.432180,-7.599369
1783943551394,62.100000,27.541801,13.811020,9.042587,18.499214,9.415684,11.536979,-12.357235
1783943551414,62.120000,28.308811,13.347568,8.154795,20.154016,10.436568,12.742156,-15.749661
1783943551434,62.140000,27.937769,12.848792,7.293372,20.644397,9.273501,11.731074,-17.325766
1783943551454,62.160000,20.816710,12.315988,6.451871,14.364839,6.377171,8.951930,-17.034945
1783943551474,62.180000,15.666567,11.750601,5.634552,10.032015,2.730146,5.385948,-15.210376
1783943551494,62.200000,6.806129,11.154222,4.845098,1.961031,-0.710976,1.989043,-12.472133
1783943551514,62.220000,18.765211,10.528578,4.086553,14.678658,-3.514296,-0.807224,-9.553319
1783943551534,62.240000,5.389040,9.875525,3.361298,2.027742,-5.623087,-2.946195,-7.080210
1783943551554,62.260000,2.396021,9.197039,2.671034,-0.275013,-6.926885,-4.317141,-5.397626
1783943551574,62.280000,0.033418,8.495209,2.016781,-1.983363,-7.410771,-4.904441,-4.538971
1783943551594,62.300000,7.404330,7.772227,1.398892,6.005439,-7.531198,-5.163335,-4.325427
1783943551614,62.320000,-1.307633,7.030376,0.817068,-2.124702,-8.032581,-5.836473,-4.477519
1783943551634,62.340000,-0.691047,6.272026,0.270399,-0.961446,-9.516065,-7.522700,-4.680267
1783943551654,62.360000,0.168185,5.499616,-0.242600,0.410786,-12.223257,-10.460821,-4.643918
1783943551674,62.380000,-10.919640,4.715654,-0.723937,-10.195703,-15.851529,-14.344965,-4.182221
1783943551694,62.400000,-12.432233,3.922701,-1.176080,-11.256153,-19.494485,-18.265111,-3.267315
1783943551714,62.420000,-23.745710,3.123363,-1.601897,-22.143813,-22.028715,-21.093905,-2.031249
1783943551734,62.440000,-17.731590,2.320282,-2.004584,-15.727006,-22.731178,-22.104104,-0.716574
1783943551754,62.460000,-19.322400,1.516128,-2.387589,-16.934811,-21.604456,-21.293890,0.425261
1783943551774,62.480000,-17.991327,0.713589,-2.754538,-15.236789,-19.218869,-19.229043,1.262103
1783943551794,62.500000,-9.892172,-0.084635,-3.109157,-6.783015,-16.322664,-16.653194,1.858482
1783943551814,62.520000,-15.793169,-0.875846,-3.455189,-12.337980,-13.435247,-14.081114,2.446989
1783943551834,62.540000,-6.538519,-1.657346,-3.796323,-2.742196,-10.588396,-11.539990,3.311384
1783943551854,62.560000,-11.385866,-2.426453,-4.136109,-7.249757,-7.345182,-8.588406,4.652631
1783943551874,62.580000,-5.549446,-3.180508,-4.477886,-1.071559,-3.037752,-4.554188,6.505296
1783943551894,62.600000,-3.412323,-3.916875,-4.824712,1.412389,2.832107,1.064973,8.732212
1783943551914,62.620000,6.239248,-4.632959,-5.179286,11.418534,10.219071,8.227570,11.092197
1783943551934,62.640000,12.930722,-5.326205,-5.543890,18.474612,18.450096,16.264037,13.344792
1783943551954,62.660000,24.870247,-5.994111,-5.920319,30.790566,26.480623,24.132914,15.341706
1783943551974,62.680000,25.418472,-6.634234,-6.309829,31.728301,33.330307,30.856522,17.057627
1783943551994,62.700000,30.036823,-7.244201,-6.713082,36.749905,38.339334,35.777248,18.536812
1783943552014,62.720000,30.439180,-7.821714,-7.130101,37.569281,41.056581,38.445653,19.787277
1783943552034,62.740000,31.833809,-8.364567,-7.560236,39.394045,41.041306,38.422117,20.697641
1783943552054,62.760000,27.889412,-8.870647,-8.002130,35.891542,37.892684,35.306298,21.034752
1783943552074,62.780000,18.828540,-9.337953,-8.453707,27.282247,31.447684,28.934932,20.511190
1783943552094,62.800000,14.870766,-9.764602,-8.912163,23.782929,21.975879,19.576562,18.864166
1783943552114,62.820000,2.646111,-10.148844,-9.373977,12.020088,10.447452,8.199494,15.913209
1783943552134,62.840000,-20.827507,-10.489071,-9.834928,-10.992579,-1.301659,-3.362994,11.593413
1783943552154,62.860000,-27.495062,-10.783830,-10.290139,-17.204923,-11.099303,-12.941986,5.958054
1783943552174,62.880000,-33.715656,-11.031834,-10.734126,-22.981530,-17.424183,-19.019561,-0.826086
1783943552194,62.900000,-32.167740,-11.231974,-11.160872,-21.006868,-19.853098,-21.175475,-8.437163
1783943552214,62.920000,-42.983276,-11.383328,-11.563909,-31.419367,-18.880102,-19.905844,-16.322098
1783943552234,62.940000,-25.373087,-11.485172,-11.936423,-13.436664,-15.711492,-16.418161,-23.689108
1783943552254,62.960000,-22.086462,-11.536988,-12.271364,-9.815098,-11.837801,-12.204398,-29.626022
1783943552274,62.980000,-29.105623,-11.538471,-12.561573,-16.544050,-8.211577,-8.221376,-33.292686
1783943552294,63.000000,-29.752752,-11.489535,-12.914985,-16.837767,-5.066063,-4.711909,-34.131546
1783943552314,63.020000,-15.401488,-11.390322,-13.112594,-2.288894,-2.627520,-1.915505,-32.044080
1783943552334,63.040000,-14.579413,-11.241198,-13.244933,-1.334480,-1.346737,-0.294708,-27.425568
1783943552354,63.060000,-24.404648,-11.042763,-13.305402,-11.099246,-1.360518,0.006293,-21.010695
1783943552374,63.080000,-19.112831,-10.795846,-13.287987,-5.824844,-2.377887,-0.725694,-13.657684
1783943552394,63.100000,-20.966870,-10.501504,-13.187404,-7.779466,-4.105048,-2.199813,-6.212361
1783943552414,63.120000,-20.364489,-10.161024,-12.999230,-7.365259,-6.349932,-4.226827,0.570433
1783943552434,63.140000,-29.632954,-9.775913,-12.720023,-16.912931,-8.854958,-6.552192,6.117370
1783943552454,63.160000,-30.468640,-9.347894,-12.347428,-18.121212,-11.449560,-9.008398,10.101472
1783943552474,63.180000,-21.886799,-8.878898,-11.880261,-10.006538,-14.306348,-11.770760,12.434897
1783943552494,63.200000,-29.504086,-8.371055,-11.318572,-18.185514,-17.602801,-15.018758,13.237278
1783943552514,63.220000,-33.536873,-7.826681,-10.663685,-22.873188,-20.888399,-18.302936,12.806580
1783943552534,63.240000,-43.857975,-7.248265,-9.918214,-33.939761,-23.179178,-20.639354,11.539248
1783943552554,63.260000,-25.432945,-6.638457,-9.086050,-16.346895,-23.678089,-21.229937,9.802307
1783943552574,63.280000,-39.584570,-6.000050,-8.172322,-31.412248,-22.105876,-19.793401,7.866284
1783943552594,63.300000,-23.196095,-5.335960,-7.183333,-16.012762,-18.586209,-16.450470,5.949961
1783943552614,63.320000,-20.357460,-4.649213,-6.126464,-14.230996,-13.578306,-11.656591,4.291984
1783943552634,63.340000,-9.171913,-3.942921,-5.010069,-4.161844,-7.671950,-5.997050,3.161596
1783943552654,63.360000,-13.311756,-3.220259,-3.843331,-9.468425,-1.342788,0.057624,2.804609
1783943552674,63.380000,4.186272,-2.484452,-2.636110,6.822382,4.855801,5.959672,3.361800
1783943552694,63.400000,9.946920,-1.738743,-1.398781,11.345701,10.061699,10.852978,4.805990
1783943552714,63.420000,20.914547,-0.986379,-0.142047,21.056594,13.480594,13.949472,6.948367
1783943552734,63.440000,17.309520,-0.230583,1.123235,16.186285,15.054433,15.197450,9.505597
1783943552754,63.460000,14.713834,0.525463,2.386243,12.327591,15.576023,15.396026,12.142468
1783943552774,63.480000,13.755631,1.278643,3.636373,10.119258,15.938268,15.444235,14.452167
1783943552794,63.500000,26.065315,2.025929,4.863405,21.201910,16.227705,15.434436,15.960963
1783943552814,63.520000,29.915310,2.764393,6.057672,23.857638,15.747017,14.674698,16.251009
1783943552834,63.540000,22.435728,3.491235,7.210204,15.225524,13.914463,12.588124,15.142200
1783943552854,63.560000,19.053810,4.203797,8.312855,10.740955,10.810594,9.259478,12.758458
1783943552874,63.580000,24.139763,4.899576,9.358415,14.781348,6.948541,5.205391,9.409821
1783943552894,63.600000,7.614121,5.576245,10.340695,-2.726575,2.956927,1.057224,5.416365
1783943552914,63.620000,23.738377,6.231660,11.254594,12.483783,-0.564554,-2.583391,1.025904
1783943552934,63.640000,6.180682,6.863878,12.096134,-5.915452,-3.061723,-5.161154,-3.555633
1783943552954,63.660000,10.526734,7.471160,12.862484,-2.335750,-4.047716,-6.188891,-8.111970
1783943552974,63.680000,15.275980,8.051985,13.551949,1.724031,-3.381758,-5.526307,-12.403908
1783943552994,63.700000,15.735523,8.605056,14.163949,1.571574,-1.390380,-3.501165,-16.176895
1783943553014,63.720000,22.861258,9.129298,14.698967,8.162291,1.436776,-0.605028,-19.165768
1783943553034,63.740000,15.950171,9.623870,15.158491,0.791680,4.668917,2.728764,-21.113500
1783943553054,63.760000,27.982632,10.088162,15.544925,12.437707,7.781796,5.972874,-21.833847
1783943553074,63.780000,30.463200,10.521790,15.861506,14.601694,10.033417,8.381764,-21.284832
1783943553094,63.800000,38.951878,10.924602,16.112192,22.839686,10.901010,9.428768,-19.576937
1783943553114,63.820000,24.294167,11.296666,16.301553,7.992614,10.727872,9.453029,-16.925068
1783943553134,63.840000,18.920387,11.638267,16.434656,2.485731,10.502037,9.438279,-13.633365
1783943553154,63.860000,32.779816,11.949898,16.516947,16.262869,10.752610,9.909262,-10.123852
1783943553174,63.880000,29.590878,12.232252,16.554133,13.036745,11.040163,10.422234,-6.891269
1783943553194,63.900000,29.673195,12.486207,16.552069,13.121126,10.582865,10.191178,-4.334117
1783943553214,63.920000,27.784240,12.712816,16.516650,11.267590,8.961780,8.793185,-2.600769
1783943553234,63.940000,28.342882,12.913292,16.453718,11.889164,6.414925,6.462579,-1.597838
1783943553254,63.960000,10.792919,13.088992,16.368962,-5.576043,3.838303,4.092012,-1.133571
1783943553274,63.980000,15.138859,13.241402,16.267849,-1.128990,2.222597,2.669199,-1.062791
1783943553294,64.000000,14.184233,13.372114,16.155553,-1.971320,1.825753,2.449541,-1.340189
1783943553314,64.020000,23.961271,13.482817,16.036901,7.924370,2.086145,2.869309,-1.957161
1783943553334,64.040000,7.883797,13.575269,15.916330,-8.032533,2.298271,3.221346,-2.818328
1783943553354,64.060000,19.104145,13.651282,15.797856,3.306289,2.050345,3.092660,-3.690062
1783943553374,64.080000,14.325785,13.712703,15.685057,-1.359272,1.238598,2.378711,-4.283409
1783943553394,64.100000,4.968718,13.761392,15.581056,-10.612338,0.097957,1.314066,-4.386560
1783943553414,64.120000,9.146223,13.799206,15.488528,-6.342305,-1.001581,0.268749,-3.943643
1783943553434,64.140000,3.699838,13.827977,15.409699,-11.709861,-1.997738,-0.694589,-3.053981
1783943553454,64.160000,10.574509,13.849496,15.346363,-4.771854,-3.202213,-1.886960,-1.908764
1783943553474,64.180000,2.312546,13.865492,15.299896,-12.987349,-4.912105,-3.604507,-0.691731
1783943553494,64.200000,-1.342666,13.877620,15.271275,-16.613941,-7.081551,-5.800187,0.491654
1783943553514,64.220000,-0.144258,13.887444,15.261105,-15.405362,-9.390258,-8.152339,1.600954
1783943553534,64.240000,-11.107968,13.896419,15.269638,-26.377606,-11.503210,-10.324431,2.602153
1783943553554,64.260000,-5.607355,13.905885,15.296800,-20.904155,-13.315792,-12.210227,3.437101
1783943553574,64.280000,-5.493308,13.917051,15.342213,-20.835521,-15.017194,-13.997220,4.049322
1783943553594,64.300000,-13.049408,13.930986,15.405219,-28.454627,-16.785025,-15.861275,4.436256
1783943553614,64.320000,-13.269632,13.948613,15.484900,-28.754532,-18.551125,-17.732472,4.667168
1783943553634,64.340000,-13.341705,13.970706,15.580103,-28.921808,-20.146307,-19.439866,4.844427
1783943553654,64.360000,-17.793713,13.997877,15.689456,-33.483169,-21.443696,-20.854842,5.046401
1783943553674,64.380000,-16.876194,14.030586,15.811394,-32.687588,-22.399028,-21.931437,5.303667
1783943553694,64.400000,-16.530073,14.069132,15.944174,-32.474247,-23.101679,-22.757370,5.616253
1783943553714,64.420000,-6.891613,14.113661,16.085898,-22.977511,-23.571926,-23.351323,5.985833
1783943553734,64.440000,-14.132156,14.164167,16.234536,-30.366692,-23.205393,-23.107388,6.445933
1783943553754,64.460000,-24.371326,14.220500,16.387946,-40.759272,-20.679218,-20.701242,7.054796
1783943553774,64.480000,-9.095944,14.282370,16.543901,-25.639845,-15.016063,-15.154168,7.826715
1783943553794,64.500000,6.628987,14.349362,16.700112,-10.071125,-6.678933,-6.927876,8.689004
1783943553814,64.520000,12.373325,14.420943,16.854261,-4.480936,2.684209,2.330875,9.567562
1783943553834,64.540000,34.735370,14.496471,17.004023,17.731347,11.359827,10.909653,10.533994
1783943553854,64.560000,19.450990,14.575215,17.147099,2.303891,18.414009,17.875542,11.824738
1783943553874,64.580000,35.387962,14.656361,17.281245,18.106717,23.601711,22.984385,13.655337
1783943553894,64.600000,43.091820,14.739033,17.404302,25.687518,26.679172,25.993185,15.992329
1783943553914,64.620000,45.880720,14.822298,17.514225,28.366495,27.344135,26.600324,18.498869
1783943553934,64.640000,34.835846,14.905190,17.609111,17.226735,25.738492,24.948200,20.668356
1783943553954,64.660000,40.911106,14.986717,17.687224,23.223882,22.418676,21.593607,21.988272
1783943553974,64.680000,41.205710,15.065878,17.747021,23.458689,18.049892,17.201975,22.030317
1783943553994,64.700000,21.650887,15.141674,17.787170,3.863717,13.440785,12.582018,20.502941
1783943554014,64.720000,27.790790,15.213124,17.806573,9.984217,9.316990,8.459294,17.301285
1783943554034,64.740000,30.017760,15.279271,17.804379,12.213381,5.836197,4.991266,12.532321
1783943554054,64.760000,20.044376,15.339200,17.779993,2.264383,2.753148,1.932294,6.515995
1783943554074,64.780000,25.253807,15.392044,17.733086,7.520721,-0.063744,-0.849734,-0.231728
1783943554094,64.800000,18.274162,15.436993,17.663600,0.610562,-2.437898,-3.178903,-7.068449
1783943554114,64.820000,15.077661,15.473305,17.571743,-2.494081,-3.950849,-4.637552,-13.363292
1783943554134,64.840000,13.899603,15.500313,17.457987,-3.558384,-4.292042,-4.916048,-18.636316
1783943554154,64.860000,22.961588,15.517430,17.323058,5.638530,-3.652788,-4.206737,-22.615633
1783943554174,64.880000,16.124813,15.524157,17.167923,-1.043110,-2.650549,-3.128215,-25.201315
1783943554194,64.900000,24.383614,15.520085,16.993774,7.389840,-1.967551,-2.363918,-26.390924
1783943554214,64.920000,17.252312,15.504902,16.802008,0.450304,-2.123089,-2.434412,-26.238089
1783943554234,64.940000,22.869072,15.478393,16.594199,6.274873,-3.363454,-3.587301,-24.869148
1783943554254,64.960000,14.772976,15.440444,16.372083,-1.599107,-5.576502,-5.711775,-22.512716
1783943554274,64.980000,16.238005,15.391040,16.137519,0.100486,-8.267062,-8.313994,-19.494162
1783943554294,65.000000,13.596176,15.330269,15.892468,-2.296292,-10.593210,-10.553342,-16.191576
1783943554314,65.020000,13.255157,15.258317,15.638961,-2.383804,-11.387578,-11.263712,-12.967252
1783943554334,65.040000,11.855265,15.175470,15.379071,-3.523806,-9.265855,-9.061992,-10.095650
1783943554354,65.060000,12.602933,15.082106,15.114879,-2.511946,-3.099856,-2.821110,-7.716793
1783943554374,65.080000,9.701076,14.978695,14.848453,-5.147377,6.988607,7.336113,-5.834638
1783943554394,65.100000,22.569664,14.865794,14.581813,7.987851,18.354183,18.763436,-4.349189
1783943554414,65.120000,96.304090,14.744040,14.316911,81.987179,26.088029,26.551258,-3.041613
1783943554434,65.140000,45.918766,14.614145,14.055604,31.863162,26.529591,27.038413,-1.480163
1783943554454,65.160000,24.936718,14.476886,13.799635,11.137083,20.585588,21.131161,0.917736
1783943554474,65.180000,19.784323,14.333101,13.550612,6.233711,12.338117,12.911302,4.450491
1783943554494,65.200000,16.621319,14.183675,13.309992,3.311327,5.351550,5.943070,8.639836
1783943554514,65.220000,17.354782,14.029537,13.079073,4.275709,1.042964,1.643562,12.278260
1783943554534,65.240000,15.078236,13.871643,12.858984,2.219252,-0.849409,-0.248808,14.100883
1783943554554,65.260000,11.702709,13.710969,12.650681,-0.947972,-1.311780,-0.719930,13.484693
1783943554574,65.280000,10.461307,13.548502,12.454946,-1.993639,-1.417659,-0.842852,10.647827
1783943554594,65.300000,11.901196,13.385225,12.272391,-0.371195,-2.039269,-1.489215,6.396656
1783943554614,65.320000,9.886248,13.222112,12.103460,-2.217212,-3.555618,-3.037341,1.736585
1783943554634,65.340000,0.908809,13.060111,11.948440,-11.039632,-5.596402,-5.116151,-2.442880
1783943554654,65.360000,-3.006980,12.900140,11.807466,-14.814446,-7.271167,-6.834346,-5.558886
1783943554674,65.380000,-3.169740,12.743072,11.680532,-14.850272,-7.856904,-7.468017,-7.408287
1783943554694,65.400000,-1.326939,12.589731,11.567502,-12.894441,-7.291204,-6.953824,-8.111359
1783943554714,65.420000,-0.018995,12.440881,11.468122,-11.487118,-6.089406,-5.806154,-7.944202
1783943554734,65.440000,-5.241733,12.297219,11.382030,-16.623763,-4.994580,-4.767125,-7.160611
1783943554754,65.460000,3.620699,12.159371,11.308765,-7.688067,-4.731935,-4.560999,-5.912815
1783943554774,65.480000,-2.643265,12.027881,11.247782,-13.891047,-5.721325,-5.606703,-4.277328
1783943554794,65.500000,-4.297972,11.903215,11.198455,-15.496427,-7.691833,-7.632414,-2.318652
1783943554814,65.520000,-15.035111,11.785752,11.160094,-26.195205,-9.693086,-9.686899,-0.148400
1783943554834,65.540000,-6.282020,11.675783,11.131949,-17.413968,-10.616138,-10.660397,2.038088
1783943554854,65.560000,-16.380344,11.573512,11.113219,-27.493563,-9.671724,-9.762898,3.982967
1783943554874,65.580000,-6.125972,11.479057,11.103065,-17.229038,-6.606755,-6.740671,5.458452
1783943554894,65.600000,-4.907219,11.392451,11.100614,-16.007833,-1.787260,-1.959216,6.376308
1783943554914,65.620000,-1.291361,11.313644,11.104968,-12.396328,3.879315,3.674428,6.837055
1783943554934,65.640000,7.632569,11.242508,11.115217,-3.482647,9.114898,8.882508,7.090900
1783943554954,65.660000,19.124598,11.178843,11.130445,7.994153,12.666879,12.412744,7.447622
1783943554974,65.680000,6.844262,11.122384,11.149740,-4.305478,14.023407,13.753779,8.176791
1783943554994,65.700000,8.684997,11.072802,11.172206,-2.487209,13.658321,13.380273,9.401486
1783943555014,65.720000,9.352386,11.029721,11.196972,-1.844586,12.435705,12.157530,11.005116
1783943555034,65.740000,-0.544468,10.992716,11.223202,-11.767670,10.935250,10.666681,12.620628
1783943555054,65.760000,11.040311,10.961331,11.250110,-0.209799,9.129693,8.881497,13.751728
1783943555074,65.780000,10.200802,10.935078,11.276966,-1.076164,6.597877,6.380318,13.981038
1783943555094,65.800000,1.019425,10.913458,11.278855,-10.259430,3.296263,3.116457,13.137975
